t,host_monotonic_s,coordinate_frame,right_frame_counter,right_receive_monotonic_s,right_age_s,right_controller_valid,right_controller_pos_x,right_controller_pos_y,right_controller_pos_z,right_controller_quat_w,right_controller_quat_x,right_controller_quat_y,right_controller_quat_z,right_tcp_valid,right_tcp_pos_x,right_tcp_pos_y,right_tcp_pos_z,right_tcp_quat_w,right_tcp_quat_x,right_tcp_quat_y,right_tcp_quat_z,left_frame_counter,left_receive_monotonic_s,left_age_s,left_controller_valid,left_controller_pos_x,left_controller_pos_y,left_controller_pos_z,left_controller_quat_w,left_controller_quat_x,left_controller_quat_y,left_controller_quat_z,left_tcp_valid,left_tcp_pos_x,left_tcp_pos_y,left_tcp_pos_z,left_tcp_quat_w,left_tcp_quat_x,left_tcp_quat_y,left_tcp_quat_z
0.000000000,103894.561630291,vr_world,46569,103894.550589708,0.011041000,1,0.147578000,-0.204311000,-0.408001000,0.013136913,-0.233186722,0.967750239,-0.094397293,1,0.323790047,-0.274360027,-0.429585793,0.013136913,-0.233186722,0.967750239,-0.094397293,46652,103894.550589708,0.011041000,1,0.322368000,0.228668000,-0.424244000,0.094711012,-0.746053544,0.659098341,0.004828071,1,0.473853775,0.121981007,-0.466742954,0.094711012,-0.746053544,0.659098341,0.004828071
0.010204000,103894.571834291,vr_world,46569,103894.550589708,0.021245833,1,0.147578000,-0.204311000,-0.408001000,0.013136913,-0.233186722,0.967750239,-0.094397293,1,0.323790047,-0.274360027,-0.429585793,0.013136913,-0.233186722,0.967750239,-0.094397293,46652,103894.550589708,0.021245833,1,0.322368000,0.228668000,-0.424244000,0.094711012,-0.746053544,0.659098341,0.004828071,1,0.473853775,0.121981007,-0.466742954,0.094711012,-0.746053544,0.659098341,0.004828071
0.022431792,103894.584062083,vr_world,46570,103894.573066916,0.010996250,1,0.146234000,-0.206090000,-0.408116000,0.023316736,-0.231752034,0.968378569,-0.089388318,1,0.322736906,-0.276018456,-0.427614768,0.023316736,-0.231752034,0.968378569,-0.089388318,46653,103894.573066916,0.010996250,1,0.321840000,0.229459000,-0.427930000,0.090462090,-0.751157348,0.653733666,-0.014544525,1,0.475456331,0.123190641,-0.463218054,0.090462090,-0.751157348,0.653733666,-0.014544525
0.034752042,103894.596382333,vr_world,46570,103894.573066916,0.023316459,1,0.146234000,-0.206090000,-0.408116000,0.023316736,-0.231752034,0.968378569,-0.089388318,1,0.322736906,-0.276018456,-0.427614768,0.023316736,-0.231752034,0.968378569,-0.089388318,46653,103894.573066916,0.023316459,1,0.321840000,0.229459000,-0.427930000,0.090462090,-0.751157348,0.653733666,-0.014544525,1,0.475456331,0.123190641,-0.463218054,0.090462090,-0.751157348,0.653733666,-0.014544525
0.047084209,103894.608714500,vr_world,46571,103894.597031666,0.011683500,1,0.146918000,-0.206940000,-0.409238000,0.022702444,-0.242782359,0.965687978,-0.089375920,1,0.324889857,-0.272904883,-0.429190619,0.022702444,-0.242782359,0.965687978,-0.089375920,46654,103894.597031666,0.011683500,1,0.322363000,0.231738000,-0.429166000,0.083565041,-0.750306597,0.655453999,-0.020903330,1,0.475447865,0.124062165,-0.462439882,0.083565041,-0.750306597,0.655453999,-0.020903330
0.058021167,103894.619651458,vr_world,46571,103894.597031666,0.022620375,1,0.146918000,-0.206940000,-0.409238000,0.022702444,-0.242782359,0.965687978,-0.089375920,1,0.324889857,-0.272904883,-0.429190619,0.022702444,-0.242782359,0.965687978,-0.089375920,46654,103894.597031666,0.022620375,1,0.322363000,0.231738000,-0.429166000,0.083565041,-0.750306597,0.655453999,-0.020903330,1,0.475447865,0.124062165,-0.462439882,0.083565041,-0.750306597,0.655453999,-0.020903330
0.069171959,103894.630802250,vr_world,46572,103894.620206250,0.010596291,1,0.149284000,-0.205439000,-0.407009000,0.006923067,-0.250573250,0.964233215,-0.086136078,1,0.327340708,-0.269121183,-0.432773058,0.006923067,-0.250573250,0.964233215,-0.086136078,46655,103894.620206250,0.010596291,1,0.322813000,0.230265000,-0.425646000,0.074631947,-0.748764502,0.658580267,-0.007336553,1,0.474206201,0.122027184,-0.464387239,0.074631947,-0.748764502,0.658580267,-0.007336553
0.080842334,103894.642472625,vr_world,46572,103894.620206250,0.022266625,1,0.149284000,-0.205439000,-0.407009000,0.006923067,-0.250573250,0.964233215,-0.086136078,1,0.327340708,-0.269121183,-0.432773058,0.006923067,-0.250573250,0.964233215,-0.086136078,46655,103894.620206250,0.022266625,1,0.322813000,0.230265000,-0.425646000,0.074631947,-0.748764502,0.658580267,-0.007336553,1,0.474206201,0.122027184,-0.464387239,0.074631947,-0.748764502,0.658580267,-0.007336553
0.091214375,103894.652844666,vr_world,46573,103894.643731875,0.009113250,1,0.149273000,-0.205026000,-0.409056000,0.006297973,-0.245555822,0.964743244,-0.094515331,1,0.326767645,-0.270919812,-0.433078354,0.006297973,-0.245555822,0.964743244,-0.094515331,46656,103894.643731875,0.009113250,1,0.322524000,0.229755000,-0.427296000,0.084517617,-0.749482843,0.656454691,-0.014123673,1,0.475144564,0.122226420,-0.463083889,0.084517617,-0.749482843,0.656454691,-0.014123673
0.102338959,103894.663969250,vr_world,46573,103894.643731875,0.020237750,1,0.149273000,-0.205026000,-0.409056000,0.006297973,-0.245555822,0.964743244,-0.094515331,1,0.326767645,-0.270919812,-0.433078354,0.006297973,-0.245555822,0.964743244,-0.094515331,46656,103894.643731875,0.020237750,1,0.322524000,0.229755000,-0.427296000,0.084517617,-0.749482843,0.656454691,-0.014123673,1,0.475144564,0.122226420,-0.463083889,0.084517617,-0.749482843,0.656454691,-0.014123673
0.113270500,103894.674900791,vr_world,46574,103894.667046791,0.007854417,1,0.150458000,-0.203742000,-0.407322000,0.001666246,0.242992680,-0.965478863,0.093820819,1,0.327114699,-0.270901276,-0.433882173,0.001666246,0.242992680,-0.965478863,0.093820819,46657,103894.667046791,0.007854417,1,0.321353000,0.228813000,-0.429236000,0.091799798,-0.749555045,0.655264103,-0.019209030,1,0.474708069,0.121617209,-0.462814647,0.091799798,-0.749555045,0.655264103,-0.019209030
0.125371375,103894.687001666,vr_world,46574,103894.667046791,0.019955500,1,0.150458000,-0.203742000,-0.407322000,0.001666246,0.242992680,-0.965478863,0.093820819,1,0.327114699,-0.270901276,-0.433882173,0.001666246,0.242992680,-0.965478863,0.093820819,46657,103894.667046791,0.019955500,1,0.321353000,0.228813000,-0.429236000,0.091799798,-0.749555045,0.655264103,-0.019209030,1,0.474708069,0.121617209,-0.462814647,0.091799798,-0.749555045,0.655264103,-0.019209030
0.137725042,103894.699355333,vr_world,46575,103894.690400250,0.008955791,1,0.149626000,-0.203415000,-0.408507000,0.003373218,-0.242473260,0.964835180,-0.101431824,1,0.326639153,-0.270833308,-0.431842854,0.003373218,-0.242473260,0.964835180,-0.101431824,46658,103894.690400250,0.008955791,1,0.322094000,0.229208000,-0.427045000,0.093103152,-0.748035956,0.657020605,-0.009896250,1,0.474700083,0.122086289,-0.464092968,0.093103152,-0.748035956,0.657020605,-0.009896250
0.148530500,103894.710160791,vr_world,46575,103894.690400250,0.019761375,1,0.149626000,-0.203415000,-0.408507000,0.003373218,-0.242473260,0.964835180,-0.101431824,1,0.326639153,-0.270833308,-0.431842854,0.003373218,-0.242473260,0.964835180,-0.101431824,46658,103894.690400250,0.019761375,1,0.322094000,0.229208000,-0.427045000,0.093103152,-0.748035956,0.657020605,-0.009896250,1,0.474700083,0.122086289,-0.464092968,0.093103152,-0.748035956,0.657020605,-0.009896250
0.160880334,103894.722510625,vr_world,46576,103894.712507625,0.010003500,1,0.149085000,-0.203866000,-0.408519000,0.003260483,-0.242964051,0.965087387,-0.097796602,1,0.326104264,-0.270971408,-0.432694746,0.003260483,-0.242964051,0.965087387,-0.097796602,46659,103894.712507625,0.010003500,1,0.322968000,0.229725000,-0.427060000,0.088386100,-0.745261309,0.660782563,-0.011827226,1,0.474377564,0.120792913,-0.463736550,0.088386100,-0.745261309,0.660782563,-0.011827226
0.172415209,103894.734045500,vr_world,46576,103894.712507625,0.021538208,1,0.149085000,-0.203866000,-0.408519000,0.003260483,-0.242964051,0.965087387,-0.097796602,1,0.326104264,-0.270971408,-0.432694746,0.003260483,-0.242964051,0.965087387,-0.097796602,46659,103894.712507625,0.021538208,1,0.322968000,0.229725000,-0.427060000,0.088386100,-0.745261309,0.660782563,-0.011827226,1,0.474377564,0.120792913,-0.463736550,0.088386100,-0.745261309,0.660782563,-0.011827226
0.183613000,103894.745243291,vr_world,46577,103894.738359583,0.006884042,1,0.148171000,-0.204746000,-0.409284000,0.010015751,-0.243014706,0.964907620,-0.098978902,1,0.325603594,-0.271563719,-0.431113244,0.010015751,-0.243014706,0.964907620,-0.098978902,46660,103894.738359583,0.006884042,1,0.324558000,0.231231000,-0.426065000,0.090531539,-0.737116092,0.669562482,-0.012247054,1,0.473402921,0.118872097,-0.462900709,0.090531539,-0.737116092,0.669562482,-0.012247054
0.194665584,103894.756295875,vr_world,46577,103894.738359583,0.017936708,1,0.148171000,-0.204746000,-0.409284000,0.010015751,-0.243014706,0.964907620,-0.098978902,1,0.325603594,-0.271563719,-0.431113244,0.010015751,-0.243014706,0.964907620,-0.098978902,46660,103894.738359583,0.017936708,1,0.324558000,0.231231000,-0.426065000,0.090531539,-0.737116092,0.669562482,-0.012247054,1,0.473402921,0.118872097,-0.462900709,0.090531539,-0.737116092,0.669562482,-0.012247054
0.206757875,103894.768388166,vr_world,46578,103894.760126458,0.008262083,1,0.146800000,-0.205449000,-0.410218000,0.014335882,-0.242104559,0.965406032,-0.095765644,1,0.324309844,-0.272277359,-0.431377116,0.014335882,-0.242104559,0.965406032,-0.095765644,46661,103894.760126458,0.008262083,1,0.324704000,0.231161000,-0.423065000,0.094305278,-0.736793383,0.669502532,-0.002895656,1,0.473374826,0.119715151,-0.463227410,0.094305278,-0.736793383,0.669502532,-0.002895656
0.219141750,103894.780772041,vr_world,46578,103894.760126458,0.020645917,1,0.146800000,-0.205449000,-0.410218000,0.014335882,-0.242104559,0.965406032,-0.095765644,1,0.324309844,-0.272277359,-0.431377116,0.014335882,-0.242104559,0.965406032,-0.095765644,46661,103894.760126458,0.020645917,1,0.324704000,0.231161000,-0.423065000,0.094305278,-0.736793383,0.669502532,-0.002895656,1,0.473374826,0.119715151,-0.463227410,0.094305278,-0.736793383,0.669502532,-0.002895656
0.231389792,103894.793020083,vr_world,46579,103894.782721375,0.010300166,1,0.146316000,-0.205414000,-0.409958000,0.021588989,-0.238586880,0.966799944,-0.088927407,1,0.323665409,-0.272931764,-0.430254805,0.021588989,-0.238586880,0.966799944,-0.088927407,46662,103894.782721375,0.010300166,1,0.325890000,0.231147000,-0.416635000,0.093922595,-0.733809228,0.672795263,0.007006932,1,0.473120099,0.119226582,-0.460604635,0.093922595,-0.733809228,0.672795263,0.007006932
0.243452125,103894.805082416,vr_world,46579,103894.782721375,0.022361958,1,0.146316000,-0.205414000,-0.409958000,0.021588989,-0.238586880,0.966799944,-0.088927407,1,0.323665409,-0.272931764,-0.430254805,0.021588989,-0.238586880,0.966799944,-0.088927407,46662,103894.782721375,0.022361958,1,0.325890000,0.231147000,-0.416635000,0.093922595,-0.733809228,0.672795263,0.007006932,1,0.473120099,0.119226582,-0.460604635,0.093922595,-0.733809228,0.672795263,0.007006932
0.255782292,103894.817412583,vr_world,46580,103894.805732000,0.011681166,1,0.147321000,-0.207709000,-0.411513000,0.024824849,-0.240044291,0.965427944,-0.098546180,1,0.325114967,-0.274907485,-0.428749606,0.024824849,-0.240044291,0.965427944,-0.098546180,46663,103894.805732000,0.011681166,1,0.328208000,0.231949000,-0.408677000,0.091042333,-0.726722093,0.680836688,0.006906351,1,0.472781838,0.116779327,-0.453068438,0.091042333,-0.726722093,0.680836688,0.006906351
0.266659334,103894.828289625,vr_world,46580,103894.805732000,0.022558250,1,0.147321000,-0.207709000,-0.411513000,0.024824849,-0.240044291,0.965427944,-0.098546180,1,0.325114967,-0.274907485,-0.428749606,0.024824849,-0.240044291,0.965427944,-0.098546180,46663,103894.805732000,0.022558250,1,0.328208000,0.231949000,-0.408677000,0.091042333,-0.726722093,0.680836688,0.006906351,1,0.472781838,0.116779327,-0.453068438,0.091042333,-0.726722093,0.680836688,0.006906351
0.277328542,103894.838958833,vr_world,46581,103894.828900708,0.010058750,1,0.147428000,-0.209991000,-0.407935000,0.011031687,-0.242190232,0.966704198,-0.081885205,1,0.324586364,-0.276353326,-0.433121882,0.011031687,-0.242190232,0.966704198,-0.081885205,46664,103894.828900708,0.010058750,1,0.331822000,0.232537000,-0.402865000,0.079829355,-0.714448964,0.695117178,0.001435722,1,0.471417914,0.110971249,-0.446119696,0.079829355,-0.714448964,0.695117178,0.001435722
0.289688750,103894.851319041,vr_world,46581,103894.828900708,0.022418667,1,0.147428000,-0.209991000,-0.407935000,0.011031687,-0.242190232,0.966704198,-0.081885205,1,0.324586364,-0.276353326,-0.433121882,0.011031687,-0.242190232,0.966704198,-0.081885205,46664,103894.828900708,0.022418667,1,0.331822000,0.232537000,-0.402865000,0.079829355,-0.714448964,0.695117178,0.001435722,1,0.471417914,0.110971249,-0.446119696,0.079829355,-0.714448964,0.695117178,0.001435722
0.300169042,103894.861799333,vr_world,46582,103894.851888416,0.009911209,1,0.147261000,-0.215032000,-0.406608000,0.019316411,-0.257392921,0.963067518,-0.076659738,1,0.326757500,-0.275250472,-0.430653757,0.019316411,-0.257392921,0.963067518,-0.076659738,46665,103894.851888416,0.009911209,1,0.337848000,0.232247000,-0.392059000,0.072563827,-0.691730405,0.718498519,0.001848195,1,0.468619493,0.101627884,-0.436485133,0.072563827,-0.691730405,0.718498519,0.001848195
0.312549000,103894.874179291,vr_world,46582,103894.851888416,0.022291375,1,0.147261000,-0.215032000,-0.406608000,0.019316411,-0.257392921,0.963067518,-0.076659738,1,0.326757500,-0.275250472,-0.430653757,0.019316411,-0.257392921,0.963067518,-0.076659738,46665,103894.851888416,0.022291375,1,0.337848000,0.232247000,-0.392059000,0.072563827,-0.691730405,0.718498519,0.001848195,1,0.468619493,0.101627884,-0.436485133,0.072563827,-0.691730405,0.718498519,0.001848195
0.324933792,103894.886564083,vr_world,46583,103894.874971208,0.011593375,1,0.148879000,-0.220910000,-0.401689000,0.015317150,-0.268690960,0.961793656,-0.050234608,1,0.329056026,-0.275695710,-0.432644088,0.015317150,-0.268690960,0.961793656,-0.050234608,46666,103894.874971208,0.011593375,1,0.345052000,0.228201000,-0.379916000,0.065062433,-0.676752374,0.733254030,0.010565572,1,0.469252062,0.092596521,-0.428103108,0.065062433,-0.676752374,0.733254030,0.010565572
0.335992292,103894.897622583,vr_world,46583,103894.874971208,0.022651667,1,0.148879000,-0.220910000,-0.401689000,0.015317150,-0.268690960,0.961793656,-0.050234608,1,0.329056026,-0.275695710,-0.432644088,0.015317150,-0.268690960,0.961793656,-0.050234608,46666,103894.874971208,0.022651667,1,0.345052000,0.228201000,-0.379916000,0.065062433,-0.676752374,0.733254030,0.010565572,1,0.469252062,0.092596521,-0.428103108,0.065062433,-0.676752374,0.733254030,0.010565572
0.348363125,103894.909993416,vr_world,46584,103894.898198333,0.011795417,1,0.149815000,-0.225089000,-0.398827000,0.015816820,-0.272502232,0.961159935,-0.040791439,1,0.330280233,-0.277848597,-0.431571003,0.015816820,-0.272502232,0.961159935,-0.040791439,46667,103894.898198333,0.011795417,1,0.350730000,0.224790000,-0.371191000,0.062026439,-0.669660974,0.739610802,0.026129722,1,0.471271767,0.088112818,-0.425276737,0.062026439,-0.669660974,0.739610802,0.026129722
0.360525667,103894.922155958,vr_world,46585,103894.921266125,0.000890416,1,0.152421000,-0.232301000,-0.393939000,0.022507356,-0.278670112,0.959823925,-0.023967077,1,0.333690054,-0.281398404,-0.427916157,0.022507356,-0.278670112,0.959823925,-0.023967077,46668,103894.921266125,0.000890416,1,0.360191000,0.219907000,-0.358136000,0.056686070,-0.646821175,0.759315550,0.042999454,1,0.470705586,0.077674298,-0.418902996,0.056686070,-0.646821175,0.759315550,0.042999454
0.372929125,103894.934559416,vr_world,46585,103894.921266125,0.013293708,1,0.152421000,-0.232301000,-0.393939000,0.022507356,-0.278670112,0.959823925,-0.023967077,1,0.333690054,-0.281398404,-0.427916157,0.022507356,-0.278670112,0.959823925,-0.023967077,46668,103894.921266125,0.013293708,1,0.360191000,0.219907000,-0.358136000,0.056686070,-0.646821175,0.759315550,0.042999454,1,0.470705586,0.077674298,-0.418902996,0.056686070,-0.646821175,0.759315550,0.042999454
0.385343042,103894.946973333,vr_world,46586,103894.944032833,0.002940833,1,0.156199000,-0.240319000,-0.388671000,0.027547332,-0.289471437,0.956735958,-0.010185187,1,0.338607735,-0.284187688,-0.423685532,0.027547332,-0.289471437,0.956735958,-0.010185187,46669,103894.944032833,0.002940833,1,0.369071000,0.213882000,-0.346533000,0.056899060,-0.626386882,0.775511924,0.054618921,1,0.471111738,0.067450155,-0.411966916,0.056899060,-0.626386882,0.775511924,0.054618921
0.397738959,103894.959369250,vr_world,46586,103894.944032833,0.015336958,1,0.156199000,-0.240319000,-0.388671000,0.027547332,-0.289471437,0.956735958,-0.010185187,1,0.338607735,-0.284187688,-0.423685532,0.027547332,-0.289471437,0.956735958,-0.010185187,46669,103894.944032833,0.015336958,1,0.369071000,0.213882000,-0.346533000,0.056899060,-0.626386882,0.775511924,0.054618921,1,0.471111738,0.067450155,-0.411966916,0.056899060,-0.626386882,0.775511924,0.054618921
0.407916584,103894.969546875,vr_world,46587,103894.966800208,0.002747875,1,0.158990000,-0.245001000,-0.384773000,0.027212766,-0.291993865,0.956032971,-0.000078998,1,0.341413167,-0.287130617,-0.421790609,0.027212766,-0.291993865,0.956032971,-0.000078998,46670,103894.966800208,0.002747875,1,0.374973000,0.209877000,-0.341509000,0.053688702,-0.616929909,0.783286386,0.054565999,1,0.473010449,0.060783745,-0.407053359,0.053688702,-0.616929909,0.783286386,0.054565999
0.420243250,103894.981873541,vr_world,46587,103894.966800208,0.015074417,1,0.158990000,-0.245001000,-0.384773000,0.027212766,-0.291993865,0.956032971,-0.000078998,1,0.341413167,-0.287130617,-0.421790609,0.027212766,-0.291993865,0.956032971,-0.000078998,46670,103894.966800208,0.015074417,1,0.374973000,0.209877000,-0.341509000,0.053688702,-0.616929909,0.783286386,0.054565999,1,0.473010449,0.060783745,-0.407053359,0.053688702,-0.616929909,0.783286386,0.054565999
0.431995000,103894.993625291,vr_world,46588,103894.989641208,0.003984708,1,0.163423000,-0.253327000,-0.379774000,0.034113540,-0.299347657,0.953431319,0.013998808,1,0.346691453,-0.291331725,-0.417080553,0.034113540,-0.299347657,0.953431319,0.013998808,46671,103894.989641208,0.003984708,1,0.386277000,0.202971000,-0.331306000,0.041405623,-0.593236598,0.801645716,0.060992290,1,0.473421379,0.048225343,-0.399098487,0.041405623,-0.593236598,0.801645716,0.060992290
0.444377459,103895.006007750,vr_world,46588,103894.989641208,0.016367083,1,0.163423000,-0.253327000,-0.379774000,0.034113540,-0.299347657,0.953431319,0.013998808,1,0.346691453,-0.291331725,-0.417080553,0.034113540,-0.299347657,0.953431319,0.013998808,46671,103894.989641208,0.016367083,1,0.386277000,0.202971000,-0.331306000,0.041405623,-0.593236598,0.801645716,0.060992290,1,0.473421379,0.048225343,-0.399098487,0.041405623,-0.593236598,0.801645716,0.060992290
0.455995000,103895.017625291,vr_world,46589,103895.012893250,0.004732416,1,0.169010000,-0.262905000,-0.374230000,0.041386812,-0.310966458,0.949044296,0.030031943,1,0.353360620,-0.294906428,-0.411836048,0.041386812,-0.310966458,0.949044296,0.030031943,46672,103895.012893250,0.004732416,1,0.399015000,0.194709000,-0.321958000,0.021780719,-0.567123969,0.820208480,0.071791738,1,0.473215229,0.034649678,-0.392750025,0.021780719,-0.567123969,0.820208480,0.071791738
0.468395667,103895.030025958,vr_world,46589,103895.012893250,0.017133208,1,0.169010000,-0.262905000,-0.374230000,0.041386812,-0.310966458,0.949044296,0.030031943,1,0.353360620,-0.294906428,-0.411836048,0.041386812,-0.310966458,0.949044296,0.030031943,46672,103895.012893250,0.017133208,1,0.399015000,0.194709000,-0.321958000,0.021780719,-0.567123969,0.820208480,0.071791738,1,0.473215229,0.034649678,-0.392750025,0.021780719,-0.567123969,0.820208480,0.071791738
0.480776542,103895.042406833,vr_world,46590,103895.036367083,0.006040333,1,0.173350000,-0.269840000,-0.371726000,0.041931633,-0.321704760,0.944759900,0.046653151,1,0.358089103,-0.296125608,-0.411775781,0.041931633,-0.321704760,0.944759900,0.046653151,46673,103895.036367083,0.006040333,1,0.407483000,0.188542000,-0.318429000,0.007600790,-0.553190307,0.829111094,0.080607106,1,0.474196572,0.026165669,-0.391363436,0.007600790,-0.553190307,0.829111094,0.080607106
0.491226292,103895.052856583,vr_world,46590,103895.036367083,0.016498625,1,0.173350000,-0.269840000,-0.371726000,0.041931633,-0.321704760,0.944759900,0.046653151,1,0.358089103,-0.296125608,-0.411775781,0.041931633,-0.321704760,0.944759900,0.046653151,46673,103895.036367083,0.016498625,1,0.407483000,0.188542000,-0.318429000,0.007600790,-0.553190307,0.829111094,0.080607106,1,0.474196572,0.026165669,-0.391363436,0.007600790,-0.553190307,0.829111094,0.080607106
0.503631459,103895.065261750,vr_world,46591,103895.059788250,0.005473916,1,0.181185000,-0.281729000,-0.368049000,0.051144958,-0.340904688,0.935970416,0.071607034,1,0.366997461,-0.297906601,-0.408489986,0.051144958,-0.340904688,0.935970416,0.071607034,46674,103895.059788250,0.005473916,1,0.421892000,0.178940000,-0.312330000,0.014820846,0.525548562,-0.845582916,-0.092566645,1,0.474605741,0.012428207,-0.387371838,0.014820846,0.525548562,-0.845582916,-0.092566645
0.516019792,103895.077650083,vr_world,46591,103895.059788250,0.017862541,1,0.181185000,-0.281729000,-0.368049000,0.051144958,-0.340904688,0.935970416,0.071607034,1,0.366997461,-0.297906601,-0.408489986,0.051144958,-0.340904688,0.935970416,0.071607034,46674,103895.059788250,0.017862541,1,0.421892000,0.178940000,-0.312330000,0.014820846,0.525548562,-0.845582916,-0.092566645,1,0.474605741,0.012428207,-0.387371838,0.014820846,0.525548562,-0.845582916,-0.092566645
0.527997209,103895.089627500,vr_world,46592,103895.083736375,0.005891625,1,0.191538000,-0.295307000,-0.363603000,0.053055797,-0.364218824,0.923819007,0.105300395,1,0.377261266,-0.298552044,-0.407417826,0.053055797,-0.364218824,0.923819007,0.105300395,46675,103895.083736375,0.005891625,1,0.437030000,0.168416000,-0.307523000,0.042752319,0.495612861,-0.861687123,-0.100177015,1,0.474663886,-0.002448875,-0.381854148,0.042752319,0.495612861,-0.861687123,-0.100177015
0.540405584,103895.102035875,vr_world,46592,103895.083736375,0.018300583,1,0.191538000,-0.295307000,-0.363603000,0.053055797,-0.364218824,0.923819007,0.105300395,1,0.377261266,-0.298552044,-0.407417826,0.053055797,-0.364218824,0.923819007,0.105300395,46675,103895.083736375,0.018300583,1,0.437030000,0.168416000,-0.307523000,0.042752319,0.495612861,-0.861687123,-0.100177015,1,0.474663886,-0.002448875,-0.381854148,0.042752319,0.495612861,-0.861687123,-0.100177015
0.551404917,103895.113035208,vr_world,46593,103895.107041541,0.005994334,1,0.198873000,-0.303093000,-0.362099000,0.047941796,-0.380233963,0.915014151,0.125987380,1,0.383626514,-0.297476683,-0.409618057,0.047941796,-0.380233963,0.915014151,0.125987380,46676,103895.107041541,0.005994334,1,0.444101000,0.160756000,-0.306738000,0.055462021,0.486578455,-0.865893110,-0.101953387,1,0.476904337,-0.011543125,-0.380040051,0.055462021,0.486578455,-0.865893110,-0.101953387
0.563757792,103895.125388083,vr_world,46593,103895.107041541,0.018347834,1,0.198873000,-0.303093000,-0.362099000,0.047941796,-0.380233963,0.915014151,0.125987380,1,0.383626514,-0.297476683,-0.409618057,0.047941796,-0.380233963,0.915014151,0.125987380,46676,103895.107041541,0.018347834,1,0.444101000,0.160756000,-0.306738000,0.055462021,0.486578455,-0.865893110,-0.101953387,1,0.476904337,-0.011543125,-0.380040051,0.055462021,0.486578455,-0.865893110,-0.101953387
0.574558500,103895.136188791,vr_world,46594,103895.130319416,0.005870084,1,0.210566000,-0.316275000,-0.360475000,0.047981811,-0.400100579,0.901564670,0.157475135,1,0.393884111,-0.298636733,-0.410543225,0.047981811,-0.400100579,0.901564670,0.157475135,46677,103895.130319416,0.005870084,1,0.458712000,0.147906000,-0.304865000,0.072384441,0.461274552,-0.877246559,-0.111466386,1,0.479302416,-0.026170616,-0.378414789,0.072384441,0.461274552,-0.877246559,-0.111466386
0.586662959,103895.148293250,vr_world,46594,103895.130319416,0.017974542,1,0.210566000,-0.316275000,-0.360475000,0.047981811,-0.400100579,0.901564670,0.157475135,1,0.393884111,-0.298636733,-0.410543225,0.047981811,-0.400100579,0.901564670,0.157475135,46677,103895.130319416,0.017974542,1,0.458712000,0.147906000,-0.304865000,0.072384441,0.461274552,-0.877246559,-0.111466386,1,0.479302416,-0.026170616,-0.378414789,0.072384441,0.461274552,-0.877246559,-0.111466386
0.599060959,103895.160691250,vr_world,46595,103895.153764625,0.006927083,1,0.222609000,-0.328518000,-0.359985000,0.050697247,-0.415516037,0.888322116,0.188838638,1,0.404284469,-0.300361877,-0.411216357,0.050697247,-0.415516037,0.888322116,0.188838638,46678,103895.153764625,0.006927083,1,0.473874000,0.133667000,-0.304025000,0.086061756,0.434869746,-0.887476025,-0.125968183,1,0.481797402,-0.040690963,-0.379342756,0.086061756,0.434869746,-0.887476025,-0.125968183
0.611476792,103895.173107083,vr_world,46595,103895.153764625,0.019343000,1,0.222609000,-0.328518000,-0.359985000,0.050697247,-0.415516037,0.888322116,0.188838638,1,0.404284469,-0.300361877,-0.411216357,0.050697247,-0.415516037,0.888322116,0.188838638,46678,103895.153764625,0.019343000,1,0.473874000,0.133667000,-0.304025000,0.086061756,0.434869746,-0.887476025,-0.125968183,1,0.481797402,-0.040690963,-0.379342756,0.086061756,0.434869746,-0.887476025,-0.125968183
0.623888334,103895.185518625,vr_world,46596,103895.177322083,0.008196917,1,0.236098000,-0.338370000,-0.360473000,0.046699921,-0.420968688,0.881160107,0.210146012,1,0.416017341,-0.304789510,-0.414554480,0.046699921,-0.420968688,0.881160107,0.210146012,46679,103895.177322083,0.008196917,1,0.485396000,0.117700000,-0.304557000,0.090456872,0.433253048,-0.886007069,-0.138205730,1,0.491399191,-0.055291577,-0.383132527,0.090456872,0.433253048,-0.886007069,-0.138205730
0.636297584,103895.197927875,vr_world,46596,103895.177322083,0.020606125,1,0.236098000,-0.338370000,-0.360473000,0.046699921,-0.420968688,0.881160107,0.210146012,1,0.416017341,-0.304789510,-0.414554480,0.046699921,-0.420968688,0.881160107,0.210146012,46679,103895.177322083,0.020606125,1,0.485396000,0.117700000,-0.304557000,0.090456872,0.433253048,-0.886007069,-0.138205730,1,0.491399191,-0.055291577,-0.383132527,0.090456872,0.433253048,-0.886007069,-0.138205730
0.646757667,103895.208387958,vr_world,46597,103895.202141958,0.006246417,1,0.244313000,-0.344474000,-0.362348000,0.041014347,-0.425444306,0.877272381,0.218421922,1,0.422914604,-0.307717643,-0.418685210,0.041014347,-0.425444306,0.877272381,0.218421922,46680,103895.202141958,0.006246417,1,0.490733000,0.108224000,-0.305054000,0.082803151,0.443939508,-0.878928634,-0.153446433,1,0.500364313,-0.061539697,-0.390046642,0.082803151,0.443939508,-0.878928634,-0.153446433
0.657889417,103895.219519708,vr_world,46597,103895.202141958,0.017378292,1,0.244313000,-0.344474000,-0.362348000,0.041014347,-0.425444306,0.877272381,0.218421922,1,0.422914604,-0.307717643,-0.418685210,0.041014347,-0.425444306,0.877272381,0.218421922,46680,103895.202141958,0.017378292,1,0.490733000,0.108224000,-0.305054000,0.082803151,0.443939508,-0.878928634,-0.153446433,1,0.500364313,-0.061539697,-0.390046642,0.082803151,0.443939508,-0.878928634,-0.153446433
0.669333084,103895.230963375,vr_world,46598,103895.224710458,0.006253250,1,0.258776000,-0.357241000,-0.364131000,0.035982721,-0.440554557,0.861684368,0.249232774,1,0.433929267,-0.309418986,-0.422934317,0.035982721,-0.440554557,0.861684368,0.249232774,46681,103895.224710458,0.006253250,1,0.503759000,0.092289100,-0.307291000,0.087169992,0.433146656,-0.880824582,-0.170098272,1,0.507446848,-0.075617435,-0.396341465,0.087169992,0.433146656,-0.880824582,-0.170098272
0.681065834,103895.242696125,vr_world,46598,103895.224710458,0.017986042,1,0.258776000,-0.357241000,-0.364131000,0.035982721,-0.440554557,0.861684368,0.249232774,1,0.433929267,-0.309418986,-0.422934317,0.035982721,-0.440554557,0.861684368,0.249232774,46681,103895.224710458,0.017986042,1,0.503759000,0.092289100,-0.307291000,0.087169992,0.433146656,-0.880824582,-0.170098272,1,0.507446848,-0.075617435,-0.396341465,0.087169992,0.433146656,-0.880824582,-0.170098272
0.693342250,103895.254972541,vr_world,46599,103895.248478083,0.006495000,1,0.272453000,-0.366446000,-0.365251000,0.028945261,-0.443505629,0.850942425,0.279931987,1,0.444326466,-0.311957440,-0.427812621,0.028945261,-0.443505629,0.850942425,0.279931987,46682,103895.248478083,0.006495000,1,0.519083000,0.076507900,-0.309900000,0.104486510,0.398875851,-0.890722844,-0.191294117,1,0.506302962,-0.089923998,-0.400857611,0.104486510,0.398875851,-0.890722844,-0.191294117
0.705689125,103895.267319416,vr_world,46599,103895.248478083,0.018841708,1,0.272453000,-0.366446000,-0.365251000,0.028945261,-0.443505629,0.850942425,0.279931987,1,0.444326466,-0.311957440,-0.427812621,0.028945261,-0.443505629,0.850942425,0.279931987,46682,103895.248478083,0.018841708,1,0.519083000,0.076507900,-0.309900000,0.104486510,0.398875851,-0.890722844,-0.191294117,1,0.506302962,-0.089923998,-0.400857611,0.104486510,0.398875851,-0.890722844,-0.191294117
0.718033834,103895.279664125,vr_world,46600,103895.271826291,0.007838209,1,0.278897000,-0.370450000,-0.367910000,0.032069914,-0.441826385,0.849433482,0.286746798,1,0.450829307,-0.315501894,-0.429905353,0.032069914,-0.441826385,0.849433482,0.286746798,46683,103895.271826291,0.007838209,1,0.525802000,0.067734300,-0.313262000,0.123002927,0.383399375,-0.893291857,-0.199762003,1,0.504902095,-0.098640638,-0.402809737,0.123002927,0.383399375,-0.893291857,-0.199762003
0.728922209,103895.290552500,vr_world,46600,103895.271826291,0.018726542,1,0.278897000,-0.370450000,-0.367910000,0.032069914,-0.441826385,0.849433482,0.286746798,1,0.450829307,-0.315501894,-0.429905353,0.032069914,-0.441826385,0.849433482,0.286746798,46683,103895.271826291,0.018726542,1,0.525802000,0.067734300,-0.313262000,0.123002927,0.383399375,-0.893291857,-0.199762003,1,0.504902095,-0.098640638,-0.402809737,0.123002927,0.383399375,-0.893291857,-0.199762003
0.741288959,103895.302919250,vr_world,46601,103895.294867375,0.008052333,1,0.292262000,-0.381300000,-0.373104000,0.036709798,-0.451730916,0.835723838,0.310092304,1,0.462180295,-0.318489220,-0.433153917,0.036709798,-0.451730916,0.835723838,0.310092304,46684,103895.294867375,0.008052333,1,0.536377000,0.050253900,-0.317281000,0.138733510,0.371436376,-0.890713733,-0.222299524,1,0.507769196,-0.113263271,-0.409909144,0.138733510,0.371436376,-0.890713733,-0.222299524
0.752363167,103895.313993458,vr_world,46601,103895.294867375,0.019126416,1,0.292262000,-0.381300000,-0.373104000,0.036709798,-0.451730916,0.835723838,0.310092304,1,0.462180295,-0.318489220,-0.433153917,0.036709798,-0.451730916,0.835723838,0.310092304,46684,103895.294867375,0.019126416,1,0.536377000,0.050253900,-0.317281000,0.138733510,0.371436376,-0.890713733,-0.222299524,1,0.507769196,-0.113263271,-0.409909144,0.138733510,0.371436376,-0.890713733,-0.222299524
0.764762542,103895.326392833,vr_world,46602,103895.319128250,0.007265125,1,0.306892000,-0.391571000,-0.376917000,0.037158900,-0.459906148,0.818377113,0.342584956,1,0.473358983,-0.319589891,-0.436338485,0.037158900,-0.459906148,0.818377113,0.342584956,46685,103895.319128250,0.007265125,1,0.545473000,0.033039900,-0.321134000,0.139675056,0.366350884,-0.886024776,-0.247463140,1,0.512612559,-0.125807341,-0.420249970,0.139675056,0.366350884,-0.886024776,-0.247463140
0.775997834,103895.337628125,vr_world,46602,103895.319128250,0.018500416,1,0.306892000,-0.391571000,-0.376917000,0.037158900,-0.459906148,0.818377113,0.342584956,1,0.473358983,-0.319589891,-0.436338485,0.037158900,-0.459906148,0.818377113,0.342584956,46685,103895.319128250,0.018500416,1,0.545473000,0.033039900,-0.321134000,0.139675056,0.366350884,-0.886024776,-0.247463140,1,0.512612559,-0.125807341,-0.420249970,0.139675056,0.366350884,-0.886024776,-0.247463140
0.787009625,103895.348639916,vr_world,46603,103895.342301666,0.006338584,1,0.312957000,-0.393521000,-0.378149000,0.026442164,-0.450353728,0.820252347,0.351665209,1,0.478071665,-0.322814360,-0.442656242,0.026442164,-0.450353728,0.820252347,0.351665209,46686,103895.342301666,0.006338584,1,0.550406000,0.024905500,-0.324435000,0.140798793,0.359859545,-0.885859430,-0.256768142,1,0.514218412,-0.132084534,-0.425334973,0.140798793,0.359859545,-0.885859430,-0.256768142
0.799401750,103895.361032041,vr_world,46603,103895.342301666,0.018730875,1,0.312957000,-0.393521000,-0.378149000,0.026442164,-0.450353728,0.820252347,0.351665209,1,0.478071665,-0.322814360,-0.442656242,0.026442164,-0.450353728,0.820252347,0.351665209,46686,103895.342301666,0.018730875,1,0.550406000,0.024905500,-0.324435000,0.140798793,0.359859545,-0.885859430,-0.256768142,1,0.514218412,-0.132084534,-0.425334973,0.140798793,0.359859545,-0.885859430,-0.256768142
0.810659750,103895.372290041,vr_world,46604,103895.365466375,0.006824083,1,0.324939000,-0.400574000,-0.382217000,0.018651139,-0.443588624,0.816598844,0.368846303,1,0.487977238,-0.328501463,-0.450389974,0.018651139,-0.443588624,0.816598844,0.368846303,46687,103895.365466375,0.006824083,1,0.560109000,0.010318500,-0.330718000,0.150341765,0.335308132,-0.890368291,-0.268719400,1,0.513169323,-0.144281232,-0.430877014,0.150341765,0.335308132,-0.890368291,-0.268719400
0.822324750,103895.383955041,vr_world,46604,103895.365466375,0.018489208,1,0.324939000,-0.400574000,-0.382217000,0.018651139,-0.443588624,0.816598844,0.368846303,1,0.487977238,-0.328501463,-0.450389974,0.018651139,-0.443588624,0.816598844,0.368846303,46687,103895.365466375,0.018489208,1,0.560109000,0.010318500,-0.330718000,0.150341765,0.335308132,-0.890368291,-0.268719400,1,0.513169323,-0.144281232,-0.430877014,0.150341765,0.335308132,-0.890368291,-0.268719400
0.833993792,103895.395624083,vr_world,46605,103895.388467166,0.007157209,1,0.335895000,-0.408448000,-0.386551000,0.016493184,-0.446666692,0.804574697,0.390994116,1,0.496178393,-0.330511420,-0.454804557,0.016493184,-0.446666692,0.804574697,0.390994116,46688,103895.388467166,0.007157209,1,0.568213000,-0.004089820,-0.335920000,0.157633017,0.321360938,-0.888241988,-0.287932544,1,0.513969621,-0.154748364,-0.438369470,0.157633017,0.321360938,-0.888241988,-0.287932544
0.844590125,103895.406220416,vr_world,46605,103895.388467166,0.017754000,1,0.335895000,-0.408448000,-0.386551000,0.016493184,-0.446666692,0.804574697,0.390994116,1,0.496178393,-0.330511420,-0.454804557,0.016493184,-0.446666692,0.804574697,0.390994116,46688,103895.388467166,0.017754000,1,0.568213000,-0.004089820,-0.335920000,0.157633017,0.321360938,-0.888241988,-0.287932544,1,0.513969621,-0.154748364,-0.438369470,0.157633017,0.321360938,-0.888241988,-0.287932544
0.856001167,103895.417631458,vr_world,46606,103895.412118833,0.005513083,1,0.339433000,-0.409776000,-0.387364000,0.017563352,-0.445459745,0.803448430,0.394623574,1,0.499680153,-0.331578525,-0.455404109,0.017563352,-0.445459745,0.803448430,0.394623574,46689,103895.412118833,0.005513083,1,0.570708000,-0.011244300,-0.338289000,0.157950946,0.327519901,-0.882466069,-0.298388757,1,0.517614146,-0.160061927,-0.443979948,0.157950946,0.327519901,-0.882466069,-0.298388757
0.866662917,103895.428293208,vr_world,46606,103895.412118833,0.016174958,1,0.339433000,-0.409776000,-0.387364000,0.017563352,-0.445459745,0.803448430,0.394623574,1,0.499680153,-0.331578525,-0.455404109,0.017563352,-0.445459745,0.803448430,0.394623574,46689,103895.412118833,0.016174958,1,0.570708000,-0.011244300,-0.338289000,0.157950946,0.327519901,-0.882466069,-0.298388757,1,0.517614146,-0.160061927,-0.443979948,0.157950946,0.327519901,-0.882466069,-0.298388757
0.879045959,103895.440676250,vr_world,46607,103895.434631750,0.006045000,1,0.347619000,-0.411916000,-0.390004000,0.015628699,-0.438945377,0.808048741,0.392606587,1,0.508417968,-0.336399436,-0.459748971,0.015628699,-0.438945377,0.808048741,0.392606587,46690,103895.434631750,0.006045000,1,0.576425000,-0.023560600,-0.343368000,0.162782596,0.328643811,-0.876399469,-0.312120238,1,0.521986857,-0.169939193,-0.451746993,0.162782596,0.328643811,-0.876399469,-0.312120238
0.889461042,103895.451091333,vr_world,46607,103895.434631750,0.016460000,1,0.347619000,-0.411916000,-0.390004000,0.015628699,-0.438945377,0.808048741,0.392606587,1,0.508417968,-0.336399436,-0.459748971,0.015628699,-0.438945377,0.808048741,0.392606587,46690,103895.434631750,0.016460000,1,0.576425000,-0.023560600,-0.343368000,0.162782596,0.328643811,-0.876399469,-0.312120238,1,0.521986857,-0.169939193,-0.451746993,0.162782596,0.328643811,-0.876399469,-0.312120238
0.901861250,103895.463491541,vr_world,46608,103895.457376000,0.006115791,1,0.356556000,-0.415736000,-0.392811000,0.004357981,-0.435078908,0.808860491,0.395514928,1,0.515493143,-0.340313490,-0.466796897,0.004357981,-0.435078908,0.808860491,0.395514928,46691,103895.457376000,0.006115791,1,0.582870000,-0.035298100,-0.349386000,0.166914315,0.319511864,-0.874247404,-0.325181882,1,0.523649309,-0.178728481,-0.459189788,0.166914315,0.319511864,-0.874247404,-0.325181882
0.911995709,103895.473626000,vr_world,46608,103895.457376000,0.016250375,1,0.356556000,-0.415736000,-0.392811000,0.004357981,-0.435078908,0.808860491,0.395514928,1,0.515493143,-0.340313490,-0.466796897,0.004357981,-0.435078908,0.808860491,0.395514928,46691,103895.457376000,0.016250375,1,0.582870000,-0.035298100,-0.349386000,0.166914315,0.319511864,-0.874247404,-0.325181882,1,0.523649309,-0.178728481,-0.459189788,0.166914315,0.319511864,-0.874247404,-0.325181882
0.922360667,103895.483990958,vr_world,46609,103895.480757666,0.003233917,1,0.361817000,-0.418139000,-0.394251000,0.004737452,0.433173276,-0.805390736,-0.404579081,1,0.518384843,-0.340860558,-0.471309391,0.004737452,0.433173276,-0.805390736,-0.404579081,46692,103895.480757666,0.003233917,1,0.586643000,-0.041249200,-0.353289000,0.168026961,0.309476076,-0.873834964,-0.335266989,1,0.522930241,-0.181927469,-0.464133716,0.168026961,0.309476076,-0.873834964,-0.335266989
0.933333000,103895.494963291,vr_world,46609,103895.480757666,0.014205959,1,0.361817000,-0.418139000,-0.394251000,0.004737452,0.433173276,-0.805390736,-0.404579081,1,0.518384843,-0.340860558,-0.471309391,0.004737452,0.433173276,-0.805390736,-0.404579081,46692,103895.480757666,0.014205959,1,0.586643000,-0.041249200,-0.353289000,0.168026961,0.309476076,-0.873834964,-0.335266989,1,0.522930241,-0.181927469,-0.464133716,0.168026961,0.309476076,-0.873834964,-0.335266989
0.943538334,103895.505168625,vr_world,46610,103895.503589750,0.001579458,1,0.370255000,-0.421419000,-0.397593000,0.014074755,0.429520994,-0.800422630,-0.417896195,1,0.524036498,-0.341867761,-0.477881641,0.014074755,0.429520994,-0.800422630,-0.417896195,46693,103895.503589750,0.001579458,1,0.591619000,-0.050903500,-0.358867000,0.170527061,0.309553052,-0.866170601,-0.353335421,1,0.525935571,-0.187645681,-0.473424779,0.170527061,0.309553052,-0.866170601,-0.353335421
0.953700334,103895.515330625,vr_world,46610,103895.503589750,0.011741166,1,0.370255000,-0.421419000,-0.397593000,0.014074755,0.429520994,-0.800422630,-0.417896195,1,0.524036498,-0.341867761,-0.477881641,0.014074755,0.429520994,-0.800422630,-0.417896195,46693,103895.503589750,0.011741166,1,0.591619000,-0.050903500,-0.358867000,0.170527061,0.309553052,-0.866170601,-0.353335421,1,0.525935571,-0.187645681,-0.473424779,0.170527061,0.309553052,-0.866170601,-0.353335421
0.965335250,103895.526965541,vr_world,46611,103895.526637000,0.000329041,1,0.378500000,-0.425245000,-0.401938000,0.020639865,0.431925612,-0.791078407,-0.432676802,1,0.529157768,-0.341018837,-0.483372632,0.020639865,0.431925612,-0.791078407,-0.432676802,46694,103895.526637000,0.000329041,1,0.595662000,-0.059202300,-0.364418000,0.168959596,0.320113314,-0.857239516,-0.366224703,1,0.532360390,-0.193247027,-0.483418535,0.168959596,0.320113314,-0.857239516,-0.366224703
0.975999042,103895.537629333,vr_world,46611,103895.526637000,0.010992666,1,0.378500000,-0.425245000,-0.401938000,0.020639865,0.431925612,-0.791078407,-0.432676802,1,0.529157768,-0.341018837,-0.483372632,0.020639865,0.431925612,-0.791078407,-0.432676802,46694,103895.526637000,0.010992666,1,0.595662000,-0.059202300,-0.364418000,0.168959596,0.320113314,-0.857239516,-0.366224703,1,0.532360390,-0.193247027,-0.483418535,0.168959596,0.320113314,-0.857239516,-0.366224703
0.988415167,103895.550045458,vr_world,46612,103895.549879625,0.000166375,1,0.382821000,-0.427489000,-0.404375000,0.023360318,0.434460375,-0.783615169,-0.443447567,1,0.531460630,-0.339681792,-0.485735827,0.023360318,0.434460375,-0.783615169,-0.443447567,46695,103895.549879625,0.000166375,1,0.598312000,-0.062501200,-0.367914000,0.167049748,0.321993549,-0.854670836,-0.371419301,1,0.535293810,-0.195138464,-0.488629624,0.167049748,0.321993549,-0.854670836,-0.371419301
1.000835625,103895.562465916,vr_world,46612,103895.549879625,0.012586791,1,0.382821000,-0.427489000,-0.404375000,0.023360318,0.434460375,-0.783615169,-0.443447567,1,0.531460630,-0.339681792,-0.485735827,0.023360318,0.434460375,-0.783615169,-0.443447567,46695,103895.549879625,0.012586791,1,0.598312000,-0.062501200,-0.367914000,0.167049748,0.321993549,-0.854670836,-0.371419301,1,0.535293810,-0.195138464,-0.488629624,0.167049748,0.321993549,-0.854670836,-0.371419301
1.013255959,103895.574886250,vr_world,46613,103895.573215750,0.001671041,1,0.388772000,-0.429382000,-0.407287000,0.030333583,0.425610018,-0.781773796,-0.454714986,1,0.535616410,-0.341488845,-0.491755468,0.030333583,0.425610018,-0.781773796,-0.454714986,46696,103895.573215750,0.001671041,1,0.603825000,-0.068612800,-0.374230000,0.172619009,0.317842030,-0.849770416,-0.383496234,1,0.537632084,-0.198659966,-0.496059723,0.172619009,0.317842030,-0.849770416,-0.383496234
1.024560875,103895.586191166,vr_world,46613,103895.573215750,0.012975875,1,0.388772000,-0.429382000,-0.407287000,0.030333583,0.425610018,-0.781773796,-0.454714986,1,0.535616410,-0.341488845,-0.491755468,0.030333583,0.425610018,-0.781773796,-0.454714986,46696,103895.573215750,0.012975875,1,0.603825000,-0.068612800,-0.374230000,0.172619009,0.317842030,-0.849770416,-0.383496234,1,0.537632084,-0.198659966,-0.496059723,0.172619009,0.317842030,-0.849770416,-0.383496234
1.034664084,103895.596294375,vr_world,46613,103895.573215750,0.023079166,1,0.388772000,-0.429382000,-0.407287000,0.030333583,0.425610018,-0.781773796,-0.454714986,1,0.535616410,-0.341488845,-0.491755468,0.030333583,0.425610018,-0.781773796,-0.454714986,46696,103895.573215750,0.023079166,1,0.603825000,-0.068612800,-0.374230000,0.172619009,0.317842030,-0.849770416,-0.383496234,1,0.537632084,-0.198659966,-0.496059723,0.172619009,0.317842030,-0.849770416,-0.383496234
1.047068834,103895.608699125,vr_world,46614,103895.596974458,0.011725208,1,0.394428000,-0.431167000,-0.409812000,0.041236255,0.417660929,-0.782739556,-0.459540757,1,0.539134819,-0.344071117,-0.498681001,0.041236255,0.417660929,-0.782739556,-0.459540757,46697,103895.596974458,0.011725208,1,0.608585000,-0.072651600,-0.380166000,0.185618086,0.316277918,-0.844795889,-0.389658967,1,0.539970564,-0.202596325,-0.500758806,0.185618086,0.316277918,-0.844795889,-0.389658967
1.059477375,103895.621107666,vr_world,46615,103895.620433666,0.000674334,1,0.396429000,-0.431898000,-0.412346000,0.041202162,0.416818118,-0.783957850,-0.458230431,1,0.541374049,-0.345415287,-0.501425082,0.041202162,0.416818118,-0.783957850,-0.458230431,46698,103895.620433666,0.000674334,1,0.610397000,-0.073321400,-0.382582000,0.192781136,0.316605766,-0.843292567,-0.389170746,1,0.541280163,-0.204253935,-0.501811823,0.192781136,0.316605766,-0.843292567,-0.389170746
1.071888917,103895.633519208,vr_world,46615,103895.620433666,0.013085917,1,0.396429000,-0.431898000,-0.412346000,0.041202162,0.416818118,-0.783957850,-0.458230431,1,0.541374049,-0.345415287,-0.501425082,0.041202162,0.416818118,-0.783957850,-0.458230431,46698,103895.620433666,0.013085917,1,0.610397000,-0.073321400,-0.382582000,0.192781136,0.316605766,-0.843292567,-0.389170746,1,0.541280163,-0.204253935,-0.501811823,0.192781136,0.316605766,-0.843292567,-0.389170746
1.084257417,103895.645887708,vr_world,46616,103895.643544416,0.002343792,1,0.401652000,-0.434085000,-0.416524000,0.042802399,0.416108967,-0.778870129,-0.467314246,1,0.545266417,-0.345486346,-0.505678928,0.042802399,0.416108967,-0.778870129,-0.467314246,46699,103895.643544416,0.002343792,1,0.614213000,-0.075831000,-0.387108000,0.203443052,0.314640664,-0.840674192,-0.390997545,1,0.543310748,-0.207461987,-0.504506298,0.203443052,0.314640664,-0.840674192,-0.390997545
1.096646334,103895.658276625,vr_world,46616,103895.643544416,0.014732625,1,0.401652000,-0.434085000,-0.416524000,0.042802399,0.416108967,-0.778870129,-0.467314246,1,0.545266417,-0.345486346,-0.505678928,0.042802399,0.416108967,-0.778870129,-0.467314246,46699,103895.643544416,0.014732625,1,0.614213000,-0.075831000,-0.387108000,0.203443052,0.314640664,-0.840674192,-0.390997545,1,0.543310748,-0.207461987,-0.504506298,0.203443052,0.314640664,-0.840674192,-0.390997545
1.106669167,103895.668299458,vr_world,46617,103895.666024916,0.002275000,1,0.405554000,-0.435157000,-0.419719000,0.046094300,0.412533676,-0.774613134,-0.477143348,1,0.547624646,-0.345072250,-0.509852977,0.046094300,0.412533676,-0.774613134,-0.477143348,46700,103895.666024916,0.002275000,1,0.617905000,-0.077306100,-0.391600000,0.218290640,0.307114286,-0.840524923,-0.389291493,1,0.543527894,-0.210666651,-0.504822057,0.218290640,0.307114286,-0.840524923,-0.389291493
1.119075625,103895.680705916,vr_world,46617,103895.666024916,0.014681292,1,0.405554000,-0.435157000,-0.419719000,0.046094300,0.412533676,-0.774613134,-0.477143348,1,0.547624646,-0.345072250,-0.509852977,0.046094300,0.412533676,-0.774613134,-0.477143348,46700,103895.666024916,0.014681292,1,0.617905000,-0.077306100,-0.391600000,0.218290640,0.307114286,-0.840524923,-0.389291493,1,0.543527894,-0.210666651,-0.504822057,0.218290640,0.307114286,-0.840524923,-0.389291493
1.131491167,103895.693121458,vr_world,46618,103895.689514000,0.003607833,1,0.406992000,-0.435183000,-0.421917000,0.043550439,0.412718361,-0.773511162,-0.479006676,1,0.549411646,-0.344755026,-0.511152028,0.043550439,0.412718361,-0.773511162,-0.479006676,46701,103895.689514000,0.003607833,1,0.619401000,-0.077320600,-0.393827000,0.228317170,0.300432195,-0.841790693,-0.386005435,1,0.542480791,-0.212208566,-0.503484190,0.228317170,0.300432195,-0.841790693,-0.386005435
1.143835500,103895.705465791,vr_world,46618,103895.689514000,0.015953000,1,0.406992000,-0.435183000,-0.421917000,0.043550439,0.412718361,-0.773511162,-0.479006676,1,0.549411646,-0.344755026,-0.511152028,0.043550439,0.412718361,-0.773511162,-0.479006676,46701,103895.689514000,0.015953000,1,0.619401000,-0.077320600,-0.393827000,0.228317170,0.300432195,-0.841790693,-0.386005435,1,0.542480791,-0.212208566,-0.503484190,0.228317170,0.300432195,-0.841790693,-0.386005435
1.156202125,103895.717832416,vr_world,46619,103895.712220458,0.005612500,1,0.410529000,-0.436128000,-0.426296000,0.041049460,0.414908549,-0.767397029,-0.487101260,1,0.552349204,-0.343118127,-0.513815617,0.041049460,0.414908549,-0.767397029,-0.487101260,46702,103895.712220458,0.005612500,1,0.621703000,-0.078638800,-0.397566000,0.241764929,0.294948778,-0.840015309,-0.385913486,1,0.542106022,-0.214714941,-0.503791451,0.241764929,0.294948778,-0.840015309,-0.385913486
1.168605917,103895.730236208,vr_world,46619,103895.712220458,0.018016458,1,0.410529000,-0.436128000,-0.426296000,0.041049460,0.414908549,-0.767397029,-0.487101260,1,0.552349204,-0.343118127,-0.513815617,0.041049460,0.414908549,-0.767397029,-0.487101260,46702,103895.712220458,0.018016458,1,0.621703000,-0.078638800,-0.397566000,0.241764929,0.294948778,-0.840015309,-0.385913486,1,0.542106022,-0.214714941,-0.503791451,0.241764929,0.294948778,-0.840015309,-0.385913486
1.180281875,103895.741912166,vr_world,46620,103895.735672125,0.006240541,1,0.412558000,-0.437945000,-0.429487000,0.029849265,0.423306032,-0.756417140,-0.497749069,1,0.554728052,-0.340350022,-0.511257142,0.029849265,0.423306032,-0.756417140,-0.497749069,46703,103895.735672125,0.006240541,1,0.623220000,-0.080231500,-0.400959000,0.247419540,0.290214190,-0.839024592,-0.388068331,1,0.541499689,-0.216111977,-0.505813636,0.247419540,0.290214190,-0.839024592,-0.388068331
1.191471667,103895.753101958,vr_world,46620,103895.735672125,0.017430250,1,0.412558000,-0.437945000,-0.429487000,0.029849265,0.423306032,-0.756417140,-0.497749069,1,0.554728052,-0.340350022,-0.511257142,0.029849265,0.423306032,-0.756417140,-0.497749069,46703,103895.735672125,0.017430250,1,0.623220000,-0.080231500,-0.400959000,0.247419540,0.290214190,-0.839024592,-0.388068331,1,0.541499689,-0.216111977,-0.505813636,0.247419540,0.290214190,-0.839024592,-0.388068331
1.203881042,103895.765511333,vr_world,46621,103895.758682458,0.006829208,1,0.414816000,-0.437363000,-0.433479000,0.026545759,0.421863560,-0.753594816,-0.503409687,1,0.557207359,-0.339111221,-0.514068887,0.026545759,0.421863560,-0.753594816,-0.503409687,46704,103895.758682458,0.006829208,1,0.623563000,-0.081319100,-0.403210000,0.246197752,0.289475259,-0.838160395,-0.391251700,1,0.541316836,-0.216263156,-0.508859901,0.246197752,0.289475259,-0.838160395,-0.391251700
1.216299667,103895.777929958,vr_world,46621,103895.758682458,0.019248292,1,0.414816000,-0.437363000,-0.433479000,0.026545759,0.421863560,-0.753594816,-0.503409687,1,0.557207359,-0.339111221,-0.514068887,0.026545759,0.421863560,-0.753594816,-0.503409687,46704,103895.758682458,0.019248292,1,0.623563000,-0.081319100,-0.403210000,0.246197752,0.289475259,-0.838160395,-0.391251700,1,0.541316836,-0.216263156,-0.508859901,0.246197752,0.289475259,-0.838160395,-0.391251700
1.228719209,103895.790349500,vr_world,46622,103895.781904458,0.008445417,1,0.418357000,-0.436890000,-0.437138000,0.022822305,0.422561899,-0.747678857,-0.511758645,1,0.560481409,-0.336646169,-0.515720698,0.022822305,0.422561899,-0.747678857,-0.511758645,46705,103895.781904458,0.008445417,1,0.624495000,-0.083791300,-0.406565000,0.245953343,0.290365937,-0.833023871,-0.401579140,1,0.541350001,-0.216327994,-0.514533382,0.245953343,0.290365937,-0.833023871,-0.401579140
1.241115417,103895.802745708,vr_world,46622,103895.781904458,0.020841875,1,0.418357000,-0.436890000,-0.437138000,0.022822305,0.422561899,-0.747678857,-0.511758645,1,0.560481409,-0.336646169,-0.515720698,0.022822305,0.422561899,-0.747678857,-0.511758645,46705,103895.781904458,0.020841875,1,0.624495000,-0.083791300,-0.406565000,0.245953343,0.290365937,-0.833023871,-0.401579140,1,0.541350001,-0.216327994,-0.514533382,0.245953343,0.290365937,-0.833023871,-0.401579140
1.253513709,103895.815144000,vr_world,46623,103895.805257458,0.009886958,1,0.421308000,-0.434816000,-0.442141000,0.020435939,0.431689028,-0.738661698,-0.517306341,1,0.562133277,-0.330407111,-0.517576286,0.020435939,0.431689028,-0.738661698,-0.517306341,46706,103895.805257458,0.009886958,1,0.624215000,-0.085622400,-0.410052000,0.244407373,0.290101908,-0.829557500,-0.409805165,1,0.540133063,-0.215968460,-0.519944287,0.244407373,0.290101908,-0.829557500,-0.409805165
1.265933292,103895.827563583,vr_world,46623,103895.805257458,0.022306625,1,0.421308000,-0.434816000,-0.442141000,0.020435939,0.431689028,-0.738661698,-0.517306341,1,0.562133277,-0.330407111,-0.517576286,0.020435939,0.431689028,-0.738661698,-0.517306341,46706,103895.805257458,0.022306625,1,0.624215000,-0.085622400,-0.410052000,0.244407373,0.290101908,-0.829557500,-0.409805165,1,0.540133063,-0.215968460,-0.519944287,0.244407373,0.290101908,-0.829557500,-0.409805165
1.278336417,103895.839966708,vr_world,46624,103895.828269833,0.011697458,1,0.422867000,-0.435516000,-0.439420000,0.019157336,0.424790712,-0.743318413,-0.516394795,1,0.564965572,-0.333705459,-0.516010168,0.019157336,0.424790712,-0.743318413,-0.516394795,46707,103895.828269833,0.011697458,1,0.623769000,-0.086248800,-0.412517000,0.243677834,0.285622016,-0.830853963,-0.410758894,1,0.538223284,-0.215947330,-0.522045304,0.243677834,0.285622016,-0.830853963,-0.410758894
1.290687042,103895.852317333,vr_world,46625,103895.850965708,0.001352167,1,0.425235000,-0.435198000,-0.439435000,0.022442693,0.425741618,-0.738547642,-0.522290897,1,0.565748408,-0.331328856,-0.516185460,0.022442693,0.425741618,-0.738547642,-0.522290897,46708,103895.850965708,0.001352167,1,0.621853000,-0.080394600,-0.410533000,0.239141603,0.304763503,-0.833654598,-0.393637539,1,0.544686253,-0.214993442,-0.520372259,0.239141603,0.304763503,-0.833654598,-0.393637539
1.301405750,103895.863036041,vr_world,46625,103895.850965708,0.012071125,1,0.425235000,-0.435198000,-0.439435000,0.022442693,0.425741618,-0.738547642,-0.522290897,1,0.565748408,-0.331328856,-0.516185460,0.022442693,0.425741618,-0.738547642,-0.522290897,46708,103895.850965708,0.012071125,1,0.621853000,-0.080394600,-0.410533000,0.239141603,0.304763503,-0.833654598,-0.393637539,1,0.544686253,-0.214993442,-0.520372259,0.239141603,0.304763503,-0.833654598,-0.393637539
1.312223459,103895.873853750,vr_world,46625,103895.850965708,0.022888750,1,0.425235000,-0.435198000,-0.439435000,0.022442693,0.425741618,-0.738547642,-0.522290897,1,0.565748408,-0.331328856,-0.516185460,0.022442693,0.425741618,-0.738547642,-0.522290897,46708,103895.850965708,0.022888750,1,0.621853000,-0.080394600,-0.410533000,0.239141603,0.304763503,-0.833654598,-0.393637539,1,0.544686253,-0.214993442,-0.520372259,0.239141603,0.304763503,-0.833654598,-0.393637539
1.323648709,103895.885279000,vr_world,46626,103895.874403541,0.010875959,1,0.429094000,-0.434062000,-0.440601000,0.023943012,0.428003780,-0.736509131,-0.523253090,1,0.568859472,-0.329085662,-0.517210602,0.023943012,0.428003780,-0.736509131,-0.523253090,46709,103895.874403541,0.010875959,1,0.625865000,-0.085658800,-0.416312000,0.252430113,0.292374076,-0.827371608,-0.407740923,1,0.542203904,-0.217628342,-0.524575967,0.252430113,0.292374076,-0.827371608,-0.407740923
1.335765334,103895.897395625,vr_world,46627,103895.896956416,0.000439584,1,0.431108000,-0.433351000,-0.441149000,0.028374047,0.435431329,-0.732667723,-0.522295394,1,0.569007860,-0.325812283,-0.517585295,0.028374047,0.435431329,-0.732667723,-0.522295394,46710,103895.896956416,0.000439584,1,0.624961000,-0.081399000,-0.415143000,0.265403515,0.292304147,-0.827759570,-0.398664464,1,0.541583706,-0.217041606,-0.518996454,0.265403515,0.292304147,-0.827759570,-0.398664464
1.348158167,103895.909788458,vr_world,46627,103895.896956416,0.012832375,1,0.431108000,-0.433351000,-0.441149000,0.028374047,0.435431329,-0.732667723,-0.522295394,1,0.569007860,-0.325812283,-0.517585295,0.028374047,0.435431329,-0.732667723,-0.522295394,46710,103895.896956416,0.012832375,1,0.624961000,-0.081399000,-0.415143000,0.265403515,0.292304147,-0.827759570,-0.398664464,1,0.541583706,-0.217041606,-0.518996454,0.265403515,0.292304147,-0.827759570,-0.398664464
1.359747375,103895.921377666,vr_world,46628,103895.919148041,0.002229959,1,0.434357000,-0.431725000,-0.443175000,0.021778318,0.444559289,-0.726904279,-0.522975059,1,0.572370023,-0.321615585,-0.515644005,0.021778318,0.444559289,-0.726904279,-0.522975059,46711,103895.919148041,0.002229959,1,0.625360000,-0.081558000,-0.418462000,0.270858040,0.294708587,-0.828597282,-0.391419615,1,0.543332095,-0.219664718,-0.520119274,0.270858040,0.294708587,-0.828597282,-0.391419615
1.372017375,103895.933647666,vr_world,46628,103895.919148041,0.014499917,1,0.434357000,-0.431725000,-0.443175000,0.021778318,0.444559289,-0.726904279,-0.522975059,1,0.572370023,-0.321615585,-0.515644005,0.021778318,0.444559289,-0.726904279,-0.522975059,46711,103895.919148041,0.014499917,1,0.625360000,-0.081558000,-0.418462000,0.270858040,0.294708587,-0.828597282,-0.391419615,1,0.543332095,-0.219664718,-0.520119274,0.270858040,0.294708587,-0.828597282,-0.391419615
1.384012584,103895.945642875,vr_world,46629,103895.943249875,0.002393541,1,0.437240000,-0.429764000,-0.442548000,0.032041014,0.448166250,-0.724368499,-0.522886855,1,0.572403801,-0.317637736,-0.517260112,0.032041014,0.448166250,-0.724368499,-0.522886855,46712,103895.943249875,0.002393541,1,0.625865000,-0.082971300,-0.420632000,0.279480649,0.275433822,-0.827253111,-0.402093357,1,0.536059410,-0.218161373,-0.519600977,0.279480649,0.275433822,-0.827253111,-0.402093357
1.394667709,103895.956298000,vr_world,46629,103895.943249875,0.013048583,1,0.437240000,-0.429764000,-0.442548000,0.032041014,0.448166250,-0.724368499,-0.522886855,1,0.572403801,-0.317637736,-0.517260112,0.032041014,0.448166250,-0.724368499,-0.522886855,46712,103895.943249875,0.013048583,1,0.625865000,-0.082971300,-0.420632000,0.279480649,0.275433822,-0.827253111,-0.402093357,1,0.536059410,-0.218161373,-0.519600977,0.279480649,0.275433822,-0.827253111,-0.402093357
1.405365375,103895.966995666,vr_world,46630,103895.965405250,0.001590833,1,0.436905000,-0.428719000,-0.442182000,0.032231183,0.457366802,-0.723096409,-0.516631728,1,0.571470077,-0.315102372,-0.515713752,0.032231183,0.457366802,-0.723096409,-0.516631728,46713,103895.965405250,0.001590833,1,0.623328000,-0.083498800,-0.421194000,0.271423658,0.272715192,-0.829827225,-0.404156404,1,0.532844106,-0.217042216,-0.521767586,0.271423658,0.272715192,-0.829827225,-0.404156404
1.415991542,103895.977621833,vr_world,46630,103895.965405250,0.012217041,1,0.436905000,-0.428719000,-0.442182000,0.032231183,0.457366802,-0.723096409,-0.516631728,1,0.571470077,-0.315102372,-0.515713752,0.032231183,0.457366802,-0.723096409,-0.516631728,46713,103895.965405250,0.012217041,1,0.623328000,-0.083498800,-0.421194000,0.271423658,0.272715192,-0.829827225,-0.404156404,1,0.532844106,-0.217042216,-0.521767586,0.271423658,0.272715192,-0.829827225,-0.404156404
1.426674667,103895.988304958,vr_world,46631,103895.987273875,0.001031625,1,0.439082000,-0.426652000,-0.442750000,0.035953824,0.470725181,-0.718922262,-0.510172429,1,0.571517904,-0.309930069,-0.515276883,0.035953824,0.470725181,-0.718922262,-0.510172429,46714,103895.987273875,0.001031625,1,0.620063000,-0.082662300,-0.419577000,0.255212184,0.279444046,-0.832489114,-0.404647552,1,0.532540422,-0.214732930,-0.524616587,0.255212184,0.279444046,-0.832489114,-0.404647552
1.439058625,103896.000688916,vr_world,46631,103895.987273875,0.013415416,1,0.439082000,-0.426652000,-0.442750000,0.035953824,0.470725181,-0.718922262,-0.510172429,1,0.571517904,-0.309930069,-0.515276883,0.035953824,0.470725181,-0.718922262,-0.510172429,46714,103895.987273875,0.013415416,1,0.620063000,-0.082662300,-0.419577000,0.255212184,0.279444046,-0.832489114,-0.404647552,1,0.532540422,-0.214732930,-0.524616587,0.255212184,0.279444046,-0.832489114,-0.404647552
1.451213625,103896.012843916,vr_world,46632,103896.009770083,0.003074292,1,0.439197000,-0.425756000,-0.440464000,0.035628082,0.468993175,-0.720730357,-0.509238446,1,0.572130458,-0.309844194,-0.513379019,0.035628082,0.468993175,-0.720730357,-0.509238446,46715,103896.009770083,0.003074292,1,0.618091000,-0.080991100,-0.418013000,0.242624047,0.296675743,-0.835542881,-0.393681558,1,0.538090857,-0.215460034,-0.525968187,0.242624047,0.296675743,-0.835542881,-0.393681558
1.463603834,103896.025234125,vr_world,46632,103896.009770083,0.015464458,1,0.439197000,-0.425756000,-0.440464000,0.035628082,0.468993175,-0.720730357,-0.509238446,1,0.572130458,-0.309844194,-0.513379019,0.035628082,0.468993175,-0.720730357,-0.509238446,46715,103896.009770083,0.015464458,1,0.618091000,-0.080991100,-0.418013000,0.242624047,0.296675743,-0.835542881,-0.393681558,1,0.538090857,-0.215460034,-0.525968187,0.242624047,0.296675743,-0.835542881,-0.393681558
1.475958625,103896.037588916,vr_world,46633,103896.031984750,0.005604666,1,0.437268000,-0.425799000,-0.439009000,0.029190744,0.493237819,-0.707612873,-0.505122140,1,0.567884309,-0.303426198,-0.505249011,0.029190744,0.493237819,-0.707612873,-0.505122140,46716,103896.031984750,0.005604666,1,0.617235000,-0.081357100,-0.418087000,0.237970093,0.297041380,-0.837712612,-0.391630226,1,0.537903574,-0.215797191,-0.526570145,0.237970093,0.297041380,-0.837712612,-0.391630226
1.488341167,103896.049971458,vr_world,46633,103896.031984750,0.017987166,1,0.437268000,-0.425799000,-0.439009000,0.029190744,0.493237819,-0.707612873,-0.505122140,1,0.567884309,-0.303426198,-0.505249011,0.029190744,0.493237819,-0.707612873,-0.505122140,46716,103896.031984750,0.017987166,1,0.617235000,-0.081357100,-0.418087000,0.237970093,0.297041380,-0.837712612,-0.391630226,1,0.537903574,-0.215797191,-0.526570145,0.237970093,0.297041380,-0.837712612,-0.391630226
1.498668625,103896.060298916,vr_world,46634,103896.054613583,0.005686000,1,0.434810000,-0.421443000,-0.433619000,0.017254751,0.486099895,-0.721047709,-0.493456550,1,0.571023822,-0.304939269,-0.499163716,0.017254751,0.486099895,-0.721047709,-0.493456550,46717,103896.054613583,0.005686000,1,0.616347000,-0.079432900,-0.417813000,0.245315020,0.291171266,-0.840381532,-0.385744365,1,0.535332410,-0.215682383,-0.522736515,0.245315020,0.291171266,-0.840381532,-0.385744365
1.508998292,103896.070628583,vr_world,46634,103896.054613583,0.016015417,1,0.434810000,-0.421443000,-0.433619000,0.017254751,0.486099895,-0.721047709,-0.493456550,1,0.571023822,-0.304939269,-0.499163716,0.017254751,0.486099895,-0.721047709,-0.493456550,46717,103896.054613583,0.016015417,1,0.616347000,-0.079432900,-0.417813000,0.245315020,0.291171266,-0.840381532,-0.385744365,1,0.535332410,-0.215682383,-0.522736515,0.245315020,0.291171266,-0.840381532,-0.385744365
1.519701709,103896.081332000,vr_world,46635,103896.077825583,0.003507208,1,0.431822000,-0.419985000,-0.429910000,0.012837624,0.488070307,-0.728386486,-0.480703337,1,0.570352276,-0.305999391,-0.495025739,0.012837624,0.488070307,-0.728386486,-0.480703337,46718,103896.077825583,0.003507208,1,0.615020000,-0.076875200,-0.416913000,0.249577030,0.287769232,-0.844308421,-0.376886543,1,0.533675389,-0.215374316,-0.518585264,0.249577030,0.287769232,-0.844308421,-0.376886543
1.530835459,103896.092465750,vr_world,46635,103896.077825583,0.014640708,1,0.431822000,-0.419985000,-0.429910000,0.012837624,0.488070307,-0.728386486,-0.480703337,1,0.570352276,-0.305999391,-0.495025739,0.012837624,0.488070307,-0.728386486,-0.480703337,46718,103896.077825583,0.014640708,1,0.615020000,-0.076875200,-0.416913000,0.249577030,0.287769232,-0.844308421,-0.376886543,1,0.533675389,-0.215374316,-0.518585264,0.249577030,0.287769232,-0.844308421,-0.376886543
1.541073167,103896.102703458,vr_world,46636,103896.099868708,0.002835292,1,0.429537000,-0.419388000,-0.423707000,0.008266090,0.501234679,-0.729607383,-0.465154313,1,0.568670720,-0.304673982,-0.486204503,0.008266090,0.501234679,-0.729607383,-0.465154313,46719,103896.099868708,0.002835292,1,0.613403000,-0.072898000,-0.415026000,0.251595290,0.285013097,-0.850025621,-0.364587148,1,0.532462927,-0.214133889,-0.513196170,0.251595290,0.285013097,-0.850025621,-0.364587148
1.552000917,103896.113631208,vr_world,46636,103896.099868708,0.013763208,1,0.429537000,-0.419388000,-0.423707000,0.008266090,0.501234679,-0.729607383,-0.465154313,1,0.568670720,-0.304673982,-0.486204503,0.008266090,0.501234679,-0.729607383,-0.465154313,46719,103896.099868708,0.013763208,1,0.613403000,-0.072898000,-0.415026000,0.251595290,0.285013097,-0.850025621,-0.364587148,1,0.532462927,-0.214133889,-0.513196170,0.251595290,0.285013097,-0.850025621,-0.364587148
1.562665875,103896.124296166,vr_world,46637,103896.122059083,0.002237458,1,0.425775000,-0.417960000,-0.416898000,0.002441030,-0.516955551,0.727254387,0.451499785,1,0.565736023,-0.301476945,-0.474047399,0.002441030,-0.516955551,0.727254387,0.451499785,46720,103896.122059083,0.002237458,1,0.611903000,-0.068036600,-0.411696000,0.250804099,0.287518428,-0.854918005,-0.351490627,1,0.533301385,-0.212208648,-0.507468788,0.250804099,0.287518428,-0.854918005,-0.351490627
1.573338750,103896.134969041,vr_world,46637,103896.122059083,0.012910542,1,0.425775000,-0.417960000,-0.416898000,0.002441030,-0.516955551,0.727254387,0.451499785,1,0.565736023,-0.301476945,-0.474047399,0.002441030,-0.516955551,0.727254387,0.451499785,46720,103896.122059083,0.012910542,1,0.611903000,-0.068036600,-0.411696000,0.250804099,0.287518428,-0.854918005,-0.351490627,1,0.533301385,-0.212208648,-0.507468788,0.250804099,0.287518428,-0.854918005,-0.351490627
1.584002042,103896.145632333,vr_world,46638,103896.144220375,0.001412583,1,0.423175000,-0.415557000,-0.412132000,0.006685700,-0.523711225,0.728794405,0.441067534,1,0.563925905,-0.299149986,-0.467467342,0.006685700,-0.523711225,0.728794405,0.441067534,46721,103896.144220375,0.001412583,1,0.610741000,-0.063555600,-0.410020000,0.255729609,0.287880751,-0.859393911,-0.336406222,1,0.533722063,-0.211390120,-0.501394253,0.255729609,0.287880751,-0.859393911,-0.336406222
1.595874459,103896.157504750,vr_world,46638,103896.144220375,0.013284875,1,0.423175000,-0.415557000,-0.412132000,0.006685700,-0.523711225,0.728794405,0.441067534,1,0.563925905,-0.299149986,-0.467467342,0.006685700,-0.523711225,0.728794405,0.441067534,46721,103896.144220375,0.013284875,1,0.610741000,-0.063555600,-0.410020000,0.255729609,0.287880751,-0.859393911,-0.336406222,1,0.533722063,-0.211390120,-0.501394253,0.255729609,0.287880751,-0.859393911,-0.336406222
1.608050084,103896.169680375,vr_world,46639,103896.166643250,0.003045625,1,0.420190000,-0.412180000,-0.403243000,0.005074247,-0.534483524,0.732867425,0.420959562,1,0.561035942,-0.295923964,-0.458653989,0.005074247,-0.534483524,0.732867425,0.420959562,46722,103896.166643250,0.003045625,1,0.609275000,-0.057335800,-0.407598000,0.266383160,0.284978621,-0.865264782,-0.314871490,1,0.533306039,-0.210175159,-0.491294171,0.266383160,0.284978621,-0.865264782,-0.314871490
1.620431792,103896.182062083,vr_world,46639,103896.166643250,0.015419250,1,0.420190000,-0.412180000,-0.403243000,0.005074247,-0.534483524,0.732867425,0.420959562,1,0.561035942,-0.295923964,-0.458653989,0.005074247,-0.534483524,0.732867425,0.420959562,46722,103896.166643250,0.015419250,1,0.609275000,-0.057335800,-0.407598000,0.266383160,0.284978621,-0.865264782,-0.314871490,1,0.533306039,-0.210175159,-0.491294171,0.266383160,0.284978621,-0.865264782,-0.314871490
1.632353917,103896.193984208,vr_world,46640,103896.189917791,0.004066959,1,0.417368000,-0.409788000,-0.397410000,0.002409843,-0.543123692,0.734798829,0.406302263,1,0.557793364,-0.293194669,-0.453178888,0.002409843,-0.543123692,0.734798829,0.406302263,46723,103896.189917791,0.004066959,1,0.608577000,-0.053515000,-0.405310000,0.272942326,0.282523773,-0.867849036,-0.304172410,1,0.532798909,-0.208720582,-0.484714837,0.272942326,0.282523773,-0.867849036,-0.304172410
1.644439750,103896.206070041,vr_world,46640,103896.189917791,0.016152792,1,0.417368000,-0.409788000,-0.397410000,0.002409843,-0.543123692,0.734798829,0.406302263,1,0.557793364,-0.293194669,-0.453178888,0.002409843,-0.543123692,0.734798829,0.406302263,46723,103896.189917791,0.016152792,1,0.608577000,-0.053515000,-0.405310000,0.272942326,0.282523773,-0.867849036,-0.304172410,1,0.532798909,-0.208720582,-0.484714837,0.272942326,0.282523773,-0.867849036,-0.304172410
1.656786209,103896.218416500,vr_world,46641,103896.213540708,0.004876042,1,0.411438000,-0.405435000,-0.387475000,0.004956356,-0.561487794,0.737537843,0.375159729,1,0.552188338,-0.288257364,-0.441161093,0.004956356,-0.561487794,0.737537843,0.375159729,46724,103896.213540708,0.004876042,1,0.606104000,-0.045710300,-0.400705000,0.277604784,0.284518390,-0.873856559,-0.279927820,1,0.533638559,-0.205709464,-0.473404664,0.277604784,0.284518390,-0.873856559,-0.279927820
1.668788459,103896.230418750,vr_world,46641,103896.213540708,0.016878292,1,0.411438000,-0.405435000,-0.387475000,0.004956356,-0.561487794,0.737537843,0.375159729,1,0.552188338,-0.288257364,-0.441161093,0.004956356,-0.561487794,0.737537843,0.375159729,46724,103896.213540708,0.016878292,1,0.606104000,-0.045710300,-0.400705000,0.277604784,0.284518390,-0.873856559,-0.279927820,1,0.533638559,-0.205709464,-0.473404664,0.277604784,0.284518390,-0.873856559,-0.279927820
1.681154000,103896.242784291,vr_world,46642,103896.236612083,0.006172667,1,0.405069000,-0.400217000,-0.378248000,0.012080044,-0.579040859,0.741036011,0.339751949,1,0.547209650,-0.283181802,-0.428470084,0.012080044,-0.579040859,0.741036011,0.339751949,46725,103896.236612083,0.006172667,1,0.602603000,-0.037168900,-0.396995000,0.279229968,0.288747655,-0.880781196,-0.250758651,1,0.534860454,-0.202301405,-0.462404898,0.279229968,0.288747655,-0.880781196,-0.250758651
1.693564584,103896.255194875,vr_world,46642,103896.236612083,0.018583125,1,0.405069000,-0.400217000,-0.378248000,0.012080044,-0.579040859,0.741036011,0.339751949,1,0.547209650,-0.283181802,-0.428470084,0.012080044,-0.579040859,0.741036011,0.339751949,46725,103896.236612083,0.018583125,1,0.602603000,-0.037168900,-0.396995000,0.279229968,0.288747655,-0.880781196,-0.250758651,1,0.534860454,-0.202301405,-0.462404898,0.279229968,0.288747655,-0.880781196,-0.250758651
1.705751000,103896.267381291,vr_world,46643,103896.259943208,0.007438417,1,0.401417000,-0.395995000,-0.373229000,0.016435486,-0.587802450,0.743087379,0.319435912,1,0.544487286,-0.279251734,-0.421450635,0.016435486,-0.587802450,0.743087379,0.319435912,46726,103896.259943208,0.007438417,1,0.600689000,-0.032976400,-0.395338000,0.277915424,0.288243763,-0.884484047,-0.239513091,1,0.534057167,-0.199639616,-0.457946417,0.277915424,0.288243763,-0.884484047,-0.239513091
1.718159667,103896.279789958,vr_world,46643,103896.259943208,0.019847583,1,0.401417000,-0.395995000,-0.373229000,0.016435486,-0.587802450,0.743087379,0.319435912,1,0.544487286,-0.279251734,-0.421450635,0.016435486,-0.587802450,0.743087379,0.319435912,46726,103896.259943208,0.019847583,1,0.600689000,-0.032976400,-0.395338000,0.277915424,0.288243763,-0.884484047,-0.239513091,1,0.534057167,-0.199639616,-0.457946417,0.277915424,0.288243763,-0.884484047,-0.239513091
1.730516250,103896.292146541,vr_world,46644,103896.283367625,0.008779458,1,0.394780000,-0.389351000,-0.363420000,0.019455427,-0.606568806,0.741618071,0.285829331,1,0.537354449,-0.270971891,-0.409053178,0.019455427,-0.606568806,0.741618071,0.285829331,46727,103896.283367625,0.008779458,1,0.598123000,-0.026671200,-0.391141000,0.275561455,0.288451972,-0.889859502,-0.221385211,1,0.533604610,-0.195746153,-0.449341192,0.275561455,0.288451972,-0.889859502,-0.221385211
1.740795459,103896.302425750,vr_world,46644,103896.283367625,0.019058541,1,0.394780000,-0.389351000,-0.363420000,0.019455427,-0.606568806,0.741618071,0.285829331,1,0.537354449,-0.270971891,-0.409053178,0.019455427,-0.606568806,0.741618071,0.285829331,46727,103896.283367625,0.019058541,1,0.598123000,-0.026671200,-0.391141000,0.275561455,0.288451972,-0.889859502,-0.221385211,1,0.533604610,-0.195746153,-0.449341192,0.275561455,0.288451972,-0.889859502,-0.221385211
1.753148459,103896.314778750,vr_world,46645,103896.306531333,0.008247958,1,0.387332000,-0.381570000,-0.354893000,0.026855997,-0.626043222,0.737647157,0.251446439,1,0.529326798,-0.260948180,-0.396260686,0.026855997,-0.626043222,0.737647157,0.251446439,46728,103896.306531333,0.008247958,1,0.594294000,-0.019786000,-0.386634000,0.269714019,0.292275667,-0.894460258,-0.204377418,1,0.533022946,-0.191069833,-0.441806120,0.269714019,0.292275667,-0.894460258,-0.204377418
1.765558750,103896.327189041,vr_world,46645,103896.306531333,0.020658083,1,0.387332000,-0.381570000,-0.354893000,0.026855997,-0.626043222,0.737647157,0.251446439,1,0.529326798,-0.260948180,-0.396260686,0.026855997,-0.626043222,0.737647157,0.251446439,46728,103896.306531333,0.020658083,1,0.594294000,-0.019786000,-0.386634000,0.269714019,0.292275667,-0.894460258,-0.204377418,1,0.533022946,-0.191069833,-0.441806120,0.269714019,0.292275667,-0.894460258,-0.204377418
1.777977250,103896.339607541,vr_world,46646,103896.329321958,0.010286042,1,0.383081000,-0.375917000,-0.351461000,0.032951648,-0.638947587,0.733195642,0.230400348,1,0.524263288,-0.253272517,-0.389530757,0.032951648,-0.638947587,0.733195642,0.230400348,46729,103896.329321958,0.010286042,1,0.590749000,-0.015594400,-0.385385000,0.264460820,0.294993605,-0.898493440,-0.189073494,1,0.532123415,-0.188710000,-0.437636281,0.264460820,0.294993605,-0.898493440,-0.189073494
1.790403792,103896.352034083,vr_world,46646,103896.329321958,0.022712750,1,0.383081000,-0.375917000,-0.351461000,0.032951648,-0.638947587,0.733195642,0.230400348,1,0.524263288,-0.253272517,-0.389530757,0.032951648,-0.638947587,0.733195642,0.230400348,46729,103896.329321958,0.022712750,1,0.590749000,-0.015594400,-0.385385000,0.264460820,0.294993605,-0.898493440,-0.189073494,1,0.532123415,-0.188710000,-0.437636281,0.264460820,0.294993605,-0.898493440,-0.189073494
1.802803292,103896.364433583,vr_world,46647,103896.352516791,0.011917500,1,0.376163000,-0.365623000,-0.343672000,0.038133361,-0.656292981,0.729269528,0.189713798,1,0.516688451,-0.241314520,-0.378649839,0.038133361,-0.656292981,0.729269528,0.189713798,46730,103896.352516791,0.011917500,1,0.586166000,-0.009403930,-0.381642000,0.256223449,0.295951223,-0.904109171,-0.171315572,1,0.529802975,-0.184239442,-0.430550107,0.256223449,0.295951223,-0.904109171,-0.171315572
1.815218125,103896.376848416,vr_world,46648,103896.375321250,0.001527708,1,0.369155000,-0.355486000,-0.336196000,0.037456415,-0.671047578,0.724141334,0.154633420,1,0.508211624,-0.229338576,-0.370453248,0.037456415,-0.671047578,0.724141334,0.154633420,46731,103896.375321250,0.001527708,1,0.581697000,-0.003509830,-0.377401000,0.248234915,0.293252293,-0.909926352,-0.156257970,1,0.525951131,-0.179383122,-0.423195831,0.248234915,0.293252293,-0.909926352,-0.156257970
1.827607209,103896.389237500,vr_world,46648,103896.375321250,0.013916583,1,0.369155000,-0.355486000,-0.336196000,0.037456415,-0.671047578,0.724141334,0.154633420,1,0.508211624,-0.229338576,-0.370453248,0.037456415,-0.671047578,0.724141334,0.154633420,46731,103896.375321250,0.013916583,1,0.581697000,-0.003509830,-0.377401000,0.248234915,0.293252293,-0.909926352,-0.156257970,1,0.525951131,-0.179383122,-0.423195831,0.248234915,0.293252293,-0.909926352,-0.156257970
1.840031292,103896.401661583,vr_world,46649,103896.398163083,0.003499167,1,0.365513000,-0.349385000,-0.333756000,0.038784023,-0.681998621,0.716699484,0.140412004,1,0.502300279,-0.220458721,-0.366781963,0.038784023,-0.681998621,0.716699484,0.140412004,46732,103896.398163083,0.003499167,1,0.578333000,0.000612013,-0.375316000,0.244202607,0.290569508,-0.913135027,-0.148724140,1,0.522395112,-0.175636916,-0.419400862,0.244202607,0.290569508,-0.913135027,-0.148724140
1.852436375,103896.414066666,vr_world,46649,103896.398163083,0.015904083,1,0.365513000,-0.349385000,-0.333756000,0.038784023,-0.681998621,0.716699484,0.140412004,1,0.502300279,-0.220458721,-0.366781963,0.038784023,-0.681998621,0.716699484,0.140412004,46732,103896.398163083,0.015904083,1,0.578333000,0.000612013,-0.375316000,0.244202607,0.290569508,-0.913135027,-0.148724140,1,0.522395112,-0.175636916,-0.419400862,0.244202607,0.290569508,-0.913135027,-0.148724140
1.864855917,103896.426486208,vr_world,46650,103896.421727708,0.004758750,1,0.358670000,-0.338600000,-0.329287000,0.044532469,-0.698086763,0.706268823,0.108977431,1,0.492893460,-0.206287926,-0.359304252,0.044532469,-0.698086763,0.706268823,0.108977431,46733,103896.421727708,0.004758750,1,0.571973000,0.008065450,-0.371373000,0.234909925,0.292951634,-0.917486521,-0.131206523,1,0.518658775,-0.169736530,-0.412364675,0.234909925,0.292951634,-0.917486521,-0.131206523
1.877266084,103896.438896375,vr_world,46650,103896.421727708,0.017169042,1,0.358670000,-0.338600000,-0.329287000,0.044532469,-0.698086763,0.706268823,0.108977431,1,0.492893460,-0.206287926,-0.359304252,0.044532469,-0.698086763,0.706268823,0.108977431,46733,103896.421727708,0.017169042,1,0.571973000,0.008065450,-0.371373000,0.234909925,0.292951634,-0.917486521,-0.131206523,1,0.518658775,-0.169736530,-0.412364675,0.234909925,0.292951634,-0.917486521,-0.131206523
1.889314084,103896.450944375,vr_world,46651,103896.444705708,0.006239042,1,0.351948000,-0.327760000,-0.325857000,0.053389636,-0.711156759,0.696323637,0.080864100,1,0.483994009,-0.192469889,-0.352008025,0.053389636,-0.711156759,0.696323637,0.080864100,46734,103896.444705708,0.006239042,1,0.564791000,0.016267600,-0.367366000,0.224117666,0.295317068,-0.922100464,-0.110859533,1,0.514321607,-0.163185512,-0.404590032,0.224117666,0.295317068,-0.922100464,-0.110859533
1.901731417,103896.463361708,vr_world,46651,103896.444705708,0.018656500,1,0.351948000,-0.327760000,-0.325857000,0.053389636,-0.711156759,0.696323637,0.080864100,1,0.483994009,-0.192469889,-0.352008025,0.053389636,-0.711156759,0.696323637,0.080864100,46734,103896.444705708,0.018656500,1,0.564791000,0.016267600,-0.367366000,0.224117666,0.295317068,-0.922100464,-0.110859533,1,0.514321607,-0.163185512,-0.404590032,0.224117666,0.295317068,-0.922100464,-0.110859533
1.914120792,103896.475751083,vr_world,46652,103896.467775750,0.007975625,1,0.348398000,-0.321034000,-0.324540000,0.053365886,-0.714633543,0.694296790,0.066354711,1,0.480165538,-0.185458505,-0.350617615,0.053365886,-0.714633543,0.694296790,0.066354711,46735,103896.467775750,0.007975625,1,0.560340000,0.021119900,-0.365678000,0.217655694,0.294682980,-0.925506241,-0.096052788,1,0.511018924,-0.159306830,-0.399587984,0.217655694,0.294682980,-0.925506241,-0.096052788
1.924561917,103896.486192208,vr_world,46652,103896.467775750,0.018417041,1,0.348398000,-0.321034000,-0.324540000,0.053365886,-0.714633543,0.694296790,0.066354711,1,0.480165538,-0.185458505,-0.350617615,0.053365886,-0.714633543,0.694296790,0.066354711,46735,103896.467775750,0.018417041,1,0.560340000,0.021119900,-0.365678000,0.217655694,0.294682980,-0.925506241,-0.096052788,1,0.511018924,-0.159306830,-0.399587984,0.217655694,0.294682980,-0.925506241,-0.096052788
1.936940750,103896.498571041,vr_world,46653,103896.490931625,0.007639916,1,0.343107000,-0.310061000,-0.322388000,0.056843971,-0.717156043,0.693493029,0.039030659,1,0.475827474,-0.175158535,-0.347087122,0.056843971,-0.717156043,0.693493029,0.039030659,46736,103896.490931625,0.007639916,1,0.552515000,0.029430200,-0.361648000,0.203961989,0.299413563,-0.928968591,-0.075949862,1,0.506801702,-0.152503990,-0.392412058,0.203961989,0.299413563,-0.928968591,-0.075949862
1.949345917,103896.510976208,vr_world,46653,103896.490931625,0.020045166,1,0.343107000,-0.310061000,-0.322388000,0.056843971,-0.717156043,0.693493029,0.039030659,1,0.475827474,-0.175158535,-0.347087122,0.056843971,-0.717156043,0.693493029,0.039030659,46736,103896.490931625,0.020045166,1,0.552515000,0.029430200,-0.361648000,0.203961989,0.299413563,-0.928968591,-0.075949862,1,0.506801702,-0.152503990,-0.392412058,0.203961989,0.299413563,-0.928968591,-0.075949862
1.961777584,103896.523407875,vr_world,46654,103896.514085083,0.009323083,1,0.337852000,-0.299762000,-0.321000000,0.059625980,-0.719141956,0.692090660,0.017032553,1,0.471158268,-0.165229571,-0.344535307,0.059625980,-0.719141956,0.692090660,0.017032553,46737,103896.514085083,0.009323083,1,0.543797000,0.038343500,-0.357397000,0.188898507,0.305108502,-0.931522910,-0.059086584,1,0.501765873,-0.144796417,-0.386195821,0.188898507,0.305108502,-0.931522910,-0.059086584
1.974192334,103896.535822625,vr_world,46654,103896.514085083,0.021738000,1,0.337852000,-0.299762000,-0.321000000,0.059625980,-0.719141956,0.692090660,0.017032553,1,0.471158268,-0.165229571,-0.344535307,0.059625980,-0.719141956,0.692090660,0.017032553,46737,103896.514085083,0.021738000,1,0.543797000,0.038343500,-0.357397000,0.188898507,0.305108502,-0.931522910,-0.059086584,1,0.501765873,-0.144796417,-0.386195821,0.188898507,0.305108502,-0.931522910,-0.059086584
1.986614417,103896.548244708,vr_world,46655,103896.537286208,0.010958833,1,0.335441000,-0.294474000,-0.321525000,0.062511591,-0.717486561,0.693700470,0.009219232,1,0.469847309,-0.160846030,-0.343929136,0.062511591,-0.717486561,0.693700470,0.009219232,46738,103896.537286208,0.010958833,1,0.538207000,0.043869900,-0.356452000,0.182095208,0.304317492,-0.934003530,-0.043238933,1,0.497202803,-0.140059574,-0.381447492,0.182095208,0.304317492,-0.934003530,-0.043238933
1.999026292,103896.560656583,vr_world,46655,103896.537286208,0.023370750,1,0.335441000,-0.294474000,-0.321525000,0.062511591,-0.717486561,0.693700470,0.009219232,1,0.469847309,-0.160846030,-0.343929136,0.062511591,-0.717486561,0.693700470,0.009219232,46738,103896.537286208,0.023370750,1,0.538207000,0.043869900,-0.356452000,0.182095208,0.304317492,-0.934003530,-0.043238933,1,0.497202803,-0.140059574,-0.381447492,0.182095208,0.304317492,-0.934003530,-0.043238933
2.011436334,103896.573066625,vr_world,46656,103896.561069500,0.011997666,1,0.332020000,-0.285868000,-0.321707000,0.066892947,-0.720718391,0.689923803,-0.009771397,1,0.466156744,-0.151678219,-0.342295234,0.066892947,-0.720718391,0.689923803,-0.009771397,46739,103896.561069500,0.011997666,1,0.529844000,0.052655600,-0.354572000,0.170342919,0.305515049,-0.936622340,-0.019556012,1,0.491199085,-0.132426783,-0.374251928,0.170342919,0.305515049,-0.936622340,-0.019556012
2.022414417,103896.584044708,vr_world,46657,103896.583956833,0.000088417,1,0.328934000,-0.277959000,-0.322384000,0.069931263,-0.724610632,0.685091882,-0.026422783,1,0.462275418,-0.142792816,-0.341712505,0.069931263,-0.724610632,0.685091882,-0.026422783,46740,103896.583956833,0.000088417,1,0.522539000,0.060456600,-0.351828000,0.158989515,0.302949423,-0.939645262,-0.003280653,1,0.484185932,-0.125008499,-0.368197543,0.158989515,0.302949423,-0.939645262,-0.003280653
2.033336584,103896.594966875,vr_world,46657,103896.583956833,0.011013750,1,0.328934000,-0.277959000,-0.322384000,0.069931263,-0.724610632,0.685091882,-0.026422783,1,0.462275418,-0.142792816,-0.341712505,0.069931263,-0.724610632,0.685091882,-0.026422783,46740,103896.583956833,0.011013750,1,0.522539000,0.060456600,-0.351828000,0.158989515,0.302949423,-0.939645262,-0.003280653,1,0.484185932,-0.125008499,-0.368197543,0.158989515,0.302949423,-0.939645262,-0.003280653
2.045053292,103896.606683583,vr_world,46657,103896.583956833,0.022727875,1,0.328934000,-0.277959000,-0.322384000,0.069931263,-0.724610632,0.685091882,-0.026422783,1,0.462275418,-0.142792816,-0.341712505,0.069931263,-0.724610632,0.685091882,-0.026422783,46740,103896.583956833,0.022727875,1,0.522539000,0.060456600,-0.351828000,0.158989515,0.302949423,-0.939645262,-0.003280653,1,0.484185932,-0.125008499,-0.368197543,0.158989515,0.302949423,-0.939645262,-0.003280653
2.057402334,103896.619032625,vr_world,46658,103896.607358833,0.011674542,1,0.327437000,-0.274158000,-0.322988000,0.069321670,-0.728131147,0.681269335,-0.029860207,1,0.459528564,-0.137806693,-0.342573575,0.069321670,-0.728131147,0.681269335,-0.029860207,46741,103896.607358833,0.011674542,1,0.516312000,0.064689200,-0.348259000,0.150321613,0.308562637,-0.939242979,-0.003890714,1,0.480191287,-0.121025783,-0.366737295,0.150321613,0.308562637,-0.939242979,-0.003890714
2.069802542,103896.631432833,vr_world,46659,103896.629517750,0.001915625,1,0.327971000,-0.266960000,-0.324949000,0.070364816,-0.736489296,0.671705414,-0.038001932,1,0.456994272,-0.127662155,-0.344251060,0.070364816,-0.736489296,0.671705414,-0.038001932,46742,103896.629517750,0.001915625,1,0.508835000,0.071904800,-0.343956000,0.128838659,0.327952464,-0.935864055,-0.002500416,1,0.480767138,-0.114713577,-0.366803184,0.128838659,0.327952464,-0.935864055,-0.002500416
2.082176459,103896.643806750,vr_world,46659,103896.629517750,0.014289666,1,0.327971000,-0.266960000,-0.324949000,0.070364816,-0.736489296,0.671705414,-0.038001932,1,0.456994272,-0.127662155,-0.344251060,0.070364816,-0.736489296,0.671705414,-0.038001932,46742,103896.629517750,0.014289666,1,0.508835000,0.071904800,-0.343956000,0.128838659,0.327952464,-0.935864055,-0.002500416,1,0.480767138,-0.114713577,-0.366803184,0.128838659,0.327952464,-0.935864055,-0.002500416
2.094542167,103896.656172458,vr_world,46660,103896.652681375,0.003491708,1,0.324770000,-0.261157000,-0.325383000,0.066885334,-0.738686345,0.669395524,-0.042171898,1,0.453057918,-0.121375358,-0.346040428,0.066885334,-0.738686345,0.669395524,-0.042171898,46743,103896.652681375,0.003491708,1,0.499225000,0.077971700,-0.342592000,0.114828576,0.339508539,-0.933559106,0.003967987,1,0.476477904,-0.109273583,-0.366213095,0.114828576,0.339508539,-0.933559106,0.003967987
2.106902625,103896.668532916,vr_world,46660,103896.652681375,0.015852083,1,0.324770000,-0.261157000,-0.325383000,0.066885334,-0.738686345,0.669395524,-0.042171898,1,0.453057918,-0.121375358,-0.346040428,0.066885334,-0.738686345,0.669395524,-0.042171898,46743,103896.652681375,0.015852083,1,0.499225000,0.077971700,-0.342592000,0.114828576,0.339508539,-0.933559106,0.003967987,1,0.476477904,-0.109273583,-0.366213095,0.114828576,0.339508539,-0.933559106,0.003967987
2.119277292,103896.680907583,vr_world,46661,103896.675947250,0.004960916,1,0.325710000,-0.257865000,-0.325670000,0.062390150,-0.741603832,0.666982791,-0.035569395,1,0.452540917,-0.117031507,-0.348104523,0.062390150,-0.741603832,0.666982791,-0.035569395,46744,103896.675947250,0.004960916,1,0.495501000,0.081242900,-0.340496000,0.109952541,0.344167038,-0.932445399,0.002251016,1,0.474644352,-0.106015853,-0.365702797,0.109952541,0.344167038,-0.932445399,0.002251016
2.130673125,103896.692303416,vr_world,46661,103896.675947250,0.016356708,1,0.325710000,-0.257865000,-0.325670000,0.062390150,-0.741603832,0.666982791,-0.035569395,1,0.452540917,-0.117031507,-0.348104523,0.062390150,-0.741603832,0.666982791,-0.035569395,46744,103896.675947250,0.016356708,1,0.495501000,0.081242900,-0.340496000,0.109952541,0.344167038,-0.932445399,0.002251016,1,0.474644352,-0.106015853,-0.365702797,0.109952541,0.344167038,-0.932445399,0.002251016
2.142511750,103896.704142041,vr_world,46662,103896.698903041,0.005239584,1,0.324783000,-0.251722000,-0.326373000,0.054147506,-0.746474393,0.662213964,-0.036286276,1,0.449556620,-0.109606029,-0.352024793,0.054147506,-0.746474393,0.662213964,-0.036286276,46745,103896.698903041,0.005239584,1,0.487559000,0.087702100,-0.336959000,0.092509969,0.356299542,-0.929780902,-0.000130058,1,0.472024463,-0.099472601,-0.366293574,0.092509969,0.356299542,-0.929780902,-0.000130058
2.154811875,103896.716442166,vr_world,46662,103896.698903041,0.017540000,1,0.324783000,-0.251722000,-0.326373000,0.054147506,-0.746474393,0.662213964,-0.036286276,1,0.449556620,-0.109606029,-0.352024793,0.054147506,-0.746474393,0.662213964,-0.036286276,46745,103896.698903041,0.017540000,1,0.487559000,0.087702100,-0.336959000,0.092509969,0.356299542,-0.929780902,-0.000130058,1,0.472024463,-0.099472601,-0.366293574,0.092509969,0.356299542,-0.929780902,-0.000130058
2.165369000,103896.726999291,vr_world,46663,103896.722267500,0.004732500,1,0.323930000,-0.245818000,-0.326746000,0.044318055,-0.750556958,0.658238515,-0.037712331,1,0.446914211,-0.102880757,-0.356195234,0.044318055,-0.750556958,0.658238515,-0.037712331,46746,103896.722267500,0.004732500,1,0.481467000,0.094018900,-0.334857000,0.077450383,0.365512499,-0.927577801,-0.001214211,1,0.470221555,-0.092957402,-0.367254934,0.077450383,0.365512499,-0.927577801,-0.001214211
2.177736417,103896.739366708,vr_world,46663,103896.722267500,0.017099666,1,0.323930000,-0.245818000,-0.326746000,0.044318055,-0.750556958,0.658238515,-0.037712331,1,0.446914211,-0.102880757,-0.356195234,0.044318055,-0.750556958,0.658238515,-0.037712331,46746,103896.722267500,0.017099666,1,0.481467000,0.094018900,-0.334857000,0.077450383,0.365512499,-0.927577801,-0.001214211,1,0.470221555,-0.092957402,-0.367254934,0.077450383,0.365512499,-0.927577801,-0.001214211
2.190110417,103896.751740708,vr_world,46664,103896.745351791,0.006389459,1,0.322682000,-0.242242000,-0.327350000,0.041372762,-0.751298129,0.657372386,-0.041242717,1,0.445460924,-0.099366987,-0.357936684,0.041372762,-0.751298129,0.657372386,-0.041242717,46747,103896.745351791,0.006389459,1,0.478604000,0.097535300,-0.334836000,0.075975646,0.363422321,-0.928511268,0.004329376,1,0.466883862,-0.089699221,-0.365529990,0.075975646,0.363422321,-0.928511268,0.004329376
2.200844125,103896.762474416,vr_world,46664,103896.745351791,0.017123250,1,0.322682000,-0.242242000,-0.327350000,0.041372762,-0.751298129,0.657372386,-0.041242717,1,0.445460924,-0.099366987,-0.357936684,0.041372762,-0.751298129,0.657372386,-0.041242717,46747,103896.745351791,0.017123250,1,0.478604000,0.097535300,-0.334836000,0.075975646,0.363422321,-0.928511268,0.004329376,1,0.466883862,-0.089699221,-0.365529990,0.075975646,0.363422321,-0.928511268,0.004329376
2.213232417,103896.774862708,vr_world,46665,103896.768581291,0.006281709,1,0.321278000,-0.236402000,-0.328411000,0.034898442,-0.753987469,0.654294857,-0.046725101,1,0.443023198,-0.093204554,-0.361517945,0.034898442,-0.753987469,0.654294857,-0.046725101,46748,103896.768581291,0.006281709,1,0.471728000,0.103421000,-0.333349000,0.071785711,0.367114912,-0.927304913,0.013381007,1,0.462140357,-0.084301116,-0.361716408,0.071785711,0.367114912,-0.927304913,0.013381007
2.223897750,103896.785528041,vr_world,46665,103896.768581291,0.016947375,1,0.321278000,-0.236402000,-0.328411000,0.034898442,-0.753987469,0.654294857,-0.046725101,1,0.443023198,-0.093204554,-0.361517945,0.034898442,-0.753987469,0.654294857,-0.046725101,46748,103896.768581291,0.016947375,1,0.471728000,0.103421000,-0.333349000,0.071785711,0.367114912,-0.927304913,0.013381007,1,0.462140357,-0.084301116,-0.361716408,0.071785711,0.367114912,-0.927304913,0.013381007
2.236264167,103896.797894458,vr_world,46666,103896.791162458,0.006732625,1,0.318677000,-0.230557000,-0.328747000,0.027272962,-0.753547619,0.654678616,-0.053085598,1,0.440739019,-0.088323738,-0.364718967,0.027272962,-0.753547619,0.654678616,-0.053085598,46749,103896.791162458,0.006732625,1,0.466787000,0.105988000,-0.330397000,0.057240961,0.366189549,-0.928642689,0.015856960,1,0.457676105,-0.081541759,-0.360159658,0.057240961,0.366189549,-0.928642689,0.015856960
2.246622042,103896.808252333,vr_world,46666,103896.791162458,0.017090333,1,0.318677000,-0.230557000,-0.328747000,0.027272962,-0.753547619,0.654678616,-0.053085598,1,0.440739019,-0.088323738,-0.364718967,0.027272962,-0.753547619,0.654678616,-0.053085598,46749,103896.791162458,0.017090333,1,0.466787000,0.105988000,-0.330397000,0.057240961,0.366189549,-0.928642689,0.015856960,1,0.457676105,-0.081541759,-0.360159658,0.057240961,0.366189549,-0.928642689,0.015856960
2.257260584,103896.818890875,vr_world,46667,103896.814435958,0.004455375,1,0.319185000,-0.227556000,-0.328519000,0.023607581,-0.757244000,0.650552172,-0.052972421,1,0.439534195,-0.084249568,-0.365972513,0.023607581,-0.757244000,0.650552172,-0.052972421,46750,103896.814435958,0.004455375,1,0.462804000,0.106796000,-0.327183000,0.043660500,0.370282658,-0.927892511,0.000036777,1,0.455408916,-0.079455580,-0.364491375,0.043660500,0.370282658,-0.927892511,0.000036777
2.269628750,103896.831259041,vr_world,46667,103896.814435958,0.016823750,1,0.319185000,-0.227556000,-0.328519000,0.023607581,-0.757244000,0.650552172,-0.052972421,1,0.439534195,-0.084249568,-0.365972513,0.023607581,-0.757244000,0.650552172,-0.052972421,46750,103896.814435958,0.016823750,1,0.462804000,0.106796000,-0.327183000,0.043660500,0.370282658,-0.927892511,0.000036777,1,0.455408916,-0.079455580,-0.364491375,0.043660500,0.370282658,-0.927892511,0.000036777
2.282027459,103896.843657750,vr_world,46668,103896.837705958,0.005952292,1,0.317995000,-0.221268000,-0.328088000,0.012138750,-0.754966567,0.653246828,-0.056095598,1,0.439142593,-0.079809236,-0.369754475,0.012138750,-0.754966567,0.653246828,-0.056095598,46751,103896.837705958,0.005952292,1,0.456129000,0.110240000,-0.324753000,0.024846674,0.374991610,-0.926687359,-0.003804384,1,0.451721817,-0.075220263,-0.366241574,0.024846674,0.374991610,-0.926687359,-0.003804384
2.293959209,103896.855589500,vr_world,46668,103896.837705958,0.017883958,1,0.317995000,-0.221268000,-0.328088000,0.012138750,-0.754966567,0.653246828,-0.056095598,1,0.439142593,-0.079809236,-0.369754475,0.012138750,-0.754966567,0.653246828,-0.056095598,46751,103896.837705958,0.017883958,1,0.456129000,0.110240000,-0.324753000,0.024846674,0.374991610,-0.926687359,-0.003804384,1,0.451721817,-0.075220263,-0.366241574,0.024846674,0.374991610,-0.926687359,-0.003804384
2.306339459,103896.867969750,vr_world,46669,103896.860779375,0.007190916,1,0.315702000,-0.218350000,-0.327527000,0.009060387,-0.752608359,0.655629327,-0.060404906,1,0.437967075,-0.078178868,-0.370267568,0.009060387,-0.752608359,0.655629327,-0.060404906,46752,103896.860779375,0.007190916,1,0.449786000,0.111675000,-0.323848000,0.013814410,0.371147576,-0.928445577,0.006888319,1,0.445048372,-0.074224022,-0.363285384,0.013814410,0.371147576,-0.928445577,0.006888319
2.318761167,103896.880391458,vr_world,46669,103896.860779375,0.019612833,1,0.315702000,-0.218350000,-0.327527000,0.009060387,-0.752608359,0.655629327,-0.060404906,1,0.437967075,-0.078178868,-0.370267568,0.009060387,-0.752608359,0.655629327,-0.060404906,46752,103896.860779375,0.019612833,1,0.449786000,0.111675000,-0.323848000,0.013814410,0.371147576,-0.928445577,0.006888319,1,0.445048372,-0.074224022,-0.363285384,0.013814410,0.371147576,-0.928445577,0.006888319
2.330142917,103896.891773208,vr_world,46670,103896.883818416,0.007955500,1,0.315912000,-0.216330000,-0.326464000,0.003047509,-0.750637514,0.658180449,-0.057728089,1,0.438655005,-0.077256557,-0.371366125,0.003047509,-0.750637514,0.658180449,-0.057728089,46753,103896.883818416,0.007955500,1,0.446893000,0.111914000,-0.322225000,0.004736267,0.368356697,-0.929668928,0.002568264,1,0.441586443,-0.073354086,-0.364459605,0.004736267,0.368356697,-0.929668928,0.002568264
2.342544417,103896.904174708,vr_world,46670,103896.883818416,0.020356792,1,0.315912000,-0.216330000,-0.326464000,0.003047509,-0.750637514,0.658180449,-0.057728089,1,0.438655005,-0.077256557,-0.371366125,0.003047509,-0.750637514,0.658180449,-0.057728089,46753,103896.883818416,0.020356792,1,0.446893000,0.111914000,-0.322225000,0.004736267,0.368356697,-0.929668928,0.002568264,1,0.441586443,-0.073354086,-0.364459605,0.004736267,0.368356697,-0.929668928,0.002568264
2.354917959,103896.916548250,vr_world,46671,103896.906964208,0.009584375,1,0.315454000,-0.213121000,-0.325205000,0.007501036,0.745483736,-0.663981958,0.057668830,1,0.439870732,-0.076817386,-0.373838451,0.007501036,0.745483736,-0.663981958,0.057668830,46754,103896.906964208,0.009584375,1,0.441080000,0.111728000,-0.320393000,0.011060448,-0.369472620,0.929175666,0.000482231,1,0.437424435,-0.072791092,-0.365951449,0.011060448,-0.369472620,0.929175666,0.000482231
2.365360834,103896.926991125,vr_world,46671,103896.906964208,0.020027208,1,0.315454000,-0.213121000,-0.325205000,0.007501036,0.745483736,-0.663981958,0.057668830,1,0.439870732,-0.076817386,-0.373838451,0.007501036,0.745483736,-0.663981958,0.057668830,46754,103896.906964208,0.020027208,1,0.441080000,0.111728000,-0.320393000,0.011060448,-0.369472620,0.929175666,0.000482231,1,0.437424435,-0.072791092,-0.365951449,0.011060448,-0.369472620,0.929175666,0.000482231
2.377739417,103896.939369708,vr_world,46672,103896.930356750,0.009013541,1,0.314541000,-0.214124000,-0.324767000,0.008417774,0.746990762,-0.662940868,0.049430225,1,0.437834676,-0.076945823,-0.373800317,0.008417774,0.746990762,-0.662940868,0.049430225,46755,103896.930356750,0.009013541,1,0.433935000,0.112349000,-0.318870000,0.025848959,-0.386557883,0.921902620,0.000627127,1,0.438402749,-0.071650846,-0.366412669,0.025848959,-0.386557883,0.921902620,0.000627127
2.389969792,103896.951600083,vr_world,46672,103896.930356750,0.021243666,1,0.314541000,-0.214124000,-0.324767000,0.008417774,0.746990762,-0.662940868,0.049430225,1,0.437834676,-0.076945823,-0.373800317,0.008417774,0.746990762,-0.662940868,0.049430225,46755,103896.930356750,0.021243666,1,0.433935000,0.112349000,-0.318870000,0.025848959,-0.386557883,0.921902620,0.000627127,1,0.438402749,-0.071650846,-0.366412669,0.025848959,-0.386557883,0.921902620,0.000627127
2.402257125,103896.963887416,vr_world,46673,103896.954168291,0.009719417,1,0.315029000,-0.214895000,-0.325071000,0.003707588,0.748067112,-0.662366928,0.040643606,1,0.437626861,-0.076498207,-0.372395094,0.003707588,0.748067112,-0.662366928,0.040643606,46756,103896.954168291,0.009719417,1,0.434639000,0.113396000,-0.318301000,0.025406115,-0.389135836,0.920829281,0.001124774,1,0.440084413,-0.070554946,-0.365930896,0.025406115,-0.389135836,0.920829281,0.001124774
2.414316375,103896.975946666,vr_world,46673,103896.954168291,0.021778917,1,0.315029000,-0.214895000,-0.325071000,0.003707588,0.748067112,-0.662366928,0.040643606,1,0.437626861,-0.076498207,-0.372395094,0.003707588,0.748067112,-0.662366928,0.040643606,46756,103896.954168291,0.021778917,1,0.434639000,0.113396000,-0.318301000,0.025406115,-0.389135836,0.920829281,0.001124774,1,0.440084413,-0.070554946,-0.365930896,0.025406115,-0.389135836,0.920829281,0.001124774
2.424855834,103896.986486125,vr_world,46674,103896.977400333,0.009087625,1,0.314124000,-0.215227000,-0.324401000,0.002456034,0.748289734,-0.662743988,0.028754973,1,0.435997095,-0.076030207,-0.371248107,0.002456034,0.748289734,-0.662743988,0.028754973,46757,103896.977400333,0.009087625,1,0.433415000,0.114502000,-0.317845000,0.020723335,-0.379257217,0.925056202,-0.002351452,1,0.434584297,-0.069967392,-0.363735146,0.020723335,-0.379257217,0.925056202,-0.002351452
2.437167792,103896.998798083,vr_world,46674,103896.977400333,0.021398708,1,0.314124000,-0.215227000,-0.324401000,0.002456034,0.748289734,-0.662743988,0.028754973,1,0.435997095,-0.076030207,-0.371248107,0.002456034,0.748289734,-0.662743988,0.028754973,46757,103896.977400333,0.021398708,1,0.433415000,0.114502000,-0.317845000,0.020723335,-0.379257217,0.925056202,-0.002351452,1,0.434584297,-0.069967392,-0.363735146,0.020723335,-0.379257217,0.925056202,-0.002351452
2.449551959,103897.011182250,vr_world,46675,103897.001752875,0.009430208,1,0.312940000,-0.216819000,-0.324280000,0.003456449,0.749280677,-0.661935900,0.020183759,1,0.433806417,-0.076866232,-0.371481396,0.003456449,0.749280677,-0.661935900,0.020183759,46758,103897.001752875,0.009430208,1,0.430127000,0.115163000,-0.316937000,0.022908953,-0.382169400,0.923806911,-0.001587994,1,0.432633917,-0.069158729,-0.363363504,0.022908953,-0.382169400,0.923806911,-0.001587994
2.461264834,103897.022895125,vr_world,46675,103897.001752875,0.021143041,1,0.312940000,-0.216819000,-0.324280000,0.003456449,0.749280677,-0.661935900,0.020183759,1,0.433806417,-0.076866232,-0.371481396,0.003456449,0.749280677,-0.661935900,0.020183759,46758,103897.001752875,0.021143041,1,0.430127000,0.115163000,-0.316937000,0.022908953,-0.382169400,0.923806911,-0.001587994,1,0.432633917,-0.069158729,-0.363363504,0.022908953,-0.382169400,0.923806911,-0.001587994
2.473672125,103897.035302416,vr_world,46676,103897.025012541,0.010290500,1,0.311047000,-0.218062000,-0.324025000,0.002530762,0.748450411,-0.663012551,0.015163597,1,0.431998624,-0.078057472,-0.370853109,0.002530762,0.748450411,-0.663012551,0.015163597,46759,103897.025012541,0.010290500,1,0.427519000,0.116599000,-0.316803000,0.030087332,-0.382654143,0.923401018,-0.001058289,1,0.430861906,-0.067416384,-0.364378280,0.030087332,-0.382654143,0.923401018,-0.001058289
2.485437875,103897.047068166,vr_world,46676,103897.025012541,0.022056375,1,0.311047000,-0.218062000,-0.324025000,0.002530762,0.748450411,-0.663012551,0.015163597,1,0.431998624,-0.078057472,-0.370853109,0.002530762,0.748450411,-0.663012551,0.015163597,46759,103897.025012541,0.022056375,1,0.427519000,0.116599000,-0.316803000,0.030087332,-0.382654143,0.923401018,-0.001058289,1,0.430861906,-0.067416384,-0.364378280,0.030087332,-0.382654143,0.923401018,-0.001058289
2.497806875,103897.059437166,vr_world,46677,103897.047885750,0.011552000,1,0.308611000,-0.219185000,-0.323640000,0.002721469,0.744496876,-0.667413598,0.016615788,1,0.431306274,-0.080719864,-0.370508846,0.002721469,0.744496876,-0.667413598,0.016615788,46760,103897.047885750,0.011552000,1,0.426152000,0.117223000,-0.317265000,0.032535497,-0.380925554,0.924023196,-0.004277518,1,0.429112877,-0.066991649,-0.364088108,0.032535497,-0.380925554,0.924023196,-0.004277518
2.510214959,103897.071845250,vr_world,46678,103897.070813208,0.001032583,1,0.305443000,-0.221253000,-0.322997000,0.002581927,0.741984501,-0.670209080,0.016496167,1,0.429180019,-0.083692552,-0.369791019,0.002581927,0.741984501,-0.670209080,0.016496167,46761,103897.070813208,0.001032583,1,0.423453000,0.118144000,-0.317407000,0.036030278,-0.379639079,0.924414362,-0.005837535,1,0.426264931,-0.066084796,-0.364183480,0.036030278,-0.379639079,0.924414362,-0.005837535
2.522630459,103897.084260750,vr_world,46678,103897.070813208,0.013448042,1,0.305443000,-0.221253000,-0.322997000,0.002581927,0.741984501,-0.670209080,0.016496167,1,0.429180019,-0.083692552,-0.369791019,0.002581927,0.741984501,-0.670209080,0.016496167,46761,103897.070813208,0.013448042,1,0.423453000,0.118144000,-0.317407000,0.036030278,-0.379639079,0.924414362,-0.005837535,1,0.426264931,-0.066084796,-0.364183480,0.036030278,-0.379639079,0.924414362,-0.005837535
2.535022250,103897.096652541,vr_world,46679,103897.094609541,0.002043375,1,0.302498000,-0.223413000,-0.322279000,0.003057364,0.738650890,-0.673875470,0.016654314,1,0.427581025,-0.087125185,-0.369218488,0.003057364,0.738650890,-0.673875470,0.016654314,46762,103897.094609541,0.002043375,1,0.419444000,0.119219000,-0.317255000,0.042108614,-0.381553978,0.923361980,-0.006788344,1,0.423620175,-0.064867505,-0.364488076,0.042108614,-0.381553978,0.923361980,-0.006788344
2.546670959,103897.108301250,vr_world,46679,103897.094609541,0.013692209,1,0.302498000,-0.223413000,-0.322279000,0.003057364,0.738650890,-0.673875470,0.016654314,1,0.427581025,-0.087125185,-0.369218488,0.003057364,0.738650890,-0.673875470,0.016654314,46762,103897.094609541,0.013692209,1,0.419444000,0.119219000,-0.317255000,0.042108614,-0.381553978,0.923361980,-0.006788344,1,0.423620175,-0.064867505,-0.364488076,0.042108614,-0.381553978,0.923361980,-0.006788344
2.557895417,103897.119525708,vr_world,46680,103897.117003375,0.002522625,1,0.300945000,-0.225093000,-0.321292000,0.005416291,0.736772552,-0.675905298,0.016997002,1,0.426666689,-0.089692675,-0.369085854,0.005416291,0.736772552,-0.675905298,0.016997002,46763,103897.117003375,0.002522625,1,0.417299000,0.119519000,-0.317445000,0.047665330,-0.383797248,0.922145011,-0.008733089,1,0.422950709,-0.064522030,-0.364701587,0.047665330,-0.383797248,0.922145011,-0.008733089
2.570285667,103897.131915958,vr_world,46680,103897.117003375,0.014913375,1,0.300945000,-0.225093000,-0.321292000,0.005416291,0.736772552,-0.675905298,0.016997002,1,0.426666689,-0.089692675,-0.369085854,0.005416291,0.736772552,-0.675905298,0.016997002,46763,103897.117003375,0.014913375,1,0.417299000,0.119519000,-0.317445000,0.047665330,-0.383797248,0.922145011,-0.008733089,1,0.422950709,-0.064522030,-0.364701587,0.047665330,-0.383797248,0.922145011,-0.008733089
2.582702584,103897.144332875,vr_world,46681,103897.140718708,0.003614500,1,0.298365000,-0.227965000,-0.319161000,0.010944802,0.733148125,-0.679812699,0.015123929,1,0.425057658,-0.094205393,-0.368968555,0.010944802,0.733148125,-0.679812699,0.015123929,46764,103897.140718708,0.003614500,1,0.414764000,0.120274000,-0.317757000,0.053448314,-0.384296858,0.921580618,-0.012180650,1,0.421251548,-0.063853108,-0.364568621,0.053448314,-0.384296858,0.921580618,-0.012180650
2.595088792,103897.156719083,vr_world,46681,103897.140718708,0.016001042,1,0.298365000,-0.227965000,-0.319161000,0.010944802,0.733148125,-0.679812699,0.015123929,1,0.425057658,-0.094205393,-0.368968555,0.010944802,0.733148125,-0.679812699,0.015123929,46764,103897.140718708,0.016001042,1,0.414764000,0.120274000,-0.317757000,0.053448314,-0.384296858,0.921580618,-0.012180650,1,0.421251548,-0.063853108,-0.364568621,0.053448314,-0.384296858,0.921580618,-0.012180650
2.607515084,103897.169145375,vr_world,46682,103897.164435708,0.004712708,1,0.295915000,-0.232259000,-0.316775000,0.017721146,0.731438352,-0.681607731,0.009736464,1,0.422442597,-0.099300381,-0.369083767,0.017721146,0.731438352,-0.681607731,0.009736464,46765,103897.164435708,0.004712708,1,0.411909000,0.120645000,-0.317442000,0.056752723,-0.384832832,0.921130798,-0.014172955,1,0.418975026,-0.063530160,-0.363980649,0.056752723,-0.384832832,0.921130798,-0.014172955
2.618676125,103897.180306416,vr_world,46682,103897.164435708,0.015871417,1,0.295915000,-0.232259000,-0.316775000,0.017721146,0.731438352,-0.681607731,0.009736464,1,0.422442597,-0.099300381,-0.369083767,0.017721146,0.731438352,-0.681607731,0.009736464,46765,103897.164435708,0.015871417,1,0.411909000,0.120645000,-0.317442000,0.056752723,-0.384832832,0.921130798,-0.014172955,1,0.418975026,-0.063530160,-0.363980649,0.056752723,-0.384832832,0.921130798,-0.014172955
2.629358542,103897.190988833,vr_world,46683,103897.187381666,0.003609834,1,0.294264000,-0.235879000,-0.315529000,0.018964892,0.732072320,-0.680948316,0.004454409,1,0.420079183,-0.102433010,-0.368313073,0.018964892,0.732072320,-0.680948316,0.004454409,46766,103897.187381666,0.003609834,1,0.410252000,0.120794000,-0.316802000,0.057575947,-0.386926960,0.920217672,-0.013113909,1,0.418219021,-0.063237137,-0.363762353,0.057575947,-0.386926960,0.920217672,-0.013113909
2.641761917,103897.203392208,vr_world,46683,103897.187381666,0.016011209,1,0.294264000,-0.235879000,-0.315529000,0.018964892,0.732072320,-0.680948316,0.004454409,1,0.420079183,-0.102433010,-0.368313073,0.018964892,0.732072320,-0.680948316,0.004454409,46766,103897.187381666,0.016011209,1,0.410252000,0.120794000,-0.316802000,0.057575947,-0.386926960,0.920217672,-0.013113909,1,0.418219021,-0.063237137,-0.363762353,0.057575947,-0.386926960,0.920217672,-0.013113909
2.654184167,103897.215814458,vr_world,46684,103897.210318666,0.005496042,1,0.290463000,-0.242023000,-0.313435000,0.018855214,0.730829601,-0.682293735,-0.002798976,1,0.416254198,-0.108544261,-0.366193347,0.018855214,0.730829601,-0.682293735,-0.002798976,46767,103897.210318666,0.005496042,1,0.407227000,0.121192000,-0.316406000,0.063538154,-0.387959654,0.919364524,-0.014801413,1,0.416239027,-0.062753588,-0.363513038,0.063538154,-0.387959654,0.919364524,-0.014801413
2.666591709,103897.228222000,vr_world,46684,103897.210318666,0.017904292,1,0.290463000,-0.242023000,-0.313435000,0.018855214,0.730829601,-0.682293735,-0.002798976,1,0.416254198,-0.108544261,-0.366193347,0.018855214,0.730829601,-0.682293735,-0.002798976,46767,103897.210318666,0.017904292,1,0.407227000,0.121192000,-0.316406000,0.063538154,-0.387959654,0.919364524,-0.014801413,1,0.416239027,-0.062753588,-0.363513038,0.063538154,-0.387959654,0.919364524,-0.014801413
2.679026042,103897.240656333,vr_world,46685,103897.233612541,0.007046042,1,0.286350000,-0.248602000,-0.311167000,0.018883431,0.727388902,-0.685931820,-0.006807293,1,0.413187780,-0.116128565,-0.363953495,0.018883431,0.727388902,-0.685931820,-0.006807293,46768,103897.233612541,0.007046042,1,0.403799000,0.121486000,-0.315394000,0.071991173,-0.391884334,0.917049851,-0.016233031,1,0.415277073,-0.062207356,-0.362946073,0.071991173,-0.391884334,0.917049851,-0.016233031
2.691444042,103897.253074333,vr_world,46685,103897.233612541,0.019462250,1,0.286350000,-0.248602000,-0.311167000,0.018883431,0.727388902,-0.685931820,-0.006807293,1,0.413187780,-0.116128565,-0.363953495,0.018883431,0.727388902,-0.685931820,-0.006807293,46768,103897.233612541,0.019462250,1,0.403799000,0.121486000,-0.315394000,0.071991173,-0.391884334,0.917049851,-0.016233031,1,0.415277073,-0.062207356,-0.362946073,0.071991173,-0.391884334,0.917049851,-0.016233031
2.703884459,103897.265514750,vr_world,46686,103897.257572000,0.007944625,1,0.283490000,-0.253891000,-0.309577000,0.020030888,0.722669082,-0.690861328,-0.007667273,1,0.411982436,-0.123201053,-0.362805317,0.020030888,0.722669082,-0.690861328,-0.007667273,46769,103897.257572000,0.007944625,1,0.401878000,0.121609000,-0.314507000,0.075932182,-0.392065823,0.916673149,-0.015133800,1,0.413831714,-0.061830697,-0.362913984,0.075932182,-0.392065823,0.916673149,-0.015133800
2.716307959,103897.277938250,vr_world,46686,103897.257572000,0.020368958,1,0.283490000,-0.253891000,-0.309577000,0.020030888,0.722669082,-0.690861328,-0.007667273,1,0.411982436,-0.123201053,-0.362805317,0.020030888,0.722669082,-0.690861328,-0.007667273,46769,103897.257572000,0.020368958,1,0.401878000,0.121609000,-0.314507000,0.075932182,-0.392065823,0.916673149,-0.015133800,1,0.413831714,-0.061830697,-0.362913984,0.075932182,-0.392065823,0.916673149,-0.015133800
2.728747875,103897.290378166,vr_world,46687,103897.281355708,0.009024417,1,0.278929000,-0.263175000,-0.307482000,0.017244044,0.715524951,-0.698283628,-0.011254468,1,0.410054244,-0.134730380,-0.359746803,0.017244044,0.715524951,-0.698283628,-0.011254468,46770,103897.281355708,0.009024417,1,0.398346000,0.121566000,-0.313822000,0.083688053,-0.393815446,0.915234980,-0.015831505,1,0.411845670,-0.061597917,-0.362862614,0.083688053,-0.393815446,0.915234980,-0.015831505
2.741180792,103897.302811083,vr_world,46687,103897.281355708,0.021457458,1,0.278929000,-0.263175000,-0.307482000,0.017244044,0.715524951,-0.698283628,-0.011254468,1,0.410054244,-0.134730380,-0.359746803,0.017244044,0.715524951,-0.698283628,-0.011254468,46770,103897.281355708,0.021457458,1,0.398346000,0.121566000,-0.313822000,0.083688053,-0.393815446,0.915234980,-0.015831505,1,0.411845670,-0.061597917,-0.362862614,0.083688053,-0.393815446,0.915234980,-0.015831505
2.753572167,103897.315202458,vr_world,46688,103897.304734708,0.010468167,1,0.274918000,-0.273167000,-0.303471000,0.026521627,0.705068055,-0.708511479,-0.013679385,1,0.408838050,-0.149147580,-0.359220751,0.026521627,0.705068055,-0.708511479,-0.013679385,46771,103897.304734708,0.010468167,1,0.395003000,0.121587000,-0.313333000,0.091301737,-0.393934366,0.914448557,-0.016234044,1,0.409398207,-0.061305032,-0.363127540,0.091301737,-0.393934366,0.914448557,-0.016234044
2.765983000,103897.327613291,vr_world,46688,103897.304734708,0.022882542,1,0.274918000,-0.273167000,-0.303471000,0.026521627,0.705068055,-0.708511479,-0.013679385,1,0.408838050,-0.149147580,-0.359220751,0.026521627,0.705068055,-0.708511479,-0.013679385,46771,103897.304734708,0.022882542,1,0.395003000,0.121587000,-0.313333000,0.091301737,-0.393934366,0.914448557,-0.016234044,1,0.409398207,-0.061305032,-0.363127540,0.091301737,-0.393934366,0.914448557,-0.016234044
2.777201292,103897.338831583,vr_world,46689,103897.328107958,0.010725500,1,0.272825000,-0.279384000,-0.300946000,0.039306936,0.696094336,-0.716766075,-0.012411024,1,0.408724004,-0.159787335,-0.361373923,0.039306936,0.696094336,-0.716766075,-0.012411024,46772,103897.328107958,0.010725500,1,0.392352000,0.121648000,-0.313230000,0.095399858,-0.396152677,0.913044084,-0.017675521,1,0.408106221,-0.061161046,-0.362917547,0.095399858,-0.396152677,0.913044084,-0.017675521
2.789614292,103897.351244583,vr_world,46690,103897.351005000,0.000240000,1,0.268363000,-0.290999000,-0.297385000,0.054122564,0.678891886,-0.732120437,-0.013274800,1,0.408190819,-0.179044287,-0.363246559,0.054122564,0.678891886,-0.732120437,-0.013274800,46773,103897.351005000,0.000240000,1,0.388289000,0.121734000,-0.312908000,0.103873875,-0.400210853,0.910325020,-0.018704279,1,0.406640609,-0.060712398,-0.363035568,0.103873875,-0.400210853,0.910325020,-0.018704279
2.802049125,103897.363679416,vr_world,46690,103897.351005000,0.012676458,1,0.268363000,-0.290999000,-0.297385000,0.054122564,0.678891886,-0.732120437,-0.013274800,1,0.408190819,-0.179044287,-0.363246559,0.054122564,0.678891886,-0.732120437,-0.013274800,46773,103897.351005000,0.012676458,1,0.388289000,0.121734000,-0.312908000,0.103873875,-0.400210853,0.910325020,-0.018704279,1,0.406640609,-0.060712398,-0.363035568,0.103873875,-0.400210853,0.910325020,-0.018704279
2.814468542,103897.376098833,vr_world,46691,103897.374583583,0.001516958,1,0.264144000,-0.302728000,-0.293395000,0.073606490,0.653598234,-0.753082946,-0.016047068,1,0.408791726,-0.201850180,-0.366361802,0.073606490,0.653598234,-0.753082946,-0.016047068,46774,103897.374583583,0.001516958,1,0.384595000,0.121825000,-0.313015000,0.110195640,-0.402760984,0.908418383,-0.020409620,1,0.404710587,-0.060437055,-0.363136048,0.110195640,-0.402760984,0.908418383,-0.020409620
2.826876417,103897.388506708,vr_world,46691,103897.374583583,0.013923875,1,0.264144000,-0.302728000,-0.293395000,0.073606490,0.653598234,-0.753082946,-0.016047068,1,0.408791726,-0.201850180,-0.366361802,0.073606490,0.653598234,-0.753082946,-0.016047068,46774,103897.374583583,0.013923875,1,0.384595000,0.121825000,-0.313015000,0.110195640,-0.402760984,0.908418383,-0.020409620,1,0.404710587,-0.060437055,-0.363136048,0.110195640,-0.402760984,0.908418383,-0.020409620
2.839307125,103897.400937416,vr_world,46692,103897.398665583,0.002273917,1,0.262484000,-0.309553000,-0.291711000,0.088472714,0.633982997,-0.768008297,-0.020034850,1,0.409914112,-0.217129545,-0.370105354,0.088472714,0.633982997,-0.768008297,-0.020034850,46775,103897.398665583,0.002273917,1,0.382428000,0.121816000,-0.313047000,0.112343336,-0.404749367,0.907270058,-0.020444215,1,0.403590602,-0.060291500,-0.363298714,0.112343336,-0.404749367,0.907270058,-0.020444215
2.851713375,103897.413343666,vr_world,46692,103897.398665583,0.014679000,1,0.262484000,-0.309553000,-0.291711000,0.088472714,0.633982997,-0.768008297,-0.020034850,1,0.409914112,-0.217129545,-0.370105354,0.088472714,0.633982997,-0.768008297,-0.020034850,46775,103897.398665583,0.014679000,1,0.382428000,0.121816000,-0.313047000,0.112343336,-0.404749367,0.907270058,-0.020444215,1,0.403590602,-0.060291500,-0.363298714,0.112343336,-0.404749367,0.907270058,-0.020444215
2.864007917,103897.425638208,vr_world,46693,103897.422281708,0.003357167,1,0.259248000,-0.322312000,-0.287598000,0.121766842,0.595326264,-0.793625442,-0.030300728,1,0.409285183,-0.246546876,-0.377996743,0.121766842,0.595326264,-0.793625442,-0.030300728,46776,103897.422281708,0.003357167,1,0.378241000,0.121999000,-0.313291000,0.122287505,-0.409324690,0.903898714,-0.021591167,1,0.402423333,-0.059612553,-0.363973057,0.122287505,-0.409324690,0.903898714,-0.021591167
2.876327250,103897.437957541,vr_world,46693,103897.422281708,0.015676292,1,0.259248000,-0.322312000,-0.287598000,0.121766842,0.595326264,-0.793625442,-0.030300728,1,0.409285183,-0.246546876,-0.377996743,0.121766842,0.595326264,-0.793625442,-0.030300728,46776,103897.422281708,0.015676292,1,0.378241000,0.121999000,-0.313291000,0.122287505,-0.409324690,0.903898714,-0.021591167,1,0.402423333,-0.059612553,-0.363973057,0.122287505,-0.409324690,0.903898714,-0.021591167
2.888006417,103897.449636708,vr_world,46694,103897.444898125,0.004738958,1,0.253900000,-0.338370000,-0.285538000,0.142197993,0.562789949,-0.812476307,-0.054124440,1,0.403943774,-0.274001072,-0.384365873,0.142197993,0.562789949,-0.812476307,-0.054124440,46777,103897.444898125,0.004738958,1,0.375462000,0.122225000,-0.314128000,0.127199579,-0.409228903,0.903161658,-0.025514543,1,0.400203655,-0.059548950,-0.363950195,0.127199579,-0.409228903,0.903161658,-0.025514543
2.900393959,103897.462024250,vr_world,46694,103897.444898125,0.017126541,1,0.253900000,-0.338370000,-0.285538000,0.142197993,0.562789949,-0.812476307,-0.054124440,1,0.403943774,-0.274001072,-0.384365873,0.142197993,0.562789949,-0.812476307,-0.054124440,46777,103897.444898125,0.017126541,1,0.375462000,0.122225000,-0.314128000,0.127199579,-0.409228903,0.903161658,-0.025514543,1,0.400203655,-0.059548950,-0.363950195,0.127199579,-0.409228903,0.903161658,-0.025514543
2.912826667,103897.474456958,vr_world,46695,103897.468550000,0.005907333,1,0.246218000,-0.356398000,-0.284804000,0.142084312,0.544748164,-0.822552145,-0.080432929,1,0.396429032,-0.295601037,-0.385619720,0.142084312,0.544748164,-0.822552145,-0.080432929,46778,103897.468550000,0.005907333,1,0.373559000,0.122293000,-0.314729000,0.128555903,-0.407725198,0.903593206,-0.027438313,1,0.397864011,-0.059663919,-0.364096849,0.128555903,-0.407725198,0.903593206,-0.027438313
2.924583625,103897.486213916,vr_world,46695,103897.468550000,0.017666458,1,0.246218000,-0.356398000,-0.284804000,0.142084312,0.544748164,-0.822552145,-0.080432929,1,0.396429032,-0.295601037,-0.385619720,0.142084312,0.544748164,-0.822552145,-0.080432929,46778,103897.468550000,0.017666458,1,0.373559000,0.122293000,-0.314729000,0.128555903,-0.407725198,0.903593206,-0.027438313,1,0.397864011,-0.059663919,-0.364096849,0.128555903,-0.407725198,0.903593206,-0.027438313
2.937006334,103897.498636625,vr_world,46696,103897.492747708,0.005890917,1,0.240587000,-0.366293000,-0.285897000,0.134926712,0.533180140,-0.829016454,-0.101219762,1,0.391697666,-0.306702345,-0.386086757,0.134926712,0.533180140,-0.829016454,-0.101219762,46779,103897.492747708,0.005890917,1,0.372538000,0.122023000,-0.314619000,0.124664392,-0.409007078,0.903583953,-0.026609009,1,0.396882593,-0.059976130,-0.363811231,0.124664392,-0.409007078,0.903583953,-0.026609009
2.949409959,103897.511040250,vr_world,46696,103897.492747708,0.018292875,1,0.240587000,-0.366293000,-0.285897000,0.134926712,0.533180140,-0.829016454,-0.101219762,1,0.391697666,-0.306702345,-0.386086757,0.134926712,0.533180140,-0.829016454,-0.101219762,46779,103897.492747708,0.018292875,1,0.372538000,0.122023000,-0.314619000,0.124664392,-0.409007078,0.903583953,-0.026609009,1,0.396882593,-0.059976130,-0.363811231,0.124664392,-0.409007078,0.903583953,-0.026609009
2.960007542,103897.521637833,vr_world,46697,103897.516539208,0.005099042,1,0.229323000,-0.381917000,-0.286014000,0.136820048,0.497018610,-0.848192394,-0.121747439,1,0.382291896,-0.333476845,-0.389346217,0.136820048,0.497018610,-0.848192394,-0.121747439,46780,103897.516539208,0.005099042,1,0.370117000,0.122025000,-0.315063000,0.127895141,-0.413998574,0.900822027,-0.027707196,1,0.396845729,-0.059724631,-0.363938984,0.127895141,-0.413998574,0.900822027,-0.027707196
2.970280792,103897.531911083,vr_world,46697,103897.516539208,0.015372292,1,0.229323000,-0.381917000,-0.286014000,0.136820048,0.497018610,-0.848192394,-0.121747439,1,0.382291896,-0.333476845,-0.389346217,0.136820048,0.497018610,-0.848192394,-0.121747439,46780,103897.516539208,0.015372292,1,0.370117000,0.122025000,-0.315063000,0.127895141,-0.413998574,0.900822027,-0.027707196,1,0.396845729,-0.059724631,-0.363938984,0.127895141,-0.413998574,0.900822027,-0.027707196
2.981084500,103897.542714791,vr_world,46698,103897.539758291,0.002956917,1,0.216449000,-0.398651000,-0.287604000,0.123540147,0.474836113,-0.860219815,-0.138889768,1,0.372393240,-0.355691658,-0.388892371,0.123540147,0.474836113,-0.860219815,-0.138889768,46781,103897.539758291,0.002956917,1,0.369411000,0.122397000,-0.315226000,0.131182058,-0.412619652,0.900936896,-0.029137586,1,0.395986788,-0.059401672,-0.364002845,0.131182058,-0.412619652,0.900936896,-0.029137586
2.991265750,103897.552896041,vr_world,46698,103897.539758291,0.013138250,1,0.216449000,-0.398651000,-0.287604000,0.123540147,0.474836113,-0.860219815,-0.138889768,1,0.372393240,-0.355691658,-0.388892371,0.123540147,0.474836113,-0.860219815,-0.138889768,46781,103897.539758291,0.013138250,1,0.369411000,0.122397000,-0.315226000,0.131182058,-0.412619652,0.900936896,-0.029137586,1,0.395986788,-0.059401672,-0.364002845,0.131182058,-0.412619652,0.900936896,-0.029137586
3.003479792,103897.565110083,vr_world,46699,103897.562859916,0.002250667,1,0.208720000,-0.407920000,-0.289879000,0.106997871,0.473147732,-0.862093444,-0.146552290,1,0.367247016,-0.363949109,-0.386621732,0.106997871,0.473147732,-0.862093444,-0.146552290,46782,103897.562859916,0.002250667,1,0.369463000,0.122627000,-0.315208000,0.131048929,-0.411913314,0.901285435,-0.028951092,1,0.395740866,-0.059190846,-0.364075049,0.131048929,-0.411913314,0.901285435,-0.028951092
3.015479709,103897.577110000,vr_world,46699,103897.562859916,0.014250417,1,0.208720000,-0.407920000,-0.289879000,0.106997871,0.473147732,-0.862093444,-0.146552290,1,0.367247016,-0.363949109,-0.386621732,0.106997871,0.473147732,-0.862093444,-0.146552290,46782,103897.562859916,0.014250417,1,0.369463000,0.122627000,-0.315208000,0.131048929,-0.411913314,0.901285435,-0.028951092,1,0.395740866,-0.059190846,-0.364075049,0.131048929,-0.411913314,0.901285435,-0.028951092
3.026678959,103897.588309250,vr_world,46700,103897.585015375,0.003294416,1,0.196738000,-0.423302000,-0.291700000,0.094235892,0.454568506,-0.870148854,-0.165311952,1,0.357308846,-0.383245220,-0.386757214,0.094235892,0.454568506,-0.870148854,-0.165311952,46783,103897.585015375,0.003294416,1,0.368654000,0.122920000,-0.315696000,0.129906774,-0.415112546,0.899970443,-0.029308798,1,0.396069985,-0.058839833,-0.364151698,0.129906774,-0.415112546,0.899970443,-0.029308798
3.038119709,103897.599750000,vr_world,46700,103897.585015375,0.014735000,1,0.196738000,-0.423302000,-0.291700000,0.094235892,0.454568506,-0.870148854,-0.165311952,1,0.357308846,-0.383245220,-0.386757214,0.094235892,0.454568506,-0.870148854,-0.165311952,46783,103897.585015375,0.014735000,1,0.368654000,0.122920000,-0.315696000,0.129906774,-0.415112546,0.899970443,-0.029308798,1,0.396069985,-0.058839833,-0.364151698,0.129906774,-0.415112546,0.899970443,-0.029308798
3.048217042,103897.609847333,vr_world,46701,103897.607610583,0.002237167,1,0.185640000,-0.436898000,-0.293759000,0.084545593,0.428282002,-0.880823128,-0.183240790,1,0.347898146,-0.403864265,-0.388651025,0.084545593,0.428282002,-0.880823128,-0.183240790,46784,103897.607610583,0.002237167,1,0.369144000,0.123104000,-0.315993000,0.127218952,-0.413799850,0.900942869,-0.029782024,1,0.395709295,-0.058878583,-0.364084957,0.127218952,-0.413799850,0.900942869,-0.029782024
3.060338250,103897.621968541,vr_world,46701,103897.607610583,0.014358333,1,0.185640000,-0.436898000,-0.293759000,0.084545593,0.428282002,-0.880823128,-0.183240790,1,0.347898146,-0.403864265,-0.388651025,0.084545593,0.428282002,-0.880823128,-0.183240790,46784,103897.607610583,0.014358333,1,0.369144000,0.123104000,-0.315993000,0.127218952,-0.413799850,0.900942869,-0.029782024,1,0.395709295,-0.058878583,-0.364084957,0.127218952,-0.413799850,0.900942869,-0.029782024
3.072728750,103897.634359041,vr_world,46702,103897.630629000,0.003730291,1,0.181257000,-0.443927000,-0.294750000,0.086871177,0.413221009,-0.885850186,-0.192279078,1,0.342904055,-0.415081101,-0.392020832,0.086871177,0.413221009,-0.885850186,-0.192279078,46785,103897.630629000,0.003730291,1,0.369143000,0.123496000,-0.316442000,0.125822895,-0.413479865,0.901240916,-0.031109659,1,0.395411304,-0.058684329,-0.363945025,0.125822895,-0.413479865,0.901240916,-0.031109659
3.083808917,103897.645439208,vr_world,46702,103897.630629000,0.014819750,1,0.181257000,-0.443927000,-0.294750000,0.086871177,0.413221009,-0.885850186,-0.192279078,1,0.342904055,-0.415081101,-0.392020832,0.086871177,0.413221009,-0.885850186,-0.192279078,46785,103897.630629000,0.014819750,1,0.369143000,0.123496000,-0.316442000,0.125822895,-0.413479865,0.901240916,-0.031109659,1,0.395411304,-0.058684329,-0.363945025,0.125822895,-0.413479865,0.901240916,-0.031109659
3.096185667,103897.657815958,vr_world,46703,103897.654255041,0.003561292,1,0.172474000,-0.458018000,-0.296733000,0.085549703,0.401823724,-0.887441938,-0.208963515,1,0.333297483,-0.430436029,-0.395720310,0.085549703,0.401823724,-0.887441938,-0.208963515,46786,103897.654255041,0.003561292,1,0.369390000,0.124170000,-0.316989000,0.124249070,-0.415528227,0.900469408,-0.032454680,1,0.396289770,-0.058108975,-0.363754387,0.124249070,-0.415528227,0.900469408,-0.032454680
3.107910375,103897.669540666,vr_world,46703,103897.654255041,0.015285917,1,0.172474000,-0.458018000,-0.296733000,0.085549703,0.401823724,-0.887441938,-0.208963515,1,0.333297483,-0.430436029,-0.395720310,0.085549703,0.401823724,-0.887441938,-0.208963515,46786,103897.654255041,0.015285917,1,0.369390000,0.124170000,-0.316989000,0.124249070,-0.415528227,0.900469408,-0.032454680,1,0.396289770,-0.058108975,-0.363754387,0.124249070,-0.415528227,0.900469408,-0.032454680
3.120011250,103897.681641541,vr_world,46704,103897.678046958,0.003595208,1,0.163613000,-0.470619000,-0.299220000,0.080158704,0.395553383,-0.888239884,-0.219412882,1,0.324739512,-0.443460859,-0.397831041,0.080158704,0.395553383,-0.888239884,-0.219412882,46787,103897.678046958,0.003595208,1,0.369987000,0.124895000,-0.317090000,0.121316333,-0.416639000,0.900379421,-0.031799199,1,0.396985564,-0.057400708,-0.363733300,0.121316333,-0.416639000,0.900379421,-0.031799199
3.132233084,103897.693863375,vr_world,46704,103897.678046958,0.015816750,1,0.163613000,-0.470619000,-0.299220000,0.080158704,0.395553383,-0.888239884,-0.219412882,1,0.324739512,-0.443460859,-0.397831041,0.080158704,0.395553383,-0.888239884,-0.219412882,46787,103897.678046958,0.015816750,1,0.369987000,0.124895000,-0.317090000,0.121316333,-0.416639000,0.900379421,-0.031799199,1,0.396985564,-0.057400708,-0.363733300,0.121316333,-0.416639000,0.900379421,-0.031799199
3.144632000,103897.706262291,vr_world,46705,103897.700793291,0.005469542,1,0.160391000,-0.476558000,-0.300638000,0.078067670,0.390904069,-0.890240115,-0.220390530,1,0.321925622,-0.450986779,-0.399005275,0.078067670,0.390904069,-0.890240115,-0.220390530,46788,103897.700793291,0.005469542,1,0.370515000,0.125495000,-0.317098000,0.119202661,-0.416316272,0.900852379,-0.030601934,1,0.397135197,-0.056799157,-0.363964292,0.119202661,-0.416316272,0.900852379,-0.030601934
3.156738209,103897.718368500,vr_world,46705,103897.700793291,0.017575917,1,0.160391000,-0.476558000,-0.300638000,0.078067670,0.390904069,-0.890240115,-0.220390530,1,0.321925622,-0.450986779,-0.399005275,0.078067670,0.390904069,-0.890240115,-0.220390530,46788,103897.700793291,0.017575917,1,0.370515000,0.125495000,-0.317098000,0.119202661,-0.416316272,0.900852379,-0.030601934,1,0.397135197,-0.056799157,-0.363964292,0.119202661,-0.416316272,0.900852379,-0.030601934
3.168151417,103897.729781708,vr_world,46706,103897.723858625,0.005923791,1,0.155305000,-0.487585000,-0.302083000,0.081559881,0.376195273,-0.894388673,-0.227802555,1,0.315743478,-0.466058597,-0.403174650,0.081559881,0.376195273,-0.894388673,-0.227802555,46789,103897.723858625,0.005923791,1,0.371323000,0.126272000,-0.317341000,0.116663003,-0.416573877,0.901071859,-0.030421269,1,0.397749881,-0.056103421,-0.363999542,0.116663003,-0.416573877,0.901071859,-0.030421269
3.180529792,103897.742160083,vr_world,46706,103897.723858625,0.018301958,1,0.155305000,-0.487585000,-0.302083000,0.081559881,0.376195273,-0.894388673,-0.227802555,1,0.315743478,-0.466058597,-0.403174650,0.081559881,0.376195273,-0.894388673,-0.227802555,46789,103897.723858625,0.018301958,1,0.371323000,0.126272000,-0.317341000,0.116663003,-0.416573877,0.901071859,-0.030421269,1,0.397749881,-0.056103421,-0.363999542,0.116663003,-0.416573877,0.901071859,-0.030421269
3.191270917,103897.752901208,vr_world,46707,103897.746521083,0.006380458,1,0.155278000,-0.493811000,-0.301715000,0.090661708,0.374740589,-0.892617520,-0.233631993,1,0.313452540,-0.471551291,-0.406160026,0.090661708,0.374740589,-0.892617520,-0.233631993,46790,103897.746521083,0.006380458,1,0.371979000,0.126648000,-0.317241000,0.114942594,-0.415867298,0.901656449,-0.029295715,1,0.397920337,-0.055732396,-0.364152781,0.114942594,-0.415867298,0.901656449,-0.029295715
3.203637667,103897.765267958,vr_world,46707,103897.746521083,0.018747542,1,0.155278000,-0.493811000,-0.301715000,0.090661708,0.374740589,-0.892617520,-0.233631993,1,0.313452540,-0.471551291,-0.406160026,0.090661708,0.374740589,-0.892617520,-0.233631993,46790,103897.746521083,0.018747542,1,0.371979000,0.126648000,-0.317241000,0.114942594,-0.415867298,0.901656449,-0.029295715,1,0.397920337,-0.055732396,-0.364152781,0.114942594,-0.415867298,0.901656449,-0.029295715
3.216040875,103897.777671166,vr_world,46708,103897.769513416,0.008158084,1,0.152909000,-0.505136000,-0.301828000,0.099880345,0.375271030,-0.888415089,-0.244773774,1,0.308242300,-0.480277174,-0.409888539,0.099880345,0.375271030,-0.888415089,-0.244773774,46791,103897.769513416,0.008158084,1,0.372365000,0.127333000,-0.316974000,0.113414994,-0.416489670,0.901620215,-0.027466027,1,0.398373871,-0.054919901,-0.364341078,0.113414994,-0.416489670,0.901620215,-0.027466027
3.228424459,103897.790054750,vr_world,46708,103897.769513416,0.020541917,1,0.152909000,-0.505136000,-0.301828000,0.099880345,0.375271030,-0.888415089,-0.244773774,1,0.308242300,-0.480277174,-0.409888539,0.099880345,0.375271030,-0.888415089,-0.244773774,46791,103897.769513416,0.020541917,1,0.372365000,0.127333000,-0.316974000,0.113414994,-0.416489670,0.901620215,-0.027466027,1,0.398373871,-0.054919901,-0.364341078,0.113414994,-0.416489670,0.901620215,-0.027466027
3.240832792,103897.802463083,vr_world,46709,103897.792007416,0.010456167,1,0.152072000,-0.515072000,-0.302213000,0.107935702,0.376645694,-0.884479802,-0.253344401,1,0.304921777,-0.487790820,-0.413191040,0.107935702,0.376645694,-0.884479802,-0.253344401,46792,103897.792007416,0.010456167,1,0.372553000,0.127659000,-0.316888000,0.114192612,-0.416476912,0.901540325,-0.027056803,1,0.398645779,-0.054523552,-0.364479178,0.114192612,-0.416476912,0.901540325,-0.027056803
3.253234500,103897.814864791,vr_world,46709,103897.792007416,0.022857750,1,0.152072000,-0.515072000,-0.302213000,0.107935702,0.376645694,-0.884479802,-0.253344401,1,0.304921777,-0.487790820,-0.413191040,0.107935702,0.376645694,-0.884479802,-0.253344401,46792,103897.792007416,0.022857750,1,0.372553000,0.127659000,-0.316888000,0.114192612,-0.416476912,0.901540325,-0.027056803,1,0.398645779,-0.054523552,-0.364479178,0.114192612,-0.416476912,0.901540325,-0.027056803
3.265639625,103897.827269916,vr_world,46710,103897.815359125,0.011911375,1,0.154356000,-0.519589000,-0.301657000,0.119522818,0.377979885,-0.881939270,-0.255007112,1,0.304497378,-0.491299822,-0.416027918,0.119522818,0.377979885,-0.881939270,-0.255007112,46793,103897.815359125,0.011911375,1,0.372489000,0.127831000,-0.316903000,0.115278955,-0.417119322,0.901122700,-0.026459655,1,0.398964266,-0.054220343,-0.364784112,0.115278955,-0.417119322,0.901122700,-0.026459655
3.277342667,103897.838972958,vr_world,46711,103897.838270375,0.000703125,1,0.155897000,-0.527490000,-0.301053000,0.137436206,0.371933146,-0.881335744,-0.256952002,1,0.301825688,-0.500747374,-0.421107486,0.137436206,0.371933146,-0.881335744,-0.256952002,46794,103897.838270375,0.000703125,1,0.372712000,0.128220000,-0.316935000,0.115141931,-0.417460636,0.900994369,-0.026040363,1,0.399307009,-0.053783091,-0.364932916,0.115141931,-0.417460636,0.900994369,-0.026040363
3.289729542,103897.851359833,vr_world,46711,103897.838270375,0.013090125,1,0.155897000,-0.527490000,-0.301053000,0.137436206,0.371933146,-0.881335744,-0.256952002,1,0.301825688,-0.500747374,-0.421107486,0.137436206,0.371933146,-0.881335744,-0.256952002,46794,103897.838270375,0.013090125,1,0.372712000,0.128220000,-0.316935000,0.115141931,-0.417460636,0.900994369,-0.026040363,1,0.399307009,-0.053783091,-0.364932916,0.115141931,-0.417460636,0.900994369,-0.026040363
3.302139625,103897.863769916,vr_world,46712,103897.861674375,0.002095958,1,0.158601000,-0.534485000,-0.300796000,0.154201870,0.365481525,-0.881223697,-0.257079431,1,0.300553373,-0.509844456,-0.425959222,0.154201870,0.365481525,-0.881223697,-0.257079431,46795,103897.861674375,0.002095958,1,0.372922000,0.128864000,-0.317209000,0.112715813,-0.417446293,0.901308782,-0.026004185,1,0.399228871,-0.053242795,-0.364971951,0.112715813,-0.417446293,0.901308782,-0.026004185
3.314552750,103897.876183041,vr_world,46712,103897.861674375,0.014509333,1,0.158601000,-0.534485000,-0.300796000,0.154201870,0.365481525,-0.881223697,-0.257079431,1,0.300553373,-0.509844456,-0.425959222,0.154201870,0.365481525,-0.881223697,-0.257079431,46795,103897.861674375,0.014509333,1,0.372922000,0.128864000,-0.317209000,0.112715813,-0.417446293,0.901308782,-0.026004185,1,0.399228871,-0.053242795,-0.364971951,0.112715813,-0.417446293,0.901308782,-0.026004185
3.324567709,103897.886198000,vr_world,46713,103897.885677500,0.000521083,1,0.162146000,-0.541211000,-0.300777000,0.175468257,0.362834068,-0.877617318,-0.259519118,1,0.298546345,-0.516744425,-0.432001128,0.175468257,0.362834068,-0.877617318,-0.259519118,46796,103897.885677500,0.000521083,1,0.372630000,0.128849000,-0.317591000,0.110479763,-0.418975025,0.900866431,-0.026340533,1,0.399293679,-0.053315132,-0.364935293,0.110479763,-0.418975025,0.900866431,-0.026340533
3.336006667,103897.897636958,vr_world,46713,103897.885677500,0.011959958,1,0.162146000,-0.541211000,-0.300777000,0.175468257,0.362834068,-0.877617318,-0.259519118,1,0.298546345,-0.516744425,-0.432001128,0.175468257,0.362834068,-0.877617318,-0.259519118,46796,103897.885677500,0.011959958,1,0.372630000,0.128849000,-0.317591000,0.110479763,-0.418975025,0.900866431,-0.026340533,1,0.399293679,-0.053315132,-0.364935293,0.110479763,-0.418975025,0.900866431,-0.026340533
3.348415875,103897.910046166,vr_world,46714,103897.908362625,0.001683916,1,0.164586000,-0.544760000,-0.301302000,0.191738403,0.364646878,-0.872825811,-0.261618316,1,0.296514880,-0.519032276,-0.436787454,0.191738403,0.364646878,-0.872825811,-0.261618316,46797,103897.908362625,0.001683916,1,0.372629000,0.128941000,-0.317667000,0.109382091,-0.419514782,0.900737085,-0.026750871,1,0.399385382,-0.053282458,-0.364729597,0.109382091,-0.419514782,0.900737085,-0.026750871
3.360816167,103897.922446458,vr_world,46714,103897.908362625,0.014084291,1,0.164586000,-0.544760000,-0.301302000,0.191738403,0.364646878,-0.872825811,-0.261618316,1,0.296514880,-0.519032276,-0.436787454,0.191738403,0.364646878,-0.872825811,-0.261618316,46797,103897.908362625,0.014084291,1,0.372629000,0.128941000,-0.317667000,0.109382091,-0.419514782,0.900737085,-0.026750871,1,0.399385382,-0.053282458,-0.364729597,0.109382091,-0.419514782,0.900737085,-0.026750871
3.373223792,103897.934854083,vr_world,46715,103897.931742083,0.003112417,1,0.166879000,-0.550963000,-0.303990000,0.211507780,0.358896335,-0.869708033,-0.264699486,1,0.293108463,-0.526384073,-0.445005772,0.211507780,0.358896335,-0.869708033,-0.264699486,46798,103897.931742083,0.003112417,1,0.372422000,0.128886000,-0.317613000,0.109341654,-0.419939145,0.900546447,-0.026676078,1,0.399343952,-0.053312452,-0.364678386,0.109341654,-0.419939145,0.900546447,-0.026676078
3.385634959,103897.947265250,vr_world,46715,103897.931742083,0.015523500,1,0.166879000,-0.550963000,-0.303990000,0.211507780,0.358896335,-0.869708033,-0.264699486,1,0.293108463,-0.526384073,-0.445005772,0.211507780,0.358896335,-0.869708033,-0.264699486,46798,103897.931742083,0.015523500,1,0.372422000,0.128886000,-0.317613000,0.109341654,-0.419939145,0.900546447,-0.026676078,1,0.399343952,-0.053312452,-0.364678386,0.109341654,-0.419939145,0.900546447,-0.026676078
3.398038084,103897.959668375,vr_world,46716,103897.955015083,0.004653667,1,0.169029000,-0.558308000,-0.307116000,0.229994795,0.351591788,-0.863954516,-0.277611605,1,0.288497954,-0.532935629,-0.453768042,0.229994795,0.351591788,-0.863954516,-0.277611605,46799,103897.955015083,0.004653667,1,0.371878000,0.128755000,-0.317489000,0.109611161,-0.422249859,0.899440522,-0.026404489,1,0.399758200,-0.053294917,-0.364571672,0.109611161,-0.422249859,0.899440522,-0.026404489
3.410450000,103897.972080291,vr_world,46716,103897.955015083,0.017065583,1,0.169029000,-0.558308000,-0.307116000,0.229994795,0.351591788,-0.863954516,-0.277611605,1,0.288497954,-0.532935629,-0.453768042,0.229994795,0.351591788,-0.863954516,-0.277611605,46799,103897.955015083,0.017065583,1,0.371878000,0.128755000,-0.317489000,0.109611161,-0.422249859,0.899440522,-0.026404489,1,0.399758200,-0.053294917,-0.364571672,0.109611161,-0.422249859,0.899440522,-0.026404489
3.422856584,103897.984486875,vr_world,46717,103897.978179250,0.006308083,1,0.168827000,-0.562639000,-0.310395000,0.228252290,0.345720759,-0.860890460,-0.295373770,1,0.286670896,-0.534751162,-0.457902769,0.228252290,0.345720759,-0.860890460,-0.295373770,46800,103897.978179250,0.006308083,1,0.371477000,0.128656000,-0.317225000,0.109489564,-0.424249838,0.898553726,-0.025006241,1,0.400140698,-0.053171347,-0.364695308,0.109489564,-0.424249838,0.898553726,-0.025006241
3.435268917,103897.996899208,vr_world,46717,103897.978179250,0.018720416,1,0.168827000,-0.562639000,-0.310395000,0.228252290,0.345720759,-0.860890460,-0.295373770,1,0.286670896,-0.534751162,-0.457902769,0.228252290,0.345720759,-0.860890460,-0.295373770,46800,103897.978179250,0.018720416,1,0.371477000,0.128656000,-0.317225000,0.109489564,-0.424249838,0.898553726,-0.025006241,1,0.400140698,-0.053171347,-0.364695308,0.109489564,-0.424249838,0.898553726,-0.025006241
3.445357417,103898.006987708,vr_world,46718,103898.001649166,0.005338834,1,0.168579000,-0.568818000,-0.314928000,0.230014516,0.334303510,-0.856447008,-0.319112845,1,0.282995670,-0.538484364,-0.464634799,0.230014516,0.334303510,-0.856447008,-0.319112845,46801,103898.001649166,0.005338834,1,0.371263000,0.128562000,-0.317135000,0.109013364,-0.424293626,0.898610064,-0.024309628,1,0.399886169,-0.053220757,-0.364800071,0.109013364,-0.424293626,0.898610064,-0.024309628
3.457762209,103898.019392500,vr_world,46718,103898.001649166,0.017743709,1,0.168579000,-0.568818000,-0.314928000,0.230014516,0.334303510,-0.856447008,-0.319112845,1,0.282995670,-0.538484364,-0.464634799,0.230014516,0.334303510,-0.856447008,-0.319112845,46801,103898.001649166,0.017743709,1,0.371263000,0.128562000,-0.317135000,0.109013364,-0.424293626,0.898610064,-0.024309628,1,0.399886169,-0.053220757,-0.364800071,0.109013364,-0.424293626,0.898610064,-0.024309628
3.470165709,103898.031796000,vr_world,46719,103898.024955791,0.006840792,1,0.166718000,-0.573546000,-0.319247000,0.229719710,0.327404094,-0.852807678,-0.335789337,1,0.279164836,-0.540975476,-0.469973056,0.229719710,0.327404094,-0.852807678,-0.335789337,46802,103898.024955791,0.006840792,1,0.370580000,0.128451000,-0.316981000,0.108652281,-0.425226178,0.898225436,-0.023842092,1,0.399534333,-0.053256746,-0.364731760,0.108652281,-0.425226178,0.898225436,-0.023842092
3.482575209,103898.044205500,vr_world,46719,103898.024955791,0.019250042,1,0.166718000,-0.573546000,-0.319247000,0.229719710,0.327404094,-0.852807678,-0.335789337,1,0.279164836,-0.540975476,-0.469973056,0.229719710,0.327404094,-0.852807678,-0.335789337,46802,103898.024955791,0.019250042,1,0.370580000,0.128451000,-0.316981000,0.108652281,-0.425226178,0.898225436,-0.023842092,1,0.399534333,-0.053256746,-0.364731760,0.108652281,-0.425226178,0.898225436,-0.023842092
3.493340750,103898.054971041,vr_world,46720,103898.047600000,0.007371416,1,0.163906000,-0.574863000,-0.322282000,0.222809736,0.327941871,-0.853953853,-0.337005592,1,0.278298569,-0.541952068,-0.471461948,0.222809736,0.327941871,-0.853953853,-0.337005592,46803,103898.047600000,0.007371416,1,0.370027000,0.128139000,-0.316781000,0.109545978,-0.425503709,0.897974506,-0.024249936,1,0.399197442,-0.053551607,-0.364465649,0.109545978,-0.425503709,0.897974506,-0.024249936
3.504350125,103898.065980416,vr_world,46720,103898.047600000,0.018380833,1,0.163906000,-0.574863000,-0.322282000,0.222809736,0.327941871,-0.853953853,-0.337005592,1,0.278298569,-0.541952068,-0.471461948,0.222809736,0.327941871,-0.853953853,-0.337005592,46803,103898.047600000,0.018380833,1,0.370027000,0.128139000,-0.316781000,0.109545978,-0.425503709,0.897974506,-0.024249936,1,0.399197442,-0.053551607,-0.364465649,0.109545978,-0.425503709,0.897974506,-0.024249936
3.515279667,103898.076909958,vr_world,46721,103898.070048291,0.006862000,1,0.161123000,-0.578767000,-0.327073000,0.219223964,0.326377664,-0.851153436,-0.347787726,1,0.275305956,-0.543505214,-0.475875834,0.219223964,0.326377664,-0.851153436,-0.347787726,46804,103898.070048291,0.006862000,1,0.368937000,0.127863000,-0.316597000,0.112145206,-0.426178250,0.897329924,-0.024383618,1,0.398678376,-0.053687246,-0.364463242,0.112145206,-0.426178250,0.897329924,-0.024383618
3.527673042,103898.089303333,vr_world,46721,103898.070048291,0.019255459,1,0.161123000,-0.578767000,-0.327073000,0.219223964,0.326377664,-0.851153436,-0.347787726,1,0.275305956,-0.543505214,-0.475875834,0.219223964,0.326377664,-0.851153436,-0.347787726,46804,103898.070048291,0.019255459,1,0.368937000,0.127863000,-0.316597000,0.112145206,-0.426178250,0.897329924,-0.024383618,1,0.398678376,-0.053687246,-0.364463242,0.112145206,-0.426178250,0.897329924,-0.024383618
3.540086667,103898.101716958,vr_world,46722,103898.093958583,0.007758875,1,0.159329000,-0.580334000,-0.329474000,0.218000913,0.326843409,-0.849893228,-0.351184408,1,0.273483814,-0.544015822,-0.478044163,0.218000913,0.326843409,-0.849893228,-0.351184408,46805,103898.093958583,0.007758875,1,0.368740000,0.127775000,-0.316447000,0.113048031,-0.425371275,0.897585173,-0.024905377,1,0.398263580,-0.053825529,-0.364257376,0.113048031,-0.425371275,0.897585173,-0.024905377
3.552492667,103898.114122958,vr_world,46722,103898.093958583,0.020164708,1,0.159329000,-0.580334000,-0.329474000,0.218000913,0.326843409,-0.849893228,-0.351184408,1,0.273483814,-0.544015822,-0.478044163,0.218000913,0.326843409,-0.849893228,-0.351184408,46805,103898.093958583,0.020164708,1,0.368740000,0.127775000,-0.316447000,0.113048031,-0.425371275,0.897585173,-0.024905377,1,0.398263580,-0.053825529,-0.364257376,0.113048031,-0.425371275,0.897585173,-0.024905377
3.564904292,103898.126534583,vr_world,46723,103898.118006125,0.008528750,1,0.155961000,-0.583036000,-0.334408000,0.213490760,0.322368870,-0.849849663,-0.358127852,1,0.270613159,-0.546390111,-0.482513914,0.213490760,0.322368870,-0.849849663,-0.358127852,46806,103898.118006125,0.008528750,1,0.368214000,0.127492000,-0.316140000,0.113966499,-0.425124775,0.897605800,-0.024174167,1,0.397742037,-0.054012620,-0.364310334,0.113966499,-0.425124775,0.897605800,-0.024174167
3.576538334,103898.138168625,vr_world,46723,103898.118006125,0.020162833,1,0.155961000,-0.583036000,-0.334408000,0.213490760,0.322368870,-0.849849663,-0.358127852,1,0.270613159,-0.546390111,-0.482513914,0.213490760,0.322368870,-0.849849663,-0.358127852,46806,103898.118006125,0.020162833,1,0.368214000,0.127492000,-0.316140000,0.113966499,-0.425124775,0.897605800,-0.024174167,1,0.397742037,-0.054012620,-0.364310334,0.113966499,-0.425124775,0.897605800,-0.024174167
3.588907042,103898.150537333,vr_world,46724,103898.140877583,0.009660042,1,0.153541000,-0.586029000,-0.339026000,0.211496859,0.319735492,-0.847370834,-0.367424771,1,0.267681635,-0.547702821,-0.487101892,0.211496859,0.319735492,-0.847370834,-0.367424771,46807,103898.140877583,0.009660042,1,0.367904000,0.127108000,-0.315834000,0.114152697,-0.424272499,0.897999122,-0.023655568,1,0.397109218,-0.054384644,-0.364245282,0.114152697,-0.424272499,0.897999122,-0.023655568
3.600054125,103898.161684416,vr_world,46724,103898.140877583,0.020807375,1,0.153541000,-0.586029000,-0.339026000,0.211496859,0.319735492,-0.847370834,-0.367424771,1,0.267681635,-0.547702821,-0.487101892,0.211496859,0.319735492,-0.847370834,-0.367424771,46807,103898.140877583,0.020807375,1,0.367904000,0.127108000,-0.315834000,0.114152697,-0.424272499,0.897999122,-0.023655568,1,0.397109218,-0.054384644,-0.364245282,0.114152697,-0.424272499,0.897999122,-0.023655568
3.610675000,103898.172305291,vr_world,46725,103898.164436208,0.007869417,1,0.150907000,-0.588603000,-0.343663000,0.209096182,0.319355039,-0.843363037,-0.378192984,1,0.264513577,-0.547439885,-0.491387640,0.209096182,0.319355039,-0.843363037,-0.378192984,46808,103898.164436208,0.007869417,1,0.367746000,0.126793000,-0.315675000,0.114820809,-0.421979516,0.898992052,-0.023722567,1,0.396108829,-0.054792730,-0.364238150,0.114820809,-0.421979516,0.898992052,-0.023722567
3.623054917,103898.184685208,vr_world,46725,103898.164436208,0.020249625,1,0.150907000,-0.588603000,-0.343663000,0.209096182,0.319355039,-0.843363037,-0.378192984,1,0.264513577,-0.547439885,-0.491387640,0.209096182,0.319355039,-0.843363037,-0.378192984,46808,103898.164436208,0.020249625,1,0.367746000,0.126793000,-0.315675000,0.114820809,-0.421979516,0.898992052,-0.023722567,1,0.396108829,-0.054792730,-0.364238150,0.114820809,-0.421979516,0.898992052,-0.023722567
3.635255417,103898.196885708,vr_world,46726,103898.187685666,0.009200500,1,0.149887000,-0.589599000,-0.345761000,0.209047872,0.320786319,-0.840475962,-0.383399637,1,0.262910041,-0.546491947,-0.493378899,0.209047872,0.320786319,-0.840475962,-0.383399637,46809,103898.187685666,0.009200500,1,0.367680000,0.126553000,-0.315435000,0.116088457,-0.421121750,0.899227930,-0.023855238,1,0.395847565,-0.055030705,-0.364119770,0.116088457,-0.421121750,0.899227930,-0.023855238
3.647618917,103898.209249208,vr_world,46726,103898.187685666,0.021563875,1,0.149887000,-0.589599000,-0.345761000,0.209047872,0.320786319,-0.840475962,-0.383399637,1,0.262910041,-0.546491947,-0.493378899,0.209047872,0.320786319,-0.840475962,-0.383399637,46809,103898.187685666,0.021563875,1,0.367680000,0.126553000,-0.315435000,0.116088457,-0.421121750,0.899227930,-0.023855238,1,0.395847565,-0.055030705,-0.364119770,0.116088457,-0.421121750,0.899227930,-0.023855238
3.657936000,103898.219566291,vr_world,46727,103898.211083833,0.008482833,1,0.147211000,-0.591330000,-0.350025000,0.205292736,0.321597404,-0.836740531,-0.392804387,1,0.260272452,-0.545414820,-0.496764030,0.205292736,0.321597404,-0.836740531,-0.392804387,46810,103898.211083833,0.008482833,1,0.367751000,0.126315000,-0.314922000,0.117824808,-0.420205617,0.899451910,-0.023039447,1,0.395753456,-0.055158286,-0.364110928,0.117824808,-0.420205617,0.899451910,-0.023039447
3.669344709,103898.230975000,vr_world,46727,103898.211083833,0.019891750,1,0.147211000,-0.591330000,-0.350025000,0.205292736,0.321597404,-0.836740531,-0.392804387,1,0.260272452,-0.545414820,-0.496764030,0.205292736,0.321597404,-0.836740531,-0.392804387,46810,103898.211083833,0.019891750,1,0.367751000,0.126315000,-0.314922000,0.117824808,-0.420205617,0.899451910,-0.023039447,1,0.395753456,-0.055158286,-0.364110928,0.117824808,-0.420205617,0.899451910,-0.023039447
3.681765709,103898.243396000,vr_world,46728,103898.234201750,0.009194750,1,0.145769000,-0.592521000,-0.353370000,0.205893395,0.320010002,-0.833109776,-0.401409527,1,0.257626422,-0.544604549,-0.500391639,0.205893395,0.320010002,-0.833109776,-0.401409527,46811,103898.234201750,0.009194750,1,0.367884000,0.126124000,-0.314732000,0.118741260,-0.420397516,0.899261865,-0.022238264,1,0.396069945,-0.055222057,-0.364283881,0.118741260,-0.420397516,0.899261865,-0.022238264
3.694146542,103898.255776833,vr_world,46728,103898.234201750,0.021575541,1,0.145769000,-0.592521000,-0.353370000,0.205893395,0.320010002,-0.833109776,-0.401409527,1,0.257626422,-0.544604549,-0.500391639,0.205893395,0.320010002,-0.833109776,-0.401409527,46811,103898.234201750,0.021575541,1,0.367884000,0.126124000,-0.314732000,0.118741260,-0.420397516,0.899261865,-0.022238264,1,0.396069945,-0.055222057,-0.364283881,0.118741260,-0.420397516,0.899261865,-0.022238264
3.706451125,103898.268081416,vr_world,46729,103898.257852500,0.010229250,1,0.144615000,-0.592323000,-0.354645000,0.204865035,0.318672774,-0.833885913,-0.401387922,1,0.256784356,-0.544884367,-0.501583905,0.204865035,0.318672774,-0.833885913,-0.401387922,46812,103898.257852500,0.010229250,1,0.367977000,0.126152000,-0.314801000,0.118527564,-0.420565015,0.899202338,-0.022615046,1,0.396205740,-0.055231388,-0.364191407,0.118527564,-0.420565015,0.899202338,-0.022615046
3.717490125,103898.279120416,vr_world,46729,103898.257852500,0.021268250,1,0.144615000,-0.592323000,-0.354645000,0.204865035,0.318672774,-0.833885913,-0.401387922,1,0.256784356,-0.544884367,-0.501583905,0.204865035,0.318672774,-0.833885913,-0.401387922,46812,103898.257852500,0.021268250,1,0.367977000,0.126152000,-0.314801000,0.118527564,-0.420565015,0.899202338,-0.022615046,1,0.396205740,-0.055231388,-0.364191407,0.118527564,-0.420565015,0.899202338,-0.022615046
3.729874000,103898.291504291,vr_world,46730,103898.281340041,0.010164750,1,0.142393000,-0.592106000,-0.356451000,0.200614793,0.316660787,-0.835294361,-0.402197689,1,0.255750457,-0.545260623,-0.502666806,0.200614793,0.316660787,-0.835294361,-0.402197689,46813,103898.281340041,0.010164750,1,0.368185000,0.126193000,-0.314872000,0.118172064,-0.420508512,0.899271410,-0.022779081,1,0.396349301,-0.055224887,-0.364172179,0.118172064,-0.420508512,0.899271410,-0.022779081
3.741372834,103898.303003125,vr_world,46730,103898.281340041,0.021663667,1,0.142393000,-0.592106000,-0.356451000,0.200614793,0.316660787,-0.835294361,-0.402197689,1,0.255750457,-0.545260623,-0.502666806,0.200614793,0.316660787,-0.835294361,-0.402197689,46813,103898.281340041,0.021663667,1,0.368185000,0.126193000,-0.314872000,0.118172064,-0.420508512,0.899271410,-0.022779081,1,0.396349301,-0.055224887,-0.364172179,0.118172064,-0.420508512,0.899271410,-0.022779081
3.752766459,103898.314396750,vr_world,46731,103898.304853958,0.009543125,1,0.139922000,-0.591669000,-0.357634000,0.191735425,0.317187688,-0.836968911,-0.402632016,1,0.255903438,-0.544926392,-0.501810536,0.191735425,0.317187688,-0.836968911,-0.402632016,46814,103898.304853958,0.009543125,1,0.369019000,0.126542000,-0.315248000,0.115906628,-0.421220442,0.899210939,-0.023636419,1,0.397204147,-0.055024362,-0.363986495,0.115906628,-0.421220442,0.899210939,-0.023636419
3.765139500,103898.326769791,vr_world,46731,103898.304853958,0.021916292,1,0.139922000,-0.591669000,-0.357634000,0.191735425,0.317187688,-0.836968911,-0.402632016,1,0.255903438,-0.544926392,-0.501810536,0.191735425,0.317187688,-0.836968911,-0.402632016,46814,103898.304853958,0.021916292,1,0.369019000,0.126542000,-0.315248000,0.115906628,-0.421220442,0.899210939,-0.023636419,1,0.397204147,-0.055024362,-0.363986495,0.115906628,-0.421220442,0.899210939,-0.023636419
3.776410750,103898.338041041,vr_world,46732,103898.328107500,0.009933916,1,0.138744000,-0.590284000,-0.356494000,0.185752113,0.316375427,-0.840781900,-0.398106189,1,0.257005682,-0.545373026,-0.499394802,0.185752113,0.316375427,-0.840781900,-0.398106189,46815,103898.328107500,0.009933916,1,0.369751000,0.126886000,-0.315435000,0.112846884,-0.422525847,0.898985804,-0.023706825,1,0.398103008,-0.054759771,-0.363779583,0.112846884,-0.422525847,0.898985804,-0.023706825
3.787015625,103898.348645916,vr_world,46732,103898.328107500,0.020538833,1,0.138744000,-0.590284000,-0.356494000,0.185752113,0.316375427,-0.840781900,-0.398106189,1,0.257005682,-0.545373026,-0.499394802,0.185752113,0.316375427,-0.840781900,-0.398106189,46815,103898.328107500,0.020538833,1,0.369751000,0.126886000,-0.315435000,0.112846884,-0.422525847,0.898985804,-0.023706825,1,0.398103008,-0.054759771,-0.363779583,0.112846884,-0.422525847,0.898985804,-0.023706825
3.799418542,103898.361048833,vr_world,46733,103898.350900041,0.010149292,1,0.135979000,-0.587695000,-0.355412000,0.172830522,0.315621197,-0.847137824,-0.390986416,1,0.258762468,-0.545635335,-0.495335831,0.172830522,0.315621197,-0.847137824,-0.390986416,46816,103898.350900041,0.010149292,1,0.370144000,0.127469000,-0.315587000,0.109678588,-0.423884584,0.898732866,-0.023910303,1,0.398676873,-0.054268509,-0.363478156,0.109678588,-0.423884584,0.898732866,-0.023910303
3.811801459,103898.373431750,vr_world,46733,103898.350900041,0.022532084,1,0.135979000,-0.587695000,-0.355412000,0.172830522,0.315621197,-0.847137824,-0.390986416,1,0.258762468,-0.545635335,-0.495335831,0.172830522,0.315621197,-0.847137824,-0.390986416,46816,103898.350900041,0.022532084,1,0.370144000,0.127469000,-0.315587000,0.109678588,-0.423884584,0.898732866,-0.023910303,1,0.398676873,-0.054268509,-0.363478156,0.109678588,-0.423884584,0.898732866,-0.023910303
3.822616584,103898.384246875,vr_world,46734,103898.374507416,0.009739875,1,0.133840000,-0.582991000,-0.352129000,0.161127224,0.313008284,-0.855246669,-0.380285376,1,0.261011269,-0.545298932,-0.489352292,0.161127224,0.313008284,-0.855246669,-0.380285376,46817,103898.374507416,0.009739875,1,0.370141000,0.127942000,-0.315763000,0.109651642,-0.426012935,0.897715726,-0.024412545,1,0.399529240,-0.053731847,-0.363377869,0.109651642,-0.426012935,0.897715726,-0.024412545
3.834255334,103898.395885625,vr_world,46734,103898.374507416,0.021378542,1,0.133840000,-0.582991000,-0.352129000,0.161127224,0.313008284,-0.855246669,-0.380285376,1,0.261011269,-0.545298932,-0.489352292,0.161127224,0.313008284,-0.855246669,-0.380285376,46817,103898.374507416,0.021378542,1,0.370141000,0.127942000,-0.315763000,0.109651642,-0.426012935,0.897715726,-0.024412545,1,0.399529240,-0.053731847,-0.363377869,0.109651642,-0.426012935,0.897715726,-0.024412545
3.844504917,103898.406135208,vr_world,46735,103898.397821250,0.008314416,1,0.132070000,-0.577729000,-0.349280000,0.153810059,0.313190461,-0.862262881,-0.367092528,1,0.262589665,-0.543899815,-0.484348967,0.153810059,0.313190461,-0.862262881,-0.367092528,46818,103898.397821250,0.008314416,1,0.370498000,0.128072000,-0.315985000,0.107845542,-0.425910378,0.897969598,-0.024905608,1,0.399641533,-0.053732601,-0.363249731,0.107845542,-0.425910378,0.897969598,-0.024905608
3.856017334,103898.417647625,vr_world,46735,103898.397821250,0.019826791,1,0.132070000,-0.577729000,-0.349280000,0.153810059,0.313190461,-0.862262881,-0.367092528,1,0.262589665,-0.543899815,-0.484348967,0.153810059,0.313190461,-0.862262881,-0.367092528,46818,103898.397821250,0.019826791,1,0.370498000,0.128072000,-0.315985000,0.107845542,-0.425910378,0.897969598,-0.024905608,1,0.399641533,-0.053732601,-0.363249731,0.107845542,-0.425910378,0.897969598,-0.024905608
3.866678875,103898.428309166,vr_world,46736,103898.421666541,0.006643084,1,0.128374000,-0.568712000,-0.345541000,0.136447082,0.317359239,-0.873173244,-0.343851413,1,0.265792137,-0.540338553,-0.474903270,0.136447082,0.317359239,-0.873173244,-0.343851413,46819,103898.421666541,0.006643084,1,0.370675000,0.128185000,-0.316334000,0.104768828,-0.425847229,0.898342055,-0.025674545,1,0.399449698,-0.053827862,-0.363019973,0.104768828,-0.425847229,0.898342055,-0.025674545
3.879067250,103898.440697541,vr_world,46736,103898.421666541,0.019031292,1,0.128374000,-0.568712000,-0.345541000,0.136447082,0.317359239,-0.873173244,-0.343851413,1,0.265792137,-0.540338553,-0.474903270,0.136447082,0.317359239,-0.873173244,-0.343851413,46819,103898.421666541,0.019031292,1,0.370675000,0.128185000,-0.316334000,0.104768828,-0.425847229,0.898342055,-0.025674545,1,0.399449698,-0.053827862,-0.363019973,0.104768828,-0.425847229,0.898342055,-0.025674545
3.890680250,103898.452310541,vr_world,46737,103898.444968416,0.007342500,1,0.124743000,-0.557962000,-0.341699000,0.116282517,0.323359160,-0.883077772,-0.319516633,1,0.269473835,-0.534404952,-0.463852484,0.116282517,0.323359160,-0.883077772,-0.319516633,46820,103898.444968416,0.007342500,1,0.370347000,0.127817000,-0.316319000,0.104959097,-0.426397586,0.898044849,-0.026155981,1,0.399367768,-0.054201420,-0.362830456,0.104959097,-0.426397586,0.898044849,-0.026155981
3.901876334,103898.463506625,vr_world,46737,103898.444968416,0.018538625,1,0.124743000,-0.557962000,-0.341699000,0.116282517,0.323359160,-0.883077772,-0.319516633,1,0.269473835,-0.534404952,-0.463852484,0.116282517,0.323359160,-0.883077772,-0.319516633,46820,103898.444968416,0.018538625,1,0.370347000,0.127817000,-0.316319000,0.104959097,-0.426397586,0.898044849,-0.026155981,1,0.399367768,-0.054201420,-0.362830456,0.104959097,-0.426397586,0.898044849,-0.026155981
3.914270667,103898.475900958,vr_world,46738,103898.468483500,0.007417750,1,0.121907000,-0.544596000,-0.337999000,0.093686582,0.325179147,-0.894318621,-0.292703863,1,0.274094420,-0.527525542,-0.451889456,0.093686582,0.325179147,-0.894318621,-0.292703863,46821,103898.468483500,0.007417750,1,0.370244000,0.127658000,-0.316322000,0.105715191,-0.426731103,0.897789407,-0.026439463,1,0.399485829,-0.054334823,-0.362795373,0.105715191,-0.426731103,0.897789407,-0.026439463
3.926657417,103898.488287708,vr_world,46738,103898.468483500,0.019804625,1,0.121907000,-0.544596000,-0.337999000,0.093686582,0.325179147,-0.894318621,-0.292703863,1,0.274094420,-0.527525542,-0.451889456,0.093686582,0.325179147,-0.894318621,-0.292703863,46821,103898.468483500,0.019804625,1,0.370244000,0.127658000,-0.316322000,0.105715191,-0.426731103,0.897789407,-0.026439463,1,0.399485829,-0.054334823,-0.362795373,0.105715191,-0.426731103,0.897789407,-0.026439463
3.939034000,103898.500664291,vr_world,46739,103898.491950458,0.008714208,1,0.119161000,-0.535337000,-0.335217000,0.087264942,0.331150162,-0.897289192,-0.278561493,1,0.273997863,-0.519532549,-0.445667164,0.087264942,0.331150162,-0.897289192,-0.278561493,46822,103898.491950458,0.008714208,1,0.370189000,0.127425000,-0.316293000,0.105725504,-0.426846398,0.897732627,-0.026465086,1,0.399478641,-0.054563502,-0.362753177,0.105725504,-0.426846398,0.897732627,-0.026465086
3.950497667,103898.512127958,vr_world,46739,103898.491950458,0.020177833,1,0.119161000,-0.535337000,-0.335217000,0.087264942,0.331150162,-0.897289192,-0.278561493,1,0.273997863,-0.519532549,-0.445667164,0.087264942,0.331150162,-0.897289192,-0.278561493,46822,103898.491950458,0.020177833,1,0.370189000,0.127425000,-0.316293000,0.105725504,-0.426846398,0.897732627,-0.026465086,1,0.399478641,-0.054563502,-0.362753177,0.105725504,-0.426846398,0.897732627,-0.026465086
3.962675250,103898.524305541,vr_world,46740,103898.514786708,0.009519458,1,0.116012000,-0.518255000,-0.332069000,0.068771965,0.323010120,-0.910570310,-0.248589197,1,0.276585828,-0.512322714,-0.435046259,0.068771965,0.323010120,-0.910570310,-0.248589197,46823,103898.514786708,0.009519458,1,0.369947000,0.126860000,-0.316225000,0.105775774,-0.427154790,0.897587261,-0.026217949,1,0.399364981,-0.055087719,-0.362763658,0.105775774,-0.427154790,0.897587261,-0.026217949
3.974568417,103898.536198708,vr_world,46740,103898.514786708,0.021412500,1,0.116012000,-0.518255000,-0.332069000,0.068771965,0.323010120,-0.910570310,-0.248589197,1,0.276585828,-0.512322714,-0.435046259,0.068771965,0.323010120,-0.910570310,-0.248589197,46823,103898.514786708,0.021412500,1,0.369947000,0.126860000,-0.316225000,0.105775774,-0.427154790,0.897587261,-0.026217949,1,0.399364981,-0.055087719,-0.362763658,0.105775774,-0.427154790,0.897587261,-0.026217949
3.986958000,103898.548588291,vr_world,46741,103898.537930958,0.010657750,1,0.113993000,-0.506009000,-0.330303000,0.058231428,0.318300732,-0.917495474,-0.231291589,1,0.277535917,-0.505554336,-0.428674293,0.058231428,0.318300732,-0.917495474,-0.231291589,46824,103898.537930958,0.010657750,1,0.369637000,0.126312000,-0.316221000,0.106987382,-0.427998298,0.897033532,-0.026495252,1,0.399533045,-0.055561262,-0.362745961,0.106987382,-0.427998298,0.897033532,-0.026495252
3.999368584,103898.560998875,vr_world,46742,103898.560289416,0.000709875,1,0.111181000,-0.485422000,-0.326227000,0.046692123,0.313763745,-0.927702281,-0.196826408,1,0.278665077,-0.493440301,-0.417376267,0.046692123,0.313763745,-0.927702281,-0.196826408,46825,103898.560289416,0.000709875,1,0.369612000,0.125864000,-0.315952000,0.108135059,-0.427177645,0.897280822,-0.026705718,1,0.399308491,-0.056021940,-0.362554798,0.108135059,-0.427177645,0.897280822,-0.026705718
4.011792292,103898.573422583,vr_world,46742,103898.560289416,0.013133709,1,0.111181000,-0.485422000,-0.326227000,0.046692123,0.313763745,-0.927702281,-0.196826408,1,0.278665077,-0.493440301,-0.417376267,0.046692123,0.313763745,-0.927702281,-0.196826408,46825,103898.560289416,0.013133709,1,0.369612000,0.125864000,-0.315952000,0.108135059,-0.427177645,0.897280822,-0.026705718,1,0.399308491,-0.056021940,-0.362554798,0.108135059,-0.427177645,0.897280822,-0.026705718
4.022332042,103898.583962333,vr_world,46743,103898.583714500,0.000248125,1,0.108101000,-0.463193000,-0.324306000,0.030586130,0.313309467,-0.936035922,-0.157284517,1,0.280247259,-0.478429282,-0.405281447,0.030586130,0.313309467,-0.936035922,-0.157284517,46826,103898.583714500,0.000248125,1,0.369278000,0.125412000,-0.315300000,0.110153330,-0.427565398,0.896886094,-0.025483501,1,0.399353933,-0.056253160,-0.362516900,0.110153330,-0.427565398,0.896886094,-0.025483501
4.034748167,103898.596378458,vr_world,46743,103898.583714500,0.012664375,1,0.108101000,-0.463193000,-0.324306000,0.030586130,0.313309467,-0.936035922,-0.157284517,1,0.280247259,-0.478429282,-0.405281447,0.030586130,0.313309467,-0.936035922,-0.157284517,46826,103898.583714500,0.012664375,1,0.369278000,0.125412000,-0.315300000,0.110153330,-0.427565398,0.896886094,-0.025483501,1,0.399353933,-0.056253160,-0.362516900,0.110153330,-0.427565398,0.896886094,-0.025483501
4.045374084,103898.607004375,vr_world,46743,103898.583714500,0.023291708,1,0.108101000,-0.463193000,-0.324306000,0.030586130,0.313309467,-0.936035922,-0.157284517,1,0.280247259,-0.478429282,-0.405281447,0.030586130,0.313309467,-0.936035922,-0.157284517,46826,103898.583714500,0.023291708,1,0.369278000,0.125412000,-0.315300000,0.110153330,-0.427565398,0.896886094,-0.025483501,1,0.399353933,-0.056253160,-0.362516900,0.110153330,-0.427565398,0.896886094,-0.025483501
4.056015750,103898.617646041,vr_world,46744,103898.608013000,0.009634291,1,0.106015000,-0.439574000,-0.322984000,0.017834185,0.311640694,-0.943093330,-0.114616709,1,0.281829257,-0.462004884,-0.393762672,0.017834185,0.311640694,-0.943093330,-0.114616709,46827,103898.608013000,0.009634291,1,0.369366000,0.125151000,-0.314220000,0.112287971,-0.430421957,0.895345411,-0.022021477,1,0.400819216,-0.055938408,-0.362733319,0.112287971,-0.430421957,0.895345411,-0.022021477
4.068382000,103898.630012291,vr_world,46744,103898.608013000,0.022000208,1,0.106015000,-0.439574000,-0.322984000,0.017834185,0.311640694,-0.943093330,-0.114616709,1,0.281829257,-0.462004884,-0.393762672,0.017834185,0.311640694,-0.943093330,-0.114616709,46827,103898.608013000,0.022000208,1,0.369366000,0.125151000,-0.314220000,0.112287971,-0.430421957,0.895345411,-0.022021477,1,0.400819216,-0.055938408,-0.362733319,0.112287971,-0.430421957,0.895345411,-0.022021477
4.080713709,103898.642344000,vr_world,46745,103898.630687625,0.011657125,1,0.105205000,-0.425447000,-0.323760000,0.012674073,0.307618961,-0.946806856,-0.093630762,1,0.282271043,-0.452257136,-0.389731763,0.012674073,0.307618961,-0.946806856,-0.093630762,46828,103898.630687625,0.011657125,1,0.370063000,0.125563000,-0.313070000,0.109625114,-0.431638030,0.895164337,-0.018755158,1,0.401678431,-0.055273149,-0.362415445,0.109625114,-0.431638030,0.895164337,-0.018755158
4.093108750,103898.654739041,vr_world,46746,103898.653296666,0.001443042,1,0.105277000,-0.402380000,-0.324837000,0.000422439,0.305469798,-0.950669468,-0.053996170,1,0.284988333,-0.434723005,-0.380345533,0.000422439,0.305469798,-0.950669468,-0.053996170,46829,103898.653296666,0.001443042,1,0.371135000,0.126202000,-0.311098000,0.102187874,-0.434442989,0.894741765,-0.015940551,1,0.403006815,-0.054551722,-0.360579921,0.102187874,-0.434442989,0.894741765,-0.015940551
4.105500084,103898.667130375,vr_world,46746,103898.653296666,0.013834334,1,0.105277000,-0.402380000,-0.324837000,0.000422439,0.305469798,-0.950669468,-0.053996170,1,0.284988333,-0.434723005,-0.380345533,0.000422439,0.305469798,-0.950669468,-0.053996170,46829,103898.653296666,0.013834334,1,0.371135000,0.126202000,-0.311098000,0.102187874,-0.434442989,0.894741765,-0.015940551,1,0.403006815,-0.054551722,-0.360579921,0.102187874,-0.434442989,0.894741765,-0.015940551
4.115989417,103898.677619708,vr_world,46746,103898.653296666,0.024323625,1,0.105277000,-0.402380000,-0.324837000,0.000422439,0.305469798,-0.950669468,-0.053996170,1,0.284988333,-0.434723005,-0.380345533,0.000422439,0.305469798,-0.950669468,-0.053996170,46829,103898.653296666,0.024323625,1,0.371135000,0.126202000,-0.311098000,0.102187874,-0.434442989,0.894741765,-0.015940551,1,0.403006815,-0.054551722,-0.360579921,0.102187874,-0.434442989,0.894741765,-0.015940551
4.128384459,103898.690014750,vr_world,46747,103898.678183666,0.011831625,1,0.106167000,-0.379889000,-0.324928000,0.000341389,0.305984460,-0.951919233,-0.014938793,1,0.287140815,-0.416062458,-0.373543046,0.000341389,0.305984460,-0.951919233,-0.014938793,46830,103898.678183666,0.011831625,1,0.373363000,0.127998000,-0.308138000,0.087688404,-0.438893251,0.894214607,-0.007980914,1,0.405318723,-0.052413827,-0.358799798,0.087688404,-0.438893251,0.894214607,-0.007980914
4.140739042,103898.702369333,vr_world,46748,103898.701355000,0.001014791,1,0.106872000,-0.367734000,-0.325919000,0.005764728,0.300476507,-0.953769227,0.002213241,1,0.287410317,-0.407703746,-0.373160554,0.005764728,0.300476507,-0.953769227,0.002213241,46831,103898.701355000,0.001014791,1,0.376122000,0.130524000,-0.306547000,0.067899150,-0.438596993,0.896093516,-0.006228534,1,0.405820617,-0.050662640,-0.355797752,0.067899150,-0.438596993,0.896093516,-0.006228534
4.153175542,103898.714805833,vr_world,46748,103898.701355000,0.013451208,1,0.106872000,-0.367734000,-0.325919000,0.005764728,0.300476507,-0.953769227,0.002213241,1,0.287410317,-0.407703746,-0.373160554,0.005764728,0.300476507,-0.953769227,0.002213241,46831,103898.701355000,0.013451208,1,0.376122000,0.130524000,-0.306547000,0.067899150,-0.438596993,0.896093516,-0.006228534,1,0.405820617,-0.050662640,-0.355797752,0.067899150,-0.438596993,0.896093516,-0.006228534
4.165351709,103898.726982000,vr_world,46749,103898.724471416,0.002511125,1,0.107899000,-0.347829000,-0.327676000,0.000439121,0.292411389,-0.955829754,0.029746721,1,0.288916700,-0.392906702,-0.367975257,0.000439121,0.292411389,-0.955829754,0.029746721,46832,103898.724471416,0.002511125,1,0.381449000,0.134213000,-0.304362000,0.033492539,-0.431047392,0.901687496,-0.006004548,1,0.404745457,-0.048835340,-0.350043230,0.033492539,-0.431047392,0.901687496,-0.006004548
4.176012375,103898.737642666,vr_world,46749,103898.724471416,0.013171959,1,0.107899000,-0.347829000,-0.327676000,0.000439121,0.292411389,-0.955829754,0.029746721,1,0.288916700,-0.392906702,-0.367975257,0.000439121,0.292411389,-0.955829754,0.029746721,46832,103898.724471416,0.013171959,1,0.381449000,0.134213000,-0.304362000,0.033492539,-0.431047392,0.901687496,-0.006004548,1,0.404745457,-0.048835340,-0.350043230,0.033492539,-0.431047392,0.901687496,-0.006004548
4.188411667,103898.750041958,vr_world,46750,103898.747604375,0.002438041,1,0.111871000,-0.331497000,-0.330467000,0.008011608,-0.287780669,0.956711088,-0.042684823,1,0.293383162,-0.378923633,-0.365502492,0.008011608,-0.287780669,0.956711088,-0.042684823,46833,103898.747604375,0.002438041,1,0.388679000,0.137604000,-0.302276000,0.009884905,0.415175059,-0.909682464,0.003126341,1,0.401836405,-0.047452330,-0.343715858,0.009884905,0.415175059,-0.909682464,0.003126341
4.200810209,103898.762440500,vr_world,46750,103898.747604375,0.014836750,1,0.111871000,-0.331497000,-0.330467000,0.008011608,-0.287780669,0.956711088,-0.042684823,1,0.293383162,-0.378923633,-0.365502492,0.008011608,-0.287780669,0.956711088,-0.042684823,46833,103898.747604375,0.014836750,1,0.388679000,0.137604000,-0.302276000,0.009884905,0.415175059,-0.909682464,0.003126341,1,0.401836405,-0.047452330,-0.343715858,0.009884905,0.415175059,-0.909682464,0.003126341
4.212430042,103898.774060333,vr_world,46751,103898.771598000,0.002463000,1,0.112509000,-0.324727000,-0.331959000,0.009786554,-0.286663125,0.957209964,-0.038439066,1,0.293953019,-0.372230183,-0.367242711,0.009786554,-0.286663125,0.957209964,-0.038439066,46834,103898.771598000,0.002463000,1,0.393168000,0.138895000,-0.301731000,0.035049182,0.404677191,-0.913784365,-0.002461850,1,0.400055657,-0.046833712,-0.341651498,0.035049182,0.404677191,-0.913784365,-0.002461850
4.224015584,103898.785645875,vr_world,46751,103898.771598000,0.014048541,1,0.112509000,-0.324727000,-0.331959000,0.009786554,-0.286663125,0.957209964,-0.038439066,1,0.293953019,-0.372230183,-0.367242711,0.009786554,-0.286663125,0.957209964,-0.038439066,46834,103898.771598000,0.014048541,1,0.393168000,0.138895000,-0.301731000,0.035049182,0.404677191,-0.913784365,-0.002461850,1,0.400055657,-0.046833712,-0.341651498,0.035049182,0.404677191,-0.913784365,-0.002461850
4.234688250,103898.796318541,vr_world,46752,103898.794115916,0.002203334,1,0.114577000,-0.313228000,-0.334302000,0.020992113,-0.288177254,0.956484401,-0.040629943,1,0.296967939,-0.359907870,-0.365574023,0.020992113,-0.288177254,0.956484401,-0.040629943,46835,103898.794115916,0.002203334,1,0.398218000,0.142207000,-0.301229000,0.070022971,0.397120304,-0.915074731,-0.005521243,1,0.399814381,-0.044466603,-0.337098995,0.070022971,0.397120304,-0.915074731,-0.005521243
4.245342834,103898.806973125,vr_world,46752,103898.794115916,0.012857667,1,0.114577000,-0.313228000,-0.334302000,0.020992113,-0.288177254,0.956484401,-0.040629943,1,0.296967939,-0.359907870,-0.365574023,0.020992113,-0.288177254,0.956484401,-0.040629943,46835,103898.794115916,0.012857667,1,0.398218000,0.142207000,-0.301229000,0.070022971,0.397120304,-0.915074731,-0.005521243,1,0.399814381,-0.044466603,-0.337098995,0.070022971,0.397120304,-0.915074731,-0.005521243
4.257737667,103898.819367958,vr_world,46753,103898.818233083,0.001135167,1,0.116998000,-0.304732000,-0.336950000,0.034821188,-0.287883311,0.956462278,-0.033024149,1,0.300088263,-0.350577649,-0.365226193,0.034821188,-0.287883311,0.956462278,-0.033024149,46836,103898.818233083,0.001135167,1,0.403964000,0.144194000,-0.302284000,0.099168030,0.389541415,-0.915652857,0.001741817,1,0.401586665,-0.043688369,-0.331107469,0.099168030,0.389541415,-0.915652857,0.001741817
4.270133792,103898.831764083,vr_world,46753,103898.818233083,0.013531458,1,0.116998000,-0.304732000,-0.336950000,0.034821188,-0.287883311,0.956462278,-0.033024149,1,0.300088263,-0.350577649,-0.365226193,0.034821188,-0.287883311,0.956462278,-0.033024149,46836,103898.818233083,0.013531458,1,0.403964000,0.144194000,-0.302284000,0.099168030,0.389541415,-0.915652857,0.001741817,1,0.401586665,-0.043688369,-0.331107469,0.099168030,0.389541415,-0.915652857,0.001741817
4.282545459,103898.844175750,vr_world,46754,103898.841447250,0.002728916,1,0.118297000,-0.302734000,-0.338427000,0.039388778,-0.290850388,0.955628925,-0.025058606,1,0.301816138,-0.346795939,-0.366758983,0.039388778,-0.290850388,0.955628925,-0.025058606,46837,103898.841447250,0.002728916,1,0.408407000,0.143781000,-0.302295000,0.107694021,0.382903811,-0.917488309,0.001368083,1,0.403020368,-0.044252592,-0.329691997,0.107694021,0.382903811,-0.917488309,0.001368083
4.294486042,103898.856116333,vr_world,46754,103898.841447250,0.014669375,1,0.118297000,-0.302734000,-0.338427000,0.039388778,-0.290850388,0.955628925,-0.025058606,1,0.301816138,-0.346795939,-0.366758983,0.039388778,-0.290850388,0.955628925,-0.025058606,46837,103898.841447250,0.014669375,1,0.408407000,0.143781000,-0.302295000,0.107694021,0.382903811,-0.917488309,0.001368083,1,0.403020368,-0.044252592,-0.329691997,0.107694021,0.382903811,-0.917488309,0.001368083
4.306905250,103898.868535541,vr_world,46755,103898.864088000,0.004448041,1,0.120797000,-0.297278000,-0.340701000,0.044339301,-0.288438669,0.956252745,-0.020441354,1,0.304314510,-0.341806742,-0.368304552,0.044339301,-0.288438669,0.956252745,-0.020441354,46838,103898.864088000,0.004448041,1,0.414003000,0.143994000,-0.301449000,0.122000342,0.376062526,-0.918525874,-0.001763940,1,0.405213603,-0.044118062,-0.327388341,0.122000342,0.376062526,-0.918525874,-0.001763940
4.317356209,103898.878986500,vr_world,46755,103898.864088000,0.014898750,1,0.120797000,-0.297278000,-0.340701000,0.044339301,-0.288438669,0.956252745,-0.020441354,1,0.304314510,-0.341806742,-0.368304552,0.044339301,-0.288438669,0.956252745,-0.020441354,46838,103898.864088000,0.014898750,1,0.414003000,0.143994000,-0.301449000,0.122000342,0.376062526,-0.918525874,-0.001763940,1,0.405213603,-0.044118062,-0.327388341,0.122000342,0.376062526,-0.918525874,-0.001763940
4.327740709,103898.889371000,vr_world,46756,103898.887436041,0.001935500,1,0.123274000,-0.293445000,-0.343328000,0.048286877,-0.279344939,0.958802856,-0.018217203,1,0.306112402,-0.341161039,-0.370100147,0.048286877,-0.279344939,0.958802856,-0.018217203,46839,103898.887436041,0.001935500,1,0.416622000,0.143872000,-0.299449000,0.122847511,0.384899352,-0.914725517,-0.006181062,1,0.411066003,-0.044110341,-0.327161129,0.122847511,0.384899352,-0.914725517,-0.006181062
4.340136000,103898.901766291,vr_world,46756,103898.887436041,0.014330625,1,0.123274000,-0.293445000,-0.343328000,0.048286877,-0.279344939,0.958802856,-0.018217203,1,0.306112402,-0.341161039,-0.370100147,0.048286877,-0.279344939,0.958802856,-0.018217203,46839,103898.887436041,0.014330625,1,0.416622000,0.143872000,-0.299449000,0.122847511,0.384899352,-0.914725517,-0.006181062,1,0.411066003,-0.044110341,-0.327161129,0.122847511,0.384899352,-0.914725517,-0.006181062
4.351506167,103898.913136458,vr_world,46757,103898.910966708,0.002170375,1,0.124485000,-0.293908000,-0.344104000,0.043076827,-0.281295429,0.958427979,-0.020810503,1,0.307255457,-0.341203808,-0.372059938,0.043076827,-0.281295429,0.958427979,-0.020810503,46840,103898.910966708,0.002170375,1,0.416167000,0.143824000,-0.296920000,0.112278689,0.399450350,-0.909796388,-0.010170792,1,0.416563226,-0.043670936,-0.328252319,0.112278689,0.399450350,-0.909796388,-0.010170792
4.363875459,103898.925505750,vr_world,46757,103898.910966708,0.014539417,1,0.124485000,-0.293908000,-0.344104000,0.043076827,-0.281295429,0.958427979,-0.020810503,1,0.307255457,-0.341203808,-0.372059938,0.043076827,-0.281295429,0.958427979,-0.020810503,46840,103898.910966708,0.014539417,1,0.416167000,0.143824000,-0.296920000,0.112278689,0.399450350,-0.909796388,-0.010170792,1,0.416563226,-0.043670936,-0.328252319,0.112278689,0.399450350,-0.909796388,-0.010170792
4.376244000,103898.937874291,vr_world,46758,103898.934114000,0.003760833,1,0.126752000,-0.294212000,-0.345538000,0.036508008,-0.283889578,0.957882907,-0.023112948,1,0.309421159,-0.340869899,-0.375176658,0.036508008,-0.283889578,0.957882907,-0.023112948,46841,103898.934114000,0.003760833,1,0.417578000,0.144428000,-0.294041000,0.106627015,0.408368940,-0.906479800,-0.012643606,1,0.421635308,-0.042667697,-0.327432426,0.106627015,0.408368940,-0.906479800,-0.012643606
4.388143000,103898.949773291,vr_world,46758,103898.934114000,0.015659875,1,0.126752000,-0.294212000,-0.345538000,0.036508008,-0.283889578,0.957882907,-0.023112948,1,0.309421159,-0.340869899,-0.375176658,0.036508008,-0.283889578,0.957882907,-0.023112948,46841,103898.934114000,0.015659875,1,0.417578000,0.144428000,-0.294041000,0.106627015,0.408368940,-0.906479800,-0.012643606,1,0.421635308,-0.042667697,-0.327432426,0.106627015,0.408368940,-0.906479800,-0.012643606
4.400306334,103898.961936625,vr_world,46759,103898.957459708,0.004477542,1,0.129028000,-0.297277000,-0.345180000,0.024325665,-0.294715298,0.955145546,-0.015752521,1,0.311789530,-0.339663108,-0.380181340,0.024325665,-0.294715298,0.955145546,-0.015752521,46842,103898.957459708,0.004477542,1,0.418641000,0.145771000,-0.291536000,0.102143736,0.406670046,-0.907791812,-0.010007884,1,0.422354945,-0.041389334,-0.324603505,0.102143736,0.406670046,-0.907791812,-0.010007884
4.412698750,103898.974329041,vr_world,46759,103898.957459708,0.016869708,1,0.129028000,-0.297277000,-0.345180000,0.024325665,-0.294715298,0.955145546,-0.015752521,1,0.311789530,-0.339663108,-0.380181340,0.024325665,-0.294715298,0.955145546,-0.015752521,46842,103898.957459708,0.016869708,1,0.418641000,0.145771000,-0.291536000,0.102143736,0.406670046,-0.907791812,-0.010007884,1,0.422354945,-0.041389334,-0.324603505,0.102143736,0.406670046,-0.907791812,-0.010007884
4.423460084,103898.985090375,vr_world,46760,103898.980460083,0.004630667,1,0.129623000,-0.300194000,-0.343461000,0.015260132,-0.299901996,0.953846768,-0.001504705,1,0.311862431,-0.339741474,-0.384058797,0.015260132,-0.299901996,0.953846768,-0.001504705,46843,103898.980460083,0.004630667,1,0.418679000,0.147010000,-0.291217000,0.103366685,0.400809483,-0.910307751,-0.002623948,1,0.420434574,-0.040675193,-0.321340014,0.103366685,0.400809483,-0.910307751,-0.002623948
4.434628667,103898.996258958,vr_world,46760,103898.980460083,0.015815333,1,0.129623000,-0.300194000,-0.343461000,0.015260132,-0.299901996,0.953846768,-0.001504705,1,0.311862431,-0.339741474,-0.384058797,0.015260132,-0.299901996,0.953846768,-0.001504705,46843,103898.980460083,0.015815333,1,0.418679000,0.147010000,-0.291217000,0.103366685,0.400809483,-0.910307751,-0.002623948,1,0.420434574,-0.040675193,-0.321340014,0.103366685,0.400809483,-0.910307751,-0.002623948
4.445346500,103899.006976791,vr_world,46761,103899.003995958,0.002981625,1,0.130352000,-0.303665000,-0.342551000,0.010813827,-0.308828155,0.950896941,0.017413795,1,0.312458990,-0.338258578,-0.387979443,0.010813827,-0.308828155,0.950896941,0.017413795,46844,103899.003995958,0.002981625,1,0.418370000,0.148872000,-0.290684000,0.107046101,0.397335764,-0.911385329,0.006496456,1,0.419155336,-0.039392101,-0.316994093,0.107046101,0.397335764,-0.911385329,0.006496456
4.456961750,103899.018592041,vr_world,46761,103899.003995958,0.014596917,1,0.130352000,-0.303665000,-0.342551000,0.010813827,-0.308828155,0.950896941,0.017413795,1,0.312458990,-0.338258578,-0.387979443,0.010813827,-0.308828155,0.950896941,0.017413795,46844,103899.003995958,0.014596917,1,0.418370000,0.148872000,-0.290684000,0.107046101,0.397335764,-0.911385329,0.006496456,1,0.419155336,-0.039392101,-0.316994093,0.107046101,0.397335764,-0.911385329,0.006496456
4.469316417,103899.030946708,vr_world,46762,103899.026879250,0.004068083,1,0.129705000,-0.307666000,-0.341459000,0.013601559,-0.323690994,0.945308103,0.037838189,1,0.312485934,-0.334520555,-0.389348526,0.013601559,-0.323690994,0.945308103,0.037838189,46845,103899.026879250,0.004068083,1,0.418046000,0.150102000,-0.290185000,0.107896000,0.393813867,-0.912751586,0.012394938,1,0.417740499,-0.038469753,-0.314202441,0.107896000,0.393813867,-0.912751586,0.012394938
4.481654000,103899.043284291,vr_world,46762,103899.026879250,0.016405500,1,0.129705000,-0.307666000,-0.341459000,0.013601559,-0.323690994,0.945308103,0.037838189,1,0.312485934,-0.334520555,-0.389348526,0.013601559,-0.323690994,0.945308103,0.037838189,46845,103899.026879250,0.016405500,1,0.418046000,0.150102000,-0.290185000,0.107896000,0.393813867,-0.912751586,0.012394938,1,0.417740499,-0.038469753,-0.314202441,0.107896000,0.393813867,-0.912751586,0.012394938
4.493544792,103899.055175083,vr_world,46763,103899.050140750,0.005034958,1,0.127926000,-0.308375000,-0.342325000,0.021520197,-0.330265714,0.942814206,0.039532412,1,0.311723956,-0.332367324,-0.387779735,0.021520197,-0.330265714,0.942814206,0.039532412,46846,103899.050140750,0.005034958,1,0.417360000,0.150458000,-0.290278000,0.106628941,0.394568422,-0.912564057,0.013148062,1,0.417447020,-0.038119192,-0.314254530,0.106628941,0.394568422,-0.912564057,0.013148062
4.504030459,103899.065660750,vr_world,46763,103899.050140750,0.015520458,1,0.127926000,-0.308375000,-0.342325000,0.021520197,-0.330265714,0.942814206,0.039532412,1,0.311723956,-0.332367324,-0.387779735,0.021520197,-0.330265714,0.942814206,0.039532412,46846,103899.050140750,0.015520458,1,0.417360000,0.150458000,-0.290278000,0.106628941,0.394568422,-0.912564057,0.013148062,1,0.417447020,-0.038119192,-0.314254530,0.106628941,0.394568422,-0.912564057,0.013148062
4.515038500,103899.076668791,vr_world,46764,103899.073441458,0.003227708,1,0.126413000,-0.309185000,-0.343638000,0.031011057,-0.335284501,0.940754977,0.040033626,1,0.311234106,-0.331002359,-0.385929659,0.031011057,-0.335284501,0.940754977,0.040033626,46847,103899.073441458,0.003227708,1,0.416235000,0.151189000,-0.290286000,0.102998846,0.397783964,-0.911573406,0.013895344,1,0.417791357,-0.037330271,-0.314664111,0.102998846,0.397783964,-0.911573406,0.013895344
4.527418417,103899.089048708,vr_world,46764,103899.073441458,0.015607667,1,0.126413000,-0.309185000,-0.343638000,0.031011057,-0.335284501,0.940754977,0.040033626,1,0.311234106,-0.331002359,-0.385929659,0.031011057,-0.335284501,0.940754977,0.040033626,46847,103899.073441458,0.015607667,1,0.416235000,0.151189000,-0.290286000,0.102998846,0.397783964,-0.911573406,0.013895344,1,0.417791357,-0.037330271,-0.314664111,0.102998846,0.397783964,-0.911573406,0.013895344
4.538713667,103899.100343958,vr_world,46765,103899.096829583,0.003514958,1,0.125201000,-0.308286000,-0.344184000,0.035205596,-0.335298578,0.940794363,0.035233445,1,0.310465920,-0.330476988,-0.384282928,0.035205596,-0.335298578,0.940794363,0.035233445,46848,103899.096829583,0.003514958,1,0.414724000,0.151737000,-0.290688000,0.096277030,0.403765131,-0.909684602,0.013355835,1,0.418914872,-0.036558101,-0.316448914,0.096277030,0.403765131,-0.909684602,0.013355835
4.550879834,103899.112510125,vr_world,46765,103899.096829583,0.015681250,1,0.125201000,-0.308286000,-0.344184000,0.035205596,-0.335298578,0.940794363,0.035233445,1,0.310465920,-0.330476988,-0.384282928,0.035205596,-0.335298578,0.940794363,0.035233445,46848,103899.096829583,0.015681250,1,0.414724000,0.151737000,-0.290688000,0.096277030,0.403765131,-0.909684602,0.013355835,1,0.418914872,-0.036558101,-0.316448914,0.096277030,0.403765131,-0.909684602,0.013355835
4.561291209,103899.122921500,vr_world,46766,103899.119630375,0.003291708,1,0.124880000,-0.306803000,-0.344905000,0.034495193,-0.333585588,0.941749866,0.025257232,1,0.310244666,-0.330587272,-0.383605409,0.034495193,-0.333585588,0.941749866,0.025257232,46849,103899.119630375,0.003291708,1,0.413144000,0.151780000,-0.291039000,0.089634803,0.409622776,-0.907752846,0.012631494,1,0.419931104,-0.036242466,-0.318199441,0.089634803,0.409622776,-0.907752846,0.012631494
4.573669500,103899.135299791,vr_world,46766,103899.119630375,0.015670000,1,0.124880000,-0.306803000,-0.344905000,0.034495193,-0.333585588,0.941749866,0.025257232,1,0.310244666,-0.330587272,-0.383605409,0.034495193,-0.333585588,0.941749866,0.025257232,46849,103899.119630375,0.015670000,1,0.413144000,0.151780000,-0.291039000,0.089634803,0.409622776,-0.907752846,0.012631494,1,0.419931104,-0.036242466,-0.318199441,0.089634803,0.409622776,-0.907752846,0.012631494
4.584192084,103899.145822375,vr_world,46767,103899.142363125,0.003460000,1,0.124708000,-0.304721000,-0.345270000,0.030016159,-0.333174383,0.942316525,0.011551083,1,0.310051570,-0.329955189,-0.383144211,0.030016159,-0.333174383,0.942316525,0.011551083,46850,103899.142363125,0.003460000,1,0.410690000,0.151821000,-0.291452000,0.078376160,0.418341063,-0.904818947,0.012272149,1,0.421488425,-0.035719455,-0.320576252,0.078376160,0.418341063,-0.904818947,0.012272149
4.596626917,103899.158257208,vr_world,46767,103899.142363125,0.015897000,1,0.124708000,-0.304721000,-0.345270000,0.030016159,-0.333174383,0.942316525,0.011551083,1,0.310051570,-0.329955189,-0.383144211,0.030016159,-0.333174383,0.942316525,0.011551083,46850,103899.142363125,0.015897000,1,0.410690000,0.151821000,-0.291452000,0.078376160,0.418341063,-0.904818947,0.012272149,1,0.421488425,-0.035719455,-0.320576252,0.078376160,0.418341063,-0.904818947,0.012272149
4.609039209,103899.170669500,vr_world,46768,103899.165735458,0.004934875,1,0.125074000,-0.302583000,-0.345354000,0.020783023,-0.331615858,0.943174761,-0.004512109,1,0.310047360,-0.329988699,-0.383527753,0.020783023,-0.331615858,0.943174761,-0.004512109,46851,103899.165735458,0.004934875,1,0.408430000,0.151801000,-0.291948000,0.066936498,0.425584287,-0.902377731,0.010580659,1,0.422635559,-0.035134481,-0.323404954,0.066936498,0.425584287,-0.902377731,0.010580659
4.621465417,103899.183095708,vr_world,46768,103899.165735458,0.017360750,1,0.125074000,-0.302583000,-0.345354000,0.020783023,-0.331615858,0.943174761,-0.004512109,1,0.310047360,-0.329988699,-0.383527753,0.020783023,-0.331615858,0.943174761,-0.004512109,46851,103899.165735458,0.017360750,1,0.408430000,0.151801000,-0.291948000,0.066936498,0.425584287,-0.902377731,0.010580659,1,0.422635559,-0.035134481,-0.323404954,0.066936498,0.425584287,-0.902377731,0.010580659
4.633894209,103899.195524500,vr_world,46769,103899.188547750,0.006977208,1,0.125027000,-0.300907000,-0.345124000,0.013877165,-0.322228143,0.946450407,-0.014424843,1,0.309145307,-0.332948280,-0.383818666,0.013877165,-0.322228143,0.946450407,-0.014424843,46852,103899.188547750,0.006977208,1,0.407254000,0.151342000,-0.292133000,0.061558098,0.427589840,-0.901835109,0.008424046,1,0.422439033,-0.035254966,-0.325105853,0.061558098,0.427589840,-0.901835109,0.008424046
4.644032292,103899.205662583,vr_world,46769,103899.188547750,0.017117458,1,0.125027000,-0.300907000,-0.345124000,0.013877165,-0.322228143,0.946450407,-0.014424843,1,0.309145307,-0.332948280,-0.383818666,0.013877165,-0.322228143,0.946450407,-0.014424843,46852,103899.188547750,0.017117458,1,0.407254000,0.151342000,-0.292133000,0.061558098,0.427589840,-0.901835109,0.008424046,1,0.422439033,-0.035254966,-0.325105853,0.061558098,0.427589840,-0.901835109,0.008424046
4.656032334,103899.217662625,vr_world,46770,103899.211489666,0.006175000,1,0.124491000,-0.299277000,-0.345605000,0.008058209,-0.306635119,0.951167976,-0.034488415,1,0.307499246,-0.338983903,-0.382412274,0.008058209,-0.306635119,0.951167976,-0.034488415,46853,103899.211489666,0.006175000,1,0.404944000,0.150478000,-0.292456000,0.053801942,0.431422111,-0.900529282,0.005227398,1,0.421951927,-0.035555992,-0.327645304,0.053801942,0.431422111,-0.900529282,0.005227398
4.668441667,103899.230071958,vr_world,46770,103899.211489666,0.018582959,1,0.124491000,-0.299277000,-0.345605000,0.008058209,-0.306635119,0.951167976,-0.034488415,1,0.307499246,-0.338983903,-0.382412274,0.008058209,-0.306635119,0.951167976,-0.034488415,46853,103899.211489666,0.018582959,1,0.404944000,0.150478000,-0.292456000,0.053801942,0.431422111,-0.900529282,0.005227398,1,0.421951927,-0.035555992,-0.327645304,0.053801942,0.431422111,-0.900529282,0.005227398
4.680882084,103899.242512375,vr_world,46771,103899.234961375,0.007552750,1,0.124234000,-0.299897000,-0.345407000,0.006727138,-0.285065731,0.957182941,-0.049930878,1,0.305538587,-0.348857344,-0.379391271,0.006727138,-0.285065731,0.957182941,-0.049930878,46854,103899.234961375,0.007552750,1,0.402935000,0.149570000,-0.292661000,0.047071986,0.433372801,-0.899983977,0.001041158,1,0.420919087,-0.035908063,-0.330220042,0.047071986,0.433372801,-0.899983977,0.001041158
4.691236792,103899.252867083,vr_world,46771,103899.234961375,0.017906041,1,0.124234000,-0.299897000,-0.345407000,0.006727138,-0.285065731,0.957182941,-0.049930878,1,0.305538587,-0.348857344,-0.379391271,0.006727138,-0.285065731,0.957182941,-0.049930878,46854,103899.234961375,0.017906041,1,0.402935000,0.149570000,-0.292661000,0.047071986,0.433372801,-0.899983977,0.001041158,1,0.420919087,-0.035908063,-0.330220042,0.047071986,0.433372801,-0.899983977,0.001041158
4.703668584,103899.265298875,vr_world,46772,103899.258172958,0.007126417,1,0.123922000,-0.303611000,-0.344157000,0.004516441,-0.279467723,0.958846803,-0.049901921,1,0.304504545,-0.354755059,-0.378764726,0.004516441,-0.279467723,0.958846803,-0.049901921,46855,103899.258172958,0.007126417,1,0.401689000,0.149077000,-0.292847000,0.044509354,0.434746964,-0.899451615,-0.000886568,1,0.420294363,-0.036129144,-0.331431795,0.044509354,0.434746964,-0.899451615,-0.000886568
4.716072292,103899.277702583,vr_world,46772,103899.258172958,0.019529958,1,0.123922000,-0.303611000,-0.344157000,0.004516441,-0.279467723,0.958846803,-0.049901921,1,0.304504545,-0.354755059,-0.378764726,0.004516441,-0.279467723,0.958846803,-0.049901921,46855,103899.258172958,0.019529958,1,0.401689000,0.149077000,-0.292847000,0.044509354,0.434746964,-0.899451615,-0.000886568,1,0.420294363,-0.036129144,-0.331431795,0.044509354,0.434746964,-0.899451615,-0.000886568
4.728525750,103899.290156041,vr_world,46773,103899.281670791,0.008486959,1,0.122941000,-0.311063000,-0.342076000,0.002030184,-0.271980524,0.961045733,-0.049128120,1,0.302534829,-0.365044281,-0.377509342,0.002030184,-0.271980524,0.961045733,-0.049128120,46856,103899.281670791,0.008486959,1,0.399594000,0.147910000,-0.292841000,0.038714619,0.435693197,-0.899252053,-0.004285006,1,0.418783241,-0.036822058,-0.333363392,0.038714619,0.435693197,-0.899252053,-0.004285006
4.740962500,103899.302592791,vr_world,46773,103899.281670791,0.020923917,1,0.122941000,-0.311063000,-0.342076000,0.002030184,-0.271980524,0.961045733,-0.049128120,1,0.302534829,-0.365044281,-0.377509342,0.002030184,-0.271980524,0.961045733,-0.049128120,46856,103899.281670791,0.020923917,1,0.399594000,0.147910000,-0.292841000,0.038714619,0.435693197,-0.899252053,-0.004285006,1,0.418783241,-0.036822058,-0.333363392,0.038714619,0.435693197,-0.899252053,-0.004285006
4.753385709,103899.315016000,vr_world,46774,103899.304566083,0.010452000,1,0.122535000,-0.321818000,-0.339169000,0.002294020,0.264900544,-0.963461602,0.039549734,1,0.300810617,-0.377934121,-0.377798026,0.002294020,0.264900544,-0.963461602,0.039549734,46857,103899.304566083,0.010452000,1,0.398235000,0.146881000,-0.292772000,0.033209764,0.432266640,-0.901097039,-0.008172509,1,0.416201020,-0.037524080,-0.335295260,0.033209764,0.432266640,-0.901097039,-0.008172509
4.764401209,103899.326031500,vr_world,46774,103899.304566083,0.021466792,1,0.122535000,-0.321818000,-0.339169000,0.002294020,0.264900544,-0.963461602,0.039549734,1,0.300810617,-0.377934121,-0.377798026,0.002294020,0.264900544,-0.963461602,0.039549734,46857,103899.304566083,0.021466792,1,0.398235000,0.146881000,-0.292772000,0.033209764,0.432266640,-0.901097039,-0.008172509,1,0.416201020,-0.037524080,-0.335295260,0.033209764,0.432266640,-0.901097039,-0.008172509
4.774587209,103899.336217500,vr_world,46775,103899.327900458,0.008319542,1,0.123540000,-0.330024000,-0.336361000,0.010598274,0.254793934,-0.966564394,0.026851444,1,0.299655116,-0.389175415,-0.380042344,0.010598274,0.254793934,-0.966564394,0.026851444,46858,103899.327900458,0.008319542,1,0.397694000,0.146622000,-0.292677000,0.030483565,0.428922650,-0.902757957,-0.011143801,1,0.414343562,-0.037594024,-0.336534129,0.030483565,0.428922650,-0.902757957,-0.011143801
4.786683334,103899.348313625,vr_world,46775,103899.327900458,0.020413875,1,0.123540000,-0.330024000,-0.336361000,0.010598274,0.254793934,-0.966564394,0.026851444,1,0.299655116,-0.389175415,-0.380042344,0.010598274,0.254793934,-0.966564394,0.026851444,46858,103899.327900458,0.020413875,1,0.397694000,0.146622000,-0.292677000,0.030483565,0.428922650,-0.902757957,-0.011143801,1,0.414343562,-0.037594024,-0.336534129,0.030483565,0.428922650,-0.902757957,-0.011143801
4.799099250,103899.360729541,vr_world,46776,103899.351263375,0.009466583,1,0.125379000,-0.345386000,-0.330865000,0.033580765,0.236261821,-0.971087921,0.006397909,1,0.296380754,-0.410086387,-0.385598056,0.033580765,0.236261821,-0.971087921,0.006397909,46859,103899.351263375,0.009466583,1,0.395897000,0.145846000,-0.292136000,0.023102341,0.427332893,-0.903679043,-0.014733233,1,0.412264097,-0.037866243,-0.338159153,0.023102341,0.427332893,-0.903679043,-0.014733233
4.811526750,103899.373157041,vr_world,46776,103899.351263375,0.021898125,1,0.125379000,-0.345386000,-0.330865000,0.033580765,0.236261821,-0.971087921,0.006397909,1,0.296380754,-0.410086387,-0.385598056,0.033580765,0.236261821,-0.971087921,0.006397909,46859,103899.351263375,0.021898125,1,0.395897000,0.145846000,-0.292136000,0.023102341,0.427332893,-0.903679043,-0.014733233,1,0.412264097,-0.037866243,-0.338159153,0.023102341,0.427332893,-0.903679043,-0.014733233
4.821972375,103899.383602666,vr_world,46777,103899.374693041,0.008910917,1,0.126822000,-0.364590000,-0.326129000,0.057571035,0.233691704,-0.970487760,-0.015075498,1,0.293972922,-0.428555127,-0.392404885,0.057571035,0.233691704,-0.970487760,-0.015075498,46860,103899.374693041,0.008910917,1,0.394335000,0.145054000,-0.291586000,0.014314246,0.425999106,-0.904460683,-0.016454112,1,0.410750460,-0.038220421,-0.339306434,0.014314246,0.425999106,-0.904460683,-0.016454112
4.833395250,103899.395025541,vr_world,46777,103899.374693041,0.020335917,1,0.126822000,-0.364590000,-0.326129000,0.057571035,0.233691704,-0.970487760,-0.015075498,1,0.293972922,-0.428555127,-0.392404885,0.057571035,0.233691704,-0.970487760,-0.015075498,46860,103899.374693041,0.020335917,1,0.394335000,0.145054000,-0.291586000,0.014314246,0.425999106,-0.904460683,-0.016454112,1,0.410750460,-0.038220421,-0.339306434,0.014314246,0.425999106,-0.904460683,-0.016454112
4.845352292,103899.406982583,vr_world,46778,103899.397755875,0.009228416,1,0.128328000,-0.378449000,-0.323728000,0.068915939,0.246096386,-0.966344091,-0.029432275,1,0.294985646,-0.436615429,-0.396290629,0.068915939,0.246096386,-0.966344091,-0.029432275,46861,103899.397755875,0.009228416,1,0.393845000,0.144648000,-0.290947000,0.008349754,0.425350382,-0.904797394,-0.018681830,1,0.410375965,-0.038214491,-0.340183802,0.008349754,0.425350382,-0.904797394,-0.018681830
4.857774084,103899.419404375,vr_world,46778,103899.397755875,0.021650791,1,0.128328000,-0.378449000,-0.323728000,0.068915939,0.246096386,-0.966344091,-0.029432275,1,0.294985646,-0.436615429,-0.396290629,0.068915939,0.246096386,-0.966344091,-0.029432275,46861,103899.397755875,0.021650791,1,0.393845000,0.144648000,-0.290947000,0.008349754,0.425350382,-0.904797394,-0.018681830,1,0.410375965,-0.038214491,-0.340183802,0.008349754,0.425350382,-0.904797394,-0.018681830
4.870162959,103899.431793250,vr_world,46779,103899.420518000,0.011275625,1,0.132396000,-0.400984000,-0.318753000,0.093992282,0.251678423,-0.961006955,-0.065490880,1,0.294288599,-0.452860390,-0.405488559,0.093992282,0.251678423,-0.961006955,-0.065490880,46862,103899.420518000,0.011275625,1,0.392548000,0.143943000,-0.290194000,0.002087391,-0.424401452,0.905220635,0.021322589,1,0.409456900,-0.038275556,-0.341640445,0.002087391,-0.424401452,0.905220635,0.021322589
4.882592250,103899.444222541,vr_world,46780,103899.443745666,0.000477625,1,0.135851000,-0.424984000,-0.315058000,0.111538736,0.273121107,-0.950380571,-0.098695197,1,0.295116301,-0.464440365,-0.412531990,0.111538736,0.273121107,-0.950380571,-0.098695197,46863,103899.443745666,0.000477625,1,0.391086000,0.143260000,-0.289440000,0.012182413,-0.423757967,0.905401042,0.023015817,1,0.408558287,-0.038379490,-0.342713240,0.012182413,-0.423757967,0.905401042,0.023015817
4.895010042,103899.456640333,vr_world,46780,103899.443745666,0.012895167,1,0.135851000,-0.424984000,-0.315058000,0.111538736,0.273121107,-0.950380571,-0.098695197,1,0.295116301,-0.464440365,-0.412531990,0.111538736,0.273121107,-0.950380571,-0.098695197,46863,103899.443745666,0.012895167,1,0.391086000,0.143260000,-0.289440000,0.012182413,-0.423757967,0.905401042,0.023015817,1,0.408558287,-0.038379490,-0.342713240,0.012182413,-0.423757967,0.905401042,0.023015817
4.907447875,103899.469078166,vr_world,46781,103899.467261083,0.001819000,1,0.138785000,-0.437228000,-0.314520000,0.113700446,0.285163000,-0.944473282,-0.117151577,1,0.297550344,-0.469371722,-0.415434413,0.113700446,0.285163000,-0.944473282,-0.117151577,46864,103899.467261083,0.001819000,1,0.390752000,0.142886000,-0.289225000,0.016515859,-0.422142587,0.906097245,0.022597463,1,0.407981499,-0.038661853,-0.342888192,0.016515859,-0.422142587,0.906097245,0.022597463
4.919850334,103899.481480625,vr_world,46781,103899.467261083,0.014220208,1,0.138785000,-0.437228000,-0.314520000,0.113700446,0.285163000,-0.944473282,-0.117151577,1,0.297550344,-0.469371722,-0.415434413,0.113700446,0.285163000,-0.944473282,-0.117151577,46864,103899.467261083,0.014220208,1,0.390752000,0.142886000,-0.289225000,0.016515859,-0.422142587,0.906097245,0.022597463,1,0.407981499,-0.038661853,-0.342888192,0.016515859,-0.422142587,0.906097245,0.022597463
4.929925459,103899.491555750,vr_world,46782,103899.490868000,0.000690416,1,0.144139000,-0.458940000,-0.313166000,0.122439498,0.308881801,-0.931619271,-0.147262137,1,0.300865861,-0.477326328,-0.420506895,0.122439498,0.308881801,-0.931619271,-0.147262137,46865,103899.490868000,0.000690416,1,0.390174000,0.142188000,-0.288995000,0.023033565,-0.419872714,0.907016527,0.022301964,1,0.407105241,-0.039178498,-0.343361903,0.023033565,-0.419872714,0.907016527,0.022301964
4.941257167,103899.502887458,vr_world,46782,103899.490868000,0.012022000,1,0.144139000,-0.458940000,-0.313166000,0.122439498,0.308881801,-0.931619271,-0.147262137,1,0.300865861,-0.477326328,-0.420506895,0.122439498,0.308881801,-0.931619271,-0.147262137,46865,103899.490868000,0.012022000,1,0.390174000,0.142188000,-0.288995000,0.023033565,-0.419872714,0.907016527,0.022301964,1,0.407105241,-0.039178498,-0.343361903,0.023033565,-0.419872714,0.907016527,0.022301964
4.953653584,103899.515283875,vr_world,46783,103899.513235375,0.002049041,1,0.150960000,-0.479807000,-0.312233000,0.135419775,0.338856256,-0.914631861,-0.174030116,1,0.304367304,-0.482327889,-0.425737568,0.135419775,0.338856256,-0.914631861,-0.174030116,46866,103899.513235375,0.002049041,1,0.389604000,0.141444000,-0.288933000,0.026221216,-0.418660912,0.907520763,0.021013154,1,0.406392108,-0.039949833,-0.343253003,0.026221216,-0.418660912,0.907520763,0.021013154
4.966067292,103899.527697583,vr_world,46783,103899.513235375,0.014462833,1,0.150960000,-0.479807000,-0.312233000,0.135419775,0.338856256,-0.914631861,-0.174030116,1,0.304367304,-0.482327889,-0.425737568,0.135419775,0.338856256,-0.914631861,-0.174030116,46866,103899.513235375,0.014462833,1,0.389604000,0.141444000,-0.288933000,0.026221216,-0.418660912,0.907520763,0.021013154,1,0.406392108,-0.039949833,-0.343253003,0.026221216,-0.418660912,0.907520763,0.021013154
4.978490959,103899.540121250,vr_world,46784,103899.536228500,0.003893166,1,0.157324000,-0.489552000,-0.312344000,0.148482790,0.354374352,-0.903572811,-0.189546447,1,0.306954124,-0.483383671,-0.430649463,0.148482790,0.354374352,-0.903572811,-0.189546447,46867,103899.536228500,0.003893166,1,0.389526000,0.140818000,-0.289118000,0.024807943,-0.418579645,0.907636552,0.019275278,1,0.406203531,-0.040814420,-0.342669260,0.024807943,-0.418579645,0.907636552,0.019275278
4.990893167,103899.552523458,vr_world,46784,103899.536228500,0.016296833,1,0.157324000,-0.489552000,-0.312344000,0.148482790,0.354374352,-0.903572811,-0.189546447,1,0.306954124,-0.483383671,-0.430649463,0.148482790,0.354374352,-0.903572811,-0.189546447,46867,103899.536228500,0.016296833,1,0.389526000,0.140818000,-0.289118000,0.024807943,-0.418579645,0.907636552,0.019275278,1,0.406203531,-0.040814420,-0.342669260,0.024807943,-0.418579645,0.907636552,0.019275278
5.003314125,103899.564944416,vr_world,46785,103899.559270500,0.005676416,1,0.165509000,-0.505333000,-0.312985000,0.164254582,0.369297146,-0.890801579,-0.207635733,1,0.309967759,-0.490048341,-0.436765050,0.164254582,0.369297146,-0.890801579,-0.207635733,46868,103899.559270500,0.005676416,1,0.389212000,0.139770000,-0.289419000,0.025500286,-0.418339276,0.907772107,0.017081794,1,0.405928840,-0.042054548,-0.342301832,0.025500286,-0.418339276,0.907772107,0.017081794
5.015726000,103899.577356291,vr_world,46785,103899.559270500,0.018086708,1,0.165509000,-0.505333000,-0.312985000,0.164254582,0.369297146,-0.890801579,-0.207635733,1,0.309967759,-0.490048341,-0.436765050,0.164254582,0.369297146,-0.890801579,-0.207635733,46868,103899.559270500,0.018086708,1,0.389212000,0.139770000,-0.289419000,0.025500286,-0.418339276,0.907772107,0.017081794,1,0.405928840,-0.042054548,-0.342301832,0.025500286,-0.418339276,0.907772107,0.017081794
5.028160250,103899.589790541,vr_world,46786,103899.582202208,0.007590792,1,0.175319000,-0.519530000,-0.313212000,0.188156440,0.381745120,-0.877814758,-0.219793240,1,0.312620103,-0.497214238,-0.443878992,0.188156440,0.381745120,-0.877814758,-0.219793240,46869,103899.582202208,0.007590792,1,0.388862000,0.138521000,-0.289570000,0.026502852,-0.418966482,0.907476131,0.015866837,1,0.405964947,-0.043354890,-0.342151672,0.026502852,-0.418966482,0.907476131,0.015866837
5.040577750,103899.602208041,vr_world,46786,103899.582202208,0.020013625,1,0.175319000,-0.519530000,-0.313212000,0.188156440,0.381745120,-0.877814758,-0.219793240,1,0.312620103,-0.497214238,-0.443878992,0.188156440,0.381745120,-0.877814758,-0.219793240,46869,103899.582202208,0.020013625,1,0.388862000,0.138521000,-0.289570000,0.026502852,-0.418966482,0.907476131,0.015866837,1,0.405964947,-0.043354890,-0.342151672,0.026502852,-0.418966482,0.907476131,0.015866837
5.052985000,103899.614615291,vr_world,46787,103899.605448541,0.009167375,1,0.180320000,-0.525399000,-0.314550000,0.204202420,0.389849104,-0.870458701,-0.220501013,1,0.313284218,-0.500110532,-0.449102612,0.204202420,0.389849104,-0.870458701,-0.220501013,46870,103899.605448541,0.009167375,1,0.388326000,0.137758000,-0.289550000,0.027604928,-0.421110970,0.906435033,0.016704793,1,0.406371757,-0.043909304,-0.342536354,0.027604928,-0.421110970,0.906435033,0.016704793
5.065407625,103899.627037916,vr_world,46787,103899.605448541,0.021590709,1,0.180320000,-0.525399000,-0.314550000,0.204202420,0.389849104,-0.870458701,-0.220501013,1,0.313284218,-0.500110532,-0.449102612,0.204202420,0.389849104,-0.870458701,-0.220501013,46870,103899.605448541,0.021590709,1,0.388326000,0.137758000,-0.289550000,0.027604928,-0.421110970,0.906435033,0.016704793,1,0.406371757,-0.043909304,-0.342536354,0.027604928,-0.421110970,0.906435033,0.016704793
5.077816042,103899.639446333,vr_world,46788,103899.628133083,0.011313667,1,0.189541000,-0.537788000,-0.317035000,0.224475441,0.405665329,-0.855464288,-0.230710358,1,0.315406035,-0.504740451,-0.456639110,0.224475441,0.405665329,-0.855464288,-0.230710358,46871,103899.628133083,0.011313667,1,0.387245000,0.136598000,-0.289738000,0.030866815,-0.425205790,0.904407160,0.017174509,1,0.407239942,-0.044714013,-0.343239106,0.030866815,-0.425205790,0.904407160,0.017174509
5.090245000,103899.651875291,vr_world,46789,103899.651177208,0.000700417,1,0.198007000,-0.549843000,-0.319124000,0.239939866,0.420259641,-0.839326957,-0.247671060,1,0.316694551,-0.507883136,-0.462567617,0.239939866,0.420259641,-0.839326957,-0.247671060,46872,103899.651177208,0.000700417,1,0.386010000,0.135415000,-0.290158000,0.035550127,-0.428952191,0.902466699,0.017031273,1,0.407975684,-0.045532558,-0.344118224,0.035550127,-0.428952191,0.902466699,0.017031273
5.102661292,103899.664291583,vr_world,46789,103899.651177208,0.013116708,1,0.198007000,-0.549843000,-0.319124000,0.239939866,0.420259641,-0.839326957,-0.247671060,1,0.316694551,-0.507883136,-0.462567617,0.239939866,0.420259641,-0.839326957,-0.247671060,46872,103899.651177208,0.013116708,1,0.386010000,0.135415000,-0.290158000,0.035550127,-0.428952191,0.902466699,0.017031273,1,0.407975684,-0.045532558,-0.344118224,0.035550127,-0.428952191,0.902466699,0.017031273
5.115048875,103899.676679166,vr_world,46790,103899.675610625,0.001069208,1,0.201462000,-0.554360000,-0.321058000,0.238046642,0.419804496,-0.837897566,-0.255001276,1,0.319763040,-0.510813695,-0.464348043,0.238046642,0.419804496,-0.837897566,-0.255001276,46873,103899.675610625,0.001069208,1,0.385142000,0.134840000,-0.290247000,0.039173281,-0.430851619,0.901401700,0.017530295,1,0.408215941,-0.045799603,-0.344773380,0.039173281,-0.430851619,0.901401700,0.017530295
5.125855625,103899.687485916,vr_world,46790,103899.675610625,0.011875791,1,0.201462000,-0.554360000,-0.321058000,0.238046642,0.419804496,-0.837897566,-0.255001276,1,0.319763040,-0.510813695,-0.464348043,0.238046642,0.419804496,-0.837897566,-0.255001276,46873,103899.675610625,0.011875791,1,0.385142000,0.134840000,-0.290247000,0.039173281,-0.430851619,0.901401700,0.017530295,1,0.408215941,-0.045799603,-0.344773380,0.039173281,-0.430851619,0.901401700,0.017530295
5.137230750,103899.698861041,vr_world,46791,103899.698696166,0.000165500,1,0.209286000,-0.564141000,-0.323809000,0.245442288,0.426735722,-0.827189071,-0.270948238,1,0.322860154,-0.514425871,-0.468904777,0.245442288,0.426735722,-0.827189071,-0.270948238,46874,103899.698696166,0.000165500,1,0.383687000,0.133931000,-0.290324000,0.044675267,-0.433284339,0.899962561,0.018335496,1,0.408270328,-0.046245035,-0.345717810,0.044675267,-0.433284339,0.899962561,0.018335496
5.148194792,103899.709825083,vr_world,46791,103899.698696166,0.011130417,1,0.209286000,-0.564141000,-0.323809000,0.245442288,0.426735722,-0.827189071,-0.270948238,1,0.322860154,-0.514425871,-0.468904777,0.245442288,0.426735722,-0.827189071,-0.270948238,46874,103899.698696166,0.011130417,1,0.383687000,0.133931000,-0.290324000,0.044675267,-0.433284339,0.899962561,0.018335496,1,0.408270328,-0.046245035,-0.345717810,0.044675267,-0.433284339,0.899962561,0.018335496
5.160033000,103899.721663291,vr_world,46791,103899.698696166,0.022970292,1,0.209286000,-0.564141000,-0.323809000,0.245442288,0.426735722,-0.827189071,-0.270948238,1,0.322860154,-0.514425871,-0.468904777,0.245442288,0.426735722,-0.827189071,-0.270948238,46874,103899.698696166,0.022970292,1,0.383687000,0.133931000,-0.290324000,0.044675267,-0.433284339,0.899962561,0.018335496,1,0.408270328,-0.046245035,-0.345717810,0.044675267,-0.433284339,0.899962561,0.018335496
5.172419625,103899.734049916,vr_world,46792,103899.721997250,0.012060208,1,0.217031000,-0.573256000,-0.327161000,0.249554967,0.438383417,-0.814232479,-0.287346079,1,0.326258594,-0.515526389,-0.472625997,0.249554967,0.438383417,-0.814232479,-0.287346079,46875,103899.721997250,0.012060208,1,0.382471000,0.133108000,-0.290779000,0.048893321,-0.434038167,0.899375278,0.018558585,1,0.407782223,-0.046801660,-0.346708337,0.048893321,-0.434038167,0.899375278,0.018558585
5.184780125,103899.746410416,vr_world,46793,103899.745005583,0.001405500,1,0.221086000,-0.576874000,-0.329026000,0.248767344,0.447118877,-0.806909815,-0.295120432,1,0.328726674,-0.514196095,-0.473623333,0.248767344,0.447118877,-0.806909815,-0.295120432,46876,103899.745005583,0.001405500,1,0.382053000,0.132834000,-0.290776000,0.050910797,-0.431108151,0.900652591,0.019461848,1,0.406365948,-0.047030326,-0.347290880,0.050910797,-0.431108151,0.900652591,0.019461848
5.197199542,103899.758829833,vr_world,46793,103899.745005583,0.013826208,1,0.221086000,-0.576874000,-0.329026000,0.248767344,0.447118877,-0.806909815,-0.295120432,1,0.328726674,-0.514196095,-0.473623333,0.248767344,0.447118877,-0.806909815,-0.295120432,46876,103899.745005583,0.013826208,1,0.382053000,0.132834000,-0.290776000,0.050910797,-0.431108151,0.900652591,0.019461848,1,0.406365948,-0.047030326,-0.347290880,0.050910797,-0.431108151,0.900652591,0.019461848
5.207923209,103899.769553500,vr_world,46794,103899.768368291,0.001188375,1,0.228552000,-0.583044000,-0.332474000,0.252609728,0.457430165,-0.797192027,-0.302375332,1,0.332971520,-0.515054999,-0.477033734,0.252609728,0.457430165,-0.797192027,-0.302375332,46877,103899.768368291,0.001188375,1,0.381200000,0.132331000,-0.290561000,0.055568328,-0.426696806,0.902437721,0.021169701,1,0.404181296,-0.047331029,-0.348263893,0.055568328,-0.426696806,0.902437721,0.021169701
5.219218000,103899.780848291,vr_world,46794,103899.768368291,0.012482042,1,0.228552000,-0.583044000,-0.332474000,0.252609728,0.457430165,-0.797192027,-0.302375332,1,0.332971520,-0.515054999,-0.477033734,0.252609728,0.457430165,-0.797192027,-0.302375332,46877,103899.768368291,0.012482042,1,0.381200000,0.132331000,-0.290561000,0.055568328,-0.426696806,0.902437721,0.021169701,1,0.404181296,-0.047331029,-0.348263893,0.055568328,-0.426696806,0.902437721,0.021169701
5.231646167,103899.793276458,vr_world,46795,103899.791478208,0.001800958,1,0.236718000,-0.587288000,-0.335623000,0.266801865,0.459569258,-0.790597829,-0.304249788,1,0.336113428,-0.518277871,-0.483208866,0.266801865,0.459569258,-0.790597829,-0.304249788,46878,103899.791478208,0.001800958,1,0.380015000,0.132074000,-0.290432000,0.059983178,-0.423632895,0.903550168,0.023114559,1,0.402191564,-0.047292190,-0.349357357,0.059983178,-0.423632895,0.903550168,0.023114559
5.243015875,103899.804646166,vr_world,46795,103899.791478208,0.013168583,1,0.236718000,-0.587288000,-0.335623000,0.266801865,0.459569258,-0.790597829,-0.304249788,1,0.336113428,-0.518277871,-0.483208866,0.266801865,0.459569258,-0.790597829,-0.304249788,46878,103899.791478208,0.013168583,1,0.380015000,0.132074000,-0.290432000,0.059983178,-0.423632895,0.903550168,0.023114559,1,0.402191564,-0.047292190,-0.349357357,0.059983178,-0.423632895,0.903550168,0.023114559
5.255438709,103899.817069000,vr_world,46796,103899.814823833,0.002245750,1,0.241961000,-0.588598000,-0.337642000,0.281065688,0.457234693,-0.787167368,-0.303819107,1,0.336990221,-0.520707252,-0.488584770,0.281065688,0.457234693,-0.787167368,-0.303819107,46879,103899.814823833,0.002245750,1,0.379148000,0.132092000,-0.290606000,0.061723962,-0.424150801,0.903183825,0.023350113,1,0.401716612,-0.047137949,-0.349796556,0.061723962,-0.424150801,0.903183825,0.023350113
5.267853834,103899.829484125,vr_world,46796,103899.814823833,0.014660875,1,0.241961000,-0.588598000,-0.337642000,0.281065688,0.457234693,-0.787167368,-0.303819107,1,0.336990221,-0.520707252,-0.488584770,0.281065688,0.457234693,-0.787167368,-0.303819107,46879,103899.814823833,0.014660875,1,0.379148000,0.132092000,-0.290606000,0.061723962,-0.424150801,0.903183825,0.023350113,1,0.401716612,-0.047137949,-0.349796556,0.061723962,-0.424150801,0.903183825,0.023350113
5.278769375,103899.840399666,vr_world,46797,103899.837929125,0.002473791,1,0.250385000,-0.591750000,-0.341480000,0.297904801,0.458970292,-0.778548125,-0.307346413,1,0.339004919,-0.522681252,-0.495750803,0.297904801,0.458970292,-0.778548125,-0.307346413,46880,103899.837929125,0.002473791,1,0.377773000,0.132036000,-0.290672000,0.066141908,-0.424246579,0.902802636,0.024238156,1,0.400846938,-0.046865597,-0.350655878,0.066141908,-0.424246579,0.902802636,0.024238156
5.291182750,103899.852813041,vr_world,46797,103899.837929125,0.014886791,1,0.250385000,-0.591750000,-0.341480000,0.297904801,0.458970292,-0.778548125,-0.307346413,1,0.339004919,-0.522681252,-0.495750803,0.297904801,0.458970292,-0.778548125,-0.307346413,46880,103899.837929125,0.014886791,1,0.377773000,0.132036000,-0.290672000,0.066141908,-0.424246579,0.902802636,0.024238156,1,0.400846938,-0.046865597,-0.350655878,0.066141908,-0.424246579,0.902802636,0.024238156
5.303607250,103899.865237541,vr_world,46798,103899.861008041,0.004231084,1,0.258708000,-0.594984000,-0.345944000,0.311601608,0.470231842,-0.762962941,-0.315711899,1,0.339928039,-0.520322587,-0.501675846,0.311601608,0.470231842,-0.762962941,-0.315711899,46881,103899.861008041,0.004231084,1,0.376630000,0.132059000,-0.290766000,0.069710361,-0.425237606,0.902057294,0.024618748,1,0.400492461,-0.046570520,-0.351249943,0.069710361,-0.425237606,0.902057294,0.024618748
5.316020584,103899.877650875,vr_world,46798,103899.861008041,0.016643125,1,0.258708000,-0.594984000,-0.345944000,0.311601608,0.470231842,-0.762962941,-0.315711899,1,0.339928039,-0.520322587,-0.501675846,0.311601608,0.470231842,-0.762962941,-0.315711899,46881,103899.861008041,0.016643125,1,0.376630000,0.132059000,-0.290766000,0.069710361,-0.425237606,0.902057294,0.024618748,1,0.400492461,-0.046570520,-0.351249943,0.069710361,-0.425237606,0.902057294,0.024618748
5.328437167,103899.890067458,vr_world,46799,103899.884463375,0.005604416,1,0.263019000,-0.595389000,-0.347840000,0.320356810,0.477931402,-0.753270172,-0.318648924,1,0.339665679,-0.517669488,-0.504391673,0.320356810,0.477931402,-0.753270172,-0.318648924,46882,103899.884463375,0.005604416,1,0.376600000,0.132123000,-0.290990000,0.070071344,-0.425111995,0.902073702,0.025156211,1,0.400441003,-0.046432468,-0.351700407,0.070071344,-0.425111995,0.902073702,0.025156211
5.340854584,103899.902484875,vr_world,46799,103899.884463375,0.018022000,1,0.263019000,-0.595389000,-0.347840000,0.320356810,0.477931402,-0.753270172,-0.318648924,1,0.339665679,-0.517669488,-0.504391673,0.320356810,0.477931402,-0.753270172,-0.318648924,46882,103899.884463375,0.018022000,1,0.376600000,0.132123000,-0.290990000,0.070071344,-0.425111995,0.902073702,0.025156211,1,0.400441003,-0.046432468,-0.351700407,0.070071344,-0.425111995,0.902073702,0.025156211
5.353262459,103899.914892750,vr_world,46800,103899.907262208,0.007631042,1,0.269966000,-0.596729000,-0.351727000,0.335510234,0.484728083,-0.741809848,-0.319671266,1,0.340008019,-0.516997056,-0.510347121,0.335510234,0.484728083,-0.741809848,-0.319671266,46883,103899.907262208,0.007631042,1,0.376330000,0.132252000,-0.291070000,0.071278845,-0.424048405,0.902427759,0.026952106,1,0.399842405,-0.046082843,-0.352552319,0.071278845,-0.424048405,0.902427759,0.026952106
5.364882417,103899.926512708,vr_world,46800,103899.907262208,0.019261667,1,0.269966000,-0.596729000,-0.351727000,0.335510234,0.484728083,-0.741809848,-0.319671266,1,0.340008019,-0.516997056,-0.510347121,0.335510234,0.484728083,-0.741809848,-0.319671266,46883,103899.907262208,0.019261667,1,0.376330000,0.132252000,-0.291070000,0.071278845,-0.424048405,0.902427759,0.026952106,1,0.399842405,-0.046082843,-0.352552319,0.071278845,-0.424048405,0.902427759,0.026952106
5.377279042,103899.938909333,vr_world,46801,103899.930687041,0.008223167,1,0.276582000,-0.598602000,-0.356508000,0.346978709,0.491701426,-0.729882064,-0.324203109,1,0.340523526,-0.515855475,-0.516157429,0.346978709,0.491701426,-0.729882064,-0.324203109,46884,103899.930687041,0.008223167,1,0.376311000,0.132368000,-0.291161000,0.070331552,-0.424447780,0.902290773,0.027729322,1,0.399858192,-0.045909423,-0.352796068,0.070331552,-0.424447780,0.902290773,0.027729322
5.389686834,103899.951317125,vr_world,46801,103899.930687041,0.020630667,1,0.276582000,-0.598602000,-0.356508000,0.346978709,0.491701426,-0.729882064,-0.324203109,1,0.340523526,-0.515855475,-0.516157429,0.346978709,0.491701426,-0.729882064,-0.324203109,46884,103899.930687041,0.020630667,1,0.376311000,0.132368000,-0.291161000,0.070331552,-0.424447780,0.902290773,0.027729322,1,0.399858192,-0.045909423,-0.352796068,0.070331552,-0.424447780,0.902290773,0.027729322
5.402095084,103899.963725375,vr_world,46802,103899.953924041,0.009801834,1,0.280383000,-0.600246000,-0.360251000,0.351417568,0.493457468,-0.722703586,-0.332723529,1,0.340784809,-0.514863303,-0.519890757,0.351417568,0.493457468,-0.722703586,-0.332723529,46885,103899.953924041,0.009801834,1,0.376333000,0.132417000,-0.291295000,0.070176682,-0.425124580,0.901959096,0.028532670,1,0.400115522,-0.045745354,-0.353172171,0.070176682,-0.425124580,0.901959096,0.028532670
5.414496417,103899.976126708,vr_world,46802,103899.953924041,0.022203250,1,0.280383000,-0.600246000,-0.360251000,0.351417568,0.493457468,-0.722703586,-0.332723529,1,0.340784809,-0.514863303,-0.519890757,0.351417568,0.493457468,-0.722703586,-0.332723529,46885,103899.953924041,0.022203250,1,0.376333000,0.132417000,-0.291295000,0.070176682,-0.425124580,0.901959096,0.028532670,1,0.400115522,-0.045745354,-0.353172171,0.070176682,-0.425124580,0.901959096,0.028532670
5.424574417,103899.986204708,vr_world,46803,103899.976777166,0.009428000,1,0.287263000,-0.603562000,-0.366890000,0.362338054,0.501826417,-0.701560491,-0.353120743,1,0.338154825,-0.510581373,-0.525597393,0.362338054,0.501826417,-0.701560491,-0.353120743,46886,103899.976777166,0.009428000,1,0.376399000,0.132509000,-0.291521000,0.070176738,-0.426327593,0.901338613,0.030144882,1,0.400626630,-0.045410727,-0.353921322,0.070176738,-0.426327593,0.901338613,0.030144882
5.436762792,103899.998393083,vr_world,46803,103899.976777166,0.021616375,1,0.287263000,-0.603562000,-0.366890000,0.362338054,0.501826417,-0.701560491,-0.353120743,1,0.338154825,-0.510581373,-0.525597393,0.362338054,0.501826417,-0.701560491,-0.353120743,46886,103899.976777166,0.021616375,1,0.376399000,0.132509000,-0.291521000,0.070176738,-0.426327593,0.901338613,0.030144882,1,0.400626630,-0.045410727,-0.353921322,0.070176738,-0.426327593,0.901338613,0.030144882
5.449175792,103900.010806083,vr_world,46804,103899.999534000,0.011272500,1,0.293454000,-0.605302000,-0.373909000,0.370571388,0.509432378,-0.681393542,-0.372637007,1,0.335789725,-0.505131999,-0.530743565,0.370571388,0.509432378,-0.681393542,-0.372637007,46887,103899.999534000,0.011272500,1,0.376570000,0.132614000,-0.291596000,0.069957251,-0.427307236,0.900819090,0.032240901,1,0.401116327,-0.045025725,-0.354665906,0.069957251,-0.427307236,0.900819090,0.032240901
5.460292584,103900.021922875,vr_world,46804,103899.999534000,0.022389250,1,0.293454000,-0.605302000,-0.373909000,0.370571388,0.509432378,-0.681393542,-0.372637007,1,0.335789725,-0.505131999,-0.530743565,0.370571388,0.509432378,-0.681393542,-0.372637007,46887,103899.999534000,0.022389250,1,0.376570000,0.132614000,-0.291596000,0.069957251,-0.427307236,0.900819090,0.032240901,1,0.401116327,-0.045025725,-0.354665906,0.069957251,-0.427307236,0.900819090,0.032240901
5.472019375,103900.033649666,vr_world,46805,103900.022424791,0.011225417,1,0.278102000,-0.606074000,-0.358404000,0.333353188,0.520683600,-0.727934421,-0.296438391,1,0.347646168,-0.520584872,-0.514220087,0.333353188,0.520683600,-0.727934421,-0.296438391,46888,103900.022424791,0.011225417,1,0.376583000,0.132703000,-0.291640000,0.069614667,-0.428861011,0.900035089,0.034188747,1,0.401666116,-0.044650163,-0.355302738,0.069614667,-0.428861011,0.900035089,0.034188747
5.484433042,103900.046063333,vr_world,46806,103900.044911333,0.001152458,1,0.300845000,-0.612158000,-0.364074000,0.384126357,0.490808855,-0.705708480,-0.336940871,1,0.347982543,-0.527782092,-0.528640637,0.384126357,0.490808855,-0.705708480,-0.336940871,46889,103900.044911333,0.001152458,1,0.376172000,0.132576000,-0.291367000,0.069220062,-0.431693521,0.898635750,0.036098139,1,0.402297723,-0.044429260,-0.355575924,0.069220062,-0.431693521,0.898635750,0.036098139
5.496019125,103900.057649416,vr_world,46806,103900.044911333,0.012738583,1,0.300845000,-0.612158000,-0.364074000,0.384126357,0.490808855,-0.705708480,-0.336940871,1,0.347982543,-0.527782092,-0.528640637,0.384126357,0.490808855,-0.705708480,-0.336940871,46889,103900.044911333,0.012738583,1,0.376172000,0.132576000,-0.291367000,0.069220062,-0.431693521,0.898635750,0.036098139,1,0.402297723,-0.044429260,-0.355575924,0.069220062,-0.431693521,0.898635750,0.036098139
5.506689125,103900.068319416,vr_world,46807,103900.068033666,0.000286292,1,0.294255000,-0.616992000,-0.371114000,0.351433493,0.496907351,-0.700015622,-0.373571565,1,0.346256953,-0.519601970,-0.526788138,0.351433493,0.496907351,-0.700015622,-0.373571565,46890,103900.068033666,0.000286292,1,0.376087000,0.132527000,-0.291440000,0.069116336,-0.433078816,0.897975049,0.036145292,1,0.402754514,-0.044406835,-0.355623498,0.069116336,-0.433078816,0.897975049,0.036145292
5.519075917,103900.080706208,vr_world,46807,103900.068033666,0.012673250,1,0.294255000,-0.616992000,-0.371114000,0.351433493,0.496907351,-0.700015622,-0.373571565,1,0.346256953,-0.519601970,-0.526788138,0.351433493,0.496907351,-0.700015622,-0.373571565,46890,103900.068033666,0.012673250,1,0.376087000,0.132527000,-0.291440000,0.069116336,-0.433078816,0.897975049,0.036145292,1,0.402754514,-0.044406835,-0.355623498,0.069116336,-0.433078816,0.897975049,0.036145292
5.531484750,103900.093115041,vr_world,46808,103900.091120875,0.001994833,1,0.294573000,-0.617080000,-0.372149000,0.342516222,0.497882705,-0.700321492,-0.379927964,1,0.348666582,-0.517407548,-0.525650589,0.342516222,0.497882705,-0.700321492,-0.379927964,46891,103900.091120875,0.001994833,1,0.376168000,0.132463000,-0.291531000,0.068778346,-0.433162537,0.897964416,0.036050842,1,0.402832599,-0.044496494,-0.355644659,0.068778346,-0.433162537,0.897964416,0.036050842
5.543891125,103900.105521416,vr_world,46808,103900.091120875,0.014404750,1,0.294573000,-0.617080000,-0.372149000,0.342516222,0.497882705,-0.700321492,-0.379927964,1,0.348666582,-0.517407548,-0.525650589,0.342516222,0.497882705,-0.700321492,-0.379927964,46891,103900.091120875,0.014404750,1,0.376168000,0.132463000,-0.291531000,0.068778346,-0.433162537,0.897964416,0.036050842,1,0.402832599,-0.044496494,-0.355644659,0.068778346,-0.433162537,0.897964416,0.036050842
5.556288709,103900.117919000,vr_world,46809,103900.114164333,0.003756667,1,0.299103000,-0.617378000,-0.378758000,0.365484464,0.514024688,-0.662913336,-0.403417447,1,0.336245399,-0.507349303,-0.530209512,0.365484464,0.514024688,-0.662913336,-0.403417447,46892,103900.114164333,0.003756667,1,0.376211000,0.132274000,-0.291561000,0.068258574,-0.433400701,0.897872893,0.036453628,1,0.402901374,-0.044653685,-0.355751713,0.068258574,-0.433400701,0.897872893,0.036453628
5.568682875,103900.130313166,vr_world,46809,103900.114164333,0.016149500,1,0.299103000,-0.617378000,-0.378758000,0.365484464,0.514024688,-0.662913336,-0.403417447,1,0.336245399,-0.507349303,-0.530209512,0.365484464,0.514024688,-0.662913336,-0.403417447,46892,103900.114164333,0.016149500,1,0.376211000,0.132274000,-0.291561000,0.068258574,-0.433400701,0.897872893,0.036453628,1,0.402901374,-0.044653685,-0.355751713,0.068258574,-0.433400701,0.897872893,0.036453628
5.581116209,103900.142746500,vr_world,46810,103900.137783583,0.004963417,1,0.301127000,-0.612959000,-0.387615000,0.371281988,0.516345007,-0.660615395,-0.398904524,1,0.336364859,-0.503720242,-0.540090012,0.371281988,0.516345007,-0.660615395,-0.398904524,46893,103900.137783583,0.004963417,1,0.376262000,0.131798000,-0.291706000,0.066857174,-0.433996589,0.897671898,0.036908576,1,0.403019244,-0.045121800,-0.355890458,0.066857174,-0.433996589,0.897671898,0.036908576
5.591277500,103900.152907791,vr_world,46810,103900.137783583,0.015124875,1,0.301127000,-0.612959000,-0.387615000,0.371281988,0.516345007,-0.660615395,-0.398904524,1,0.336364859,-0.503720242,-0.540090012,0.371281988,0.516345007,-0.660615395,-0.398904524,46893,103900.137783583,0.015124875,1,0.376262000,0.131798000,-0.291706000,0.066857174,-0.433996589,0.897671898,0.036908576,1,0.403019244,-0.045121800,-0.355890458,0.066857174,-0.433996589,0.897671898,0.036908576
5.603629042,103900.165259333,vr_world,46811,103900.161280916,0.003978875,1,0.296630000,-0.616138000,-0.380126000,0.344847025,0.525631037,-0.671230729,-0.392736364,1,0.342057587,-0.504868677,-0.528378887,0.344847025,0.525631037,-0.671230729,-0.392736364,46894,103900.161280916,0.003978875,1,0.376430000,0.131329000,-0.292072000,0.065604429,-0.433965042,0.897781987,0.036849762,1,0.403033268,-0.045669393,-0.356103744,0.065604429,-0.433965042,0.897781987,0.036849762
5.615787875,103900.177418166,vr_world,46811,103900.161280916,0.016137792,1,0.296630000,-0.616138000,-0.380126000,0.344847025,0.525631037,-0.671230729,-0.392736364,1,0.342057587,-0.504868677,-0.528378887,0.344847025,0.525631037,-0.671230729,-0.392736364,46894,103900.161280916,0.016137792,1,0.376430000,0.131329000,-0.292072000,0.065604429,-0.433965042,0.897781987,0.036849762,1,0.403033268,-0.045669393,-0.356103744,0.065604429,-0.433965042,0.897781987,0.036849762
5.627754584,103900.189384875,vr_world,46812,103900.184530125,0.004855791,1,0.299542000,-0.613459000,-0.384379000,0.350553249,0.533856052,-0.655087541,-0.403695986,1,0.338618692,-0.497150241,-0.530559534,0.350553249,0.533856052,-0.655087541,-0.403695986,46895,103900.184530125,0.004855791,1,0.376724000,0.130622000,-0.292600000,0.064494760,-0.433778389,0.897926737,0.037474128,1,0.403110119,-0.046373270,-0.356730125,0.064494760,-0.433778389,0.897926737,0.037474128
5.640141792,103900.201772083,vr_world,46812,103900.184530125,0.017242291,1,0.299542000,-0.613459000,-0.384379000,0.350553249,0.533856052,-0.655087541,-0.403695986,1,0.338618692,-0.497150241,-0.530559534,0.350553249,0.533856052,-0.655087541,-0.403695986,46895,103900.184530125,0.017242291,1,0.376724000,0.130622000,-0.292600000,0.064494760,-0.433778389,0.897926737,0.037474128,1,0.403110119,-0.046373270,-0.356730125,0.064494760,-0.433778389,0.897926737,0.037474128
5.652537334,103900.214167625,vr_world,46813,103900.207896916,0.006271625,1,0.299037000,-0.611601000,-0.386879000,0.346484551,0.541528534,-0.646060756,-0.411461788,1,0.336367233,-0.490941014,-0.529956073,0.346484551,0.541528534,-0.646060756,-0.411461788,46896,103900.207896916,0.006271625,1,0.376993000,0.129966000,-0.293348000,0.063773091,-0.434067399,0.897799550,0.038398606,1,0.403388951,-0.046943327,-0.357710609,0.063773091,-0.434067399,0.897799550,0.038398606
5.664950375,103900.226580666,vr_world,46813,103900.207896916,0.018684209,1,0.299037000,-0.611601000,-0.386879000,0.346484551,0.541528534,-0.646060756,-0.411461788,1,0.336367233,-0.490941014,-0.529956073,0.346484551,0.541528534,-0.646060756,-0.411461788,46896,103900.207896916,0.018684209,1,0.376993000,0.129966000,-0.293348000,0.063773091,-0.434067399,0.897799550,0.038398606,1,0.403388951,-0.046943327,-0.357710609,0.063773091,-0.434067399,0.897799550,0.038398606
5.676115875,103900.237746166,vr_world,46814,103900.230714916,0.007031625,1,0.298393000,-0.609578000,-0.387454000,0.339337902,0.543381998,-0.647876583,-0.412118582,1,0.338048577,-0.487952650,-0.529080806,0.339337902,0.543381998,-0.647876583,-0.412118582,46897,103900.230714916,0.007031625,1,0.376958000,0.129506000,-0.293886000,0.063384419,-0.434796468,0.897468019,0.038543511,1,0.403598248,-0.047369119,-0.358242206,0.063384419,-0.434796468,0.897468019,0.038543511
5.688535167,103900.250165458,vr_world,46814,103900.230714916,0.019451000,1,0.298393000,-0.609578000,-0.387454000,0.339337902,0.543381998,-0.647876583,-0.412118582,1,0.338048577,-0.487952650,-0.529080806,0.339337902,0.543381998,-0.647876583,-0.412118582,46897,103900.230714916,0.019451000,1,0.376958000,0.129506000,-0.293886000,0.063384419,-0.434796468,0.897468019,0.038543511,1,0.403598248,-0.047369119,-0.358242206,0.063384419,-0.434796468,0.897468019,0.038543511
5.700953167,103900.262583458,vr_world,46815,103900.253124333,0.009459500,1,0.297269000,-0.606614000,-0.388789000,0.335542711,0.551548980,-0.642140067,-0.413353294,1,0.336245194,-0.482235685,-0.528196110,0.335542711,0.551548980,-0.642140067,-0.413353294,46898,103900.253124333,0.009459500,1,0.377167000,0.128697000,-0.294714000,0.062501932,-0.433872429,0.897992878,0.038170858,1,0.403346910,-0.048320669,-0.358866552,0.062501932,-0.433872429,0.897992878,0.038170858
5.713360667,103900.274990958,vr_world,46815,103900.253124333,0.021866917,1,0.297269000,-0.606614000,-0.388789000,0.335542711,0.551548980,-0.642140067,-0.413353294,1,0.336245194,-0.482235685,-0.528196110,0.335542711,0.551548980,-0.642140067,-0.413353294,46898,103900.253124333,0.021866917,1,0.377167000,0.128697000,-0.294714000,0.062501932,-0.433872429,0.897992878,0.038170858,1,0.403346910,-0.048320669,-0.358866552,0.062501932,-0.433872429,0.897992878,0.038170858
5.725776209,103900.287406500,vr_world,46816,103900.276396041,0.011010959,1,0.295491000,-0.603273000,-0.391157000,0.330419706,0.559045523,-0.639661693,-0.411246690,1,0.335133493,-0.477130913,-0.528780021,0.330419706,0.559045523,-0.639661693,-0.411246690,46899,103900.276396041,0.011010959,1,0.377991000,0.127533000,-0.296297000,0.060364712,-0.429843784,0.900086195,0.037884895,1,0.402323186,-0.049839736,-0.360195938,0.060364712,-0.429843784,0.900086195,0.037884895
5.736357500,103900.297987791,vr_world,46816,103900.276396041,0.021592500,1,0.295491000,-0.603273000,-0.391157000,0.330419706,0.559045523,-0.639661693,-0.411246690,1,0.335133493,-0.477130913,-0.528780021,0.330419706,0.559045523,-0.639661693,-0.411246690,46899,103900.276396041,0.021592500,1,0.377991000,0.127533000,-0.296297000,0.060364712,-0.429843784,0.900086195,0.037884895,1,0.402323186,-0.049839736,-0.360195938,0.060364712,-0.429843784,0.900086195,0.037884895
5.746686417,103900.308316708,vr_world,46817,103900.299626916,0.008690334,1,0.294585000,-0.601944000,-0.393250000,0.323333807,0.563086992,-0.640365863,-0.410268023,1,0.336236578,-0.474635800,-0.529195484,0.323333807,0.563086992,-0.640365863,-0.410268023,46900,103900.299626916,0.008690334,1,0.378391000,0.126863000,-0.296974000,0.058668548,-0.428834360,0.900635071,0.038930225,1,0.402100252,-0.050526426,-0.361060642,0.058668548,-0.428834360,0.900635071,0.038930225
5.757909125,103900.319539416,vr_world,46817,103900.299626916,0.019912917,1,0.294585000,-0.601944000,-0.393250000,0.323333807,0.563086992,-0.640365863,-0.410268023,1,0.336236578,-0.474635800,-0.529195484,0.323333807,0.563086992,-0.640365863,-0.410268023,46900,103900.299626916,0.019912917,1,0.378391000,0.126863000,-0.296974000,0.058668548,-0.428834360,0.900635071,0.038930225,1,0.402100252,-0.050526426,-0.361060642,0.058668548,-0.428834360,0.900635071,0.038930225
5.770302334,103900.331932625,vr_world,46818,103900.322313500,0.009619750,1,0.293170000,-0.599051000,-0.396648000,0.315565170,0.567266185,-0.635709543,-0.417733260,1,0.335163117,-0.468432807,-0.529308841,0.315565170,0.567266185,-0.635709543,-0.417733260,46901,103900.322313500,0.009619750,1,0.378422000,0.125635000,-0.297694000,0.056874946,-0.429071223,0.900561012,0.040656969,1,0.401977770,-0.051635109,-0.362166166,0.056874946,-0.429071223,0.900561012,0.040656969
5.782703959,103900.344334250,vr_world,46818,103900.322313500,0.022021250,1,0.293170000,-0.599051000,-0.396648000,0.315565170,0.567266185,-0.635709543,-0.417733260,1,0.335163117,-0.468432807,-0.529308841,0.315565170,0.567266185,-0.635709543,-0.417733260,46901,103900.322313500,0.022021250,1,0.378422000,0.125635000,-0.297694000,0.056874946,-0.429071223,0.900561012,0.040656969,1,0.401977770,-0.051635109,-0.362166166,0.056874946,-0.429071223,0.900561012,0.040656969
5.793676875,103900.355307166,vr_world,46819,103900.345221791,0.010085834,1,0.291095000,-0.595814000,-0.399096000,0.305644278,0.571420126,-0.632697370,-0.423974827,1,0.334484157,-0.462161366,-0.528238538,0.305644278,0.571420126,-0.632697370,-0.423974827,46902,103900.345221791,0.010085834,1,0.378489000,0.124673000,-0.298522000,0.057637411,-0.427759357,0.901109705,0.041245129,1,0.401588607,-0.052545640,-0.363300131,0.057637411,-0.427759357,0.901109705,0.041245129
5.805645042,103900.367275333,vr_world,46819,103900.345221791,0.022053875,1,0.291095000,-0.595814000,-0.399096000,0.305644278,0.571420126,-0.632697370,-0.423974827,1,0.334484157,-0.462161366,-0.528238538,0.305644278,0.571420126,-0.632697370,-0.423974827,46902,103900.345221791,0.022053875,1,0.378489000,0.124673000,-0.298522000,0.057637411,-0.427759357,0.901109705,0.041245129,1,0.401588607,-0.052545640,-0.363300131,0.057637411,-0.427759357,0.901109705,0.041245129
5.816272709,103900.377903000,vr_world,46820,103900.368686666,0.009216709,1,0.289568000,-0.593700000,-0.401435000,0.303759160,0.579156956,-0.627720077,-0.422226359,1,0.331960266,-0.458264627,-0.529042211,0.303759160,0.579156956,-0.627720077,-0.422226359,46903,103900.368686666,0.009216709,1,0.378567000,0.124508000,-0.299141000,0.058990539,-0.426829189,0.901478967,0.040897824,1,0.401456158,-0.052720372,-0.363966798,0.058990539,-0.426829189,0.901478967,0.040897824
5.828647167,103900.390277458,vr_world,46820,103900.368686666,0.021591084,1,0.289568000,-0.593700000,-0.401435000,0.303759160,0.579156956,-0.627720077,-0.422226359,1,0.331960266,-0.458264627,-0.529042211,0.303759160,0.579156956,-0.627720077,-0.422226359,46903,103900.368686666,0.021591084,1,0.378567000,0.124508000,-0.299141000,0.058990539,-0.426829189,0.901478967,0.040897824,1,0.401456158,-0.052720372,-0.363966798,0.058990539,-0.426829189,0.901478967,0.040897824
5.840023042,103900.401653333,vr_world,46821,103900.391701333,0.009952667,1,0.287638000,-0.592965000,-0.409885000,0.271175171,0.623040215,-0.603619675,-0.417047006,1,0.330097949,-0.445583987,-0.523460384,0.271175171,0.623040215,-0.603619675,-0.417047006,46904,103900.391701333,0.009952667,1,0.378571000,0.125464000,-0.300572000,0.052166651,-0.427955676,0.901880842,0.027267700,1,0.401535202,-0.053648446,-0.359965621,0.052166651,-0.427955676,0.901880842,0.027267700
5.852426625,103900.414056916,vr_world,46821,103900.391701333,0.022356208,1,0.287638000,-0.592965000,-0.409885000,0.271175171,0.623040215,-0.603619675,-0.417047006,1,0.330097949,-0.445583987,-0.523460384,0.271175171,0.623040215,-0.603619675,-0.417047006,46904,103900.391701333,0.022356208,1,0.378571000,0.125464000,-0.300572000,0.052166651,-0.427955676,0.901880842,0.027267700,1,0.401535202,-0.053648446,-0.359965621,0.052166651,-0.427955676,0.901880842,0.027267700
5.864825000,103900.426455291,vr_world,46822,103900.414725333,0.011730625,1,0.287897000,-0.586670000,-0.405996000,0.305525029,0.585612127,-0.610534978,-0.436989628,1,0.324398748,-0.446034317,-0.529740419,0.305525029,0.585612127,-0.610534978,-0.436989628,46905,103900.414725333,0.011730625,1,0.379909000,0.124297000,-0.298810000,0.052090441,-0.422648468,0.904059640,0.036483233,1,0.400480484,-0.054006794,-0.361426407,0.052090441,-0.422648468,0.904059640,0.036483233
5.877234834,103900.438865125,vr_world,46823,103900.437070083,0.001795458,1,0.279787000,-0.585568000,-0.410643000,0.265139228,0.595082333,-0.630221051,-0.422373809,1,0.332096363,-0.444438877,-0.527987386,0.265139228,0.595082333,-0.630221051,-0.422373809,46906,103900.437070083,0.001795458,1,0.379975000,0.123886000,-0.299199000,0.050773393,-0.421536518,0.904658681,0.036355168,1,0.399961208,-0.054546774,-0.361637345,0.050773393,-0.421536518,0.904658681,0.036355168
5.889628500,103900.451258791,vr_world,46823,103900.437070083,0.014189042,1,0.279787000,-0.585568000,-0.410643000,0.265139228,0.595082333,-0.630221051,-0.422373809,1,0.332096363,-0.444438877,-0.527987386,0.265139228,0.595082333,-0.630221051,-0.422373809,46906,103900.437070083,0.014189042,1,0.379975000,0.123886000,-0.299199000,0.050773393,-0.421536518,0.904658681,0.036355168,1,0.399961208,-0.054546774,-0.361637345,0.050773393,-0.421536518,0.904658681,0.036355168
5.902012917,103900.463643208,vr_world,46824,103900.459678958,0.003964750,1,0.279782000,-0.582055000,-0.410906000,0.262479293,0.600470788,-0.630371642,-0.416138254,1,0.332811657,-0.440751605,-0.527716279,0.262479293,0.600470788,-0.630371642,-0.416138254,46907,103900.459678958,0.003964750,1,0.379787000,0.123772000,-0.299281000,0.052607095,-0.422785459,0.903899830,0.038079464,1,0.400425166,-0.054312331,-0.362497085,0.052607095,-0.422785459,0.903899830,0.038079464
5.914382625,103900.476012916,vr_world,46824,103900.459678958,0.016334292,1,0.279782000,-0.582055000,-0.410906000,0.262479293,0.600470788,-0.630371642,-0.416138254,1,0.332811657,-0.440751605,-0.527716279,0.262479293,0.600470788,-0.630371642,-0.416138254,46907,103900.459678958,0.016334292,1,0.379787000,0.123772000,-0.299281000,0.052607095,-0.422785459,0.903899830,0.038079464,1,0.400425166,-0.054312331,-0.362497085,0.052607095,-0.422785459,0.903899830,0.038079464
5.926770667,103900.488400958,vr_world,46825,103900.483680666,0.004720750,1,0.276199000,-0.579261000,-0.410015000,0.251528003,0.605477208,-0.633369917,-0.411063940,1,0.332723210,-0.437366144,-0.524445306,0.251528003,0.605477208,-0.633369917,-0.411063940,46908,103900.483680666,0.004720750,1,0.379346000,0.123738000,-0.299472000,0.054082747,-0.424443854,0.903065408,0.037354249,1,0.400830690,-0.054283281,-0.362583383,0.054082747,-0.424443854,0.903065408,0.037354249
5.938686584,103900.500316875,vr_world,46825,103900.483680666,0.016636917,1,0.276199000,-0.579261000,-0.410015000,0.251528003,0.605477208,-0.633369917,-0.411063940,1,0.332723210,-0.437366144,-0.524445306,0.251528003,0.605477208,-0.633369917,-0.411063940,46908,103900.483680666,0.016636917,1,0.379346000,0.123738000,-0.299472000,0.054082747,-0.424443854,0.903065408,0.037354249,1,0.400830690,-0.054283281,-0.362583383,0.054082747,-0.424443854,0.903065408,0.037354249
5.950646625,103900.512276916,vr_world,46826,103900.507136583,0.005140708,1,0.274631000,-0.577713000,-0.409422000,0.249096004,0.600923484,-0.641675521,-0.406318437,1,0.334393463,-0.438117410,-0.525028816,0.249096004,0.600923484,-0.641675521,-0.406318437,46909,103900.507136583,0.005140708,1,0.379249000,0.123480000,-0.299330000,0.056142105,-0.425389366,0.902464429,0.038077625,1,0.401320170,-0.054304751,-0.362904039,0.056142105,-0.425389366,0.902464429,0.038077625
5.962688625,103900.524318916,vr_world,46826,103900.507136583,0.017182833,1,0.274631000,-0.577713000,-0.409422000,0.249096004,0.600923484,-0.641675521,-0.406318437,1,0.334393463,-0.438117410,-0.525028816,0.249096004,0.600923484,-0.641675521,-0.406318437,46909,103900.507136583,0.017182833,1,0.379249000,0.123480000,-0.299330000,0.056142105,-0.425389366,0.902464429,0.038077625,1,0.401320170,-0.054304751,-0.362904039,0.056142105,-0.425389366,0.902464429,0.038077625
5.974075167,103900.535705458,vr_world,46827,103900.530357500,0.005348458,1,0.273030000,-0.577240000,-0.409785000,0.241582931,0.594898025,-0.649139224,-0.407863084,1,0.336831292,-0.438877011,-0.524713307,0.241582931,0.594898025,-0.649139224,-0.407863084,46910,103900.530357500,0.005348458,1,0.379390000,0.123957000,-0.299297000,0.055775099,-0.424192066,0.903050767,0.038072857,1,0.400941178,-0.053899864,-0.362847806,0.055775099,-0.424192066,0.903050767,0.038072857
5.986455250,103900.548085541,vr_world,46827,103900.530357500,0.017728375,1,0.273030000,-0.577240000,-0.409785000,0.241582931,0.594898025,-0.649139224,-0.407863084,1,0.336831292,-0.438877011,-0.524713307,0.241582931,0.594898025,-0.649139224,-0.407863084,46910,103900.530357500,0.017728375,1,0.379390000,0.123957000,-0.299297000,0.055775099,-0.424192066,0.903050767,0.038072857,1,0.400941178,-0.053899864,-0.362847806,0.055775099,-0.424192066,0.903050767,0.038072857
5.998851334,103900.560481625,vr_world,46828,103900.553147625,0.007334458,1,0.271831000,-0.577506000,-0.408790000,0.233194828,0.585878494,-0.653657360,-0.418447868,1,0.338864914,-0.439254523,-0.521999628,0.233194828,0.585878494,-0.653657360,-0.418447868,46911,103900.553147625,0.007334458,1,0.379171000,0.124296000,-0.298794000,0.056363401,-0.422562714,0.903767952,0.038306780,1,0.400129343,-0.053570030,-0.362517324,0.056363401,-0.422562714,0.903767952,0.038306780
6.011249834,103900.572880125,vr_world,46828,103900.553147625,0.019733083,1,0.271831000,-0.577506000,-0.408790000,0.233194828,0.585878494,-0.653657360,-0.418447868,1,0.338864914,-0.439254523,-0.521999628,0.233194828,0.585878494,-0.653657360,-0.418447868,46911,103900.553147625,0.019733083,1,0.379171000,0.124296000,-0.298794000,0.056363401,-0.422562714,0.903767952,0.038306780,1,0.400129343,-0.053570030,-0.362517324,0.056363401,-0.422562714,0.903767952,0.038306780
6.023355250,103900.584985541,vr_world,46829,103900.576191750,0.008794375,1,0.269667000,-0.576891000,-0.406955000,0.227081628,0.581704787,-0.656966398,-0.422431801,1,0.339108321,-0.438890084,-0.519013340,0.227081628,0.581704787,-0.656966398,-0.422431801,46912,103900.576191750,0.008794375,1,0.378950000,0.124856000,-0.298576000,0.056844175,-0.422069721,0.904004731,0.037434430,1,0.399788142,-0.053107599,-0.362065550,0.056844175,-0.422069721,0.904004731,0.037434430
6.035716375,103900.597346666,vr_world,46829,103900.576191750,0.021155666,1,0.269667000,-0.576891000,-0.406955000,0.227081628,0.581704787,-0.656966398,-0.422431801,1,0.339108321,-0.438890084,-0.519013340,0.227081628,0.581704787,-0.656966398,-0.422431801,46912,103900.576191750,0.021155666,1,0.378950000,0.124856000,-0.298576000,0.056844175,-0.422069721,0.904004731,0.037434430,1,0.399788142,-0.053107599,-0.362065550,0.056844175,-0.422069721,0.904004731,0.037434430
6.048203875,103900.609834166,vr_world,46830,103900.599652750,0.010188666,1,0.266287000,-0.575031000,-0.404132000,0.217876014,0.580564939,-0.663025824,-0.419369945,1,0.339725370,-0.437980043,-0.514799569,0.217876014,0.580564939,-0.663025824,-0.419369945,46913,103900.599652750,0.010188666,1,0.378591000,0.125645000,-0.298334000,0.056952673,-0.421598206,0.904264281,0.036296768,1,0.399283008,-0.052466058,-0.361457021,0.056952673,-0.421598206,0.904264281,0.036296768
6.059716042,103900.621346333,vr_world,46830,103900.599652750,0.021694750,1,0.266287000,-0.575031000,-0.404132000,0.217876014,0.580564939,-0.663025824,-0.419369945,1,0.339725370,-0.437980043,-0.514799569,0.217876014,0.580564939,-0.663025824,-0.419369945,46913,103900.599652750,0.021694750,1,0.378591000,0.125645000,-0.298334000,0.056952673,-0.421598206,0.904264281,0.036296768,1,0.399283008,-0.052466058,-0.361457021,0.056952673,-0.421598206,0.904264281,0.036296768
6.071969959,103900.633600250,vr_world,46831,103900.623224416,0.010376750,1,0.262567000,-0.572010000,-0.400774000,0.210470043,0.582384773,-0.671550328,-0.406878968,1,0.340395710,-0.437166423,-0.511152300,0.210470043,0.582384773,-0.671550328,-0.406878968,46914,103900.623224416,0.010376750,1,0.378224000,0.126736000,-0.298117000,0.056255479,-0.421746350,0.904310053,0.034477027,1,0.398946452,-0.051618361,-0.360539248,0.056255479,-0.421746350,0.904310053,0.034477027
6.082450542,103900.644080833,vr_world,46831,103900.623224416,0.020857042,1,0.262567000,-0.572010000,-0.400774000,0.210470043,0.582384773,-0.671550328,-0.406878968,1,0.340395710,-0.437166423,-0.511152300,0.210470043,0.582384773,-0.671550328,-0.406878968,46914,103900.623224416,0.020857042,1,0.378224000,0.126736000,-0.298117000,0.056255479,-0.421746350,0.904310053,0.034477027,1,0.398946452,-0.051618361,-0.360539248,0.056255479,-0.421746350,0.904310053,0.034477027
6.093353584,103900.654983875,vr_world,46832,103900.645836083,0.009148708,1,0.261430000,-0.569912000,-0.397749000,0.217543963,0.580165866,-0.676879235,-0.397387334,1,0.339406498,-0.437967036,-0.511475116,0.217543963,0.580165866,-0.676879235,-0.397387334,46915,103900.645836083,0.009148708,1,0.378069000,0.127432000,-0.298061000,0.055129968,-0.421572125,0.904530532,0.032590590,1,0.398648178,-0.051205609,-0.359715492,0.055129968,-0.421572125,0.904530532,0.032590590
6.105470250,103900.667100541,vr_world,46832,103900.645836083,0.021264792,1,0.261430000,-0.569912000,-0.397749000,0.217543963,0.580165866,-0.676879235,-0.397387334,1,0.339406498,-0.437967036,-0.511475116,0.217543963,0.580165866,-0.676879235,-0.397387334,46915,103900.645836083,0.021264792,1,0.378069000,0.127432000,-0.298061000,0.055129968,-0.421572125,0.904530532,0.032590590,1,0.398648178,-0.051205609,-0.359715492,0.055129968,-0.421572125,0.904530532,0.032590590
6.117840250,103900.679470541,vr_world,46833,103900.669149041,0.010322125,1,0.258275000,-0.566786000,-0.392808000,0.224790121,0.570770456,-0.689129453,-0.385734475,1,0.338513924,-0.440529435,-0.511317232,0.224790121,0.570770456,-0.689129453,-0.385734475,46916,103900.669149041,0.010322125,1,0.378072000,0.128275000,-0.297970000,0.053493439,-0.420913622,0.904975365,0.031460494,1,0.398239033,-0.050602498,-0.359063020,0.053493439,-0.420913622,0.904975365,0.031460494
6.130178500,103900.691808791,vr_world,46833,103900.669149041,0.022660375,1,0.258275000,-0.566786000,-0.392808000,0.224790121,0.570770456,-0.689129453,-0.385734475,1,0.338513924,-0.440529435,-0.511317232,0.224790121,0.570770456,-0.689129453,-0.385734475,46916,103900.669149041,0.022660375,1,0.378072000,0.128275000,-0.297970000,0.053493439,-0.420913622,0.904975365,0.031460494,1,0.398239033,-0.050602498,-0.359063020,0.053493439,-0.420913622,0.904975365,0.031460494
6.141484209,103900.703114500,vr_world,46834,103900.692448041,0.010667209,1,0.254829000,-0.564261000,-0.389025000,0.222051249,0.566656127,-0.696012014,-0.381000463,1,0.337838952,-0.440361735,-0.508112013,0.222051249,0.566656127,-0.696012014,-0.381000463,46917,103900.692448041,0.010667209,1,0.377899000,0.129183000,-0.298076000,0.051949394,-0.421257098,0.904927739,0.030814034,1,0.398054054,-0.049833051,-0.358765751,0.051949394,-0.421257098,0.904927739,0.030814034
6.153263834,103900.714894125,vr_world,46834,103900.692448041,0.022446542,1,0.254829000,-0.564261000,-0.389025000,0.222051249,0.566656127,-0.696012014,-0.381000463,1,0.337838952,-0.440361735,-0.508112013,0.222051249,0.566656127,-0.696012014,-0.381000463,46917,103900.692448041,0.022446542,1,0.377899000,0.129183000,-0.298076000,0.051949394,-0.421257098,0.904927739,0.030814034,1,0.398054054,-0.049833051,-0.358765751,0.051949394,-0.421257098,0.904927739,0.030814034
6.165629250,103900.727259541,vr_world,46835,103900.715525708,0.011734500,1,0.251833000,-0.563249000,-0.387552000,0.212825806,0.570465464,-0.695738196,-0.381080954,1,0.336851413,-0.438004782,-0.503780962,0.212825806,0.570465464,-0.695738196,-0.381080954,46918,103900.715525708,0.011734500,1,0.377586000,0.129930000,-0.298280000,0.050760909,-0.421973961,0.904713298,0.029243045,1,0.397943815,-0.049293661,-0.358285632,0.050760909,-0.421973961,0.904713298,0.029243045
6.177655250,103900.739285541,vr_world,46836,103900.738170791,0.001115417,1,0.248236000,-0.559931000,-0.384535000,0.204329982,0.568523309,-0.701694879,-0.377696708,1,0.336999122,-0.435993772,-0.499356954,0.204329982,0.568523309,-0.701694879,-0.377696708,46919,103900.738170791,0.001115417,1,0.377264000,0.130926000,-0.298575000,0.049460419,-0.422261239,0.904718283,0.027091331,1,0.397657797,-0.048589033,-0.357690780,0.049460419,-0.422261239,0.904718283,0.027091331
6.188721459,103900.750351750,vr_world,46836,103900.738170791,0.012181709,1,0.248236000,-0.559931000,-0.384535000,0.204329982,0.568523309,-0.701694879,-0.377696708,1,0.336999122,-0.435993772,-0.499356954,0.204329982,0.568523309,-0.701694879,-0.377696708,46919,103900.738170791,0.012181709,1,0.377264000,0.130926000,-0.298575000,0.049460419,-0.422261239,0.904718283,0.027091331,1,0.397657797,-0.048589033,-0.357690780,0.049460419,-0.422261239,0.904718283,0.027091331
6.201129667,103900.762759958,vr_world,46837,103900.762150458,0.000610000,1,0.242997000,-0.557438000,-0.381815000,0.198082903,0.558154472,-0.713701155,-0.373975147,1,0.336745995,-0.437681786,-0.497110300,0.198082903,0.558154472,-0.713701155,-0.373975147,46920,103900.762150458,0.000610000,1,0.377242000,0.131744000,-0.299030000,0.047975113,-0.421766819,0.905072362,0.025596052,1,0.397321748,-0.048027538,-0.357469719,0.047975113,-0.421766819,0.905072362,0.025596052
6.213537417,103900.775167708,vr_world,46837,103900.762150458,0.013017708,1,0.242997000,-0.557438000,-0.381815000,0.198082903,0.558154472,-0.713701155,-0.373975147,1,0.336745995,-0.437681786,-0.497110300,0.198082903,0.558154472,-0.713701155,-0.373975147,46920,103900.762150458,0.013017708,1,0.377242000,0.131744000,-0.299030000,0.047975113,-0.421766819,0.905072362,0.025596052,1,0.397321748,-0.048027538,-0.357469719,0.047975113,-0.421766819,0.905072362,0.025596052
6.225944000,103900.787574291,vr_world,46838,103900.784127375,0.003447500,1,0.240937000,-0.556143000,-0.380585000,0.197492260,0.554800600,-0.716440627,-0.374040010,1,0.335601630,-0.437473091,-0.496254871,0.197492260,0.554800600,-0.716440627,-0.374040010,46921,103900.784127375,0.003447500,1,0.377439000,0.131979000,-0.299484000,0.046238725,-0.421129265,0.905467332,0.025318627,1,0.397088900,-0.047933094,-0.357636550,0.046238725,-0.421129265,0.905467332,0.025318627
6.236635667,103900.798265958,vr_world,46838,103900.784127375,0.014139291,1,0.240937000,-0.556143000,-0.380585000,0.197492260,0.554800600,-0.716440627,-0.374040010,1,0.335601630,-0.437473091,-0.496254871,0.197492260,0.554800600,-0.716440627,-0.374040010,46921,103900.784127375,0.014139291,1,0.377439000,0.131979000,-0.299484000,0.046238725,-0.421129265,0.905467332,0.025318627,1,0.397088900,-0.047933094,-0.357636550,0.046238725,-0.421129265,0.905467332,0.025318627
6.249011875,103900.810642166,vr_world,46839,103900.807094166,0.003548334,1,0.235511000,-0.553215000,-0.379398000,0.185721711,0.552434372,-0.724407611,-0.368181102,1,0.335214270,-0.436620233,-0.492925005,0.185721711,0.552434372,-0.724407611,-0.368181102,46922,103900.807094166,0.003548334,1,0.377809000,0.132289000,-0.300210000,0.043930492,-0.420215471,0.906010736,0.025171734,1,0.396856365,-0.047786966,-0.358055353,0.043930492,-0.420215471,0.906010736,0.025171734
6.261228042,103900.822858333,vr_world,46839,103900.807094166,0.015764459,1,0.235511000,-0.553215000,-0.379398000,0.185721711,0.552434372,-0.724407611,-0.368181102,1,0.335214270,-0.436620233,-0.492925005,0.185721711,0.552434372,-0.724407611,-0.368181102,46922,103900.807094166,0.015764459,1,0.377809000,0.132289000,-0.300210000,0.043930492,-0.420215471,0.906010736,0.025171734,1,0.396856365,-0.047786966,-0.358055353,0.043930492,-0.420215471,0.906010736,0.025171734
6.273635084,103900.835265375,vr_world,46840,103900.830745000,0.004521000,1,0.231753000,-0.551106000,-0.378575000,0.184598746,0.545148132,-0.731634092,-0.365305862,1,0.333803776,-0.437606582,-0.493148105,0.184598746,0.545148132,-0.731634092,-0.365305862,46923,103900.830745000,0.004521000,1,0.378632000,0.132128000,-0.300821000,0.040467854,-0.419973678,0.906203189,0.027932835,1,0.397145246,-0.047829037,-0.359207193,0.040467854,-0.419973678,0.906203189,0.027932835
6.286062459,103900.847692750,vr_world,46840,103900.830745000,0.016948375,1,0.231753000,-0.551106000,-0.378575000,0.184598746,0.545148132,-0.731634092,-0.365305862,1,0.333803776,-0.437606582,-0.493148105,0.184598746,0.545148132,-0.731634092,-0.365305862,46923,103900.830745000,0.016948375,1,0.378632000,0.132128000,-0.300821000,0.040467854,-0.419973678,0.906203189,0.027932835,1,0.397145246,-0.047829037,-0.359207193,0.040467854,-0.419973678,0.906203189,0.027932835
6.298464500,103900.860094791,vr_world,46841,103900.854417666,0.005677500,1,0.229493000,-0.550549000,-0.378735000,0.187972436,0.536137090,-0.737044299,-0.366045195,1,0.332242243,-0.439921873,-0.495472545,0.187972436,0.536137090,-0.737044299,-0.366045195,46924,103900.854417666,0.005677500,1,0.379555000,0.131572000,-0.300923000,0.038506214,-0.420947928,0.905616283,0.034340376,1,0.398062353,-0.047742761,-0.361254656,0.038506214,-0.420947928,0.905616283,0.034340376
6.310843459,103900.872473750,vr_world,46841,103900.854417666,0.018056667,1,0.229493000,-0.550549000,-0.378735000,0.187972436,0.536137090,-0.737044299,-0.366045195,1,0.332242243,-0.439921873,-0.495472545,0.187972436,0.536137090,-0.737044299,-0.366045195,46924,103900.854417666,0.018056667,1,0.379555000,0.131572000,-0.300923000,0.038506214,-0.420947928,0.905616283,0.034340376,1,0.398062353,-0.047742761,-0.361254656,0.038506214,-0.420947928,0.905616283,0.034340376
6.321310334,103900.882940625,vr_world,46842,103900.877840125,0.005101041,1,0.225828000,-0.549885000,-0.379918000,0.181333396,0.531077784,-0.740922594,-0.368928580,1,0.331027407,-0.440313939,-0.495463149,0.181333396,0.531077784,-0.740922594,-0.368928580,46925,103900.877840125,0.005101041,1,0.381071000,0.131165000,-0.301517000,0.034903503,-0.422986498,0.904556153,0.040525736,1,0.399824683,-0.047556271,-0.363510692,0.034903503,-0.422986498,0.904556153,0.040525736
6.332778125,103900.894408416,vr_world,46842,103900.877840125,0.016568791,1,0.225828000,-0.549885000,-0.379918000,0.181333396,0.531077784,-0.740922594,-0.368928580,1,0.331027407,-0.440313939,-0.495463149,0.181333396,0.531077784,-0.740922594,-0.368928580,46925,103900.877840125,0.016568791,1,0.381071000,0.131165000,-0.301517000,0.034903503,-0.422986498,0.904556153,0.040525736,1,0.399824683,-0.047556271,-0.363510692,0.034903503,-0.422986498,0.904556153,0.040525736
6.344027917,103900.905658208,vr_world,46843,103900.901318000,0.004340750,1,0.222389000,-0.549574000,-0.381074000,0.174873134,0.524623100,-0.743609130,-0.375813055,1,0.329563435,-0.440628693,-0.495389373,0.174873134,0.524623100,-0.743609130,-0.375813055,46926,103900.901318000,0.004340750,1,0.383196000,0.130823000,-0.302123000,0.030727490,-0.426248832,0.902926723,0.045728402,1,0.402649201,-0.047383703,-0.365370093,0.030727490,-0.426248832,0.902926723,0.045728402
6.355117667,103900.916747958,vr_world,46843,103900.901318000,0.015430666,1,0.222389000,-0.549574000,-0.381074000,0.174873134,0.524623100,-0.743609130,-0.375813055,1,0.329563435,-0.440628693,-0.495389373,0.174873134,0.524623100,-0.743609130,-0.375813055,46926,103900.901318000,0.015430666,1,0.383196000,0.130823000,-0.302123000,0.030727490,-0.426248832,0.902926723,0.045728402,1,0.402649201,-0.047383703,-0.365370093,0.030727490,-0.426248832,0.902926723,0.045728402
6.365898959,103900.927529250,vr_world,46844,103900.924748750,0.002780875,1,0.220173000,-0.550166000,-0.382297000,0.169122406,0.523420483,-0.743618158,-0.380079788,1,0.328539171,-0.440684689,-0.494964895,0.169122406,0.523420483,-0.743618158,-0.380079788,46927,103900.924748750,0.002780875,1,0.385356000,0.130464000,-0.302451000,0.026387134,-0.426468067,0.902850809,0.047844787,1,0.404375920,-0.047716348,-0.365903598,0.026387134,-0.426468067,0.902850809,0.047844787
6.377440209,103900.939070500,vr_world,46844,103900.924748750,0.014322458,1,0.220173000,-0.550166000,-0.382297000,0.169122406,0.523420483,-0.743618158,-0.380079788,1,0.328539171,-0.440684689,-0.494964895,0.169122406,0.523420483,-0.743618158,-0.380079788,46927,103900.924748750,0.014322458,1,0.385356000,0.130464000,-0.302451000,0.026387134,-0.426468067,0.902850809,0.047844787,1,0.404375920,-0.047716348,-0.365903598,0.026387134,-0.426468067,0.902850809,0.047844787
6.389842625,103900.951472916,vr_world,46845,103900.947241625,0.004231833,1,0.216421000,-0.550184000,-0.383592000,0.160487181,0.522857848,-0.743472028,-0.384854360,1,0.326581802,-0.439882057,-0.493689719,0.160487181,0.522857848,-0.743472028,-0.384854360,46928,103900.947241625,0.004231833,1,0.389601000,0.132414000,-0.303226000,0.009553309,-0.423767741,0.904987381,0.036434537,1,0.406327631,-0.047987480,-0.360773942,0.009553309,-0.423767741,0.904987381,0.036434537
6.402258959,103900.963889250,vr_world,46845,103900.947241625,0.016648166,1,0.216421000,-0.550184000,-0.383592000,0.160487181,0.522857848,-0.743472028,-0.384854360,1,0.326581802,-0.439882057,-0.493689719,0.160487181,0.522857848,-0.743472028,-0.384854360,46928,103900.947241625,0.016648166,1,0.389601000,0.132414000,-0.303226000,0.009553309,-0.423767741,0.904987381,0.036434537,1,0.406327631,-0.047987480,-0.360773942,0.009553309,-0.423767741,0.904987381,0.036434537
6.414679209,103900.976309500,vr_world,46846,103900.970534166,0.005775750,1,0.212700000,-0.549073000,-0.383644000,0.155346205,0.522204007,-0.744773663,-0.385334558,1,0.324343363,-0.438951839,-0.492421488,0.155346205,0.522204007,-0.744773663,-0.385334558,46929,103900.970534166,0.005775750,1,0.392819000,0.131559000,-0.301537000,0.002623155,-0.424931633,0.903978500,0.047424642,1,0.408923942,-0.047951961,-0.361974177,0.002623155,-0.424931633,0.903978500,0.047424642
6.426690667,103900.988320958,vr_world,46846,103900.970534166,0.017787292,1,0.212700000,-0.549073000,-0.383644000,0.155346205,0.522204007,-0.744773663,-0.385334558,1,0.324343363,-0.438951839,-0.492421488,0.155346205,0.522204007,-0.744773663,-0.385334558,46929,103900.970534166,0.017787292,1,0.392819000,0.131559000,-0.301537000,0.002623155,-0.424931633,0.903978500,0.047424642,1,0.408923942,-0.047951961,-0.361974177,0.002623155,-0.424931633,0.903978500,0.047424642
6.437363292,103900.998993583,vr_world,46847,103900.993635833,0.005358042,1,0.210706000,-0.547702000,-0.382986000,0.158158736,0.521103660,-0.747987479,-0.379409438,1,0.322692522,-0.439287333,-0.493116411,0.158158736,0.521103660,-0.747987479,-0.379409438,46930,103900.993635833,0.005358042,1,0.394276000,0.131791000,-0.300839000,0.005025672,0.424341306,-0.904406177,-0.044256818,1,0.409585704,-0.048460292,-0.359245665,0.005025672,0.424341306,-0.904406177,-0.044256818
6.447369000,103901.008999291,vr_world,46847,103900.993635833,0.015364375,1,0.210706000,-0.547702000,-0.382986000,0.158158736,0.521103660,-0.747987479,-0.379409438,1,0.322692522,-0.439287333,-0.493116411,0.158158736,0.521103660,-0.747987479,-0.379409438,46930,103900.993635833,0.015364375,1,0.394276000,0.131791000,-0.300839000,0.005025672,0.424341306,-0.904406177,-0.044256818,1,0.409585704,-0.048460292,-0.359245665,0.005025672,0.424341306,-0.904406177,-0.044256818
6.458691625,103901.020321916,vr_world,46848,103901.016633750,0.003689000,1,0.207353000,-0.546240000,-0.382735000,0.160537948,0.523488314,-0.748570602,-0.373937972,1,0.319093677,-0.438242357,-0.493522959,0.160537948,0.523488314,-0.748570602,-0.373937972,46931,103901.016633750,0.003689000,1,0.396921000,0.132497000,-0.299637000,0.007351466,0.426920280,-0.903217908,-0.043387098,1,0.413103344,-0.047859993,-0.357478972,0.007351466,0.426920280,-0.903217908,-0.043387098
6.471062250,103901.032692541,vr_world,46848,103901.016633750,0.016059750,1,0.207353000,-0.546240000,-0.382735000,0.160537948,0.523488314,-0.748570602,-0.373937972,1,0.319093677,-0.438242357,-0.493522959,0.160537948,0.523488314,-0.748570602,-0.373937972,46931,103901.016633750,0.016059750,1,0.396921000,0.132497000,-0.299637000,0.007351466,0.426920280,-0.903217908,-0.043387098,1,0.413103344,-0.047859993,-0.357478972,0.007351466,0.426920280,-0.903217908,-0.043387098
6.482694584,103901.044324875,vr_world,46849,103901.039631208,0.004694500,1,0.203533000,-0.544288000,-0.381944000,0.162443147,0.527854041,-0.746922849,-0.370254768,1,0.314510758,-0.435620328,-0.492843598,0.162443147,0.527854041,-0.746922849,-0.370254768,46932,103901.039631208,0.004694500,1,0.400088000,0.132614000,-0.298857000,0.012458553,0.430046026,-0.901581649,-0.045340165,1,0.416999040,-0.047656883,-0.356758892,0.012458553,0.430046026,-0.901581649,-0.045340165
6.495057084,103901.056687375,vr_world,46849,103901.039631208,0.017056875,1,0.203533000,-0.544288000,-0.381944000,0.162443147,0.527854041,-0.746922849,-0.370254768,1,0.314510758,-0.435620328,-0.492843598,0.162443147,0.527854041,-0.746922849,-0.370254768,46932,103901.039631208,0.017056875,1,0.400088000,0.132614000,-0.298857000,0.012458553,0.430046026,-0.901581649,-0.045340165,1,0.416999040,-0.047656883,-0.356758892,0.012458553,0.430046026,-0.901581649,-0.045340165
6.505370959,103901.067001250,vr_world,46850,103901.062836125,0.004165708,1,0.201222000,-0.542904000,-0.381840000,0.159832037,0.530903686,-0.746660412,-0.367550303,1,0.312774221,-0.433826816,-0.491756827,0.159832037,0.530903686,-0.746660412,-0.367550303,46933,103901.062836125,0.004165708,1,0.401147000,0.132635000,-0.298615000,0.013851105,0.431855924,-0.900659232,-0.046060348,1,0.418635539,-0.047550998,-0.356609689,0.013851105,0.431855924,-0.900659232,-0.046060348
6.517355584,103901.078985875,vr_world,46850,103901.062836125,0.016150291,1,0.201222000,-0.542904000,-0.381840000,0.159832037,0.530903686,-0.746660412,-0.367550303,1,0.312774221,-0.433826816,-0.491756827,0.159832037,0.530903686,-0.746660412,-0.367550303,46933,103901.062836125,0.016150291,1,0.401147000,0.132635000,-0.298615000,0.013851105,0.431855924,-0.900659232,-0.046060348,1,0.418635539,-0.047550998,-0.356609689,0.013851105,0.431855924,-0.900659232,-0.046060348
6.528053625,103901.089683916,vr_world,46851,103901.086100750,0.003583791,1,0.199099000,-0.541038000,-0.381384000,0.164506371,0.534891903,-0.744069813,-0.364949887,1,0.308997409,-0.431149708,-0.492155623,0.164506371,0.534891903,-0.744069813,-0.364949887,46934,103901.086100750,0.003583791,1,0.403469000,0.132721000,-0.297677000,0.019241463,0.430586487,-0.901132941,-0.046738266,1,0.419956912,-0.047705668,-0.355214891,0.019241463,0.430586487,-0.901132941,-0.046738266
6.538691500,103901.100321791,vr_world,46851,103901.086100750,0.014222375,1,0.199099000,-0.541038000,-0.381384000,0.164506371,0.534891903,-0.744069813,-0.364949887,1,0.308997409,-0.431149708,-0.492155623,0.164506371,0.534891903,-0.744069813,-0.364949887,46934,103901.086100750,0.014222375,1,0.403469000,0.132721000,-0.297677000,0.019241463,0.430586487,-0.901132941,-0.046738266,1,0.419956912,-0.047705668,-0.355214891,0.019241463,0.430586487,-0.901132941,-0.046738266
6.551076709,103901.112707000,vr_world,46852,103901.109752375,0.002956000,1,0.197208000,-0.538012000,-0.379931000,0.176344630,0.534423220,-0.744387433,-0.359418618,1,0.304733175,-0.429495243,-0.494324678,0.176344630,0.534423220,-0.744387433,-0.359418618,46935,103901.109752375,0.002956000,1,0.405645000,0.133202000,-0.297466000,0.024911939,0.429421484,-0.901584386,-0.046067119,1,0.421228432,-0.047608253,-0.354043748,0.024911939,0.429421484,-0.901584386,-0.046067119
6.563415709,103901.125046000,vr_world,46852,103901.109752375,0.015294583,1,0.197208000,-0.538012000,-0.379931000,0.176344630,0.534423220,-0.744387433,-0.359418618,1,0.304733175,-0.429495243,-0.494324678,0.176344630,0.534423220,-0.744387433,-0.359418618,46935,103901.109752375,0.015294583,1,0.405645000,0.133202000,-0.297466000,0.024911939,0.429421484,-0.901584386,-0.046067119,1,0.421228432,-0.047608253,-0.354043748,0.024911939,0.429421484,-0.901584386,-0.046067119
6.575769875,103901.137400166,vr_world,46853,103901.133354416,0.004046459,1,0.196462000,-0.536233000,-0.378933000,0.187161448,0.532788504,-0.744724879,-0.355656937,1,0.301781922,-0.429131998,-0.496663559,0.187161448,0.532788504,-0.744724879,-0.355656937,46936,103901.133354416,0.004046459,1,0.406140000,0.133534000,-0.297662000,0.027729190,0.429057164,-0.901790761,-0.043754611,1,0.421465733,-0.047654422,-0.353088494,0.027729190,0.429057164,-0.901790761,-0.043754611
6.588159250,103901.149789541,vr_world,46853,103901.133354416,0.016435959,1,0.196462000,-0.536233000,-0.378933000,0.187161448,0.532788504,-0.744724879,-0.355656937,1,0.301781922,-0.429131998,-0.496663559,0.187161448,0.532788504,-0.744724879,-0.355656937,46936,103901.133354416,0.016435959,1,0.406140000,0.133534000,-0.297662000,0.027729190,0.429057164,-0.901790761,-0.043754611,1,0.421465733,-0.047654422,-0.353088494,0.027729190,0.429057164,-0.901790761,-0.043754611
6.600517417,103901.162147708,vr_world,46854,103901.156578750,0.005569541,1,0.195236000,-0.534134000,-0.378275000,0.198958372,0.534396989,-0.743232154,-0.349916261,1,0.297708795,-0.427845650,-0.499211153,0.198958372,0.534396989,-0.743232154,-0.349916261,46937,103901.156578750,0.005569541,1,0.406912000,0.133567000,-0.297622000,0.031149778,0.429222061,-0.901774522,-0.040010308,1,0.422225591,-0.048137046,-0.351337550,0.031149778,0.429222061,-0.901774522,-0.040010308
6.612930834,103901.174561125,vr_world,46854,103901.156578750,0.017982916,1,0.195236000,-0.534134000,-0.378275000,0.198958372,0.534396989,-0.743232154,-0.349916261,1,0.297708795,-0.427845650,-0.499211153,0.198958372,0.534396989,-0.743232154,-0.349916261,46937,103901.156578750,0.017982916,1,0.406912000,0.133567000,-0.297622000,0.031149778,0.429222061,-0.901774522,-0.040010308,1,0.422225591,-0.048137046,-0.351337550,0.031149778,0.429222061,-0.901774522,-0.040010308
6.624629417,103901.186259708,vr_world,46855,103901.179689416,0.006570834,1,0.194739000,-0.532245000,-0.378007000,0.211090962,0.533378942,-0.743149342,-0.344494652,1,0.294645478,-0.427646482,-0.502511092,0.211090962,0.533378942,-0.743149342,-0.344494652,46938,103901.179689416,0.006570834,1,0.407265000,0.133514000,-0.297272000,0.031874307,0.428885799,-0.901982016,-0.038333306,1,0.422471871,-0.048396137,-0.350315932,0.031874307,0.428885799,-0.901982016,-0.038333306
6.637038584,103901.198668875,vr_world,46855,103901.179689416,0.018979875,1,0.194739000,-0.532245000,-0.378007000,0.211090962,0.533378942,-0.743149342,-0.344494652,1,0.294645478,-0.427646482,-0.502511092,0.211090962,0.533378942,-0.743149342,-0.344494652,46938,103901.179689416,0.018979875,1,0.407265000,0.133514000,-0.297272000,0.031874307,0.428885799,-0.901982016,-0.038333306,1,0.422471871,-0.048396137,-0.350315932,0.031874307,0.428885799,-0.901982016,-0.038333306
6.648236750,103901.209867041,vr_world,46856,103901.203308083,0.006559542,1,0.195388000,-0.532022000,-0.378575000,0.215542357,0.531057899,-0.742691296,-0.346307144,1,0.294068846,-0.427829156,-0.504389979,0.215542357,0.531057899,-0.742691296,-0.346307144,46939,103901.203308083,0.006559542,1,0.406942000,0.133427000,-0.297201000,0.029561027,0.428100788,-0.902462489,-0.037647262,1,0.422043047,-0.048477972,-0.350293268,0.029561027,0.428100788,-0.902462489,-0.037647262
6.660654292,103901.222284583,vr_world,46856,103901.203308083,0.018977167,1,0.195388000,-0.532022000,-0.378575000,0.215542357,0.531057899,-0.742691296,-0.346307144,1,0.294068846,-0.427829156,-0.504389979,0.215542357,0.531057899,-0.742691296,-0.346307144,46939,103901.203308083,0.018977167,1,0.406942000,0.133427000,-0.297201000,0.029561027,0.428100788,-0.902462489,-0.037647262,1,0.422043047,-0.048477972,-0.350293268,0.029561027,0.428100788,-0.902462489,-0.037647262
6.673055959,103901.234686250,vr_world,46857,103901.225912750,0.008773916,1,0.196490000,-0.532549000,-0.379808000,0.222669886,0.528346809,-0.739963924,-0.351740191,1,0.292558693,-0.428059068,-0.507385764,0.222669886,0.528346809,-0.739963924,-0.351740191,46940,103901.225912750,0.008773916,1,0.406654000,0.133195000,-0.297195000,0.028375174,0.428355845,-0.902415410,-0.036776985,1,0.421993213,-0.048731392,-0.350145448,0.028375174,0.428355845,-0.902415410,-0.036776985
6.685469125,103901.247099416,vr_world,46857,103901.225912750,0.021187458,1,0.196490000,-0.532549000,-0.379808000,0.222669886,0.528346809,-0.739963924,-0.351740191,1,0.292558693,-0.428059068,-0.507385764,0.222669886,0.528346809,-0.739963924,-0.351740191,46940,103901.225912750,0.021187458,1,0.406654000,0.133195000,-0.297195000,0.028375174,0.428355845,-0.902415410,-0.036776985,1,0.421993213,-0.048731392,-0.350145448,0.028375174,0.428355845,-0.902415410,-0.036776985
6.696024834,103901.257655125,vr_world,46858,103901.249526958,0.008128708,1,0.197888000,-0.535769000,-0.381946000,0.225266126,0.526191354,-0.735265750,-0.362990506,1,0.291636731,-0.429338295,-0.509645351,0.225266126,0.526191354,-0.735265750,-0.362990506,46941,103901.249526958,0.008128708,1,0.406155000,0.132542000,-0.297108000,0.026049595,0.428923483,-0.902298970,-0.034678996,1,0.422007355,-0.049460042,-0.349645345,0.026049595,0.428923483,-0.902298970,-0.034678996
6.707953459,103901.269583750,vr_world,46858,103901.249526958,0.020057125,1,0.197888000,-0.535769000,-0.381946000,0.225266126,0.526191354,-0.735265750,-0.362990506,1,0.291636731,-0.429338295,-0.509645351,0.225266126,0.526191354,-0.735265750,-0.362990506,46941,103901.249526958,0.020057125,1,0.406155000,0.132542000,-0.297108000,0.026049595,0.428923483,-0.902298970,-0.034678996,1,0.422007355,-0.049460042,-0.349645345,0.026049595,0.428923483,-0.902298970,-0.034678996
6.720360209,103901.281990500,vr_world,46859,103901.272989625,0.009001208,1,0.198199000,-0.537723000,-0.383437000,0.217719672,0.521998898,-0.736226744,-0.371598542,1,0.293640862,-0.430572658,-0.509266640,0.217719672,0.521998898,-0.736226744,-0.371598542,46942,103901.272989625,0.009001208,1,0.405188000,0.131620000,-0.296936000,0.022297970,0.430295723,-0.901768048,-0.034099534,1,0.421918192,-0.050217987,-0.349768793,0.022297970,0.430295723,-0.901768048,-0.034099534
6.730693084,103901.292323375,vr_world,46859,103901.272989625,0.019334416,1,0.198199000,-0.537723000,-0.383437000,0.217719672,0.521998898,-0.736226744,-0.371598542,1,0.293640862,-0.430572658,-0.509266640,0.217719672,0.521998898,-0.736226744,-0.371598542,46942,103901.272989625,0.019334416,1,0.405188000,0.131620000,-0.296936000,0.022297970,0.430295723,-0.901768048,-0.034099534,1,0.421918192,-0.050217987,-0.349768793,0.022297970,0.430295723,-0.901768048,-0.034099534
6.743100375,103901.304730666,vr_world,46860,103901.295895000,0.008836250,1,0.199469000,-0.541015000,-0.385608000,0.209411175,0.517929862,-0.733566951,-0.387007941,1,0.295654771,-0.431476468,-0.508786957,0.209411175,0.517929862,-0.733566951,-0.387007941,46943,103901.295895000,0.008836250,1,0.404153000,0.130490000,-0.296790000,0.017189373,0.430633811,-0.901698275,-0.034630432,1,0.421404683,-0.051056612,-0.350450070,0.017189373,0.430633811,-0.901698275,-0.034630432
6.755502167,103901.317132458,vr_world,46860,103901.295895000,0.021237750,1,0.199469000,-0.541015000,-0.385608000,0.209411175,0.517929862,-0.733566951,-0.387007941,1,0.295654771,-0.431476468,-0.508786957,0.209411175,0.517929862,-0.733566951,-0.387007941,46943,103901.295895000,0.021237750,1,0.404153000,0.130490000,-0.296790000,0.017189373,0.430633811,-0.901698275,-0.034630432,1,0.421404683,-0.051056612,-0.350450070,0.017189373,0.430633811,-0.901698275,-0.034630432
6.767917209,103901.329547500,vr_world,46861,103901.319112708,0.010435208,1,0.200697000,-0.545710000,-0.387085000,0.199427770,0.509807081,-0.732793008,-0.404153080,1,0.298567829,-0.434712587,-0.507601747,0.199427770,0.509807081,-0.732793008,-0.404153080,46944,103901.319112708,0.010435208,1,0.402906000,0.128948000,-0.296457000,0.009974951,0.429848241,-0.902077007,-0.037256711,1,0.420318901,-0.052044704,-0.351906737,0.009974951,0.429848241,-0.902077007,-0.037256711
6.778291042,103901.339921333,vr_world,46861,103901.319112708,0.020809375,1,0.200697000,-0.545710000,-0.387085000,0.199427770,0.509807081,-0.732793008,-0.404153080,1,0.298567829,-0.434712587,-0.507601747,0.199427770,0.509807081,-0.732793008,-0.404153080,46944,103901.319112708,0.020809375,1,0.402906000,0.128948000,-0.296457000,0.009974951,0.429848241,-0.902077007,-0.037256711,1,0.420318901,-0.052044704,-0.351906737,0.009974951,0.429848241,-0.902077007,-0.037256711
6.790689750,103901.352320041,vr_world,46862,103901.342552333,0.009768083,1,0.200647000,-0.548495000,-0.387138000,0.191787211,0.502465265,-0.738349815,-0.406922442,1,0.301686724,-0.439323777,-0.506704077,0.191787211,0.502465265,-0.738349815,-0.406922442,46945,103901.342552333,0.009768083,1,0.401862000,0.128016000,-0.296446000,0.005853829,0.430245164,-0.901871233,-0.038511178,1,0.419733257,-0.052640719,-0.352837236,0.005853829,0.430245164,-0.901871233,-0.038511178
6.803102375,103901.364732666,vr_world,46862,103901.342552333,0.022180875,1,0.200647000,-0.548495000,-0.387138000,0.191787211,0.502465265,-0.738349815,-0.406922442,1,0.301686724,-0.439323777,-0.506704077,0.191787211,0.502465265,-0.738349815,-0.406922442,46945,103901.342552333,0.022180875,1,0.401862000,0.128016000,-0.296446000,0.005853829,0.430245164,-0.901871233,-0.038511178,1,0.419733257,-0.052640719,-0.352837236,0.005853829,0.430245164,-0.901871233,-0.038511178
6.815496750,103901.377127041,vr_world,46863,103901.365840625,0.011286875,1,0.201939000,-0.552178000,-0.387692000,0.178363720,0.485654649,-0.750993485,-0.410286157,1,0.309193934,-0.447984614,-0.506281828,0.178363720,0.485654649,-0.750993485,-0.410286157,46946,103901.365840625,0.011286875,1,0.400188000,0.126664000,-0.296371000,0.001161773,-0.430760916,0.901553039,0.040568474,1,0.418799042,-0.053421917,-0.354326823,0.001161773,-0.430760916,0.901553039,0.040568474
6.827908292,103901.389538583,vr_world,46864,103901.388912833,0.000626042,1,0.204539000,-0.558978000,-0.388725000,0.167435702,0.480833435,-0.750174422,-0.421903816,1,0.313945304,-0.453738682,-0.504390039,0.167435702,0.480833435,-0.750174422,-0.421903816,46947,103901.388912833,0.000626042,1,0.398742000,0.125281000,-0.296402000,0.007512324,-0.430161257,0.901708401,0.042741286,1,0.417602155,-0.054286794,-0.355865636,0.007512324,-0.430161257,0.901708401,0.042741286
6.840319917,103901.401950208,vr_world,46864,103901.388912833,0.013038000,1,0.204539000,-0.558978000,-0.388725000,0.167435702,0.480833435,-0.750174422,-0.421903816,1,0.313945304,-0.453738682,-0.504390039,0.167435702,0.480833435,-0.750174422,-0.421903816,46947,103901.388912833,0.013038000,1,0.398742000,0.125281000,-0.296402000,0.007512324,-0.430161257,0.901708401,0.042741286,1,0.417602155,-0.054286794,-0.355865636,0.007512324,-0.430161257,0.901708401,0.042741286
6.850698292,103901.412328583,vr_world,46865,103901.412038666,0.000290167,1,0.206672000,-0.563463000,-0.389400000,0.159349890,0.477432290,-0.748729450,-0.431358588,1,0.317491511,-0.457208344,-0.502768532,0.159349890,0.477432290,-0.748729450,-0.431358588,46948,103901.412038666,0.000290167,1,0.398235000,0.124542000,-0.296499000,0.009806004,-0.428525518,0.902416451,0.043752386,1,0.416610114,-0.054870596,-0.356579670,0.009806004,-0.428525518,0.902416451,0.043752386
6.863114709,103901.424745000,vr_world,46865,103901.412038666,0.012706834,1,0.206672000,-0.563463000,-0.389400000,0.159349890,0.477432290,-0.748729450,-0.431358588,1,0.317491511,-0.457208344,-0.502768532,0.159349890,0.477432290,-0.748729450,-0.431358588,46948,103901.412038666,0.012706834,1,0.398235000,0.124542000,-0.296499000,0.009806004,-0.428525518,0.902416451,0.043752386,1,0.416610114,-0.054870596,-0.356579670,0.009806004,-0.428525518,0.902416451,0.043752386
6.874585167,103901.436215458,vr_world,46866,103901.435048166,0.001167834,1,0.209306000,-0.568612000,-0.389542000,0.141797499,0.470087634,-0.750931717,-0.441602358,1,0.324676458,-0.462820746,-0.498726775,0.141797499,0.470087634,-0.750931717,-0.441602358,46949,103901.435048166,0.001167834,1,0.397017000,0.123261000,-0.296463000,0.013681725,-0.426719831,0.903087932,0.046423944,1,0.414929130,-0.055732979,-0.357916559,0.013681725,-0.426719831,0.903087932,0.046423944
6.886992584,103901.448622875,vr_world,46866,103901.435048166,0.013577167,1,0.209306000,-0.568612000,-0.389542000,0.141797499,0.470087634,-0.750931717,-0.441602358,1,0.324676458,-0.462820746,-0.498726775,0.141797499,0.470087634,-0.750931717,-0.441602358,46949,103901.435048166,0.013577167,1,0.397017000,0.123261000,-0.296463000,0.013681725,-0.426719831,0.903087932,0.046423944,1,0.414929130,-0.055732979,-0.357916559,0.013681725,-0.426719831,0.903087932,0.046423944
6.899409834,103901.461040125,vr_world,46867,103901.458116166,0.002925334,1,0.212360000,-0.573420000,-0.389347000,0.132214835,0.468232895,-0.751714024,-0.445200201,1,0.330141106,-0.467720650,-0.496017891,0.132214835,0.468232895,-0.751714024,-0.445200201,46950,103901.458116166,0.002925334,1,0.395825000,0.122157000,-0.296496000,0.016955285,-0.425149040,0.903663620,0.048506431,1,0.413344107,-0.056494571,-0.359049515,0.016955285,-0.425149040,0.903663620,0.048506431
6.911124750,103901.472755041,vr_world,46867,103901.458116166,0.014639667,1,0.212360000,-0.573420000,-0.389347000,0.132214835,0.468232895,-0.751714024,-0.445200201,1,0.330141106,-0.467720650,-0.496017891,0.132214835,0.468232895,-0.751714024,-0.445200201,46950,103901.458116166,0.014639667,1,0.395825000,0.122157000,-0.296496000,0.016955285,-0.425149040,0.903663620,0.048506431,1,0.413344107,-0.056494571,-0.359049515,0.016955285,-0.425149040,0.903663620,0.048506431
6.923535542,103901.485165833,vr_world,46868,103901.481567208,0.003599167,1,0.214854000,-0.574915000,-0.389255000,0.128651699,0.462938304,-0.758372994,-0.440462562,1,0.335044525,-0.472320890,-0.496269715,0.128651699,0.462938304,-0.758372994,-0.440462562,46951,103901.481567208,0.003599167,1,0.395573000,0.121746000,-0.296700000,0.018068177,-0.424334425,0.904028024,0.048447581,1,0.412877477,-0.056886329,-0.359367870,0.018068177,-0.424334425,0.904028024,0.048447581
6.935912209,103901.497542500,vr_world,46868,103901.481567208,0.015975708,1,0.214854000,-0.574915000,-0.389255000,0.128651699,0.462938304,-0.758372994,-0.440462562,1,0.335044525,-0.472320890,-0.496269715,0.128651699,0.462938304,-0.758372994,-0.440462562,46951,103901.481567208,0.015975708,1,0.395573000,0.121746000,-0.296700000,0.018068177,-0.424334425,0.904028024,0.048447581,1,0.412877477,-0.056886329,-0.359367870,0.018068177,-0.424334425,0.904028024,0.048447581
6.948342417,103901.509972708,vr_world,46869,103901.504447708,0.005527000,1,0.220434000,-0.579250000,-0.389984000,0.130169839,0.451457771,-0.762540341,-0.444717800,1,0.341102724,-0.479359013,-0.498999063,0.130169839,0.451457771,-0.762540341,-0.444717800,46952,103901.504447708,0.005527000,1,0.395020000,0.120850000,-0.296992000,0.020752324,-0.422549179,0.904787506,0.048796536,1,0.411862856,-0.057670249,-0.360103323,0.020752324,-0.422549179,0.904787506,0.048796536
6.960418167,103901.522048458,vr_world,46869,103901.504447708,0.017601375,1,0.220434000,-0.579250000,-0.389984000,0.130169839,0.451457771,-0.762540341,-0.444717800,1,0.341102724,-0.479359013,-0.498999063,0.130169839,0.451457771,-0.762540341,-0.444717800,46952,103901.504447708,0.017601375,1,0.395020000,0.120850000,-0.296992000,0.020752324,-0.422549179,0.904787506,0.048796536,1,0.411862856,-0.057670249,-0.360103323,0.020752324,-0.422549179,0.904787506,0.048796536
6.972855042,103901.534485333,vr_world,46870,103901.527453208,0.007032583,1,0.225932000,-0.583669000,-0.390907000,0.134049506,0.439505261,-0.765015828,-0.451239004,1,0.346046840,-0.485906291,-0.502434220,0.134049506,0.439505261,-0.765015828,-0.451239004,46953,103901.527453208,0.007032583,1,0.394608000,0.119905000,-0.297149000,0.021505261,-0.422109579,0.904948570,0.049286028,1,0.411331960,-0.058535422,-0.360517326,0.021505261,-0.422109579,0.904948570,0.049286028
6.985289375,103901.546919666,vr_world,46870,103901.527453208,0.019466917,1,0.225932000,-0.583669000,-0.390907000,0.134049506,0.439505261,-0.765015828,-0.451239004,1,0.346046840,-0.485906291,-0.502434220,0.134049506,0.439505261,-0.765015828,-0.451239004,46953,103901.527453208,0.019466917,1,0.394608000,0.119905000,-0.297149000,0.021505261,-0.422109579,0.904948570,0.049286028,1,0.411331960,-0.058535422,-0.360517326,0.021505261,-0.422109579,0.904948570,0.049286028
6.997371334,103901.559001625,vr_world,46871,103901.550753250,0.008250416,1,0.228681000,-0.585817000,-0.391961000,0.137384121,0.430691936,-0.767736135,-0.454104929,1,0.348443730,-0.490068470,-0.505594455,0.137384121,0.430691936,-0.767736135,-0.454104929,46954,103901.550753250,0.008250416,1,0.394781000,0.119696000,-0.297010000,0.019914918,-0.423532070,0.904294663,0.049750824,1,0.411897766,-0.058720090,-0.360341951,0.019914918,-0.423532070,0.904294663,0.049750824
7.009775459,103901.571405750,vr_world,46871,103901.550753250,0.020653166,1,0.228681000,-0.585817000,-0.391961000,0.137384121,0.430691936,-0.767736135,-0.454104929,1,0.348443730,-0.490068470,-0.505594455,0.137384121,0.430691936,-0.767736135,-0.454104929,46954,103901.550753250,0.020653166,1,0.394781000,0.119696000,-0.297010000,0.019914918,-0.423532070,0.904294663,0.049750824,1,0.411897766,-0.058720090,-0.360341951,0.019914918,-0.423532070,0.904294663,0.049750824
7.022194084,103901.583824375,vr_world,46872,103901.573782750,0.010042333,1,0.233380000,-0.589687000,-0.393699000,0.137946378,0.416067974,-0.773496035,-0.457779555,1,0.353957308,-0.497763187,-0.509606660,0.137946378,0.416067974,-0.773496035,-0.457779555,46955,103901.573782750,0.010042333,1,0.394904000,0.119525000,-0.297070000,0.019299658,-0.423867259,0.904163995,0.049513033,1,0.412102737,-0.058938086,-0.360247112,0.019299658,-0.423867259,0.904163995,0.049513033
7.034249167,103901.595879458,vr_world,46872,103901.573782750,0.022097208,1,0.233380000,-0.589687000,-0.393699000,0.137946378,0.416067974,-0.773496035,-0.457779555,1,0.353957308,-0.497763187,-0.509606660,0.137946378,0.416067974,-0.773496035,-0.457779555,46955,103901.573782750,0.022097208,1,0.394904000,0.119525000,-0.297070000,0.019299658,-0.423867259,0.904163995,0.049513033,1,0.412102737,-0.058938086,-0.360247112,0.019299658,-0.423867259,0.904163995,0.049513033
7.045358167,103901.606988458,vr_world,46873,103901.596936416,0.010052375,1,0.237425000,-0.593558000,-0.396504000,0.132604604,0.403022326,-0.778292896,-0.462870600,1,0.359988976,-0.504835925,-0.512822151,0.132604604,0.403022326,-0.778292896,-0.462870600,46956,103901.596936416,0.010052375,1,0.394979000,0.119051000,-0.297096000,0.018893412,-0.423274232,0.904463198,0.049277650,1,0.411908396,-0.059483302,-0.360144774,0.018893412,-0.423274232,0.904463198,0.049277650
7.057777625,103901.619407916,vr_world,46873,103901.596936416,0.022471834,1,0.237425000,-0.593558000,-0.396504000,0.132604604,0.403022326,-0.778292896,-0.462870600,1,0.359988976,-0.504835925,-0.512822151,0.132604604,0.403022326,-0.778292896,-0.462870600,46956,103901.596936416,0.022471834,1,0.394979000,0.119051000,-0.297096000,0.018893412,-0.423274232,0.904463198,0.049277650,1,0.411908396,-0.059483302,-0.360144774,0.018893412,-0.423274232,0.904463198,0.049277650
7.070209000,103901.631839291,vr_world,46874,103901.619949458,0.011890417,1,0.238280000,-0.597002000,-0.397124000,0.125320022,0.407545533,-0.769934971,-0.474764859,1,0.360917876,-0.503985627,-0.509957171,0.125320022,0.407545533,-0.769934971,-0.474764859,46957,103901.619949458,0.011890417,1,0.395140000,0.118575000,-0.297073000,0.017969092,-0.422629109,0.904793084,0.049104197,1,0.411725407,-0.060051558,-0.359951426,0.017969092,-0.422629109,0.904793084,0.049104197
7.082636417,103901.644266708,vr_world,46875,103901.642908166,0.001359000,1,0.241922000,-0.600172000,-0.401672000,0.111326744,0.397142262,-0.773221676,-0.481676883,1,0.368422760,-0.509533940,-0.512151566,0.111326744,0.397142262,-0.773221676,-0.481676883,46958,103901.642908166,0.001359000,1,0.395566000,0.118321000,-0.297004000,0.016550988,-0.422054506,0.905077278,0.049306998,1,0.411772725,-0.060376936,-0.359778574,0.016550988,-0.422054506,0.905077278,0.049306998
7.095067209,103901.656697500,vr_world,46875,103901.642908166,0.013790834,1,0.241922000,-0.600172000,-0.401672000,0.111326744,0.397142262,-0.773221676,-0.481676883,1,0.368422760,-0.509533940,-0.512151566,0.111326744,0.397142262,-0.773221676,-0.481676883,46958,103901.642908166,0.013790834,1,0.395566000,0.118321000,-0.297004000,0.016550988,-0.422054506,0.905077278,0.049306998,1,0.411772725,-0.060376936,-0.359778574,0.016550988,-0.422054506,0.905077278,0.049306998
7.107503834,103901.669134125,vr_world,46876,103901.666806833,0.002329417,1,0.245432000,-0.603633000,-0.403715000,0.104384328,0.392284135,-0.770031856,-0.492207283,1,0.372877799,-0.512166801,-0.512411488,0.104384328,0.392284135,-0.770031856,-0.492207283,46959,103901.666806833,0.002329417,1,0.395858000,0.118129000,-0.296978000,0.015669056,-0.421760442,0.905239904,0.049125613,1,0.411866867,-0.060645866,-0.359583459,0.015669056,-0.421760442,0.905239904,0.049125613
7.119920750,103901.681551041,vr_world,46876,103901.666806833,0.014744792,1,0.245432000,-0.603633000,-0.403715000,0.104384328,0.392284135,-0.770031856,-0.492207283,1,0.372877799,-0.512166801,-0.512411488,0.104384328,0.392284135,-0.770031856,-0.492207283,46959,103901.666806833,0.014744792,1,0.395858000,0.118129000,-0.296978000,0.015669056,-0.421760442,0.905239904,0.049125613,1,0.411866867,-0.060645866,-0.359583459,0.015669056,-0.421760442,0.905239904,0.049125613
7.132345709,103901.693976000,vr_world,46877,103901.690606375,0.003370041,1,0.247510000,-0.605008000,-0.404065000,0.104787158,0.389561149,-0.770528522,-0.493505379,1,0.374903289,-0.514041662,-0.513241639,0.104787158,0.389561149,-0.770528522,-0.493505379,46960,103901.690606375,0.003370041,1,0.396049000,0.117910000,-0.296979000,0.015242500,-0.421320878,0.905473270,0.048729274,1,0.411855063,-0.060948166,-0.359397946,0.015242500,-0.421320878,0.905473270,0.048729274
7.144792542,103901.706422833,vr_world,46877,103901.690606375,0.015818166,1,0.247510000,-0.605008000,-0.404065000,0.104787158,0.389561149,-0.770528522,-0.493505379,1,0.374903289,-0.514041662,-0.513241639,0.104787158,0.389561149,-0.770528522,-0.493505379,46960,103901.690606375,0.015818166,1,0.396049000,0.117910000,-0.296979000,0.015242500,-0.421320878,0.905473270,0.048729274,1,0.411855063,-0.060948166,-0.359397946,0.015242500,-0.421320878,0.905473270,0.048729274
7.157207667,103901.718837958,vr_world,46878,103901.713218250,0.005620416,1,0.250638000,-0.607136000,-0.405089000,0.110186034,0.384576648,-0.769680137,-0.497546306,1,0.376437406,-0.516291341,-0.516198045,0.110186034,0.384576648,-0.769680137,-0.497546306,46961,103901.713218250,0.005620416,1,0.396320000,0.117814000,-0.296941000,0.014801333,-0.421063742,0.905609052,0.048564291,1,0.411986099,-0.061094997,-0.359249928,0.014801333,-0.421063742,0.905609052,0.048564291
7.167558542,103901.729188833,vr_world,46878,103901.713218250,0.015971041,1,0.250638000,-0.607136000,-0.405089000,0.110186034,0.384576648,-0.769680137,-0.497546306,1,0.376437406,-0.516291341,-0.516198045,0.110186034,0.384576648,-0.769680137,-0.497546306,46961,103901.713218250,0.015971041,1,0.396320000,0.117814000,-0.296941000,0.014801333,-0.421063742,0.905609052,0.048564291,1,0.411986099,-0.061094997,-0.359249928,0.014801333,-0.421063742,0.905609052,0.048564291
7.179988709,103901.741619000,vr_world,46879,103901.736420333,0.005201833,1,0.254463000,-0.607499000,-0.408471000,0.115397481,0.383761265,-0.766439927,-0.501976644,1,0.378317536,-0.515320534,-0.520661310,0.115397481,0.383761265,-0.766439927,-0.501976644,46962,103901.736420333,0.005201833,1,0.396522000,0.117794000,-0.296831000,0.014705775,-0.421199243,0.905538520,0.048733225,1,0.412226581,-0.061095718,-0.359185416,0.014705775,-0.421199243,0.905538520,0.048733225
7.191249167,103901.752879458,vr_world,46879,103901.736420333,0.016460000,1,0.254463000,-0.607499000,-0.408471000,0.115397481,0.383761265,-0.766439927,-0.501976644,1,0.378317536,-0.515320534,-0.520661310,0.115397481,0.383761265,-0.766439927,-0.501976644,46962,103901.736420333,0.016460000,1,0.396522000,0.117794000,-0.296831000,0.014705775,-0.421199243,0.905538520,0.048733225,1,0.412226581,-0.061095718,-0.359185416,0.014705775,-0.421199243,0.905538520,0.048733225
7.203653167,103901.765283458,vr_world,46880,103901.759070958,0.006214708,1,0.255652000,-0.607064000,-0.410754000,0.121631159,0.383027913,-0.765504882,-0.502491548,1,0.377744759,-0.514545072,-0.524583027,0.121631159,0.383027913,-0.765504882,-0.502491548,46963,103901.759070958,0.006214708,1,0.396630000,0.117615000,-0.296651000,0.014996723,-0.421491908,0.905392639,0.048824581,1,0.412476938,-0.061238877,-0.359072253,0.014996723,-0.421491908,0.905392639,0.048824581
7.216063792,103901.777694083,vr_world,46880,103901.759070958,0.018623417,1,0.255652000,-0.607064000,-0.410754000,0.121631159,0.383027913,-0.765504882,-0.502491548,1,0.377744759,-0.514545072,-0.524583027,0.121631159,0.383027913,-0.765504882,-0.502491548,46963,103901.759070958,0.018623417,1,0.396630000,0.117615000,-0.296651000,0.014996723,-0.421491908,0.905392639,0.048824581,1,0.412476938,-0.061238877,-0.359072253,0.014996723,-0.421491908,0.905392639,0.048824581
7.228503584,103901.790133875,vr_world,46881,103901.782295666,0.007844167,1,0.257913000,-0.608276000,-0.414475000,0.125148292,0.380225491,-0.761774209,-0.509378578,1,0.378323323,-0.514458531,-0.529031015,0.125148292,0.380225491,-0.761774209,-0.509378578,46964,103901.782295666,0.007844167,1,0.396834000,0.117527000,-0.296397000,0.016072901,-0.421392177,0.905426404,0.048716756,1,0.412750889,-0.061287280,-0.358913284,0.016072901,-0.421392177,0.905426404,0.048716756
7.240893125,103901.802523416,vr_world,46881,103901.782295666,0.020230917,1,0.257913000,-0.608276000,-0.414475000,0.125148292,0.380225491,-0.761774209,-0.509378578,1,0.378323323,-0.514458531,-0.529031015,0.125148292,0.380225491,-0.761774209,-0.509378578,46964,103901.782295666,0.020230917,1,0.396834000,0.117527000,-0.296397000,0.016072901,-0.421392177,0.905426404,0.048716756,1,0.412750889,-0.061287280,-0.358913284,0.016072901,-0.421392177,0.905426404,0.048716756
7.251547250,103901.813177541,vr_world,46882,103901.805394958,0.007783167,1,0.257388000,-0.612631000,-0.419766000,0.099586023,0.395273018,-0.744447043,-0.528810424,1,0.381122722,-0.510495506,-0.523117356,0.099586023,0.395273018,-0.744447043,-0.528810424,46965,103901.805394958,0.007783167,1,0.397150000,0.117768000,-0.296471000,0.016827997,-0.421609533,0.905345354,0.048083361,1,0.413252964,-0.061072328,-0.358865315,0.016827997,-0.421609533,0.905345354,0.048083361
7.263981500,103901.825611791,vr_world,46882,103901.805394958,0.020217667,1,0.257388000,-0.612631000,-0.419766000,0.099586023,0.395273018,-0.744447043,-0.528810424,1,0.381122722,-0.510495506,-0.523117356,0.099586023,0.395273018,-0.744447043,-0.528810424,46965,103901.805394958,0.020217667,1,0.397150000,0.117768000,-0.296471000,0.016827997,-0.421609533,0.905345354,0.048083361,1,0.413252964,-0.061072328,-0.358865315,0.016827997,-0.421609533,0.905345354,0.048083361
7.274590417,103901.836220708,vr_world,46883,103901.828581291,0.007639917,1,0.260017000,-0.610993000,-0.419786000,0.103992926,0.389115302,-0.743658967,-0.533616055,1,0.382470340,-0.509111774,-0.524899294,0.103992926,0.389115302,-0.743658967,-0.533616055,46966,103901.828581291,0.007639917,1,0.397343000,0.117948000,-0.296441000,0.016905092,-0.421760807,0.905307521,0.047437663,1,0.413538916,-0.060956795,-0.358626318,0.016905092,-0.421760807,0.905307521,0.047437663
7.287010375,103901.848640666,vr_world,46883,103901.828581291,0.020061542,1,0.260017000,-0.610993000,-0.419786000,0.103992926,0.389115302,-0.743658967,-0.533616055,1,0.382470340,-0.509111774,-0.524899294,0.103992926,0.389115302,-0.743658967,-0.533616055,46966,103901.828581291,0.020061542,1,0.397343000,0.117948000,-0.296441000,0.016905092,-0.421760807,0.905307521,0.047437663,1,0.413538916,-0.060956795,-0.358626318,0.016905092,-0.421760807,0.905307521,0.047437663
7.299436709,103901.861067000,vr_world,46884,103901.851998041,0.009070167,1,0.260212000,-0.610362000,-0.422101000,0.099205876,0.392938812,-0.742594588,-0.533207804,1,0.383689806,-0.507771527,-0.525308871,0.099205876,0.392938812,-0.742594588,-0.533207804,46967,103901.851998041,0.009070167,1,0.397781000,0.118280000,-0.296426000,0.016132376,-0.421458559,0.905530429,0.046120185,1,0.413830385,-0.060824816,-0.358070841,0.016132376,-0.421458559,0.905530429,0.046120185
7.311858542,103901.873488833,vr_world,46884,103901.851998041,0.021491250,1,0.260212000,-0.610362000,-0.422101000,0.099205876,0.392938812,-0.742594588,-0.533207804,1,0.383689806,-0.507771527,-0.525308871,0.099205876,0.392938812,-0.742594588,-0.533207804,46967,103901.851998041,0.021491250,1,0.397781000,0.118280000,-0.296426000,0.016132376,-0.421458559,0.905530429,0.046120185,1,0.413830385,-0.060824816,-0.358070841,0.016132376,-0.421458559,0.905530429,0.046120185
7.324257042,103901.885887333,vr_world,46885,103901.874948083,0.010940042,1,0.262211000,-0.610367000,-0.421650000,0.096248366,0.398640311,-0.738797030,-0.534790709,1,0.385727586,-0.505783431,-0.522790207,0.096248366,0.398640311,-0.738797030,-0.534790709,46968,103901.874948083,0.010940042,1,0.398450000,0.118635000,-0.296615000,0.013577815,-0.421130003,0.905817775,0.044264233,1,0.414191119,-0.060818624,-0.357317685,0.013577815,-0.421130003,0.905817775,0.044264233
7.336669834,103901.898300125,vr_world,46886,103901.898019041,0.000281709,1,0.264225000,-0.607608000,-0.420968000,0.104110065,0.401322319,-0.742627337,-0.525933578,1,0.386497050,-0.504018317,-0.524612399,0.104110065,0.401322319,-0.742627337,-0.525933578,46969,103901.898019041,0.000281709,1,0.398983000,0.118707000,-0.296806000,0.011846996,-0.421089133,0.905902555,0.043406818,1,0.414575091,-0.060929397,-0.357004781,0.011846996,-0.421089133,0.905902555,0.043406818
7.349093125,103901.910723416,vr_world,46886,103901.898019041,0.012704792,1,0.264225000,-0.607608000,-0.420968000,0.104110065,0.401322319,-0.742627337,-0.525933578,1,0.386497050,-0.504018317,-0.524612399,0.104110065,0.401322319,-0.742627337,-0.525933578,46969,103901.898019041,0.012704792,1,0.398983000,0.118707000,-0.296806000,0.011846996,-0.421089133,0.905902555,0.043406818,1,0.414575091,-0.060929397,-0.357004781,0.011846996,-0.421089133,0.905902555,0.043406818
7.361338125,103901.922968416,vr_world,46887,103901.921399875,0.001570666,1,0.266815000,-0.606473000,-0.420616000,0.120494326,0.409282417,-0.739030582,-0.521347120,1,0.384267977,-0.500467013,-0.527344589,0.120494326,0.409282417,-0.739030582,-0.521347120,46970,103901.921399875,0.001570666,1,0.399703000,0.118672000,-0.297125000,0.010178701,-0.420625932,0.906169102,0.042752531,1,0.414976035,-0.061134847,-0.356894892,0.010178701,-0.420625932,0.906169102,0.042752531
7.373749167,103901.935379458,vr_world,46887,103901.921399875,0.013980000,1,0.266815000,-0.606473000,-0.420616000,0.120494326,0.409282417,-0.739030582,-0.521347120,1,0.384267977,-0.500467013,-0.527344589,0.120494326,0.409282417,-0.739030582,-0.521347120,46970,103901.921399875,0.013980000,1,0.399703000,0.118672000,-0.297125000,0.010178701,-0.420625932,0.906169102,0.042752531,1,0.414976035,-0.061134847,-0.356894892,0.010178701,-0.420625932,0.906169102,0.042752531
7.386169625,103901.947799916,vr_world,46888,103901.944184625,0.003615708,1,0.265841000,-0.605167000,-0.421086000,0.113122788,0.413425283,-0.740217618,-0.518035374,1,0.385401263,-0.499271783,-0.525560913,0.113122788,0.413425283,-0.740217618,-0.518035374,46971,103901.944184625,0.003615708,1,0.400552000,0.118422000,-0.297624000,0.008241285,-0.420287252,0.906360417,0.042444095,1,0.415518550,-0.061525176,-0.357048137,0.008241285,-0.420287252,0.906360417,0.042444095
7.398581917,103901.960212208,vr_world,46888,103901.944184625,0.016027916,1,0.265841000,-0.605167000,-0.421086000,0.113122788,0.413425283,-0.740217618,-0.518035374,1,0.385401263,-0.499271783,-0.525560913,0.113122788,0.413425283,-0.740217618,-0.518035374,46971,103901.944184625,0.016027916,1,0.400552000,0.118422000,-0.297624000,0.008241285,-0.420287252,0.906360417,0.042444095,1,0.415518550,-0.061525176,-0.357048137,0.008241285,-0.420287252,0.906360417,0.042444095
7.410990292,103901.972620583,vr_world,46889,103901.966934083,0.005686833,1,0.266598000,-0.604468000,-0.420523000,0.105331193,0.412243171,-0.741912221,-0.518196068,1,0.388439775,-0.499449507,-0.523231895,0.105331193,0.412243171,-0.741912221,-0.518196068,46972,103901.966934083,0.005686833,1,0.401136000,0.118144000,-0.297981000,0.007105473,-0.420128971,0.906417576,0.042992302,1,0.415910661,-0.061804519,-0.357449423,0.007105473,-0.420128971,0.906417576,0.042992302
7.423416250,103901.985046541,vr_world,46889,103901.966934083,0.018114083,1,0.266598000,-0.604468000,-0.420523000,0.105331193,0.412243171,-0.741912221,-0.518196068,1,0.388439775,-0.499449507,-0.523231895,0.105331193,0.412243171,-0.741912221,-0.518196068,46972,103901.966934083,0.018114083,1,0.401136000,0.118144000,-0.297981000,0.007105473,-0.420128971,0.906417576,0.042992302,1,0.415910661,-0.061804519,-0.357449423,0.007105473,-0.420128971,0.906417576,0.042992302
7.433728125,103901.995358416,vr_world,46890,103901.989810291,0.005548500,1,0.266266000,-0.602186000,-0.417757000,0.106864992,0.409287827,-0.745784516,-0.514654062,1,0.388487928,-0.498960596,-0.521823128,0.106864992,0.409287827,-0.745784516,-0.514654062,46973,103901.989810291,0.005548500,1,0.401674000,0.117710000,-0.298246000,0.005838245,-0.419839866,0.906522536,0.043786920,1,0.416182088,-0.062223460,-0.357824947,0.005838245,-0.419839866,0.906522536,0.043786920
7.445026417,103902.006656708,vr_world,46890,103901.989810291,0.016848417,1,0.266266000,-0.602186000,-0.417757000,0.106864992,0.409287827,-0.745784516,-0.514654062,1,0.388487928,-0.498960596,-0.521823128,0.106864992,0.409287827,-0.745784516,-0.514654062,46973,103901.989810291,0.016848417,1,0.401674000,0.117710000,-0.298246000,0.005838245,-0.419839866,0.906522536,0.043786920,1,0.416182088,-0.062223460,-0.357824947,0.005838245,-0.419839866,0.906522536,0.043786920
7.457446750,103902.019077041,vr_world,46891,103902.012919250,0.006158708,1,0.266169000,-0.599646000,-0.415492000,0.103735018,0.410115977,-0.751539655,-0.506193716,1,0.390313044,-0.498667141,-0.519487110,0.103735018,0.410115977,-0.751539655,-0.506193716,46974,103902.012919250,0.006158708,1,0.401696000,0.117321000,-0.298232000,0.006124966,-0.419507494,0.906645856,0.044376117,1,0.416073433,-0.062545375,-0.358045260,0.006124966,-0.419507494,0.906645856,0.044376117
7.468550250,103902.030180541,vr_world,46891,103902.012919250,0.017262625,1,0.266169000,-0.599646000,-0.415492000,0.103735018,0.410115977,-0.751539655,-0.506193716,1,0.390313044,-0.498667141,-0.519487110,0.103735018,0.410115977,-0.751539655,-0.506193716,46974,103902.012919250,0.017262625,1,0.401696000,0.117321000,-0.298232000,0.006124966,-0.419507494,0.906645856,0.044376117,1,0.416073433,-0.062545375,-0.358045260,0.006124966,-0.419507494,0.906645856,0.044376117
7.480963834,103902.042594125,vr_world,46892,103902.035465916,0.007129792,1,0.266264000,-0.598831000,-0.413622000,0.104972298,0.413888239,-0.751588538,-0.502784260,1,0.390135769,-0.497473014,-0.517572992,0.104972298,0.413888239,-0.751588538,-0.502784260,46975,103902.035465916,0.007129792,1,0.401745000,0.117073000,-0.298385000,0.007013478,-0.418557256,0.907085584,0.044230970,1,0.415830043,-0.062796988,-0.358256734,0.007013478,-0.418557256,0.907085584,0.044230970
7.491252334,103902.052882625,vr_world,46892,103902.035465916,0.017417917,1,0.266264000,-0.598831000,-0.413622000,0.104972298,0.413888239,-0.751588538,-0.502784260,1,0.390135769,-0.497473014,-0.517572992,0.104972298,0.413888239,-0.751588538,-0.502784260,46975,103902.035465916,0.017417917,1,0.401745000,0.117073000,-0.298385000,0.007013478,-0.418557256,0.907085584,0.044230970,1,0.415830043,-0.062796988,-0.358256734,0.007013478,-0.418557256,0.907085584,0.044230970
7.501366667,103902.062996958,vr_world,46893,103902.059201583,0.003796833,1,0.264705000,-0.596296000,-0.410003000,0.101385527,0.416720148,-0.756237329,-0.494136010,1,0.390412636,-0.496573137,-0.513329367,0.101385527,0.416720148,-0.756237329,-0.494136010,46976,103902.059201583,0.003796833,1,0.401697000,0.116416000,-0.298429000,0.009103499,-0.416665515,0.907933927,0.044305290,1,0.415217026,-0.063403562,-0.358581872,0.009103499,-0.416665515,0.907933927,0.044305290
7.513789084,103902.075419375,vr_world,46893,103902.059201583,0.016220000,1,0.264705000,-0.596296000,-0.410003000,0.101385527,0.416720148,-0.756237329,-0.494136010,1,0.390412636,-0.496573137,-0.513329367,0.101385527,0.416720148,-0.756237329,-0.494136010,46976,103902.059201583,0.016220000,1,0.401697000,0.116416000,-0.298429000,0.009103499,-0.416665515,0.907933927,0.044305290,1,0.415217026,-0.063403562,-0.358581872,0.009103499,-0.416665515,0.907933927,0.044305290
7.526175459,103902.087805750,vr_world,46894,103902.083575791,0.004230209,1,0.263403000,-0.593451000,-0.405595000,0.095584931,0.419612184,-0.759897552,-0.487180508,1,0.391272321,-0.495002615,-0.507481268,0.095584931,0.419612184,-0.759897552,-0.487180508,46977,103902.083575791,0.004230209,1,0.401203000,0.115618000,-0.298353000,0.013383759,-0.414384802,0.908909327,0.044608818,1,0.414206934,-0.064025876,-0.359141176,0.013383759,-0.414384802,0.908909327,0.044608818
7.538590417,103902.100220708,vr_world,46894,103902.083575791,0.016645250,1,0.263403000,-0.593451000,-0.405595000,0.095584931,0.419612184,-0.759897552,-0.487180508,1,0.391272321,-0.495002615,-0.507481268,0.095584931,0.419612184,-0.759897552,-0.487180508,46977,103902.083575791,0.016645250,1,0.401203000,0.115618000,-0.298353000,0.013383759,-0.414384802,0.908909327,0.044608818,1,0.414206934,-0.064025876,-0.359141176,0.013383759,-0.414384802,0.908909327,0.044608818
7.549361084,103902.110991375,vr_world,46895,103902.106243541,0.004748417,1,0.262042000,-0.590938000,-0.401889000,0.092360765,0.423639151,-0.762596564,-0.480047747,1,0.391261610,-0.493236044,-0.502785323,0.092360765,0.423639151,-0.762596564,-0.480047747,46978,103902.106243541,0.004748417,1,0.400758000,0.115284000,-0.298405000,0.016596808,-0.413759301,0.909145504,0.044522345,1,0.413827313,-0.064228492,-0.359566105,0.016596808,-0.413759301,0.909145504,0.044522345
7.561790917,103902.123421208,vr_world,46895,103902.106243541,0.017178292,1,0.262042000,-0.590938000,-0.401889000,0.092360765,0.423639151,-0.762596564,-0.480047747,1,0.391261610,-0.493236044,-0.502785323,0.092360765,0.423639151,-0.762596564,-0.480047747,46978,103902.106243541,0.017178292,1,0.400758000,0.115284000,-0.298405000,0.016596808,-0.413759301,0.909145504,0.044522345,1,0.413827313,-0.064228492,-0.359566105,0.016596808,-0.413759301,0.909145504,0.044522345
7.573374542,103902.135004833,vr_world,46896,103902.129131916,0.005875084,1,0.260369000,-0.586915000,-0.395504000,0.089121354,0.430447257,-0.767818123,-0.466077110,1,0.391500109,-0.490747273,-0.495403180,0.089121354,0.430447257,-0.767818123,-0.466077110,46979,103902.129131916,0.005875084,1,0.400430000,0.114557000,-0.298718000,0.021373740,-0.411757049,0.909967960,0.044244851,1,0.413180823,-0.064805501,-0.360384207,0.021373740,-0.411757049,0.909967960,0.044244851
7.584120084,103902.145750375,vr_world,46896,103902.129131916,0.016619084,1,0.260369000,-0.586915000,-0.395504000,0.089121354,0.430447257,-0.767818123,-0.466077110,1,0.391500109,-0.490747273,-0.495403180,0.089121354,0.430447257,-0.767818123,-0.466077110,46979,103902.129131916,0.016619084,1,0.400430000,0.114557000,-0.298718000,0.021373740,-0.411757049,0.909967960,0.044244851,1,0.413180823,-0.064805501,-0.360384207,0.021373740,-0.411757049,0.909967960,0.044244851
7.595906042,103902.157536333,vr_world,46897,103902.151665875,0.005870916,1,0.258130000,-0.581869000,-0.388352000,0.086257309,0.433243929,-0.776163107,-0.449922445,1,0.391750696,-0.489013291,-0.488085511,0.086257309,0.433243929,-0.776163107,-0.449922445,46980,103902.151665875,0.005870916,1,0.400462000,0.113603000,-0.299157000,0.025035133,-0.409476943,0.910878329,0.044749793,1,0.412652615,-0.065579497,-0.361456635,0.025035133,-0.409476943,0.910878329,0.044749793
7.608028042,103902.169658333,vr_world,46897,103902.151665875,0.017993041,1,0.258130000,-0.581869000,-0.388352000,0.086257309,0.433243929,-0.776163107,-0.449922445,1,0.391750696,-0.489013291,-0.488085511,0.086257309,0.433243929,-0.776163107,-0.449922445,46980,103902.151665875,0.017993041,1,0.400462000,0.113603000,-0.299157000,0.025035133,-0.409476943,0.910878329,0.044749793,1,0.412652615,-0.065579497,-0.361456635,0.025035133,-0.409476943,0.910878329,0.044749793
7.619702459,103902.181332750,vr_world,46898,103902.175076250,0.006256958,1,0.257421000,-0.578140000,-0.383355000,0.085607305,0.435534682,-0.780958619,-0.439413889,1,0.392281177,-0.487162397,-0.483150877,0.085607305,0.435534682,-0.780958619,-0.439413889,46981,103902.175076250,0.006256958,1,0.400721000,0.113063000,-0.299417000,0.025137986,-0.409022739,0.910987989,0.046576444,1,0.412677242,-0.065915132,-0.362346320,0.025137986,-0.409022739,0.910987989,0.046576444
7.632134584,103902.193764875,vr_world,46898,103902.175076250,0.018689125,1,0.257421000,-0.578140000,-0.383355000,0.085607305,0.435534682,-0.780958619,-0.439413889,1,0.392281177,-0.487162397,-0.483150877,0.085607305,0.435534682,-0.780958619,-0.439413889,46981,103902.175076250,0.018689125,1,0.400721000,0.113063000,-0.299417000,0.025137986,-0.409022739,0.910987989,0.046576444,1,0.412677242,-0.065915132,-0.362346320,0.025137986,-0.409022739,0.910987989,0.046576444
7.642696709,103902.204327000,vr_world,46899,103902.198139000,0.006188416,1,0.254765000,-0.572345000,-0.373814000,0.089337632,0.439968811,-0.788469598,-0.420430643,1,0.390603234,-0.484324207,-0.474926528,0.089337632,0.439968811,-0.788469598,-0.420430643,46982,103902.198139000,0.006188416,1,0.401306000,0.112827000,-0.299880000,0.017922829,-0.407261871,0.912419755,0.036148743,1,0.412206925,-0.067714236,-0.358380072,0.017922829,-0.407261871,0.912419755,0.036148743
7.652845084,103902.214475375,vr_world,46899,103902.198139000,0.016336791,1,0.254765000,-0.572345000,-0.373814000,0.089337632,0.439968811,-0.788469598,-0.420430643,1,0.390603234,-0.484324207,-0.474926528,0.089337632,0.439968811,-0.788469598,-0.420430643,46982,103902.198139000,0.016336791,1,0.401306000,0.112827000,-0.299880000,0.017922829,-0.407261871,0.912419755,0.036148743,1,0.412206925,-0.067714236,-0.358380072,0.017922829,-0.407261871,0.912419755,0.036148743
7.664028834,103902.225659125,vr_world,46900,103902.221303166,0.004356542,1,0.251417000,-0.565478000,-0.365951000,0.078128817,0.442475642,-0.799845497,-0.397942679,1,0.392386082,-0.482507712,-0.464272559,0.078128817,0.442475642,-0.799845497,-0.397942679,46983,103902.221303166,0.004356542,1,0.401661000,0.112055000,-0.298692000,0.019231321,-0.407937002,0.911760228,0.043713218,1,0.412690846,-0.067573288,-0.359914800,0.019231321,-0.407937002,0.911760228,0.043713218
7.676429334,103902.238059625,vr_world,46900,103902.221303166,0.016756875,1,0.251417000,-0.565478000,-0.365951000,0.078128817,0.442475642,-0.799845497,-0.397942679,1,0.392386082,-0.482507712,-0.464272559,0.078128817,0.442475642,-0.799845497,-0.397942679,46983,103902.221303166,0.016756875,1,0.401661000,0.112055000,-0.298692000,0.019231321,-0.407937002,0.911760228,0.043713218,1,0.412690846,-0.067573288,-0.359914800,0.019231321,-0.407937002,0.911760228,0.043713218
7.688027084,103902.249657375,vr_world,46901,103902.244667833,0.004989833,1,0.250949000,-0.562148000,-0.360650000,0.076875255,0.447086707,-0.800716126,-0.391225456,1,0.392516316,-0.479177757,-0.458108018,0.076875255,0.447086707,-0.800716126,-0.391225456,46984,103902.244667833,0.004989833,1,0.401522000,0.111102000,-0.298695000,0.019615787,-0.408468713,0.911507421,0.043849206,1,0.412797531,-0.068478965,-0.360011748,0.019615787,-0.408468713,0.911507421,0.043849206
7.700438000,103902.262068291,vr_world,46901,103902.244667833,0.017400875,1,0.250949000,-0.562148000,-0.360650000,0.076875255,0.447086707,-0.800716126,-0.391225456,1,0.392516316,-0.479177757,-0.458108018,0.076875255,0.447086707,-0.800716126,-0.391225456,46984,103902.244667833,0.017400875,1,0.401522000,0.111102000,-0.298695000,0.019615787,-0.408468713,0.911507421,0.043849206,1,0.412797531,-0.068478965,-0.360011748,0.019615787,-0.408468713,0.911507421,0.043849206
7.712872167,103902.274502458,vr_world,46902,103902.267571916,0.006931167,1,0.248930000,-0.555058000,-0.350679000,0.076316850,0.453207223,-0.806263891,-0.372447968,1,0.392166774,-0.474253005,-0.447515014,0.076316850,0.453207223,-0.806263891,-0.372447968,46985,103902.267571916,0.006931167,1,0.401743000,0.110376000,-0.298993000,0.020707943,-0.407738129,0.911873152,0.042522384,1,0.412882237,-0.069318557,-0.360001310,0.020707943,-0.407738129,0.911873152,0.042522384
7.724624334,103902.286254625,vr_world,46902,103902.267571916,0.018683125,1,0.248930000,-0.555058000,-0.350679000,0.076316850,0.453207223,-0.806263891,-0.372447968,1,0.392166774,-0.474253005,-0.447515014,0.076316850,0.453207223,-0.806263891,-0.372447968,46985,103902.267571916,0.018683125,1,0.401743000,0.110376000,-0.298993000,0.020707943,-0.407738129,0.911873152,0.042522384,1,0.412882237,-0.069318557,-0.360001310,0.020707943,-0.407738129,0.911873152,0.042522384
7.737024834,103902.298655125,vr_world,46903,103902.291593458,0.007062292,1,0.246286000,-0.547127000,-0.339776000,0.077162843,0.459841747,-0.812758425,-0.349306749,1,0.391279638,-0.469080395,-0.436259225,0.077162843,0.459841747,-0.812758425,-0.349306749,46986,103902.291593458,0.007062292,1,0.401457000,0.108991000,-0.298818000,0.023137077,-0.408508135,0.911508018,0.041700257,1,0.413175033,-0.070657406,-0.359853504,0.023137077,-0.408508135,0.911508018,0.041700257
7.749431875,103902.311062166,vr_world,46903,103902.291593458,0.019469042,1,0.246286000,-0.547127000,-0.339776000,0.077162843,0.459841747,-0.812758425,-0.349306749,1,0.391279638,-0.469080395,-0.436259225,0.077162843,0.459841747,-0.812758425,-0.349306749,46986,103902.291593458,0.019469042,1,0.401457000,0.108991000,-0.298818000,0.023137077,-0.408508135,0.911508018,0.041700257,1,0.413175033,-0.070657406,-0.359853504,0.023137077,-0.408508135,0.911508018,0.041700257
7.760791375,103902.322421666,vr_world,46904,103902.315338750,0.007083291,1,0.244386000,-0.541812000,-0.334189000,0.074886363,0.461691095,-0.817975984,-0.334886035,1,0.391299367,-0.466307463,-0.429786941,0.074886363,0.461691095,-0.817975984,-0.334886035,46987,103902.315338750,0.007083291,1,0.401149000,0.108301000,-0.298436000,0.025025716,-0.408234249,0.911548205,0.042407323,1,0.412923134,-0.071181141,-0.359948337,0.025025716,-0.408234249,0.911548205,0.042407323
7.773203250,103902.334833541,vr_world,46904,103902.315338750,0.019495291,1,0.244386000,-0.541812000,-0.334189000,0.074886363,0.461691095,-0.817975984,-0.334886035,1,0.391299367,-0.466307463,-0.429786941,0.074886363,0.461691095,-0.817975984,-0.334886035,46987,103902.315338750,0.019495291,1,0.401149000,0.108301000,-0.298436000,0.025025716,-0.408234249,0.911548205,0.042407323,1,0.412923134,-0.071181141,-0.359948337,0.025025716,-0.408234249,0.911548205,0.042407323
7.785619667,103902.347249958,vr_world,46905,103902.338214875,0.009035625,1,0.241783000,-0.533325000,-0.323830000,0.074208698,0.467468738,-0.823417518,-0.312969071,1,0.390633349,-0.460362193,-0.418399783,0.074208698,0.467468738,-0.823417518,-0.312969071,46988,103902.338214875,0.009035625,1,0.400375000,0.107642000,-0.298360000,0.028717088,-0.407123855,0.912023913,0.040470698,1,0.412145629,-0.071904195,-0.359685840,0.028717088,-0.407123855,0.912023913,0.040470698
7.798022875,103902.359653166,vr_world,46905,103902.338214875,0.021438666,1,0.241783000,-0.533325000,-0.323830000,0.074208698,0.467468738,-0.823417518,-0.312969071,1,0.390633349,-0.460362193,-0.418399783,0.074208698,0.467468738,-0.823417518,-0.312969071,46988,103902.338214875,0.021438666,1,0.400375000,0.107642000,-0.298360000,0.028717088,-0.407123855,0.912023913,0.040470698,1,0.412145629,-0.071904195,-0.359685840,0.028717088,-0.407123855,0.912023913,0.040470698
7.810448792,103902.372079083,vr_world,46906,103902.362031333,0.010048250,1,0.238127000,-0.523501000,-0.313424000,0.068864336,0.475320111,-0.828313329,-0.288488343,1,0.389832818,-0.452705591,-0.405058046,0.068864336,0.475320111,-0.828313329,-0.288488343,46989,103902.362031333,0.010048250,1,0.399238000,0.107137000,-0.298170000,0.033502692,-0.405699576,0.912559405,0.038996882,1,0.410979663,-0.072373807,-0.359604676,0.033502692,-0.405699576,0.912559405,0.038996882
7.820817167,103902.382447458,vr_world,46906,103902.362031333,0.020416625,1,0.238127000,-0.523501000,-0.313424000,0.068864336,0.475320111,-0.828313329,-0.288488343,1,0.389832818,-0.452705591,-0.405058046,0.068864336,0.475320111,-0.828313329,-0.288488343,46989,103902.362031333,0.020416625,1,0.399238000,0.107137000,-0.298170000,0.033502692,-0.405699576,0.912559405,0.038996882,1,0.410979663,-0.072373807,-0.359604676,0.033502692,-0.405699576,0.912559405,0.038996882
7.833238875,103902.394869166,vr_world,46907,103902.385232583,0.009637042,1,0.236689000,-0.518438000,-0.307273000,0.070210753,0.481083713,-0.828316776,-0.278424551,1,0.388539680,-0.447434466,-0.398505261,0.070210753,0.481083713,-0.828316776,-0.278424551,46990,103902.385232583,0.009637042,1,0.398035000,0.107136000,-0.298143000,0.036753291,-0.406701908,0.912009424,0.038491102,1,0.410530838,-0.072246747,-0.359802636,0.036753291,-0.406701908,0.912009424,0.038491102
7.844412417,103902.406042708,vr_world,46907,103902.385232583,0.020810458,1,0.236689000,-0.518438000,-0.307273000,0.070210753,0.481083713,-0.828316776,-0.278424551,1,0.388539680,-0.447434466,-0.398505261,0.070210753,0.481083713,-0.828316776,-0.278424551,46990,103902.385232583,0.020810458,1,0.398035000,0.107136000,-0.298143000,0.036753291,-0.406701908,0.912009424,0.038491102,1,0.410530838,-0.072246747,-0.359802636,0.036753291,-0.406701908,0.912009424,0.038491102
7.856826667,103902.418456958,vr_world,46908,103902.408949708,0.009507458,1,0.232758000,-0.507849000,-0.296011000,0.068880051,0.488847553,-0.831888249,-0.253467059,1,0.386557931,-0.438682127,-0.385369390,0.068880051,0.488847553,-0.831888249,-0.253467059,46991,103902.408949708,0.009507458,1,0.396812000,0.106861000,-0.298159000,0.041815763,-0.405704404,0.912313775,0.036591738,1,0.409500697,-0.072511014,-0.359810347,0.041815763,-0.405704404,0.912313775,0.036591738
7.869249292,103902.430879583,vr_world,46908,103902.408949708,0.021930292,1,0.232758000,-0.507849000,-0.296011000,0.068880051,0.488847553,-0.831888249,-0.253467059,1,0.386557931,-0.438682127,-0.385369390,0.068880051,0.488847553,-0.831888249,-0.253467059,46991,103902.408949708,0.021930292,1,0.396812000,0.106861000,-0.298159000,0.041815763,-0.405704404,0.912313775,0.036591738,1,0.409500697,-0.072511014,-0.359810347,0.041815763,-0.405704404,0.912313775,0.036591738
7.881656667,103902.443286958,vr_world,46909,103902.431720958,0.011566417,1,0.228350000,-0.496424000,-0.286302000,0.059793146,0.495816371,-0.837721496,-0.220938003,1,0.386220373,-0.430467995,-0.370860922,0.059793146,0.495816371,-0.837721496,-0.220938003,46992,103902.431720958,0.011566417,1,0.395752000,0.106749000,-0.298218000,0.047113742,-0.402433452,0.913524383,0.036066801,1,0.407720735,-0.072495760,-0.360381373,0.047113742,-0.402433452,0.913524383,0.036066801
7.894063209,103902.455693500,vr_world,46909,103902.431720958,0.023973000,1,0.228350000,-0.496424000,-0.286302000,0.059793146,0.495816371,-0.837721496,-0.220938003,1,0.386220373,-0.430467995,-0.370860922,0.059793146,0.495816371,-0.837721496,-0.220938003,46992,103902.431720958,0.023973000,1,0.395752000,0.106749000,-0.298218000,0.047113742,-0.402433452,0.913524383,0.036066801,1,0.407720735,-0.072495760,-0.360381373,0.047113742,-0.402433452,0.913524383,0.036066801
7.906498875,103902.468129166,vr_world,46910,103902.456501083,0.011628500,1,0.225546000,-0.486227000,-0.276202000,0.056659172,0.504359689,-0.838752293,-0.197245109,1,0.385163786,-0.420926476,-0.357942043,0.056659172,0.504359689,-0.838752293,-0.197245109,46993,103902.456501083,0.011628500,1,0.394543000,0.106852000,-0.298537000,0.052846752,-0.399395512,0.914530232,0.036399181,1,0.405923326,-0.072131251,-0.361558343,0.052846752,-0.399395512,0.914530232,0.036399181
7.917366125,103902.478996416,vr_world,46910,103902.456501083,0.022496083,1,0.225546000,-0.486227000,-0.276202000,0.056659172,0.504359689,-0.838752293,-0.197245109,1,0.385163786,-0.420926476,-0.357942043,0.056659172,0.504359689,-0.838752293,-0.197245109,46993,103902.456501083,0.022496083,1,0.394543000,0.106852000,-0.298537000,0.052846752,-0.399395512,0.914530232,0.036399181,1,0.405923326,-0.072131251,-0.361558343,0.052846752,-0.399395512,0.914530232,0.036399181
7.928030709,103902.489661000,vr_world,46911,103902.480890916,0.008770459,1,0.224113000,-0.480493000,-0.269927000,0.058396967,0.507679600,-0.837779334,-0.192294062,1,0.383487826,-0.414709289,-0.351753606,0.058396967,0.507679600,-0.837779334,-0.192294062,46994,103902.480890916,0.008770459,1,0.393526000,0.108052000,-0.298800000,0.053145394,-0.400366342,0.914224493,0.032801459,1,0.405416081,-0.071313402,-0.360629743,0.053145394,-0.400366342,0.914224493,0.032801459
7.940441667,103902.502071958,vr_world,46911,103902.480890916,0.021181459,1,0.224113000,-0.480493000,-0.269927000,0.058396967,0.507679600,-0.837779334,-0.192294062,1,0.383487826,-0.414709289,-0.351753606,0.058396967,0.507679600,-0.837779334,-0.192294062,46994,103902.480890916,0.021181459,1,0.393526000,0.108052000,-0.298800000,0.053145394,-0.400366342,0.914224493,0.032801459,1,0.405416081,-0.071313402,-0.360629743,0.053145394,-0.400366342,0.914224493,0.032801459
7.952864167,103902.514494458,vr_world,46912,103902.504544416,0.009950334,1,0.220141000,-0.469107000,-0.259744000,0.051954613,0.513715951,-0.839510924,-0.169168696,1,0.381898302,-0.404516924,-0.337757736,0.051954613,0.513715951,-0.839510924,-0.169168696,46995,103902.504544416,0.009950334,1,0.392832000,0.107515000,-0.298846000,0.055431159,-0.398343359,0.914973241,0.032770768,1,0.404171175,-0.071781776,-0.360977275,0.055431159,-0.398343359,0.914973241,0.032770768
7.965277542,103902.526907833,vr_world,46912,103902.504544416,0.022363792,1,0.220141000,-0.469107000,-0.259744000,0.051954613,0.513715951,-0.839510924,-0.169168696,1,0.381898302,-0.404516924,-0.337757736,0.051954613,0.513715951,-0.839510924,-0.169168696,46995,103902.504544416,0.022363792,1,0.392832000,0.107515000,-0.298846000,0.055431159,-0.398343359,0.914973241,0.032770768,1,0.404171175,-0.071781776,-0.360977275,0.055431159,-0.398343359,0.914973241,0.032770768
7.977647125,103902.539277416,vr_world,46913,103902.527569958,0.011708000,1,0.217215000,-0.458562000,-0.249188000,0.044622327,0.521736924,-0.838940992,-0.148247909,1,0.380851128,-0.393752056,-0.322987383,0.044622327,0.521736924,-0.838940992,-0.148247909,46996,103902.527569958,0.011708000,1,0.392074000,0.108603000,-0.299373000,0.058323393,-0.395870383,0.915941148,0.030607761,1,0.402804134,-0.070846517,-0.361170924,0.058323393,-0.395870383,0.915941148,0.030607761
7.989360334,103902.550990625,vr_world,46914,103902.550717208,0.000273833,1,0.215186000,-0.452953000,-0.243282000,0.037876770,0.530120548,-0.835742510,-0.138101456,1,0.379486138,-0.386066119,-0.313674223,0.037876770,0.530120548,-0.835742510,-0.138101456,46997,103902.550717208,0.000273833,1,0.391886000,0.108526000,-0.299508000,0.059015131,-0.395158200,0.916236168,0.029639423,1,0.402432780,-0.071013056,-0.361076688,0.059015131,-0.395158200,0.916236168,0.029639423
8.000031875,103902.561662166,vr_world,46914,103902.550717208,0.010945250,1,0.215186000,-0.452953000,-0.243282000,0.037876770,0.530120548,-0.835742510,-0.138101456,1,0.379486138,-0.386066119,-0.313674223,0.037876770,0.530120548,-0.835742510,-0.138101456,46997,103902.550717208,0.010945250,1,0.391886000,0.108526000,-0.299508000,0.059015131,-0.395158200,0.916236168,0.029639423,1,0.402432780,-0.071013056,-0.361076688,0.059015131,-0.395158200,0.916236168,0.029639423
8.010809584,103902.572439875,vr_world,46914,103902.550717208,0.021723042,1,0.215186000,-0.452953000,-0.243282000,0.037876770,0.530120548,-0.835742510,-0.138101456,1,0.379486138,-0.386066119,-0.313674223,0.037876770,0.530120548,-0.835742510,-0.138101456,46997,103902.550717208,0.021723042,1,0.391886000,0.108526000,-0.299508000,0.059015131,-0.395158200,0.916236168,0.029639423,1,0.402432780,-0.071013056,-0.361076688,0.059015131,-0.395158200,0.916236168,0.029639423
8.023147792,103902.584778083,vr_world,46915,103902.573765125,0.011013333,1,0.212583000,-0.443208000,-0.232219000,0.027345190,0.542643224,-0.831224908,-0.117710337,1,0.378084881,-0.373704547,-0.297040534,0.027345190,0.542643224,-0.831224908,-0.117710337,46998,103902.573765125,0.011013333,1,0.391414000,0.109031000,-0.299836000,0.061194046,-0.394166126,0.916576105,0.027867484,1,0.401850391,-0.070621243,-0.361092712,0.061194046,-0.394166126,0.916576105,0.027867484
8.035408959,103902.597039250,vr_world,46915,103902.573765125,0.023274666,1,0.212583000,-0.443208000,-0.232219000,0.027345190,0.542643224,-0.831224908,-0.117710337,1,0.378084881,-0.373704547,-0.297040534,0.027345190,0.542643224,-0.831224908,-0.117710337,46998,103902.573765125,0.023274666,1,0.391414000,0.109031000,-0.299836000,0.061194046,-0.394166126,0.916576105,0.027867484,1,0.401850391,-0.070621243,-0.361092712,0.061194046,-0.394166126,0.916576105,0.027867484
8.047799167,103902.609429458,vr_world,46916,103902.597607333,0.011822417,1,0.209784000,-0.433655000,-0.221218000,0.014491266,0.551761338,-0.827584762,-0.102239382,1,0.376572121,-0.361982502,-0.280109499,0.014491266,0.551761338,-0.827584762,-0.102239382,46999,103902.597607333,0.011822417,1,0.390848000,0.109824000,-0.299749000,0.062429348,-0.391878178,0.917502117,0.026906034,1,0.400536238,-0.069913954,-0.360877043,0.062429348,-0.391878178,0.917502117,0.026906034
8.057916917,103902.619547208,vr_world,46916,103902.597607333,0.021940208,1,0.209784000,-0.433655000,-0.221218000,0.014491266,0.551761338,-0.827584762,-0.102239382,1,0.376572121,-0.361982502,-0.280109499,0.014491266,0.551761338,-0.827584762,-0.102239382,46999,103902.597607333,0.021940208,1,0.390848000,0.109824000,-0.299749000,0.062429348,-0.391878178,0.917502117,0.026906034,1,0.400536238,-0.069913954,-0.360877043,0.062429348,-0.391878178,0.917502117,0.026906034
8.068607209,103902.630237500,vr_world,46917,103902.620569375,0.009669666,1,0.209040000,-0.428946000,-0.214970000,0.006618472,0.554777312,-0.825757151,-0.101505951,1,0.376262848,-0.355912799,-0.270881700,0.006618472,0.554777312,-0.825757151,-0.101505951,47000,103902.620569375,0.009669666,1,0.390496000,0.110167000,-0.299476000,0.061087172,-0.392378480,0.917352166,0.027793680,1,0.400212810,-0.069527107,-0.360728108,0.061087172,-0.392378480,0.917352166,0.027793680
8.080834500,103902.642464791,vr_world,46917,103902.620569375,0.021896833,1,0.209040000,-0.428946000,-0.214970000,0.006618472,0.554777312,-0.825757151,-0.101505951,1,0.376262848,-0.355912799,-0.270881700,0.006618472,0.554777312,-0.825757151,-0.101505951,47000,103902.620569375,0.021896833,1,0.390496000,0.110167000,-0.299476000,0.061087172,-0.392378480,0.917352166,0.027793680,1,0.400212810,-0.069527107,-0.360728108,0.061087172,-0.392378480,0.917352166,0.027793680
8.093171459,103902.654801750,vr_world,46918,103902.643650791,0.011151500,1,0.207422000,-0.420090000,-0.204029000,0.011883068,-0.567461353,0.818174629,0.091851415,1,0.374981110,-0.342420669,-0.252142120,0.011883068,-0.567461353,0.818174629,0.091851415,47001,103902.643650791,0.011151500,1,0.390524000,0.110655000,-0.299497000,0.061256246,-0.390970508,0.917954346,0.027377969,1,0.399710487,-0.069098660,-0.360656251,0.061256246,-0.390970508,0.917954346,0.027377969
8.105505250,103902.667135541,vr_world,46919,103902.666571750,0.000564125,1,0.206870000,-0.411934000,-0.192659000,0.028112813,-0.584372032,0.806731867,0.083082445,1,0.373173314,-0.327750355,-0.233643842,0.028112813,-0.584372032,0.806731867,0.083082445,47002,103902.666571750,0.000564125,1,0.390623000,0.111480000,-0.299431000,0.063148780,-0.387779077,0.919214022,0.026176345,1,0.398783453,-0.068359992,-0.360482158,0.063148780,-0.387779077,0.919214022,0.026176345
8.117746959,103902.679377250,vr_world,46919,103902.666571750,0.012806166,1,0.206870000,-0.411934000,-0.192659000,0.028112813,-0.584372032,0.806731867,0.083082445,1,0.373173314,-0.327750355,-0.233643842,0.028112813,-0.584372032,0.806731867,0.083082445,47002,103902.666571750,0.012806166,1,0.390623000,0.111480000,-0.299431000,0.063148780,-0.387779077,0.919214022,0.026176345,1,0.398783453,-0.068359992,-0.360482158,0.063148780,-0.387779077,0.919214022,0.026176345
8.130129834,103902.691760125,vr_world,46920,103902.690268541,0.001492084,1,0.206675000,-0.406938000,-0.186755000,0.035777613,-0.590802463,0.802193434,0.078473599,1,0.372520381,-0.320329534,-0.224407865,0.035777613,-0.590802463,0.802193434,0.078473599,47003,103902.690268541,0.001492084,1,0.390534000,0.112117000,-0.299199000,0.065214898,-0.387345267,0.919280052,0.025196176,1,0.398776372,-0.067740828,-0.360186336,0.065214898,-0.387345267,0.919280052,0.025196176
8.141254334,103902.702884625,vr_world,46920,103902.690268541,0.012616709,1,0.206675000,-0.406938000,-0.186755000,0.035777613,-0.590802463,0.802193434,0.078473599,1,0.372520381,-0.320329534,-0.224407865,0.035777613,-0.590802463,0.802193434,0.078473599,47003,103902.690268541,0.012616709,1,0.390534000,0.112117000,-0.299199000,0.065214898,-0.387345267,0.919280052,0.025196176,1,0.398776372,-0.067740828,-0.360186336,0.065214898,-0.387345267,0.919280052,0.025196176
8.153146209,103902.714776500,vr_world,46921,103902.712975750,0.001801500,1,0.206159000,-0.397736000,-0.175957000,0.051961174,-0.599927625,0.795525893,0.067271343,1,0.371717492,-0.307896300,-0.206659773,0.051961174,-0.599927625,0.795525893,0.067271343,47004,103902.712975750,0.001801500,1,0.390694000,0.112431000,-0.298886000,0.065704436,-0.387345341,0.919233859,0.025605195,1,0.398983969,-0.067357013,-0.360072360,0.065704436,-0.387345341,0.919233859,0.025605195
8.164591125,103902.726221416,vr_world,46921,103902.712975750,0.013246166,1,0.206159000,-0.397736000,-0.175957000,0.051961174,-0.599927625,0.795525893,0.067271343,1,0.371717492,-0.307896300,-0.206659773,0.051961174,-0.599927625,0.795525893,0.067271343,47004,103902.712975750,0.013246166,1,0.390694000,0.112431000,-0.298886000,0.065704436,-0.387345341,0.919233859,0.025605195,1,0.398983969,-0.067357013,-0.360072360,0.065704436,-0.387345341,0.919233859,0.025605195
8.175812000,103902.737442291,vr_world,46922,103902.736127666,0.001315042,1,0.206558000,-0.389287000,-0.165494000,0.070767757,-0.613039573,0.784793113,0.057220416,1,0.370525909,-0.294297685,-0.188187291,0.070767757,-0.613039573,0.784793113,0.057220416,47005,103902.736127666,0.001315042,1,0.390820000,0.112669000,-0.298708000,0.065699964,-0.388162427,0.918862733,0.026546608,1,0.399414167,-0.067002322,-0.360194301,0.065699964,-0.388162427,0.918862733,0.026546608
8.186714000,103902.748344291,vr_world,46922,103902.736127666,0.012217750,1,0.206558000,-0.389287000,-0.165494000,0.070767757,-0.613039573,0.784793113,0.057220416,1,0.370525909,-0.294297685,-0.188187291,0.070767757,-0.613039573,0.784793113,0.057220416,47005,103902.736127666,0.012217750,1,0.390820000,0.112669000,-0.298708000,0.065699964,-0.388162427,0.918862733,0.026546608,1,0.399414167,-0.067002322,-0.360194301,0.065699964,-0.388162427,0.918862733,0.026546608
8.199067417,103902.760697708,vr_world,46923,103902.759681875,0.001016458,1,0.207326000,-0.384451000,-0.159974000,0.081387849,-0.620795220,0.777937946,0.052932645,1,0.369968810,-0.286276054,-0.178205323,0.081387849,-0.620795220,0.777937946,0.052932645,47006,103902.759681875,0.001016458,1,0.391359000,0.112866000,-0.298912000,0.065347161,-0.388162137,0.918874941,0.026995300,1,0.399903880,-0.066770973,-0.360505746,0.065347161,-0.388162137,0.918874941,0.026995300
8.211456042,103902.773086333,vr_world,46923,103902.759681875,0.013405000,1,0.207326000,-0.384451000,-0.159974000,0.081387849,-0.620795220,0.777937946,0.052932645,1,0.369968810,-0.286276054,-0.178205323,0.081387849,-0.620795220,0.777937946,0.052932645,47006,103902.759681875,0.013405000,1,0.391359000,0.112866000,-0.298912000,0.065347161,-0.388162137,0.918874941,0.026995300,1,0.399903880,-0.066770973,-0.360505746,0.065347161,-0.388162137,0.918874941,0.026995300
8.223219167,103902.784849458,vr_world,46924,103902.782844833,0.002005125,1,0.207651000,-0.375246000,-0.150345000,0.099634872,-0.621862483,0.775529171,0.043754414,1,0.370759131,-0.276748416,-0.161180816,0.099634872,-0.621862483,0.775529171,0.043754414,47007,103902.782844833,0.002005125,1,0.392387000,0.113437000,-0.299151000,0.063976411,-0.387194827,0.919370649,0.027290942,1,0.400387246,-0.066242816,-0.360692737,0.063976411,-0.387194827,0.919370649,0.027290942
8.234699042,103902.796329333,vr_world,46924,103902.782844833,0.013485458,1,0.207651000,-0.375246000,-0.150345000,0.099634872,-0.621862483,0.775529171,0.043754414,1,0.370759131,-0.276748416,-0.161180816,0.099634872,-0.621862483,0.775529171,0.043754414,47007,103902.782844833,0.013485458,1,0.392387000,0.113437000,-0.299151000,0.063976411,-0.387194827,0.919370649,0.027290942,1,0.400387246,-0.066242816,-0.360692737,0.063976411,-0.387194827,0.919370649,0.027290942
8.245211834,103902.806842125,vr_world,46925,103902.805832291,0.001010292,1,0.209164000,-0.367117000,-0.140121000,0.111945147,-0.631125200,0.766697023,0.036399748,1,0.370235097,-0.264898452,-0.145677509,0.111945147,-0.631125200,0.766697023,0.036399748,47008,103902.805832291,0.001010292,1,0.392660000,0.114091000,-0.299439000,0.062909614,-0.387480696,0.919329626,0.027094818,1,0.400656450,-0.065659092,-0.360775658,0.062909614,-0.387480696,0.919329626,0.027094818
8.257190542,103902.818820833,vr_world,46925,103902.805832291,0.012989167,1,0.209164000,-0.367117000,-0.140121000,0.111945147,-0.631125200,0.766697023,0.036399748,1,0.370235097,-0.264898452,-0.145677509,0.111945147,-0.631125200,0.766697023,0.036399748,47008,103902.805832291,0.012989167,1,0.392660000,0.114091000,-0.299439000,0.062909614,-0.387480696,0.919329626,0.027094818,1,0.400656450,-0.065659092,-0.360775658,0.062909614,-0.387480696,0.919329626,0.027094818
8.269365875,103902.830996166,vr_world,46926,103902.829461375,0.001535208,1,0.211351000,-0.358755000,-0.131389000,0.129319911,-0.643112648,0.754178252,0.029960760,1,0.369199314,-0.251495498,-0.129735411,0.129319911,-0.643112648,0.754178252,0.029960760,47009,103902.829461375,0.001535208,1,0.393464000,0.114823000,-0.300221000,0.061116101,-0.388095273,0.919232447,0.025662988,1,0.401531597,-0.065167808,-0.360838256,0.061116101,-0.388095273,0.919232447,0.025662988
8.281021375,103902.842651666,vr_world,46926,103902.829461375,0.013190666,1,0.211351000,-0.358755000,-0.131389000,0.129319911,-0.643112648,0.754178252,0.029960760,1,0.369199314,-0.251495498,-0.129735411,0.129319911,-0.643112648,0.754178252,0.029960760,47009,103902.829461375,0.013190666,1,0.393464000,0.114823000,-0.300221000,0.061116101,-0.388095273,0.919232447,0.025662988,1,0.401531597,-0.065167808,-0.360838256,0.061116101,-0.388095273,0.919232447,0.025662988
8.293388417,103902.855018708,vr_world,46927,103902.852327875,0.002691250,1,0.212168000,-0.354083000,-0.127920000,0.139677096,-0.646262996,0.749729019,0.027218494,1,0.368952546,-0.245417020,-0.122110384,0.139677096,-0.646262996,0.749729019,0.027218494,47010,103902.852327875,0.002691250,1,0.394399000,0.115251000,-0.301146000,0.057384911,-0.388931206,0.919148356,0.024612785,1,0.402405992,-0.065022894,-0.360924363,0.057384911,-0.388931206,0.919148356,0.024612785
8.305804250,103902.867434541,vr_world,46927,103902.852327875,0.015107166,1,0.212168000,-0.354083000,-0.127920000,0.139677096,-0.646262996,0.749729019,0.027218494,1,0.368952546,-0.245417020,-0.122110384,0.139677096,-0.646262996,0.749729019,0.027218494,47010,103902.852327875,0.015107166,1,0.394399000,0.115251000,-0.301146000,0.057384911,-0.388931206,0.919148356,0.024612785,1,0.402405992,-0.065022894,-0.360924363,0.057384911,-0.388931206,0.919148356,0.024612785
8.317364625,103902.878994916,vr_world,46928,103902.875208083,0.003787500,1,0.214760000,-0.345470000,-0.119919000,0.158714003,-0.650928469,0.741952491,0.024667685,1,0.369536885,-0.234610787,-0.106585078,0.158714003,-0.650928469,0.741952491,0.024667685,47011,103902.875208083,0.003787500,1,0.394624000,0.115781000,-0.302027000,0.053514261,-0.391712527,0.918243588,0.022939761,1,0.403350135,-0.064820950,-0.360704229,0.053514261,-0.391712527,0.918243588,0.022939761
8.329724792,103902.891355083,vr_world,46928,103902.875208083,0.016147583,1,0.214760000,-0.345470000,-0.119919000,0.158714003,-0.650928469,0.741952491,0.024667685,1,0.369536885,-0.234610787,-0.106585078,0.158714003,-0.650928469,0.741952491,0.024667685,47011,103902.875208083,0.016147583,1,0.394624000,0.115781000,-0.302027000,0.053514261,-0.391712527,0.918243588,0.022939761,1,0.403350135,-0.064820950,-0.360704229,0.053514261,-0.391712527,0.918243588,0.022939761
8.340879584,103902.902509875,vr_world,46929,103902.898438000,0.004072291,1,0.216828000,-0.341275000,-0.116493000,0.167630222,-0.655569333,0.735826404,0.026238524,1,0.369733571,-0.228312732,-0.099674553,0.167630222,-0.655569333,0.735826404,0.026238524,47012,103902.898438000,0.004072291,1,0.394607000,0.116112000,-0.302355000,0.052890675,-0.392930440,0.917742631,0.023594677,1,0.403734852,-0.064429928,-0.361155574,0.052890675,-0.392930440,0.917742631,0.023594677
8.350933334,103902.912563625,vr_world,46929,103902.898438000,0.014126208,1,0.216828000,-0.341275000,-0.116493000,0.167630222,-0.655569333,0.735826404,0.026238524,1,0.369733571,-0.228312732,-0.099674553,0.167630222,-0.655569333,0.735826404,0.026238524,47012,103902.898438000,0.014126208,1,0.394607000,0.116112000,-0.302355000,0.052890675,-0.392930440,0.917742631,0.023594677,1,0.403734852,-0.064429928,-0.361155574,0.052890675,-0.392930440,0.917742631,0.023594677
8.362698584,103902.924328875,vr_world,46930,103902.921412750,0.002916708,1,0.220973000,-0.333011000,-0.109038000,0.182793791,-0.667174232,0.721630352,0.026732186,1,0.369293074,-0.215113635,-0.086130201,0.182793791,-0.667174232,0.721630352,0.026732186,47013,103902.921412750,0.002916708,1,0.395108000,0.116858000,-0.303402000,0.050679424,-0.393568471,0.917664243,0.020683124,1,0.404321017,-0.064090104,-0.360926987,0.050679424,-0.393568471,0.917664243,0.020683124
8.374838000,103902.936468291,vr_world,46930,103902.921412750,0.015055958,1,0.220973000,-0.333011000,-0.109038000,0.182793791,-0.667174232,0.721630352,0.026732186,1,0.369293074,-0.215113635,-0.086130201,0.182793791,-0.667174232,0.721630352,0.026732186,47013,103902.921412750,0.015055958,1,0.395108000,0.116858000,-0.303402000,0.050679424,-0.393568471,0.917664243,0.020683124,1,0.404321017,-0.064090104,-0.360926987,0.050679424,-0.393568471,0.917664243,0.020683124
8.386709792,103902.948340083,vr_world,46931,103902.944730416,0.003610375,1,0.223914000,-0.324540000,-0.103487000,0.199347148,-0.674514358,0.710329932,0.026879058,1,0.368527158,-0.203532944,-0.074029225,0.199347148,-0.674514358,0.710329932,0.026879058,47014,103902.944730416,0.003610375,1,0.395222000,0.117000000,-0.303626000,0.048803328,-0.394845324,0.917181253,0.022225080,1,0.404707381,-0.063848676,-0.361418557,0.048803328,-0.394845324,0.917181253,0.022225080
8.399077334,103902.960707625,vr_world,46931,103902.944730416,0.015977667,1,0.223914000,-0.324540000,-0.103487000,0.199347148,-0.674514358,0.710329932,0.026879058,1,0.368527158,-0.203532944,-0.074029225,0.199347148,-0.674514358,0.710329932,0.026879058,47014,103902.944730416,0.015977667,1,0.395222000,0.117000000,-0.303626000,0.048803328,-0.394845324,0.917181253,0.022225080,1,0.404707381,-0.063848676,-0.361418557,0.048803328,-0.394845324,0.917181253,0.022225080
8.411483042,103902.973113333,vr_world,46932,103902.968201625,0.004912250,1,0.227642000,-0.315280000,-0.099076300,0.219221505,-0.679755994,0.699534147,0.022928105,1,0.368616638,-0.192164097,-0.061765493,0.219221505,-0.679755994,0.699534147,0.022928105,47015,103902.968201625,0.004912250,1,0.394611000,0.117443000,-0.304239000,0.045565750,-0.397667931,0.916177863,0.020052509,1,0.404935850,-0.063734710,-0.360845135,0.045565750,-0.397667931,0.916177863,0.020052509
8.423897709,103902.985528000,vr_world,46932,103902.968201625,0.017326791,1,0.227642000,-0.315280000,-0.099076300,0.219221505,-0.679755994,0.699534147,0.022928105,1,0.368616638,-0.192164097,-0.061765493,0.219221505,-0.679755994,0.699534147,0.022928105,47015,103902.968201625,0.017326791,1,0.394611000,0.117443000,-0.304239000,0.045565750,-0.397667931,0.916177863,0.020052509,1,0.404935850,-0.063734710,-0.360845135,0.045565750,-0.397667931,0.916177863,0.020052509
8.436310167,103902.997940458,vr_world,46933,103902.991611375,0.006329500,1,0.230133000,-0.309967000,-0.096829700,0.222273251,-0.682227900,0.696238647,0.020283990,1,0.369929496,-0.185900727,-0.058255736,0.222273251,-0.682227900,0.696238647,0.020283990,47016,103902.991611375,0.006329500,1,0.394117000,0.117456000,-0.304428000,0.047355426,-0.397983945,0.915938304,0.020573422,1,0.404741542,-0.063579910,-0.361430929,0.047355426,-0.397983945,0.915938304,0.020573422
8.448717500,103903.010347791,vr_world,46933,103902.991611375,0.018737000,1,0.230133000,-0.309967000,-0.096829700,0.222273251,-0.682227900,0.696238647,0.020283990,1,0.369929496,-0.185900727,-0.058255736,0.222273251,-0.682227900,0.696238647,0.020283990,47016,103902.991611375,0.018737000,1,0.394117000,0.117456000,-0.304428000,0.047355426,-0.397983945,0.915938304,0.020573422,1,0.404741542,-0.063579910,-0.361430929,0.047355426,-0.397983945,0.915938304,0.020573422
8.459912542,103903.021542833,vr_world,46934,103903.015242916,0.006303334,1,0.234620000,-0.300392000,-0.093075700,0.234046238,-0.686716951,0.688005169,0.017060921,1,0.371462784,-0.174576798,-0.049855190,0.234046238,-0.686716951,0.688005169,0.017060921,47017,103903.015242916,0.006303334,1,0.393492000,0.117820000,-0.305518000,0.047070949,-0.397995714,0.916029805,0.016526746,1,0.404191468,-0.063650819,-0.361106665,0.047070949,-0.397995714,0.916029805,0.016526746
8.472034334,103903.033664625,vr_world,46934,103903.015242916,0.018422667,1,0.234620000,-0.300392000,-0.093075700,0.234046238,-0.686716951,0.688005169,0.017060921,1,0.371462784,-0.174576798,-0.049855190,0.234046238,-0.686716951,0.688005169,0.017060921,47017,103903.015242916,0.018422667,1,0.393492000,0.117820000,-0.305518000,0.047070949,-0.397995714,0.916029805,0.016526746,1,0.404191468,-0.063650819,-0.361106665,0.047070949,-0.397995714,0.916029805,0.016526746
8.484415917,103903.046046208,vr_world,46935,103903.038915958,0.007130917,1,0.238736000,-0.290376000,-0.089691900,0.241602614,-0.689825866,0.682363802,0.012169374,1,0.373492249,-0.163380085,-0.043472422,0.241602614,-0.689825866,0.682363802,0.012169374,47018,103903.038915958,0.007130917,1,0.393063000,0.117722000,-0.305467000,0.047656060,-0.397972915,0.915980103,0.018080672,1,0.403776144,-0.063561999,-0.361658897,0.047656060,-0.397972915,0.915980103,0.018080672
8.496052375,103903.057682666,vr_world,46935,103903.038915958,0.018767333,1,0.238736000,-0.290376000,-0.089691900,0.241602614,-0.689825866,0.682363802,0.012169374,1,0.373492249,-0.163380085,-0.043472422,0.241602614,-0.689825866,0.682363802,0.012169374,47018,103903.038915958,0.018767333,1,0.393063000,0.117722000,-0.305467000,0.047656060,-0.397972915,0.915980103,0.018080672,1,0.403776144,-0.063561999,-0.361658897,0.047656060,-0.397972915,0.915980103,0.018080672
8.507916625,103903.069546916,vr_world,46936,103903.062503625,0.007043666,1,0.241160000,-0.285191000,-0.089400700,0.240002958,-0.684335056,0.688481139,0.008822319,1,0.378151084,-0.160378439,-0.043807924,0.240002958,-0.684335056,0.688481139,0.008822319,47019,103903.062503625,0.007043666,1,0.392038000,0.117843000,-0.306446000,0.045876596,-0.399069165,0.915669069,0.013758438,1,0.403111394,-0.063941948,-0.360923735,0.045876596,-0.399069165,0.915669069,0.013758438
8.520030834,103903.081661125,vr_world,46936,103903.062503625,0.019157833,1,0.241160000,-0.285191000,-0.089400700,0.240002958,-0.684335056,0.688481139,0.008822319,1,0.378151084,-0.160378439,-0.043807924,0.240002958,-0.684335056,0.688481139,0.008822319,47019,103903.062503625,0.019157833,1,0.392038000,0.117843000,-0.306446000,0.045876596,-0.399069165,0.915669069,0.013758438,1,0.403111394,-0.063941948,-0.360923735,0.045876596,-0.399069165,0.915669069,0.013758438
8.530804584,103903.092434875,vr_world,46937,103903.086187125,0.006248416,1,0.246221000,-0.276748000,-0.088254100,0.246746371,-0.687508498,0.682914010,0.008760618,1,0.381159457,-0.150687585,-0.040048005,0.246746371,-0.687508498,0.682914010,0.008760618,47020,103903.086187125,0.006248416,1,0.392154000,0.117943000,-0.306150000,0.046970618,-0.398231863,0.915920129,0.017189019,1,0.402921209,-0.063459358,-0.361948379,0.046970618,-0.398231863,0.915920129,0.017189019
8.541251625,103903.102881916,vr_world,46937,103903.086187125,0.016695375,1,0.246221000,-0.276748000,-0.088254100,0.246746371,-0.687508498,0.682914010,0.008760618,1,0.381159457,-0.150687585,-0.040048005,0.246746371,-0.687508498,0.682914010,0.008760618,47020,103903.086187125,0.016695375,1,0.392154000,0.117943000,-0.306150000,0.046970618,-0.398231863,0.915920129,0.017189019,1,0.402921209,-0.063459358,-0.361948379,0.046970618,-0.398231863,0.915920129,0.017189019
8.553655584,103903.115285875,vr_world,46938,103903.110119875,0.005166541,1,0.251090000,-0.268201000,-0.090109100,0.259033769,-0.689341587,0.676476303,0.009460114,1,0.383614310,-0.141466957,-0.037201365,0.259033769,-0.689341587,0.676476303,0.009460114,47021,103903.110119875,0.005166541,1,0.390067000,0.117652000,-0.307366000,0.045345477,-0.400249399,0.915222268,0.010602176,1,0.401635713,-0.064447151,-0.360679149,0.045345477,-0.400249399,0.915222268,0.010602176
8.566068084,103903.127698375,vr_world,46938,103903.110119875,0.017579000,1,0.251090000,-0.268201000,-0.090109100,0.259033769,-0.689341587,0.676476303,0.009460114,1,0.383614310,-0.141466957,-0.037201365,0.259033769,-0.689341587,0.676476303,0.009460114,47021,103903.110119875,0.017579000,1,0.390067000,0.117652000,-0.307366000,0.045345477,-0.400249399,0.915222268,0.010602176,1,0.401635713,-0.064447151,-0.360679149,0.045345477,-0.400249399,0.915222268,0.010602176
8.577867625,103903.139497916,vr_world,46939,103903.133643458,0.005854875,1,0.254015000,-0.264428000,-0.091448500,0.262948667,-0.690828802,0.673404223,0.011845555,1,0.385403583,-0.137140728,-0.037057076,0.262948667,-0.690828802,0.673404223,0.011845555,47022,103903.133643458,0.005854875,1,0.390013000,0.117655000,-0.307436000,0.047596292,-0.401649478,0.914434076,0.014920128,1,0.402266317,-0.063882126,-0.362484658,0.047596292,-0.401649478,0.914434076,0.014920128
8.588619375,103903.150249666,vr_world,46939,103903.133643458,0.016606750,1,0.254015000,-0.264428000,-0.091448500,0.262948667,-0.690828802,0.673404223,0.011845555,1,0.385403583,-0.137140728,-0.037057076,0.262948667,-0.690828802,0.673404223,0.011845555,47022,103903.133643458,0.016606750,1,0.390013000,0.117655000,-0.307436000,0.047596292,-0.401649478,0.914434076,0.014920128,1,0.402266317,-0.063882126,-0.362484658,0.047596292,-0.401649478,0.914434076,0.014920128
8.601024417,103903.162654708,vr_world,46940,103903.156506666,0.006148834,1,0.259053000,-0.257825000,-0.094028600,0.271984463,-0.692985602,0.667513383,0.014875855,1,0.388230931,-0.129792917,-0.036198992,0.271984463,-0.692985602,0.667513383,0.014875855,47023,103903.156506666,0.006148834,1,0.389022000,0.118235000,-0.308999000,0.043473983,-0.402082132,0.914546783,0.006644793,1,0.401234530,-0.064288602,-0.360692568,0.043473983,-0.402082132,0.914546783,0.006644793
8.613373584,103903.175003875,vr_world,46940,103903.156506666,0.018497750,1,0.259053000,-0.257825000,-0.094028600,0.271984463,-0.692985602,0.667513383,0.014875855,1,0.388230931,-0.129792917,-0.036198992,0.271984463,-0.692985602,0.667513383,0.014875855,47023,103903.156506666,0.018497750,1,0.389022000,0.118235000,-0.308999000,0.043473983,-0.402082132,0.914546783,0.006644793,1,0.401234530,-0.064288602,-0.360692568,0.043473983,-0.402082132,0.914546783,0.006644793
8.624585334,103903.186215625,vr_world,46941,103903.179715458,0.006500958,1,0.264226000,-0.252164000,-0.096482000,0.277216182,-0.696056087,0.661885635,0.023759581,1,0.391400460,-0.123042885,-0.036667023,0.277216182,-0.696056087,0.661885635,0.023759581,47024,103903.179715458,0.006500958,1,0.387752000,0.117621000,-0.309243000,0.044362619,-0.406994219,0.912290722,0.010644388,1,0.401924168,-0.064355765,-0.362345252,0.044362619,-0.406994219,0.912290722,0.010644388
8.636984125,103903.198614416,vr_world,46941,103903.179715458,0.018899625,1,0.264226000,-0.252164000,-0.096482000,0.277216182,-0.696056087,0.661885635,0.023759581,1,0.391400460,-0.123042885,-0.036667023,0.277216182,-0.696056087,0.661885635,0.023759581,47024,103903.179715458,0.018899625,1,0.387752000,0.117621000,-0.309243000,0.044362619,-0.406994219,0.912290722,0.010644388,1,0.401924168,-0.064355765,-0.362345252,0.044362619,-0.406994219,0.912290722,0.010644388
8.649405542,103903.211035833,vr_world,46942,103903.203410666,0.007625667,1,0.265272000,-0.249134000,-0.100435000,0.281326003,-0.696142734,0.659813859,0.029776588,1,0.391761918,-0.120066591,-0.039072873,0.281326003,-0.696142734,0.659813859,0.029776588,47025,103903.203410666,0.007625667,1,0.387165000,0.118544000,-0.309956000,0.041282464,-0.410793942,0.910768873,0.006645019,1,0.402661085,-0.063843396,-0.361248392,0.041282464,-0.410793942,0.910768873,0.006645019
8.661812834,103903.223443125,vr_world,46942,103903.203410666,0.020032917,1,0.265272000,-0.249134000,-0.100435000,0.281326003,-0.696142734,0.659813859,0.029776588,1,0.391761918,-0.120066591,-0.039072873,0.281326003,-0.696142734,0.659813859,0.029776588,47025,103903.203410666,0.020032917,1,0.387165000,0.118544000,-0.309956000,0.041282464,-0.410793942,0.910768873,0.006645019,1,0.402661085,-0.063843396,-0.361248392,0.041282464,-0.410793942,0.910768873,0.006645019
8.674208875,103903.235839166,vr_world,46943,103903.226110208,0.009729458,1,0.268488000,-0.243280000,-0.105884000,0.294393334,-0.694442640,0.655743973,0.032891131,1,0.393448830,-0.115159733,-0.039601145,0.294393334,-0.694442640,0.655743973,0.032891131,47026,103903.226110208,0.009729458,1,0.386623000,0.117437000,-0.311310000,0.038243967,-0.412514273,0.910144667,0.002461586,1,0.402627425,-0.065414176,-0.360762332,0.038243967,-0.412514273,0.910144667,0.002461586
8.686605917,103903.248236208,vr_world,46943,103903.226110208,0.022126458,1,0.268488000,-0.243280000,-0.105884000,0.294393334,-0.694442640,0.655743973,0.032891131,1,0.393448830,-0.115159733,-0.039601145,0.294393334,-0.694442640,0.655743973,0.032891131,47026,103903.226110208,0.022126458,1,0.386623000,0.117437000,-0.311310000,0.038243967,-0.412514273,0.910144667,0.002461586,1,0.402627425,-0.065414176,-0.360762332,0.038243967,-0.412514273,0.910144667,0.002461586
8.699021917,103903.260652208,vr_world,46944,103903.249237083,0.011415583,1,0.271631000,-0.238465000,-0.111320000,0.304531589,-0.692728840,0.652670080,0.037537066,1,0.395487390,-0.111294037,-0.041244613,0.304531589,-0.692728840,0.652670080,0.037537066,47027,103903.249237083,0.011415583,1,0.385502000,0.117738000,-0.312167000,0.035726320,-0.418551645,0.907479542,0.004362441,1,0.403651655,-0.064838857,-0.361891075,0.035726320,-0.418551645,0.907479542,0.004362441
8.711440292,103903.273070583,vr_world,46945,103903.272712625,0.000358500,1,0.273321000,-0.236791000,-0.113350000,0.301863012,-0.696467405,0.649801044,0.039629277,1,0.396159227,-0.108135086,-0.044198959,0.301863012,-0.696467405,0.649801044,0.039629277,47028,103903.272712625,0.000358500,1,0.384961000,0.118539000,-0.312080000,0.033644231,-0.422563369,0.905693055,0.005324899,1,0.404508226,-0.063884157,-0.361838659,0.033644231,-0.422563369,0.905693055,0.005324899
8.723841750,103903.285472041,vr_world,46945,103903.272712625,0.012759791,1,0.273321000,-0.236791000,-0.113350000,0.301863012,-0.696467405,0.649801044,0.039629277,1,0.396159227,-0.108135086,-0.044198959,0.301863012,-0.696467405,0.649801044,0.039629277,47028,103903.272712625,0.012759791,1,0.384961000,0.118539000,-0.312080000,0.033644231,-0.422563369,0.905693055,0.005324899,1,0.404508226,-0.063884157,-0.361838659,0.033644231,-0.422563369,0.905693055,0.005324899
8.736246167,103903.297876458,vr_world,46946,103903.295264458,0.002612625,1,0.275718000,-0.232406000,-0.117976000,0.303520073,-0.696908529,0.648300936,0.043588571,1,0.398090857,-0.103654095,-0.048181471,0.303520073,-0.696908529,0.648300936,0.043588571,47029,103903.295264458,0.002612625,1,0.384699000,0.117783000,-0.313381000,0.028377966,-0.423676521,0.905368628,0.000737848,1,0.404344825,-0.065224422,-0.360905500,0.028377966,-0.423676521,0.905368628,0.000737848
8.748662542,103903.310292833,vr_world,46946,103903.295264458,0.015028750,1,0.275718000,-0.232406000,-0.117976000,0.303520073,-0.696908529,0.648300936,0.043588571,1,0.398090857,-0.103654095,-0.048181471,0.303520073,-0.696908529,0.648300936,0.043588571,47029,103903.295264458,0.015028750,1,0.384699000,0.117783000,-0.313381000,0.028377966,-0.423676521,0.905368628,0.000737848,1,0.404344825,-0.065224422,-0.360905500,0.028377966,-0.423676521,0.905368628,0.000737848
8.761076625,103903.322706916,vr_world,46947,103903.318962958,0.003744625,1,0.277368000,-0.229563000,-0.123736000,0.304952675,-0.695002072,0.649048758,0.052073943,1,0.400288690,-0.101612805,-0.053431652,0.304952675,-0.695002072,0.649048758,0.052073943,47030,103903.318962958,0.003744625,1,0.384422000,0.118251000,-0.314277000,0.024495319,-0.424338446,0.905171961,0.000764440,1,0.403986058,-0.064884416,-0.361339238,0.024495319,-0.424338446,0.905171961,0.000764440
8.773474042,103903.335104333,vr_world,46947,103903.318962958,0.016141833,1,0.277368000,-0.229563000,-0.123736000,0.304952675,-0.695002072,0.649048758,0.052073943,1,0.400288690,-0.101612805,-0.053431652,0.304952675,-0.695002072,0.649048758,0.052073943,47030,103903.318962958,0.016141833,1,0.384422000,0.118251000,-0.314277000,0.024495319,-0.424338446,0.905171961,0.000764440,1,0.403986058,-0.064884416,-0.361339238,0.024495319,-0.424338446,0.905171961,0.000764440
8.785883959,103903.347514250,vr_world,46948,103903.341934875,0.005579875,1,0.278473000,-0.228251000,-0.127726000,0.315096066,-0.693145812,0.645860555,0.055924024,1,0.400280690,-0.101379984,-0.053630981,0.315096066,-0.693145812,0.645860555,0.055924024,47031,103903.341934875,0.005579875,1,0.383574000,0.118193000,-0.314543000,0.023642489,-0.428946466,0.903018264,0.001994201,1,0.404893597,-0.064672980,-0.361890076,0.023642489,-0.428946466,0.903018264,0.001994201
8.798292500,103903.359922791,vr_world,46948,103903.341934875,0.017988375,1,0.278473000,-0.228251000,-0.127726000,0.315096066,-0.693145812,0.645860555,0.055924024,1,0.400280690,-0.101379984,-0.053630981,0.315096066,-0.693145812,0.645860555,0.055924024,47031,103903.341934875,0.017988375,1,0.383574000,0.118193000,-0.314543000,0.023642489,-0.428946466,0.903018264,0.001994201,1,0.404893597,-0.064672980,-0.361890076,0.023642489,-0.428946466,0.903018264,0.001994201
8.810713959,103903.372344250,vr_world,46949,103903.365023416,0.007321250,1,0.280578000,-0.225783000,-0.132611000,0.320141858,-0.696848195,0.639312199,0.056495094,1,0.399873874,-0.097726173,-0.056496713,0.320141858,-0.696848195,0.639312199,0.056495094,47032,103903.365023416,0.007321250,1,0.383216000,0.118127000,-0.315663000,0.019726298,-0.431692536,0.901804962,-0.000488021,1,0.405387536,-0.064982543,-0.361658070,0.019726298,-0.431692536,0.901804962,-0.000488021
8.822849625,103903.384479916,vr_world,46949,103903.365023416,0.019456875,1,0.280578000,-0.225783000,-0.132611000,0.320141858,-0.696848195,0.639312199,0.056495094,1,0.399873874,-0.097726173,-0.056496713,0.320141858,-0.696848195,0.639312199,0.056495094,47032,103903.365023416,0.019456875,1,0.383216000,0.118127000,-0.315663000,0.019726298,-0.431692536,0.901804962,-0.000488021,1,0.405387536,-0.064982543,-0.361658070,0.019726298,-0.431692536,0.901804962,-0.000488021
8.834300292,103903.395930583,vr_world,46950,103903.388058833,0.007872208,1,0.280552000,-0.223548000,-0.137419000,0.320747521,-0.695307650,0.640779891,0.055402443,1,0.400368751,-0.096083453,-0.061128865,0.320747521,-0.695307650,0.640779891,0.055402443,47033,103903.388058833,0.007872208,1,0.383091000,0.118792000,-0.316461000,0.015839812,-0.432226967,0.901625141,-0.001026563,1,0.405164364,-0.064491957,-0.361804154,0.015839812,-0.432226967,0.901625141,-0.001026563
8.846718709,103903.408349000,vr_world,46950,103903.388058833,0.020290667,1,0.280552000,-0.223548000,-0.137419000,0.320747521,-0.695307650,0.640779891,0.055402443,1,0.400368751,-0.096083453,-0.061128865,0.320747521,-0.695307650,0.640779891,0.055402443,47033,103903.388058833,0.020290667,1,0.383091000,0.118792000,-0.316461000,0.015839812,-0.432226967,0.901625141,-0.001026563,1,0.405164364,-0.064491957,-0.361804154,0.015839812,-0.432226967,0.901625141,-0.001026563
8.858700709,103903.420331000,vr_world,46951,103903.411571541,0.008759875,1,0.280451000,-0.221220000,-0.139502000,0.324903038,-0.690525578,0.644447119,0.047961987,1,0.401365769,-0.095652484,-0.061810875,0.324903038,-0.690525578,0.644447119,0.047961987,47034,103903.411571541,0.008759875,1,0.383548000,0.119043000,-0.316491000,0.014376256,-0.426832716,0.904212971,-0.002461461,1,0.403351005,-0.064657984,-0.361190329,0.014376256,-0.426832716,0.904212971,-0.002461461
8.869368125,103903.430998416,vr_world,46951,103903.411571541,0.019427292,1,0.280451000,-0.221220000,-0.139502000,0.324903038,-0.690525578,0.644447119,0.047961987,1,0.401365769,-0.095652484,-0.061810875,0.324903038,-0.690525578,0.644447119,0.047961987,47034,103903.411571541,0.019427292,1,0.383548000,0.119043000,-0.316491000,0.014376256,-0.426832716,0.904212971,-0.002461461,1,0.403351005,-0.064657984,-0.361190329,0.014376256,-0.426832716,0.904212971,-0.002461461
8.880038042,103903.441668333,vr_world,46952,103903.434206958,0.007461750,1,0.279083000,-0.218431000,-0.143392000,0.322968703,-0.683629777,0.653729636,0.031290697,1,0.402953730,-0.095235110,-0.066565960,0.322968703,-0.683629777,0.653729636,0.031290697,47035,103903.434206958,0.007461750,1,0.383298000,0.119634000,-0.317104000,0.013591935,-0.424685444,0.905233545,-0.003124600,1,0.402184090,-0.064239626,-0.361488972,0.013591935,-0.424685444,0.905233545,-0.003124600
8.891016250,103903.452646541,vr_world,46952,103903.434206958,0.018439833,1,0.279083000,-0.218431000,-0.143392000,0.322968703,-0.683629777,0.653729636,0.031290697,1,0.402953730,-0.095235110,-0.066565960,0.322968703,-0.683629777,0.653729636,0.031290697,47035,103903.434206958,0.018439833,1,0.383298000,0.119634000,-0.317104000,0.013591935,-0.424685444,0.905233545,-0.003124600,1,0.402184090,-0.064239626,-0.361488972,0.013591935,-0.424685444,0.905233545,-0.003124600
8.901374084,103903.463004375,vr_world,46953,103903.457323541,0.005681292,1,0.280031000,-0.217599000,-0.146263000,0.323441961,-0.683760043,0.653855664,0.018173403,1,0.403528412,-0.094177899,-0.069197483,0.323441961,-0.683760043,0.653855664,0.018173403,47036,103903.457323541,0.005681292,1,0.383285000,0.119785000,-0.317269000,0.013498857,-0.424158498,0.905484487,-0.002278773,1,0.401921019,-0.064044574,-0.361940601,0.013498857,-0.424158498,0.905484487,-0.002278773
8.913737625,103903.475367916,vr_world,46953,103903.457323541,0.018044917,1,0.280031000,-0.217599000,-0.146263000,0.323441961,-0.683760043,0.653855664,0.018173403,1,0.403528412,-0.094177899,-0.069197483,0.323441961,-0.683760043,0.653855664,0.018173403,47036,103903.457323541,0.018044917,1,0.383285000,0.119785000,-0.317269000,0.013498857,-0.424158498,0.905484487,-0.002278773,1,0.401921019,-0.064044574,-0.361940601,0.013498857,-0.424158498,0.905484487,-0.002278773
8.925367084,103903.486997375,vr_world,46954,103903.480940000,0.006057833,1,0.280519000,-0.218073000,-0.147633000,0.319687553,-0.689582087,0.649553738,0.018877381,1,0.402481084,-0.092325281,-0.071895335,0.319687553,-0.689582087,0.649553738,0.018877381,47037,103903.480940000,0.006057833,1,0.383076000,0.120200000,-0.317151000,0.014642771,-0.425710412,0.904738454,-0.002136289,1,0.402434311,-0.063511196,-0.362002732,0.014642771,-0.425710412,0.904738454,-0.002136289
8.937141209,103903.498771500,vr_world,46954,103903.480940000,0.017831916,1,0.280519000,-0.218073000,-0.147633000,0.319687553,-0.689582087,0.649553738,0.018877381,1,0.402481084,-0.092325281,-0.071895335,0.319687553,-0.689582087,0.649553738,0.018877381,47037,103903.480940000,0.017831916,1,0.383076000,0.120200000,-0.317151000,0.014642771,-0.425710412,0.904738454,-0.002136289,1,0.402434311,-0.063511196,-0.362002732,0.014642771,-0.425710412,0.904738454,-0.002136289
8.949532125,103903.511162416,vr_world,46955,103903.504397166,0.006765625,1,0.282304000,-0.217900000,-0.151153000,0.324680006,-0.696735919,0.639540654,0.011388819,1,0.400160322,-0.089438474,-0.073493780,0.324680006,-0.696735919,0.639540654,0.011388819,47038,103903.504397166,0.006765625,1,0.383040000,0.121202000,-0.318136000,0.015621034,-0.423861609,0.905562395,-0.007353205,1,0.401899269,-0.062965642,-0.361296764,0.015621034,-0.423861609,0.905562395,-0.007353205
8.961239334,103903.522869625,vr_world,46955,103903.504397166,0.018473125,1,0.282304000,-0.217900000,-0.151153000,0.324680006,-0.696735919,0.639540654,0.011388819,1,0.400160322,-0.089438474,-0.073493780,0.324680006,-0.696735919,0.639540654,0.011388819,47038,103903.504397166,0.018473125,1,0.383040000,0.121202000,-0.318136000,0.015621034,-0.423861609,0.905562395,-0.007353205,1,0.401899269,-0.062965642,-0.361296764,0.015621034,-0.423861609,0.905562395,-0.007353205
8.973374625,103903.535004916,vr_world,46956,103903.527814916,0.007190500,1,0.284831000,-0.219242000,-0.152410000,0.319932676,-0.703569201,0.634319345,0.016505486,1,0.400905166,-0.088168484,-0.076449825,0.319932676,-0.703569201,0.634319345,0.016505486,47039,103903.527814916,0.007190500,1,0.383193000,0.121831000,-0.317992000,0.015830766,-0.423860219,0.905576931,-0.004724732,1,0.401984450,-0.062119766,-0.362096537,0.015830766,-0.423860219,0.905576931,-0.004724732
8.984053209,103903.545683500,vr_world,46956,103903.527814916,0.017869084,1,0.284831000,-0.219242000,-0.152410000,0.319932676,-0.703569201,0.634319345,0.016505486,1,0.400905166,-0.088168484,-0.076449825,0.319932676,-0.703569201,0.634319345,0.016505486,47039,103903.527814916,0.017869084,1,0.383193000,0.121831000,-0.317992000,0.015830766,-0.423860219,0.905576931,-0.004724732,1,0.401984450,-0.062119766,-0.362096537,0.015830766,-0.423860219,0.905576931,-0.004724732
8.996109084,103903.557739375,vr_world,46957,103903.551974666,0.005765209,1,0.286658000,-0.220035000,-0.153392000,0.320493023,-0.706559764,0.630267210,0.028649024,1,0.401505464,-0.088067249,-0.077116037,0.320493023,-0.706559764,0.630267210,0.028649024,47040,103903.551974666,0.005765209,1,0.383248000,0.124602000,-0.318978000,0.011218368,-0.423983747,0.905519272,-0.012115257,1,0.401949786,-0.060084687,-0.359932900,0.011218368,-0.423983747,0.905519272,-0.012115257
9.008040959,103903.569671250,vr_world,46957,103903.551974666,0.017697084,1,0.286658000,-0.220035000,-0.153392000,0.320493023,-0.706559764,0.630267210,0.028649024,1,0.401505464,-0.088067249,-0.077116037,0.320493023,-0.706559764,0.630267210,0.028649024,47040,103903.551974666,0.017697084,1,0.383248000,0.124602000,-0.318978000,0.011218368,-0.423983747,0.905519272,-0.012115257,1,0.401949786,-0.060084687,-0.359932900,0.011218368,-0.423983747,0.905519272,-0.012115257
9.020400584,103903.582030875,vr_world,46958,103903.575736958,0.006294417,1,0.286159000,-0.220008000,-0.152383000,0.304259597,-0.708014399,0.636741068,0.026505102,1,0.403609542,-0.086967572,-0.082175634,0.304259597,-0.708014399,0.636741068,0.026505102,47041,103903.575736958,0.006294417,1,0.384040000,0.123746000,-0.318067000,0.010881191,-0.421925086,0.906524928,-0.008566044,1,0.401759993,-0.060764669,-0.360234145,0.010881191,-0.421925086,0.906524928,-0.008566044
9.032778542,103903.594408833,vr_world,46958,103903.575736958,0.018672417,1,0.286159000,-0.220008000,-0.152383000,0.304259597,-0.708014399,0.636741068,0.026505102,1,0.403609542,-0.086967572,-0.082175634,0.304259597,-0.708014399,0.636741068,0.026505102,47041,103903.575736958,0.018672417,1,0.384040000,0.123746000,-0.318067000,0.010881191,-0.421925086,0.906524928,-0.008566044,1,0.401759993,-0.060764669,-0.360234145,0.010881191,-0.421925086,0.906524928,-0.008566044
9.044660625,103903.606290916,vr_world,46959,103903.598688875,0.007602583,1,0.287114000,-0.220090000,-0.154796000,0.303365390,-0.709643397,0.635770718,0.013087559,1,0.403889783,-0.086245825,-0.084992041,0.303365390,-0.709643397,0.635770718,0.013087559,47042,103903.598688875,0.007602583,1,0.384222000,0.124775000,-0.317947000,0.013249518,-0.421403930,0.906708501,-0.011084812,1,0.402005413,-0.059862356,-0.359528727,0.013249518,-0.421403930,0.906708501,-0.011084812
9.056050875,103903.617681166,vr_world,46959,103903.598688875,0.018994666,1,0.287114000,-0.220090000,-0.154796000,0.303365390,-0.709643397,0.635770718,0.013087559,1,0.403889783,-0.086245825,-0.084992041,0.303365390,-0.709643397,0.635770718,0.013087559,47042,103903.598688875,0.018994666,1,0.384222000,0.124775000,-0.317947000,0.013249518,-0.421403930,0.906708501,-0.011084812,1,0.402005413,-0.059862356,-0.359528727,0.013249518,-0.421403930,0.906708501,-0.011084812
9.068461250,103903.630091541,vr_world,46960,103903.622920833,0.007171250,1,0.287013000,-0.221105000,-0.155927000,0.294692947,-0.708626357,0.641069674,0.005867336,1,0.405798017,-0.087355889,-0.089408134,0.294692947,-0.708626357,0.641069674,0.005867336,47043,103903.622920833,0.007171250,1,0.384799000,0.125446000,-0.317311000,0.015413942,-0.417696317,0.908374133,-0.012191464,1,0.401288040,-0.059332188,-0.358800102,0.015413942,-0.417696317,0.908374133,-0.012191464
9.078483750,103903.640114041,vr_world,46960,103903.622920833,0.017193625,1,0.287013000,-0.221105000,-0.155927000,0.294692947,-0.708626357,0.641069674,0.005867336,1,0.405798017,-0.087355889,-0.089408134,0.294692947,-0.708626357,0.641069674,0.005867336,47043,103903.622920833,0.017193625,1,0.384799000,0.125446000,-0.317311000,0.015413942,-0.417696317,0.908374133,-0.012191464,1,0.401288040,-0.059332188,-0.358800102,0.015413942,-0.417696317,0.908374133,-0.012191464
9.090897542,103903.652527833,vr_world,46961,103903.646938958,0.005589333,1,0.287352000,-0.222145000,-0.156049000,0.293396635,-0.708058790,0.642301037,0.004532464,1,0.406604034,-0.088568231,-0.090021603,0.293396635,-0.708058790,0.642301037,0.004532464,47044,103903.646938958,0.005589333,1,0.385268000,0.125782000,-0.316867000,0.018542449,-0.415739552,0.909211054,-0.012331328,1,0.401226911,-0.058962335,-0.358712464,0.018542449,-0.415739552,0.909211054,-0.012331328
9.102267709,103903.663898000,vr_world,46961,103903.646938958,0.016959292,1,0.287352000,-0.222145000,-0.156049000,0.293396635,-0.708058790,0.642301037,0.004532464,1,0.406604034,-0.088568231,-0.090021603,0.293396635,-0.708058790,0.642301037,0.004532464,47044,103903.646938958,0.016959292,1,0.385268000,0.125782000,-0.316867000,0.018542449,-0.415739552,0.909211054,-0.012331328,1,0.401226911,-0.058962335,-0.358712464,0.018542449,-0.415739552,0.909211054,-0.012331328
9.114657292,103903.676287583,vr_world,46962,103903.670066833,0.006221083,1,0.289204000,-0.225010000,-0.155612000,0.285021066,-0.716385760,0.636825644,0.002744681,1,0.406410821,-0.088142371,-0.092737245,0.285021066,-0.716385760,0.636825644,0.002744681,47045,103903.670066833,0.006221083,1,0.385920000,0.126295000,-0.316470000,0.020791150,-0.411143142,0.911245806,-0.012654112,1,0.400214234,-0.058537752,-0.358526790,0.020791150,-0.411143142,0.911245806,-0.012654112
9.127080667,103903.688710958,vr_world,46962,103903.670066833,0.018645625,1,0.289204000,-0.225010000,-0.155612000,0.285021066,-0.716385760,0.636825644,0.002744681,1,0.406410821,-0.088142371,-0.092737245,0.285021066,-0.716385760,0.636825644,0.002744681,47045,103903.670066833,0.018645625,1,0.385920000,0.126295000,-0.316470000,0.020791150,-0.411143142,0.911245806,-0.012654112,1,0.400214234,-0.058537752,-0.358526790,0.020791150,-0.411143142,0.911245806,-0.012654112
9.139515709,103903.701146000,vr_world,46963,103903.694070000,0.007078708,1,0.287978000,-0.227027000,-0.155322000,0.272672188,-0.721867819,0.636044166,-0.002132662,1,0.404941261,-0.087892312,-0.097144901,0.272672188,-0.721867819,0.636044166,-0.002132662,47046,103903.694070000,0.007078708,1,0.386338000,0.126986000,-0.315865000,0.026262233,-0.408527486,0.912284322,-0.012365448,1,0.400035787,-0.057704169,-0.358738627,0.026262233,-0.408527486,0.912284322,-0.012365448
9.151927375,103903.713557666,vr_world,46963,103903.694070000,0.019488166,1,0.287978000,-0.227027000,-0.155322000,0.272672188,-0.721867819,0.636044166,-0.002132662,1,0.404941261,-0.087892312,-0.097144901,0.272672188,-0.721867819,0.636044166,-0.002132662,47046,103903.694070000,0.019488166,1,0.386338000,0.126986000,-0.315865000,0.026262233,-0.408527486,0.912284322,-0.012365448,1,0.400035787,-0.057704169,-0.358738627,0.026262233,-0.408527486,0.912284322,-0.012365448
9.164220375,103903.725850666,vr_world,46964,103903.717856208,0.007994917,1,0.286158000,-0.228314000,-0.155403000,0.269047745,-0.720291924,0.639088181,-0.018951336,1,0.404252410,-0.089531619,-0.098687548,0.269047745,-0.720291924,0.639088181,-0.018951336,47047,103903.717856208,0.007994917,1,0.387182000,0.127241000,-0.315233000,0.031323184,-0.401307752,0.915321292,-0.012564963,1,0.398416377,-0.057460210,-0.358769674,0.031323184,-0.401307752,0.915321292,-0.012564963
9.175554834,103903.737185125,vr_world,46964,103903.717856208,0.019330917,1,0.286158000,-0.228314000,-0.155403000,0.269047745,-0.720291924,0.639088181,-0.018951336,1,0.404252410,-0.089531619,-0.098687548,0.269047745,-0.720291924,0.639088181,-0.018951336,47047,103903.717856208,0.019330917,1,0.387182000,0.127241000,-0.315233000,0.031323184,-0.401307752,0.915321292,-0.012564963,1,0.398416377,-0.057460210,-0.358769674,0.031323184,-0.401307752,0.915321292,-0.012564963
9.187992625,103903.749622916,vr_world,46965,103903.741573833,0.008051458,1,0.286782000,-0.230114000,-0.154743000,0.265017339,-0.722787531,0.637625412,-0.027889590,1,0.404359035,-0.090250579,-0.099631120,0.265017339,-0.722787531,0.637625412,-0.027889590,47048,103903.741573833,0.008051458,1,0.387147000,0.127301000,-0.315089000,0.034349256,-0.398018928,0.916671345,-0.010710105,1,0.397283812,-0.057206823,-0.359701925,0.034349256,-0.398018928,0.916671345,-0.010710105
9.200206542,103903.761836833,vr_world,46965,103903.741573833,0.020265333,1,0.286782000,-0.230114000,-0.154743000,0.265017339,-0.722787531,0.637625412,-0.027889590,1,0.404359035,-0.090250579,-0.099631120,0.265017339,-0.722787531,0.637625412,-0.027889590,47048,103903.741573833,0.020265333,1,0.387147000,0.127301000,-0.315089000,0.034349256,-0.398018928,0.916671345,-0.010710105,1,0.397283812,-0.057206823,-0.359701925,0.034349256,-0.398018928,0.916671345,-0.010710105
9.210717875,103903.772348166,vr_world,46966,103903.765054333,0.007299167,1,0.288497000,-0.233508000,-0.153326000,0.255177224,-0.731308525,0.631880809,-0.028267827,1,0.403969617,-0.090458460,-0.102078309,0.255177224,-0.731308525,0.631880809,-0.028267827,47049,103903.765054333,0.007299167,1,0.387901000,0.127754000,-0.314866000,0.037826712,-0.390475954,0.919744300,-0.012965050,1,0.395379987,-0.056932754,-0.359263042,0.037826712,-0.390475954,0.919744300,-0.012965050
9.223101042,103903.784731333,vr_world,46966,103903.765054333,0.019677583,1,0.288497000,-0.233508000,-0.153326000,0.255177224,-0.731308525,0.631880809,-0.028267827,1,0.403969617,-0.090458460,-0.102078309,0.255177224,-0.731308525,0.631880809,-0.028267827,47049,103903.765054333,0.019677583,1,0.387901000,0.127754000,-0.314866000,0.037826712,-0.390475954,0.919744300,-0.012965050,1,0.395379987,-0.056932754,-0.359263042,0.037826712,-0.390475954,0.919744300,-0.012965050
9.235513792,103903.797144083,vr_world,46967,103903.788413500,0.008731166,1,0.290491000,-0.236777000,-0.151993000,0.244009052,-0.742302281,0.623732339,-0.020121517,1,0.402812595,-0.089790639,-0.105064166,0.244009052,-0.742302281,0.623732339,-0.020121517,47050,103903.788413500,0.008731166,1,0.388415000,0.128158000,-0.314087000,0.039126243,-0.385092844,0.921941716,-0.014003973,1,0.393880138,-0.056623377,-0.358383691,0.039126243,-0.385092844,0.921941716,-0.014003973
9.247905667,103903.809535958,vr_world,46967,103903.788413500,0.021123125,1,0.290491000,-0.236777000,-0.151993000,0.244009052,-0.742302281,0.623732339,-0.020121517,1,0.402812595,-0.089790639,-0.105064166,0.244009052,-0.742302281,0.623732339,-0.020121517,47050,103903.788413500,0.021123125,1,0.388415000,0.128158000,-0.314087000,0.039126243,-0.385092844,0.921941716,-0.014003973,1,0.393880138,-0.056623377,-0.358383691,0.039126243,-0.385092844,0.921941716,-0.014003973
9.257921084,103903.819551375,vr_world,46968,103903.811923083,0.007628708,1,0.292495000,-0.237371000,-0.150630000,0.239918233,-0.752343856,0.613363516,-0.014253457,1,0.400683288,-0.086820512,-0.105316793,0.239918233,-0.752343856,0.613363516,-0.014253457,47051,103903.811923083,0.007628708,1,0.388583000,0.128075000,-0.314354000,0.042906293,-0.380763060,0.923548000,-0.015415404,1,0.392700470,-0.056719929,-0.358740109,0.042906293,-0.380763060,0.923548000,-0.015415404
9.269370875,103903.831001166,vr_world,46968,103903.811923083,0.019078542,1,0.292495000,-0.237371000,-0.150630000,0.239918233,-0.752343856,0.613363516,-0.014253457,1,0.400683288,-0.086820512,-0.105316793,0.239918233,-0.752343856,0.613363516,-0.014253457,47051,103903.811923083,0.019078542,1,0.388583000,0.128075000,-0.314354000,0.042906293,-0.380763060,0.923548000,-0.015415404,1,0.392700470,-0.056719929,-0.358740109,0.042906293,-0.380763060,0.923548000,-0.015415404
9.281786750,103903.843417041,vr_world,46969,103903.834489250,0.008928125,1,0.293623000,-0.238211000,-0.149595000,0.224439709,-0.762800570,0.606317347,-0.011890394,1,0.398958566,-0.084000559,-0.110263029,0.224439709,-0.762800570,0.606317347,-0.011890394,47052,103903.834489250,0.008928125,1,0.389062000,0.128180000,-0.314147000,0.047414740,-0.374401230,0.925887648,-0.017539224,1,0.391111635,-0.056650976,-0.358526211,0.047414740,-0.374401230,0.925887648,-0.017539224
9.293373667,103903.855003958,vr_world,46969,103903.834489250,0.020515291,1,0.293623000,-0.238211000,-0.149595000,0.224439709,-0.762800570,0.606317347,-0.011890394,1,0.398958566,-0.084000559,-0.110263029,0.224439709,-0.762800570,0.606317347,-0.011890394,47052,103903.834489250,0.020515291,1,0.389062000,0.128180000,-0.314147000,0.047414740,-0.374401230,0.925887648,-0.017539224,1,0.391111635,-0.056650976,-0.358526211,0.047414740,-0.374401230,0.925887648,-0.017539224
9.305813042,103903.867443333,vr_world,46970,103903.858052500,0.009393083,1,0.294535000,-0.236901000,-0.150351000,0.219973909,-0.764501068,0.605789024,-0.013009795,1,0.399656491,-0.082108858,-0.112770684,0.219973909,-0.764501068,0.605789024,-0.013009795,47053,103903.858052500,0.009393083,1,0.389651000,0.128170000,-0.313710000,0.051536873,-0.369857468,0.927469369,-0.018707600,1,0.390312023,-0.056611233,-0.358338133,0.051536873,-0.369857468,0.927469369,-0.018707600
9.316832542,103903.878462833,vr_world,46970,103903.858052500,0.020411208,1,0.294535000,-0.236901000,-0.150351000,0.219973909,-0.764501068,0.605789024,-0.013009795,1,0.399656491,-0.082108858,-0.112770684,0.219973909,-0.764501068,0.605789024,-0.013009795,47053,103903.858052500,0.020411208,1,0.389651000,0.128170000,-0.313710000,0.051536873,-0.369857468,0.927469369,-0.018707600,1,0.390312023,-0.056611233,-0.358338133,0.051536873,-0.369857468,0.927469369,-0.018707600
9.329159917,103903.890790208,vr_world,46971,103903.881594583,0.009195917,1,0.296032000,-0.236036000,-0.150044000,0.211981416,-0.770413022,0.601082753,-0.015072434,1,0.399256121,-0.079236420,-0.115662025,0.211981416,-0.770413022,0.601082753,-0.015072434,47054,103903.881594583,0.009195917,1,0.390217000,0.128120000,-0.313984000,0.051471040,-0.369180315,0.927734351,-0.019120695,1,0.390609440,-0.056694885,-0.358476139,0.051471040,-0.369180315,0.927734351,-0.019120695
9.341563917,103903.903194208,vr_world,46971,103903.881594583,0.021600083,1,0.296032000,-0.236036000,-0.150044000,0.211981416,-0.770413022,0.601082753,-0.015072434,1,0.399256121,-0.079236420,-0.115662025,0.211981416,-0.770413022,0.601082753,-0.015072434,47054,103903.881594583,0.021600083,1,0.390217000,0.128120000,-0.313984000,0.051471040,-0.369180315,0.927734351,-0.019120695,1,0.390609440,-0.056694885,-0.358476139,0.051471040,-0.369180315,0.927734351,-0.019120695
9.353984334,103903.915614625,vr_world,46972,103903.904112208,0.011502875,1,0.299189000,-0.234921000,-0.149086000,0.192645243,-0.787456508,0.585296771,-0.015091310,1,0.395873314,-0.072553127,-0.122397808,0.192645243,-0.787456508,0.585296771,-0.015091310,47055,103903.904112208,0.011502875,1,0.391396000,0.128132000,-0.314103000,0.049909391,-0.364408740,0.929684494,-0.020051531,1,0.389758084,-0.056778882,-0.358165914,0.049909391,-0.364408740,0.929684494,-0.020051531
9.366397709,103903.928028000,vr_world,46973,103903.926823375,0.001204958,1,0.298077000,-0.232530000,-0.149473000,0.179717133,-0.786243936,0.590975967,-0.016420477,1,0.396955307,-0.070748413,-0.127719415,0.179717133,-0.786243936,0.590975967,-0.016420477,47056,103903.926823375,0.001204958,1,0.391548000,0.128130000,-0.314197000,0.050988223,-0.363205946,0.930087390,-0.020471674,1,0.389544840,-0.056769967,-0.358290244,0.050988223,-0.363205946,0.930087390,-0.020471674
9.378304334,103903.939934625,vr_world,46973,103903.926823375,0.013111791,1,0.298077000,-0.232530000,-0.149473000,0.179717133,-0.786243936,0.590975967,-0.016420477,1,0.396955307,-0.070748413,-0.127719415,0.179717133,-0.786243936,0.590975967,-0.016420477,47056,103903.926823375,0.013111791,1,0.391548000,0.128130000,-0.314197000,0.050988223,-0.363205946,0.930087390,-0.020471674,1,0.389544840,-0.056769967,-0.358290244,0.050988223,-0.363205946,0.930087390,-0.020471674
9.389373959,103903.951004250,vr_world,46974,103903.950304375,0.000700458,1,0.298632000,-0.230313000,-0.150987000,0.168797046,-0.792669385,0.585350288,-0.023406038,1,0.395304096,-0.066660489,-0.133788361,0.168797046,-0.792669385,0.585350288,-0.023406038,47057,103903.950304375,0.000700458,1,0.392223000,0.128740000,-0.314064000,0.054851835,-0.359112349,0.931450011,-0.020747858,1,0.388982383,-0.056015128,-0.358687991,0.054851835,-0.359112349,0.931450011,-0.020747858
9.401807584,103903.963437875,vr_world,46974,103903.950304375,0.013133916,1,0.298632000,-0.230313000,-0.150987000,0.168797046,-0.792669385,0.585350288,-0.023406038,1,0.395304096,-0.066660489,-0.133788361,0.168797046,-0.792669385,0.585350288,-0.023406038,47057,103903.950304375,0.013133916,1,0.392223000,0.128740000,-0.314064000,0.054851835,-0.359112349,0.931450011,-0.020747858,1,0.388982383,-0.056015128,-0.358687991,0.054851835,-0.359112349,0.931450011,-0.020747858
9.413254000,103903.974884291,vr_world,46975,103903.973754541,0.001130334,1,0.298253000,-0.226560000,-0.151316000,0.152116484,-0.796154967,0.584757917,-0.032496512,1,0.394803320,-0.062265486,-0.140888011,0.152116484,-0.796154967,0.584757917,-0.032496512,47058,103903.973754541,0.001130334,1,0.392232000,0.128633000,-0.314383000,0.053303282,-0.360338844,0.931048538,-0.021524369,1,0.389335678,-0.056249733,-0.358498949,0.053303282,-0.360338844,0.931048538,-0.021524369
9.425660084,103903.987290375,vr_world,46975,103903.973754541,0.013536417,1,0.298253000,-0.226560000,-0.151316000,0.152116484,-0.796154967,0.584757917,-0.032496512,1,0.394803320,-0.062265486,-0.140888011,0.152116484,-0.796154967,0.584757917,-0.032496512,47058,103903.973754541,0.013536417,1,0.392232000,0.128633000,-0.314383000,0.053303282,-0.360338844,0.931048538,-0.021524369,1,0.389335678,-0.056249733,-0.358498949,0.053303282,-0.360338844,0.931048538,-0.021524369
9.438078250,103903.999708541,vr_world,46976,103903.997674666,0.002035375,1,0.297140000,-0.223763000,-0.153806000,0.141125028,-0.797282122,0.585467587,-0.040652785,1,0.394185662,-0.059535984,-0.147884013,0.141125028,-0.797282122,0.585467587,-0.040652785,47059,103903.997674666,0.002035375,1,0.392595000,0.128815000,-0.314541000,0.056452033,-0.358966500,0.931399652,-0.021234609,1,0.389462582,-0.055927831,-0.359223002,0.056452033,-0.358966500,0.931399652,-0.021234609
9.450498709,103904.012129000,vr_world,46976,103903.997674666,0.014456125,1,0.297140000,-0.223763000,-0.153806000,0.141125028,-0.797282122,0.585467587,-0.040652785,1,0.394185662,-0.059535984,-0.147884013,0.141125028,-0.797282122,0.585467587,-0.040652785,47059,103903.997674666,0.014456125,1,0.392595000,0.128815000,-0.314541000,0.056452033,-0.358966500,0.931399652,-0.021234609,1,0.389462582,-0.055927831,-0.359223002,0.056452033,-0.358966500,0.931399652,-0.021234609
9.462921500,103904.024551791,vr_world,46977,103904.021087083,0.003466667,1,0.296979000,-0.222861000,-0.154166000,0.133034485,-0.801367131,0.581471427,-0.044760773,1,0.392495483,-0.057653407,-0.151609914,0.133034485,-0.801367131,0.581471427,-0.044760773,47060,103904.021087083,0.003466667,1,0.392607000,0.129384000,-0.315144000,0.058239909,-0.362911051,0.929734185,-0.022316520,1,0.391228690,-0.055433635,-0.359604710,0.058239909,-0.362911051,0.929734185,-0.022316520
9.474606125,103904.036236416,vr_world,46977,103904.021087083,0.015151292,1,0.296979000,-0.222861000,-0.154166000,0.133034485,-0.801367131,0.581471427,-0.044760773,1,0.392495483,-0.057653407,-0.151609914,0.133034485,-0.801367131,0.581471427,-0.044760773,47060,103904.021087083,0.015151292,1,0.392607000,0.129384000,-0.315144000,0.058239909,-0.362911051,0.929734185,-0.022316520,1,0.391228690,-0.055433635,-0.359604710,0.058239909,-0.362911051,0.929734185,-0.022316520
9.487000625,103904.048630916,vr_world,46978,103904.046555583,0.002075833,1,0.295820000,-0.221565000,-0.156924000,0.124508715,-0.804186725,0.579214085,-0.047878342,1,0.390462479,-0.055838081,-0.157821014,0.124508715,-0.804186725,0.579214085,-0.047878342,47061,103904.046555583,0.002075833,1,0.393124000,0.129739000,-0.315633000,0.058605200,-0.362509210,0.929866595,-0.022374527,1,0.391623796,-0.055068134,-0.360133582,0.058605200,-0.362509210,0.929866595,-0.022374527
9.499418292,103904.061048583,vr_world,46978,103904.046555583,0.014493917,1,0.295820000,-0.221565000,-0.156924000,0.124508715,-0.804186725,0.579214085,-0.047878342,1,0.390462479,-0.055838081,-0.157821014,0.124508715,-0.804186725,0.579214085,-0.047878342,47061,103904.046555583,0.014493917,1,0.393124000,0.129739000,-0.315633000,0.058605200,-0.362509210,0.929866595,-0.022374527,1,0.391623796,-0.055068134,-0.360133582,0.058605200,-0.362509210,0.929866595,-0.022374527
9.511836459,103904.073466750,vr_world,46979,103904.070260916,0.003206500,1,0.294741000,-0.220672000,-0.159844000,0.114143038,-0.807966677,0.575889292,-0.050127234,1,0.388002406,-0.054238130,-0.164896607,0.114143038,-0.807966677,0.575889292,-0.050127234,47062,103904.070260916,0.003206500,1,0.393288000,0.130445000,-0.316095000,0.058570036,-0.363539544,0.929469758,-0.022237777,1,0.392190444,-0.054360991,-0.360612023,0.058570036,-0.363539544,0.929469758,-0.022237777
9.524247500,103904.085877791,vr_world,46979,103904.070260916,0.015617209,1,0.294741000,-0.220672000,-0.159844000,0.114143038,-0.807966677,0.575889292,-0.050127234,1,0.388002406,-0.054238130,-0.164896607,0.114143038,-0.807966677,0.575889292,-0.050127234,47062,103904.070260916,0.015617209,1,0.393288000,0.130445000,-0.316095000,0.058570036,-0.363539544,0.929469758,-0.022237777,1,0.392190444,-0.054360991,-0.360612023,0.058570036,-0.363539544,0.929469758,-0.022237777
9.536665667,103904.098295958,vr_world,46980,103904.094587875,0.003708791,1,0.293866000,-0.219700000,-0.164756000,0.116020443,-0.808068884,0.575260736,-0.051371400,1,0.386974933,-0.053162247,-0.169155255,0.116020443,-0.808068884,0.575260736,-0.051371400,47063,103904.094587875,0.003708791,1,0.393520000,0.130845000,-0.316767000,0.059516244,-0.362387565,0.929887796,-0.021017994,1,0.392044072,-0.053818718,-0.361859516,0.059516244,-0.362387565,0.929887796,-0.021017994
9.549083542,103904.110713833,vr_world,46980,103904.094587875,0.016126416,1,0.293866000,-0.219700000,-0.164756000,0.116020443,-0.808068884,0.575260736,-0.051371400,1,0.386974933,-0.053162247,-0.169155255,0.116020443,-0.808068884,0.575260736,-0.051371400,47063,103904.094587875,0.016126416,1,0.393520000,0.130845000,-0.316767000,0.059516244,-0.362387565,0.929887796,-0.021017994,1,0.392044072,-0.053818718,-0.361859516,0.059516244,-0.362387565,0.929887796,-0.021017994
9.561518167,103904.123148458,vr_world,46981,103904.121167166,0.001981917,1,0.294345000,-0.219906000,-0.168807000,0.105863678,-0.811909845,0.572011561,-0.048969976,1,0.385824493,-0.052615009,-0.177093280,0.105863678,-0.811909845,0.572011561,-0.048969976,47064,103904.121167166,0.001981917,1,0.394127000,0.132281000,-0.318523000,0.060282945,-0.356691253,0.931993427,-0.022925281,1,0.390502003,-0.052451317,-0.363211723,0.060282945,-0.356691253,0.931993427,-0.022925281
9.573952750,103904.135583041,vr_world,46981,103904.121167166,0.014416625,1,0.294345000,-0.219906000,-0.168807000,0.105863678,-0.811909845,0.572011561,-0.048969976,1,0.385824493,-0.052615009,-0.177093280,0.105863678,-0.811909845,0.572011561,-0.048969976,47064,103904.121167166,0.014416625,1,0.394127000,0.132281000,-0.318523000,0.060282945,-0.356691253,0.931993427,-0.022925281,1,0.390502003,-0.052451317,-0.363211723,0.060282945,-0.356691253,0.931993427,-0.022925281
9.584039709,103904.145670000,vr_world,46982,103904.143771083,0.001899333,1,0.294034000,-0.219918000,-0.171719000,0.106215926,-0.809537474,0.575680110,-0.044268129,1,0.386726532,-0.053275674,-0.179583879,0.106215926,-0.809537474,0.575680110,-0.044268129,47065,103904.143771083,0.001899333,1,0.394119000,0.133960000,-0.319124000,0.055484145,-0.355356830,0.932544401,-0.031685544,1,0.389608635,-0.051594177,-0.360178980,0.055484145,-0.355356830,0.932544401,-0.031685544
9.595327292,103904.156957583,vr_world,46982,103904.143771083,0.013187667,1,0.294034000,-0.219918000,-0.171719000,0.106215926,-0.809537474,0.575680110,-0.044268129,1,0.386726532,-0.053275674,-0.179583879,0.106215926,-0.809537474,0.575680110,-0.044268129,47065,103904.143771083,0.013187667,1,0.394119000,0.133960000,-0.319124000,0.055484145,-0.355356830,0.932544401,-0.031685544,1,0.389608635,-0.051594177,-0.360178980,0.055484145,-0.355356830,0.932544401,-0.031685544
9.605372500,103904.167002791,vr_world,46983,103904.166618416,0.000384750,1,0.294137000,-0.220829000,-0.175877000,0.099624616,-0.809980577,0.576553053,-0.039912132,1,0.386788874,-0.054289873,-0.186064715,0.099624616,-0.809980577,0.576553053,-0.039912132,47066,103904.166618416,0.000384750,1,0.393840000,0.133689000,-0.318443000,0.058879957,-0.355324376,0.932464244,-0.028074403,1,0.389601476,-0.051484600,-0.361210052,0.058879957,-0.355324376,0.932464244,-0.028074403
9.617784792,103904.179415083,vr_world,46983,103904.166618416,0.012797250,1,0.294137000,-0.220829000,-0.175877000,0.099624616,-0.809980577,0.576553053,-0.039912132,1,0.386788874,-0.054289873,-0.186064715,0.099624616,-0.809980577,0.576553053,-0.039912132,47066,103904.166618416,0.012797250,1,0.393840000,0.133689000,-0.318443000,0.058879957,-0.355324376,0.932464244,-0.028074403,1,0.389601476,-0.051484600,-0.361210052,0.058879957,-0.355324376,0.932464244,-0.028074403
9.630209334,103904.191839625,vr_world,46984,103904.189363291,0.002476917,1,0.294116000,-0.221683000,-0.178037000,0.097289342,-0.810767023,0.575995541,-0.037692913,1,0.386357492,-0.054967924,-0.189039015,0.097289342,-0.810767023,0.575995541,-0.037692913,47067,103904.189363291,0.002476917,1,0.393874000,0.134722000,-0.318460000,0.058878574,-0.357594598,0.931588400,-0.028327879,1,0.390535810,-0.050503538,-0.361081298,0.058878574,-0.357594598,0.931588400,-0.028327879
9.642659709,103904.204290000,vr_world,46984,103904.189363291,0.014934042,1,0.294116000,-0.221683000,-0.178037000,0.097289342,-0.810767023,0.575995541,-0.037692913,1,0.386357492,-0.054967924,-0.189039015,0.097289342,-0.810767023,0.575995541,-0.037692913,47067,103904.189363291,0.014934042,1,0.393874000,0.134722000,-0.318460000,0.058878574,-0.357594598,0.931588400,-0.028327879,1,0.390535810,-0.050503538,-0.361081298,0.058878574,-0.357594598,0.931588400,-0.028327879
9.655051459,103904.216681750,vr_world,46985,103904.211878166,0.004804250,1,0.294175000,-0.222535000,-0.182020000,0.095253282,-0.812160716,0.574539416,-0.035017749,1,0.385619347,-0.055428687,-0.193719745,0.095253282,-0.812160716,0.574539416,-0.035017749,47068,103904.211878166,0.004804250,1,0.394473000,0.135357000,-0.318523000,0.059211658,-0.355412051,0.932407014,-0.028167603,1,0.390303055,-0.049815373,-0.361301894,0.059211658,-0.355412051,0.932407014,-0.028167603
9.667486000,103904.229116291,vr_world,46985,103904.211878166,0.017244167,1,0.294175000,-0.222535000,-0.182020000,0.095253282,-0.812160716,0.574539416,-0.035017749,1,0.385619347,-0.055428687,-0.193719745,0.095253282,-0.812160716,0.574539416,-0.035017749,47068,103904.211878166,0.017244167,1,0.394473000,0.135357000,-0.318523000,0.059211658,-0.355412051,0.932407014,-0.028167603,1,0.390303055,-0.049815373,-0.361301894,0.059211658,-0.355412051,0.932407014,-0.028167603
9.679882125,103904.241512416,vr_world,46986,103904.234479375,0.007033375,1,0.294090000,-0.222507000,-0.184484000,0.085984079,-0.812409333,0.575750554,-0.033303356,1,0.385685372,-0.055759314,-0.199614468,0.085984079,-0.812409333,0.575750554,-0.033303356,47069,103904.234479375,0.007033375,1,0.395013000,0.136477000,-0.318717000,0.058546802,-0.351920017,0.933736307,-0.029344205,1,0.389413814,-0.048750739,-0.361090729,0.058546802,-0.351920017,0.933736307,-0.029344205
9.692218042,103904.253848333,vr_world,46986,103904.234479375,0.019369416,1,0.294090000,-0.222507000,-0.184484000,0.085984079,-0.812409333,0.575750554,-0.033303356,1,0.385685372,-0.055759314,-0.199614468,0.085984079,-0.812409333,0.575750554,-0.033303356,47069,103904.234479375,0.019369416,1,0.395013000,0.136477000,-0.318717000,0.058546802,-0.351920017,0.933736307,-0.029344205,1,0.389413814,-0.048750739,-0.361090729,0.058546802,-0.351920017,0.933736307,-0.029344205
9.704042459,103904.265672750,vr_world,46987,103904.257509000,0.008164375,1,0.293490000,-0.222470000,-0.185957000,0.084011104,-0.811329892,0.577567636,-0.033189838,1,0.385760851,-0.056161242,-0.201796435,0.084011104,-0.811329892,0.577567636,-0.033189838,47070,103904.257509000,0.008164375,1,0.394719000,0.136117000,-0.318564000,0.058807151,-0.353801834,0.933022814,-0.028886158,1,0.389882320,-0.049099233,-0.361082218,0.058807151,-0.353801834,0.933022814,-0.028886158
9.716046250,103904.277676541,vr_world,46987,103904.257509000,0.020168125,1,0.293490000,-0.222470000,-0.185957000,0.084011104,-0.811329892,0.577567636,-0.033189838,1,0.385760851,-0.056161242,-0.201796435,0.084011104,-0.811329892,0.577567636,-0.033189838,47070,103904.257509000,0.020168125,1,0.394719000,0.136117000,-0.318564000,0.058807151,-0.353801834,0.933022814,-0.028886158,1,0.389882320,-0.049099233,-0.361082218,0.058807151,-0.353801834,0.933022814,-0.028886158
9.728038917,103904.289669208,vr_world,46988,103904.280428083,0.009241625,1,0.293110000,-0.221945000,-0.187678000,0.074728406,-0.812427147,0.577164779,-0.035476941,1,0.385103966,-0.055867543,-0.207141499,0.074728406,-0.812427147,0.577164779,-0.035476941,47071,103904.280428083,0.009241625,1,0.394852000,0.136411000,-0.318304000,0.059363543,-0.354232376,0.932842769,-0.028280075,1,0.390232689,-0.048747731,-0.361096174,0.059363543,-0.354232376,0.932842769,-0.028280075
9.738706792,103904.300337083,vr_world,46988,103904.280428083,0.019909458,1,0.293110000,-0.221945000,-0.187678000,0.074728406,-0.812427147,0.577164779,-0.035476941,1,0.385103966,-0.055867543,-0.207141499,0.074728406,-0.812427147,0.577164779,-0.035476941,47071,103904.280428083,0.019909458,1,0.394852000,0.136411000,-0.318304000,0.059363543,-0.354232376,0.932842769,-0.028280075,1,0.390232689,-0.048747731,-0.361096174,0.059363543,-0.354232376,0.932842769,-0.028280075
9.749921750,103904.311552041,vr_world,46989,103904.303115541,0.008437084,1,0.293109000,-0.220644000,-0.188788000,0.064018346,-0.813030582,0.577297760,-0.040127554,1,0.385159507,-0.055149464,-0.212488312,0.064018346,-0.813030582,0.577297760,-0.040127554,47072,103904.303115541,0.008437084,1,0.395069000,0.136793000,-0.317827000,0.060318775,-0.354136331,0.932857595,-0.026940885,1,0.390490020,-0.048228392,-0.361212981,0.060318775,-0.354136331,0.932857595,-0.026940885
9.760891375,103904.322521666,vr_world,46989,103904.303115541,0.019406584,1,0.293109000,-0.220644000,-0.188788000,0.064018346,-0.813030582,0.577297760,-0.040127554,1,0.385159507,-0.055149464,-0.212488312,0.064018346,-0.813030582,0.577297760,-0.040127554,47072,103904.303115541,0.019406584,1,0.395069000,0.136793000,-0.317827000,0.060318775,-0.354136331,0.932857595,-0.026940885,1,0.390490020,-0.048228392,-0.361212981,0.060318775,-0.354136331,0.932857595,-0.026940885
9.773257417,103904.334887708,vr_world,46990,103904.325477583,0.009410542,1,0.293163000,-0.219229000,-0.188296000,0.054280934,-0.812727818,0.578541787,-0.042620130,1,0.385599541,-0.054529754,-0.215738483,0.054280934,-0.812727818,0.578541787,-0.042620130,47073,103904.325477583,0.009410542,1,0.395180000,0.136985000,-0.317612000,0.061012524,-0.353165515,0.933202704,-0.026159208,1,0.390277938,-0.047936408,-0.361387264,0.061012524,-0.353165515,0.933202704,-0.026159208
9.784085584,103904.345715875,vr_world,46990,103904.325477583,0.020238667,1,0.293163000,-0.219229000,-0.188296000,0.054280934,-0.812727818,0.578541787,-0.042620130,1,0.385599541,-0.054529754,-0.215738483,0.054280934,-0.812727818,0.578541787,-0.042620130,47073,103904.325477583,0.020238667,1,0.395180000,0.136985000,-0.317612000,0.061012524,-0.353165515,0.933202704,-0.026159208,1,0.390277938,-0.047936408,-0.361387264,0.061012524,-0.353165515,0.933202704,-0.026159208
9.794712500,103904.356342791,vr_world,46991,103904.348224125,0.008119041,1,0.292796000,-0.216811000,-0.188319000,0.041205286,-0.810293433,0.582669429,-0.047148842,1,0.386816346,-0.053924469,-0.220747296,0.041205286,-0.810293433,0.582669429,-0.047148842,47074,103904.348224125,0.008119041,1,0.395254000,0.137155000,-0.317348000,0.062166361,-0.351691496,0.933698289,-0.025611314,1,0.389880498,-0.047661237,-0.361510176,0.062166361,-0.351691496,0.933698289,-0.025611314
9.807119875,103904.368750166,vr_world,46991,103904.348224125,0.020526625,1,0.292796000,-0.216811000,-0.188319000,0.041205286,-0.810293433,0.582669429,-0.047148842,1,0.386816346,-0.053924469,-0.220747296,0.041205286,-0.810293433,0.582669429,-0.047148842,47074,103904.348224125,0.020526625,1,0.395254000,0.137155000,-0.317348000,0.062166361,-0.351691496,0.933698289,-0.025611314,1,0.389880498,-0.047661237,-0.361510176,0.062166361,-0.351691496,0.933698289,-0.025611314
9.819553084,103904.381183375,vr_world,46992,103904.372033333,0.009150833,1,0.292868000,-0.214040000,-0.187515000,0.023886615,-0.807273150,0.587297132,-0.053118447,1,0.388634825,-0.053627386,-0.226501475,0.023886615,-0.807273150,0.587297132,-0.053118447,47075,103904.372033333,0.009150833,1,0.395225000,0.137086000,-0.317237000,0.063416496,-0.351886140,0.933558396,-0.024964251,1,0.390047222,-0.047642289,-0.361789111,0.063416496,-0.351886140,0.933558396,-0.024964251
9.831967750,103904.393598041,vr_world,46992,103904.372033333,0.021565167,1,0.292868000,-0.214040000,-0.187515000,0.023886615,-0.807273150,0.587297132,-0.053118447,1,0.388634825,-0.053627386,-0.226501475,0.023886615,-0.807273150,0.587297132,-0.053118447,47075,103904.372033333,0.021565167,1,0.395225000,0.137086000,-0.317237000,0.063416496,-0.351886140,0.933558396,-0.024964251,1,0.390047222,-0.047642289,-0.361789111,0.063416496,-0.351886140,0.933558396,-0.024964251
9.844357167,103904.405987458,vr_world,46993,103904.394089708,0.011898292,1,0.293531000,-0.212334000,-0.186607000,0.014299613,-0.806726454,0.588085713,-0.056063743,1,0.389524750,-0.052984504,-0.229225751,0.014299613,-0.806726454,0.588085713,-0.056063743,47076,103904.394089708,0.011898292,1,0.395142000,0.137000000,-0.317097000,0.063694454,-0.352799925,0.933205453,-0.024552224,1,0.390347755,-0.047701197,-0.361803784,0.063694454,-0.352799925,0.933205453,-0.024552224
9.856041709,103904.417672000,vr_world,46994,103904.416969500,0.000702833,1,0.294356000,-0.209718000,-0.185124000,0.002882023,0.808954416,-0.585033271,0.057623951,1,0.388645068,-0.051211995,-0.234204289,0.002882023,0.808954416,-0.585033271,0.057623951,47077,103904.416969500,0.000702833,1,0.395112000,0.136920000,-0.316886000,0.063932534,-0.352831654,0.933198479,-0.023728776,1,0.390344912,-0.047705838,-0.361906138,0.063932534,-0.352831654,0.933198479,-0.023728776
9.868452500,103904.430082791,vr_world,46994,103904.416969500,0.013113916,1,0.294356000,-0.209718000,-0.185124000,0.002882023,0.808954416,-0.585033271,0.057623951,1,0.388645068,-0.051211995,-0.234204289,0.002882023,0.808954416,-0.585033271,0.057623951,47077,103904.416969500,0.013113916,1,0.395112000,0.136920000,-0.316886000,0.063932534,-0.352831654,0.933198479,-0.023728776,1,0.390344912,-0.047705838,-0.361906138,0.063932534,-0.352831654,0.933198479,-0.023728776
9.880855000,103904.442485291,vr_world,46995,103904.439729166,0.002756417,1,0.294695000,-0.208253000,-0.184708000,0.006561447,0.811421614,-0.581512456,0.058268139,1,0.387510757,-0.049336976,-0.235248634,0.006561447,0.811421614,-0.581512456,0.058268139,47078,103904.439729166,0.002756417,1,0.395370000,0.136937000,-0.317057000,0.064150128,-0.351448526,0.933704065,-0.023778426,1,0.390081020,-0.047662290,-0.362127762,0.064150128,-0.351448526,0.933704065,-0.023778426
9.891255292,103904.452885583,vr_world,46995,103904.439729166,0.013156959,1,0.294695000,-0.208253000,-0.184708000,0.006561447,0.811421614,-0.581512456,0.058268139,1,0.387510757,-0.049336976,-0.235248634,0.006561447,0.811421614,-0.581512456,0.058268139,47078,103904.439729166,0.013156959,1,0.395370000,0.136937000,-0.317057000,0.064150128,-0.351448526,0.933704065,-0.023778426,1,0.390081020,-0.047662290,-0.362127762,0.064150128,-0.351448526,0.933704065,-0.023778426
9.903673042,103904.465303333,vr_world,46996,103904.463092666,0.002211084,1,0.295418000,-0.205029000,-0.182652000,0.023814100,0.811637853,-0.580513528,0.060670655,1,0.387379742,-0.047783637,-0.239576428,0.023814100,0.811637853,-0.580513528,0.060670655,47079,103904.463092666,0.002211084,1,0.395697000,0.136989000,-0.317224000,0.064814928,-0.348869979,0.934610944,-0.024313496,1,0.389467948,-0.047585703,-0.362274919,0.064814928,-0.348869979,0.934610944,-0.024313496
9.916085125,103904.477715416,vr_world,46996,103904.463092666,0.014623125,1,0.295418000,-0.205029000,-0.182652000,0.023814100,0.811637853,-0.580513528,0.060670655,1,0.387379742,-0.047783637,-0.239576428,0.023814100,0.811637853,-0.580513528,0.060670655,47079,103904.463092666,0.014623125,1,0.395697000,0.136989000,-0.317224000,0.064814928,-0.348869979,0.934610944,-0.024313496,1,0.389467948,-0.047585703,-0.362274919,0.064814928,-0.348869979,0.934610944,-0.024313496
9.928502209,103904.490132500,vr_world,46997,103904.486825916,0.003307084,1,0.296799000,-0.201887000,-0.180287000,0.043909895,0.809168326,-0.582769244,0.060815703,1,0.388784252,-0.047441045,-0.244385492,0.043909895,0.809168326,-0.582769244,0.060815703,47080,103904.486825916,0.003307084,1,0.395522000,0.137247000,-0.317294000,0.065060385,-0.347607227,0.935046585,-0.024984933,1,0.388829215,-0.047350483,-0.362184982,0.065060385,-0.347607227,0.935046585,-0.024984933
9.940915500,103904.502545791,vr_world,46997,103904.486825916,0.015720250,1,0.296799000,-0.201887000,-0.180287000,0.043909895,0.809168326,-0.582769244,0.060815703,1,0.388784252,-0.047441045,-0.244385492,0.043909895,0.809168326,-0.582769244,0.060815703,47080,103904.486825916,0.015720250,1,0.395522000,0.137247000,-0.317294000,0.065060385,-0.347607227,0.935046585,-0.024984933,1,0.388829215,-0.047350483,-0.362184982,0.065060385,-0.347607227,0.935046585,-0.024984933
9.953324875,103904.514955166,vr_world,46998,103904.509802375,0.005153458,1,0.297786000,-0.198222000,-0.177344000,0.071466451,0.806502140,-0.583561955,0.062468305,1,0.388925331,-0.047692142,-0.251221173,0.071466451,0.806502140,-0.583561955,0.062468305,47081,103904.509802375,0.005153458,1,0.395567000,0.137337000,-0.317264000,0.065189173,-0.348439359,0.934725747,-0.025063164,1,0.389215245,-0.047280188,-0.362123457,0.065189173,-0.348439359,0.934725747,-0.025063164
9.965734584,103904.527364875,vr_world,46998,103904.509802375,0.017563166,1,0.297786000,-0.198222000,-0.177344000,0.071466451,0.806502140,-0.583561955,0.062468305,1,0.388925331,-0.047692142,-0.251221173,0.071466451,0.806502140,-0.583561955,0.062468305,47081,103904.509802375,0.017563166,1,0.395567000,0.137337000,-0.317264000,0.065189173,-0.348439359,0.934725747,-0.025063164,1,0.389215245,-0.047280188,-0.362123457,0.065189173,-0.348439359,0.934725747,-0.025063164
9.978156459,103904.539786750,vr_world,46999,103904.533044041,0.006743042,1,0.293848000,-0.201518000,-0.176218000,0.059177178,0.804494042,-0.587218606,0.066796006,1,0.387490459,-0.050478909,-0.245800239,0.059177178,0.804494042,-0.587218606,0.066796006,47082,103904.533044041,0.006743042,1,0.394584000,0.135493000,-0.316145000,0.070476514,-0.349197033,0.934300473,-0.013308591,1,0.388959048,-0.047939352,-0.365714986,0.070476514,-0.349197033,0.934300473,-0.013308591
9.990566334,103904.552196625,vr_world,46999,103904.533044041,0.019152917,1,0.293848000,-0.201518000,-0.176218000,0.059177178,0.804494042,-0.587218606,0.066796006,1,0.387490459,-0.050478909,-0.245800239,0.059177178,0.804494042,-0.587218606,0.066796006,47082,103904.533044041,0.019152917,1,0.394584000,0.135493000,-0.316145000,0.070476514,-0.349197033,0.934300473,-0.013308591,1,0.388959048,-0.047939352,-0.365714986,0.070476514,-0.349197033,0.934300473,-0.013308591
10.002980875,103904.564611166,vr_world,47000,103904.555974500,0.008637375,1,0.295333000,-0.198026000,-0.172527000,0.062437125,0.808382983,-0.581129074,0.070053964,1,0.386820685,-0.046323969,-0.243519866,0.062437125,0.808382983,-0.581129074,0.070053964,47083,103904.555974500,0.008637375,1,0.394079000,0.136779000,-0.317850000,0.063552510,-0.348990858,0.934556710,-0.027752773,1,0.387806819,-0.048119352,-0.361547401,0.063552510,-0.348990858,0.934556710,-0.027752773
10.014378084,103904.576008375,vr_world,47000,103904.555974500,0.020034250,1,0.295333000,-0.198026000,-0.172527000,0.062437125,0.808382983,-0.581129074,0.070053964,1,0.386820685,-0.046323969,-0.243519866,0.062437125,0.808382983,-0.581129074,0.070053964,47083,103904.555974500,0.020034250,1,0.394079000,0.136779000,-0.317850000,0.063552510,-0.348990858,0.934556710,-0.027752773,1,0.387806819,-0.048119352,-0.361547401,0.063552510,-0.348990858,0.934556710,-0.027752773
10.024590709,103904.586221000,vr_world,47001,103904.579538791,0.006682542,1,0.295227000,-0.198502000,-0.170142000,0.077230701,0.811491047,-0.575057150,0.069476426,1,0.383583331,-0.047531863,-0.246460993,0.077230701,0.811491047,-0.575057150,0.069476426,47084,103904.579538791,0.006682542,1,0.393666000,0.135795000,-0.315821000,0.072302471,-0.345113618,0.935590476,-0.018422912,1,0.386689183,-0.047954271,-0.364026048,0.072302471,-0.345113618,0.935590476,-0.018422912
10.034716334,103904.596346625,vr_world,47001,103904.579538791,0.016808084,1,0.295227000,-0.198502000,-0.170142000,0.077230701,0.811491047,-0.575057150,0.069476426,1,0.383583331,-0.047531863,-0.246460993,0.077230701,0.811491047,-0.575057150,0.069476426,47084,103904.579538791,0.016808084,1,0.393666000,0.135795000,-0.315821000,0.072302471,-0.345113618,0.935590476,-0.018422912,1,0.386689183,-0.047954271,-0.364026048,0.072302471,-0.345113618,0.935590476,-0.018422912
10.047130500,103904.608760791,vr_world,47002,103904.602896500,0.005864791,1,0.294752000,-0.196299000,-0.165647000,0.089700303,0.808654078,-0.576742212,0.073490531,1,0.383609501,-0.047926359,-0.246352557,0.089700303,0.808654078,-0.576742212,0.073490531,47085,103904.602896500,0.005864791,1,0.392080000,0.135232000,-0.316095000,0.073180338,-0.346811669,0.934820643,-0.021832795,1,0.385893280,-0.048827018,-0.363214307,0.073180338,-0.346811669,0.934820643,-0.021832795
10.057919084,103904.619549375,vr_world,47002,103904.602896500,0.016653333,1,0.294752000,-0.196299000,-0.165647000,0.089700303,0.808654078,-0.576742212,0.073490531,1,0.383609501,-0.047926359,-0.246352557,0.089700303,0.808654078,-0.576742212,0.073490531,47085,103904.602896500,0.016653333,1,0.392080000,0.135232000,-0.316095000,0.073180338,-0.346811669,0.934820643,-0.021832795,1,0.385893280,-0.048827018,-0.363214307,0.073180338,-0.346811669,0.934820643,-0.021832795
10.070280500,103904.631910791,vr_world,47003,103904.625663000,0.006248208,1,0.293781000,-0.194054000,-0.162166000,0.106127986,0.804388888,-0.579356881,0.077723691,1,0.383302693,-0.049304573,-0.248519427,0.106127986,0.804388888,-0.579356881,0.077723691,47086,103904.625663000,0.006248208,1,0.390588000,0.134211000,-0.315154000,0.077915693,-0.349646410,0.933448065,-0.018741483,1,0.385997368,-0.049473517,-0.363889301,0.077915693,-0.349646410,0.933448065,-0.018741483
10.081088000,103904.642718291,vr_world,47003,103904.625663000,0.017055750,1,0.293781000,-0.194054000,-0.162166000,0.106127986,0.804388888,-0.579356881,0.077723691,1,0.383302693,-0.049304573,-0.248519427,0.106127986,0.804388888,-0.579356881,0.077723691,47086,103904.625663000,0.017055750,1,0.390588000,0.134211000,-0.315154000,0.077915693,-0.349646410,0.933448065,-0.018741483,1,0.385997368,-0.049473517,-0.363889301,0.077915693,-0.349646410,0.933448065,-0.018741483
10.092447834,103904.654078125,vr_world,47004,103904.649262541,0.004818042,1,0.293736000,-0.193008000,-0.161089000,0.110281378,0.802430556,-0.581025173,0.079705516,1,0.383919786,-0.049518935,-0.248845765,0.110281378,0.802430556,-0.581025173,0.079705516,47087,103904.649262541,0.004818042,1,0.389992000,0.133840000,-0.314918000,0.079335137,-0.351104701,0.932786263,-0.018471937,1,0.386126579,-0.049797697,-0.363892291,0.079335137,-0.351104701,0.932786263,-0.018471937
10.104631334,103904.666261625,vr_world,47004,103904.649262541,0.017000750,1,0.293736000,-0.193008000,-0.161089000,0.110281378,0.802430556,-0.581025173,0.079705516,1,0.383919786,-0.049518935,-0.248845765,0.110281378,0.802430556,-0.581025173,0.079705516,47087,103904.649262541,0.017000750,1,0.389992000,0.133840000,-0.314918000,0.079335137,-0.351104701,0.932786263,-0.018471937,1,0.386126579,-0.049797697,-0.363892291,0.079335137,-0.351104701,0.932786263,-0.018471937
10.116950667,103904.678580958,vr_world,47005,103904.672606791,0.005974792,1,0.293200000,-0.190834000,-0.157560000,0.122718487,0.798306185,-0.583563387,0.084268502,1,0.384249170,-0.050552498,-0.249508843,0.122718487,0.798306185,-0.583563387,0.084268502,47088,103904.672606791,0.005974792,1,0.389410000,0.133226000,-0.314354000,0.082994706,-0.349878744,0.932950853,-0.017304578,1,0.385460271,-0.050158945,-0.364259906,0.082994706,-0.349878744,0.932950853,-0.017304578
10.129279584,103904.690909875,vr_world,47005,103904.672606791,0.018303500,1,0.293200000,-0.190834000,-0.157560000,0.122718487,0.798306185,-0.583563387,0.084268502,1,0.384249170,-0.050552498,-0.249508843,0.122718487,0.798306185,-0.583563387,0.084268502,47088,103904.672606791,0.018303500,1,0.389410000,0.133226000,-0.314354000,0.082994706,-0.349878744,0.932950853,-0.017304578,1,0.385460271,-0.050158945,-0.364259906,0.082994706,-0.349878744,0.932950853,-0.017304578
10.141381542,103904.703011833,vr_world,47006,103904.696298041,0.006714459,1,0.290976000,-0.190448000,-0.154386000,0.131137329,0.795282915,-0.584788271,0.091382516,1,0.382960755,-0.052719416,-0.249217748,0.131137329,0.795282915,-0.584788271,0.091382516,47089,103904.696298041,0.006714459,1,0.388858000,0.133450000,-0.314247000,0.086297641,-0.347611326,0.933487281,-0.017904716,1,0.384395576,-0.049836245,-0.364471432,0.086297641,-0.347611326,0.933487281,-0.017904716
10.153740959,103904.715371250,vr_world,47006,103904.696298041,0.019073875,1,0.290976000,-0.190448000,-0.154386000,0.131137329,0.795282915,-0.584788271,0.091382516,1,0.382960755,-0.052719416,-0.249217748,0.131137329,0.795282915,-0.584788271,0.091382516,47089,103904.696298041,0.019073875,1,0.388858000,0.133450000,-0.314247000,0.086297641,-0.347611326,0.933487281,-0.017904716,1,0.384395576,-0.049836245,-0.364471432,0.086297641,-0.347611326,0.933487281,-0.017904716
10.166158584,103904.727788875,vr_world,47007,103904.719005041,0.008784584,1,0.289531000,-0.191981000,-0.150384000,0.131694438,0.793687536,-0.585600326,0.098939012,1,0.382818603,-0.055319826,-0.245487080,0.131694438,0.793687536,-0.585600326,0.098939012,47090,103904.719005041,0.008784584,1,0.388135000,0.133193000,-0.314181000,0.090727893,-0.346234362,0.933519681,-0.020765851,1,0.383651594,-0.050181276,-0.364080629,0.090727893,-0.346234362,0.933519681,-0.020765851
10.178143875,103904.739774166,vr_world,47007,103904.719005041,0.020769750,1,0.289531000,-0.191981000,-0.150384000,0.131694438,0.793687536,-0.585600326,0.098939012,1,0.382818603,-0.055319826,-0.245487080,0.131694438,0.793687536,-0.585600326,0.098939012,47090,103904.719005041,0.020769750,1,0.388135000,0.133193000,-0.314181000,0.090727893,-0.346234362,0.933519681,-0.020765851,1,0.383651594,-0.050181276,-0.364080629,0.090727893,-0.346234362,0.933519681,-0.020765851
10.189957417,103904.751587708,vr_world,47008,103904.742219875,0.009368416,1,0.287578000,-0.195976000,-0.148085000,0.113361252,0.788560566,-0.596185279,0.099421195,1,0.385870385,-0.058450407,-0.236677984,0.113361252,0.788560566,-0.596185279,0.099421195,47091,103904.742219875,0.009368416,1,0.388115000,0.133158000,-0.314290000,0.090763897,-0.350206915,0.932061191,-0.019467125,1,0.385183497,-0.050164866,-0.364492830,0.090763897,-0.350206915,0.932061191,-0.019467125
10.202367750,103904.763998041,vr_world,47008,103904.742219875,0.021779250,1,0.287578000,-0.195976000,-0.148085000,0.113361252,0.788560566,-0.596185279,0.099421195,1,0.385870385,-0.058450407,-0.236677984,0.113361252,0.788560566,-0.596185279,0.099421195,47091,103904.742219875,0.021779250,1,0.388115000,0.133158000,-0.314290000,0.090763897,-0.350206915,0.932061191,-0.019467125,1,0.385183497,-0.050164866,-0.364492830,0.090763897,-0.350206915,0.932061191,-0.019467125
10.214683625,103904.776313916,vr_world,47009,103904.765420833,0.010893750,1,0.286015000,-0.202103000,-0.142694000,0.092575329,0.785121910,-0.605159364,0.093784537,1,0.388020180,-0.062681621,-0.223811479,0.092575329,0.785121910,-0.605159364,0.093784537,47092,103904.765420833,0.010893750,1,0.388619000,0.133280000,-0.314449000,0.087013888,-0.349229979,0.932796441,-0.018915701,1,0.384876595,-0.050104716,-0.364371591,0.087013888,-0.349229979,0.932796441,-0.018915701
10.226524292,103904.788154583,vr_world,47009,103904.765420833,0.022734583,1,0.286015000,-0.202103000,-0.142694000,0.092575329,0.785121910,-0.605159364,0.093784537,1,0.388020180,-0.062681621,-0.223811479,0.092575329,0.785121910,-0.605159364,0.093784537,47092,103904.765420833,0.022734583,1,0.388619000,0.133280000,-0.314449000,0.087013888,-0.349229979,0.932796441,-0.018915701,1,0.384876595,-0.050104716,-0.364371591,0.087013888,-0.349229979,0.932796441,-0.018915701
10.236986375,103904.798616666,vr_world,47010,103904.789407166,0.009210334,1,0.285988000,-0.211098000,-0.137100000,0.060766220,0.792460472,-0.602208050,0.075228528,1,0.386258908,-0.064520865,-0.206987970,0.060766220,0.792460472,-0.602208050,0.075228528,47093,103904.789407166,0.009210334,1,0.389201000,0.133128000,-0.314714000,0.082941140,-0.347485452,0.933837018,-0.017973641,1,0.384313088,-0.050276718,-0.364463927,0.082941140,-0.347485452,0.933837018,-0.017973641
10.248125792,103904.809756083,vr_world,47010,103904.789407166,0.020349459,1,0.285988000,-0.211098000,-0.137100000,0.060766220,0.792460472,-0.602208050,0.075228528,1,0.386258908,-0.064520865,-0.206987970,0.060766220,0.792460472,-0.602208050,0.075228528,47093,103904.789407166,0.020349459,1,0.389201000,0.133128000,-0.314714000,0.082941140,-0.347485452,0.933837018,-0.017973641,1,0.384313088,-0.050276718,-0.364463927,0.082941140,-0.347485452,0.933837018,-0.017973641
10.259738625,103904.821368916,vr_world,47011,103904.812920916,0.008448667,1,0.287114000,-0.215883000,-0.133460000,0.040879758,0.799836077,-0.596190599,0.056105840,1,0.383990227,-0.063810332,-0.196008492,0.040879758,0.799836077,-0.596190599,0.056105840,47094,103904.812920916,0.008448667,1,0.389016000,0.133244000,-0.314703000,0.083187911,-0.347792231,0.933690168,-0.018520407,1,0.384279259,-0.050208540,-0.364290889,0.083187911,-0.347792231,0.933690168,-0.018520407
10.271983084,103904.833613375,vr_world,47011,103904.812920916,0.020693000,1,0.287114000,-0.215883000,-0.133460000,0.040879758,0.799836077,-0.596190599,0.056105840,1,0.383990227,-0.063810332,-0.196008492,0.040879758,0.799836077,-0.596190599,0.056105840,47094,103904.812920916,0.020693000,1,0.389016000,0.133244000,-0.314703000,0.083187911,-0.347792231,0.933690168,-0.018520407,1,0.384279259,-0.050208540,-0.364290889,0.083187911,-0.347792231,0.933690168,-0.018520407
10.284201292,103904.845831583,vr_world,47012,103904.835862291,0.009969667,1,0.287419000,-0.222340000,-0.128878000,0.010517241,0.806711020,-0.589659965,0.037521238,1,0.381403300,-0.064294132,-0.179984625,0.010517241,0.806711020,-0.589659965,0.037521238,47095,103904.835862291,0.009969667,1,0.388936000,0.133209000,-0.314657000,0.083446071,-0.347992060,0.933590849,-0.018612005,1,0.384306842,-0.050246991,-0.364242220,0.083446071,-0.347992060,0.933590849,-0.018612005
10.296536250,103904.858166541,vr_world,47012,103904.835862291,0.022304750,1,0.287419000,-0.222340000,-0.128878000,0.010517241,0.806711020,-0.589659965,0.037521238,1,0.381403300,-0.064294132,-0.179984625,0.010517241,0.806711020,-0.589659965,0.037521238,47095,103904.835862291,0.022304750,1,0.388936000,0.133209000,-0.314657000,0.083446071,-0.347992060,0.933590849,-0.018612005,1,0.384306842,-0.050246991,-0.364242220,0.083446071,-0.347992060,0.933590849,-0.018612005
10.307720042,103904.869350333,vr_world,47013,103904.859328000,0.010022666,1,0.288788000,-0.224591000,-0.123686000,0.006640112,-0.808928248,0.587190132,-0.028262113,1,0.381789198,-0.063986587,-0.168188585,0.006640112,-0.808928248,0.587190132,-0.028262113,47096,103904.859328000,0.010022666,1,0.388812000,0.133325000,-0.314539000,0.083743017,-0.347435518,0.933770505,-0.018663127,1,0.383998622,-0.050114982,-0.364165685,0.083743017,-0.347435518,0.933770505,-0.018663127
10.320111875,103904.881742166,vr_world,47013,103904.859328000,0.022414750,1,0.288788000,-0.224591000,-0.123686000,0.006640112,-0.808928248,0.587190132,-0.028262113,1,0.381789198,-0.063986587,-0.168188585,0.006640112,-0.808928248,0.587190132,-0.028262113,47096,103904.859328000,0.022414750,1,0.388812000,0.133325000,-0.314539000,0.083743017,-0.347435518,0.933770505,-0.018663127,1,0.383998622,-0.050114982,-0.364165685,0.083743017,-0.347435518,0.933770505,-0.018663127
10.330708250,103904.892338541,vr_world,47014,103904.882737208,0.009601750,1,0.290766000,-0.223109000,-0.120988000,0.002807744,-0.811621168,0.583178103,-0.034154015,1,0.382486635,-0.062247229,-0.167186009,0.002807744,-0.811621168,0.583178103,-0.034154015,47097,103904.882737208,0.009601750,1,0.388891000,0.133262000,-0.314248000,0.084336994,-0.344627032,0.934770694,-0.017978580,1,0.383041918,-0.050037527,-0.364280958,0.084336994,-0.344627032,0.934770694,-0.017978580
10.343076834,103904.904707125,vr_world,47014,103904.882737208,0.021970500,1,0.290766000,-0.223109000,-0.120988000,0.002807744,-0.811621168,0.583178103,-0.034154015,1,0.382486635,-0.062247229,-0.167186009,0.002807744,-0.811621168,0.583178103,-0.034154015,47097,103904.882737208,0.021970500,1,0.388891000,0.133262000,-0.314248000,0.084336994,-0.344627032,0.934770694,-0.017978580,1,0.383041918,-0.050037527,-0.364280958,0.084336994,-0.344627032,0.934770694,-0.017978580
10.354722459,103904.916352750,vr_world,47015,103904.905920083,0.010433083,1,0.293807000,-0.219723000,-0.115160000,0.004649967,0.817177955,-0.574986806,0.039859008,1,0.382436108,-0.058050545,-0.164458267,0.004649967,0.817177955,-0.574986806,0.039859008,47098,103904.905920083,0.010433083,1,0.388574000,0.133120000,-0.314233000,0.084258839,-0.345188814,0.934572682,-0.017861507,1,0.382934898,-0.050183236,-0.364276302,0.084258839,-0.345188814,0.934572682,-0.017861507
10.367080584,103904.928710875,vr_world,47015,103904.905920083,0.022791292,1,0.293807000,-0.219723000,-0.115160000,0.004649967,0.817177955,-0.574986806,0.039859008,1,0.382436108,-0.058050545,-0.164458267,0.004649967,0.817177955,-0.574986806,0.039859008,47098,103904.905920083,0.022791292,1,0.388574000,0.133120000,-0.314233000,0.084258839,-0.345188814,0.934572682,-0.017861507,1,0.382934898,-0.050183236,-0.364276302,0.084258839,-0.345188814,0.934572682,-0.017861507
10.378705584,103904.940335875,vr_world,47016,103904.929310458,0.011025958,1,0.295981000,-0.212059000,-0.109037000,0.030820108,0.816057973,-0.574417714,0.056069565,1,0.384785731,-0.053933761,-0.168480871,0.030820108,0.816057973,-0.574417714,0.056069565,47099,103904.929310458,0.011025958,1,0.388553000,0.132905000,-0.314098000,0.085461437,-0.345716092,0.934283938,-0.017036710,1,0.383250126,-0.050291511,-0.364567116,0.085461437,-0.345716092,0.934283938,-0.017036710
10.391072292,103904.952702583,vr_world,47016,103904.929310458,0.023392417,1,0.295981000,-0.212059000,-0.109037000,0.030820108,0.816057973,-0.574417714,0.056069565,1,0.384785731,-0.053933761,-0.168480871,0.030820108,0.816057973,-0.574417714,0.056069565,47099,103904.929310458,0.023392417,1,0.388553000,0.132905000,-0.314098000,0.085461437,-0.345716092,0.934283938,-0.017036710,1,0.383250126,-0.050291511,-0.364567116,0.085461437,-0.345716092,0.934283938,-0.017036710
10.402632834,103904.964263125,vr_world,47017,103904.955952250,0.008311333,1,0.297670000,-0.202303000,-0.104025000,0.059979821,0.814825379,-0.570491470,0.083675001,1,0.386688012,-0.049077985,-0.174886401,0.059979821,0.814825379,-0.570491470,0.083675001,47100,103904.955952250,0.008311333,1,0.388740000,0.132496000,-0.313719000,0.086160915,-0.343785594,0.934951215,-0.015936982,1,0.382756282,-0.050532113,-0.364720380,0.086160915,-0.343785594,0.934951215,-0.015936982
10.414338167,103904.975968458,vr_world,47017,103904.955952250,0.020016833,1,0.297670000,-0.202303000,-0.104025000,0.059979821,0.814825379,-0.570491470,0.083675001,1,0.386688012,-0.049077985,-0.174886401,0.059979821,0.814825379,-0.570491470,0.083675001,47100,103904.955952250,0.020016833,1,0.388740000,0.132496000,-0.313719000,0.086160915,-0.343785594,0.934951215,-0.015936982,1,0.382756282,-0.050532113,-0.364720380,0.086160915,-0.343785594,0.934951215,-0.015936982
10.424695500,103904.986325791,vr_world,47018,103904.979031250,0.007295000,1,0.298862000,-0.195149000,-0.101415000,0.080970800,0.813997938,-0.566078124,0.102012957,1,0.387547805,-0.045676306,-0.180257844,0.080970800,0.813997938,-0.566078124,0.102012957,47101,103904.979031250,0.007295000,1,0.388724000,0.132323000,-0.313268000,0.087227536,-0.342688425,0.935272249,-0.014893657,1,0.382428137,-0.050544627,-0.364804572,0.087227536,-0.342688425,0.935272249,-0.014893657
10.437105500,103904.998735791,vr_world,47018,103904.979031250,0.019704875,1,0.298862000,-0.195149000,-0.101415000,0.080970800,0.813997938,-0.566078124,0.102012957,1,0.387547805,-0.045676306,-0.180257844,0.080970800,0.813997938,-0.566078124,0.102012957,47101,103904.979031250,0.019704875,1,0.388724000,0.132323000,-0.313268000,0.087227536,-0.342688425,0.935272249,-0.014893657,1,0.382428137,-0.050544627,-0.364804572,0.087227536,-0.342688425,0.935272249,-0.014893657
10.449500500,103905.011130791,vr_world,47019,103905.002731416,0.008399792,1,0.301887000,-0.185367000,-0.097842800,0.108587645,0.818348206,-0.551366486,0.120457196,1,0.386315882,-0.039355347,-0.187150067,0.108587645,0.818348206,-0.551366486,0.120457196,47102,103905.002731416,0.008399792,1,0.388903000,0.132052000,-0.312904000,0.089056502,-0.342407922,0.935224119,-0.013475974,1,0.382700443,-0.050609115,-0.365178422,0.089056502,-0.342407922,0.935224119,-0.013475974
10.461876250,103905.023506541,vr_world,47019,103905.002731416,0.020775500,1,0.301887000,-0.185367000,-0.097842800,0.108587645,0.818348206,-0.551366486,0.120457196,1,0.386315882,-0.039355347,-0.187150067,0.108587645,0.818348206,-0.551366486,0.120457196,47102,103905.002731416,0.020775500,1,0.388903000,0.132052000,-0.312904000,0.089056502,-0.342407922,0.935224119,-0.013475974,1,0.382700443,-0.050609115,-0.365178422,0.089056502,-0.342407922,0.935224119,-0.013475974
10.472042000,103905.033672291,vr_world,47020,103905.026630458,0.007043042,1,0.304658000,-0.175808000,-0.095375100,0.132054293,0.824627725,-0.534004512,0.131870999,1,0.383256680,-0.032218488,-0.193496278,0.132054293,0.824627725,-0.534004512,0.131870999,47103,103905.026630458,0.007043042,1,0.389241000,0.131935000,-0.312748000,0.088906701,-0.342450184,0.935235837,-0.012545844,1,0.383032675,-0.050642229,-0.365314464,0.088906701,-0.342450184,0.935235837,-0.012545844
10.484396625,103905.046026916,vr_world,47020,103905.026630458,0.019397458,1,0.304658000,-0.175808000,-0.095375100,0.132054293,0.824627725,-0.534004512,0.131870999,1,0.383256680,-0.032218488,-0.193496278,0.132054293,0.824627725,-0.534004512,0.131870999,47103,103905.026630458,0.019397458,1,0.389241000,0.131935000,-0.312748000,0.088906701,-0.342450184,0.935235837,-0.012545844,1,0.383032675,-0.050642229,-0.365314464,0.088906701,-0.342450184,0.935235837,-0.012545844
10.496773709,103905.058404000,vr_world,47021,103905.049897125,0.008507708,1,0.306213000,-0.170425000,-0.094391800,0.141716321,0.828052721,-0.525031228,0.136335564,1,0.381742697,-0.027734237,-0.196166164,0.141716321,0.828052721,-0.525031228,0.136335564,47104,103905.049897125,0.008507708,1,0.389460000,0.131862000,-0.312542000,0.088202483,-0.341541009,0.935648351,-0.011498899,1,0.382810533,-0.050616703,-0.365395749,0.088202483,-0.341541009,0.935648351,-0.011498899
10.507934625,103905.069564916,vr_world,47021,103905.049897125,0.019668375,1,0.306213000,-0.170425000,-0.094391800,0.141716321,0.828052721,-0.525031228,0.136335564,1,0.381742697,-0.027734237,-0.196166164,0.141716321,0.828052721,-0.525031228,0.136335564,47104,103905.049897125,0.019668375,1,0.389460000,0.131862000,-0.312542000,0.088202483,-0.341541009,0.935648351,-0.011498899,1,0.382810533,-0.050616703,-0.365395749,0.088202483,-0.341541009,0.935648351,-0.011498899
10.520043417,103905.081673708,vr_world,47022,103905.073315625,0.008358708,1,0.308552000,-0.160793000,-0.092327900,0.163403056,0.828383798,-0.514950709,0.148005037,1,0.381376789,-0.022398979,-0.201722163,0.163403056,0.828383798,-0.514950709,0.148005037,47105,103905.073315625,0.008358708,1,0.389449000,0.131861000,-0.312525000,0.088607361,-0.341362108,0.935672940,-0.011695969,1,0.382777912,-0.050618314,-0.365373809,0.088607361,-0.341362108,0.935672940,-0.011695969
10.531971459,103905.093601750,vr_world,47022,103905.073315625,0.020287000,1,0.308552000,-0.160793000,-0.092327900,0.163403056,0.828383798,-0.514950709,0.148005037,1,0.381376789,-0.022398979,-0.201722163,0.163403056,0.828383798,-0.514950709,0.148005037,47105,103905.073315625,0.020287000,1,0.389449000,0.131861000,-0.312525000,0.088607361,-0.341362108,0.935672940,-0.011695969,1,0.382777912,-0.050618314,-0.365373809,0.088607361,-0.341362108,0.935672940,-0.011695969
10.544046625,103905.105676916,vr_world,47023,103905.096791958,0.008886083,1,0.310022000,-0.152050000,-0.090832300,0.187257897,0.824667527,-0.507875301,0.164075069,1,0.382119094,-0.019950650,-0.208200176,0.187257897,0.824667527,-0.507875301,0.164075069,47106,103905.096791958,0.008886083,1,0.389480000,0.131884000,-0.312563000,0.089156308,-0.341621586,0.935522726,-0.011961361,1,0.382974891,-0.050607999,-0.365388598,0.089156308,-0.341621586,0.935522726,-0.011961361
10.556401084,103905.118031375,vr_world,47023,103905.096791958,0.021240583,1,0.310022000,-0.152050000,-0.090832300,0.187257897,0.824667527,-0.507875301,0.164075069,1,0.382119094,-0.019950650,-0.208200176,0.187257897,0.824667527,-0.507875301,0.164075069,47106,103905.096791958,0.021240583,1,0.389480000,0.131884000,-0.312563000,0.089156308,-0.341621586,0.935522726,-0.011961361,1,0.382974891,-0.050607999,-0.365388598,0.089156308,-0.341621586,0.935522726,-0.011961361
10.568815209,103905.130445500,vr_world,47024,103905.119902625,0.010543458,1,0.310253000,-0.148526000,-0.091318400,0.192655811,0.820099840,-0.509631850,0.174915318,1,0.384756396,-0.019299741,-0.210369825,0.192655811,0.820099840,-0.509631850,0.174915318,47107,103905.119902625,0.010543458,1,0.389548000,0.131938000,-0.312692000,0.088945880,-0.341896426,0.935436790,-0.012388544,1,0.383127712,-0.050609746,-0.365335512,0.088945880,-0.341896426,0.935436790,-0.012388544
10.581177875,103905.142808166,vr_world,47024,103905.119902625,0.022906208,1,0.310253000,-0.148526000,-0.091318400,0.192655811,0.820099840,-0.509631850,0.174915318,1,0.384756396,-0.019299741,-0.210369825,0.192655811,0.820099840,-0.509631850,0.174915318,47107,103905.119902625,0.022906208,1,0.389548000,0.131938000,-0.312692000,0.088945880,-0.341896426,0.935436790,-0.012388544,1,0.383127712,-0.050609746,-0.365335512,0.088945880,-0.341896426,0.935436790,-0.012388544
10.593590750,103905.155221041,vr_world,47025,103905.143254375,0.011967291,1,0.312584000,-0.142946000,-0.090710800,0.206688559,0.818106525,-0.503140801,0.186630351,1,0.386418620,-0.017721773,-0.214366692,0.206688559,0.818106525,-0.503140801,0.186630351,47108,103905.143254375,0.011967291,1,0.389584000,0.132079000,-0.312952000,0.087626701,-0.342394008,0.935374109,-0.012774247,1,0.383207234,-0.050564191,-0.365268548,0.087626701,-0.342394008,0.935374109,-0.012774247
10.605989917,103905.167620208,vr_world,47026,103905.166466625,0.001154041,1,0.316969000,-0.137327000,-0.091487800,0.222243860,0.815526262,-0.500408040,0.187393642,1,0.389414402,-0.015932408,-0.219700425,0.222243860,0.815526262,-0.500408040,0.187393642,47109,103905.166466625,0.001154041,1,0.389315000,0.132218000,-0.313267000,0.086534179,-0.343724352,0.934974443,-0.013718476,1,0.383336857,-0.050584654,-0.365071200,0.086534179,-0.343724352,0.934974443,-0.013718476
10.618399709,103905.180030000,vr_world,47026,103905.166466625,0.013563833,1,0.316969000,-0.137327000,-0.091487800,0.222243860,0.815526262,-0.500408040,0.187393642,1,0.389414402,-0.015932408,-0.219700425,0.222243860,0.815526262,-0.500408040,0.187393642,47109,103905.166466625,0.013563833,1,0.389315000,0.132218000,-0.313267000,0.086534179,-0.343724352,0.934974443,-0.013718476,1,0.383336857,-0.050584654,-0.365071200,0.086534179,-0.343724352,0.934974443,-0.013718476
10.630818459,103905.192448750,vr_world,47027,103905.189522166,0.002926875,1,0.319684000,-0.135083000,-0.092429600,0.229483909,0.814578857,-0.500667277,0.182018402,1,0.390903162,-0.015025945,-0.222574051,0.229483909,0.814578857,-0.500667277,0.182018402,47110,103905.189522166,0.002926875,1,0.389147000,0.132316000,-0.313481000,0.085945806,-0.344661607,0.934673114,-0.014417551,1,0.383471489,-0.050594429,-0.364937550,0.085945806,-0.344661607,0.934673114,-0.014417551
10.643235834,103905.204866125,vr_world,47027,103905.189522166,0.015344667,1,0.319684000,-0.135083000,-0.092429600,0.229483909,0.814578857,-0.500667277,0.182018402,1,0.390903162,-0.015025945,-0.222574051,0.229483909,0.814578857,-0.500667277,0.182018402,47110,103905.189522166,0.015344667,1,0.389147000,0.132316000,-0.313481000,0.085945806,-0.344661607,0.934673114,-0.014417551,1,0.383471489,-0.050594429,-0.364937550,0.085945806,-0.344661607,0.934673114,-0.014417551
10.655647125,103905.217277416,vr_world,47028,103905.212536041,0.004741709,1,0.324054000,-0.131461000,-0.093557500,0.245655245,0.814687564,-0.494335269,0.177680375,1,0.391498519,-0.014441758,-0.228394942,0.245655245,0.814687564,-0.494335269,0.177680375,47111,103905.212536041,0.004741709,1,0.388944000,0.132592000,-0.313844000,0.085300384,-0.345447199,0.934424297,-0.015534191,1,0.383508720,-0.050463413,-0.364808836,0.085300384,-0.345447199,0.934424297,-0.015534191
10.668087125,103905.229717416,vr_world,47028,103905.212536041,0.017181834,1,0.324054000,-0.131461000,-0.093557500,0.245655245,0.814687564,-0.494335269,0.177680375,1,0.391498519,-0.014441758,-0.228394942,0.245655245,0.814687564,-0.494335269,0.177680375,47111,103905.212536041,0.017181834,1,0.388944000,0.132592000,-0.313844000,0.085300384,-0.345447199,0.934424297,-0.015534191,1,0.383508720,-0.050463413,-0.364808836,0.085300384,-0.345447199,0.934424297,-0.015534191
10.680453667,103905.242083958,vr_world,47029,103905.235545125,0.006539375,1,0.327786000,-0.129450000,-0.095011500,0.253762700,0.820183451,-0.483767609,0.169919093,1,0.389576246,-0.012296786,-0.232417922,0.253762700,0.820183451,-0.483767609,0.169919093,47112,103905.235545125,0.006539375,1,0.388836000,0.132771000,-0.314022000,0.084677681,-0.345854695,0.934319412,-0.016169658,1,0.383493437,-0.050374044,-0.364673369,0.084677681,-0.345854695,0.934319412,-0.016169658
10.691267084,103905.252897375,vr_world,47029,103905.235545125,0.017352833,1,0.327786000,-0.129450000,-0.095011500,0.253762700,0.820183451,-0.483767609,0.169919093,1,0.389576246,-0.012296786,-0.232417922,0.253762700,0.820183451,-0.483767609,0.169919093,47112,103905.235545125,0.017352833,1,0.388836000,0.132771000,-0.314022000,0.084677681,-0.345854695,0.934319412,-0.016169658,1,0.383493437,-0.050374044,-0.364673369,0.084677681,-0.345854695,0.934319412,-0.016169658
10.701374500,103905.263004791,vr_world,47030,103905.259080125,0.003925208,1,0.329625000,-0.127883000,-0.096930900,0.256060058,0.821448005,-0.482105735,0.165016610,1,0.389746694,-0.010543435,-0.234917272,0.256060058,0.821448005,-0.482105735,0.165016610,47113,103905.259080125,0.003925208,1,0.388752000,0.132839000,-0.314084000,0.084395408,-0.345596930,0.934431790,-0.016655550,1,0.383280113,-0.050355979,-0.364540890,0.084395408,-0.345596930,0.934431790,-0.016655550
10.713774542,103905.275404833,vr_world,47030,103905.259080125,0.016325250,1,0.329625000,-0.127883000,-0.096930900,0.256060058,0.821448005,-0.482105735,0.165016610,1,0.389746694,-0.010543435,-0.234917272,0.256060058,0.821448005,-0.482105735,0.165016610,47113,103905.259080125,0.016325250,1,0.388752000,0.132839000,-0.314084000,0.084395408,-0.345596930,0.934431790,-0.016655550,1,0.383280113,-0.050355979,-0.364540890,0.084395408,-0.345596930,0.934431790,-0.016655550
10.725157125,103905.286787416,vr_world,47031,103905.283080791,0.003707292,1,0.332139000,-0.124108000,-0.099742800,0.268142050,0.820313372,-0.478296502,0.162536977,1,0.389856018,-0.009468260,-0.240986941,0.268142050,0.820313372,-0.478296502,0.162536977,47114,103905.283080791,0.003707292,1,0.388537000,0.133053000,-0.314192000,0.084355866,-0.346174931,0.934215004,-0.017009739,1,0.383288768,-0.050188116,-0.364504379,0.084355866,-0.346174931,0.934215004,-0.017009739
10.736040834,103905.297671125,vr_world,47031,103905.283080791,0.014590750,1,0.332139000,-0.124108000,-0.099742800,0.268142050,0.820313372,-0.478296502,0.162536977,1,0.389856018,-0.009468260,-0.240986941,0.268142050,0.820313372,-0.478296502,0.162536977,47114,103905.283080791,0.014590750,1,0.388537000,0.133053000,-0.314192000,0.084355866,-0.346174931,0.934215004,-0.017009739,1,0.383288768,-0.050188116,-0.364504379,0.084355866,-0.346174931,0.934215004,-0.017009739
10.748440292,103905.310070583,vr_world,47032,103905.306065875,0.004005125,1,0.333823000,-0.120636000,-0.103390000,0.277641817,0.816694469,-0.478726839,0.163541369,1,0.391440549,-0.008997558,-0.247058041,0.277641817,0.816694469,-0.478726839,0.163541369,47115,103905.306065875,0.004005125,1,0.388445000,0.133257000,-0.314243000,0.084551667,-0.346195732,0.934183428,-0.017345125,1,0.383228949,-0.050009152,-0.364467767,0.084551667,-0.346195732,0.934183428,-0.017345125
10.760840209,103905.322470500,vr_world,47032,103905.306065875,0.016405208,1,0.333823000,-0.120636000,-0.103390000,0.277641817,0.816694469,-0.478726839,0.163541369,1,0.391440549,-0.008997558,-0.247058041,0.277641817,0.816694469,-0.478726839,0.163541369,47115,103905.306065875,0.016405208,1,0.388445000,0.133257000,-0.314243000,0.084551667,-0.346195732,0.934183428,-0.017345125,1,0.383228949,-0.050009152,-0.364467767,0.084551667,-0.346195732,0.934183428,-0.017345125
10.773239417,103905.334869708,vr_world,47033,103905.328985458,0.005884917,1,0.334947000,-0.118298000,-0.105876000,0.284639114,0.814313435,-0.477775089,0.166148034,1,0.392420735,-0.008999340,-0.251388893,0.284639114,0.814313435,-0.477775089,0.166148034,47116,103905.328985458,0.005884917,1,0.388448000,0.133426000,-0.314197000,0.085115379,-0.345731774,0.934299508,-0.017588125,1,0.383115627,-0.049834037,-0.364431615,0.085115379,-0.345731774,0.934299508,-0.017588125
10.785649500,103905.347279791,vr_world,47033,103905.328985458,0.018294833,1,0.334947000,-0.118298000,-0.105876000,0.284639114,0.814313435,-0.477775089,0.166148034,1,0.392420735,-0.008999340,-0.251388893,0.284639114,0.814313435,-0.477775089,0.166148034,47116,103905.328985458,0.018294833,1,0.388448000,0.133426000,-0.314197000,0.085115379,-0.345731774,0.934299508,-0.017588125,1,0.383115627,-0.049834037,-0.364431615,0.085115379,-0.345731774,0.934299508,-0.017588125
10.798057209,103905.359687500,vr_world,47034,103905.351812250,0.007875958,1,0.336374000,-0.115046000,-0.109964000,0.296474051,0.812261672,-0.473164963,0.168668407,1,0.392174093,-0.009161244,-0.258618618,0.296474051,0.812261672,-0.473164963,0.168668407,47117,103905.351812250,0.007875958,1,0.388393000,0.133710000,-0.314053000,0.086071259,-0.345459429,0.934312923,-0.017575078,1,0.383062048,-0.049510748,-0.364431308,0.086071259,-0.345459429,0.934312923,-0.017575078
10.810465709,103905.372096000,vr_world,47034,103905.351812250,0.020284250,1,0.336374000,-0.115046000,-0.109964000,0.296474051,0.812261672,-0.473164963,0.168668407,1,0.392174093,-0.009161244,-0.258618618,0.296474051,0.812261672,-0.473164963,0.168668407,47117,103905.351812250,0.020284250,1,0.388393000,0.133710000,-0.314053000,0.086071259,-0.345459429,0.934312923,-0.017575078,1,0.383062048,-0.049510748,-0.364431308,0.086071259,-0.345459429,0.934312923,-0.017575078
10.822861084,103905.384491375,vr_world,47035,103905.375028625,0.009463125,1,0.336965000,-0.112326000,-0.114812000,0.302607387,0.808742744,-0.474229349,0.171669647,1,0.393457776,-0.008912572,-0.264937413,0.302607387,0.808742744,-0.474229349,0.171669647,47118,103905.375028625,0.009463125,1,0.388467000,0.134015000,-0.313997000,0.087070788,-0.345141345,0.934334448,-0.017755818,1,0.383126054,-0.049181979,-0.364460817,0.087070788,-0.345141345,0.934334448,-0.017755818
10.834709959,103905.396340250,vr_world,47035,103905.375028625,0.021312208,1,0.336965000,-0.112326000,-0.114812000,0.302607387,0.808742744,-0.474229349,0.171669647,1,0.393457776,-0.008912572,-0.264937413,0.302607387,0.808742744,-0.474229349,0.171669647,47118,103905.375028625,0.021312208,1,0.388467000,0.134015000,-0.313997000,0.087070788,-0.345141345,0.934334448,-0.017755818,1,0.383126054,-0.049181979,-0.364460817,0.087070788,-0.345141345,0.934334448,-0.017755818
10.847115917,103905.408746208,vr_world,47036,103905.398988625,0.009758041,1,0.338397000,-0.110665000,-0.117551000,0.305390697,0.807491737,-0.475352783,0.169509140,1,0.394676716,-0.007973152,-0.268250842,0.305390697,0.807491737,-0.475352783,0.169509140,47119,103905.398988625,0.009758041,1,0.388713000,0.134325000,-0.314088000,0.087465287,-0.344584493,0.934493568,-0.018251650,1,0.383201943,-0.048893111,-0.364456518,0.087465287,-0.344584493,0.934493568,-0.018251650
10.857931084,103905.419561375,vr_world,47036,103905.398988625,0.020573208,1,0.338397000,-0.110665000,-0.117551000,0.305390697,0.807491737,-0.475352783,0.169509140,1,0.394676716,-0.007973152,-0.268250842,0.305390697,0.807491737,-0.475352783,0.169509140,47119,103905.398988625,0.020573208,1,0.388713000,0.134325000,-0.314088000,0.087465287,-0.344584493,0.934493568,-0.018251650,1,0.383201943,-0.048893111,-0.364456518,0.087465287,-0.344584493,0.934493568,-0.018251650
10.870355500,103905.431985791,vr_world,47037,103905.422753166,0.009233084,1,0.340464000,-0.108144000,-0.121956000,0.315362559,0.807773968,-0.470905091,0.162160625,1,0.393116281,-0.007062899,-0.275037066,0.315362559,0.807773968,-0.470905091,0.162160625,47120,103905.422753166,0.009233084,1,0.389118000,0.134670000,-0.314109000,0.087545209,-0.344078137,0.934668537,-0.018460689,1,0.383419557,-0.048553985,-0.364435086,0.087545209,-0.344078137,0.934668537,-0.018460689
10.882710959,103905.444341250,vr_world,47037,103905.422753166,0.021588584,1,0.340464000,-0.108144000,-0.121956000,0.315362559,0.807773968,-0.470905091,0.162160625,1,0.393116281,-0.007062899,-0.275037066,0.315362559,0.807773968,-0.470905091,0.162160625,47120,103905.422753166,0.021588584,1,0.389118000,0.134670000,-0.314109000,0.087545209,-0.344078137,0.934668537,-0.018460689,1,0.383419557,-0.048553985,-0.364435086,0.087545209,-0.344078137,0.934668537,-0.018460689
10.894293875,103905.455924166,vr_world,47038,103905.445196666,0.010728250,1,0.341691000,-0.105973000,-0.126593000,0.323559573,0.809633678,-0.464380963,0.155411814,1,0.390205942,-0.005826311,-0.281642630,0.323559573,0.809633678,-0.464380963,0.155411814,47121,103905.445196666,0.010728250,1,0.389677000,0.134528000,-0.314219000,0.087838423,-0.344312120,0.934556844,-0.018359771,1,0.384102620,-0.048681668,-0.364611081,0.087838423,-0.344312120,0.934556844,-0.018359771
10.906701750,103905.468332041,vr_world,47038,103905.445196666,0.023135834,1,0.341691000,-0.105973000,-0.126593000,0.323559573,0.809633678,-0.464380963,0.155411814,1,0.390205942,-0.005826311,-0.281642630,0.323559573,0.809633678,-0.464380963,0.155411814,47121,103905.445196666,0.023135834,1,0.389677000,0.134528000,-0.314219000,0.087838423,-0.344312120,0.934556844,-0.018359771,1,0.384102620,-0.048681668,-0.364611081,0.087838423,-0.344312120,0.934556844,-0.018359771
10.919097792,103905.480728083,vr_world,47039,103905.468802791,0.011925709,1,0.341865000,-0.103593000,-0.131134000,0.332039087,0.808373222,-0.461036745,0.154038629,1,0.388456110,-0.005645177,-0.288165660,0.332039087,0.808373222,-0.461036745,0.154038629,47122,103905.468802791,0.011925709,1,0.390362000,0.135402000,-0.313894000,0.086247124,-0.344727142,0.934550053,-0.018461586,1,0.384769999,-0.047879946,-0.364020664,0.086247124,-0.344727142,0.934550053,-0.018461586
10.930725125,103905.492355416,vr_world,47039,103905.468802791,0.023553042,1,0.341865000,-0.103593000,-0.131134000,0.332039087,0.808373222,-0.461036745,0.154038629,1,0.388456110,-0.005645177,-0.288165660,0.332039087,0.808373222,-0.461036745,0.154038629,47122,103905.468802791,0.023553042,1,0.390362000,0.135402000,-0.313894000,0.086247124,-0.344727142,0.934550053,-0.018461586,1,0.384769999,-0.047879946,-0.364020664,0.086247124,-0.344727142,0.934550053,-0.018461586
10.940934375,103905.502564666,vr_world,47040,103905.492957458,0.009607625,1,0.341108000,-0.102729000,-0.133214000,0.333371034,0.806913761,-0.461292661,0.157996889,1,0.388564883,-0.005811873,-0.290625548,0.333371034,0.806913761,-0.461292661,0.157996889,47123,103905.492957458,0.009607625,1,0.391007000,0.135389000,-0.313715000,0.085699013,-0.343603772,0.935040006,-0.017097184,1,0.384906701,-0.047759882,-0.364266828,0.085699013,-0.343603772,0.935040006,-0.017097184
10.952626084,103905.514256375,vr_world,47040,103905.492957458,0.021299417,1,0.341108000,-0.102729000,-0.133214000,0.333371034,0.806913761,-0.461292661,0.157996889,1,0.388564883,-0.005811873,-0.290625548,0.333371034,0.806913761,-0.461292661,0.157996889,47123,103905.492957458,0.021299417,1,0.391007000,0.135389000,-0.313715000,0.085699013,-0.343603772,0.935040006,-0.017097184,1,0.384906701,-0.047759882,-0.364266828,0.085699013,-0.343603772,0.935040006,-0.017097184
10.964972125,103905.526602416,vr_world,47041,103905.514935416,0.011667625,1,0.338629000,-0.102322000,-0.135236000,0.337552945,0.801497976,-0.464415088,0.167265146,1,0.388931371,-0.008488502,-0.293629149,0.337552945,0.801497976,-0.464415088,0.167265146,47124,103905.514935416,0.011667625,1,0.392136000,0.135858000,-0.313759000,0.084865563,-0.342074038,0.935662187,-0.017873464,1,0.385349426,-0.047356415,-0.363984920,0.084865563,-0.342074038,0.935662187,-0.017873464
10.977383042,103905.539013333,vr_world,47042,103905.537970458,0.001043417,1,0.334781000,-0.106571000,-0.135150000,0.327715178,0.798579779,-0.473197805,0.175945829,1,0.390513590,-0.011778729,-0.291136365,0.327715178,0.798579779,-0.473197805,0.175945829,47125,103905.537970458,0.001043417,1,0.393113000,0.135746000,-0.313720000,0.084912506,-0.339984275,0.936419775,-0.017848379,1,0.385516999,-0.047413386,-0.364030423,0.084912506,-0.339984275,0.936419775,-0.017848379
10.989794917,103905.551425208,vr_world,47042,103905.537970458,0.013455250,1,0.334781000,-0.106571000,-0.135150000,0.327715178,0.798579779,-0.473197805,0.175945829,1,0.390513590,-0.011778729,-0.291136365,0.327715178,0.798579779,-0.473197805,0.175945829,47125,103905.537970458,0.013455250,1,0.393113000,0.135746000,-0.313720000,0.084912506,-0.339984275,0.936419775,-0.017848379,1,0.385516999,-0.047413386,-0.364030423,0.084912506,-0.339984275,0.936419775,-0.017848379
11.002208334,103905.563838625,vr_world,47043,103905.560844833,0.002994167,1,0.332742000,-0.112908000,-0.133137000,0.310440741,0.801333240,-0.481162153,0.173131645,1,0.391524748,-0.013088887,-0.284808227,0.310440741,0.801333240,-0.481162153,0.173131645,47126,103905.560844833,0.002994167,1,0.394387000,0.135997000,-0.313544000,0.084067139,-0.336089433,0.937905373,-0.017610257,1,0.385178575,-0.047063180,-0.363946086,0.084067139,-0.336089433,0.937905373,-0.017610257
11.014644709,103905.576275000,vr_world,47043,103905.560844833,0.015430458,1,0.332742000,-0.112908000,-0.133137000,0.310440741,0.801333240,-0.481162153,0.173131645,1,0.391524748,-0.013088887,-0.284808227,0.310440741,0.801333240,-0.481162153,0.173131645,47126,103905.560844833,0.015430458,1,0.394387000,0.135997000,-0.313544000,0.084067139,-0.336089433,0.937905373,-0.017610257,1,0.385178575,-0.047063180,-0.363946086,0.084067139,-0.336089433,0.937905373,-0.017610257
11.027041834,103905.588672125,vr_world,47044,103905.584448583,0.004224167,1,0.330477000,-0.124851000,-0.130178000,0.282334901,0.805924888,-0.496225156,0.156629094,1,0.392608679,-0.016051180,-0.274142249,0.282334901,0.805924888,-0.496225156,0.156629094,47127,103905.584448583,0.004224167,1,0.395846000,0.136140000,-0.313113000,0.085218867,-0.328319846,0.940554622,-0.017344367,1,0.383753248,-0.046611571,-0.364023208,0.085218867,-0.328319846,0.940554622,-0.017344367
11.038821292,103905.600451583,vr_world,47044,103905.584448583,0.016003333,1,0.330477000,-0.124851000,-0.130178000,0.282334901,0.805924888,-0.496225156,0.156629094,1,0.392608679,-0.016051180,-0.274142249,0.282334901,0.805924888,-0.496225156,0.156629094,47127,103905.584448583,0.016003333,1,0.395846000,0.136140000,-0.313113000,0.085218867,-0.328319846,0.940554622,-0.017344367,1,0.383753248,-0.046611571,-0.364023208,0.085218867,-0.328319846,0.940554622,-0.017344367
11.050718375,103905.612348666,vr_world,47045,103905.608442166,0.003906959,1,0.329189000,-0.141478000,-0.126758000,0.243943486,0.814801288,-0.511929333,0.120493960,1,0.392253070,-0.019336590,-0.259150789,0.243943486,0.814801288,-0.511929333,0.120493960,47128,103905.608442166,0.003906959,1,0.397519000,0.136521000,-0.312543000,0.088354175,-0.317973951,0.943817944,-0.017140436,1,0.381795463,-0.045710396,-0.364318799,0.088354175,-0.317973951,0.943817944,-0.017140436
11.063093625,103905.624723916,vr_world,47045,103905.608442166,0.016282209,1,0.329189000,-0.141478000,-0.126758000,0.243943486,0.814801288,-0.511929333,0.120493960,1,0.392253070,-0.019336590,-0.259150789,0.243943486,0.814801288,-0.511929333,0.120493960,47128,103905.608442166,0.016282209,1,0.397519000,0.136521000,-0.312543000,0.088354175,-0.317973951,0.943817944,-0.017140436,1,0.381795463,-0.045710396,-0.364318799,0.088354175,-0.317973951,0.943817944,-0.017140436
11.074718667,103905.636348958,vr_world,47046,103905.632082125,0.004267375,1,0.329144000,-0.154936000,-0.125476000,0.217209070,0.822908345,-0.517609013,0.087880518,1,0.390338164,-0.022906038,-0.248954176,0.217209070,0.822908345,-0.517609013,0.087880518,47129,103905.632082125,0.004267375,1,0.398517000,0.137032000,-0.312453000,0.090798434,-0.310967595,0.945905403,-0.017826065,1,0.380392656,-0.044870843,-0.364597973,0.090798434,-0.310967595,0.945905403,-0.017826065
11.085377834,103905.647008125,vr_world,47046,103905.632082125,0.014926708,1,0.329144000,-0.154936000,-0.125476000,0.217209070,0.822908345,-0.517609013,0.087880518,1,0.390338164,-0.022906038,-0.248954176,0.217209070,0.822908345,-0.517609013,0.087880518,47129,103905.632082125,0.014926708,1,0.398517000,0.137032000,-0.312453000,0.090798434,-0.310967595,0.945905403,-0.017826065,1,0.380392656,-0.044870843,-0.364597973,0.090798434,-0.310967595,0.945905403,-0.017826065
11.097703000,103905.659333291,vr_world,47047,103905.655292125,0.004041416,1,0.327761000,-0.174637000,-0.124538000,0.175861965,0.829211325,-0.528459316,0.047030828,1,0.389548278,-0.030569565,-0.233397413,0.175861965,0.829211325,-0.528459316,0.047030828,47130,103905.655292125,0.004041416,1,0.400914000,0.137767000,-0.312616000,0.093414998,-0.298950691,0.949456630,-0.020838206,1,0.378518958,-0.043713098,-0.364574619,0.093414998,-0.298950691,0.949456630,-0.020838206
11.107939459,103905.669569750,vr_world,47047,103905.655292125,0.014288500,1,0.327761000,-0.174637000,-0.124538000,0.175861965,0.829211325,-0.528459316,0.047030828,1,0.389548278,-0.030569565,-0.233397413,0.175861965,0.829211325,-0.528459316,0.047030828,47130,103905.655292125,0.014288500,1,0.400914000,0.137767000,-0.312616000,0.093414998,-0.298950691,0.949456630,-0.020838206,1,0.378518958,-0.043713098,-0.364574619,0.093414998,-0.298950691,0.949456630,-0.020838206
11.120052417,103905.681682708,vr_world,47048,103905.679267041,0.002416292,1,0.326233000,-0.194855000,-0.125910000,0.134386009,0.830960719,-0.539802566,0.007607459,1,0.390242835,-0.041133144,-0.219161109,0.134386009,0.830960719,-0.539802566,0.007607459,47131,103905.679267041,0.002416292,1,0.403957000,0.138154000,-0.312931000,0.093153062,-0.285481604,0.953562482,-0.023266995,1,0.376437353,-0.042722536,-0.364531185,0.093153062,-0.285481604,0.953562482,-0.023266995
11.130711375,103905.692341666,vr_world,47048,103905.679267041,0.013075084,1,0.326233000,-0.194855000,-0.125910000,0.134386009,0.830960719,-0.539802566,0.007607459,1,0.390242835,-0.041133144,-0.219161109,0.134386009,0.830960719,-0.539802566,0.007607459,47131,103905.679267041,0.013075084,1,0.403957000,0.138154000,-0.312931000,0.093153062,-0.285481604,0.953562482,-0.023266995,1,0.376437353,-0.042722536,-0.364531185,0.093153062,-0.285481604,0.953562482,-0.023266995
11.141314750,103905.702945041,vr_world,47048,103905.679267041,0.023678375,1,0.326233000,-0.194855000,-0.125910000,0.134386009,0.830960719,-0.539802566,0.007607459,1,0.390242835,-0.041133144,-0.219161109,0.134386009,0.830960719,-0.539802566,0.007607459,47131,103905.679267041,0.023678375,1,0.403957000,0.138154000,-0.312931000,0.093153062,-0.285481604,0.953562482,-0.023266995,1,0.376437353,-0.042722536,-0.364531185,0.093153062,-0.285481604,0.953562482,-0.023266995
11.153547250,103905.715177541,vr_world,47049,103905.703605416,0.011572500,1,0.325091000,-0.204997000,-0.128697000,0.121745186,0.825849826,-0.550520436,-0.008799117,1,0.392391418,-0.049681003,-0.216850594,0.121745186,0.825849826,-0.550520436,-0.008799117,47132,103905.703605416,0.011572500,1,0.406350000,0.138380000,-0.313374000,0.092556360,-0.274496925,0.956763332,-0.026242802,1,0.374635169,-0.042000413,-0.364298181,0.092556360,-0.274496925,0.956763332,-0.026242802
11.165528209,103905.727158500,vr_world,47050,103905.726398541,0.000760250,1,0.323863000,-0.221625000,-0.133756000,0.092069041,0.824433040,-0.556803023,-0.042471739,1,0.392671556,-0.060678068,-0.209814368,0.092069041,0.824433040,-0.556803023,-0.042471739,47133,103905.726398541,0.000760250,1,0.410073000,0.138465000,-0.313255000,0.092210685,-0.257559649,0.961415052,-0.029005425,1,0.372019805,-0.040783683,-0.363832881,0.092210685,-0.257559649,0.961415052,-0.029005425
11.177944334,103905.739574625,vr_world,47050,103905.726398541,0.013176625,1,0.323863000,-0.221625000,-0.133756000,0.092069041,0.824433040,-0.556803023,-0.042471739,1,0.392671556,-0.060678068,-0.209814368,0.092069041,0.824433040,-0.556803023,-0.042471739,47133,103905.726398541,0.013176625,1,0.410073000,0.138465000,-0.313255000,0.092210685,-0.257559649,0.961415052,-0.029005425,1,0.372019805,-0.040783683,-0.363832881,0.092210685,-0.257559649,0.961415052,-0.029005425
11.190345875,103905.751976166,vr_world,47051,103905.750001791,0.001974709,1,0.323371000,-0.235340000,-0.140319000,0.076190956,0.824563601,-0.556055555,-0.071358431,1,0.390865367,-0.070525180,-0.208904733,0.076190956,0.824563601,-0.556055555,-0.071358431,47134,103905.750001791,0.001974709,1,0.413533000,0.137983000,-0.312562000,0.092462117,-0.244297373,0.964868120,-0.028267687,1,0.370646259,-0.039953886,-0.363898565,0.092462117,-0.244297373,0.964868120,-0.028267687
11.202747250,103905.764377541,vr_world,47051,103905.750001791,0.014376625,1,0.323371000,-0.235340000,-0.140319000,0.076190956,0.824563601,-0.556055555,-0.071358431,1,0.390865367,-0.070525180,-0.208904733,0.076190956,0.824563601,-0.556055555,-0.071358431,47134,103905.750001791,0.014376625,1,0.413533000,0.137983000,-0.312562000,0.092462117,-0.244297373,0.964868120,-0.028267687,1,0.370646259,-0.039953886,-0.363898565,0.092462117,-0.244297373,0.964868120,-0.028267687
11.213413542,103905.775043833,vr_world,47052,103905.773435875,0.001608625,1,0.323351000,-0.239479000,-0.146424000,0.074916544,0.825173119,-0.554142143,-0.080020745,1,0.389570794,-0.073685081,-0.213883377,0.074916544,0.825173119,-0.554142143,-0.080020745,47135,103905.773435875,0.001608625,1,0.415545000,0.137164000,-0.311958000,0.092474944,-0.237705476,0.966575462,-0.026007075,1,0.370273599,-0.039899069,-0.364258475,0.092474944,-0.237705476,0.966575462,-0.026007075
11.224049334,103905.785679625,vr_world,47052,103905.773435875,0.012244416,1,0.323351000,-0.239479000,-0.146424000,0.074916544,0.825173119,-0.554142143,-0.080020745,1,0.389570794,-0.073685081,-0.213883377,0.074916544,0.825173119,-0.554142143,-0.080020745,47135,103905.773435875,0.012244416,1,0.415545000,0.137164000,-0.311958000,0.092474944,-0.237705476,0.966575462,-0.026007075,1,0.370273599,-0.039899069,-0.364258475,0.092474944,-0.237705476,0.966575462,-0.026007075
11.236448334,103905.798078625,vr_world,47053,103905.796588958,0.001490375,1,0.323399000,-0.246859000,-0.154423000,0.070539573,0.822722443,-0.555126741,-0.099931237,1,0.389089942,-0.079695597,-0.218956326,0.070539573,0.822722443,-0.555126741,-0.099931237,47136,103905.796588958,0.001490375,1,0.418943000,0.136219000,-0.311436000,0.092998014,-0.225194642,0.969536656,-0.025247086,1,0.369227035,-0.039416047,-0.364510455,0.092998014,-0.225194642,0.969536656,-0.025247086
11.248044417,103905.809674708,vr_world,47053,103905.796588958,0.013086333,1,0.323399000,-0.246859000,-0.154423000,0.070539573,0.822722443,-0.555126741,-0.099931237,1,0.389089942,-0.079695597,-0.218956326,0.070539573,0.822722443,-0.555126741,-0.099931237,47136,103905.796588958,0.013086333,1,0.418943000,0.136219000,-0.311436000,0.092998014,-0.225194642,0.969536656,-0.025247086,1,0.369227035,-0.039416047,-0.364510455,0.092998014,-0.225194642,0.969536656,-0.025247086
11.258713584,103905.820343875,vr_world,47053,103905.796588958,0.023755958,1,0.323399000,-0.246859000,-0.154423000,0.070539573,0.822722443,-0.555126741,-0.099931237,1,0.389089942,-0.079695597,-0.218956326,0.070539573,0.822722443,-0.555126741,-0.099931237,47136,103905.796588958,0.023755958,1,0.418943000,0.136219000,-0.311436000,0.092998014,-0.225194642,0.969536656,-0.025247086,1,0.369227035,-0.039416047,-0.364510455,0.092998014,-0.225194642,0.969536656,-0.025247086
11.270730959,103905.832361250,vr_world,47054,103905.820898458,0.011463417,1,0.323334000,-0.251117000,-0.163031000,0.072694685,0.818715896,-0.557566307,-0.116359694,1,0.388832489,-0.083754505,-0.227242728,0.072694685,0.818715896,-0.557566307,-0.116359694,47137,103905.820898458,0.011463417,1,0.422288000,0.134716000,-0.311012000,0.093619779,-0.215102655,0.971787115,-0.024412879,1,0.369051764,-0.039661268,-0.364814315,0.093619779,-0.215102655,0.971787115,-0.024412879
11.283138125,103905.844768416,vr_world,47055,103905.843083500,0.001685416,1,0.323722000,-0.251508000,-0.168805000,0.077627216,0.818563337,-0.555471527,-0.124013957,1,0.387479209,-0.083872580,-0.234049469,0.077627216,0.818563337,-0.555471527,-0.124013957,47138,103905.843083500,0.001685416,1,0.424202000,0.133738000,-0.310667000,0.090871629,-0.211735444,0.972828317,-0.022704942,1,0.369451449,-0.040119821,-0.364630399,0.090871629,-0.211735444,0.972828317,-0.022704942
11.294422000,103905.856052291,vr_world,47055,103905.843083500,0.012969166,1,0.323722000,-0.251508000,-0.168805000,0.077627216,0.818563337,-0.555471527,-0.124013957,1,0.387479209,-0.083872580,-0.234049469,0.077627216,0.818563337,-0.555471527,-0.124013957,47138,103905.843083500,0.012969166,1,0.424202000,0.133738000,-0.310667000,0.090871629,-0.211735444,0.972828317,-0.022704942,1,0.369451449,-0.040119821,-0.364630399,0.090871629,-0.211735444,0.972828317,-0.022704942
11.306714875,103905.868345166,vr_world,47056,103905.865498041,0.002847709,1,0.324254000,-0.253585000,-0.177773000,0.080248068,0.815903228,-0.555133093,-0.140318994,1,0.386757462,-0.085341758,-0.242665157,0.080248068,0.815903228,-0.555133093,-0.140318994,47139,103905.865498041,0.002847709,1,0.427218000,0.132135000,-0.309911000,0.088899424,-0.202283097,0.975096253,-0.019124273,1,0.368923662,-0.040227287,-0.364949485,0.088899424,-0.202283097,0.975096253,-0.019124273
11.318447250,103905.880077541,vr_world,47056,103905.865498041,0.014580042,1,0.324254000,-0.253585000,-0.177773000,0.080248068,0.815903228,-0.555133093,-0.140318994,1,0.386757462,-0.085341758,-0.242665157,0.080248068,0.815903228,-0.555133093,-0.140318994,47139,103905.865498041,0.014580042,1,0.427218000,0.132135000,-0.309911000,0.088899424,-0.202283097,0.975096253,-0.019124273,1,0.368923662,-0.040227287,-0.364949485,0.088899424,-0.202283097,0.975096253,-0.019124273
11.330839417,103905.892469708,vr_world,47057,103905.889527916,0.002942334,1,0.324864000,-0.254860000,-0.187107000,0.079145903,0.813844758,-0.553852799,-0.156970423,1,0.386192920,-0.085513257,-0.250224884,0.079145903,0.813844758,-0.553852799,-0.156970423,47140,103905.889527916,0.002942334,1,0.429396000,0.130740000,-0.309504000,0.089018740,-0.195767031,0.976448959,-0.017273185,1,0.368853069,-0.040584554,-0.365348899,0.089018740,-0.195767031,0.976448959,-0.017273185
11.341263542,103905.902893833,vr_world,47057,103905.889527916,0.013366625,1,0.324864000,-0.254860000,-0.187107000,0.079145903,0.813844758,-0.553852799,-0.156970423,1,0.386192920,-0.085513257,-0.250224884,0.079145903,0.813844758,-0.553852799,-0.156970423,47140,103905.889527916,0.013366625,1,0.429396000,0.130740000,-0.309504000,0.089018740,-0.195767031,0.976448959,-0.017273185,1,0.368853069,-0.040584554,-0.365348899,0.089018740,-0.195767031,0.976448959,-0.017273185
11.353700000,103905.915330291,vr_world,47058,103905.912933958,0.002396750,1,0.325272000,-0.255527000,-0.194577000,0.082599986,0.810917243,-0.553815782,-0.169936891,1,0.385670042,-0.085908869,-0.257863810,0.082599986,0.810917243,-0.553815782,-0.169936891,47141,103905.912933958,0.002396750,1,0.431387000,0.129113000,-0.309208000,0.089028898,-0.190807707,0.977438221,-0.016757066,1,0.369127252,-0.041490670,-0.365371324,0.089028898,-0.190807707,0.977438221,-0.016757066
11.366099167,103905.927729458,vr_world,47058,103905.912933958,0.014796042,1,0.325272000,-0.255527000,-0.194577000,0.082599986,0.810917243,-0.553815782,-0.169936891,1,0.385670042,-0.085908869,-0.257863810,0.082599986,0.810917243,-0.553815782,-0.169936891,47141,103905.912933958,0.014796042,1,0.431387000,0.129113000,-0.309208000,0.089028898,-0.190807707,0.977438221,-0.016757066,1,0.369127252,-0.041490670,-0.365371324,0.089028898,-0.190807707,0.977438221,-0.016757066
11.378143459,103905.939773750,vr_world,47059,103905.937497250,0.002277041,1,0.324647000,-0.255763000,-0.199100000,0.075636615,0.807023018,-0.559635964,-0.172628326,1,0.388037988,-0.086445323,-0.260227071,0.075636615,0.807023018,-0.559635964,-0.172628326,47142,103905.937497250,0.002277041,1,0.432185000,0.128347000,-0.308772000,0.088283093,-0.188583014,0.977961936,-0.015264125,1,0.369075963,-0.041814920,-0.365326288,0.088283093,-0.188583014,0.977961936,-0.015264125
11.390550542,103905.952180833,vr_world,47059,103905.937497250,0.014684125,1,0.324647000,-0.255763000,-0.199100000,0.075636615,0.807023018,-0.559635964,-0.172628326,1,0.388037988,-0.086445323,-0.260227071,0.075636615,0.807023018,-0.559635964,-0.172628326,47142,103905.937497250,0.014684125,1,0.432185000,0.128347000,-0.308772000,0.088283093,-0.188583014,0.977961936,-0.015264125,1,0.369075963,-0.041814920,-0.365326288,0.088283093,-0.188583014,0.977961936,-0.015264125
11.402959417,103905.964589708,vr_world,47060,103905.960691083,0.003899167,1,0.325758000,-0.256004000,-0.205955000,0.070961709,0.805046945,-0.559863696,-0.182801786,1,0.389412440,-0.085938387,-0.264685161,0.070961709,0.805046945,-0.559863696,-0.182801786,47143,103905.960691083,0.003899167,1,0.433327000,0.127242000,-0.308455000,0.088876893,-0.180303956,0.979444802,-0.016711121,1,0.367431516,-0.041886062,-0.364932335,0.088876893,-0.180303956,0.979444802,-0.016711121
11.415380167,103905.977010458,vr_world,47060,103905.960691083,0.016319625,1,0.325758000,-0.256004000,-0.205955000,0.070961709,0.805046945,-0.559863696,-0.182801786,1,0.389412440,-0.085938387,-0.264685161,0.070961709,0.805046945,-0.559863696,-0.182801786,47143,103905.960691083,0.016319625,1,0.433327000,0.127242000,-0.308455000,0.088876893,-0.180303956,0.979444802,-0.016711121,1,0.367431516,-0.041886062,-0.364932335,0.088876893,-0.180303956,0.979444802,-0.016711121
11.427785500,103905.989415791,vr_world,47061,103905.984197958,0.005218458,1,0.326743000,-0.256428000,-0.211189000,0.070725680,0.804763966,-0.557951520,-0.189849777,1,0.389443647,-0.085735553,-0.269121382,0.070725680,0.804763966,-0.557951520,-0.189849777,47144,103905.984197958,0.005218458,1,0.433912000,0.126372000,-0.307540000,0.093894803,-0.174154799,0.980083555,-0.017032233,1,0.366536905,-0.041814645,-0.365073246,0.093894803,-0.174154799,0.980083555,-0.017032233
11.440202959,103906.001833250,vr_world,47061,103905.984197958,0.017635708,1,0.326743000,-0.256428000,-0.211189000,0.070725680,0.804763966,-0.557951520,-0.189849777,1,0.389443647,-0.085735553,-0.269121382,0.070725680,0.804763966,-0.557951520,-0.189849777,47144,103905.984197958,0.017635708,1,0.433912000,0.126372000,-0.307540000,0.093894803,-0.174154799,0.980083555,-0.017032233,1,0.366536905,-0.041814645,-0.365073246,0.093894803,-0.174154799,0.980083555,-0.017032233
11.452627709,103906.014258000,vr_world,47062,103906.008465041,0.005793417,1,0.327119000,-0.256831000,-0.214156000,0.061796746,0.806911378,-0.555081070,-0.192250348,1,0.389622081,-0.084897249,-0.268521021,0.061796746,0.806911378,-0.555081070,-0.192250348,47145,103906.008465041,0.005793417,1,0.433952000,0.125768000,-0.306741000,0.096599450,-0.175690165,0.979568337,-0.015728501,1,0.367453576,-0.042469657,-0.365138587,0.096599450,-0.175690165,0.979568337,-0.015728501
11.465045375,103906.026675666,vr_world,47062,103906.008465041,0.018211209,1,0.327119000,-0.256831000,-0.214156000,0.061796746,0.806911378,-0.555081070,-0.192250348,1,0.389622081,-0.084897249,-0.268521021,0.061796746,0.806911378,-0.555081070,-0.192250348,47145,103906.008465041,0.018211209,1,0.433952000,0.125768000,-0.306741000,0.096599450,-0.175690165,0.979568337,-0.015728501,1,0.367453576,-0.042469657,-0.365138587,0.096599450,-0.175690165,0.979568337,-0.015728501
11.477449792,103906.039080083,vr_world,47063,103906.031162583,0.007918208,1,0.329030000,-0.256986000,-0.218870000,0.053276010,0.810360167,-0.547025058,-0.203080410,1,0.389018383,-0.082778434,-0.268634753,0.053276010,0.810360167,-0.547025058,-0.203080410,47146,103906.031162583,0.007918208,1,0.434728000,0.124812000,-0.305896000,0.096924819,-0.174474779,0.979800851,-0.012426712,1,0.367893587,-0.042902280,-0.365404786,0.096924819,-0.174474779,0.979800851,-0.012426712
11.489858000,103906.051488291,vr_world,47063,103906.031162583,0.020326208,1,0.329030000,-0.256986000,-0.218870000,0.053276010,0.810360167,-0.547025058,-0.203080410,1,0.389018383,-0.082778434,-0.268634753,0.053276010,0.810360167,-0.547025058,-0.203080410,47146,103906.031162583,0.020326208,1,0.434728000,0.124812000,-0.305896000,0.096924819,-0.174474779,0.979800851,-0.012426712,1,0.367893587,-0.042902280,-0.365404786,0.096924819,-0.174474779,0.979800851,-0.012426712
11.502294250,103906.063924541,vr_world,47064,103906.054939625,0.008985458,1,0.330543000,-0.256612000,-0.222203000,0.047276959,0.813366317,-0.539565120,-0.212296029,1,0.388055442,-0.080590621,-0.268379407,0.047276959,0.813366317,-0.539565120,-0.212296029,47147,103906.054939625,0.008985458,1,0.435110000,0.124019000,-0.305427000,0.096198869,-0.174408334,0.979909973,-0.010195833,1,0.368184063,-0.043464756,-0.365480112,0.096198869,-0.174408334,0.979909973,-0.010195833
11.514726250,103906.076356541,vr_world,47064,103906.054939625,0.021419375,1,0.330543000,-0.256612000,-0.222203000,0.047276959,0.813366317,-0.539565120,-0.212296029,1,0.388055442,-0.080590621,-0.268379407,0.047276959,0.813366317,-0.539565120,-0.212296029,47147,103906.054939625,0.021419375,1,0.435110000,0.124019000,-0.305427000,0.096198869,-0.174408334,0.979909973,-0.010195833,1,0.368184063,-0.043464756,-0.365480112,0.096198869,-0.174408334,0.979909973,-0.010195833
11.525539250,103906.087169541,vr_world,47065,103906.078407125,0.008762791,1,0.331229000,-0.255796000,-0.222780000,0.046318607,0.813355458,-0.539647392,-0.212339770,1,0.388883919,-0.079734438,-0.268624326,0.046318607,0.813355458,-0.539647392,-0.212339770,47148,103906.078407125,0.008762791,1,0.435168000,0.123932000,-0.305164000,0.096306607,-0.175278198,0.979750918,-0.009525175,1,0.368558326,-0.043606962,-0.365414333,0.096306607,-0.175278198,0.979750918,-0.009525175
11.536046292,103906.097676583,vr_world,47065,103906.078407125,0.019269833,1,0.331229000,-0.255796000,-0.222780000,0.046318607,0.813355458,-0.539647392,-0.212339770,1,0.388883919,-0.079734438,-0.268624326,0.046318607,0.813355458,-0.539647392,-0.212339770,47148,103906.078407125,0.019269833,1,0.435168000,0.123932000,-0.305164000,0.096306607,-0.175278198,0.979750918,-0.009525175,1,0.368558326,-0.043606962,-0.365414333,0.096306607,-0.175278198,0.979750918,-0.009525175
11.548333542,103906.109963833,vr_world,47066,103906.101302458,0.008661708,1,0.332417000,-0.254254000,-0.224464000,0.044962876,0.812470347,-0.540191152,-0.214624777,1,0.390417059,-0.078145898,-0.269690080,0.044962876,0.812470347,-0.540191152,-0.214624777,47149,103906.101302458,0.008661708,1,0.435731000,0.123852000,-0.305075000,0.096075478,-0.173699842,0.980062727,-0.008655568,1,0.368565037,-0.043366936,-0.365596139,0.096075478,-0.173699842,0.980062727,-0.008655568
11.560702125,103906.122332416,vr_world,47066,103906.101302458,0.021030375,1,0.332417000,-0.254254000,-0.224464000,0.044962876,0.812470347,-0.540191152,-0.214624777,1,0.390417059,-0.078145898,-0.269690080,0.044962876,0.812470347,-0.540191152,-0.214624777,47149,103906.101302458,0.021030375,1,0.435731000,0.123852000,-0.305075000,0.096075478,-0.173699842,0.980062727,-0.008655568,1,0.368565037,-0.043366936,-0.365596139,0.096075478,-0.173699842,0.980062727,-0.008655568
11.573100792,103906.134731083,vr_world,47067,103906.124293291,0.010439917,1,0.333709000,-0.252919000,-0.225353000,0.045796358,0.815479839,-0.535749698,-0.214167196,1,0.389825003,-0.076176068,-0.270479121,0.045796358,0.815479839,-0.535749698,-0.214167196,47150,103906.124293291,0.010439917,1,0.435858000,0.123827000,-0.305185000,0.096076399,-0.174656229,0.979892122,-0.008715297,1,0.369016075,-0.043538962,-0.365658050,0.096076399,-0.174656229,0.979892122,-0.008715297
11.585513750,103906.147144041,vr_world,47067,103906.124293291,0.022851542,1,0.333709000,-0.252919000,-0.225353000,0.045796358,0.815479839,-0.535749698,-0.214167196,1,0.389825003,-0.076176068,-0.270479121,0.045796358,0.815479839,-0.535749698,-0.214167196,47150,103906.124293291,0.022851542,1,0.435858000,0.123827000,-0.305185000,0.096076399,-0.174656229,0.979892122,-0.008715297,1,0.369016075,-0.043538962,-0.365658050,0.096076399,-0.174656229,0.979892122,-0.008715297
11.597946542,103906.159576833,vr_world,47068,103906.147701583,0.011877750,1,0.334018000,-0.252451000,-0.226054000,0.043441047,0.818413677,-0.531926552,-0.212993125,1,0.388871081,-0.075037528,-0.270088528,0.043441047,0.818413677,-0.531926552,-0.212993125,47151,103906.147701583,0.011877750,1,0.436373000,0.123815000,-0.305203000,0.095114698,-0.176237017,0.979711754,-0.007654189,1,0.369955539,-0.043687208,-0.365766724,0.095114698,-0.176237017,0.979711754,-0.007654189
11.610373000,103906.172003291,vr_world,47069,103906.170980750,0.001024833,1,0.335482000,-0.251489000,-0.227084000,0.040471365,0.822315897,-0.525331517,-0.214907961,1,0.387977441,-0.072916950,-0.269270326,0.040471365,0.822315897,-0.525331517,-0.214907961,47152,103906.170980750,0.001024833,1,0.437251000,0.123755000,-0.305370000,0.091554687,-0.177605790,0.979815824,-0.005905369,1,0.370861877,-0.043825647,-0.365747443,0.091554687,-0.177605790,0.979815824,-0.005905369
11.622784167,103906.184414458,vr_world,47069,103906.170980750,0.013434208,1,0.335482000,-0.251489000,-0.227084000,0.040471365,0.822315897,-0.525331517,-0.214907961,1,0.387977441,-0.072916950,-0.269270326,0.040471365,0.822315897,-0.525331517,-0.214907961,47152,103906.170980750,0.013434208,1,0.437251000,0.123755000,-0.305370000,0.091554687,-0.177605790,0.979815824,-0.005905369,1,0.370861877,-0.043825647,-0.365747443,0.091554687,-0.177605790,0.979815824,-0.005905369
11.635012417,103906.196642708,vr_world,47070,103906.193807791,0.002835375,1,0.336792000,-0.250040000,-0.227823000,0.038966219,0.822892056,-0.523453401,-0.217547314,1,0.388669621,-0.071065488,-0.269057531,0.038966219,0.822892056,-0.523453401,-0.217547314,47153,103906.193807791,0.002835375,1,0.437500000,0.124072000,-0.305745000,0.089285424,-0.178902805,0.979793248,-0.005204874,1,0.371271722,-0.043664568,-0.365865422,0.089285424,-0.178902805,0.979793248,-0.005204874
11.647390917,103906.209021208,vr_world,47070,103906.193807791,0.015213875,1,0.336792000,-0.250040000,-0.227823000,0.038966219,0.822892056,-0.523453401,-0.217547314,1,0.388669621,-0.071065488,-0.269057531,0.038966219,0.822892056,-0.523453401,-0.217547314,47153,103906.193807791,0.015213875,1,0.437500000,0.124072000,-0.305745000,0.089285424,-0.178902805,0.979793248,-0.005204874,1,0.371271722,-0.043664568,-0.365865422,0.089285424,-0.178902805,0.979793248,-0.005204874
11.658102792,103906.219733083,vr_world,47071,103906.217259541,0.002474000,1,0.337486000,-0.248370000,-0.226942000,0.046882485,0.818855909,-0.529859094,-0.215699732,1,0.391077236,-0.070762146,-0.271740361,0.046882485,0.818855909,-0.529859094,-0.215699732,47154,103906.217259541,0.002474000,1,0.437485000,0.124170000,-0.305924000,0.089729853,-0.178497285,0.979821709,-0.006057301,1,0.371167607,-0.043589854,-0.365880984,0.089729853,-0.178497285,0.979821709,-0.006057301
11.669383167,103906.231013458,vr_world,47071,103906.217259541,0.013754292,1,0.337486000,-0.248370000,-0.226942000,0.046882485,0.818855909,-0.529859094,-0.215699732,1,0.391077236,-0.070762146,-0.271740361,0.046882485,0.818855909,-0.529859094,-0.215699732,47154,103906.217259541,0.013754292,1,0.437485000,0.124170000,-0.305924000,0.089729853,-0.178497285,0.979821709,-0.006057301,1,0.371167607,-0.043589854,-0.365880984,0.089729853,-0.178497285,0.979821709,-0.006057301
11.681739500,103906.243369791,vr_world,47072,103906.239272000,0.004098041,1,0.339077000,-0.246264000,-0.226960000,0.056348546,0.818126640,-0.531535028,-0.212047534,1,0.392310814,-0.069549335,-0.275555677,0.056348546,0.818126640,-0.531535028,-0.212047534,47155,103906.239272000,0.004098041,1,0.437755000,0.124435000,-0.306133000,0.089218052,-0.179690888,0.979650241,-0.006060478,1,0.371780208,-0.043507486,-0.365956785,0.089218052,-0.179690888,0.979650241,-0.006060478
11.693403000,103906.255033291,vr_world,47072,103906.239272000,0.015762041,1,0.339077000,-0.246264000,-0.226960000,0.056348546,0.818126640,-0.531535028,-0.212047534,1,0.392310814,-0.069549335,-0.275555677,0.056348546,0.818126640,-0.531535028,-0.212047534,47155,103906.239272000,0.015762041,1,0.437755000,0.124435000,-0.306133000,0.089218052,-0.179690888,0.979650241,-0.006060478,1,0.371780208,-0.043507486,-0.365956785,0.089218052,-0.179690888,0.979650241,-0.006060478
11.704048334,103906.265678625,vr_world,47073,103906.262914041,0.002765084,1,0.339960000,-0.244618000,-0.227327000,0.063385537,0.818763211,-0.531539166,-0.207545642,1,0.392467444,-0.068495233,-0.278777819,0.063385537,0.818763211,-0.531539166,-0.207545642,47156,103906.262914041,0.002765084,1,0.438094000,0.124544000,-0.306491000,0.086726134,-0.180422724,0.979742460,-0.005561565,1,0.372061048,-0.043497539,-0.365971065,0.086726134,-0.180422724,0.979742460,-0.005561565
11.715912834,103906.277543125,vr_world,47073,103906.262914041,0.014629667,1,0.339960000,-0.244618000,-0.227327000,0.063385537,0.818763211,-0.531539166,-0.207545642,1,0.392467444,-0.068495233,-0.278777819,0.063385537,0.818763211,-0.531539166,-0.207545642,47156,103906.262914041,0.014629667,1,0.438094000,0.124544000,-0.306491000,0.086726134,-0.180422724,0.979742460,-0.005561565,1,0.372061048,-0.043497539,-0.365971065,0.086726134,-0.180422724,0.979742460,-0.005561565
11.728049792,103906.289680083,vr_world,47074,103906.286654250,0.003026708,1,0.340197000,-0.243856000,-0.227663000,0.065508408,0.818787932,-0.532022318,-0.205541295,1,0.392696272,-0.068015256,-0.280077668,0.065508408,0.818787932,-0.532022318,-0.205541295,47157,103906.286654250,0.003026708,1,0.438033000,0.124682000,-0.306639000,0.085726298,-0.181342777,0.979658433,-0.005929107,1,0.372187426,-0.043549232,-0.365790204,0.085726298,-0.181342777,0.979658433,-0.005929107
11.739492375,103906.301122666,vr_world,47074,103906.286654250,0.014468666,1,0.340197000,-0.243856000,-0.227663000,0.065508408,0.818787932,-0.532022318,-0.205541295,1,0.392696272,-0.068015256,-0.280077668,0.065508408,0.818787932,-0.532022318,-0.205541295,47157,103906.286654250,0.014468666,1,0.438033000,0.124682000,-0.306639000,0.085726298,-0.181342777,0.979658433,-0.005929107,1,0.372187426,-0.043549232,-0.365790204,0.085726298,-0.181342777,0.979658433,-0.005929107
11.751903625,103906.313533916,vr_world,47075,103906.309141083,0.004393208,1,0.340775000,-0.245358000,-0.229668000,0.056530264,0.818986127,-0.529072474,-0.214821718,1,0.392951135,-0.068211747,-0.277837451,0.056530264,0.818986127,-0.529072474,-0.214821718,47158,103906.309141083,0.004393208,1,0.438168000,0.124966000,-0.306485000,0.087032776,-0.180442412,0.979713997,-0.005129889,1,0.372183129,-0.043027354,-0.366154797,0.087032776,-0.180442412,0.979713997,-0.005129889
11.762717959,103906.324348250,vr_world,47075,103906.309141083,0.015207708,1,0.340775000,-0.245358000,-0.229668000,0.056530264,0.818986127,-0.529072474,-0.214821718,1,0.392951135,-0.068211747,-0.277837451,0.056530264,0.818986127,-0.529072474,-0.214821718,47158,103906.309141083,0.015207708,1,0.438168000,0.124966000,-0.306485000,0.087032776,-0.180442412,0.979713997,-0.005129889,1,0.372183129,-0.043027354,-0.366154797,0.087032776,-0.180442412,0.979713997,-0.005129889
11.774613959,103906.336244250,vr_world,47076,103906.332486750,0.003760125,1,0.341105000,-0.246210000,-0.228991000,0.051970047,0.822896951,-0.522756441,-0.216484241,1,0.391232361,-0.067850635,-0.274801970,0.051970047,0.822896951,-0.522756441,-0.216484241,47159,103906.332486750,0.003760125,1,0.437099000,0.125652000,-0.306554000,0.085640300,-0.188984495,0.978231067,-0.003818346,1,0.373880804,-0.043437330,-0.366123265,0.085640300,-0.188984495,0.978231067,-0.003818346
11.787020875,103906.348651166,vr_world,47076,103906.332486750,0.016164916,1,0.341105000,-0.246210000,-0.228991000,0.051970047,0.822896951,-0.522756441,-0.216484241,1,0.391232361,-0.067850635,-0.274801970,0.051970047,0.822896951,-0.522756441,-0.216484241,47159,103906.332486750,0.016164916,1,0.437099000,0.125652000,-0.306554000,0.085640300,-0.188984495,0.978231067,-0.003818346,1,0.373880804,-0.043437330,-0.366123265,0.085640300,-0.188984495,0.978231067,-0.003818346
11.799452250,103906.361082541,vr_world,47077,103906.355898416,0.005184459,1,0.340621000,-0.245992000,-0.228007000,0.054797822,0.821013638,-0.526351296,-0.214215123,1,0.391907767,-0.068367510,-0.275363444,0.054797822,0.821013638,-0.526351296,-0.214215123,47160,103906.355898416,0.005184459,1,0.437316000,0.125543000,-0.306540000,0.082107351,-0.191509606,0.978048797,-0.001733375,1,0.374543537,-0.043745103,-0.366015746,0.082107351,-0.191509606,0.978048797,-0.001733375
11.811439250,103906.373069541,vr_world,47077,103906.355898416,0.017171500,1,0.340621000,-0.245992000,-0.228007000,0.054797822,0.821013638,-0.526351296,-0.214215123,1,0.391907767,-0.068367510,-0.275363444,0.054797822,0.821013638,-0.526351296,-0.214215123,47160,103906.355898416,0.017171500,1,0.437316000,0.125543000,-0.306540000,0.082107351,-0.191509606,0.978048797,-0.001733375,1,0.374543537,-0.043745103,-0.366015746,0.082107351,-0.191509606,0.978048797,-0.001733375
11.823851042,103906.385481333,vr_world,47078,103906.379353291,0.006134084,1,0.340007000,-0.246074000,-0.226376000,0.055913308,0.819764300,-0.529059504,-0.212028857,1,0.392292472,-0.068970082,-0.274582897,0.055913308,0.819764300,-0.529059504,-0.212028857,47161,103906.379353291,0.006134084,1,0.436307000,0.125816000,-0.306305000,0.080282789,-0.197140865,0.977080673,0.001873822,1,0.375276214,-0.043888634,-0.366403086,0.080282789,-0.197140865,0.977080673,0.001873822
11.836281584,103906.397911875,vr_world,47078,103906.379353291,0.018558959,1,0.340007000,-0.246074000,-0.226376000,0.055913308,0.819764300,-0.529059504,-0.212028857,1,0.392292472,-0.068970082,-0.274582897,0.055913308,0.819764300,-0.529059504,-0.212028857,47161,103906.379353291,0.018558959,1,0.436307000,0.125816000,-0.306305000,0.080282789,-0.197140865,0.977080673,0.001873822,1,0.375276214,-0.043888634,-0.366403086,0.080282789,-0.197140865,0.977080673,0.001873822
11.848724000,103906.410354291,vr_world,47079,103906.402788166,0.007566459,1,0.338245000,-0.247066000,-0.226185000,0.048690756,0.819657768,-0.531286759,-0.208625824,1,0.392306042,-0.069961116,-0.272387863,0.048690756,0.819657768,-0.531286759,-0.208625824,47162,103906.402788166,0.007566459,1,0.435138000,0.126520000,-0.305765000,0.078791373,-0.206977748,0.975154350,0.005111165,1,0.377365585,-0.044151501,-0.366343783,0.078791373,-0.206977748,0.975154350,0.005111165
11.861151375,103906.422781666,vr_world,47079,103906.402788166,0.019993834,1,0.338245000,-0.247066000,-0.226185000,0.048690756,0.819657768,-0.531286759,-0.208625824,1,0.392306042,-0.069961116,-0.272387863,0.048690756,0.819657768,-0.531286759,-0.208625824,47162,103906.402788166,0.019993834,1,0.435138000,0.126520000,-0.305765000,0.078791373,-0.206977748,0.975154350,0.005111165,1,0.377365585,-0.044151501,-0.366343783,0.078791373,-0.206977748,0.975154350,0.005111165
11.872349000,103906.433979291,vr_world,47080,103906.425728916,0.008250667,1,0.338463000,-0.247113000,-0.226204000,0.043038633,0.820873055,-0.529887714,-0.208648301,1,0.392593058,-0.069490840,-0.270291735,0.043038633,0.820873055,-0.529887714,-0.208648301,47163,103906.425728916,0.008250667,1,0.434095000,0.127133000,-0.305071000,0.079202396,-0.214593766,0.973442691,0.009264104,1,0.379058672,-0.044019577,-0.366828922,0.079202396,-0.214593766,0.973442691,0.009264104
11.884760667,103906.446390958,vr_world,47080,103906.425728916,0.020662417,1,0.338463000,-0.247113000,-0.226204000,0.043038633,0.820873055,-0.529887714,-0.208648301,1,0.392593058,-0.069490840,-0.270291735,0.043038633,0.820873055,-0.529887714,-0.208648301,47163,103906.425728916,0.020662417,1,0.434095000,0.127133000,-0.305071000,0.079202396,-0.214593766,0.973442691,0.009264104,1,0.379058672,-0.044019577,-0.366828922,0.079202396,-0.214593766,0.973442691,0.009264104
11.897156792,103906.458787083,vr_world,47081,103906.448774375,0.010013083,1,0.338418000,-0.245839000,-0.225467000,0.046605689,0.822029519,-0.526726850,-0.211315414,1,0.390830523,-0.067879556,-0.270264486,0.046605689,0.822029519,-0.526726850,-0.211315414,47164,103906.448774375,0.010013083,1,0.431961000,0.129309000,-0.304655000,0.078209695,-0.232557015,0.969320400,0.014779740,1,0.383188247,-0.043327006,-0.367537819,0.078209695,-0.232557015,0.969320400,0.014779740
11.909565459,103906.471195750,vr_world,47081,103906.448774375,0.022422250,1,0.338418000,-0.245839000,-0.225467000,0.046605689,0.822029519,-0.526726850,-0.211315414,1,0.390830523,-0.067879556,-0.270264486,0.046605689,0.822029519,-0.526726850,-0.211315414,47164,103906.448774375,0.022422250,1,0.431961000,0.129309000,-0.304655000,0.078209695,-0.232557015,0.969320400,0.014779740,1,0.383188247,-0.043327006,-0.367537819,0.078209695,-0.232557015,0.969320400,0.014779740
11.921980084,103906.483610375,vr_world,47082,103906.472024416,0.011586459,1,0.338689000,-0.246960000,-0.222917000,0.059922287,0.818952367,-0.532130444,-0.206309306,1,0.391855701,-0.070734835,-0.273329705,0.059922287,0.818952367,-0.532130444,-0.206309306,47165,103906.472024416,0.011586459,1,0.429636000,0.134306000,-0.304355000,0.076211014,-0.250618802,0.964965576,0.014951109,1,0.387137828,-0.040230580,-0.366540871,0.076211014,-0.250618802,0.964965576,0.014951109
11.932225417,103906.493855708,vr_world,47082,103906.472024416,0.021831959,1,0.338689000,-0.246960000,-0.222917000,0.059922287,0.818952367,-0.532130444,-0.206309306,1,0.391855701,-0.070734835,-0.273329705,0.059922287,0.818952367,-0.532130444,-0.206309306,47165,103906.472024416,0.021831959,1,0.429636000,0.134306000,-0.304355000,0.076211014,-0.250618802,0.964965576,0.014951109,1,0.387137828,-0.040230580,-0.366540871,0.076211014,-0.250618802,0.964965576,0.014951109
11.943983292,103906.505613583,vr_world,47083,103906.495357291,0.010256959,1,0.338269000,-0.245046000,-0.224068000,0.049619731,0.818409239,-0.533946448,-0.206507606,1,0.393334286,-0.068452209,-0.271034567,0.049619731,0.818409239,-0.533946448,-0.206507606,47166,103906.495357291,0.010256959,1,0.429141000,0.138562000,-0.304817000,0.070348052,-0.256030316,0.964074283,0.007772093,1,0.387941951,-0.037456131,-0.363608709,0.070348052,-0.256030316,0.964074283,0.007772093
11.956417167,103906.518047458,vr_world,47083,103906.495357291,0.022691834,1,0.338269000,-0.245046000,-0.224068000,0.049619731,0.818409239,-0.533946448,-0.206507606,1,0.393334286,-0.068452209,-0.271034567,0.049619731,0.818409239,-0.533946448,-0.206507606,47166,103906.495357291,0.022691834,1,0.429141000,0.138562000,-0.304817000,0.070348052,-0.256030316,0.964074283,0.007772093,1,0.387941951,-0.037456131,-0.363608709,0.070348052,-0.256030316,0.964074283,0.007772093
11.968837834,103906.530468125,vr_world,47084,103906.519084416,0.011384375,1,0.338258000,-0.246034000,-0.222488000,0.055655191,0.816765459,-0.536786446,-0.204100457,1,0.393830159,-0.070308562,-0.272043642,0.055655191,0.816765459,-0.536786446,-0.204100457,47167,103906.519084416,0.011384375,1,0.428493000,0.145648000,-0.305354000,0.054789305,-0.262806582,0.963289948,-0.001819026,1,0.388092832,-0.032405397,-0.358278824,0.054789305,-0.262806582,0.963289948,-0.001819026
11.981251667,103906.542881958,vr_world,47085,103906.542279541,0.000602875,1,0.338242000,-0.245156000,-0.222312000,0.056340623,0.816737620,-0.535910553,-0.206313532,1,0.393341096,-0.069271547,-0.271831329,0.056340623,0.816737620,-0.535910553,-0.206313532,47168,103906.542279541,0.000602875,1,0.428516000,0.153733000,-0.305662000,0.032903558,-0.268461370,0.962686806,-0.008942123,1,0.388055219,-0.026027571,-0.352409065,0.032903558,-0.268461370,0.962686806,-0.008942123
11.993667625,103906.555297916,vr_world,47085,103906.542279541,0.013018834,1,0.338242000,-0.245156000,-0.222312000,0.056340623,0.816737620,-0.535910553,-0.206313532,1,0.393341096,-0.069271547,-0.271831329,0.056340623,0.816737620,-0.535910553,-0.206313532,47168,103906.542279541,0.013018834,1,0.428516000,0.153733000,-0.305662000,0.032903558,-0.268461370,0.962686806,-0.008942123,1,0.388055219,-0.026027571,-0.352409065,0.032903558,-0.268461370,0.962686806,-0.008942123
12.006084834,103906.567715125,vr_world,47086,103906.565488041,0.002227417,1,0.337729000,-0.245519000,-0.222558000,0.056675249,0.816930687,-0.535408028,-0.206761727,1,0.392578907,-0.069565148,-0.272107390,0.056675249,0.816930687,-0.535408028,-0.206761727,47169,103906.565488041,0.002227417,1,0.428188000,0.162000000,-0.305533000,0.007905879,-0.283315543,0.958927261,-0.011327293,1,0.391086635,-0.019766186,-0.347015046,0.007905879,-0.283315543,0.958927261,-0.011327293
12.018501167,103906.580131458,vr_world,47086,103906.565488041,0.014643875,1,0.337729000,-0.245519000,-0.222558000,0.056675249,0.816930687,-0.535408028,-0.206761727,1,0.392578907,-0.069565148,-0.272107390,0.056675249,0.816930687,-0.535408028,-0.206761727,47169,103906.565488041,0.014643875,1,0.428188000,0.162000000,-0.305533000,0.007905879,-0.283315543,0.958927261,-0.011327293,1,0.391086635,-0.019766186,-0.347015046,0.007905879,-0.283315543,0.958927261,-0.011327293
12.030894000,103906.592524291,vr_world,47087,103906.588677291,0.003847542,1,0.337619000,-0.245272000,-0.222343000,0.056295254,0.816138904,-0.536728763,-0.206568072,1,0.393048352,-0.069502307,-0.271901483,0.056295254,0.816138904,-0.536728763,-0.206568072,47170,103906.588677291,0.003847542,1,0.428270000,0.167017000,-0.305412000,0.005737462,0.296572186,-0.954920178,0.011809888,1,0.395113379,-0.016071330,-0.344341718,0.005737462,0.296572186,-0.954920178,0.011809888
12.042718917,103906.604349208,vr_world,47087,103906.588677291,0.015672334,1,0.337619000,-0.245272000,-0.222343000,0.056295254,0.816138904,-0.536728763,-0.206568072,1,0.393048352,-0.069502307,-0.271901483,0.056295254,0.816138904,-0.536728763,-0.206568072,47170,103906.588677291,0.015672334,1,0.428270000,0.167017000,-0.305412000,0.005737462,0.296572186,-0.954920178,0.011809888,1,0.395113379,-0.016071330,-0.344341718,0.005737462,0.296572186,-0.954920178,0.011809888
12.055132792,103906.616763083,vr_world,47088,103906.612075875,0.004687541,1,0.337376000,-0.245505000,-0.222481000,0.056065517,0.815260604,-0.537832707,-0.207226407,1,0.393264506,-0.069871451,-0.272006256,0.056065517,0.815260604,-0.537832707,-0.207226407,47171,103906.612075875,0.004687541,1,0.428719000,0.175639000,-0.305994000,0.034842826,0.318182354,-0.947227278,0.017505751,1,0.402020752,-0.009802161,-0.338165262,0.034842826,0.318182354,-0.947227278,0.017505751
12.067540084,103906.629170375,vr_world,47088,103906.612075875,0.017094875,1,0.337376000,-0.245505000,-0.222481000,0.056065517,0.815260604,-0.537832707,-0.207226407,1,0.393264506,-0.069871451,-0.272006256,0.056065517,0.815260604,-0.537832707,-0.207226407,47171,103906.612075875,0.017094875,1,0.428719000,0.175639000,-0.305994000,0.034842826,0.318182354,-0.947227278,0.017505751,1,0.402020752,-0.009802161,-0.338165262,0.034842826,0.318182354,-0.947227278,0.017505751
12.079947500,103906.641577791,vr_world,47089,103906.635774541,0.005803709,1,0.337361000,-0.245173000,-0.222179000,0.057222955,0.815013461,-0.537777678,-0.208023462,1,0.393080016,-0.069578697,-0.272034135,0.057222955,0.815013461,-0.537777678,-0.208023462,47172,103906.635774541,0.005803709,1,0.431269000,0.184404000,-0.308196000,0.071660473,0.329085691,-0.941114999,0.029494791,1,0.407356162,-0.002885039,-0.330268971,0.071660473,0.329085691,-0.941114999,0.029494791
12.090644084,103906.652274375,vr_world,47089,103906.635774541,0.016500084,1,0.337361000,-0.245173000,-0.222179000,0.057222955,0.815013461,-0.537777678,-0.208023462,1,0.393080016,-0.069578697,-0.272034135,0.057222955,0.815013461,-0.537777678,-0.208023462,47172,103906.635774541,0.016500084,1,0.431269000,0.184404000,-0.308196000,0.071660473,0.329085691,-0.941114999,0.029494791,1,0.407356162,-0.002885039,-0.330268971,0.071660473,0.329085691,-0.941114999,0.029494791
12.101441709,103906.663072000,vr_world,47090,103906.659481458,0.003592833,1,0.337077000,-0.245085000,-0.222121000,0.056880080,0.814674460,-0.538397551,-0.207841908,1,0.393088360,-0.069571133,-0.271931089,0.056880080,0.814674460,-0.538397551,-0.207841908,47173,103906.659481458,0.003592833,1,0.433704000,0.187894000,-0.308894000,0.092115456,0.326872225,-0.939934321,0.034536418,1,0.408379710,0.000246217,-0.325723274,0.092115456,0.326872225,-0.939934321,0.034536418
12.113716584,103906.675346875,vr_world,47090,103906.659481458,0.015866542,1,0.337077000,-0.245085000,-0.222121000,0.056880080,0.814674460,-0.538397551,-0.207841908,1,0.393088360,-0.069571133,-0.271931089,0.056880080,0.814674460,-0.538397551,-0.207841908,47173,103906.659481458,0.015866542,1,0.433704000,0.187894000,-0.308894000,0.092115456,0.326872225,-0.939934321,0.034536418,1,0.408379710,0.000246217,-0.325723274,0.092115456,0.326872225,-0.939934321,0.034536418
12.124620500,103906.686250791,vr_world,47091,103906.683402458,0.002848833,1,0.335781000,-0.244881000,-0.221480000,0.055340066,0.811528002,-0.544575334,-0.204444332,1,0.394520921,-0.070357372,-0.271625293,0.055340066,0.811528002,-0.544575334,-0.204444332,47174,103906.683402458,0.002848833,1,0.435673000,0.192781000,-0.308646000,0.118933768,0.334373148,-0.934271995,0.034426668,1,0.412580576,0.004507822,-0.321143067,0.118933768,0.334373148,-0.934271995,0.034426668
12.136050000,103906.697680291,vr_world,47091,103906.683402458,0.014278667,1,0.335781000,-0.244881000,-0.221480000,0.055340066,0.811528002,-0.544575334,-0.204444332,1,0.394520921,-0.070357372,-0.271625293,0.055340066,0.811528002,-0.544575334,-0.204444332,47174,103906.683402458,0.014278667,1,0.435673000,0.192781000,-0.308646000,0.118933768,0.334373148,-0.934271995,0.034426668,1,0.412580576,0.004507822,-0.321143067,0.118933768,0.334373148,-0.934271995,0.034426668
12.148433417,103906.710063708,vr_world,47092,103906.706272208,0.003791958,1,0.336019000,-0.244872000,-0.221461000,0.054682999,0.811152372,-0.545648958,-0.203245698,1,0.395289625,-0.070519382,-0.271576813,0.054682999,0.811152372,-0.545648958,-0.203245698,47175,103906.706272208,0.003791958,1,0.436578000,0.197424000,-0.308740000,0.136150205,0.339517963,-0.929976658,0.036525195,1,0.415363631,0.008733037,-0.317790251,0.136150205,0.339517963,-0.929976658,0.036525195
12.160814084,103906.722444375,vr_world,47092,103906.706272208,0.016172542,1,0.336019000,-0.244872000,-0.221461000,0.054682999,0.811152372,-0.545648958,-0.203245698,1,0.395289625,-0.070519382,-0.271576813,0.054682999,0.811152372,-0.545648958,-0.203245698,47175,103906.706272208,0.016172542,1,0.436578000,0.197424000,-0.308740000,0.136150205,0.339517963,-0.929976658,0.036525195,1,0.415363631,0.008733037,-0.317790251,0.136150205,0.339517963,-0.929976658,0.036525195
12.173207209,103906.734837500,vr_world,47093,103906.729367458,0.005470625,1,0.336374000,-0.245197000,-0.221531000,0.055912814,0.812505946,-0.543376259,-0.203592944,1,0.394582242,-0.070541209,-0.271835923,0.055912814,0.812505946,-0.543376259,-0.203592944,47176,103906.729367458,0.005470625,1,0.436756000,0.199644000,-0.309953000,0.142756554,0.339143283,-0.928740083,0.045213478,1,0.415877138,0.010764300,-0.314928173,0.142756554,0.339143283,-0.928740083,0.045213478
12.185589500,103906.747219791,vr_world,47093,103906.729367458,0.017854083,1,0.336374000,-0.245197000,-0.221531000,0.055912814,0.812505946,-0.543376259,-0.203592944,1,0.394582242,-0.070541209,-0.271835923,0.055912814,0.812505946,-0.543376259,-0.203592944,47176,103906.729367458,0.017854083,1,0.436756000,0.199644000,-0.309953000,0.142756554,0.339143283,-0.928740083,0.045213478,1,0.415877138,0.010764300,-0.314928173,0.142756554,0.339143283,-0.928740083,0.045213478
12.197384292,103906.759014583,vr_world,47094,103906.752476375,0.006538625,1,0.336325000,-0.245181000,-0.221687000,0.055698044,0.812586641,-0.543221908,-0.203741597,1,0.394492734,-0.070482192,-0.271889815,0.055698044,0.812586641,-0.543221908,-0.203741597,47177,103906.752476375,0.006538625,1,0.436300000,0.203552000,-0.309596000,0.157596435,0.348596015,-0.922495572,0.051440279,1,0.419551035,0.014197736,-0.310394242,0.157596435,0.348596015,-0.922495572,0.051440279
12.207934834,103906.769565125,vr_world,47094,103906.752476375,0.017090333,1,0.336325000,-0.245181000,-0.221687000,0.055698044,0.812586641,-0.543221908,-0.203741597,1,0.394492734,-0.070482192,-0.271889815,0.055698044,0.812586641,-0.543221908,-0.203741597,47177,103906.752476375,0.017090333,1,0.436300000,0.203552000,-0.309596000,0.157596435,0.348596015,-0.922495572,0.051440279,1,0.419551035,0.014197736,-0.310394242,0.157596435,0.348596015,-0.922495572,0.051440279
12.219322209,103906.780952500,vr_world,47095,103906.775729166,0.005223875,1,0.336485000,-0.245161000,-0.221924000,0.055956428,0.813512464,-0.541426578,-0.204752557,1,0.393880471,-0.070160246,-0.271963132,0.055956428,0.813512464,-0.541426578,-0.204752557,47178,103906.775729166,0.005223875,1,0.438226000,0.205495000,-0.309017000,0.170636687,0.353833412,-0.917731961,0.058762960,1,0.424149583,0.015955553,-0.305429071,0.170636687,0.353833412,-0.917731961,0.058762960
12.230545750,103906.792176041,vr_world,47095,103906.775729166,0.016447875,1,0.336485000,-0.245161000,-0.221924000,0.055956428,0.813512464,-0.541426578,-0.204752557,1,0.393880471,-0.070160246,-0.271963132,0.055956428,0.813512464,-0.541426578,-0.204752557,47178,103906.775729166,0.016447875,1,0.438226000,0.205495000,-0.309017000,0.170636687,0.353833412,-0.917731961,0.058762960,1,0.424149583,0.015955553,-0.305429071,0.170636687,0.353833412,-0.917731961,0.058762960
12.242941584,103906.804571875,vr_world,47096,103906.799877458,0.004695083,1,0.336027000,-0.245031000,-0.222236000,0.053985716,0.812928091,-0.542558818,-0.204605453,1,0.394106285,-0.070093461,-0.271704081,0.053985716,0.812928091,-0.542558818,-0.204605453,47179,103906.799877458,0.004695083,1,0.440619000,0.205572000,-0.309260000,0.182523415,0.346775831,-0.917861873,0.062938922,1,0.424175377,0.016332400,-0.301899198,0.182523415,0.346775831,-0.917861873,0.062938922
12.255287334,103906.816917625,vr_world,47096,103906.799877458,0.017041000,1,0.336027000,-0.245031000,-0.222236000,0.053985716,0.812928091,-0.542558818,-0.204605453,1,0.394106285,-0.070093461,-0.271704081,0.053985716,0.812928091,-0.542558818,-0.204605453,47179,103906.799877458,0.017041000,1,0.440619000,0.205572000,-0.309260000,0.182523415,0.346775831,-0.917861873,0.062938922,1,0.424175377,0.016332400,-0.301899198,0.182523415,0.346775831,-0.917861873,0.062938922
12.267696709,103906.829327000,vr_world,47097,103906.821906875,0.007420541,1,0.336214000,-0.244855000,-0.222386000,0.054085446,0.813971286,-0.540956739,-0.204673683,1,0.393635004,-0.069666178,-0.271733004,0.054085446,0.813971286,-0.540956739,-0.204673683,47180,103906.821906875,0.007420541,1,0.444356000,0.206378000,-0.308693000,0.202629980,0.340249976,-0.915786296,0.067130512,1,0.426068229,0.017580536,-0.296151590,0.202629980,0.340249976,-0.915786296,0.067130512
12.280112209,103906.841742500,vr_world,47097,103906.821906875,0.019836000,1,0.336214000,-0.244855000,-0.222386000,0.054085446,0.813971286,-0.540956739,-0.204673683,1,0.393635004,-0.069666178,-0.271733004,0.054085446,0.813971286,-0.540956739,-0.204673683,47180,103906.821906875,0.019836000,1,0.444356000,0.206378000,-0.308693000,0.202629980,0.340249976,-0.915786296,0.067130512,1,0.426068229,0.017580536,-0.296151590,0.202629980,0.340249976,-0.915786296,0.067130512
12.291263709,103906.852894000,vr_world,47098,103906.845405583,0.007488875,1,0.336111000,-0.244763000,-0.222548000,0.054250851,0.815199222,-0.538646263,-0.205833128,1,0.392560176,-0.069186086,-0.271636307,0.054250851,0.815199222,-0.538646263,-0.205833128,47181,103906.845405583,0.007488875,1,0.447714000,0.206482000,-0.307782000,0.222837170,0.341368322,-0.910659415,0.067161695,1,0.430519343,0.017833874,-0.291893908,0.222837170,0.341368322,-0.910659415,0.067161695
12.303142709,103906.864773000,vr_world,47098,103906.845405583,0.019367792,1,0.336111000,-0.244763000,-0.222548000,0.054250851,0.815199222,-0.538646263,-0.205833128,1,0.392560176,-0.069186086,-0.271636307,0.054250851,0.815199222,-0.538646263,-0.205833128,47181,103906.845405583,0.019367792,1,0.447714000,0.206482000,-0.307782000,0.222837170,0.341368322,-0.910659415,0.067161695,1,0.430519343,0.017833874,-0.291893908,0.222837170,0.341368322,-0.910659415,0.067161695
12.315294000,103906.876924291,vr_world,47099,103906.869130208,0.007795000,1,0.335860000,-0.244697000,-0.222465000,0.054393290,0.814852536,-0.539406007,-0.205177663,1,0.392611439,-0.069267369,-0.271731077,0.054393290,0.814852536,-0.539406007,-0.205177663,47182,103906.869130208,0.007795000,1,0.449871000,0.206087000,-0.306713000,0.227998503,0.339657318,-0.910407358,0.061709249,1,0.431732902,0.017459154,-0.291653468,0.227998503,0.339657318,-0.910407358,0.061709249
12.325385042,103906.887015333,vr_world,47099,103906.869130208,0.017885833,1,0.335860000,-0.244697000,-0.222465000,0.054393290,0.814852536,-0.539406007,-0.205177663,1,0.392611439,-0.069267369,-0.271731077,0.054393290,0.814852536,-0.539406007,-0.205177663,47182,103906.869130208,0.017885833,1,0.449871000,0.206087000,-0.306713000,0.227998503,0.339657318,-0.910407358,0.061709249,1,0.431732902,0.017459154,-0.291653468,0.227998503,0.339657318,-0.910407358,0.061709249
12.337781250,103906.899411541,vr_world,47100,103906.892535166,0.006876750,1,0.335370000,-0.244477000,-0.222117000,0.054479749,0.814463457,-0.540458745,-0.203925424,1,0.392559682,-0.069256425,-0.271619378,0.054479749,0.814463457,-0.540458745,-0.203925424,47183,103906.892535166,0.006876750,1,0.452966000,0.205639000,-0.305957000,0.234345835,0.330275879,-0.912164759,0.062891383,1,0.431481214,0.017548079,-0.288740497,0.234345835,0.330275879,-0.912164759,0.062891383
12.348737375,103906.910367666,vr_world,47100,103906.892535166,0.017833125,1,0.335370000,-0.244477000,-0.222117000,0.054479749,0.814463457,-0.540458745,-0.203925424,1,0.392559682,-0.069256425,-0.271619378,0.054479749,0.814463457,-0.540458745,-0.203925424,47183,103906.892535166,0.017833125,1,0.452966000,0.205639000,-0.305957000,0.234345835,0.330275879,-0.912164759,0.062891383,1,0.431481214,0.017548079,-0.288740497,0.234345835,0.330275879,-0.912164759,0.062891383
12.360982542,103906.922612833,vr_world,47101,103906.916062208,0.006551125,1,0.335214000,-0.244448000,-0.221763000,0.055465835,0.813874793,-0.541286211,-0.203815112,1,0.392627076,-0.069422950,-0.271697334,0.055465835,0.813874793,-0.541286211,-0.203815112,47184,103906.916062208,0.006551125,1,0.454579000,0.204662000,-0.304965000,0.240060071,0.321726883,-0.913495380,0.066250778,1,0.430281822,0.017183962,-0.285018731,0.240060071,0.321726883,-0.913495380,0.066250778
12.373327834,103906.934958125,vr_world,47101,103906.916062208,0.018896417,1,0.335214000,-0.244448000,-0.221763000,0.055465835,0.813874793,-0.541286211,-0.203815112,1,0.392627076,-0.069422950,-0.271697334,0.055465835,0.813874793,-0.541286211,-0.203815112,47184,103906.916062208,0.018896417,1,0.454579000,0.204662000,-0.304965000,0.240060071,0.321726883,-0.913495380,0.066250778,1,0.430281822,0.017183962,-0.285018731,0.240060071,0.321726883,-0.913495380,0.066250778
12.384067250,103906.945697541,vr_world,47102,103906.939177500,0.006520666,1,0.334795000,-0.244397000,-0.221411000,0.056263799,0.813200426,-0.542444016,-0.203209108,1,0.392595503,-0.069625446,-0.271784365,0.056263799,0.813200426,-0.542444016,-0.203209108,47185,103906.939177500,0.006520666,1,0.454797000,0.203374000,-0.303213000,0.236395273,0.316822887,-0.916354700,0.063518475,1,0.428186628,0.016087677,-0.284451070,0.236395273,0.316822887,-0.916354700,0.063518475
12.396452125,103906.958082416,vr_world,47102,103906.939177500,0.018905458,1,0.334795000,-0.244397000,-0.221411000,0.056263799,0.813200426,-0.542444016,-0.203209108,1,0.392595503,-0.069625446,-0.271784365,0.056263799,0.813200426,-0.542444016,-0.203209108,47185,103906.939177500,0.018905458,1,0.454797000,0.203374000,-0.303213000,0.236395273,0.316822887,-0.916354700,0.063518475,1,0.428186628,0.016087677,-0.284451070,0.236395273,0.316822887,-0.916354700,0.063518475
12.407797584,103906.969427875,vr_world,47103,103906.963043458,0.006384833,1,0.334242000,-0.244299000,-0.220835000,0.056684321,0.812372076,-0.544370132,-0.201245266,1,0.392810334,-0.069926099,-0.271700061,0.056684321,0.812372076,-0.544370132,-0.201245266,47186,103906.963043458,0.006384833,1,0.454780000,0.201279000,-0.300250000,0.230459041,0.308858866,-0.921012886,0.056833922,1,0.424264026,0.014339241,-0.284172055,0.230459041,0.308858866,-0.921012886,0.056833922
12.420165250,103906.981795541,vr_world,47103,103906.963043458,0.018752625,1,0.334242000,-0.244299000,-0.220835000,0.056684321,0.812372076,-0.544370132,-0.201245266,1,0.392810334,-0.069926099,-0.271700061,0.056684321,0.812372076,-0.544370132,-0.201245266,47186,103906.963043458,0.018752625,1,0.454780000,0.201279000,-0.300250000,0.230459041,0.308858866,-0.921012886,0.056833922,1,0.424264026,0.014339241,-0.284172055,0.230459041,0.308858866,-0.921012886,0.056833922
12.432555042,103906.994185333,vr_world,47104,103906.985992041,0.008193792,1,0.333952000,-0.244234000,-0.220551000,0.056843565,0.811376067,-0.546258819,-0.200097448,1,0.393286805,-0.070216014,-0.271742333,0.056843565,0.811376067,-0.546258819,-0.200097448,47187,103906.985992041,0.008193792,1,0.453291000,0.199154000,-0.297341000,0.221248085,0.304162146,-0.925253213,0.049408151,1,0.420014064,0.012398467,-0.285042221,0.221248085,0.304162146,-0.925253213,0.049408151
12.444967709,103907.006598000,vr_world,47104,103906.985992041,0.020606292,1,0.333952000,-0.244234000,-0.220551000,0.056843565,0.811376067,-0.546258819,-0.200097448,1,0.393286805,-0.070216014,-0.271742333,0.056843565,0.811376067,-0.546258819,-0.200097448,47187,103906.985992041,0.020606292,1,0.453291000,0.199154000,-0.297341000,0.221248085,0.304162146,-0.925253213,0.049408151,1,0.420014064,0.012398467,-0.285042221,0.221248085,0.304162146,-0.925253213,0.049408151
12.457375917,103907.019006208,vr_world,47105,103907.008916291,0.010090459,1,0.334260000,-0.244125000,-0.220751000,0.056847498,0.811856105,-0.545264286,-0.200860360,1,0.393177877,-0.069920091,-0.271788253,0.056847498,0.811856105,-0.545264286,-0.200860360,47188,103907.008916291,0.010090459,1,0.451113000,0.197782000,-0.295971000,0.211535756,0.307490606,-0.926600083,0.045983010,1,0.418556855,0.010720400,-0.286793225,0.211535756,0.307490606,-0.926600083,0.045983010
12.469384584,103907.031014875,vr_world,47105,103907.008916291,0.022099375,1,0.334260000,-0.244125000,-0.220751000,0.056847498,0.811856105,-0.545264286,-0.200860360,1,0.393177877,-0.069920091,-0.271788253,0.056847498,0.811856105,-0.545264286,-0.200860360,47188,103907.008916291,0.022099375,1,0.451113000,0.197782000,-0.295971000,0.211535756,0.307490606,-0.926600083,0.045983010,1,0.418556855,0.010720400,-0.286793225,0.211535756,0.307490606,-0.926600083,0.045983010
12.481779167,103907.043409458,vr_world,47106,103907.031834791,0.011575625,1,0.334226000,-0.244026000,-0.220669000,0.057354996,0.812087194,-0.544839676,-0.200934122,1,0.392913557,-0.069782263,-0.271838550,0.057354996,0.812087194,-0.544839676,-0.200934122,47189,103907.031834791,0.011575625,1,0.449259000,0.195661000,-0.293326000,0.198976701,0.308790178,-0.929298548,0.038224424,1,0.416313610,0.008490655,-0.289073255,0.198976701,0.308790178,-0.929298548,0.038224424
12.493922584,103907.055552875,vr_world,47107,103907.055341708,0.000211958,1,0.334086000,-0.243843000,-0.220663000,0.057019183,0.812099376,-0.544875041,-0.200884558,1,0.392827139,-0.069584972,-0.271722321,0.057019183,0.812099376,-0.544875041,-0.200884558,47190,103907.055341708,0.000211958,1,0.447473000,0.192953000,-0.291480000,0.188046771,0.310449883,-0.931399573,0.027461189,1,0.414196175,0.005798003,-0.292865112,0.188046771,0.310449883,-0.931399573,0.027461189
12.504079334,103907.065709625,vr_world,47107,103907.055341708,0.010371375,1,0.334086000,-0.243843000,-0.220663000,0.057019183,0.812099376,-0.544875041,-0.200884558,1,0.392827139,-0.069584972,-0.271722321,0.057019183,0.812099376,-0.544875041,-0.200884558,47190,103907.055341708,0.010371375,1,0.447473000,0.192953000,-0.291480000,0.188046771,0.310449883,-0.931399573,0.027461189,1,0.414196175,0.005798003,-0.292865112,0.188046771,0.310449883,-0.931399573,0.027461189
12.516472792,103907.078103083,vr_world,47107,103907.055341708,0.022761875,1,0.334086000,-0.243843000,-0.220663000,0.057019183,0.812099376,-0.544875041,-0.200884558,1,0.392827139,-0.069584972,-0.271722321,0.057019183,0.812099376,-0.544875041,-0.200884558,47190,103907.055341708,0.022761875,1,0.447473000,0.192953000,-0.291480000,0.188046771,0.310449883,-0.931399573,0.027461189,1,0.414196175,0.005798003,-0.292865112,0.188046771,0.310449883,-0.931399573,0.027461189
12.528869459,103907.090499750,vr_world,47108,103907.078605291,0.011895042,1,0.334201000,-0.243806000,-0.220829000,0.056899563,0.812387446,-0.544444846,-0.200920099,1,0.392781799,-0.069469139,-0.271803714,0.056899563,0.812387446,-0.544444846,-0.200920099,47191,103907.078605291,0.011895042,1,0.446746000,0.192735000,-0.291588000,0.188601682,0.310700554,-0.931212500,0.027163402,1,0.413549945,0.005565865,-0.292984806,0.188601682,0.310700554,-0.931212500,0.027163402
12.541275375,103907.102905666,vr_world,47109,103907.101349750,0.001556416,1,0.334447000,-0.243572000,-0.221031000,0.057446951,0.813141370,-0.543053079,-0.201480306,1,0.392393466,-0.069027788,-0.272021221,0.057446951,0.813141370,-0.543053079,-0.201480306,47192,103907.101349750,0.001556416,1,0.445966000,0.191836000,-0.291871000,0.189764712,0.308306169,-0.931581373,0.033057610,1,0.412297200,0.004748294,-0.290972163,0.189764712,0.308306169,-0.931581373,0.033057610
12.553697167,103907.115327458,vr_world,47109,103907.101349750,0.013978083,1,0.334447000,-0.243572000,-0.221031000,0.057446951,0.813141370,-0.543053079,-0.201480306,1,0.392393466,-0.069027788,-0.272021221,0.057446951,0.813141370,-0.543053079,-0.201480306,47192,103907.101349750,0.013978083,1,0.445966000,0.191836000,-0.291871000,0.189764712,0.308306169,-0.931581373,0.033057610,1,0.412297200,0.004748294,-0.290972163,0.189764712,0.308306169,-0.931581373,0.033057610
12.566103459,103907.127733750,vr_world,47110,103907.124711875,0.003022458,1,0.334325000,-0.243424000,-0.221072000,0.057284840,0.814072378,-0.541508126,-0.201924640,1,0.391658441,-0.068608396,-0.271824640,0.057284840,0.814072378,-0.541508126,-0.201924640,47193,103907.124711875,0.003022458,1,0.445758000,0.190311000,-0.291711000,0.194634137,0.306971624,-0.930824632,0.038098288,1,0.412022614,0.003266377,-0.288181663,0.194634137,0.306971624,-0.930824632,0.038098288
12.578527625,103907.140157916,vr_world,47110,103907.124711875,0.015446541,1,0.334325000,-0.243424000,-0.221072000,0.057284840,0.814072378,-0.541508126,-0.201924640,1,0.391658441,-0.068608396,-0.271824640,0.057284840,0.814072378,-0.541508126,-0.201924640,47193,103907.124711875,0.015446541,1,0.445758000,0.190311000,-0.291711000,0.194634137,0.306971624,-0.930824632,0.038098288,1,0.412022614,0.003266377,-0.288181663,0.194634137,0.306971624,-0.930824632,0.038098288
12.590952250,103907.152582541,vr_world,47111,103907.148039458,0.004543625,1,0.334276000,-0.243413000,-0.221052000,0.057412326,0.813566781,-0.542400901,-0.201529601,1,0.391962735,-0.068760592,-0.271965607,0.057412326,0.813566781,-0.542400901,-0.201529601,47194,103907.148039458,0.004543625,1,0.446902000,0.189307000,-0.290373000,0.193300850,0.305661591,-0.931744453,0.032527641,1,0.412219690,0.002408580,-0.288837068,0.193300850,0.305661591,-0.931744453,0.032527641
12.603347834,103907.164978125,vr_world,47111,103907.148039458,0.016939125,1,0.334276000,-0.243413000,-0.221052000,0.057412326,0.813566781,-0.542400901,-0.201529601,1,0.391962735,-0.068760592,-0.271965607,0.057412326,0.813566781,-0.542400901,-0.201529601,47194,103907.148039458,0.016939125,1,0.446902000,0.189307000,-0.290373000,0.193300850,0.305661591,-0.931744453,0.032527641,1,0.412219690,0.002408580,-0.288837068,0.193300850,0.305661591,-0.931744453,0.032527641
12.613383000,103907.175013291,vr_world,47112,103907.171582666,0.003430959,1,0.333952000,-0.243506000,-0.221058000,0.056903158,0.813109095,-0.543481212,-0.200608583,1,0.392151022,-0.069023309,-0.271971210,0.056903158,0.813109095,-0.543481212,-0.200608583,47195,103907.171582666,0.003430959,1,0.447849000,0.188096000,-0.288404000,0.194189102,0.307345409,-0.931264805,0.023984475,1,0.413181092,0.001192533,-0.289609345,0.194189102,0.307345409,-0.931264805,0.023984475
12.625789292,103907.187419583,vr_world,47112,103907.171582666,0.015837292,1,0.333952000,-0.243506000,-0.221058000,0.056903158,0.813109095,-0.543481212,-0.200608583,1,0.392151022,-0.069023309,-0.271971210,0.056903158,0.813109095,-0.543481212,-0.200608583,47195,103907.171582666,0.015837292,1,0.447849000,0.188096000,-0.288404000,0.194189102,0.307345409,-0.931264805,0.023984475,1,0.413181092,0.001192533,-0.289609345,0.194189102,0.307345409,-0.931264805,0.023984475
12.637385084,103907.199015375,vr_world,47113,103907.194489125,0.004526708,1,0.333626000,-0.243597000,-0.220722000,0.057744409,0.812316765,-0.544757337,-0.200116215,1,0.392253694,-0.069391150,-0.272088746,0.057744409,0.812316765,-0.544757337,-0.200116215,47196,103907.194489125,0.004526708,1,0.448466000,0.186869000,-0.287426000,0.194414400,0.308018661,-0.931043573,0.022032055,1,0.413911487,-0.000050218,-0.289271873,0.194414400,0.308018661,-0.931043573,0.022032055
12.649815167,103907.211445458,vr_world,47113,103907.194489125,0.016957041,1,0.333626000,-0.243597000,-0.220722000,0.057744409,0.812316765,-0.544757337,-0.200116215,1,0.392253694,-0.069391150,-0.272088746,0.057744409,0.812316765,-0.544757337,-0.200116215,47196,103907.194489125,0.016957041,1,0.448466000,0.186869000,-0.287426000,0.194414400,0.308018661,-0.931043573,0.022032055,1,0.413911487,-0.000050218,-0.289271873,0.194414400,0.308018661,-0.931043573,0.022032055
12.662237250,103907.223867541,vr_world,47114,103907.218359875,0.005508208,1,0.333022000,-0.243753000,-0.220313000,0.057898517,0.810750373,-0.547333321,-0.199393654,1,0.392684265,-0.070002888,-0.272031139,0.057898517,0.810750373,-0.547333321,-0.199393654,47197,103907.218359875,0.005508208,1,0.449297000,0.185343000,-0.285703000,0.193235086,0.305809196,-0.932077127,0.019317527,1,0.413669850,-0.001362741,-0.288512798,0.193235086,0.305809196,-0.932077127,0.019317527
12.674649584,103907.236279875,vr_world,47114,103907.218359875,0.017920458,1,0.333022000,-0.243753000,-0.220313000,0.057898517,0.810750373,-0.547333321,-0.199393654,1,0.392684265,-0.070002888,-0.272031139,0.057898517,0.810750373,-0.547333321,-0.199393654,47197,103907.218359875,0.017920458,1,0.449297000,0.185343000,-0.285703000,0.193235086,0.305809196,-0.932077127,0.019317527,1,0.413669850,-0.001362741,-0.288512798,0.193235086,0.305809196,-0.932077127,0.019317527
12.687004417,103907.248634708,vr_world,47115,103907.241177250,0.007457750,1,0.333101000,-0.243826000,-0.220269000,0.058545246,0.810804552,-0.547235476,-0.199253020,1,0.392653479,-0.070106495,-0.272216049,0.058545246,0.810804552,-0.547235476,-0.199253020,47198,103907.241177250,0.007457750,1,0.449621000,0.183989000,-0.284036000,0.191740646,0.302817023,-0.933427566,0.015822573,1,0.412562353,-0.002415378,-0.288072430,0.191740646,0.302817023,-0.933427566,0.015822573
12.699422917,103907.261053208,vr_world,47115,103907.241177250,0.019876416,1,0.333101000,-0.243826000,-0.220269000,0.058545246,0.810804552,-0.547235476,-0.199253020,1,0.392653479,-0.070106495,-0.272216049,0.058545246,0.810804552,-0.547235476,-0.199253020,47198,103907.241177250,0.019876416,1,0.449621000,0.183989000,-0.284036000,0.191740646,0.302817023,-0.933427566,0.015822573,1,0.412562353,-0.002415378,-0.288072430,0.191740646,0.302817023,-0.933427566,0.015822573
12.711831417,103907.273461708,vr_world,47116,103907.263756333,0.009705833,1,0.333096000,-0.243795000,-0.220109000,0.059236672,0.811064547,-0.546782788,-0.199233279,1,0.392388157,-0.070047102,-0.272258085,0.059236672,0.811064547,-0.546782788,-0.199233279,47199,103907.263756333,0.009705833,1,0.450654000,0.181451000,-0.280820000,0.188910217,0.296974145,-0.935992252,0.006147487,1,0.410606622,-0.004233072,-0.288157117,0.188910217,0.296974145,-0.935992252,0.006147487
12.724236334,103907.285866625,vr_world,47116,103907.263756333,0.022110625,1,0.333096000,-0.243795000,-0.220109000,0.059236672,0.811064547,-0.546782788,-0.199233279,1,0.392388157,-0.070047102,-0.272258085,0.059236672,0.811064547,-0.546782788,-0.199233279,47199,103907.263756333,0.022110625,1,0.450654000,0.181451000,-0.280820000,0.188910217,0.296974145,-0.935992252,0.006147487,1,0.410606622,-0.004233072,-0.288157117,0.188910217,0.296974145,-0.935992252,0.006147487
12.736645459,103907.298275750,vr_world,47117,103907.287489916,0.010786209,1,0.332921000,-0.243533000,-0.219494000,0.061188204,0.810932526,-0.546685794,-0.199446945,1,0.391946728,-0.069892483,-0.272298959,0.061188204,0.810932526,-0.546685794,-0.199446945,47200,103907.287489916,0.010786209,1,0.451516000,0.178709000,-0.276216000,0.181386039,0.290133106,-0.939609205,-0.007511873,1,0.407835747,-0.005860799,-0.288955471,0.181386039,0.290133106,-0.939609205,-0.007511873
12.749053459,103907.310683750,vr_world,47117,103907.287489916,0.023194250,1,0.332921000,-0.243533000,-0.219494000,0.061188204,0.810932526,-0.546685794,-0.199446945,1,0.391946728,-0.069892483,-0.272298959,0.061188204,0.810932526,-0.546685794,-0.199446945,47200,103907.287489916,0.023194250,1,0.451516000,0.178709000,-0.276216000,0.181386039,0.290133106,-0.939609205,-0.007511873,1,0.407835747,-0.005860799,-0.288955471,0.181386039,0.290133106,-0.939609205,-0.007511873
12.761469500,103907.323099791,vr_world,47118,103907.311124500,0.011975750,1,0.332722000,-0.242819000,-0.218608000,0.063982699,0.811094382,-0.546387787,-0.198727210,1,0.391325152,-0.069345113,-0.272421461,0.063982699,0.811094382,-0.546387787,-0.198727210,47201,103907.311124500,0.011975750,1,0.451500000,0.176939000,-0.272838000,0.172816049,0.288919471,-0.941501289,-0.015345229,1,0.406830452,-0.007066014,-0.289660740,0.172816049,0.288919471,-0.941501289,-0.015345229
12.773889750,103907.335520041,vr_world,47119,103907.334236750,0.001283750,1,0.332464000,-0.241722000,-0.217351000,0.067639800,0.811951629,-0.545718734,-0.195832771,1,0.390452498,-0.068499340,-0.272620482,0.067639800,0.811951629,-0.545718734,-0.195832771,47202,103907.334236750,0.001283750,1,0.451927000,0.174103000,-0.267132000,0.161029004,0.284646044,-0.944544011,-0.029713646,1,0.404780647,-0.008557049,-0.290557002,0.161029004,0.284646044,-0.944544011,-0.029713646
12.785498792,103907.347129083,vr_world,47119,103907.334236750,0.012892833,1,0.332464000,-0.241722000,-0.217351000,0.067639800,0.811951629,-0.545718734,-0.195832771,1,0.390452498,-0.068499340,-0.272620482,0.067639800,0.811951629,-0.545718734,-0.195832771,47202,103907.334236750,0.012892833,1,0.451927000,0.174103000,-0.267132000,0.161029004,0.284646044,-0.944544011,-0.029713646,1,0.404780647,-0.008557049,-0.290557002,0.161029004,0.284646044,-0.944544011,-0.029713646
12.797896667,103907.359526958,vr_world,47120,103907.357548166,0.001979209,1,0.331872000,-0.240480000,-0.216239000,0.069955247,0.812660823,-0.545957361,-0.191361468,1,0.389813824,-0.067629925,-0.272710681,0.069955247,0.812660823,-0.545957361,-0.191361468,47203,103907.357548166,0.001979209,1,0.453308000,0.171091000,-0.260669000,0.149946549,0.274987541,-0.948442899,-0.048517546,1,0.401524835,-0.009177535,-0.291620345,0.149946549,0.274987541,-0.948442899,-0.048517546
12.810324334,103907.371954625,vr_world,47120,103907.357548166,0.014406875,1,0.331872000,-0.240480000,-0.216239000,0.069955247,0.812660823,-0.545957361,-0.191361468,1,0.389813824,-0.067629925,-0.272710681,0.069955247,0.812660823,-0.545957361,-0.191361468,47203,103907.357548166,0.014406875,1,0.453308000,0.171091000,-0.260669000,0.149946549,0.274987541,-0.948442899,-0.048517546,1,0.401524835,-0.009177535,-0.291620345,0.149946549,0.274987541,-0.948442899,-0.048517546
12.820920959,103907.382551250,vr_world,47121,103907.380755083,0.001796542,1,0.332393000,-0.239600000,-0.215724000,0.072712276,0.813973277,-0.544198452,-0.189758992,1,0.389363253,-0.066735819,-0.273133276,0.072712276,0.813973277,-0.544198452,-0.189758992,47204,103907.380755083,0.001796542,1,0.453592000,0.168447000,-0.256150000,0.143726942,0.278092857,-0.947598925,-0.063743290,1,0.402140082,-0.010748564,-0.293269281,0.143726942,0.278092857,-0.947598925,-0.063743290
12.832540917,103907.394171208,vr_world,47121,103907.380755083,0.013416542,1,0.332393000,-0.239600000,-0.215724000,0.072712276,0.813973277,-0.544198452,-0.189758992,1,0.389363253,-0.066735819,-0.273133276,0.072712276,0.813973277,-0.544198452,-0.189758992,47204,103907.380755083,0.013416542,1,0.453592000,0.168447000,-0.256150000,0.143726942,0.278092857,-0.947598925,-0.063743290,1,0.402140082,-0.010748564,-0.293269281,0.143726942,0.278092857,-0.947598925,-0.063743290
12.844970500,103907.406600791,vr_world,47122,103907.404205416,0.002395625,1,0.331773000,-0.238872000,-0.214018000,0.077601101,0.813931295,-0.544296681,-0.187709990,1,0.388291103,-0.066494474,-0.273306392,0.077601101,0.813931295,-0.544296681,-0.187709990,47205,103907.404205416,0.002395625,1,0.455077000,0.164751000,-0.248387000,0.129207333,0.272304182,-0.949438943,-0.087872588,1,0.400518692,-0.011156673,-0.295462726,0.129207333,0.272304182,-0.949438943,-0.087872588
12.856955584,103907.418585875,vr_world,47122,103907.404205416,0.014380792,1,0.331773000,-0.238872000,-0.214018000,0.077601101,0.813931295,-0.544296681,-0.187709990,1,0.388291103,-0.066494474,-0.273306392,0.077601101,0.813931295,-0.544296681,-0.187709990,47205,103907.404205416,0.014380792,1,0.455077000,0.164751000,-0.248387000,0.129207333,0.272304182,-0.949438943,-0.087872588,1,0.400518692,-0.011156673,-0.295462726,0.129207333,0.272304182,-0.949438943,-0.087872588
12.869365250,103907.430995541,vr_world,47123,103907.427857583,0.003138333,1,0.330842000,-0.238121000,-0.212528000,0.079769129,0.812921240,-0.546766020,-0.183964300,1,0.388224916,-0.066476237,-0.273098176,0.079769129,0.812921240,-0.546766020,-0.183964300,47206,103907.427857583,0.003138333,1,0.455798000,0.162257000,-0.240955000,0.114646074,0.269944515,-0.949969128,-0.107447157,1,0.399937807,-0.010683407,-0.296699835,0.114646074,0.269944515,-0.949969128,-0.107447157
12.881263167,103907.442893458,vr_world,47123,103907.427857583,0.015036583,1,0.330842000,-0.238121000,-0.212528000,0.079769129,0.812921240,-0.546766020,-0.183964300,1,0.388224916,-0.066476237,-0.273098176,0.079769129,0.812921240,-0.546766020,-0.183964300,47206,103907.427857583,0.015036583,1,0.455798000,0.162257000,-0.240955000,0.114646074,0.269944515,-0.949969128,-0.107447157,1,0.399937807,-0.010683407,-0.296699835,0.114646074,0.269944515,-0.949969128,-0.107447157
12.893389542,103907.455019833,vr_world,47124,103907.451375750,0.003644625,1,0.330468000,-0.237994000,-0.212080000,0.080080207,0.811443901,-0.549730201,-0.181501136,1,0.389085182,-0.066968425,-0.273217198,0.080080207,0.811443901,-0.549730201,-0.181501136,47207,103907.451375750,0.003644625,1,0.455095000,0.160932000,-0.236727000,0.106099666,0.275033627,-0.948812814,-0.113373754,1,0.401259265,-0.011401528,-0.296217552,0.106099666,0.275033627,-0.948812814,-0.113373754
12.905799334,103907.467429625,vr_world,47124,103907.451375750,0.016054250,1,0.330468000,-0.237994000,-0.212080000,0.080080207,0.811443901,-0.549730201,-0.181501136,1,0.389085182,-0.066968425,-0.273217198,0.080080207,0.811443901,-0.549730201,-0.181501136,47207,103907.451375750,0.016054250,1,0.455095000,0.160932000,-0.236727000,0.106099666,0.275033627,-0.948812814,-0.113373754,1,0.401259265,-0.011401528,-0.296217552,0.106099666,0.275033627,-0.948812814,-0.113373754
12.918168709,103907.479799000,vr_world,47125,103907.474666458,0.005133042,1,0.330148000,-0.237357000,-0.211180000,0.081876891,0.808793562,-0.553744847,-0.180321361,1,0.390206716,-0.067217051,-0.273379310,0.081876891,0.808793562,-0.553744847,-0.180321361,47208,103907.474666458,0.005133042,1,0.454627000,0.157615000,-0.229209000,0.085916176,0.270636110,-0.950137278,-0.128893984,1,0.399748573,-0.011294146,-0.296990097,0.085916176,0.270636110,-0.950137278,-0.128893984
12.930588584,103907.492218875,vr_world,47125,103907.474666458,0.017552792,1,0.330148000,-0.237357000,-0.211180000,0.081876891,0.808793562,-0.553744847,-0.180321361,1,0.390206716,-0.067217051,-0.273379310,0.081876891,0.808793562,-0.553744847,-0.180321361,47208,103907.474666458,0.017552792,1,0.454627000,0.157615000,-0.229209000,0.085916176,0.270636110,-0.950137278,-0.128893984,1,0.399748573,-0.011294146,-0.296990097,0.085916176,0.270636110,-0.950137278,-0.128893984
12.942991875,103907.504622166,vr_world,47126,103907.498301875,0.006320541,1,0.330382000,-0.236633000,-0.210634000,0.084666143,0.809133312,-0.552799484,-0.180409693,1,0.389743569,-0.066571645,-0.273711631,0.084666143,0.809133312,-0.552799484,-0.180409693,47209,103907.498301875,0.006320541,1,0.453719000,0.153556000,-0.221677000,0.061012382,0.262801637,-0.951162104,-0.150011471,1,0.397088034,-0.010130157,-0.300009746,0.061012382,0.262801637,-0.951162104,-0.150011471
12.955407042,103907.517037333,vr_world,47126,103907.498301875,0.018735875,1,0.330382000,-0.236633000,-0.210634000,0.084666143,0.809133312,-0.552799484,-0.180409693,1,0.389743569,-0.066571645,-0.273711631,0.084666143,0.809133312,-0.552799484,-0.180409693,47209,103907.498301875,0.018735875,1,0.453719000,0.153556000,-0.221677000,0.061012382,0.262801637,-0.951162104,-0.150011471,1,0.397088034,-0.010130157,-0.300009746,0.061012382,0.262801637,-0.951162104,-0.150011471
12.967818667,103907.529448958,vr_world,47127,103907.521992750,0.007456666,1,0.330526000,-0.236382000,-0.210744000,0.084712972,0.810406152,-0.550467612,-0.181799310,1,0.388901857,-0.065870155,-0.273524591,0.084712972,0.810406152,-0.550467612,-0.181799310,47210,103907.521992750,0.007456666,1,0.453310000,0.152392000,-0.218428000,0.055644845,0.258870700,-0.951577378,-0.156173323,1,0.395506504,-0.009608509,-0.299365016,0.055644845,0.258870700,-0.951577378,-0.156173323
12.980210459,103907.541840750,vr_world,47127,103907.521992750,0.019848416,1,0.330526000,-0.236382000,-0.210744000,0.084712972,0.810406152,-0.550467612,-0.181799310,1,0.388901857,-0.065870155,-0.273524591,0.084712972,0.810406152,-0.550467612,-0.181799310,47210,103907.521992750,0.019848416,1,0.453310000,0.152392000,-0.218428000,0.055644845,0.258870700,-0.951577378,-0.156173323,1,0.395506504,-0.009608509,-0.299365016,0.055644845,0.258870700,-0.951577378,-0.156173323
12.990850459,103907.552480750,vr_world,47128,103907.545481500,0.006999916,1,0.330203000,-0.235552000,-0.210434000,0.086071916,0.810397552,-0.550293037,-0.181727836,1,0.388356858,-0.065134632,-0.273675187,0.086071916,0.810397552,-0.550293037,-0.181727836,47211,103907.545481500,0.006999916,1,0.451120000,0.148882000,-0.211214000,0.037279676,0.260045910,-0.949414237,-0.172043476,1,0.394934659,-0.009439134,-0.300173740,0.037279676,0.260045910,-0.949414237,-0.172043476
13.002720250,103907.564350541,vr_world,47128,103907.545481500,0.018869500,1,0.330203000,-0.235552000,-0.210434000,0.086071916,0.810397552,-0.550293037,-0.181727836,1,0.388356858,-0.065134632,-0.273675187,0.086071916,0.810397552,-0.550293037,-0.181727836,47211,103907.545481500,0.018869500,1,0.451120000,0.148882000,-0.211214000,0.037279676,0.260045910,-0.949414237,-0.172043476,1,0.394934659,-0.009439134,-0.300173740,0.037279676,0.260045910,-0.949414237,-0.172043476
13.015144459,103907.576774750,vr_world,47129,103907.568704125,0.008070916,1,0.329451000,-0.235110000,-0.209858000,0.086426671,0.810488301,-0.550926452,-0.179218273,1,0.387909414,-0.064939143,-0.273481367,0.086426671,0.810488301,-0.550926452,-0.179218273,47212,103907.568704125,0.008070916,1,0.448186000,0.146738000,-0.205931000,0.016590166,0.264709825,-0.947085096,-0.180785219,1,0.395696680,-0.009079320,-0.301335723,0.016590166,0.264709825,-0.947085096,-0.180785219
13.027545042,103907.589175333,vr_world,47129,103907.568704125,0.020471625,1,0.329451000,-0.235110000,-0.209858000,0.086426671,0.810488301,-0.550926452,-0.179218273,1,0.387909414,-0.064939143,-0.273481367,0.086426671,0.810488301,-0.550926452,-0.179218273,47212,103907.568704125,0.020471625,1,0.448186000,0.146738000,-0.205931000,0.016590166,0.264709825,-0.947085096,-0.180785219,1,0.395696680,-0.009079320,-0.301335723,0.016590166,0.264709825,-0.947085096,-0.180785219
13.039956542,103907.601586833,vr_world,47130,103907.592074500,0.009512750,1,0.329088000,-0.234844000,-0.209576000,0.085158235,0.810405430,-0.552234668,-0.176147625,1,0.388327354,-0.064913891,-0.273120524,0.085158235,0.810405430,-0.552234668,-0.176147625,47213,103907.592074500,0.009512750,1,0.446465000,0.145353000,-0.204215000,0.006029448,0.265133236,-0.946898530,-0.181799854,1,0.395409930,-0.009578537,-0.301815243,0.006029448,0.265133236,-0.946898530,-0.181799854
13.052360792,103907.613991083,vr_world,47130,103907.592074500,0.021916916,1,0.329088000,-0.234844000,-0.209576000,0.085158235,0.810405430,-0.552234668,-0.176147625,1,0.388327354,-0.064913891,-0.273120524,0.085158235,0.810405430,-0.552234668,-0.176147625,47213,103907.592074500,0.021916916,1,0.446465000,0.145353000,-0.204215000,0.006029448,0.265133236,-0.946898530,-0.181799854,1,0.395409930,-0.009578537,-0.301815243,0.006029448,0.265133236,-0.946898530,-0.181799854
13.064756209,103907.626386500,vr_world,47131,103907.615094583,0.011292375,1,0.328837000,-0.234593000,-0.208954000,0.085895743,0.809748630,-0.553451154,-0.174988280,1,0.388522979,-0.064988534,-0.272948696,0.085895743,0.809748630,-0.553451154,-0.174988280,47214,103907.615094583,0.011292375,1,0.443925000,0.143882000,-0.201412000,0.013511396,-0.263519223,0.947426099,0.180994057,1,0.394916743,-0.009672003,-0.302186979,0.013511396,-0.263519223,0.947426099,0.180994057
13.077180167,103907.638810458,vr_world,47132,103907.638678125,0.000133000,1,0.328374000,-0.234199000,-0.208502000,0.085626675,0.809113600,-0.554982077,-0.173199739,1,0.388770490,-0.064913005,-0.272673367,0.085626675,0.809113600,-0.554982077,-0.173199739,47215,103907.638678125,0.000133000,1,0.441523000,0.143356000,-0.199964000,0.029811610,-0.264783231,0.947353339,0.177546499,1,0.395342467,-0.009819888,-0.302632039,0.029811610,-0.264783231,0.947353339,0.177546499
13.089578417,103907.651208708,vr_world,47132,103907.638678125,0.012530958,1,0.328374000,-0.234199000,-0.208502000,0.085626675,0.809113600,-0.554982077,-0.173199739,1,0.388770490,-0.064913005,-0.272673367,0.085626675,0.809113600,-0.554982077,-0.173199739,47215,103907.638678125,0.012530958,1,0.441523000,0.143356000,-0.199964000,0.029811610,-0.264783231,0.947353339,0.177546499,1,0.395342467,-0.009819888,-0.302632039,0.029811610,-0.264783231,0.947353339,0.177546499
13.101994250,103907.663624541,vr_world,47133,103907.661993791,0.001631209,1,0.327436000,-0.234215000,-0.208381000,0.082338219,0.809690535,-0.555818228,-0.169374590,1,0.388684473,-0.064945292,-0.271783170,0.082338219,0.809690535,-0.555818228,-0.169374590,47216,103907.661993791,0.001631209,1,0.441271000,0.143615000,-0.200189000,0.030574274,-0.269028899,0.946747713,0.174233848,1,0.396789253,-0.010523651,-0.302163811,0.030574274,-0.269028899,0.946747713,0.174233848
13.114404500,103907.676034791,vr_world,47133,103907.661993791,0.014041334,1,0.327436000,-0.234215000,-0.208381000,0.082338219,0.809690535,-0.555818228,-0.169374590,1,0.388684473,-0.064945292,-0.271783170,0.082338219,0.809690535,-0.555818228,-0.169374590,47216,103907.661993791,0.014041334,1,0.441271000,0.143615000,-0.200189000,0.030574274,-0.269028899,0.946747713,0.174233848,1,0.396789253,-0.010523651,-0.302163811,0.030574274,-0.269028899,0.946747713,0.174233848
13.126818875,103907.688449166,vr_world,47134,103907.685427958,0.003021750,1,0.325740000,-0.234746000,-0.208103000,0.075543155,0.811467962,-0.556381180,-0.162027655,1,0.388253092,-0.065294381,-0.269760775,0.075543155,0.811467962,-0.556381180,-0.162027655,47217,103907.685427958,0.003021750,1,0.441017000,0.142962000,-0.199544000,0.029615535,-0.270351201,0.945797558,0.177482752,1,0.396769607,-0.010731553,-0.302289736,0.029615535,-0.270351201,0.945797558,0.177482752
13.139227042,103907.700857333,vr_world,47134,103907.685427958,0.015429708,1,0.325740000,-0.234746000,-0.208103000,0.075543155,0.811467962,-0.556381180,-0.162027655,1,0.388253092,-0.065294381,-0.269760775,0.075543155,0.811467962,-0.556381180,-0.162027655,47217,103907.685427958,0.015429708,1,0.441017000,0.142962000,-0.199544000,0.029615535,-0.270351201,0.945797558,0.177482752,1,0.396769607,-0.010731553,-0.302289736,0.029615535,-0.270351201,0.945797558,0.177482752
13.151638709,103907.713269000,vr_world,47135,103907.708502000,0.004767333,1,0.324537000,-0.236723000,-0.208669000,0.061127565,0.816415437,-0.552573901,-0.156177267,1,0.387278737,-0.065659262,-0.265450244,0.061127565,0.816415437,-0.552573901,-0.156177267,47218,103907.708502000,0.004767333,1,0.441229000,0.143792000,-0.200882000,0.028523017,-0.263705895,0.948406075,0.173699610,1,0.394597826,-0.010118613,-0.302239170,0.028523017,-0.263705895,0.948406075,0.173699610
13.162724959,103907.724355250,vr_world,47135,103907.708502000,0.015853750,1,0.324537000,-0.236723000,-0.208669000,0.061127565,0.816415437,-0.552573901,-0.156177267,1,0.387278737,-0.065659262,-0.265450244,0.061127565,0.816415437,-0.552573901,-0.156177267,47218,103907.708502000,0.015853750,1,0.441229000,0.143792000,-0.200882000,0.028523017,-0.263705895,0.948406075,0.173699610,1,0.394597826,-0.010118613,-0.302239170,0.028523017,-0.263705895,0.948406075,0.173699610
13.174606417,103907.736236708,vr_world,47136,103907.732595791,0.003641459,1,0.323871000,-0.238195000,-0.208063000,0.052016877,0.821478075,-0.546414444,-0.154593896,1,0.385119629,-0.065463107,-0.261314667,0.052016877,0.821478075,-0.546414444,-0.154593896,47219,103907.732595791,0.003641459,1,0.441757000,0.144659000,-0.202168000,0.026160613,-0.258445958,0.950738118,0.169169561,1,0.393077471,-0.009784094,-0.301736532,0.026160613,-0.258445958,0.950738118,0.169169561
13.186693459,103907.748323750,vr_world,47136,103907.732595791,0.015728417,1,0.323871000,-0.238195000,-0.208063000,0.052016877,0.821478075,-0.546414444,-0.154593896,1,0.385119629,-0.065463107,-0.261314667,0.052016877,0.821478075,-0.546414444,-0.154593896,47219,103907.732595791,0.015728417,1,0.441757000,0.144659000,-0.202168000,0.026160613,-0.258445958,0.950738118,0.169169561,1,0.393077471,-0.009784094,-0.301736532,0.026160613,-0.258445958,0.950738118,0.169169561
13.199109250,103907.760739541,vr_world,47137,103907.755750583,0.004989333,1,0.322463000,-0.238767000,-0.208183000,0.045414520,0.825033124,-0.542416225,-0.151797576,1,0.382854187,-0.065016586,-0.259046686,0.045414520,0.825033124,-0.542416225,-0.151797576,47220,103907.755750583,0.004989333,1,0.442195000,0.145614000,-0.203310000,0.020766762,-0.260544400,0.950710465,0.166838149,1,0.393575846,-0.009829981,-0.301338272,0.020766762,-0.260544400,0.950710465,0.166838149
13.211520084,103907.773150375,vr_world,47137,103907.755750583,0.017400708,1,0.322463000,-0.238767000,-0.208183000,0.045414520,0.825033124,-0.542416225,-0.151797576,1,0.382854187,-0.065016586,-0.259046686,0.045414520,0.825033124,-0.542416225,-0.151797576,47220,103907.755750583,0.017400708,1,0.442195000,0.145614000,-0.203310000,0.020766762,-0.260544400,0.950710465,0.166838149,1,0.393575846,-0.009829981,-0.301338272,0.020766762,-0.260544400,0.950710465,0.166838149
13.223858709,103907.785489000,vr_world,47138,103907.779065375,0.006424458,1,0.321051000,-0.237850000,-0.206898000,0.043845918,0.828938973,-0.538847428,-0.143461368,1,0.380461115,-0.063730965,-0.257656825,0.043845918,0.828938973,-0.538847428,-0.143461368,47221,103907.779065375,0.006424458,1,0.442414000,0.146671000,-0.204775000,0.016122993,-0.263802021,0.950380577,0.164089308,1,0.394399461,-0.009896202,-0.301302161,0.016122993,-0.263802021,0.950380577,0.164089308
13.234721209,103907.796351500,vr_world,47138,103907.779065375,0.017286541,1,0.321051000,-0.237850000,-0.206898000,0.043845918,0.828938973,-0.538847428,-0.143461368,1,0.380461115,-0.063730965,-0.257656825,0.043845918,0.828938973,-0.538847428,-0.143461368,47221,103907.779065375,0.017286541,1,0.442414000,0.146671000,-0.204775000,0.016122993,-0.263802021,0.950380577,0.164089308,1,0.394399461,-0.009896202,-0.301302161,0.016122993,-0.263802021,0.950380577,0.164089308
13.245906417,103907.807536708,vr_world,47139,103907.803848458,0.003688958,1,0.318609000,-0.235975000,-0.205775000,0.048059229,0.831165657,-0.539146211,-0.127182246,1,0.378437130,-0.062859971,-0.259395877,0.048059229,0.831165657,-0.539146211,-0.127182246,47222,103907.803848458,0.003688958,1,0.443124000,0.147879000,-0.206633000,0.011545450,-0.262527669,0.951574198,0.159538305,1,0.394197910,-0.009695862,-0.301039480,0.011545450,-0.262527669,0.951574198,0.159538305
13.258298917,103907.819929208,vr_world,47139,103907.803848458,0.016081542,1,0.318609000,-0.235975000,-0.205775000,0.048059229,0.831165657,-0.539146211,-0.127182246,1,0.378437130,-0.062859971,-0.259395877,0.048059229,0.831165657,-0.539146211,-0.127182246,47222,103907.803848458,0.016081542,1,0.443124000,0.147879000,-0.206633000,0.011545450,-0.262527669,0.951574198,0.159538305,1,0.394197910,-0.009695862,-0.301039480,0.011545450,-0.262527669,0.951574198,0.159538305
13.270697875,103907.832328166,vr_world,47140,103907.827123208,0.005205500,1,0.316514000,-0.233567000,-0.205477000,0.053686601,0.831963207,-0.541148652,-0.110059559,1,0.377499314,-0.061979503,-0.262590764,0.053686601,0.831963207,-0.541148652,-0.110059559,47223,103907.827123208,0.005205500,1,0.444124000,0.148334000,-0.207638000,0.010088019,-0.256345661,0.953695732,0.157001864,1,0.392907785,-0.009191406,-0.300905831,0.010088019,-0.256345661,0.953695732,0.157001864
13.283101792,103907.844732083,vr_world,47140,103907.827123208,0.017609292,1,0.316514000,-0.233567000,-0.205477000,0.053686601,0.831963207,-0.541148652,-0.110059559,1,0.377499314,-0.061979503,-0.262590764,0.053686601,0.831963207,-0.541148652,-0.110059559,47223,103907.827123208,0.017609292,1,0.444124000,0.148334000,-0.207638000,0.010088019,-0.256345661,0.953695732,0.157001864,1,0.392907785,-0.009191406,-0.300905831,0.010088019,-0.256345661,0.953695732,0.157001864
13.293389542,103907.855019833,vr_world,47141,103907.850333500,0.004686875,1,0.313374000,-0.230382000,-0.205106000,0.058891454,0.835305385,-0.540459396,-0.081855672,1,0.375314553,-0.060532541,-0.266245087,0.058891454,0.835305385,-0.540459396,-0.081855672,47224,103907.850333500,0.004686875,1,0.445179000,0.149020000,-0.209114000,0.006755732,-0.250133882,0.955965953,0.153350895,1,0.391466212,-0.008729004,-0.300582121,0.006755732,-0.250133882,0.955965953,0.153350895
13.305783959,103907.867414250,vr_world,47141,103907.850333500,0.017081208,1,0.313374000,-0.230382000,-0.205106000,0.058891454,0.835305385,-0.540459396,-0.081855672,1,0.375314553,-0.060532541,-0.266245087,0.058891454,0.835305385,-0.540459396,-0.081855672,47224,103907.850333500,0.017081208,1,0.445179000,0.149020000,-0.209114000,0.006755732,-0.250133882,0.955965953,0.153350895,1,0.391466212,-0.008729004,-0.300582121,0.006755732,-0.250133882,0.955965953,0.153350895
13.317402959,103907.879033250,vr_world,47142,103907.873579750,0.005453833,1,0.309227000,-0.226965000,-0.205997000,0.059801735,0.836366953,-0.542327686,-0.052865426,1,0.373886293,-0.059077818,-0.269687780,0.059801735,0.836366953,-0.542327686,-0.052865426,47225,103907.873579750,0.005453833,1,0.445634000,0.149453000,-0.210063000,0.004440584,-0.250501649,0.956371891,0.150273123,1,0.391853583,-0.009010263,-0.300247728,0.004440584,-0.250501649,0.956371891,0.150273123
13.329821209,103907.891451500,vr_world,47142,103907.873579750,0.017872375,1,0.309227000,-0.226965000,-0.205997000,0.059801735,0.836366953,-0.542327686,-0.052865426,1,0.373886293,-0.059077818,-0.269687780,0.059801735,0.836366953,-0.542327686,-0.052865426,47225,103907.873579750,0.017872375,1,0.445634000,0.149453000,-0.210063000,0.004440584,-0.250501649,0.956371891,0.150273123,1,0.391853583,-0.009010263,-0.300247728,0.004440584,-0.250501649,0.956371891,0.150273123
13.341387167,103907.903017458,vr_world,47143,103907.897451250,0.005566625,1,0.307516000,-0.224719000,-0.206458000,0.061411570,0.839973871,-0.537483275,-0.042240311,1,0.370933753,-0.056823545,-0.271363806,0.061411570,0.839973871,-0.537483275,-0.042240311,47226,103907.897451250,0.005566625,1,0.446040000,0.149231000,-0.209787000,0.005421405,-0.252265579,0.955720909,0.151427307,1,0.392966594,-0.009154294,-0.300525806,0.005421405,-0.252265579,0.955720909,0.151427307
13.353789667,103907.915419958,vr_world,47143,103907.897451250,0.017969083,1,0.307516000,-0.224719000,-0.206458000,0.061411570,0.839973871,-0.537483275,-0.042240311,1,0.370933753,-0.056823545,-0.271363806,0.061411570,0.839973871,-0.537483275,-0.042240311,47226,103907.897451250,0.017969083,1,0.446040000,0.149231000,-0.209787000,0.005421405,-0.252265579,0.955720909,0.151427307,1,0.392966594,-0.009154294,-0.300525806,0.005421405,-0.252265579,0.955720909,0.151427307
13.365389750,103907.927020041,vr_world,47144,103907.920549000,0.006471541,1,0.303503000,-0.221761000,-0.208343000,0.057348399,0.849275318,-0.524488386,-0.018828908,1,0.363916487,-0.052783077,-0.273305278,0.057348399,0.849275318,-0.524488386,-0.018828908,47227,103907.920549000,0.006471541,1,0.447169000,0.149267000,-0.210008000,0.006068693,-0.250079757,0.956420990,0.150606029,1,0.393434765,-0.008995113,-0.300572589,0.006068693,-0.250079757,0.956420990,0.150606029
13.377691167,103907.939321458,vr_world,47144,103907.920549000,0.018772958,1,0.303503000,-0.221761000,-0.208343000,0.057348399,0.849275318,-0.524488386,-0.018828908,1,0.363916487,-0.052783077,-0.273305278,0.057348399,0.849275318,-0.524488386,-0.018828908,47227,103907.920549000,0.018772958,1,0.447169000,0.149267000,-0.210008000,0.006068693,-0.250079757,0.956420990,0.150606029,1,0.393434765,-0.008995113,-0.300572589,0.006068693,-0.250079757,0.956420990,0.150606029
13.390107709,103907.951738000,vr_world,47145,103907.944098500,0.007639833,1,0.298992000,-0.217242000,-0.209114000,0.059255273,0.849701535,-0.523812715,0.010786699,1,0.361756891,-0.050224353,-0.276857038,0.059255273,0.849701535,-0.523812715,0.010786699,47228,103907.944098500,0.007639833,1,0.448617000,0.149257000,-0.210270000,0.007549544,-0.245117464,0.957845911,0.149638376,1,0.393360883,-0.008557834,-0.300699184,0.007549544,-0.245117464,0.957845911,0.149638376
13.402520500,103907.964150791,vr_world,47145,103907.944098500,0.020052666,1,0.298992000,-0.217242000,-0.209114000,0.059255273,0.849701535,-0.523812715,0.010786699,1,0.361756891,-0.050224353,-0.276857038,0.059255273,0.849701535,-0.523812715,0.010786699,47228,103907.944098500,0.020052666,1,0.448617000,0.149257000,-0.210270000,0.007549544,-0.245117464,0.957845911,0.149638376,1,0.393360883,-0.008557834,-0.300699184,0.007549544,-0.245117464,0.957845911,0.149638376
13.414940417,103907.976570708,vr_world,47146,103907.967266041,0.009304917,1,0.296507000,-0.215105000,-0.210381000,0.058507807,0.842477289,-0.534890074,0.026485135,1,0.365305160,-0.050776211,-0.278837701,0.058507807,0.842477289,-0.534890074,0.026485135,47229,103907.967266041,0.009304917,1,0.449491000,0.148835000,-0.210468000,0.007960703,-0.241619793,0.958746944,0.149535280,1,0.393069352,-0.008593407,-0.300851240,0.007960703,-0.241619793,0.958746944,0.149535280
13.427322667,103907.988952958,vr_world,47146,103907.967266041,0.021687334,1,0.296507000,-0.215105000,-0.210381000,0.058507807,0.842477289,-0.534890074,0.026485135,1,0.365305160,-0.050776211,-0.278837701,0.058507807,0.842477289,-0.534890074,0.026485135,47229,103907.967266041,0.021687334,1,0.449491000,0.148835000,-0.210468000,0.007960703,-0.241619793,0.958746944,0.149535280,1,0.393069352,-0.008593407,-0.300851240,0.007960703,-0.241619793,0.958746944,0.149535280
13.439724125,103908.001354416,vr_world,47147,103907.990206458,0.011148292,1,0.294001000,-0.212073000,-0.211664000,0.059728427,0.837493391,-0.540890676,0.049745480,1,0.367575795,-0.050540369,-0.281787922,0.059728427,0.837493391,-0.540890676,0.049745480,47230,103907.990206458,0.011148292,1,0.450963000,0.148336000,-0.210617000,0.006962639,-0.237104768,0.959908965,0.149357388,1,0.392850042,-0.008680421,-0.300644345,0.006962639,-0.237104768,0.959908965,0.149357388
13.452130334,103908.013760625,vr_world,47148,103908.013678666,0.000082584,1,0.293866000,-0.211484000,-0.213561000,0.056864539,0.839722643,-0.536553253,0.061179356,1,0.367114134,-0.049660970,-0.283356746,0.056864539,0.839722643,-0.536553253,0.061179356,47231,103908.013678666,0.000082584,1,0.452521000,0.147645000,-0.210359000,0.007397360,-0.231582306,0.961082474,0.150450631,1,0.392520995,-0.008522749,-0.300624770,0.007397360,-0.231582306,0.961082474,0.150450631
13.464476959,103908.026107250,vr_world,47148,103908.013678666,0.012429542,1,0.293866000,-0.211484000,-0.213561000,0.056864539,0.839722643,-0.536553253,0.061179356,1,0.367114134,-0.049660970,-0.283356746,0.056864539,0.839722643,-0.536553253,0.061179356,47231,103908.013678666,0.012429542,1,0.452521000,0.147645000,-0.210359000,0.007397360,-0.231582306,0.961082474,0.150450631,1,0.392520995,-0.008522749,-0.300624770,0.007397360,-0.231582306,0.961082474,0.150450631
13.474729667,103908.036359958,vr_world,47148,103908.013678666,0.022697292,1,0.293866000,-0.211484000,-0.213561000,0.056864539,0.839722643,-0.536553253,0.061179356,1,0.367114134,-0.049660970,-0.283356746,0.056864539,0.839722643,-0.536553253,0.061179356,47231,103908.013678666,0.022697292,1,0.452521000,0.147645000,-0.210359000,0.007397360,-0.231582306,0.961082474,0.150450631,1,0.392520995,-0.008522749,-0.300624770,0.007397360,-0.231582306,0.961082474,0.150450631
13.487027250,103908.048657541,vr_world,47149,103908.037392291,0.011266417,1,0.295773000,-0.212817000,-0.214917000,0.050516401,0.845854017,-0.528168871,0.054924668,1,0.365269261,-0.048345317,-0.282316896,0.050516401,0.845854017,-0.528168871,0.054924668,47232,103908.037392291,0.011266417,1,0.453591000,0.147271000,-0.210351000,0.009537241,-0.225618843,0.962521821,0.150189623,1,0.391819243,-0.008105495,-0.300786495,0.009537241,-0.225618843,0.962521821,0.150189623
13.499086959,103908.060717250,vr_world,47150,103908.060696375,0.000021833,1,0.298141000,-0.212973000,-0.216861000,0.042721484,0.848317592,-0.525069080,0.053240949,1,0.366544107,-0.046930997,-0.281471744,0.042721484,0.848317592,-0.525069080,0.053240949,47233,103908.060696375,0.000021833,1,0.455627000,0.146300000,-0.210512000,0.011111210,-0.216922111,0.964617993,0.149443854,1,0.391105142,-0.008036396,-0.300808443,0.011111210,-0.216922111,0.964617993,0.149443854
13.511458209,103908.073088500,vr_world,47150,103908.060696375,0.012393458,1,0.298141000,-0.212973000,-0.216861000,0.042721484,0.848317592,-0.525069080,0.053240949,1,0.366544107,-0.046930997,-0.281471744,0.042721484,0.848317592,-0.525069080,0.053240949,47233,103908.060696375,0.012393458,1,0.455627000,0.146300000,-0.210512000,0.011111210,-0.216922111,0.964617993,0.149443854,1,0.391105142,-0.008036396,-0.300808443,0.011111210,-0.216922111,0.964617993,0.149443854
13.523852792,103908.085483083,vr_world,47151,103908.084266083,0.001218667,1,0.302222000,-0.213635000,-0.217214000,0.045306803,0.848504990,-0.525265008,0.045642599,1,0.369789071,-0.047429811,-0.282282920,0.045306803,0.848504990,-0.525265008,0.045642599,47234,103908.084266083,0.001218667,1,0.457450000,0.145416000,-0.210477000,0.009786108,-0.212255724,0.965595992,0.149920381,1,0.391161931,-0.008316327,-0.300524102,0.009786108,-0.212255724,0.965595992,0.149920381
13.536204875,103908.097835166,vr_world,47151,103908.084266083,0.013572292,1,0.302222000,-0.213635000,-0.217214000,0.045306803,0.848504990,-0.525265008,0.045642599,1,0.369789071,-0.047429811,-0.282282920,0.045306803,0.848504990,-0.525265008,0.045642599,47234,103908.084266083,0.013572292,1,0.457450000,0.145416000,-0.210477000,0.009786108,-0.212255724,0.965595992,0.149920381,1,0.391161931,-0.008316327,-0.300524102,0.009786108,-0.212255724,0.965595992,0.149920381
13.548586334,103908.110216625,vr_world,47152,103908.107772708,0.002445167,1,0.306987000,-0.214535000,-0.218348000,0.044584511,0.853667194,-0.517905410,0.032226217,1,0.370255625,-0.046257121,-0.282402973,0.044584511,0.853667194,-0.517905410,0.032226217,47235,103908.107772708,0.002445167,1,0.459204000,0.144380000,-0.210075000,0.008577789,-0.205964599,0.966510716,0.152846463,1,0.390565976,-0.008084748,-0.300515862,0.008577789,-0.205964599,0.966510716,0.152846463
13.560089834,103908.121720125,vr_world,47152,103908.107772708,0.013948458,1,0.306987000,-0.214535000,-0.218348000,0.044584511,0.853667194,-0.517905410,0.032226217,1,0.370255625,-0.046257121,-0.282402973,0.044584511,0.853667194,-0.517905410,0.032226217,47235,103908.107772708,0.013948458,1,0.459204000,0.144380000,-0.210075000,0.008577789,-0.205964599,0.966510716,0.152846463,1,0.390565976,-0.008084748,-0.300515862,0.008577789,-0.205964599,0.966510716,0.152846463
13.570739125,103908.132369416,vr_world,47153,103908.131510625,0.000860625,1,0.309374000,-0.215366000,-0.218343000,0.045467353,0.858643536,-0.509904535,0.025716984,1,0.368734204,-0.045642890,-0.282326328,0.045467353,0.858643536,-0.509904535,0.025716984,47236,103908.131510625,0.000860625,1,0.459499000,0.144027000,-0.209442000,0.010307673,-0.207202226,0.966141995,0.153396982,1,0.391487331,-0.008406582,-0.300406898,0.010307673,-0.207202226,0.966141995,0.153396982
13.581614167,103908.143244458,vr_world,47153,103908.131510625,0.011735833,1,0.309374000,-0.215366000,-0.218343000,0.045467353,0.858643536,-0.509904535,0.025716984,1,0.368734204,-0.045642890,-0.282326328,0.045467353,0.858643536,-0.509904535,0.025716984,47236,103908.131510625,0.011735833,1,0.459499000,0.144027000,-0.209442000,0.010307673,-0.207202226,0.966141995,0.153396982,1,0.391487331,-0.008406582,-0.300406898,0.010307673,-0.207202226,0.966141995,0.153396982
13.593494084,103908.155124375,vr_world,47154,103908.154227833,0.000897500,1,0.311903000,-0.215448000,-0.218750000,0.039832139,0.858734991,-0.510471246,0.020167381,1,0.371214912,-0.044824569,-0.280338670,0.039832139,0.858734991,-0.510471246,0.020167381,47237,103908.154227833,0.000897500,1,0.459658000,0.144243000,-0.209304000,0.014426965,-0.211149752,0.965489053,0.151784494,1,0.393552982,-0.008750881,-0.300732665,0.014426965,-0.211149752,0.965489053,0.151784494
13.605508250,103908.167138541,vr_world,47154,103908.154227833,0.012911250,1,0.311903000,-0.215448000,-0.218750000,0.039832139,0.858734991,-0.510471246,0.020167381,1,0.371214912,-0.044824569,-0.280338670,0.039832139,0.858734991,-0.510471246,0.020167381,47237,103908.154227833,0.012911250,1,0.459658000,0.144243000,-0.209304000,0.014426965,-0.211149752,0.965489053,0.151784494,1,0.393552982,-0.008750881,-0.300732665,0.014426965,-0.211149752,0.965489053,0.151784494
13.615983417,103908.177613708,vr_world,47154,103908.154227833,0.023386708,1,0.311903000,-0.215448000,-0.218750000,0.039832139,0.858734991,-0.510471246,0.020167381,1,0.371214912,-0.044824569,-0.280338670,0.039832139,0.858734991,-0.510471246,0.020167381,47237,103908.154227833,0.023386708,1,0.459658000,0.144243000,-0.209304000,0.014426965,-0.211149752,0.965489053,0.151784494,1,0.393552982,-0.008750881,-0.300732665,0.014426965,-0.211149752,0.965489053,0.151784494
13.628336292,103908.189966583,vr_world,47155,103908.178276333,0.011691250,1,0.311454000,-0.215425000,-0.217695000,0.045510809,0.851475518,-0.522097080,0.018244119,1,0.374979906,-0.047000471,-0.281107026,0.045510809,0.851475518,-0.522097080,0.018244119,47238,103908.178276333,0.011691250,1,0.458361000,0.146278000,-0.209091000,0.023280533,-0.228224815,0.962174127,0.146943525,1,0.399363674,-0.009157269,-0.301261447,0.023280533,-0.228224815,0.962174127,0.146943525
13.638833500,103908.200463791,vr_world,47155,103908.178276333,0.022188292,1,0.311454000,-0.215425000,-0.217695000,0.045510809,0.851475518,-0.522097080,0.018244119,1,0.374979906,-0.047000471,-0.281107026,0.045510809,0.851475518,-0.522097080,0.018244119,47238,103908.178276333,0.022188292,1,0.458361000,0.146278000,-0.209091000,0.023280533,-0.228224815,0.962174127,0.146943525,1,0.399363674,-0.009157269,-0.301261447,0.023280533,-0.228224815,0.962174127,0.146943525
13.651174292,103908.212804583,vr_world,47156,103908.202153375,0.010652333,1,0.309918000,-0.214425000,-0.219038000,0.042596398,0.847157304,-0.529066145,0.024475770,1,0.376991433,-0.047132180,-0.281789033,0.042596398,0.847157304,-0.529066145,0.024475770,47239,103908.202153375,0.010652333,1,0.456716000,0.147506000,-0.211299000,0.024676622,-0.238156693,0.961376464,0.135748844,1,0.401605746,-0.010906997,-0.300766390,0.024676622,-0.238156693,0.961376464,0.135748844
13.663485084,103908.225115375,vr_world,47156,103908.202153375,0.022963250,1,0.309918000,-0.214425000,-0.219038000,0.042596398,0.847157304,-0.529066145,0.024475770,1,0.376991433,-0.047132180,-0.281789033,0.042596398,0.847157304,-0.529066145,0.024475770,47239,103908.202153375,0.022963250,1,0.456716000,0.147506000,-0.211299000,0.024676622,-0.238156693,0.961376464,0.135748844,1,0.401605746,-0.010906997,-0.300766390,0.024676622,-0.238156693,0.961376464,0.135748844
13.675809000,103908.237439291,vr_world,47157,103908.225907083,0.011533458,1,0.307737000,-0.214768000,-0.220199000,0.038782887,0.840118042,-0.540098266,0.031486918,1,0.380100122,-0.049306544,-0.281920060,0.038782887,0.840118042,-0.540098266,0.031486918,47240,103908.225907083,0.011533458,1,0.453994000,0.150181000,-0.214829000,0.025244263,-0.248830662,0.960695393,0.120459083,1,0.403067562,-0.011865620,-0.300173106,0.025244263,-0.248830662,0.960695393,0.120459083
13.688156625,103908.249786916,vr_world,47158,103908.248483875,0.001303458,1,0.306012000,-0.213838000,-0.220444000,0.037952515,0.831698322,-0.552904686,0.033673681,1,0.383744090,-0.050707548,-0.281841264,0.037952515,0.831698322,-0.552904686,0.033673681,47241,103908.248483875,0.001303458,1,0.450469000,0.153911000,-0.219129000,0.020462070,-0.261460428,0.959342071,0.104319407,1,0.403851817,-0.012154080,-0.299038148,0.020462070,-0.261460428,0.959342071,0.104319407
13.699837209,103908.261467500,vr_world,47158,103908.248483875,0.012984500,1,0.306012000,-0.213838000,-0.220444000,0.037952515,0.831698322,-0.552904686,0.033673681,1,0.383744090,-0.050707548,-0.281841264,0.037952515,0.831698322,-0.552904686,0.033673681,47241,103908.248483875,0.012984500,1,0.450469000,0.153911000,-0.219129000,0.020462070,-0.261460428,0.959342071,0.104319407,1,0.403851817,-0.012154080,-0.299038148,0.020462070,-0.261460428,0.959342071,0.104319407
13.712057584,103908.273687875,vr_world,47159,103908.272045541,0.001642792,1,0.305047000,-0.214400000,-0.221345000,0.036768008,0.830532535,-0.555034280,0.028297876,1,0.383169871,-0.051185237,-0.282017869,0.036768008,0.830532535,-0.555034280,0.028297876,47242,103908.272045541,0.001642792,1,0.446635000,0.156741000,-0.221785000,0.014713531,-0.275255858,0.956454635,0.095980503,1,0.404559984,-0.012087294,-0.298354717,0.014713531,-0.275255858,0.956454635,0.095980503
13.722375792,103908.284006083,vr_world,47159,103908.272045541,0.011963875,1,0.305047000,-0.214400000,-0.221345000,0.036768008,0.830532535,-0.555034280,0.028297876,1,0.383169871,-0.051185237,-0.282017869,0.036768008,0.830532535,-0.555034280,0.028297876,47242,103908.272045541,0.011963875,1,0.446635000,0.156741000,-0.221785000,0.014713531,-0.275255858,0.956454635,0.095980503,1,0.404559984,-0.012087294,-0.298354717,0.014713531,-0.275255858,0.956454635,0.095980503
13.734785167,103908.296415458,vr_world,47160,103908.295246041,0.001169917,1,0.302436000,-0.213812000,-0.221768000,0.035870914,0.823853776,-0.565004635,0.027349504,1,0.384486300,-0.052360884,-0.281973539,0.035870914,0.823853776,-0.565004635,0.027349504,47243,103908.295246041,0.001169917,1,0.441603000,0.161959000,-0.226423000,0.010797430,-0.287738280,0.954197103,0.081227987,1,0.404093947,-0.010126491,-0.297948164,0.010797430,-0.287738280,0.954197103,0.081227987
13.747216667,103908.308846958,vr_world,47160,103908.295246041,0.013601709,1,0.302436000,-0.213812000,-0.221768000,0.035870914,0.823853776,-0.565004635,0.027349504,1,0.384486300,-0.052360884,-0.281973539,0.035870914,0.823853776,-0.565004635,0.027349504,47243,103908.295246041,0.013601709,1,0.441603000,0.161959000,-0.226423000,0.010797430,-0.287738280,0.954197103,0.081227987,1,0.404093947,-0.010126491,-0.297948164,0.010797430,-0.287738280,0.954197103,0.081227987
13.757955875,103908.319586166,vr_world,47161,103908.318816208,0.000773375,1,0.299810000,-0.212983000,-0.222495000,0.034114075,0.816537725,-0.575615566,0.027732550,1,0.386198648,-0.053539722,-0.281978409,0.034114075,0.816537725,-0.575615566,0.027732550,47244,103908.318816208,0.000773375,1,0.436334000,0.167462000,-0.232974000,0.015818893,-0.297900824,0.952603919,0.059587198,1,0.403759688,-0.007923791,-0.298662425,0.015818893,-0.297900824,0.952603919,0.059587198
13.768057292,103908.329687583,vr_world,47161,103908.318816208,0.010871917,1,0.299810000,-0.212983000,-0.222495000,0.034114075,0.816537725,-0.575615566,0.027732550,1,0.386198648,-0.053539722,-0.281978409,0.034114075,0.816537725,-0.575615566,0.027732550,47244,103908.318816208,0.010871917,1,0.436334000,0.167462000,-0.232974000,0.015818893,-0.297900824,0.952603919,0.059587198,1,0.403759688,-0.007923791,-0.298662425,0.015818893,-0.297900824,0.952603919,0.059587198
13.778287875,103908.339918166,vr_world,47161,103908.318816208,0.021102375,1,0.299810000,-0.212983000,-0.222495000,0.034114075,0.816537725,-0.575615566,0.027732550,1,0.386198648,-0.053539722,-0.281978409,0.034114075,0.816537725,-0.575615566,0.027732550,47244,103908.318816208,0.021102375,1,0.436334000,0.167462000,-0.232974000,0.015818893,-0.297900824,0.952603919,0.059587198,1,0.403759688,-0.007923791,-0.298662425,0.015818893,-0.297900824,0.952603919,0.059587198
13.790710792,103908.352341083,vr_world,47162,103908.341837375,0.010504541,1,0.297400000,-0.213157000,-0.222175000,0.035798408,0.812576579,-0.580870437,0.032051715,1,0.386182211,-0.055307998,-0.282381691,0.035798408,0.812576579,-0.580870437,0.032051715,47245,103908.341837375,0.010504541,1,0.433191000,0.168648000,-0.236642000,0.013187589,-0.290619630,0.955617546,0.046491109,1,0.397957509,-0.007892068,-0.297702875,0.013187589,-0.290619630,0.955617546,0.046491109
13.803146959,103908.364777250,vr_world,47163,103908.364770291,0.000007250,1,0.295102000,-0.212518000,-0.222531000,0.031763411,0.806689253,-0.589101113,0.034690250,1,0.387580640,-0.056246757,-0.281271375,0.031763411,0.806689253,-0.589101113,0.034690250,47246,103908.364770291,0.000007250,1,0.425847000,0.172800000,-0.243314000,0.011958483,-0.303770092,0.952227002,0.029059650,1,0.395906158,-0.006594271,-0.298608009,0.011958483,-0.303770092,0.952227002,0.029059650
13.815574375,103908.377204666,vr_world,47163,103908.364770291,0.012435292,1,0.295102000,-0.212518000,-0.222531000,0.031763411,0.806689253,-0.589101113,0.034690250,1,0.387580640,-0.056246757,-0.281271375,0.031763411,0.806689253,-0.589101113,0.034690250,47246,103908.364770291,0.012435292,1,0.425847000,0.172800000,-0.243314000,0.011958483,-0.303770092,0.952227002,0.029059650,1,0.395906158,-0.006594271,-0.298608009,0.011958483,-0.303770092,0.952227002,0.029059650
13.827999500,103908.389629791,vr_world,47164,103908.388306916,0.001323209,1,0.292484000,-0.212350000,-0.222273000,0.033232684,0.801133700,-0.596480608,0.035934199,1,0.387898439,-0.058031268,-0.281478281,0.033232684,0.801133700,-0.596480608,0.035934199,47247,103908.388306916,0.001323209,1,0.416857000,0.174477000,-0.250723000,0.011651836,-0.323117089,0.946233013,0.010132416,1,0.394798638,-0.007855783,-0.299757546,0.011651836,-0.323117089,0.946233013,0.010132416
13.840417542,103908.402047833,vr_world,47164,103908.388306916,0.013741584,1,0.292484000,-0.212350000,-0.222273000,0.033232684,0.801133700,-0.596480608,0.035934199,1,0.387898439,-0.058031268,-0.281478281,0.033232684,0.801133700,-0.596480608,0.035934199,47247,103908.388306916,0.013741584,1,0.416857000,0.174477000,-0.250723000,0.011651836,-0.323117089,0.946233013,0.010132416,1,0.394798638,-0.007855783,-0.299757546,0.011651836,-0.323117089,0.946233013,0.010132416
13.851067334,103908.412697625,vr_world,47165,103908.411332583,0.001365625,1,0.292166000,-0.211427000,-0.221845000,0.034961574,0.798042634,-0.600473914,0.036561207,1,0.389109594,-0.058290819,-0.281633473,0.034961574,0.798042634,-0.600473914,0.036561207,47248,103908.411332583,0.001365625,1,0.411909000,0.172238000,-0.251423000,0.025229155,-0.346557688,0.937526345,0.017481747,1,0.400051120,-0.009797052,-0.304891190,0.025229155,-0.346557688,0.937526345,0.017481747
13.861998209,103908.423628500,vr_world,47165,103908.411332583,0.012299167,1,0.292166000,-0.211427000,-0.221845000,0.034961574,0.798042634,-0.600473914,0.036561207,1,0.389109594,-0.058290819,-0.281633473,0.034961574,0.798042634,-0.600473914,0.036561207,47248,103908.411332583,0.012299167,1,0.411909000,0.172238000,-0.251423000,0.025229155,-0.346557688,0.937526345,0.017481747,1,0.400051120,-0.009797052,-0.304891190,0.025229155,-0.346557688,0.937526345,0.017481747
13.874427834,103908.436058125,vr_world,47166,103908.434056041,0.002005000,1,0.291025000,-0.210756000,-0.221521000,0.037274599,0.797094093,-0.601726083,0.034312268,1,0.388124836,-0.058013851,-0.282059682,0.037274599,0.797094093,-0.601726083,0.034312268,47249,103908.434056041,0.002005000,1,0.404883000,0.170379000,-0.256201000,0.046890182,-0.366922296,0.928924020,0.016416606,1,0.403236563,-0.011275845,-0.312192167,0.046890182,-0.366922296,0.928924020,0.016416606
13.886831542,103908.448461833,vr_world,47166,103908.434056041,0.014406292,1,0.291025000,-0.210756000,-0.221521000,0.037274599,0.797094093,-0.601726083,0.034312268,1,0.388124836,-0.058013851,-0.282059682,0.037274599,0.797094093,-0.601726083,0.034312268,47249,103908.434056041,0.014406292,1,0.404883000,0.170379000,-0.256201000,0.046890182,-0.366922296,0.928924020,0.016416606,1,0.403236563,-0.011275845,-0.312192167,0.046890182,-0.366922296,0.928924020,0.016416606
13.899255834,103908.460886125,vr_world,47167,103908.457662875,0.003223708,1,0.289676000,-0.209126000,-0.221481000,0.036743708,0.794441161,-0.605278389,0.033929532,1,0.388152548,-0.057167384,-0.281767065,0.036743708,0.794441161,-0.605278389,0.033929532,47250,103908.457662875,0.003223708,1,0.398196000,0.167623000,-0.259442000,0.063297929,-0.388534996,0.918831099,0.027988234,1,0.406635238,-0.011994158,-0.321107664,0.063297929,-0.388534996,0.918831099,0.027988234
13.911684125,103908.473314416,vr_world,47167,103908.457662875,0.015652291,1,0.289676000,-0.209126000,-0.221481000,0.036743708,0.794441161,-0.605278389,0.033929532,1,0.388152548,-0.057167384,-0.281767065,0.036743708,0.794441161,-0.605278389,0.033929532,47250,103908.457662875,0.015652291,1,0.398196000,0.167623000,-0.259442000,0.063297929,-0.388534996,0.918831099,0.027988234,1,0.406635238,-0.011994158,-0.321107664,0.063297929,-0.388534996,0.918831099,0.027988234
13.924118084,103908.485748375,vr_world,47168,103908.480931166,0.004818042,1,0.288890000,-0.207700000,-0.221850000,0.035723907,0.794494729,-0.605085317,0.037063280,1,0.387637206,-0.055806545,-0.281856547,0.035723907,0.794494729,-0.605085317,0.037063280,47251,103908.480931166,0.004818042,1,0.396998000,0.165894000,-0.262471000,0.061062989,-0.389064247,0.918789616,0.026943715,1,0.405416543,-0.013943063,-0.323495491,0.061062989,-0.389064247,0.918789616,0.026943715
13.936538959,103908.498169250,vr_world,47168,103908.480931166,0.017238459,1,0.288890000,-0.207700000,-0.221850000,0.035723907,0.794494729,-0.605085317,0.037063280,1,0.387637206,-0.055806545,-0.281856547,0.035723907,0.794494729,-0.605085317,0.037063280,47251,103908.480931166,0.017238459,1,0.396998000,0.165894000,-0.262471000,0.061062989,-0.389064247,0.918789616,0.026943715,1,0.405416543,-0.013943063,-0.323495491,0.061062989,-0.389064247,0.918789616,0.026943715
13.946724542,103908.508354833,vr_world,47169,103908.504021750,0.004333750,1,0.288367000,-0.205820000,-0.221163000,0.038565021,0.792848674,-0.606887268,0.039894405,1,0.387930006,-0.054888612,-0.282239568,0.038565021,0.792848674,-0.606887268,0.039894405,47252,103908.504021750,0.004333750,1,0.393954000,0.162732000,-0.266696000,0.058386539,-0.390036162,0.918634475,0.023947969,1,0.402524168,-0.017555324,-0.326355706,0.058386539,-0.390036162,0.918634475,0.023947969
13.957936167,103908.519566458,vr_world,47169,103908.504021750,0.015545250,1,0.288367000,-0.205820000,-0.221163000,0.038565021,0.792848674,-0.606887268,0.039894405,1,0.387930006,-0.054888612,-0.282239568,0.038565021,0.792848674,-0.606887268,0.039894405,47252,103908.504021750,0.015545250,1,0.393954000,0.162732000,-0.266696000,0.058386539,-0.390036162,0.918634475,0.023947969,1,0.402524168,-0.017555324,-0.326355706,0.058386539,-0.390036162,0.918634475,0.023947969
13.970363917,103908.531994208,vr_world,47170,103908.527223250,0.004771416,1,0.288361000,-0.204703000,-0.220548000,0.040040034,0.795113127,-0.603889982,0.038843286,1,0.386582056,-0.053118626,-0.282177637,0.040040034,0.795113127,-0.603889982,0.038843286,47253,103908.527223250,0.004771416,1,0.390810000,0.158922000,-0.270500000,0.057803434,-0.397056947,0.915791196,0.018194213,1,0.402232906,-0.021906621,-0.328004454,0.057803434,-0.397056947,0.915791196,0.018194213
13.982786084,103908.544416375,vr_world,47170,103908.527223250,0.017193958,1,0.288361000,-0.204703000,-0.220548000,0.040040034,0.795113127,-0.603889982,0.038843286,1,0.386582056,-0.053118626,-0.282177637,0.040040034,0.795113127,-0.603889982,0.038843286,47253,103908.527223250,0.017193958,1,0.390810000,0.158922000,-0.270500000,0.057803434,-0.397056947,0.915791196,0.018194213,1,0.402232906,-0.021906621,-0.328004454,0.057803434,-0.397056947,0.915791196,0.018194213
13.995219459,103908.556849750,vr_world,47171,103908.550778375,0.006071583,1,0.288260000,-0.204221000,-0.220117000,0.042379777,0.799915825,-0.597372302,0.038535184,1,0.383789680,-0.051306050,-0.282683053,0.042379777,0.799915825,-0.597372302,0.038535184,47254,103908.550778375,0.006071583,1,0.390899000,0.157028000,-0.271070000,0.067127193,-0.401472045,0.913165872,0.021029179,1,0.405049491,-0.022957937,-0.330576772,0.067127193,-0.401472045,0.913165872,0.021029179
14.005817834,103908.567448125,vr_world,47171,103908.550778375,0.016670000,1,0.288260000,-0.204221000,-0.220117000,0.042379777,0.799915825,-0.597372302,0.038535184,1,0.383789680,-0.051306050,-0.282683053,0.042379777,0.799915825,-0.597372302,0.038535184,47254,103908.550778375,0.016670000,1,0.390899000,0.157028000,-0.271070000,0.067127193,-0.401472045,0.913165872,0.021029179,1,0.405049491,-0.022957937,-0.330576772,0.067127193,-0.401472045,0.913165872,0.021029179
14.017761875,103908.579392166,vr_world,47172,103908.574514250,0.004878416,1,0.287287000,-0.202541000,-0.220066000,0.041467381,0.801259975,-0.595172978,0.045078100,1,0.382641626,-0.049478227,-0.282537685,0.041467381,0.801259975,-0.595172978,0.045078100,47255,103908.574514250,0.004878416,1,0.390556000,0.153949000,-0.272470000,0.074337266,-0.415133563,0.906392526,0.024304010,1,0.410909337,-0.024893655,-0.333603322,0.074337266,-0.415133563,0.906392526,0.024304010
14.030187584,103908.591817875,vr_world,47172,103908.574514250,0.017304000,1,0.287287000,-0.202541000,-0.220066000,0.041467381,0.801259975,-0.595172978,0.045078100,1,0.382641626,-0.049478227,-0.282537685,0.041467381,0.801259975,-0.595172978,0.045078100,47255,103908.574514250,0.017304000,1,0.390556000,0.153949000,-0.272470000,0.074337266,-0.415133563,0.906392526,0.024304010,1,0.410909337,-0.024893655,-0.333603322,0.074337266,-0.415133563,0.906392526,0.024304010
14.041284209,103908.602914500,vr_world,47173,103908.597846708,0.005070333,1,0.287714000,-0.201565000,-0.219695000,0.042128161,0.802163209,-0.593617722,0.048758630,1,0.382792069,-0.048484173,-0.282542836,0.042128161,0.802163209,-0.593617722,0.048758630,47256,103908.597846708,0.005070333,1,0.392726000,0.151921000,-0.274126000,0.075482703,-0.417895098,0.905078131,0.022352295,1,0.414353105,-0.026979294,-0.334650062,0.075482703,-0.417895098,0.905078131,0.022352295
14.053738709,103908.615369000,vr_world,47173,103908.597846708,0.017522792,1,0.287714000,-0.201565000,-0.219695000,0.042128161,0.802163209,-0.593617722,0.048758630,1,0.382792069,-0.048484173,-0.282542836,0.042128161,0.802163209,-0.593617722,0.048758630,47256,103908.597846708,0.017522792,1,0.392726000,0.151921000,-0.274126000,0.075482703,-0.417895098,0.905078131,0.022352295,1,0.414353105,-0.026979294,-0.334650062,0.075482703,-0.417895098,0.905078131,0.022352295
14.066159500,103908.627789791,vr_world,47174,103908.621133541,0.006656667,1,0.288628000,-0.201239000,-0.219196000,0.044417265,0.804255411,-0.590767255,0.046844324,1,0.382288570,-0.047623438,-0.282862203,0.044417265,0.804255411,-0.590767255,0.046844324,47257,103908.621133541,0.006656667,1,0.396672000,0.150725000,-0.274550000,0.066366772,-0.408818790,0.909950534,0.021276122,1,0.413662109,-0.029070867,-0.333888128,0.066366772,-0.408818790,0.909950534,0.021276122
14.078562000,103908.640192291,vr_world,47174,103908.621133541,0.019059042,1,0.288628000,-0.201239000,-0.219196000,0.044417265,0.804255411,-0.590767255,0.046844324,1,0.382288570,-0.047623438,-0.282862203,0.044417265,0.804255411,-0.590767255,0.046844324,47257,103908.621133541,0.019059042,1,0.396672000,0.150725000,-0.274550000,0.066366772,-0.408818790,0.909950534,0.021276122,1,0.413662109,-0.029070867,-0.333888128,0.066366772,-0.408818790,0.909950534,0.021276122
14.090727209,103908.652357500,vr_world,47175,103908.644140875,0.008217041,1,0.289188000,-0.201395000,-0.219032000,0.044676109,0.806516841,-0.587763139,0.045487623,1,0.381526241,-0.047024526,-0.282803800,0.044676109,0.806516841,-0.587763139,0.045487623,47258,103908.644140875,0.008217041,1,0.399683000,0.151020000,-0.274576000,0.054829928,-0.396873674,0.916025844,0.019535084,1,0.410682377,-0.029805270,-0.332173205,0.054829928,-0.396873674,0.916025844,0.019535084
14.103135667,103908.664765958,vr_world,47175,103908.644140875,0.020625583,1,0.289188000,-0.201395000,-0.219032000,0.044676109,0.806516841,-0.587763139,0.045487623,1,0.381526241,-0.047024526,-0.282803800,0.044676109,0.806516841,-0.587763139,0.045487623,47258,103908.644140875,0.020625583,1,0.399683000,0.151020000,-0.274576000,0.054829928,-0.396873674,0.916025844,0.019535084,1,0.410682377,-0.029805270,-0.332173205,0.054829928,-0.396873674,0.916025844,0.019535084
14.115561417,103908.677191708,vr_world,47176,103908.668201916,0.008991584,1,0.289513000,-0.201135000,-0.218459000,0.045773671,0.805516656,-0.588924272,0.047073241,1,0.382408203,-0.047274470,-0.282652998,0.045773671,0.805516656,-0.588924272,0.047073241,47259,103908.668201916,0.008991584,1,0.403902000,0.151117000,-0.275358000,0.039805347,-0.377839479,0.924904087,0.014327998,1,0.405889005,-0.031083257,-0.329536752,0.039805347,-0.377839479,0.924904087,0.014327998
14.127748834,103908.689379125,vr_world,47176,103908.668201916,0.021178250,1,0.289513000,-0.201135000,-0.218459000,0.045773671,0.805516656,-0.588924272,0.047073241,1,0.382408203,-0.047274470,-0.282652998,0.045773671,0.805516656,-0.588924272,0.047073241,47259,103908.668201916,0.021178250,1,0.403902000,0.151117000,-0.275358000,0.039805347,-0.377839479,0.924904087,0.014327998,1,0.405889005,-0.031083257,-0.329536752,0.039805347,-0.377839479,0.924904087,0.014327998
14.138726000,103908.700356291,vr_world,47177,103908.692489708,0.007867375,1,0.290258000,-0.201818000,-0.217588000,0.049511419,0.801035867,-0.594613475,0.048218000,1,0.385295086,-0.049807482,-0.283041774,0.049511419,0.801035867,-0.594613475,0.048218000,47260,103908.692489708,0.007867375,1,0.403727000,0.151642000,-0.273685000,0.040053017,-0.380598608,0.923710493,0.017302636,1,0.406760867,-0.030241687,-0.328869851,0.040053017,-0.380598608,0.923710493,0.017302636
14.150256084,103908.711886375,vr_world,47177,103908.692489708,0.019397542,1,0.290258000,-0.201818000,-0.217588000,0.049511419,0.801035867,-0.594613475,0.048218000,1,0.385295086,-0.049807482,-0.283041774,0.049511419,0.801035867,-0.594613475,0.048218000,47260,103908.692489708,0.019397542,1,0.403727000,0.151642000,-0.273685000,0.040053017,-0.380598608,0.923710493,0.017302636,1,0.406760867,-0.030241687,-0.328869851,0.040053017,-0.380598608,0.923710493,0.017302636
14.160765834,103908.722396125,vr_world,47178,103908.715744250,0.006652416,1,0.290806000,-0.202310000,-0.216945000,0.052489439,0.797690369,-0.599086703,0.045056152,1,0.387104871,-0.051483160,-0.283286855,0.052489439,0.797690369,-0.599086703,0.045056152,47261,103908.715744250,0.006652416,1,0.402851000,0.151121000,-0.274876000,0.050125140,-0.383651462,0.922000980,0.014602046,1,0.408201743,-0.030597895,-0.330426297,0.050125140,-0.383651462,0.922000980,0.014602046
14.173129000,103908.734759291,vr_world,47178,103908.715744250,0.019015833,1,0.290806000,-0.202310000,-0.216945000,0.052489439,0.797690369,-0.599086703,0.045056152,1,0.387104871,-0.051483160,-0.283286855,0.052489439,0.797690369,-0.599086703,0.045056152,47261,103908.715744250,0.019015833,1,0.402851000,0.151121000,-0.274876000,0.050125140,-0.383651462,0.922000980,0.014602046,1,0.408201743,-0.030597895,-0.330426297,0.050125140,-0.383651462,0.922000980,0.014602046
14.185481584,103908.747111875,vr_world,47179,103908.739067166,0.008045209,1,0.292168000,-0.203681000,-0.216602000,0.054254437,0.791511931,-0.607551935,0.038025841,1,0.390946546,-0.054600768,-0.283245285,0.054254437,0.791511931,-0.607551935,0.038025841,47262,103908.739067166,0.008045209,1,0.403711000,0.152225000,-0.275196000,0.052417494,-0.376195483,0.924986724,0.011354571,1,0.406415909,-0.029757092,-0.330072266,0.052417494,-0.376195483,0.924986724,0.011354571
14.197421917,103908.759052208,vr_world,47179,103908.739067166,0.019985500,1,0.292168000,-0.203681000,-0.216602000,0.054254437,0.791511931,-0.607551935,0.038025841,1,0.390946546,-0.054600768,-0.283245285,0.054254437,0.791511931,-0.607551935,0.038025841,47262,103908.739067166,0.019985500,1,0.403711000,0.152225000,-0.275196000,0.052417494,-0.376195483,0.924986724,0.011354571,1,0.406415909,-0.029757092,-0.330072266,0.052417494,-0.376195483,0.924986724,0.011354571
14.208476875,103908.770107166,vr_world,47180,103908.763042833,0.007064792,1,0.293986000,-0.204704000,-0.217186000,0.053205873,0.791540587,-0.608212410,0.026651434,1,0.391983480,-0.054806683,-0.283146246,0.053205873,0.791540587,-0.608212410,0.026651434,47263,103908.763042833,0.007064792,1,0.403450000,0.152897000,-0.276589000,0.050467822,-0.369620567,0.927800071,0.004545726,1,0.403486126,-0.029826585,-0.329013283,0.050467822,-0.369620567,0.927800071,0.004545726
14.218728042,103908.780358333,vr_world,47180,103908.763042833,0.017316708,1,0.293986000,-0.204704000,-0.217186000,0.053205873,0.791540587,-0.608212410,0.026651434,1,0.391983480,-0.054806683,-0.283146246,0.053205873,0.791540587,-0.608212410,0.026651434,47263,103908.763042833,0.017316708,1,0.403450000,0.152897000,-0.276589000,0.050467822,-0.369620567,0.927800071,0.004545726,1,0.403486126,-0.029826585,-0.329013283,0.050467822,-0.369620567,0.927800071,0.004545726
14.231106709,103908.792737000,vr_world,47181,103908.786852000,0.005886000,1,0.293453000,-0.205703000,-0.217335000,0.053207277,0.790668778,-0.609425025,0.024758982,1,0.391741026,-0.055968282,-0.283231961,0.053207277,0.790668778,-0.609425025,0.024758982,47264,103908.786852000,0.005886000,1,0.402767000,0.153165000,-0.277501000,0.048540782,-0.366638979,0.929086197,0.004300085,1,0.401431210,-0.029637600,-0.329632185,0.048540782,-0.366638979,0.929086197,0.004300085
14.241269709,103908.802900000,vr_world,47181,103908.786852000,0.016048750,1,0.293453000,-0.205703000,-0.217335000,0.053207277,0.790668778,-0.609425025,0.024758982,1,0.391741026,-0.055968282,-0.283231961,0.053207277,0.790668778,-0.609425025,0.024758982,47264,103908.786852000,0.016048750,1,0.402767000,0.153165000,-0.277501000,0.048540782,-0.366638979,0.929086197,0.004300085,1,0.401431210,-0.029637600,-0.329632185,0.048540782,-0.366638979,0.929086197,0.004300085
14.253651709,103908.815282000,vr_world,47182,103908.810140541,0.005141917,1,0.294606000,-0.206470000,-0.217544000,0.051999352,0.786731776,-0.614743711,0.020960666,1,0.394669729,-0.057660556,-0.282862131,0.051999352,0.786731776,-0.614743711,0.020960666,47265,103908.810140541,0.005141917,1,0.403135000,0.154055000,-0.279555000,0.044213911,-0.363080292,0.930696147,-0.004744861,1,0.400136210,-0.029717929,-0.328081209,0.044213911,-0.363080292,0.930696147,-0.004744861
14.266030167,103908.827660458,vr_world,47182,103908.810140541,0.017520334,1,0.294606000,-0.206470000,-0.217544000,0.051999352,0.786731776,-0.614743711,0.020960666,1,0.394669729,-0.057660556,-0.282862131,0.051999352,0.786731776,-0.614743711,0.020960666,47265,103908.810140541,0.017520334,1,0.403135000,0.154055000,-0.279555000,0.044213911,-0.363080292,0.930696147,-0.004744861,1,0.400136210,-0.029717929,-0.328081209,0.044213911,-0.363080292,0.930696147,-0.004744861
14.278438917,103908.840069208,vr_world,47183,103908.833166208,0.006903375,1,0.295431000,-0.207880000,-0.217753000,0.052249751,0.785997234,-0.615921530,0.010907865,1,0.395021001,-0.058672552,-0.282886635,0.052249751,0.785997234,-0.615921530,0.010907865,47266,103908.833166208,0.006903375,1,0.403362000,0.154699000,-0.279127000,0.041990746,-0.357176071,0.933089729,-0.002364001,1,0.397766259,-0.028855676,-0.328244849,0.041990746,-0.357176071,0.933089729,-0.002364001
14.290835209,103908.852465500,vr_world,47183,103908.833166208,0.019299750,1,0.295431000,-0.207880000,-0.217753000,0.052249751,0.785997234,-0.615921530,0.010907865,1,0.395021001,-0.058672552,-0.282886635,0.052249751,0.785997234,-0.615921530,0.010907865,47266,103908.833166208,0.019299750,1,0.403362000,0.154699000,-0.279127000,0.041990746,-0.357176071,0.933089729,-0.002364001,1,0.397766259,-0.028855676,-0.328244849,0.041990746,-0.357176071,0.933089729,-0.002364001
14.303235334,103908.864865625,vr_world,47184,103908.856228375,0.008637833,1,0.296026000,-0.208194000,-0.218677000,0.048790595,0.787671985,-0.614147615,0.003876710,1,0.394535870,-0.057654321,-0.282371791,0.048790595,0.787671985,-0.614147615,0.003876710,47267,103908.856228375,0.008637833,1,0.403856000,0.154848000,-0.278620000,0.044353591,-0.355926953,0.933457416,-0.002452495,1,0.398004138,-0.028611639,-0.328062356,0.044353591,-0.355926953,0.933457416,-0.002452495
14.313621167,103908.875251458,vr_world,47184,103908.856228375,0.019023750,1,0.296026000,-0.208194000,-0.218677000,0.048790595,0.787671985,-0.614147615,0.003876710,1,0.394535870,-0.057654321,-0.282371791,0.048790595,0.787671985,-0.614147615,0.003876710,47267,103908.856228375,0.019023750,1,0.403856000,0.154848000,-0.278620000,0.044353591,-0.355926953,0.933457416,-0.002452495,1,0.398004138,-0.028611639,-0.328062356,0.044353591,-0.355926953,0.933457416,-0.002452495
14.324612167,103908.886242458,vr_world,47185,103908.879538291,0.006704750,1,0.296788000,-0.208860000,-0.220237000,0.045579482,0.790386259,-0.610897453,-0.004046439,1,0.393572068,-0.056620851,-0.282522981,0.045579482,0.790386259,-0.610897453,-0.004046439,47268,103908.879538291,0.006704750,1,0.404003000,0.154827000,-0.278160000,0.046454533,-0.357647160,0.932700616,-0.000214270,1,0.398996329,-0.028378432,-0.328626904,0.046454533,-0.357647160,0.932700616,-0.000214270
14.337005500,103908.898635791,vr_world,47185,103908.879538291,0.019097959,1,0.296788000,-0.208860000,-0.220237000,0.045579482,0.790386259,-0.610897453,-0.004046439,1,0.393572068,-0.056620851,-0.282522981,0.045579482,0.790386259,-0.610897453,-0.004046439,47268,103908.879538291,0.019097959,1,0.404003000,0.154827000,-0.278160000,0.046454533,-0.357647160,0.932700616,-0.000214270,1,0.398996329,-0.028378432,-0.328626904,0.046454533,-0.357647160,0.932700616,-0.000214270
14.348635584,103908.910265875,vr_world,47186,103908.902962333,0.007304083,1,0.297768000,-0.210336000,-0.221190000,0.043011159,0.794299029,-0.605882284,-0.012072688,1,0.392104517,-0.056074712,-0.282243279,0.043011159,0.794299029,-0.605882284,-0.012072688,47269,103908.902962333,0.007304083,1,0.404927000,0.155435000,-0.278085000,0.049027519,-0.356353467,0.933063531,0.000977988,1,0.399650464,-0.027544534,-0.329338252,0.049027519,-0.356353467,0.933063531,0.000977988
14.361037375,103908.922667666,vr_world,47186,103908.902962333,0.019705750,1,0.297768000,-0.210336000,-0.221190000,0.043011159,0.794299029,-0.605882284,-0.012072688,1,0.392104517,-0.056074712,-0.282243279,0.043011159,0.794299029,-0.605882284,-0.012072688,47269,103908.902962333,0.019705750,1,0.404927000,0.155435000,-0.278085000,0.049027519,-0.356353467,0.933063531,0.000977988,1,0.399650464,-0.027544534,-0.329338252,0.049027519,-0.356353467,0.933063531,0.000977988
14.373459792,103908.935090083,vr_world,47187,103908.926081666,0.009009000,1,0.298878000,-0.211086000,-0.221958000,0.042124634,0.795432782,-0.604327753,-0.017325437,1,0.392244895,-0.056027603,-0.282480434,0.042124634,0.795432782,-0.604327753,-0.017325437,47270,103908.926081666,0.009009000,1,0.406278000,0.155849000,-0.278411000,0.047823465,-0.351360888,0.935017843,-0.000274968,1,0.398939971,-0.027200446,-0.329158361,0.047823465,-0.351360888,0.935017843,-0.000274968
14.385871125,103908.947501416,vr_world,47187,103908.926081666,0.021420292,1,0.298878000,-0.211086000,-0.221958000,0.042124634,0.795432782,-0.604327753,-0.017325437,1,0.392244895,-0.056027603,-0.282480434,0.042124634,0.795432782,-0.604327753,-0.017325437,47270,103908.926081666,0.021420292,1,0.406278000,0.155849000,-0.278411000,0.047823465,-0.351360888,0.935017843,-0.000274968,1,0.398939971,-0.027200446,-0.329158361,0.047823465,-0.351360888,0.935017843,-0.000274968
14.398284167,103908.959914458,vr_world,47188,103908.949795333,0.010119542,1,0.301048000,-0.215024000,-0.222645000,0.041465031,0.803834568,-0.592672956,-0.029485704,1,0.388922379,-0.056446721,-0.282266960,0.041465031,0.803834568,-0.592672956,-0.029485704,47271,103908.949795333,0.010119542,1,0.407100000,0.156433000,-0.278460000,0.050682816,-0.343236167,0.937879228,-0.001655277,1,0.396897365,-0.026453814,-0.329298226,0.050682816,-0.343236167,0.937879228,-0.001655277
14.410701084,103908.972331375,vr_world,47188,103908.949795333,0.022536500,1,0.301048000,-0.215024000,-0.222645000,0.041465031,0.803834568,-0.592672956,-0.029485704,1,0.388922379,-0.056446721,-0.282266960,0.041465031,0.803834568,-0.592672956,-0.029485704,47271,103908.949795333,0.022536500,1,0.407100000,0.156433000,-0.278460000,0.050682816,-0.343236167,0.937879228,-0.001655277,1,0.396897365,-0.026453814,-0.329298226,0.050682816,-0.343236167,0.937879228,-0.001655277
14.423090292,103908.984720583,vr_world,47189,103908.972826666,0.011894334,1,0.303799000,-0.221471000,-0.224733000,0.031159946,0.812924305,-0.579442568,-0.049289362,1,0.385720118,-0.057987074,-0.279371744,0.031159946,0.812924305,-0.579442568,-0.049289362,47272,103908.972826666,0.011894334,1,0.407310000,0.156410000,-0.278172000,0.055260788,-0.340567856,0.938590378,-0.002807801,1,0.396559469,-0.026354299,-0.329337044,0.055260788,-0.340567856,0.938590378,-0.002807801
14.435499125,103908.997129416,vr_world,47190,103908.996017833,0.001112042,1,0.308011000,-0.229158000,-0.226896000,0.015707859,0.821523392,-0.564487827,-0.078778638,1,0.383259197,-0.060130728,-0.273703686,0.015707859,0.821523392,-0.564487827,-0.078778638,47273,103908.996017833,0.001112042,1,0.408052000,0.156370000,-0.277370000,0.054399094,-0.341298983,0.938379316,-0.000045024,1,0.397453902,-0.026180820,-0.329322982,0.054399094,-0.341298983,0.938379316,-0.000045024
14.447899250,103909.009529541,vr_world,47190,103908.996017833,0.013512042,1,0.308011000,-0.229158000,-0.226896000,0.015707859,0.821523392,-0.564487827,-0.078778638,1,0.383259197,-0.060130728,-0.273703686,0.015707859,0.821523392,-0.564487827,-0.078778638,47273,103908.996017833,0.013512042,1,0.408052000,0.156370000,-0.277370000,0.054399094,-0.341298983,0.938379316,-0.000045024,1,0.397453902,-0.026180820,-0.329322982,0.054399094,-0.341298983,0.938379316,-0.000045024
14.460300792,103909.021931083,vr_world,47191,103909.020066583,0.001865042,1,0.309398000,-0.235748000,-0.228797000,0.002490681,0.819856406,-0.563311376,-0.102516165,1,0.384055533,-0.064808005,-0.269160117,0.002490681,0.819856406,-0.563311376,-0.102516165,47274,103909.020066583,0.001865042,1,0.408557000,0.156562000,-0.276736000,0.054437716,-0.340770151,0.938563011,0.003422413,1,0.397702317,-0.025634525,-0.329866299,0.054437716,-0.340770151,0.938563011,0.003422413
14.472718875,103909.034349166,vr_world,47191,103909.020066583,0.014283667,1,0.309398000,-0.235748000,-0.228797000,0.002490681,0.819856406,-0.563311376,-0.102516165,1,0.384055533,-0.064808005,-0.269160117,0.002490681,0.819856406,-0.563311376,-0.102516165,47274,103909.020066583,0.014283667,1,0.408557000,0.156562000,-0.276736000,0.054437716,-0.340770151,0.938563011,0.003422413,1,0.397702317,-0.025634525,-0.329866299,0.054437716,-0.340770151,0.938563011,0.003422413
14.485157459,103909.046787750,vr_world,47192,103909.043642916,0.003150834,1,0.312795000,-0.245493000,-0.232940000,0.028343084,-0.821593433,0.552329566,0.138249597,1,0.384338765,-0.070476840,-0.258907817,0.028343084,-0.821593433,0.552329566,0.138249597,47275,103909.043642916,0.003150834,1,0.409300000,0.156834000,-0.276470000,0.055697419,-0.339030571,0.939114528,0.004469157,1,0.397885765,-0.025162311,-0.330165839,0.055697419,-0.339030571,0.939114528,0.004469157
14.496070167,103909.057700458,vr_world,47192,103909.043642916,0.014063250,1,0.312795000,-0.245493000,-0.232940000,0.028343084,-0.821593433,0.552329566,0.138249597,1,0.384338765,-0.070476840,-0.258907817,0.028343084,-0.821593433,0.552329566,0.138249597,47275,103909.043642916,0.014063250,1,0.409300000,0.156834000,-0.276470000,0.055697419,-0.339030571,0.939114528,0.004469157,1,0.397885765,-0.025162311,-0.330165839,0.055697419,-0.339030571,0.939114528,0.004469157
14.506730792,103909.068361083,vr_world,47193,103909.066581291,0.001781292,1,0.316659000,-0.255448000,-0.235415000,0.046115990,-0.825651933,0.535545678,0.171356437,1,0.382385002,-0.076971238,-0.251212758,0.046115990,-0.825651933,0.535545678,0.171356437,47276,103909.066581291,0.001781292,1,0.409706000,0.157242000,-0.276698000,0.055744399,-0.337761522,0.939569973,0.004240558,1,0.397806841,-0.024736598,-0.330348523,0.055744399,-0.337761522,0.939569973,0.004240558
14.519074459,103909.080704750,vr_world,47193,103909.066581291,0.014124125,1,0.316659000,-0.255448000,-0.235415000,0.046115990,-0.825651933,0.535545678,0.171356437,1,0.382385002,-0.076971238,-0.251212758,0.046115990,-0.825651933,0.535545678,0.171356437,47276,103909.066581291,0.014124125,1,0.409706000,0.157242000,-0.276698000,0.055744399,-0.337761522,0.939569973,0.004240558,1,0.397806841,-0.024736598,-0.330348523,0.055744399,-0.337761522,0.939569973,0.004240558
14.531503792,103909.093134083,vr_world,47194,103909.090330333,0.002805500,1,0.317832000,-0.261208000,-0.237078000,0.054135860,-0.826665642,0.529344370,0.182996620,1,0.381698088,-0.081727588,-0.248539169,0.054135860,-0.826665642,0.529344370,0.182996620,47277,103909.090330333,0.002805500,1,0.409683000,0.157043000,-0.276796000,0.055078010,-0.339431230,0.939009045,0.003855687,1,0.398368122,-0.025048532,-0.330189289,0.055078010,-0.339431230,0.939009045,0.003855687
14.543930709,103909.105561000,vr_world,47194,103909.090330333,0.015234333,1,0.317832000,-0.261208000,-0.237078000,0.054135860,-0.826665642,0.529344370,0.182996620,1,0.381698088,-0.081727588,-0.248539169,0.054135860,-0.826665642,0.529344370,0.182996620,47277,103909.090330333,0.015234333,1,0.409683000,0.157043000,-0.276796000,0.055078010,-0.339431230,0.939009045,0.003855687,1,0.398368122,-0.025048532,-0.330189289,0.055078010,-0.339431230,0.939009045,0.003855687
14.556350667,103909.117980958,vr_world,47195,103909.112988083,0.004993625,1,0.318180000,-0.269542000,-0.239965000,0.076776059,-0.822583878,0.525586208,0.203027924,1,0.382739784,-0.089948362,-0.241224544,0.076776059,-0.822583878,0.525586208,0.203027924,47278,103909.112988083,0.004993625,1,0.410170000,0.157478000,-0.276919000,0.053862165,-0.339953830,0.938886299,0.004772702,1,0.398914619,-0.024581936,-0.330432700,0.053862165,-0.339953830,0.938886299,0.004772702
14.568774375,103909.130404666,vr_world,47195,103909.112988083,0.017417292,1,0.318180000,-0.269542000,-0.239965000,0.076776059,-0.822583878,0.525586208,0.203027924,1,0.382739784,-0.089948362,-0.241224544,0.076776059,-0.822583878,0.525586208,0.203027924,47278,103909.112988083,0.017417292,1,0.410170000,0.157478000,-0.276919000,0.053862165,-0.339953830,0.938886299,0.004772702,1,0.398914619,-0.024581936,-0.330432700,0.053862165,-0.339953830,0.938886299,0.004772702
14.581138000,103909.142768291,vr_world,47196,103909.136455916,0.006315000,1,0.318658000,-0.275438000,-0.241574000,0.092884637,-0.814970832,0.530109428,0.214892953,1,0.386838073,-0.097257804,-0.236402561,0.092884637,-0.814970832,0.530109428,0.214892953,47279,103909.136455916,0.006315000,1,0.410664000,0.157961000,-0.277236000,0.052471856,-0.336724058,0.940132583,0.003786860,1,0.398021060,-0.024146288,-0.330276481,0.052471856,-0.336724058,0.940132583,0.003786860
14.591272042,103909.152902333,vr_world,47196,103909.136455916,0.016447417,1,0.318658000,-0.275438000,-0.241574000,0.092884637,-0.814970832,0.530109428,0.214892953,1,0.386838073,-0.097257804,-0.236402561,0.092884637,-0.814970832,0.530109428,0.214892953,47279,103909.136455916,0.016447417,1,0.410664000,0.157961000,-0.277236000,0.052471856,-0.336724058,0.940132583,0.003786860,1,0.398021060,-0.024146288,-0.330276481,0.052471856,-0.336724058,0.940132583,0.003786860
14.603680875,103909.165311166,vr_world,47197,103909.160368208,0.004948417,1,0.319730000,-0.276468000,-0.241337000,0.088856852,-0.810574454,0.537087878,0.215893783,1,0.390457090,-0.099236416,-0.238162735,0.088856852,-0.810574454,0.537087878,0.215893783,47280,103909.160368208,0.004948417,1,0.410513000,0.157994000,-0.277369000,0.053598864,-0.336008538,0.940327110,0.003217257,1,0.397720088,-0.024106348,-0.330397625,0.053598864,-0.336008538,0.940327110,0.003217257
14.615248709,103909.176879000,vr_world,47197,103909.160368208,0.016517083,1,0.319730000,-0.276468000,-0.241337000,0.088856852,-0.810574454,0.537087878,0.215893783,1,0.390457090,-0.099236416,-0.238162735,0.088856852,-0.810574454,0.537087878,0.215893783,47280,103909.160368208,0.016517083,1,0.410513000,0.157994000,-0.277369000,0.053598864,-0.336008538,0.940327110,0.003217257,1,0.397720088,-0.024106348,-0.330397625,0.053598864,-0.336008538,0.940327110,0.003217257
14.629710125,103909.191340416,vr_world,47197,103909.160368208,0.030976042,1,0.319730000,-0.276468000,-0.241337000,0.088856852,-0.810574454,0.537087878,0.215893783,1,0.390457090,-0.099236416,-0.238162735,0.088856852,-0.810574454,0.537087878,0.215893783,47280,103909.160368208,0.030976042,1,0.410513000,0.157994000,-0.277369000,0.053598864,-0.336008538,0.940327110,0.003217257,1,0.397720088,-0.024106348,-0.330397625,0.053598864,-0.336008538,0.940327110,0.003217257
14.644859375,103909.206489666,vr_world,47198,103909.192889833,0.013604792,1,0.321923000,-0.277708000,-0.240268000,0.081458908,-0.806802788,0.541384669,0.222117869,1,0.393877250,-0.100943502,-0.239700470,0.081458908,-0.806802788,0.541384669,0.222117869,47281,103909.192889833,0.013604792,1,0.410540000,0.158169000,-0.277489000,0.054551169,-0.336040199,0.940263857,0.002243652,1,0.397875293,-0.023994422,-0.330331351,0.054551169,-0.336040199,0.940263857,0.002243652
14.677665459,103909.239295750,vr_world,47199,103909.207268791,0.032030834,1,0.323169000,-0.275779000,-0.237636000,0.059405301,-0.802908152,0.551084828,0.219351366,1,0.396888273,-0.099949609,-0.246175978,0.059405301,-0.802908152,0.551084828,0.219351366,47282,103909.207268791,0.032030834,1,0.410482000,0.158183000,-0.277581000,0.054334965,-0.336407918,0.940145055,0.002167883,1,0.397938504,-0.024007347,-0.330359379,0.054334965,-0.336407918,0.940145055,0.002167883
14.704285584,103909.265915875,vr_world,47200,103909.240325208,0.026180417,1,0.323504000,-0.272718000,-0.236859000,0.046398467,-0.805171979,0.552698931,0.209926553,1,0.396451946,-0.096924366,-0.250952611,0.046398467,-0.805171979,0.552698931,0.209926553,47283,103909.240325208,0.026180417,1,0.410426000,0.158090000,-0.277755000,0.053875451,-0.336821501,0.940024856,0.001407782,1,0.398006594,-0.024203718,-0.330204327,0.053875451,-0.336821501,0.940024856,0.001407782
14.728473000,103909.290103291,vr_world,47200,103909.240325208,0.049779125,1,0.323504000,-0.272718000,-0.236859000,0.046398467,-0.805171979,0.552698931,0.209926553,1,0.396451946,-0.096924366,-0.250952611,0.046398467,-0.805171979,0.552698931,0.209926553,47283,103909.240325208,0.049779125,1,0.410426000,0.158090000,-0.277755000,0.053875451,-0.336821501,0.940024856,0.001407782,1,0.398006594,-0.024203718,-0.330204327,0.053875451,-0.336821501,0.940024856,0.001407782
14.744423500,103909.306053791,vr_world,47202,103909.290674708,0.015380375,1,0.326079000,-0.260832000,-0.234003000,0.015772112,-0.810259479,0.554563853,0.188917309,1,0.396690379,-0.085580899,-0.260919485,0.015772112,-0.810259479,0.554563853,0.188917309,47285,103909.290674708,0.015380375,1,0.410230000,0.157649000,-0.278028000,0.053551254,-0.335348462,0.940570789,-0.000513943,1,0.397233155,-0.024793823,-0.329815181,0.053551254,-0.335348462,0.940570789,-0.000513943
14.754727084,103909.316357375,vr_world,47203,103909.308608375,0.007750166,1,0.327547000,-0.256016000,-0.232197000,0.001229732,-0.807899461,0.559813812,0.184134309,1,0.398885338,-0.082096823,-0.265157788,0.001229732,-0.807899461,0.559813812,0.184134309,47286,103909.308608375,0.007750166,1,0.409973000,0.157390000,-0.278158000,0.054254692,-0.334134257,0.940960207,-0.002148391,1,0.396602717,-0.025144447,-0.329525302,0.054254692,-0.334134257,0.940960207,-0.002148391
14.765393750,103909.327024041,vr_world,47204,103909.324387916,0.002637292,1,0.330144000,-0.249571000,-0.229423000,0.022559899,0.804702045,-0.565808077,-0.178344860,1,0.401567179,-0.077751199,-0.271851216,0.022559899,0.804702045,-0.565808077,-0.178344860,47287,103909.324387916,0.002637292,1,0.409828000,0.157165000,-0.278280000,0.054428866,-0.333564373,0.941150566,-0.002814322,1,0.396264318,-0.025407513,-0.329461380,0.054428866,-0.333564373,0.941150566,-0.002814322
14.776843417,103909.338473708,vr_world,47204,103909.324387916,0.014086625,1,0.330144000,-0.249571000,-0.229423000,0.022559899,0.804702045,-0.565808077,-0.178344860,1,0.401567179,-0.077751199,-0.271851216,0.022559899,0.804702045,-0.565808077,-0.178344860,47287,103909.324387916,0.014086625,1,0.409828000,0.157165000,-0.278280000,0.054428866,-0.333564373,0.941150566,-0.002814322,1,0.396264318,-0.025407513,-0.329461380,0.054428866,-0.333564373,0.941150566,-0.002814322
14.789203042,103909.350833333,vr_world,47205,103909.347252458,0.003581292,1,0.332713000,-0.245124000,-0.227885000,0.037162217,0.803470865,-0.567142690,-0.177208093,1,0.403161309,-0.074325251,-0.275720506,0.037162217,0.803470865,-0.567142690,-0.177208093,47288,103909.347252458,0.003581292,1,0.409370000,0.156964000,-0.278144000,0.055579759,-0.333819952,0.940990033,-0.003589889,1,0.396037470,-0.025652298,-0.329230064,0.055579759,-0.333819952,0.940990033,-0.003589889
14.801609875,103909.363240166,vr_world,47205,103909.347252458,0.015988333,1,0.332713000,-0.245124000,-0.227885000,0.037162217,0.803470865,-0.567142690,-0.177208093,1,0.403161309,-0.074325251,-0.275720506,0.037162217,0.803470865,-0.567142690,-0.177208093,47288,103909.347252458,0.015988333,1,0.409370000,0.156964000,-0.278144000,0.055579759,-0.333819952,0.940990033,-0.003589889,1,0.396037470,-0.025652298,-0.329230064,0.055579759,-0.333819952,0.940990033,-0.003589889
14.814006042,103909.375636333,vr_world,47206,103909.370939875,0.004697166,1,0.336087000,-0.241491000,-0.226572000,0.046885806,0.803148171,-0.565087185,-0.182842036,1,0.404513802,-0.070698352,-0.277277695,0.046885806,0.803148171,-0.565087185,-0.182842036,47289,103909.370939875,0.004697166,1,0.409020000,0.156826000,-0.277938000,0.059207326,-0.331242971,0.941669795,-0.005530283,1,0.395096161,-0.025763262,-0.328962653,0.059207326,-0.331242971,0.941669795,-0.005530283
14.826414167,103909.388044458,vr_world,47206,103909.370939875,0.017105166,1,0.336087000,-0.241491000,-0.226572000,0.046885806,0.803148171,-0.565087185,-0.182842036,1,0.404513802,-0.070698352,-0.277277695,0.046885806,0.803148171,-0.565087185,-0.182842036,47289,103909.370939875,0.017105166,1,0.409020000,0.156826000,-0.277938000,0.059207326,-0.331242971,0.941669795,-0.005530283,1,0.395096161,-0.025763262,-0.328962653,0.059207326,-0.331242971,0.941669795,-0.005530283
14.838822959,103909.400453250,vr_world,47207,103909.393886041,0.006567875,1,0.338387000,-0.239831000,-0.225733000,0.057601877,0.801510565,-0.564268458,-0.189377783,1,0.405122865,-0.069357684,-0.279664375,0.057601877,0.801510565,-0.564268458,-0.189377783,47290,103909.393886041,0.006567875,1,0.409037000,0.156806000,-0.277823000,0.062019346,-0.327075019,0.942939468,-0.006379014,1,0.393808667,-0.025616124,-0.329072382,0.062019346,-0.327075019,0.942939468,-0.006379014
14.851208209,103909.412838500,vr_world,47207,103909.393886041,0.018952959,1,0.338387000,-0.239831000,-0.225733000,0.057601877,0.801510565,-0.564268458,-0.189377783,1,0.405122865,-0.069357684,-0.279664375,0.057601877,0.801510565,-0.564268458,-0.189377783,47290,103909.393886041,0.018952959,1,0.409037000,0.156806000,-0.277823000,0.062019346,-0.327075019,0.942939468,-0.006379014,1,0.393808667,-0.025616124,-0.329072382,0.062019346,-0.327075019,0.942939468,-0.006379014
14.863595875,103909.425226166,vr_world,47208,103909.417903500,0.007323000,1,0.343294000,-0.243308000,-0.225231000,0.051779632,0.809464005,-0.544998581,-0.212281513,1,0.402478254,-0.068409600,-0.273513788,0.051779632,0.809464005,-0.544998581,-0.212281513,47291,103909.417903500,0.007323000,1,0.408876000,0.157852000,-0.277536000,0.067075983,-0.330607307,0.941361233,-0.006216846,1,0.395560755,-0.024518376,-0.329497708,0.067075983,-0.330607307,0.941361233,-0.006216846
14.874634167,103909.436264458,vr_world,47208,103909.417903500,0.018361625,1,0.343294000,-0.243308000,-0.225231000,0.051779632,0.809464005,-0.544998581,-0.212281513,1,0.402478254,-0.068409600,-0.273513788,0.051779632,0.809464005,-0.544998581,-0.212281513,47291,103909.417903500,0.018361625,1,0.408876000,0.157852000,-0.277536000,0.067075983,-0.330607307,0.941361233,-0.006216846,1,0.395560755,-0.024518376,-0.329497708,0.067075983,-0.330607307,0.941361233,-0.006216846
14.886118000,103909.447748291,vr_world,47209,103909.440766666,0.006982375,1,0.344643000,-0.244535000,-0.221365000,0.065441327,0.808518033,-0.539530872,-0.225660056,1,0.399814584,-0.069201493,-0.272723682,0.065441327,0.808518033,-0.539530872,-0.225660056,47292,103909.440766666,0.006982375,1,0.409759000,0.157665000,-0.277695000,0.063658770,-0.329330593,0.942057769,-0.004010130,1,0.395552620,-0.024561358,-0.329925265,0.063658770,-0.329330593,0.942057769,-0.004010130
14.898505000,103909.460135291,vr_world,47209,103909.440766666,0.019369042,1,0.344643000,-0.244535000,-0.221365000,0.065441327,0.808518033,-0.539530872,-0.225660056,1,0.399814584,-0.069201493,-0.272723682,0.065441327,0.808518033,-0.539530872,-0.225660056,47292,103909.440766666,0.019369042,1,0.409759000,0.157665000,-0.277695000,0.063658770,-0.329330593,0.942057769,-0.004010130,1,0.395552620,-0.024561358,-0.329925265,0.063658770,-0.329330593,0.942057769,-0.004010130
14.910853584,103909.472483875,vr_world,47210,103909.463407166,0.009077459,1,0.343785000,-0.241591000,-0.220492000,0.067271753,0.796920608,-0.556070096,-0.226225782,1,0.405341653,-0.069100651,-0.274169711,0.067271753,0.796920608,-0.556070096,-0.226225782,47293,103909.463407166,0.009077459,1,0.410635000,0.158510000,-0.278444000,0.059320112,-0.324953880,0.943857764,-0.004315163,1,0.394272599,-0.023719417,-0.330028118,0.059320112,-0.324953880,0.943857764,-0.004315163
14.922207417,103909.483837708,vr_world,47210,103909.463407166,0.020431084,1,0.343785000,-0.241591000,-0.220492000,0.067271753,0.796920608,-0.556070096,-0.226225782,1,0.405341653,-0.069100651,-0.274169711,0.067271753,0.796920608,-0.556070096,-0.226225782,47293,103909.463407166,0.020431084,1,0.410635000,0.158510000,-0.278444000,0.059320112,-0.324953880,0.943857764,-0.004315163,1,0.394272599,-0.023719417,-0.330028118,0.059320112,-0.324953880,0.943857764,-0.004315163
14.934566750,103909.496197041,vr_world,47211,103909.487502250,0.008695291,1,0.345158000,-0.238832000,-0.217817000,0.083479533,0.792122312,-0.561965303,-0.223088341,1,0.407090514,-0.068630423,-0.277976971,0.083479533,0.792122312,-0.561965303,-0.223088341,47294,103909.487502250,0.008695291,1,0.410414000,0.158964000,-0.279048000,0.058757387,-0.323971982,0.944217084,-0.006619873,1,0.393640741,-0.023461540,-0.329800656,0.058757387,-0.323971982,0.944217084,-0.006619873
14.946728917,103909.508359208,vr_world,47211,103909.487502250,0.020857500,1,0.345158000,-0.238832000,-0.217817000,0.083479533,0.792122312,-0.561965303,-0.223088341,1,0.407090514,-0.068630423,-0.277976971,0.083479533,0.792122312,-0.561965303,-0.223088341,47294,103909.487502250,0.020857500,1,0.410414000,0.158964000,-0.279048000,0.058757387,-0.323971982,0.944217084,-0.006619873,1,0.393640741,-0.023461540,-0.329800656,0.058757387,-0.323971982,0.944217084,-0.006619873
14.957535500,103909.519165791,vr_world,47212,103909.510799583,0.008366583,1,0.347898000,-0.238907000,-0.217907000,0.088435365,0.794003619,-0.552808561,-0.236939095,1,0.405312773,-0.066992718,-0.277677336,0.088435365,0.794003619,-0.552808561,-0.236939095,47295,103909.510799583,0.008366583,1,0.410465000,0.159198000,-0.278265000,0.059866389,-0.325991696,0.943463417,-0.004712742,1,0.394566925,-0.023093373,-0.329775425,0.059866389,-0.325991696,0.943463417,-0.004712742
14.968287125,103909.529917416,vr_world,47212,103909.510799583,0.019118333,1,0.347898000,-0.238907000,-0.217907000,0.088435365,0.794003619,-0.552808561,-0.236939095,1,0.405312773,-0.066992718,-0.277677336,0.088435365,0.794003619,-0.552808561,-0.236939095,47295,103909.510799583,0.019118333,1,0.410465000,0.159198000,-0.278265000,0.059866389,-0.325991696,0.943463417,-0.004712742,1,0.394566925,-0.023093373,-0.329775425,0.059866389,-0.325991696,0.943463417,-0.004712742
14.980661750,103909.542292041,vr_world,47213,103909.533894708,0.008397708,1,0.349735000,-0.237154000,-0.216248000,0.097674219,0.794733754,-0.548446245,-0.240966230,1,0.404150816,-0.065091178,-0.278350727,0.097674219,0.794733754,-0.548446245,-0.240966230,47296,103909.533894708,0.008397708,1,0.410751000,0.159462000,-0.277861000,0.059760374,-0.325999955,0.943476477,-0.002205699,1,0.394813488,-0.022592218,-0.330191233,0.059760374,-0.325999955,0.943476477,-0.002205699
14.992060292,103909.553690583,vr_world,47213,103909.533894708,0.019796417,1,0.349735000,-0.237154000,-0.216248000,0.097674219,0.794733754,-0.548446245,-0.240966230,1,0.404150816,-0.065091178,-0.278350727,0.097674219,0.794733754,-0.548446245,-0.240966230,47296,103909.533894708,0.019796417,1,0.410751000,0.159462000,-0.277861000,0.059760374,-0.325999955,0.943476477,-0.002205699,1,0.394813488,-0.022592218,-0.330191233,0.059760374,-0.325999955,0.943476477,-0.002205699
15.004449250,103909.566079541,vr_world,47214,103909.556560208,0.009519792,1,0.349762000,-0.236286000,-0.213895000,0.106504043,0.795751743,-0.544820846,-0.242087375,1,0.401559978,-0.064331288,-0.278486185,0.106504043,0.795751743,-0.544820846,-0.242087375,47297,103909.556560208,0.009519792,1,0.410893000,0.159738000,-0.277390000,0.057210077,-0.326065939,0.943614302,0.000242843,1,0.394675329,-0.022166335,-0.330153802,0.057210077,-0.326065939,0.943614302,0.000242843
15.016833584,103909.578463875,vr_world,47214,103909.556560208,0.021904250,1,0.349762000,-0.236286000,-0.213895000,0.106504043,0.795751743,-0.544820846,-0.242087375,1,0.401559978,-0.064331288,-0.278486185,0.106504043,0.795751743,-0.544820846,-0.242087375,47297,103909.556560208,0.021904250,1,0.410893000,0.159738000,-0.277390000,0.057210077,-0.326065939,0.943614302,0.000242843,1,0.394675329,-0.022166335,-0.330153802,0.057210077,-0.326065939,0.943614302,0.000242843
15.029253584,103909.590883875,vr_world,47215,103909.579428791,0.011455542,1,0.350689000,-0.234403000,-0.210467000,0.117463980,0.796835786,-0.544125303,-0.234909763,1,0.400913856,-0.063630538,-0.279297896,0.117463980,0.796835786,-0.544125303,-0.234909763,47298,103909.579428791,0.011455542,1,0.411194000,0.159566000,-0.276599000,0.051275030,-0.324054767,0.944638152,0.004259250,1,0.393510274,-0.022061744,-0.329842508,0.051275030,-0.324054767,0.944638152,0.004259250
15.041273834,103909.602904125,vr_world,47216,103909.602754083,0.000155708,1,0.351423000,-0.233645000,-0.209095000,0.123801758,0.795475933,-0.545523698,-0.233013006,1,0.401403214,-0.063807473,-0.280373581,0.123801758,0.795475933,-0.545523698,-0.233013006,47299,103909.602754083,0.000155708,1,0.410828000,0.159498000,-0.275958000,0.048584498,-0.326896541,0.943785851,0.006816591,1,0.393917211,-0.022087175,-0.329595996,0.048584498,-0.326896541,0.943785851,0.006816591
15.053398834,103909.615029125,vr_world,47216,103909.602754083,0.012275625,1,0.351423000,-0.233645000,-0.209095000,0.123801758,0.795475933,-0.545523698,-0.233013006,1,0.401403214,-0.063807473,-0.280373581,0.123801758,0.795475933,-0.545523698,-0.233013006,47299,103909.602754083,0.012275625,1,0.410828000,0.159498000,-0.275958000,0.048584498,-0.326896541,0.943785851,0.006816591,1,0.393917211,-0.022087175,-0.329595996,0.048584498,-0.326896541,0.943785851,0.006816591
15.065805500,103909.627435791,vr_world,47217,103909.625725333,0.001710958,1,0.352647000,-0.232401000,-0.206884000,0.134065283,0.792051723,-0.546864795,-0.235837792,1,0.401692619,-0.063725654,-0.281493744,0.134065283,0.792051723,-0.546864795,-0.235837792,47300,103909.625725333,0.001710958,1,0.410797000,0.159611000,-0.275152000,0.042415360,-0.333465728,0.941746860,0.010695628,1,0.395717238,-0.022057207,-0.329054206,0.042415360,-0.333465728,0.941746860,0.010695628
15.078205000,103909.639835291,vr_world,47217,103909.625725333,0.014110583,1,0.352647000,-0.232401000,-0.206884000,0.134065283,0.792051723,-0.546864795,-0.235837792,1,0.401692619,-0.063725654,-0.281493744,0.134065283,0.792051723,-0.546864795,-0.235837792,47300,103909.625725333,0.014110583,1,0.410797000,0.159611000,-0.275152000,0.042415360,-0.333465728,0.941746860,0.010695628,1,0.395717238,-0.022057207,-0.329054206,0.042415360,-0.333465728,0.941746860,0.010695628
15.090610334,103909.652240625,vr_world,47218,103909.648910208,0.003330750,1,0.352875000,-0.231189000,-0.204598000,0.142544199,0.788251620,-0.549787745,-0.236799431,1,0.401869241,-0.063886260,-0.282268950,0.142544199,0.788251620,-0.549787745,-0.236799431,47301,103909.648910208,0.003330750,1,0.411528000,0.161448000,-0.274938000,0.029265797,-0.338884841,0.940281082,0.013117352,1,0.397178008,-0.020639145,-0.327612058,0.029265797,-0.338884841,0.940281082,0.013117352
15.101397917,103909.663028208,vr_world,47218,103909.648910208,0.014118708,1,0.352875000,-0.231189000,-0.204598000,0.142544199,0.788251620,-0.549787745,-0.236799431,1,0.401869241,-0.063886260,-0.282268950,0.142544199,0.788251620,-0.549787745,-0.236799431,47301,103909.648910208,0.014118708,1,0.411528000,0.161448000,-0.274938000,0.029265797,-0.338884841,0.940281082,0.013117352,1,0.397178008,-0.020639145,-0.327612058,0.029265797,-0.338884841,0.940281082,0.013117352
15.113801584,103909.675431875,vr_world,47219,103909.672539791,0.002892542,1,0.352542000,-0.231073000,-0.203705000,0.141609227,0.788979639,-0.551522578,-0.230826344,1,0.402527678,-0.064248214,-0.281771114,0.141609227,0.788979639,-0.551522578,-0.230826344,47302,103909.672539791,0.002892542,1,0.412898000,0.165074000,-0.275916000,0.012404487,-0.339950163,0.940353239,0.003974981,1,0.397617206,-0.018471341,-0.322967303,0.012404487,-0.339950163,0.940353239,0.003974981
15.124624959,103909.686255250,vr_world,47219,103909.672539791,0.013716000,1,0.352542000,-0.231073000,-0.203705000,0.141609227,0.788979639,-0.551522578,-0.230826344,1,0.402527678,-0.064248214,-0.281771114,0.141609227,0.788979639,-0.551522578,-0.230826344,47302,103909.672539791,0.013716000,1,0.412898000,0.165074000,-0.275916000,0.012404487,-0.339950163,0.940353239,0.003974981,1,0.397617206,-0.018471341,-0.322967303,0.012404487,-0.339950163,0.940353239,0.003974981
15.136064959,103909.697695250,vr_world,47220,103909.696410500,0.001285208,1,0.352834000,-0.230839000,-0.202158000,0.145365822,0.788658927,-0.553492254,-0.224793681,1,0.403280111,-0.065088767,-0.282192249,0.145365822,0.788658927,-0.553492254,-0.224793681,47303,103909.696410500,0.001285208,1,0.415452000,0.171779000,-0.276006000,0.014779601,0.337843448,-0.941021651,0.011028173,1,0.397589418,-0.013669772,-0.313766891,0.014779601,0.337843448,-0.941021651,0.011028173
15.148469542,103909.710099833,vr_world,47220,103909.696410500,0.013689791,1,0.352834000,-0.230839000,-0.202158000,0.145365822,0.788658927,-0.553492254,-0.224793681,1,0.403280111,-0.065088767,-0.282192249,0.145365822,0.788658927,-0.553492254,-0.224793681,47303,103909.696410500,0.013689791,1,0.415452000,0.171779000,-0.276006000,0.014779601,0.337843448,-0.941021651,0.011028173,1,0.397589418,-0.013669772,-0.313766891,0.014779601,0.337843448,-0.941021651,0.011028173
15.160861042,103909.722491333,vr_world,47221,103909.719915291,0.002576542,1,0.352934000,-0.230744000,-0.201427000,0.147927606,0.787362704,-0.555454643,-0.222817269,1,0.403865635,-0.065739788,-0.282685872,0.147927606,0.787362704,-0.555454643,-0.222817269,47304,103909.719915291,0.002576542,1,0.418342000,0.177332000,-0.276252000,0.040775301,0.335071350,-0.940980231,0.024915270,1,0.398167209,-0.009474013,-0.305108684,0.040775301,0.335071350,-0.940980231,0.024915270
15.172504750,103909.734135041,vr_world,47221,103909.719915291,0.014221959,1,0.352934000,-0.230744000,-0.201427000,0.147927606,0.787362704,-0.555454643,-0.222817269,1,0.403865635,-0.065739788,-0.282685872,0.147927606,0.787362704,-0.555454643,-0.222817269,47304,103909.719915291,0.014221959,1,0.418342000,0.177332000,-0.276252000,0.040775301,0.335071350,-0.940980231,0.024915270,1,0.398167209,-0.009474013,-0.305108684,0.040775301,0.335071350,-0.940980231,0.024915270
15.184921834,103909.746552125,vr_world,47222,103909.743490291,0.003062292,1,0.352728000,-0.230647000,-0.201827000,0.146482835,0.786864169,-0.556298656,-0.223426417,1,0.404160917,-0.065584550,-0.282650741,0.146482835,0.786864169,-0.556298656,-0.223426417,47305,103909.743490291,0.003062292,1,0.419989000,0.182395000,-0.274777000,0.050444093,0.335071681,-0.940599921,0.021310818,1,0.399125095,-0.004392239,-0.303263316,0.050444093,0.335071681,-0.940599921,0.021310818
15.197351959,103909.758982250,vr_world,47222,103909.743490291,0.015492667,1,0.352728000,-0.230647000,-0.201827000,0.146482835,0.786864169,-0.556298656,-0.223426417,1,0.404160917,-0.065584550,-0.282650741,0.146482835,0.786864169,-0.556298656,-0.223426417,47305,103909.743490291,0.015492667,1,0.419989000,0.182395000,-0.274777000,0.050444093,0.335071681,-0.940599921,0.021310818,1,0.399125095,-0.004392239,-0.303263316,0.050444093,0.335071681,-0.940599921,0.021310818
15.207954125,103909.769584416,vr_world,47223,103909.766826125,0.002760333,1,0.352840000,-0.230723000,-0.202124000,0.144959189,0.787360063,-0.554672097,-0.226693251,1,0.403731883,-0.065030247,-0.281995145,0.144959189,0.787360063,-0.554672097,-0.226693251,47306,103909.766826125,0.002760333,1,0.422949000,0.189862000,-0.274775000,0.070231143,0.337503818,-0.938166170,0.031670127,1,0.402515862,0.002123230,-0.296521069,0.070231143,0.337503818,-0.938166170,0.031670127
15.220367875,103909.781998166,vr_world,47223,103909.766826125,0.015172541,1,0.352840000,-0.230723000,-0.202124000,0.144959189,0.787360063,-0.554672097,-0.226693251,1,0.403731883,-0.065030247,-0.281995145,0.144959189,0.787360063,-0.554672097,-0.226693251,47306,103909.766826125,0.015172541,1,0.422949000,0.189862000,-0.274775000,0.070231143,0.337503818,-0.938166170,0.031670127,1,0.402515862,0.002123230,-0.296521069,0.070231143,0.337503818,-0.938166170,0.031670127
15.232778250,103909.794408541,vr_world,47224,103909.789823125,0.004586166,1,0.352462000,-0.230480000,-0.201805000,0.145750072,0.786012479,-0.556294802,-0.226886298,1,0.403868186,-0.065151799,-0.282100875,0.145750072,0.786012479,-0.556294802,-0.226886298,47307,103909.789823125,0.004586166,1,0.426196000,0.195692000,-0.275142000,0.092571174,0.341287233,-0.934521592,0.040286420,1,0.406842309,0.007195474,-0.290331585,0.092571174,0.341287233,-0.934521592,0.040286420
15.245137084,103909.806767375,vr_world,47224,103909.789823125,0.016945208,1,0.352462000,-0.230480000,-0.201805000,0.145750072,0.786012479,-0.556294802,-0.226886298,1,0.403868186,-0.065151799,-0.282100875,0.145750072,0.786012479,-0.556294802,-0.226886298,47307,103909.789823125,0.016945208,1,0.426196000,0.195692000,-0.275142000,0.092571174,0.341287233,-0.934521592,0.040286420,1,0.406842309,0.007195474,-0.290331585,0.092571174,0.341287233,-0.934521592,0.040286420
15.257523584,103909.819153875,vr_world,47225,103909.814235250,0.004919083,1,0.351859000,-0.230439000,-0.201738000,0.145875946,0.786844698,-0.556379876,-0.223689659,1,0.403396294,-0.065304840,-0.282348353,0.145875946,0.786844698,-0.556379876,-0.223689659,47308,103909.814235250,0.004919083,1,0.429038000,0.196997000,-0.274456000,0.107524619,0.344590517,-0.931828163,0.037310945,1,0.410418606,0.008319929,-0.288260015,0.107524619,0.344590517,-0.931828163,0.037310945
15.269920292,103909.831550583,vr_world,47225,103909.814235250,0.017315791,1,0.351859000,-0.230439000,-0.201738000,0.145875946,0.786844698,-0.556379876,-0.223689659,1,0.403396294,-0.065304840,-0.282348353,0.145875946,0.786844698,-0.556379876,-0.223689659,47308,103909.814235250,0.017315791,1,0.429038000,0.196997000,-0.274456000,0.107524619,0.344590517,-0.931828163,0.037310945,1,0.410418606,0.008319929,-0.288260015,0.107524619,0.344590517,-0.931828163,0.037310945
15.282318209,103909.843948500,vr_world,47226,103909.837476625,0.006472333,1,0.351393000,-0.230612000,-0.201474000,0.146050738,0.787158969,-0.556841136,-0.221309487,1,0.403173937,-0.065702694,-0.282388206,0.146050738,0.787158969,-0.556841136,-0.221309487,47309,103909.837476625,0.006472333,1,0.434242000,0.199602000,-0.272966000,0.136948112,0.348284042,-0.926905674,0.028094710,1,0.415962714,0.010777720,-0.285110719,0.136948112,0.348284042,-0.926905674,0.028094710
15.294573959,103909.856204250,vr_world,47226,103909.837476625,0.018728125,1,0.351393000,-0.230612000,-0.201474000,0.146050738,0.787158969,-0.556841136,-0.221309487,1,0.403173937,-0.065702694,-0.282388206,0.146050738,0.787158969,-0.556841136,-0.221309487,47309,103909.837476625,0.018728125,1,0.434242000,0.199602000,-0.272966000,0.136948112,0.348284042,-0.926905674,0.028094710,1,0.415962714,0.010777720,-0.285110719,0.136948112,0.348284042,-0.926905674,0.028094710
15.306979292,103909.868609583,vr_world,47227,103909.860331708,0.008278375,1,0.350798000,-0.230436000,-0.201246000,0.145889150,0.786550321,-0.557973435,-0.220727421,1,0.403061860,-0.065736436,-0.282276596,0.145889150,0.786550321,-0.557973435,-0.220727421,47310,103909.860331708,0.008278375,1,0.439805000,0.200453000,-0.271609000,0.166364735,0.352154145,-0.920916460,0.014936781,1,0.421890092,0.011573965,-0.283440632,0.166364735,0.352154145,-0.920916460,0.014936781
15.319393500,103909.881023791,vr_world,47227,103909.860331708,0.020692458,1,0.350798000,-0.230436000,-0.201246000,0.145889150,0.786550321,-0.557973435,-0.220727421,1,0.403061860,-0.065736436,-0.282276596,0.145889150,0.786550321,-0.557973435,-0.220727421,47310,103909.860331708,0.020692458,1,0.439805000,0.200453000,-0.271609000,0.166364735,0.352154145,-0.920916460,0.014936781,1,0.421890092,0.011573965,-0.283440632,0.166364735,0.352154145,-0.920916460,0.014936781
15.330733417,103909.892363708,vr_world,47228,103909.884399416,0.007964875,1,0.350631000,-0.230043000,-0.201449000,0.145234880,0.787030674,-0.557784832,-0.219921872,1,0.402941034,-0.065274065,-0.282308771,0.145234880,0.787030674,-0.557784832,-0.219921872,47311,103909.884399416,0.007964875,1,0.443712000,0.199245000,-0.270450000,0.177729168,0.346370368,-0.921107834,-0.000517855,1,0.422308961,0.010931936,-0.285158280,0.177729168,0.346370368,-0.921107834,-0.000517855
15.343174084,103909.904804375,vr_world,47228,103909.884399416,0.020406792,1,0.350631000,-0.230043000,-0.201449000,0.145234880,0.787030674,-0.557784832,-0.219921872,1,0.402941034,-0.065274065,-0.282308771,0.145234880,0.787030674,-0.557784832,-0.219921872,47311,103909.884399416,0.020406792,1,0.443712000,0.199245000,-0.270450000,0.177729168,0.346370368,-0.921107834,-0.000517855,1,0.422308961,0.010931936,-0.285158280,0.177729168,0.346370368,-0.921107834,-0.000517855
15.355604459,103909.917234750,vr_world,47229,103909.907480041,0.009757084,1,0.350522000,-0.229929000,-0.201363000,0.145644677,0.787117985,-0.557523762,-0.220000363,1,0.402672316,-0.065158997,-0.282323794,0.145644677,0.787117985,-0.557523762,-0.220000363,47312,103909.907480041,0.009757084,1,0.448298000,0.198380000,-0.269182000,0.193819902,0.333700504,-0.922481226,-0.010305628,1,0.421155602,0.010775244,-0.283464965,0.193819902,0.333700504,-0.922481226,-0.010305628
15.368019375,103909.929649666,vr_world,47229,103909.907480041,0.022170125,1,0.350522000,-0.229929000,-0.201363000,0.145644677,0.787117985,-0.557523762,-0.220000363,1,0.402672316,-0.065158997,-0.282323794,0.145644677,0.787117985,-0.557523762,-0.220000363,47312,103909.907480041,0.022170125,1,0.448298000,0.198380000,-0.269182000,0.193819902,0.333700504,-0.922481226,-0.010305628,1,0.421155602,0.010775244,-0.283464965,0.193819902,0.333700504,-0.922481226,-0.010305628
15.378310667,103909.939940958,vr_world,47230,103909.930969541,0.008971875,1,0.349997000,-0.229505000,-0.201139000,0.145653361,0.787499685,-0.557502766,-0.218677867,1,0.402188660,-0.064801573,-0.282208623,0.145653361,0.787499685,-0.557502766,-0.218677867,47313,103909.930969541,0.008971875,1,0.450638000,0.196533000,-0.268304000,0.197974651,0.328108087,-0.923546041,-0.014622981,1,0.420983505,0.009329842,-0.282858540,0.197974651,0.328108087,-0.923546041,-0.014622981
15.390714125,103909.952344416,vr_world,47230,103909.930969541,0.021375375,1,0.349997000,-0.229505000,-0.201139000,0.145653361,0.787499685,-0.557502766,-0.218677867,1,0.402188660,-0.064801573,-0.282208623,0.145653361,0.787499685,-0.557502766,-0.218677867,47313,103909.930969541,0.021375375,1,0.450638000,0.196533000,-0.268304000,0.197974651,0.328108087,-0.923546041,-0.014622981,1,0.420983505,0.009329842,-0.282858540,0.197974651,0.328108087,-0.923546041,-0.014622981
15.402247875,103909.963878166,vr_world,47231,103909.954367958,0.009510708,1,0.349373000,-0.229134000,-0.200828000,0.145675672,0.789136378,-0.556977530,-0.214052346,1,0.401540151,-0.064585754,-0.282227945,0.145675672,0.789136378,-0.556977530,-0.214052346,47314,103909.954367958,0.009510708,1,0.453046000,0.193101000,-0.265969000,0.199902819,0.320454037,-0.925554667,-0.026393766,1,0.419473377,0.006810539,-0.283432165,0.199902819,0.320454037,-0.925554667,-0.026393766
15.414661209,103909.976291500,vr_world,47231,103909.954367958,0.021923875,1,0.349373000,-0.229134000,-0.200828000,0.145675672,0.789136378,-0.556977530,-0.214052346,1,0.401540151,-0.064585754,-0.282227945,0.145675672,0.789136378,-0.556977530,-0.214052346,47314,103909.954367958,0.021923875,1,0.453046000,0.193101000,-0.265969000,0.199902819,0.320454037,-0.925554667,-0.026393766,1,0.419473377,0.006810539,-0.283432165,0.199902819,0.320454037,-0.925554667,-0.026393766
15.427065125,103909.988695416,vr_world,47232,103909.977997541,0.010698209,1,0.349479000,-0.229142000,-0.200937000,0.145746262,0.788211544,-0.558316748,-0.213922879,1,0.402161699,-0.064844682,-0.282511191,0.145746262,0.788211544,-0.558316748,-0.213922879,47315,103909.977997541,0.010698209,1,0.454104000,0.190182000,-0.264447000,0.193032958,0.307446805,-0.931128405,-0.034851578,1,0.414871961,0.005310918,-0.284935221,0.193032958,0.307446805,-0.931128405,-0.034851578
15.439448625,103910.001078916,vr_world,47232,103909.977997541,0.023081917,1,0.349479000,-0.229142000,-0.200937000,0.145746262,0.788211544,-0.558316748,-0.213922879,1,0.402161699,-0.064844682,-0.282511191,0.145746262,0.788211544,-0.558316748,-0.213922879,47315,103909.977997541,0.023081917,1,0.454104000,0.190182000,-0.264447000,0.193032958,0.307446805,-0.931128405,-0.034851578,1,0.414871961,0.005310918,-0.284935221,0.193032958,0.307446805,-0.931128405,-0.034851578
15.451854792,103910.013485083,vr_world,47233,103910.002057708,0.011427917,1,0.349333000,-0.229047000,-0.200748000,0.146072190,0.786980532,-0.559692151,-0.214637494,1,0.402476504,-0.064994899,-0.282516671,0.146072190,0.786980532,-0.559692151,-0.214637494,47316,103910.002057708,0.011427917,1,0.454168000,0.185938000,-0.261921000,0.187076523,0.297744891,-0.934933119,-0.047438564,1,0.410302206,0.002658495,-0.286832855,0.187076523,0.297744891,-0.934933119,-0.047438564
15.464061459,103910.025691750,vr_world,47234,103910.025538791,0.000153292,1,0.349124000,-0.229029000,-0.200805000,0.145884011,0.786715233,-0.560314750,-0.214113003,1,0.402555426,-0.065092958,-0.282619093,0.145884011,0.786715233,-0.560314750,-0.214113003,47317,103910.025538791,0.000153292,1,0.453230000,0.180875000,-0.259987000,0.179061355,0.295718007,-0.936708138,-0.055369262,1,0.408084538,-0.001521275,-0.288791574,0.179061355,0.295718007,-0.936708138,-0.055369262
15.474732959,103910.036363250,vr_world,47234,103910.025538791,0.010825042,1,0.349124000,-0.229029000,-0.200805000,0.145884011,0.786715233,-0.560314750,-0.214113003,1,0.402555426,-0.065092958,-0.282619093,0.145884011,0.786715233,-0.560314750,-0.214113003,47317,103910.025538791,0.010825042,1,0.453230000,0.180875000,-0.259987000,0.179061355,0.295718007,-0.936708138,-0.055369262,1,0.408084538,-0.001521275,-0.288791574,0.179061355,0.295718007,-0.936708138,-0.055369262
15.485401834,103910.047032125,vr_world,47234,103910.025538791,0.021493875,1,0.349124000,-0.229029000,-0.200805000,0.145884011,0.786715233,-0.560314750,-0.214113003,1,0.402555426,-0.065092958,-0.282619093,0.145884011,0.786715233,-0.560314750,-0.214113003,47317,103910.025538791,0.021493875,1,0.453230000,0.180875000,-0.259987000,0.179061355,0.295718007,-0.936708138,-0.055369262,1,0.408084538,-0.001521275,-0.288791574,0.179061355,0.295718007,-0.936708138,-0.055369262
15.496067667,103910.057697958,vr_world,47235,103910.049562708,0.008135750,1,0.349227000,-0.229016000,-0.200965000,0.145630839,0.787096788,-0.560048978,-0.213577731,1,0.402611030,-0.065030572,-0.282710406,0.145630839,0.787096788,-0.560048978,-0.213577731,47318,103910.049562708,0.008135750,1,0.452193000,0.177323000,-0.258528000,0.169874272,0.299228859,-0.936915056,-0.061603562,1,0.408062048,-0.004651442,-0.291299803,0.169874272,0.299228859,-0.936915056,-0.061603562
15.508465917,103910.070096208,vr_world,47235,103910.049562708,0.020534083,1,0.349227000,-0.229016000,-0.200965000,0.145630839,0.787096788,-0.560048978,-0.213577731,1,0.402611030,-0.065030572,-0.282710406,0.145630839,0.787096788,-0.560048978,-0.213577731,47318,103910.049562708,0.020534083,1,0.452193000,0.177323000,-0.258528000,0.169874272,0.299228859,-0.936915056,-0.061603562,1,0.408062048,-0.004651442,-0.291299803,0.169874272,0.299228859,-0.936915056,-0.061603562
15.520885542,103910.082515833,vr_world,47236,103910.073479041,0.009037334,1,0.348989000,-0.228718000,-0.200888000,0.146093777,0.788286597,-0.558862421,-0.211975572,1,0.401916379,-0.064663615,-0.282792275,0.146093777,0.788286597,-0.558862421,-0.211975572,47319,103910.073479041,0.009037334,1,0.450909000,0.172013000,-0.256154000,0.157938173,0.309746916,-0.934466991,-0.076706085,1,0.409930019,-0.009140894,-0.296653276,0.157938173,0.309746916,-0.934466991,-0.076706085
15.532352625,103910.093982916,vr_world,47236,103910.073479041,0.020504375,1,0.348989000,-0.228718000,-0.200888000,0.146093777,0.788286597,-0.558862421,-0.211975572,1,0.401916379,-0.064663615,-0.282792275,0.146093777,0.788286597,-0.558862421,-0.211975572,47319,103910.073479041,0.020504375,1,0.450909000,0.172013000,-0.256154000,0.157938173,0.309746916,-0.934466991,-0.076706085,1,0.409930019,-0.009140894,-0.296653276,0.157938173,0.309746916,-0.934466991,-0.076706085
15.544086792,103910.105717083,vr_world,47237,103910.097080125,0.008637916,1,0.348632000,-0.228244000,-0.200462000,0.147337498,0.789054649,-0.558196752,-0.210001927,1,0.401217618,-0.064331446,-0.282868685,0.147337498,0.789054649,-0.558196752,-0.210001927,47320,103910.097080125,0.008637916,1,0.451228000,0.167061000,-0.254145000,0.149776253,0.316742698,-0.932130305,-0.091510828,1,0.412082215,-0.012890644,-0.301274957,0.149776253,0.316742698,-0.932130305,-0.091510828
15.556433584,103910.118063875,vr_world,47237,103910.097080125,0.020984625,1,0.348632000,-0.228244000,-0.200462000,0.147337498,0.789054649,-0.558196752,-0.210001927,1,0.401217618,-0.064331446,-0.282868685,0.147337498,0.789054649,-0.558196752,-0.210001927,47320,103910.097080125,0.020984625,1,0.451228000,0.167061000,-0.254145000,0.149776253,0.316742698,-0.932130305,-0.091510828,1,0.412082215,-0.012890644,-0.301274957,0.149776253,0.316742698,-0.932130305,-0.091510828
15.567592667,103910.129222958,vr_world,47238,103910.120090625,0.009133166,1,0.347738000,-0.227493000,-0.199674000,0.149086704,0.788196719,-0.560389443,-0.206113459,1,0.401109380,-0.064401368,-0.283196918,0.149086704,0.788196719,-0.560389443,-0.206113459,47321,103910.120090625,0.009133166,1,0.452258000,0.165958000,-0.254366000,0.151135551,0.317353971,-0.931205345,-0.096442250,1,0.412923205,-0.013598058,-0.302828539,0.151135551,0.317353971,-0.931205345,-0.096442250
15.577719375,103910.139349666,vr_world,47238,103910.120090625,0.019259750,1,0.347738000,-0.227493000,-0.199674000,0.149086704,0.788196719,-0.560389443,-0.206113459,1,0.401109380,-0.064401368,-0.283196918,0.149086704,0.788196719,-0.560389443,-0.206113459,47321,103910.120090625,0.019259750,1,0.452258000,0.165958000,-0.254366000,0.151135551,0.317353971,-0.931205345,-0.096442250,1,0.412923205,-0.013598058,-0.302828539,0.151135551,0.317353971,-0.931205345,-0.096442250
15.590075709,103910.151706000,vr_world,47239,103910.143338208,0.008368417,1,0.346919000,-0.227491000,-0.198676000,0.150631923,0.788189428,-0.562038499,-0.200449934,1,0.400982407,-0.065210578,-0.283326054,0.150631923,0.788189428,-0.562038499,-0.200449934,47322,103910.143338208,0.008368417,1,0.455770000,0.167128000,-0.255273000,0.162396909,0.310018226,-0.932331497,-0.090961104,1,0.413678490,-0.012914966,-0.299420877,0.162396909,0.310018226,-0.932331497,-0.090961104
15.600968709,103910.162599000,vr_world,47239,103910.143338208,0.019267750,1,0.346919000,-0.227491000,-0.198676000,0.150631923,0.788189428,-0.562038499,-0.200449934,1,0.400982407,-0.065210578,-0.283326054,0.150631923,0.788189428,-0.562038499,-0.200449934,47322,103910.143338208,0.019267750,1,0.455770000,0.167128000,-0.255273000,0.162396909,0.310018226,-0.932331497,-0.090961104,1,0.413678490,-0.012914966,-0.299420877,0.162396909,0.310018226,-0.932331497,-0.090961104
15.613320792,103910.174951083,vr_world,47240,103910.167462791,0.007488792,1,0.346012000,-0.227668000,-0.198756000,0.147361921,0.787643963,-0.565155426,-0.196216197,1,0.401911636,-0.065779248,-0.282962462,0.147361921,0.787643963,-0.565155426,-0.196216197,47323,103910.167462791,0.007488792,1,0.457873000,0.164690000,-0.255130000,0.181221318,0.301675667,-0.932299092,-0.083480706,1,0.412725853,-0.016089270,-0.292770810,0.181221318,0.301675667,-0.932299092,-0.083480706
15.625686542,103910.187316833,vr_world,47240,103910.167462791,0.019854667,1,0.346012000,-0.227668000,-0.198756000,0.147361921,0.787643963,-0.565155426,-0.196216197,1,0.401911636,-0.065779248,-0.282962462,0.147361921,0.787643963,-0.565155426,-0.196216197,47323,103910.167462791,0.019854667,1,0.457873000,0.164690000,-0.255130000,0.181221318,0.301675667,-0.932299092,-0.083480706,1,0.412725853,-0.016089270,-0.292770810,0.181221318,0.301675667,-0.932299092,-0.083480706
15.638049667,103910.199679958,vr_world,47241,103910.191162916,0.008517625,1,0.346165000,-0.226742000,-0.198425000,0.148870827,0.787755596,-0.565207553,-0.194471129,1,0.401971774,-0.065155592,-0.283271273,0.148870827,0.787755596,-0.565207553,-0.194471129,47324,103910.191162916,0.008517625,1,0.456595000,0.162148000,-0.253787000,0.171727368,0.297855208,-0.934751949,-0.089614625,1,0.409772086,-0.017455446,-0.294853268,0.171727368,0.297855208,-0.934751949,-0.089614625
15.648074917,103910.209705208,vr_world,47241,103910.191162916,0.018542625,1,0.346165000,-0.226742000,-0.198425000,0.148870827,0.787755596,-0.565207553,-0.194471129,1,0.401971774,-0.065155592,-0.283271273,0.148870827,0.787755596,-0.565207553,-0.194471129,47324,103910.191162916,0.018542625,1,0.456595000,0.162148000,-0.253787000,0.171727368,0.297855208,-0.934751949,-0.089614625,1,0.409772086,-0.017455446,-0.294853268,0.171727368,0.297855208,-0.934751949,-0.089614625
15.660485167,103910.222115458,vr_world,47242,103910.214453625,0.007662250,1,0.345487000,-0.226807000,-0.198701000,0.148130888,0.789542701,-0.562609467,-0.195320635,1,0.400342364,-0.064601910,-0.282985510,0.148130888,0.789542701,-0.562609467,-0.195320635,47325,103910.214453625,0.007662250,1,0.454484000,0.162741000,-0.251849000,0.152166535,0.303365841,-0.936179850,-0.091552169,1,0.410210713,-0.016368473,-0.297629860,0.152166535,0.303365841,-0.936179850,-0.091552169
15.670530750,103910.232161041,vr_world,47242,103910.214453625,0.017707916,1,0.345487000,-0.226807000,-0.198701000,0.148130888,0.789542701,-0.562609467,-0.195320635,1,0.400342364,-0.064601910,-0.282985510,0.148130888,0.789542701,-0.562609467,-0.195320635,47325,103910.214453625,0.017707916,1,0.454484000,0.162741000,-0.251849000,0.152166535,0.303365841,-0.936179850,-0.091552169,1,0.410210713,-0.016368473,-0.297629860,0.152166535,0.303365841,-0.936179850,-0.091552169
15.682732125,103910.244362416,vr_world,47243,103910.237839333,0.006523458,1,0.342882000,-0.227094000,-0.198357000,0.144531609,0.788677728,-0.567382945,-0.187549057,1,0.400434586,-0.065753530,-0.282501927,0.144531609,0.788677728,-0.567382945,-0.187549057,47326,103910.237839333,0.006523458,1,0.454591000,0.164429000,-0.251848000,0.142454100,0.300617527,-0.939823797,-0.077891996,1,0.410628689,-0.015403334,-0.295020596,0.142454100,0.300617527,-0.939823797,-0.077891996
15.692910875,103910.254541166,vr_world,47243,103910.237839333,0.016702250,1,0.342882000,-0.227094000,-0.198357000,0.144531609,0.788677728,-0.567382945,-0.187549057,1,0.400434586,-0.065753530,-0.282501927,0.144531609,0.788677728,-0.567382945,-0.187549057,47326,103910.237839333,0.016702250,1,0.454591000,0.164429000,-0.251848000,0.142454100,0.300617527,-0.939823797,-0.077891996,1,0.410628689,-0.015403334,-0.295020596,0.142454100,0.300617527,-0.939823797,-0.077891996
15.705291959,103910.266922250,vr_world,47244,103910.261275291,0.005647250,1,0.339581000,-0.226491000,-0.199579000,0.133766599,0.788682139,-0.574249421,-0.174139551,1,0.401842839,-0.065876204,-0.281736153,0.133766599,0.788682139,-0.574249421,-0.174139551,47327,103910.261275291,0.005647250,1,0.452838000,0.163572000,-0.248713000,0.126767681,0.300878329,-0.941290949,-0.085869293,1,0.409114755,-0.014922063,-0.297337507,0.126767681,0.300878329,-0.941290949,-0.085869293
15.716092542,103910.277722833,vr_world,47244,103910.261275291,0.016447959,1,0.339581000,-0.226491000,-0.199579000,0.133766599,0.788682139,-0.574249421,-0.174139551,1,0.401842839,-0.065876204,-0.281736153,0.133766599,0.788682139,-0.574249421,-0.174139551,47327,103910.261275291,0.016447959,1,0.452838000,0.163572000,-0.248713000,0.126767681,0.300878329,-0.941290949,-0.085869293,1,0.409114755,-0.014922063,-0.297337507,0.126767681,0.300878329,-0.941290949,-0.085869293
15.728495667,103910.290125958,vr_world,47245,103910.285502541,0.004624125,1,0.336649000,-0.226636000,-0.200918000,0.122271843,0.791935997,-0.574456258,-0.166993957,1,0.400763881,-0.065074868,-0.279725919,0.122271843,0.791935997,-0.574456258,-0.166993957,47328,103910.285502541,0.004624125,1,0.451350000,0.164511000,-0.249296000,0.118778897,0.296070814,-0.944742910,-0.075461787,1,0.406881406,-0.014338532,-0.295896357,0.118778897,0.296070814,-0.944742910,-0.075461787
15.740900625,103910.302530916,vr_world,47245,103910.285502541,0.017029000,1,0.336649000,-0.226636000,-0.200918000,0.122271843,0.791935997,-0.574456258,-0.166993957,1,0.400763881,-0.065074868,-0.279725919,0.122271843,0.791935997,-0.574456258,-0.166993957,47328,103910.285502541,0.017029000,1,0.451350000,0.164511000,-0.249296000,0.118778897,0.296070814,-0.944742910,-0.075461787,1,0.406881406,-0.014338532,-0.295896357,0.118778897,0.296070814,-0.944742910,-0.075461787
15.752067917,103910.313698208,vr_world,47246,103910.308189791,0.005508792,1,0.333862000,-0.225685000,-0.202583000,0.112362773,0.794538087,-0.575838683,-0.156504460,1,0.400232976,-0.063824017,-0.278867840,0.112362773,0.794538087,-0.575838683,-0.156504460,47329,103910.308189791,0.005508792,1,0.449461000,0.164775000,-0.248693000,0.095705688,0.287329261,-0.950763517,-0.065810722,1,0.403518816,-0.013468312,-0.296178392,0.095705688,0.287329261,-0.950763517,-0.065810722
15.762750709,103910.324381000,vr_world,47246,103910.308189791,0.016191709,1,0.333862000,-0.225685000,-0.202583000,0.112362773,0.794538087,-0.575838683,-0.156504460,1,0.400232976,-0.063824017,-0.278867840,0.112362773,0.794538087,-0.575838683,-0.156504460,47329,103910.308189791,0.016191709,1,0.449461000,0.164775000,-0.248693000,0.095705688,0.287329261,-0.950763517,-0.065810722,1,0.403518816,-0.013468312,-0.296178392,0.095705688,0.287329261,-0.950763517,-0.065810722
15.775133125,103910.336763416,vr_world,47247,103910.331864875,0.004898916,1,0.328581000,-0.225554000,-0.203006000,0.103002941,0.795368502,-0.580767957,-0.139599141,1,0.398865224,-0.064552706,-0.277585815,0.103002941,0.795368502,-0.580767957,-0.139599141,47330,103910.331864875,0.004898916,1,0.446130000,0.166013000,-0.250062000,0.070799471,0.282633048,-0.955589706,-0.044207568,1,0.401033700,-0.013048077,-0.295224896,0.070799471,0.282633048,-0.955589706,-0.044207568
15.785300209,103910.346930500,vr_world,47247,103910.331864875,0.015065875,1,0.328581000,-0.225554000,-0.203006000,0.103002941,0.795368502,-0.580767957,-0.139599141,1,0.398865224,-0.064552706,-0.277585815,0.103002941,0.795368502,-0.580767957,-0.139599141,47330,103910.331864875,0.015065875,1,0.446130000,0.166013000,-0.250062000,0.070799471,0.282633048,-0.955589706,-0.044207568,1,0.401033700,-0.013048077,-0.295224896,0.070799471,0.282633048,-0.955589706,-0.044207568
15.797687584,103910.359317875,vr_world,47248,103910.354923208,0.004395333,1,0.325524000,-0.225178000,-0.203301000,0.097411801,0.793687194,-0.586555807,-0.128545186,1,0.399322970,-0.065367385,-0.277041677,0.097411801,0.793687194,-0.586555807,-0.128545186,47331,103910.354923208,0.004395333,1,0.442763000,0.166810000,-0.251282000,0.052671725,0.291688636,-0.954579451,-0.030356245,1,0.402876712,-0.013691080,-0.295606940,0.052671725,0.291688636,-0.954579451,-0.030356245
15.808071375,103910.369701666,vr_world,47248,103910.354923208,0.014778875,1,0.325524000,-0.225178000,-0.203301000,0.097411801,0.793687194,-0.586555807,-0.128545186,1,0.399322970,-0.065367385,-0.277041677,0.097411801,0.793687194,-0.586555807,-0.128545186,47331,103910.354923208,0.014778875,1,0.442763000,0.166810000,-0.251282000,0.052671725,0.291688636,-0.954579451,-0.030356245,1,0.402876712,-0.013691080,-0.295606940,0.052671725,0.291688636,-0.954579451,-0.030356245
15.818750834,103910.380381125,vr_world,47249,103910.378247750,0.002134041,1,0.321400000,-0.224311000,-0.203148000,0.087056047,0.792643857,-0.592537583,-0.114176063,1,0.399487089,-0.065460753,-0.274509380,0.087056047,0.792643857,-0.592537583,-0.114176063,47332,103910.378247750,0.002134041,1,0.441662000,0.167181000,-0.252717000,0.034376624,0.292945193,-0.955420923,-0.013123311,1,0.404199523,-0.014377929,-0.294778112,0.034376624,0.292945193,-0.955420923,-0.013123311
15.831064959,103910.392695250,vr_world,47249,103910.378247750,0.014447833,1,0.321400000,-0.224311000,-0.203148000,0.087056047,0.792643857,-0.592537583,-0.114176063,1,0.399487089,-0.065460753,-0.274509380,0.087056047,0.792643857,-0.592537583,-0.114176063,47332,103910.378247750,0.014447833,1,0.441662000,0.167181000,-0.252717000,0.034376624,0.292945193,-0.955420923,-0.013123311,1,0.404199523,-0.014377929,-0.294778112,0.034376624,0.292945193,-0.955420923,-0.013123311
15.841331375,103910.402961666,vr_world,47249,103910.378247750,0.024714166,1,0.321400000,-0.224311000,-0.203148000,0.087056047,0.792643857,-0.592537583,-0.114176063,1,0.399487089,-0.065460753,-0.274509380,0.087056047,0.792643857,-0.592537583,-0.114176063,47332,103910.378247750,0.024714166,1,0.441662000,0.167181000,-0.252717000,0.034376624,0.292945193,-0.955420923,-0.013123311,1,0.404199523,-0.014377929,-0.294778112,0.034376624,0.292945193,-0.955420923,-0.013123311
15.853062417,103910.414692708,vr_world,47250,103910.403517375,0.011175750,1,0.314253000,-0.221396000,-0.202513000,0.081107823,0.789079822,-0.603040035,-0.084363925,1,0.398970184,-0.065998989,-0.273914700,0.081107823,0.789079822,-0.603040035,-0.084363925,47333,103910.403517375,0.011175750,1,0.441021000,0.167102000,-0.251395000,0.025837551,0.286841015,-0.957483478,-0.016734468,1,0.401757302,-0.013449211,-0.296069756,0.025837551,0.286841015,-0.957483478,-0.016734468
15.864068250,103910.425698541,vr_world,47250,103910.403517375,0.022181708,1,0.314253000,-0.221396000,-0.202513000,0.081107823,0.789079822,-0.603040035,-0.084363925,1,0.398970184,-0.065998989,-0.273914700,0.081107823,0.789079822,-0.603040035,-0.084363925,47333,103910.403517375,0.022181708,1,0.441021000,0.167102000,-0.251395000,0.025837551,0.286841015,-0.957483478,-0.016734468,1,0.401757302,-0.013449211,-0.296069756,0.025837551,0.286841015,-0.957483478,-0.016734468
15.874734167,103910.436364458,vr_world,47251,103910.426886666,0.009478292,1,0.305691000,-0.218281000,-0.202349000,0.068815502,0.788051967,-0.610613189,-0.037283481,1,0.397938055,-0.066296383,-0.271736368,0.068815502,0.788051967,-0.610613189,-0.037283481,47334,103910.426886666,0.009478292,1,0.439009000,0.167969000,-0.251169000,0.009063407,0.283018378,-0.959032146,-0.008706016,1,0.399882226,-0.012523896,-0.296198238,0.009063407,0.283018378,-0.959032146,-0.008706016
15.886675709,103910.448306000,vr_world,47251,103910.426886666,0.021419792,1,0.305691000,-0.218281000,-0.202349000,0.068815502,0.788051967,-0.610613189,-0.037283481,1,0.397938055,-0.066296383,-0.271736368,0.068815502,0.788051967,-0.610613189,-0.037283481,47334,103910.426886666,0.021419792,1,0.439009000,0.167969000,-0.251169000,0.009063407,0.283018378,-0.959032146,-0.008706016,1,0.399882226,-0.012523896,-0.296198238,0.009063407,0.283018378,-0.959032146,-0.008706016
15.898760125,103910.460390416,vr_world,47252,103910.449824416,0.010566584,1,0.299465000,-0.215666000,-0.203086000,0.060377707,0.787129905,-0.613824652,-0.000584306,1,0.396678555,-0.066035905,-0.270789832,0.060377707,0.787129905,-0.613824652,-0.000584306,47335,103910.449824416,0.010566584,1,0.436954000,0.168577000,-0.251147000,0.002371549,-0.289037222,0.957309975,0.003077689,1,0.401210426,-0.012569776,-0.296362845,0.002371549,-0.289037222,0.957309975,0.003077689
15.910811209,103910.472441500,vr_world,47252,103910.449824416,0.022617584,1,0.299465000,-0.215666000,-0.203086000,0.060377707,0.787129905,-0.613824652,-0.000584306,1,0.396678555,-0.066035905,-0.270789832,0.060377707,0.787129905,-0.613824652,-0.000584306,47335,103910.449824416,0.022617584,1,0.436954000,0.168577000,-0.251147000,0.002371549,-0.289037222,0.957309975,0.003077689,1,0.401210426,-0.012569776,-0.296362845,0.002371549,-0.289037222,0.957309975,0.003077689
15.923189334,103910.484819625,vr_world,47253,103910.473651250,0.011168833,1,0.291033000,-0.211696000,-0.204872000,0.044744009,0.781187710,-0.620515128,0.052006844,1,0.396689173,-0.065901838,-0.268151534,0.044744009,0.781187710,-0.620515128,0.052006844,47336,103910.473651250,0.011168833,1,0.435262000,0.168783000,-0.250776000,0.022187701,-0.287908139,0.957381934,-0.006036657,1,0.401052147,-0.012553106,-0.296417269,0.022187701,-0.287908139,0.957381934,-0.006036657
15.935609542,103910.497239833,vr_world,47253,103910.473651250,0.023589000,1,0.291033000,-0.211696000,-0.204872000,0.044744009,0.781187710,-0.620515128,0.052006844,1,0.396689173,-0.065901838,-0.268151534,0.044744009,0.781187710,-0.620515128,0.052006844,47336,103910.473651250,0.023589000,1,0.435262000,0.168783000,-0.250776000,0.022187701,-0.287908139,0.957381934,-0.006036657,1,0.401052147,-0.012553106,-0.296417269,0.022187701,-0.287908139,0.957381934,-0.006036657
15.948014375,103910.509644666,vr_world,47254,103910.498862666,0.010782459,1,0.284814000,-0.207253000,-0.206194000,0.040526642,0.775694717,-0.621968636,0.099047027,1,0.396097593,-0.065214498,-0.268358784,0.040526642,0.775694717,-0.621968636,0.099047027,47337,103910.498862666,0.010782459,1,0.433785000,0.169420000,-0.250066000,0.036918255,-0.281833231,0.958679589,-0.011854029,1,0.398769074,-0.011593838,-0.296370479,0.036918255,-0.281833231,0.958679589,-0.011854029
15.960068625,103910.521698916,vr_world,47254,103910.498862666,0.022836792,1,0.284814000,-0.207253000,-0.206194000,0.040526642,0.775694717,-0.621968636,0.099047027,1,0.396097593,-0.065214498,-0.268358784,0.040526642,0.775694717,-0.621968636,0.099047027,47337,103910.498862666,0.022836792,1,0.433785000,0.169420000,-0.250066000,0.036918255,-0.281833231,0.958679589,-0.011854029,1,0.398769074,-0.011593838,-0.296370479,0.036918255,-0.281833231,0.958679589,-0.011854029
15.970738834,103910.532369125,vr_world,47255,103910.522199791,0.010169917,1,0.282855000,-0.204699000,-0.206027000,0.044160136,0.779868308,-0.613706006,0.114979316,1,0.392674360,-0.062292419,-0.269929793,0.044160136,0.779868308,-0.613706006,0.114979316,47338,103910.522199791,0.010169917,1,0.432409000,0.169289000,-0.249183000,0.044811797,-0.277640332,0.959575894,-0.011038662,1,0.396586926,-0.011131858,-0.297154888,0.044811797,-0.277640332,0.959575894,-0.011038662
15.983099417,103910.544729708,vr_world,47255,103910.522199791,0.022530250,1,0.282855000,-0.204699000,-0.206027000,0.044160136,0.779868308,-0.613706006,0.114979316,1,0.392674360,-0.062292419,-0.269929793,0.044160136,0.779868308,-0.613706006,0.114979316,47338,103910.522199791,0.022530250,1,0.432409000,0.169289000,-0.249183000,0.044811797,-0.277640332,0.959575894,-0.011038662,1,0.396586926,-0.011131858,-0.297154888,0.044811797,-0.277640332,0.959575894,-0.011038662
15.995526459,103910.557156750,vr_world,47256,103910.546042666,0.011116292,1,0.278689000,-0.201319000,-0.207062000,0.038803810,0.778377454,-0.609982230,0.143333467,1,0.390616874,-0.059786941,-0.269225074,0.038803810,0.778377454,-0.609982230,0.143333467,47339,103910.546042666,0.011116292,1,0.430368000,0.169414000,-0.247252000,0.059375036,-0.277974067,0.958660578,-0.013225725,1,0.396203638,-0.010863976,-0.296939570,0.059375036,-0.277974067,0.958660578,-0.013225725
16.007963209,103910.569593500,vr_world,47256,103910.546042666,0.023554792,1,0.278689000,-0.201319000,-0.207062000,0.038803810,0.778377454,-0.609982230,0.143333467,1,0.390616874,-0.059786941,-0.269225074,0.038803810,0.778377454,-0.609982230,0.143333467,47339,103910.546042666,0.023554792,1,0.430368000,0.169414000,-0.247252000,0.059375036,-0.277974067,0.958660578,-0.013225725,1,0.396203638,-0.010863976,-0.296939570,0.059375036,-0.277974067,0.958660578,-0.013225725
16.020370417,103910.582000708,vr_world,47257,103910.570523041,0.011478834,1,0.277528000,-0.198206000,-0.206534000,0.040472776,0.777689313,-0.607484477,0.156601076,1,0.390111718,-0.057491984,-0.269366281,0.040472776,0.777689313,-0.607484477,0.156601076,47340,103910.570523041,0.011478834,1,0.429551000,0.169186000,-0.243930000,0.073597019,-0.281393649,0.956737206,-0.007417032,1,0.398202292,-0.010414570,-0.297754623,0.073597019,-0.281393649,0.956737206,-0.007417032
16.032803125,103910.594433416,vr_world,47257,103910.570523041,0.023910917,1,0.277528000,-0.198206000,-0.206534000,0.040472776,0.777689313,-0.607484477,0.156601076,1,0.390111718,-0.057491984,-0.269366281,0.040472776,0.777689313,-0.607484477,0.156601076,47340,103910.570523041,0.023910917,1,0.429551000,0.169186000,-0.243930000,0.073597019,-0.281393649,0.956737206,-0.007417032,1,0.398202292,-0.010414570,-0.297754623,0.073597019,-0.281393649,0.956737206,-0.007417032
16.044341959,103910.605972250,vr_world,47258,103910.594902291,0.011070334,1,0.278867000,-0.194559000,-0.205730000,0.045302272,0.780297566,-0.602849864,0.160173200,1,0.390065752,-0.053656387,-0.270574072,0.045302272,0.780297566,-0.602849864,0.160173200,47341,103910.594902291,0.011070334,1,0.429549000,0.168576000,-0.240042000,0.080925025,-0.283748854,0.955470832,0.003635668,1,0.399892232,-0.009837496,-0.298568254,0.080925025,-0.283748854,0.955470832,0.003635668
16.056778125,103910.618408416,vr_world,47258,103910.594902291,0.023506667,1,0.278867000,-0.194559000,-0.205730000,0.045302272,0.780297566,-0.602849864,0.160173200,1,0.390065752,-0.053656387,-0.270574072,0.045302272,0.780297566,-0.602849864,0.160173200,47341,103910.594902291,0.023506667,1,0.429549000,0.168576000,-0.240042000,0.080925025,-0.283748854,0.955470832,0.003635668,1,0.399892232,-0.009837496,-0.298568254,0.080925025,-0.283748854,0.955470832,0.003635668
16.069207959,103910.630838250,vr_world,47259,103910.619099708,0.011739250,1,0.279942000,-0.193903000,-0.204056000,0.054602606,0.782961659,-0.599512075,0.156763732,1,0.389239426,-0.053182581,-0.272432093,0.054602606,0.782961659,-0.599512075,0.156763732,47342,103910.619099708,0.011739250,1,0.430506000,0.168510000,-0.239031000,0.081726189,-0.275896729,0.957682629,0.006768030,1,0.398005626,-0.008958094,-0.298906061,0.081726189,-0.275896729,0.957682629,0.006768030
16.081635959,103910.643266250,vr_world,47260,103910.642467041,0.000799667,1,0.280482000,-0.193725000,-0.203878000,0.048028292,0.782325106,-0.600766049,0.157292298,1,0.390472985,-0.052400537,-0.269854060,0.048028292,0.782325106,-0.600766049,0.157292298,47343,103910.642467041,0.000799667,1,0.430224000,0.167754000,-0.237393000,0.087553302,-0.268762525,0.959178557,0.008810273,1,0.395793359,-0.008734951,-0.299056628,0.087553302,-0.268762525,0.959178557,0.008810273
16.094065375,103910.655695666,vr_world,47260,103910.642467041,0.013229167,1,0.280482000,-0.193725000,-0.203878000,0.048028292,0.782325106,-0.600766049,0.157292298,1,0.390472985,-0.052400537,-0.269854060,0.048028292,0.782325106,-0.600766049,0.157292298,47343,103910.642467041,0.013229167,1,0.430224000,0.167754000,-0.237393000,0.087553302,-0.268762525,0.959178557,0.008810273,1,0.395793359,-0.008734951,-0.299056628,0.087553302,-0.268762525,0.959178557,0.008810273
16.106441792,103910.668072083,vr_world,47261,103910.666399541,0.001672959,1,0.282596000,-0.193987000,-0.203739000,0.036917868,0.782148288,-0.602775669,0.153436044,1,0.393103716,-0.051240710,-0.265666077,0.036917868,0.782148288,-0.602775669,0.153436044,47344,103910.666399541,0.001672959,1,0.431312000,0.166603000,-0.235742000,0.088317458,-0.260298803,0.961412592,0.011418721,1,0.393861108,-0.008848130,-0.298595288,0.088317458,-0.260298803,0.961412592,0.011418721
16.118833250,103910.680463541,vr_world,47261,103910.666399541,0.014064709,1,0.282596000,-0.193987000,-0.203739000,0.036917868,0.782148288,-0.602775669,0.153436044,1,0.393103716,-0.051240710,-0.265666077,0.036917868,0.782148288,-0.602775669,0.153436044,47344,103910.666399541,0.014064709,1,0.431312000,0.166603000,-0.235742000,0.088317458,-0.260298803,0.961412592,0.011418721,1,0.393861108,-0.008848130,-0.298595288,0.088317458,-0.260298803,0.961412592,0.011418721
16.131127667,103910.692757958,vr_world,47262,103910.692028208,0.000730583,1,0.286396000,-0.195790000,-0.201591000,0.034848606,0.793360233,-0.591787249,0.138394248,1,0.390954502,-0.048626142,-0.263508334,0.034848606,0.793360233,-0.591787249,0.138394248,47345,103910.692028208,0.000730583,1,0.431805000,0.165151000,-0.233871000,0.087754239,-0.260287865,0.961392398,0.016555287,1,0.394274581,-0.009724377,-0.298262668,0.087754239,-0.260287865,0.961392398,0.016555287
16.141294542,103910.702924833,vr_world,47262,103910.692028208,0.010902875,1,0.286396000,-0.195790000,-0.201591000,0.034848606,0.793360233,-0.591787249,0.138394248,1,0.390954502,-0.048626142,-0.263508334,0.034848606,0.793360233,-0.591787249,0.138394248,47345,103910.692028208,0.010902875,1,0.431805000,0.165151000,-0.233871000,0.087754239,-0.260287865,0.961392398,0.016555287,1,0.394274581,-0.009724377,-0.298262668,0.087754239,-0.260287865,0.961392398,0.016555287
16.152147792,103910.713778083,vr_world,47262,103910.692028208,0.021750833,1,0.286396000,-0.195790000,-0.201591000,0.034848606,0.793360233,-0.591787249,0.138394248,1,0.390954502,-0.048626142,-0.263508334,0.034848606,0.793360233,-0.591787249,0.138394248,47345,103910.692028208,0.021750833,1,0.431805000,0.165151000,-0.233871000,0.087754239,-0.260287865,0.961392398,0.016555287,1,0.394274581,-0.009724377,-0.298262668,0.087754239,-0.260287865,0.961392398,0.016555287
16.164477125,103910.726107416,vr_world,47263,103910.715199875,0.010908291,1,0.288165000,-0.197302000,-0.201037000,0.034055810,0.798485563,-0.587534992,0.126742418,1,0.389720048,-0.047998279,-0.262830542,0.034055810,0.798485563,-0.587534992,0.126742418,47346,103910.715199875,0.010908291,1,0.432515000,0.164409000,-0.233394000,0.085921639,-0.258321527,0.962077164,0.017175337,1,0.394031621,-0.010279515,-0.297730401,0.085921639,-0.258321527,0.962077164,0.017175337
16.174609375,103910.736239666,vr_world,47263,103910.715199875,0.021040416,1,0.288165000,-0.197302000,-0.201037000,0.034055810,0.798485563,-0.587534992,0.126742418,1,0.389720048,-0.047998279,-0.262830542,0.034055810,0.798485563,-0.587534992,0.126742418,47346,103910.715199875,0.021040416,1,0.432515000,0.164409000,-0.233394000,0.085921639,-0.258321527,0.962077164,0.017175337,1,0.394031621,-0.010279515,-0.297730401,0.085921639,-0.258321527,0.962077164,0.017175337
16.187011000,103910.748641291,vr_world,47264,103910.738651500,0.009990250,1,0.291223000,-0.199139000,-0.200450000,0.030124629,0.803679718,-0.583625920,0.112125839,1,0.389677433,-0.047206465,-0.260837509,0.030124629,0.803679718,-0.583625920,0.112125839,47347,103910.738651500,0.009990250,1,0.433451000,0.162899000,-0.232074000,0.083183524,-0.257957356,0.962317837,0.021974644,1,0.394477868,-0.011282406,-0.297481797,0.083183524,-0.257957356,0.962317837,0.021974644
16.197407709,103910.759038000,vr_world,47264,103910.738651500,0.020387000,1,0.291223000,-0.199139000,-0.200450000,0.030124629,0.803679718,-0.583625920,0.112125839,1,0.389677433,-0.047206465,-0.260837509,0.030124629,0.803679718,-0.583625920,0.112125839,47347,103910.738651500,0.020387000,1,0.433451000,0.162899000,-0.232074000,0.083183524,-0.257957356,0.962317837,0.021974644,1,0.394477868,-0.011282406,-0.297481797,0.083183524,-0.257957356,0.962317837,0.021974644
16.208066834,103910.769697125,vr_world,47265,103910.762313625,0.007384291,1,0.293956000,-0.199888000,-0.200092000,0.029581122,0.805171371,-0.584044864,0.098567827,1,0.391062257,-0.046903329,-0.260004436,0.029581122,0.805171371,-0.584044864,0.098567827,47348,103910.762313625,0.007384291,1,0.434662000,0.162087000,-0.231495000,0.076413204,-0.264053240,0.961103538,0.026774951,1,0.397048381,-0.012295952,-0.297160959,0.076413204,-0.264053240,0.961103538,0.026774951
16.218736375,103910.780366666,vr_world,47265,103910.762313625,0.018053625,1,0.293956000,-0.199888000,-0.200092000,0.029581122,0.805171371,-0.584044864,0.098567827,1,0.391062257,-0.046903329,-0.260004436,0.029581122,0.805171371,-0.584044864,0.098567827,47348,103910.762313625,0.018053625,1,0.434662000,0.162087000,-0.231495000,0.076413204,-0.264053240,0.961103538,0.026774951,1,0.397048381,-0.012295952,-0.297160959,0.076413204,-0.264053240,0.961103538,0.026774951
16.231147375,103910.792777666,vr_world,47266,103910.786426875,0.006351791,1,0.293154000,-0.201417000,-0.199091000,0.038150555,0.806622571,-0.581535587,0.098594745,1,0.389002118,-0.048917487,-0.262182072,0.038150555,0.806622571,-0.581535587,0.098594745,47349,103910.786426875,0.006351791,1,0.435073000,0.162935000,-0.231578000,0.071526098,-0.273898637,0.958769086,0.025007885,1,0.400493765,-0.012652740,-0.295682919,0.071526098,-0.273898637,0.958769086,0.025007885
16.242738625,103910.804368916,vr_world,47266,103910.786426875,0.017942833,1,0.293154000,-0.201417000,-0.199091000,0.038150555,0.806622571,-0.581535587,0.098594745,1,0.389002118,-0.048917487,-0.262182072,0.038150555,0.806622571,-0.581535587,0.098594745,47349,103910.786426875,0.017942833,1,0.435073000,0.162935000,-0.231578000,0.071526098,-0.273898637,0.958769086,0.025007885,1,0.400493765,-0.012652740,-0.295682919,0.071526098,-0.273898637,0.958769086,0.025007885
16.253408834,103910.815039125,vr_world,47267,103910.811079083,0.003960792,1,0.293925000,-0.201033000,-0.202117000,0.031831295,0.801695481,-0.588718681,0.098394303,1,0.392748056,-0.049390806,-0.262632227,0.031831295,0.801695481,-0.588718681,0.098394303,47350,103910.811079083,0.003960792,1,0.436697000,0.164284000,-0.233202000,0.061251541,-0.282994827,0.957029277,0.016035567,1,0.404361735,-0.013378425,-0.292587766,0.061251541,-0.282994827,0.957029277,0.016035567
16.265800334,103910.827430625,vr_world,47267,103910.811079083,0.016352167,1,0.293925000,-0.201033000,-0.202117000,0.031831295,0.801695481,-0.588718681,0.098394303,1,0.392748056,-0.049390806,-0.262632227,0.031831295,0.801695481,-0.588718681,0.098394303,47350,103910.811079083,0.016352167,1,0.436697000,0.164284000,-0.233202000,0.061251541,-0.282994827,0.957029277,0.016035567,1,0.404361735,-0.013378425,-0.292587766,0.061251541,-0.282994827,0.957029277,0.016035567
16.278205250,103910.839835541,vr_world,47268,103910.834969125,0.004866750,1,0.293382000,-0.202316000,-0.203351000,0.027729543,0.798378692,-0.592484220,0.103850786,1,0.394398585,-0.051511199,-0.262317089,0.027729543,0.798378692,-0.592484220,0.103850786,47351,103910.834969125,0.004866750,1,0.438102000,0.166276000,-0.234788000,0.047808691,-0.294477602,0.954447690,0.005184307,1,0.408731984,-0.013758802,-0.288277026,0.047808691,-0.294477602,0.954447690,0.005184307
16.290622000,103910.852252291,vr_world,47268,103910.834969125,0.017283791,1,0.293382000,-0.202316000,-0.203351000,0.027729543,0.798378692,-0.592484220,0.103850786,1,0.394398585,-0.051511199,-0.262317089,0.027729543,0.798378692,-0.592484220,0.103850786,47351,103910.834969125,0.017283791,1,0.438102000,0.166276000,-0.234788000,0.047808691,-0.294477602,0.954447690,0.005184307,1,0.408731984,-0.013758802,-0.288277026,0.047808691,-0.294477602,0.954447690,0.005184307
16.303021500,103910.864651791,vr_world,47269,103910.859806291,0.004846042,1,0.294035000,-0.203232000,-0.203137000,0.028466663,0.797950017,-0.593001410,0.103993979,1,0.395243356,-0.052651385,-0.262346789,0.028466663,0.797950017,-0.593001410,0.103993979,47352,103910.859806291,0.004846042,1,0.440568000,0.168796000,-0.236435000,0.033138112,-0.310977387,0.949838195,-0.001527734,1,0.416107888,-0.013321395,-0.285130187,0.033138112,-0.310977387,0.949838195,-0.001527734
16.314735042,103910.876365333,vr_world,47269,103910.859806291,0.016559459,1,0.294035000,-0.203232000,-0.203137000,0.028466663,0.797950017,-0.593001410,0.103993979,1,0.395243356,-0.052651385,-0.262346789,0.028466663,0.797950017,-0.593001410,0.103993979,47352,103910.859806291,0.016559459,1,0.440568000,0.168796000,-0.236435000,0.033138112,-0.310977387,0.949838195,-0.001527734,1,0.416107888,-0.013321395,-0.285130187,0.033138112,-0.310977387,0.949838195,-0.001527734
16.326877250,103910.888507541,vr_world,47270,103910.884382041,0.004126000,1,0.293581000,-0.204098000,-0.203339000,0.027124866,0.799433659,-0.591587712,0.100965566,1,0.393952800,-0.052776156,-0.262080846,0.027124866,0.799433659,-0.591587712,0.100965566,47353,103910.884382041,0.004126000,1,0.443946000,0.171663000,-0.237790000,0.016452753,-0.313051401,0.949564501,-0.007442198,1,0.418857308,-0.011553762,-0.281817348,0.016452753,-0.313051401,0.949564501,-0.007442198
16.338734209,103910.900364500,vr_world,47270,103910.884382041,0.015982875,1,0.293581000,-0.204098000,-0.203339000,0.027124866,0.799433659,-0.591587712,0.100965566,1,0.393952800,-0.052776156,-0.262080846,0.027124866,0.799433659,-0.591587712,0.100965566,47353,103910.884382041,0.015982875,1,0.443946000,0.171663000,-0.237790000,0.016452753,-0.313051401,0.949564501,-0.007442198,1,0.418857308,-0.011553762,-0.281817348,0.016452753,-0.313051401,0.949564501,-0.007442198
16.351100084,103910.912730375,vr_world,47271,103910.908170625,0.004560208,1,0.293105000,-0.203686000,-0.203348000,0.027627889,0.799142334,-0.591765412,0.102087839,1,0.393652744,-0.052555547,-0.262281995,0.027627889,0.799142334,-0.591765412,0.102087839,47354,103910.908170625,0.004560208,1,0.444849000,0.172850000,-0.238532000,0.012916554,-0.312627471,0.949726871,-0.010774860,1,0.419364275,-0.010707986,-0.280878580,0.012916554,-0.312627471,0.949726871,-0.010774860
16.362738584,103910.924368875,vr_world,47271,103910.908170625,0.016198666,1,0.293105000,-0.203686000,-0.203348000,0.027627889,0.799142334,-0.591765412,0.102087839,1,0.393652744,-0.052555547,-0.262281995,0.027627889,0.799142334,-0.591765412,0.102087839,47354,103910.908170625,0.016198666,1,0.444849000,0.172850000,-0.238532000,0.012916554,-0.312627471,0.949726871,-0.010774860,1,0.419364275,-0.010707986,-0.280878580,0.012916554,-0.312627471,0.949726871,-0.010774860
16.374319417,103910.935949708,vr_world,47272,103910.932855666,0.003094792,1,0.292916000,-0.204155000,-0.203449000,0.027625295,0.799604121,-0.591128144,0.102164619,1,0.393226160,-0.052878244,-0.262412279,0.027625295,0.799604121,-0.591128144,0.102164619,47355,103910.932855666,0.003094792,1,0.445496000,0.173952000,-0.239029000,0.010394040,-0.323013692,0.946258721,-0.012188184,1,0.423852743,-0.010312569,-0.280433408,0.010394040,-0.323013692,0.946258721,-0.012188184
16.386656042,103910.948286333,vr_world,47272,103910.932855666,0.015431084,1,0.292916000,-0.204155000,-0.203449000,0.027625295,0.799604121,-0.591128144,0.102164619,1,0.393226160,-0.052878244,-0.262412279,0.027625295,0.799604121,-0.591128144,0.102164619,47355,103910.932855666,0.015431084,1,0.445496000,0.173952000,-0.239029000,0.010394040,-0.323013692,0.946258721,-0.012188184,1,0.423852743,-0.010312569,-0.280433408,0.010394040,-0.323013692,0.946258721,-0.012188184
16.399068750,103910.960699041,vr_world,47273,103910.956826458,0.003872958,1,0.292531000,-0.205245000,-0.204458000,0.021936579,0.803475503,-0.586484399,0.099909725,1,0.390975872,-0.052032457,-0.261536255,0.021936579,0.803475503,-0.586484399,0.099909725,47356,103910.956826458,0.003872958,1,0.446798000,0.174356000,-0.239149000,0.015538376,-0.324049217,0.945850145,-0.010870485,1,0.425965098,-0.009715982,-0.281807299,0.015538376,-0.324049217,0.945850145,-0.010870485
16.411485334,103910.973115625,vr_world,47273,103910.956826458,0.016289583,1,0.292531000,-0.205245000,-0.204458000,0.021936579,0.803475503,-0.586484399,0.099909725,1,0.390975872,-0.052032457,-0.261536255,0.021936579,0.803475503,-0.586484399,0.099909725,47356,103910.956826458,0.016289583,1,0.446798000,0.174356000,-0.239149000,0.015538376,-0.324049217,0.945850145,-0.010870485,1,0.425965098,-0.009715982,-0.281807299,0.015538376,-0.324049217,0.945850145,-0.010870485
16.423907584,103910.985537875,vr_world,47274,103910.981020791,0.004517417,1,0.292661000,-0.204714000,-0.204194000,0.023824374,0.802945799,-0.587364242,0.098558054,1,0.391240668,-0.051819207,-0.261888468,0.023824374,0.802945799,-0.587364242,0.098558054,47357,103910.981020791,0.004517417,1,0.447838000,0.173853000,-0.239087000,0.019298951,-0.320165396,0.947125464,-0.008661747,1,0.425778317,-0.009753695,-0.283111622,0.019298951,-0.320165396,0.947125464,-0.008661747
16.436308375,103910.997938666,vr_world,47274,103910.981020791,0.016918375,1,0.292661000,-0.204714000,-0.204194000,0.023824374,0.802945799,-0.587364242,0.098558054,1,0.391240668,-0.051819207,-0.261888468,0.023824374,0.802945799,-0.587364242,0.098558054,47357,103910.981020791,0.016918375,1,0.447838000,0.173853000,-0.239087000,0.019298951,-0.320165396,0.947125464,-0.008661747,1,0.425778317,-0.009753695,-0.283111622,0.019298951,-0.320165396,0.947125464,-0.008661747
16.448069584,103911.009699875,vr_world,47275,103911.004829166,0.004871250,1,0.293135000,-0.204633000,-0.204000000,0.024010621,0.802962280,-0.587548077,0.097274483,1,0.391640596,-0.051702979,-0.261728026,0.024010621,0.802962280,-0.587548077,0.097274483,47358,103911.004829166,0.004871250,1,0.448462000,0.171882000,-0.238001000,0.020146304,-0.310331972,0.950408614,-0.003414633,1,0.422568922,-0.010741499,-0.283984038,0.020146304,-0.310331972,0.950408614,-0.003414633
16.460470750,103911.022101041,vr_world,47275,103911.004829166,0.017272417,1,0.293135000,-0.204633000,-0.204000000,0.024010621,0.802962280,-0.587548077,0.097274483,1,0.391640596,-0.051702979,-0.261728026,0.024010621,0.802962280,-0.587548077,0.097274483,47358,103911.004829166,0.017272417,1,0.448462000,0.171882000,-0.238001000,0.020146304,-0.310331972,0.950408614,-0.003414633,1,0.422568922,-0.010741499,-0.283984038,0.020146304,-0.310331972,0.950408614,-0.003414633
16.472890209,103911.034520500,vr_world,47276,103911.028541333,0.005979750,1,0.293453000,-0.204446000,-0.203484000,0.026082893,0.804579383,-0.585760933,0.094105416,1,0.390852670,-0.051096022,-0.261969015,0.026082893,0.804579383,-0.585760933,0.094105416,47359,103911.028541333,0.005979750,1,0.447840000,0.169249000,-0.236474000,0.025153640,-0.304260520,0.952234797,0.006459283,1,0.419880906,-0.011981447,-0.286574460,0.025153640,-0.304260520,0.952234797,0.006459283
16.485281084,103911.046911375,vr_world,47276,103911.028541333,0.018370458,1,0.293453000,-0.204446000,-0.203484000,0.026082893,0.804579383,-0.585760933,0.094105416,1,0.390852670,-0.051096022,-0.261969015,0.026082893,0.804579383,-0.585760933,0.094105416,47359,103911.028541333,0.018370458,1,0.447840000,0.169249000,-0.236474000,0.025153640,-0.304260520,0.952234797,0.006459283,1,0.419880906,-0.011981447,-0.286574460,0.025153640,-0.304260520,0.952234797,0.006459283
16.497720750,103911.059351041,vr_world,47277,103911.053735875,0.005617458,1,0.293600000,-0.203979000,-0.203469000,0.025123865,0.807149100,-0.582196489,0.094479471,1,0.389685435,-0.049730312,-0.261764434,0.025123865,0.807149100,-0.582196489,0.094479471,47360,103911.053735875,0.005617458,1,0.445425000,0.165797000,-0.235308000,0.034539864,-0.308319646,0.950571939,0.012608867,1,0.419821549,-0.014778563,-0.288909767,0.034539864,-0.308319646,0.950571939,0.012608867
16.507756834,103911.069387125,vr_world,47277,103911.053735875,0.015657416,1,0.293600000,-0.203979000,-0.203469000,0.025123865,0.807149100,-0.582196489,0.094479471,1,0.389685435,-0.049730312,-0.261764434,0.025123865,0.807149100,-0.582196489,0.094479471,47360,103911.053735875,0.015657416,1,0.445425000,0.165797000,-0.235308000,0.034539864,-0.308319646,0.950571939,0.012608867,1,0.419821549,-0.014778563,-0.288909767,0.034539864,-0.308319646,0.950571939,0.012608867
16.520096417,103911.081726708,vr_world,47278,103911.078809458,0.002918500,1,0.293627000,-0.203987000,-0.203610000,0.025494483,0.807605076,-0.581384682,0.095477353,1,0.389492804,-0.049673798,-0.262096165,0.025494483,0.807605076,-0.581384682,0.095477353,47361,103911.078809458,0.002918500,1,0.444420000,0.163104000,-0.234520000,0.044896040,-0.308398105,0.950052164,0.016608453,1,0.419854663,-0.016712599,-0.291077202,0.044896040,-0.308398105,0.950052164,0.016608453
16.532495834,103911.094126125,vr_world,47278,103911.078809458,0.015317125,1,0.293627000,-0.203987000,-0.203610000,0.025494483,0.807605076,-0.581384682,0.095477353,1,0.389492804,-0.049673798,-0.262096165,0.025494483,0.807605076,-0.581384682,0.095477353,47361,103911.078809458,0.015317125,1,0.444420000,0.163104000,-0.234520000,0.044896040,-0.308398105,0.950052164,0.016608453,1,0.419854663,-0.016712599,-0.291077202,0.044896040,-0.308398105,0.950052164,0.016608453
16.542616542,103911.104246833,vr_world,47279,103911.102442791,0.001806917,1,0.293811000,-0.203575000,-0.203818000,0.024079377,0.808751491,-0.579491248,0.097627365,1,0.389219500,-0.048835727,-0.261924771,0.024079377,0.808751491,-0.579491248,0.097627365,47362,103911.102442791,0.001806917,1,0.443640000,0.159789000,-0.233031000,0.055152803,-0.309744547,0.948943972,0.022843435,1,0.420616888,-0.019054202,-0.293208076,0.055152803,-0.309744547,0.948943972,0.022843435
16.555036875,103911.116667166,vr_world,47279,103911.102442791,0.014225209,1,0.293811000,-0.203575000,-0.203818000,0.024079377,0.808751491,-0.579491248,0.097627365,1,0.389219500,-0.048835727,-0.261924771,0.024079377,0.808751491,-0.579491248,0.097627365,47362,103911.102442791,0.014225209,1,0.443640000,0.159789000,-0.233031000,0.055152803,-0.309744547,0.948943972,0.022843435,1,0.420616888,-0.019054202,-0.293208076,0.055152803,-0.309744547,0.948943972,0.022843435
16.567471125,103911.129101416,vr_world,47280,103911.127262708,0.001839208,1,0.293825000,-0.202999000,-0.203375000,0.027036820,0.804477637,-0.584461656,0.102417354,1,0.391601394,-0.050108893,-0.262432965,0.027036820,0.804477637,-0.584461656,0.102417354,47363,103911.127262708,0.001839208,1,0.442724000,0.157502000,-0.232128000,0.060329320,-0.312672151,0.947628344,0.024434019,1,0.421383249,-0.021118525,-0.293573065,0.060329320,-0.312672151,0.947628344,0.024434019
16.577826875,103911.139457166,vr_world,47280,103911.127262708,0.012198125,1,0.293825000,-0.202999000,-0.203375000,0.027036820,0.804477637,-0.584461656,0.102417354,1,0.391601394,-0.050108893,-0.262432965,0.027036820,0.804477637,-0.584461656,0.102417354,47363,103911.127262708,0.012198125,1,0.442724000,0.157502000,-0.232128000,0.060329320,-0.312672151,0.947628344,0.024434019,1,0.421383249,-0.021118525,-0.293573065,0.060329320,-0.312672151,0.947628344,0.024434019
16.588691834,103911.150322125,vr_world,47280,103911.127262708,0.023060042,1,0.293825000,-0.202999000,-0.203375000,0.027036820,0.804477637,-0.584461656,0.102417354,1,0.391601394,-0.050108893,-0.262432965,0.027036820,0.804477637,-0.584461656,0.102417354,47363,103911.127262708,0.023060042,1,0.442724000,0.157502000,-0.232128000,0.060329320,-0.312672151,0.947628344,0.024434019,1,0.421383249,-0.021118525,-0.293573065,0.060329320,-0.312672151,0.947628344,0.024434019
16.600840875,103911.162471166,vr_world,47281,103911.150971583,0.011500208,1,0.294842000,-0.203690000,-0.203006000,0.029175134,0.802492591,-0.587277483,0.101289737,1,0.393516245,-0.051620046,-0.262684726,0.029175134,0.802492591,-0.587277483,0.101289737,47364,103911.150971583,0.011500208,1,0.442724000,0.154880000,-0.231289000,0.063840490,-0.308550025,0.948704676,0.026090452,1,0.420202885,-0.023196483,-0.293880867,0.063840490,-0.308550025,0.948704676,0.026090452
16.613255459,103911.174885750,vr_world,47281,103911.150971583,0.023914750,1,0.294842000,-0.203690000,-0.203006000,0.029175134,0.802492591,-0.587277483,0.101289737,1,0.393516245,-0.051620046,-0.262684726,0.029175134,0.802492591,-0.587277483,0.101289737,47364,103911.150971583,0.023914750,1,0.442724000,0.154880000,-0.231289000,0.063840490,-0.308550025,0.948704676,0.026090452,1,0.420202885,-0.023196483,-0.293880867,0.063840490,-0.308550025,0.948704676,0.026090452
16.625659667,103911.187289958,vr_world,47282,103911.175395041,0.011895625,1,0.295694000,-0.205089000,-0.202963000,0.028658893,0.804191068,-0.585899963,0.095794713,1,0.393245436,-0.052204517,-0.262406169,0.028658893,0.804191068,-0.585899963,0.095794713,47365,103911.175395041,0.011895625,1,0.442934000,0.155003000,-0.230603000,0.064544984,-0.306957887,0.949148226,0.026989729,1,0.419880742,-0.022854540,-0.293622635,0.064544984,-0.306957887,0.949148226,0.026989729
16.638092084,103911.199722375,vr_world,47282,103911.175395041,0.024328000,1,0.295694000,-0.205089000,-0.202963000,0.028658893,0.804191068,-0.585899963,0.095794713,1,0.393245436,-0.052204517,-0.262406169,0.028658893,0.804191068,-0.585899963,0.095794713,47365,103911.175395041,0.024328000,1,0.442934000,0.155003000,-0.230603000,0.064544984,-0.306957887,0.949148226,0.026989729,1,0.419880742,-0.022854540,-0.293622635,0.064544984,-0.306957887,0.949148226,0.026989729
16.650525292,103911.212155583,vr_world,47283,103911.200312791,0.011843292,1,0.296417000,-0.206447000,-0.202970000,0.028866667,0.805905166,-0.584502294,0.089669654,1,0.392751529,-0.052790976,-0.262408583,0.028866667,0.805905166,-0.584502294,0.089669654,47366,103911.200312791,0.011843292,1,0.443855000,0.153671000,-0.228508000,0.069935130,-0.301319862,0.950480778,0.030028460,1,0.419280561,-0.023291734,-0.293442343,0.069935130,-0.301319862,0.950480778,0.030028460
16.661405875,103911.223036166,vr_world,47284,103911.223031458,0.000005292,1,0.296420000,-0.207355000,-0.203720000,0.026880127,0.804880902,-0.586681223,0.085143034,1,0.393188532,-0.053623992,-0.262252537,0.026880127,0.804880902,-0.586681223,0.085143034,47367,103911.223031458,0.000005292,1,0.444579000,0.153004000,-0.227271000,0.071498044,-0.292818592,0.952879163,0.034155562,1,0.416959836,-0.022864899,-0.293930663,0.071498044,-0.292818592,0.952879163,0.034155562
16.672069750,103911.233700041,vr_world,47284,103911.223031458,0.010668958,1,0.296420000,-0.207355000,-0.203720000,0.026880127,0.804880902,-0.586681223,0.085143034,1,0.393188532,-0.053623992,-0.262252537,0.026880127,0.804880902,-0.586681223,0.085143034,47367,103911.223031458,0.010668958,1,0.444579000,0.153004000,-0.227271000,0.071498044,-0.292818592,0.952879163,0.034155562,1,0.416959836,-0.022864899,-0.293930663,0.071498044,-0.292818592,0.952879163,0.034155562
16.684440459,103911.246070750,vr_world,47284,103911.223031458,0.023039708,1,0.296420000,-0.207355000,-0.203720000,0.026880127,0.804880902,-0.586681223,0.085143034,1,0.393188532,-0.053623992,-0.262252537,0.026880127,0.804880902,-0.586681223,0.085143034,47367,103911.223031458,0.023039708,1,0.444579000,0.153004000,-0.227271000,0.071498044,-0.292818592,0.952879163,0.034155562,1,0.416959836,-0.022864899,-0.293930663,0.071498044,-0.292818592,0.952879163,0.034155562
16.696891292,103911.258521583,vr_world,47285,103911.247678375,0.010845458,1,0.296265000,-0.207851000,-0.204300000,0.024842867,0.803325087,-0.589269174,0.082543786,1,0.393841661,-0.054293780,-0.261940190,0.024842867,0.803325087,-0.589269174,0.082543786,47368,103911.247678375,0.010845458,1,0.443906000,0.152448000,-0.226246000,0.077777883,-0.286477966,0.954236647,0.036240830,1,0.414688464,-0.022479407,-0.294678042,0.077777883,-0.286477966,0.954236647,0.036240830
16.707950084,103911.269580375,vr_world,47285,103911.247678375,0.021902791,1,0.296265000,-0.207851000,-0.204300000,0.024842867,0.803325087,-0.589269174,0.082543786,1,0.393841661,-0.054293780,-0.261940190,0.024842867,0.803325087,-0.589269174,0.082543786,47368,103911.247678375,0.021902791,1,0.443906000,0.152448000,-0.226246000,0.077777883,-0.286477966,0.954236647,0.036240830,1,0.414688464,-0.022479407,-0.294678042,0.077777883,-0.286477966,0.954236647,0.036240830
16.720073125,103911.281703416,vr_world,47286,103911.271500500,0.010203583,1,0.296153000,-0.208096000,-0.204406000,0.023098392,0.804780141,-0.587494995,0.081516994,1,0.392994991,-0.053854409,-0.261455036,0.023098392,0.804780141,-0.587494995,0.081516994,47369,103911.271500500,0.010203583,1,0.443068000,0.150844000,-0.226021000,0.086661241,-0.279067802,0.955600200,0.037937439,1,0.412240224,-0.022972072,-0.296546395,0.086661241,-0.279067802,0.955600200,0.037937439
16.732496167,103911.294126458,vr_world,47286,103911.271500500,0.022626375,1,0.296153000,-0.208096000,-0.204406000,0.023098392,0.804780141,-0.587494995,0.081516994,1,0.392994991,-0.053854409,-0.261455036,0.023098392,0.804780141,-0.587494995,0.081516994,47369,103911.271500500,0.022626375,1,0.443068000,0.150844000,-0.226021000,0.086661241,-0.279067802,0.955600200,0.037937439,1,0.412240224,-0.022972072,-0.296546395,0.086661241,-0.279067802,0.955600200,0.037937439
16.744895584,103911.306525875,vr_world,47287,103911.295035500,0.011492250,1,0.295796000,-0.207444000,-0.204055000,0.024138628,0.804971882,-0.586996347,0.082902861,1,0.392550485,-0.053306257,-0.261532187,0.024138628,0.804971882,-0.586996347,0.082902861,47370,103911.295035500,0.011492250,1,0.441200000,0.148958000,-0.224949000,0.102254478,-0.273938682,0.955300488,0.043618790,1,0.410583335,-0.023067281,-0.299823111,0.102254478,-0.273938682,0.955300488,0.043618790
16.756710584,103911.318340875,vr_world,47287,103911.295035500,0.023306125,1,0.295796000,-0.207444000,-0.204055000,0.024138628,0.804971882,-0.586996347,0.082902861,1,0.392550485,-0.053306257,-0.261532187,0.024138628,0.804971882,-0.586996347,0.082902861,47370,103911.295035500,0.023306125,1,0.441200000,0.148958000,-0.224949000,0.102254478,-0.273938682,0.955300488,0.043618790,1,0.410583335,-0.023067281,-0.299823111,0.102254478,-0.273938682,0.955300488,0.043618790
16.769139542,103911.330769833,vr_world,47288,103911.319869958,0.010900500,1,0.294932000,-0.206581000,-0.204033000,0.025235444,0.804167611,-0.587521528,0.086579905,1,0.392238927,-0.052965720,-0.261973764,0.025235444,0.804167611,-0.587521528,0.086579905,47371,103911.319869958,0.010900500,1,0.439660000,0.149533000,-0.221364000,0.119535041,-0.268229076,0.954876743,0.044440335,1,0.409441150,-0.021191187,-0.299314658,0.119535041,-0.268229076,0.954876743,0.044440335
16.781559000,103911.343189291,vr_world,47288,103911.319869958,0.023319792,1,0.294932000,-0.206581000,-0.204033000,0.025235444,0.804167611,-0.587521528,0.086579905,1,0.392238927,-0.052965720,-0.261973764,0.025235444,0.804167611,-0.587521528,0.086579905,47371,103911.319869958,0.023319792,1,0.439660000,0.149533000,-0.221364000,0.119535041,-0.268229076,0.954876743,0.044440335,1,0.409441150,-0.021191187,-0.299314658,0.119535041,-0.268229076,0.954876743,0.044440335
16.791707209,103911.353337500,vr_world,47289,103911.344056583,0.009281292,1,0.293291000,-0.206056000,-0.203062000,0.029737476,0.801316912,-0.589758984,0.095870902,1,0.392310033,-0.054206842,-0.262731900,0.029737476,0.801316912,-0.589758984,0.095870902,47372,103911.344056583,0.009281292,1,0.436003000,0.146381000,-0.219922000,0.130705354,-0.272592019,0.952415095,0.038925434,1,0.409007266,-0.024970835,-0.297678028,0.130705354,-0.272592019,0.952415095,0.038925434
16.804110834,103911.365741125,vr_world,47289,103911.344056583,0.021685000,1,0.293291000,-0.206056000,-0.203062000,0.029737476,0.801316912,-0.589758984,0.095870902,1,0.392310033,-0.054206842,-0.262731900,0.029737476,0.801316912,-0.589758984,0.095870902,47372,103911.344056583,0.021685000,1,0.436003000,0.146381000,-0.219922000,0.130705354,-0.272592019,0.952415095,0.038925434,1,0.409007266,-0.024970835,-0.297678028,0.130705354,-0.272592019,0.952415095,0.038925434
16.816488084,103911.378118375,vr_world,47290,103911.367998416,0.010120584,1,0.293158000,-0.205537000,-0.203227000,0.027652161,0.801124497,-0.589882062,0.097334741,1,0.392455238,-0.053585119,-0.262168688,0.027652161,0.801124497,-0.589882062,0.097334741,47373,103911.367998416,0.010120584,1,0.434228000,0.148065000,-0.217949000,0.145073639,-0.272534597,0.950338138,0.039191283,1,0.409416864,-0.022614643,-0.297880875,0.145073639,-0.272534597,0.950338138,0.039191283
16.826745375,103911.388375666,vr_world,47290,103911.367998416,0.020377584,1,0.293158000,-0.205537000,-0.203227000,0.027652161,0.801124497,-0.589882062,0.097334741,1,0.392455238,-0.053585119,-0.262168688,0.027652161,0.801124497,-0.589882062,0.097334741,47373,103911.367998416,0.020377584,1,0.434228000,0.148065000,-0.217949000,0.145073639,-0.272534597,0.950338138,0.039191283,1,0.409416864,-0.022614643,-0.297880875,0.145073639,-0.272534597,0.950338138,0.039191283
16.838555334,103911.400185625,vr_world,47291,103911.391860583,0.008325458,1,0.292095000,-0.204633000,-0.203592000,0.027607049,0.802309680,-0.587775288,0.100285789,1,0.390901670,-0.052412802,-0.262665423,0.027607049,0.802309680,-0.587775288,0.100285789,47374,103911.391860583,0.008325458,1,0.428257000,0.146778000,-0.214684000,0.181672080,-0.273374052,0.943779930,0.039259727,1,0.409738228,-0.022273281,-0.299624860,0.181672080,-0.273374052,0.943779930,0.039259727
16.850933875,103911.412564166,vr_world,47291,103911.391860583,0.020704000,1,0.292095000,-0.204633000,-0.203592000,0.027607049,0.802309680,-0.587775288,0.100285789,1,0.390901670,-0.052412802,-0.262665423,0.027607049,0.802309680,-0.587775288,0.100285789,47374,103911.391860583,0.020704000,1,0.428257000,0.146778000,-0.214684000,0.181672080,-0.273374052,0.943779930,0.039259727,1,0.409738228,-0.022273281,-0.299624860,0.181672080,-0.273374052,0.943779930,0.039259727
16.861405417,103911.423035708,vr_world,47292,103911.415884291,0.007151959,1,0.290177000,-0.203295000,-0.204186000,0.025738113,0.799872203,-0.589650795,0.108875837,1,0.390720451,-0.051978712,-0.262648154,0.025738113,0.799872203,-0.589650795,0.108875837,47375,103911.415884291,0.007151959,1,0.422472000,0.147136000,-0.214456000,0.217493350,-0.275255849,0.936182701,0.022199354,1,0.410482401,-0.022969372,-0.298459765,0.217493350,-0.275255849,0.936182701,0.022199354
16.873797917,103911.435428208,vr_world,47292,103911.415884291,0.019544417,1,0.290177000,-0.203295000,-0.204186000,0.025738113,0.799872203,-0.589650795,0.108875837,1,0.390720451,-0.051978712,-0.262648154,0.025738113,0.799872203,-0.589650795,0.108875837,47375,103911.415884291,0.019544417,1,0.422472000,0.147136000,-0.214456000,0.217493350,-0.275255849,0.936182701,0.022199354,1,0.410482401,-0.022969372,-0.298459765,0.217493350,-0.275255849,0.936182701,0.022199354
16.886247917,103911.447878208,vr_world,47293,103911.440424083,0.007456458,1,0.287922000,-0.202259000,-0.204771000,0.025187873,0.796722624,-0.590915133,0.124168986,1,0.390704245,-0.052429600,-0.263169747,0.025187873,0.796722624,-0.590915133,0.124168986,47376,103911.440424083,0.007456458,1,0.416573000,0.147303000,-0.213615000,0.255447954,-0.275372379,0.926651418,0.015282173,1,0.411440506,-0.022101223,-0.299708567,0.255447954,-0.275372379,0.926651418,0.015282173
16.898665917,103911.460296208,vr_world,47293,103911.440424083,0.019872833,1,0.287922000,-0.202259000,-0.204771000,0.025187873,0.796722624,-0.590915133,0.124168986,1,0.390704245,-0.052429600,-0.263169747,0.025187873,0.796722624,-0.590915133,0.124168986,47376,103911.440424083,0.019872833,1,0.416573000,0.147303000,-0.213615000,0.255447954,-0.275372379,0.926651418,0.015282173,1,0.411440506,-0.022101223,-0.299708567,0.255447954,-0.275372379,0.926651418,0.015282173
16.909406834,103911.471037125,vr_world,47294,103911.463867875,0.007169958,1,0.285955000,-0.201628000,-0.205743000,0.021529528,0.795942036,-0.589588682,0.135639008,1,0.389650794,-0.051990501,-0.263007443,0.021529528,0.795942036,-0.589588682,0.135639008,47377,103911.463867875,0.007169958,1,0.412384000,0.148037000,-0.215999000,0.276444228,-0.274824068,0.920896457,0.000188132,1,0.410452075,-0.022699008,-0.299555322,0.276444228,-0.274824068,0.920896457,0.000188132
16.921831459,103911.483461750,vr_world,47294,103911.463867875,0.019594125,1,0.285955000,-0.201628000,-0.205743000,0.021529528,0.795942036,-0.589588682,0.135639008,1,0.389650794,-0.051990501,-0.263007443,0.021529528,0.795942036,-0.589588682,0.135639008,47377,103911.463867875,0.019594125,1,0.412384000,0.148037000,-0.215999000,0.276444228,-0.274824068,0.920896457,0.000188132,1,0.410452075,-0.022699008,-0.299555322,0.276444228,-0.274824068,0.920896457,0.000188132
16.954500167,103911.516130458,vr_world,47295,103911.488050750,0.028087833,1,0.281121000,-0.199823000,-0.207397000,0.018759318,0.793578878,-0.586946951,0.159291963,1,0.386700476,-0.051234853,-0.263947688,0.018759318,0.793578878,-0.586946951,0.159291963,47378,103911.488050750,0.028087833,1,0.404749000,0.149679000,-0.220018000,0.318847574,-0.277751871,0.905849116,-0.025049981,1,0.410930732,-0.023076318,-0.299097811,0.318847574,-0.277751871,0.905849116,-0.025049981
16.972036167,103911.533666458,vr_world,47295,103911.488050750,0.045616791,1,0.281121000,-0.199823000,-0.207397000,0.018759318,0.793578878,-0.586946951,0.159291963,1,0.386700476,-0.051234853,-0.263947688,0.018759318,0.793578878,-0.586946951,0.159291963,47378,103911.488050750,0.045616791,1,0.404749000,0.149679000,-0.220018000,0.318847574,-0.277751871,0.905849116,-0.025049981,1,0.410930732,-0.023076318,-0.299097811,0.318847574,-0.277751871,0.905849116,-0.025049981
16.984423667,103911.546053958,vr_world,47297,103911.540708791,0.005346542,1,0.271652000,-0.195730000,-0.210918000,0.009887365,0.790276467,-0.575291843,0.210724089,1,0.379488286,-0.047848470,-0.265008885,0.009887365,0.790276467,-0.575291843,0.210724089,47380,103911.540708791,0.005346542,1,0.396963000,0.152117000,-0.225479000,0.369888512,-0.268924405,0.887573062,-0.055463616,1,0.408522927,-0.022531458,-0.299644448,0.369888512,-0.268924405,0.887573062,-0.055463616
16.996285917,103911.557916208,vr_world,47297,103911.540708791,0.017208334,1,0.271652000,-0.195730000,-0.210918000,0.009887365,0.790276467,-0.575291843,0.210724089,1,0.379488286,-0.047848470,-0.265008885,0.009887365,0.790276467,-0.575291843,0.210724089,47380,103911.540708791,0.017208334,1,0.396963000,0.152117000,-0.225479000,0.369888512,-0.268924405,0.887573062,-0.055463616,1,0.408522927,-0.022531458,-0.299644448,0.369888512,-0.268924405,0.887573062,-0.055463616
17.007120417,103911.568750708,vr_world,47298,103911.561617916,0.007134542,1,0.265015000,-0.192188000,-0.212532000,0.009047319,0.783464042,-0.571039521,0.244981850,1,0.375984309,-0.046472428,-0.266162440,0.009047319,0.783464042,-0.571039521,0.244981850,47381,103911.561617916,0.007134542,1,0.391939000,0.153621000,-0.227558000,0.394910880,-0.265135352,0.876968315,-0.068375548,1,0.406493937,-0.021702245,-0.299572742,0.394910880,-0.265135352,0.876968315,-0.068375548
17.018741167,103911.580371458,vr_world,47298,103911.561617916,0.018754750,1,0.265015000,-0.192188000,-0.212532000,0.009047319,0.783464042,-0.571039521,0.244981850,1,0.375984309,-0.046472428,-0.266162440,0.009047319,0.783464042,-0.571039521,0.244981850,47381,103911.561617916,0.018754750,1,0.391939000,0.153621000,-0.227558000,0.394910880,-0.265135352,0.876968315,-0.068375548,1,0.406493937,-0.021702245,-0.299572742,0.394910880,-0.265135352,0.876968315,-0.068375548
17.030716334,103911.592346625,vr_world,47299,103911.584153958,0.008193333,1,0.257891000,-0.187657000,-0.214573000,0.012073991,0.776172510,-0.561755287,0.286079451,1,0.371551191,-0.044376583,-0.269121307,0.012073991,0.776172510,-0.561755287,0.286079451,47382,103911.584153958,0.008193333,1,0.387223000,0.154852000,-0.229710000,0.419060615,-0.259994785,0.866433551,-0.077998810,1,0.404458292,-0.020698046,-0.300571540,0.419060615,-0.259994785,0.866433551,-0.077998810
17.043086375,103911.604716666,vr_world,47299,103911.584153958,0.020563208,1,0.257891000,-0.187657000,-0.214573000,0.012073991,0.776172510,-0.561755287,0.286079451,1,0.371551191,-0.044376583,-0.269121307,0.012073991,0.776172510,-0.561755287,0.286079451,47382,103911.584153958,0.020563208,1,0.387223000,0.154852000,-0.229710000,0.419060615,-0.259994785,0.866433551,-0.077998810,1,0.404458292,-0.020698046,-0.300571540,0.419060615,-0.259994785,0.866433551,-0.077998810
17.054473917,103911.616104208,vr_world,47300,103911.608955291,0.007149750,1,0.251380000,-0.181850000,-0.216697000,0.013888429,0.762703262,-0.556193060,0.329757678,1,0.369937332,-0.042329005,-0.270562737,0.013888429,0.762703262,-0.556193060,0.329757678,47383,103911.608955291,0.007149750,1,0.382224000,0.153896000,-0.233467000,0.439755832,-0.265545541,0.853465507,-0.087732558,1,0.404997470,-0.022310376,-0.301060683,0.439755832,-0.265545541,0.853465507,-0.087732558
17.066736917,103911.628367208,vr_world,47300,103911.608955291,0.019412625,1,0.251380000,-0.181850000,-0.216697000,0.013888429,0.762703262,-0.556193060,0.329757678,1,0.369937332,-0.042329005,-0.270562737,0.013888429,0.762703262,-0.556193060,0.329757678,47383,103911.608955291,0.019412625,1,0.382224000,0.153896000,-0.233467000,0.439755832,-0.265545541,0.853465507,-0.087732558,1,0.404997470,-0.022310376,-0.301060683,0.439755832,-0.265545541,0.853465507,-0.087732558
17.077447959,103911.639078250,vr_world,47301,103911.633637000,0.005441750,1,0.247418000,-0.177068000,-0.217007000,0.024066947,0.754562075,-0.555745038,0.348144095,1,0.369197867,-0.041309047,-0.273243760,0.024066947,0.754562075,-0.555745038,0.348144095,47384,103911.633637000,0.005441750,1,0.379024000,0.154715000,-0.233723000,0.448330416,-0.271882065,0.847575218,-0.081830495,1,0.406484220,-0.020426555,-0.302334883,0.448330416,-0.271882065,0.847575218,-0.081830495
17.088092042,103911.649722333,vr_world,47301,103911.633637000,0.016087291,1,0.247418000,-0.177068000,-0.217007000,0.024066947,0.754562075,-0.555745038,0.348144095,1,0.369197867,-0.041309047,-0.273243760,0.024066947,0.754562075,-0.555745038,0.348144095,47384,103911.633637000,0.016087291,1,0.379024000,0.154715000,-0.233723000,0.448330416,-0.271882065,0.847575218,-0.081830495,1,0.406484220,-0.020426555,-0.302334883,0.448330416,-0.271882065,0.847575218,-0.081830495
17.100503792,103911.662134083,vr_world,47302,103911.657919291,0.004215375,1,0.241030000,-0.170925000,-0.218706000,0.033771191,0.742489417,-0.547638816,0.384266444,1,0.366597132,-0.039421713,-0.276699108,0.033771191,0.742489417,-0.547638816,0.384266444,47385,103911.657919291,0.004215375,1,0.375070000,0.155618000,-0.234928000,0.471237334,-0.272408245,0.834224067,-0.088313809,1,0.407269978,-0.019422509,-0.301712589,0.471237334,-0.272408245,0.834224067,-0.088313809
17.111219584,103911.672849875,vr_world,47302,103911.657919291,0.014931667,1,0.241030000,-0.170925000,-0.218706000,0.033771191,0.742489417,-0.547638816,0.384266444,1,0.366597132,-0.039421713,-0.276699108,0.033771191,0.742489417,-0.547638816,0.384266444,47385,103911.657919291,0.014931667,1,0.375070000,0.155618000,-0.234928000,0.471237334,-0.272408245,0.834224067,-0.088313809,1,0.407269978,-0.019422509,-0.301712589,0.471237334,-0.272408245,0.834224067,-0.088313809
17.122741500,103911.684371791,vr_world,47303,103911.680246541,0.004125792,1,0.235914000,-0.164960000,-0.220163000,0.040807701,0.730174386,-0.540365559,0.416155213,1,0.365085869,-0.037233140,-0.278677525,0.040807701,0.730174386,-0.540365559,0.416155213,47386,103911.680246541,0.004125792,1,0.371560000,0.155939000,-0.234740000,0.484848119,-0.273231883,0.825796726,-0.091249148,1,0.406867946,-0.018895681,-0.300485227,0.484848119,-0.273231883,0.825796726,-0.091249148
17.135148542,103911.696778833,vr_world,47303,103911.680246541,0.016532792,1,0.235914000,-0.164960000,-0.220163000,0.040807701,0.730174386,-0.540365559,0.416155213,1,0.365085869,-0.037233140,-0.278677525,0.040807701,0.730174386,-0.540365559,0.416155213,47386,103911.680246541,0.016532792,1,0.371560000,0.155939000,-0.234740000,0.484848119,-0.273231883,0.825796726,-0.091249148,1,0.406867946,-0.018895681,-0.300485227,0.484848119,-0.273231883,0.825796726,-0.091249148
17.147529875,103911.709160166,vr_world,47304,103911.706884250,0.002276250,1,0.232122000,-0.157453000,-0.220888000,0.053541072,0.716613306,-0.537312375,0.441468159,1,0.365670510,-0.035133749,-0.281106403,0.053541072,0.716613306,-0.537312375,0.441468159,47387,103911.706884250,0.002276250,1,0.369345000,0.155685000,-0.233719000,0.484116001,-0.278232827,0.825356456,-0.083695357,1,0.407001187,-0.018102087,-0.300922238,0.484116001,-0.278232827,0.825356456,-0.083695357
17.159956875,103911.721587166,vr_world,47304,103911.706884250,0.014705208,1,0.232122000,-0.157453000,-0.220888000,0.053541072,0.716613306,-0.537312375,0.441468159,1,0.365670510,-0.035133749,-0.281106403,0.053541072,0.716613306,-0.537312375,0.441468159,47387,103911.706884250,0.014705208,1,0.369345000,0.155685000,-0.233719000,0.484116001,-0.278232827,0.825356456,-0.083695357,1,0.407001187,-0.018102087,-0.300922238,0.484116001,-0.278232827,0.825356456,-0.083695357
17.172372042,103911.734002333,vr_world,47305,103911.732826625,0.001176166,1,0.231025000,-0.155305000,-0.220570000,0.060271241,0.712756817,-0.536813373,0.447410886,1,0.365915003,-0.035187102,-0.282212923,0.060271241,0.712756817,-0.536813373,0.447410886,47388,103911.732826625,0.001176166,1,0.370710000,0.156506000,-0.233552000,0.473621167,-0.286463538,0.829172843,-0.078064254,1,0.409278681,-0.016964283,-0.301055377,0.473621167,-0.286463538,0.829172843,-0.078064254
17.184814042,103911.746444333,vr_world,47305,103911.732826625,0.013618208,1,0.231025000,-0.155305000,-0.220570000,0.060271241,0.712756817,-0.536813373,0.447410886,1,0.365915003,-0.035187102,-0.282212923,0.060271241,0.712756817,-0.536813373,0.447410886,47388,103911.732826625,0.013618208,1,0.370710000,0.156506000,-0.233552000,0.473621167,-0.286463538,0.829172843,-0.078064254,1,0.409278681,-0.016964283,-0.301055377,0.473621167,-0.286463538,0.829172843,-0.078064254
17.197253292,103911.758883583,vr_world,47306,103911.752814250,0.006069708,1,0.229224000,-0.151112000,-0.219397000,0.068173823,0.709777440,-0.529931166,0.459065654,1,0.364626914,-0.032768393,-0.283305548,0.068173823,0.709777440,-0.529931166,0.459065654,47389,103911.752814250,0.006069708,1,0.374630000,0.159271000,-0.230433000,0.450537231,-0.289140694,0.841433702,-0.073506378,1,0.409277146,-0.014695185,-0.298781734,0.450537231,-0.289140694,0.841433702,-0.073506378
17.209675125,103911.771305416,vr_world,47306,103911.752814250,0.018493666,1,0.229224000,-0.151112000,-0.219397000,0.068173823,0.709777440,-0.529931166,0.459065654,1,0.364626914,-0.032768393,-0.283305548,0.068173823,0.709777440,-0.529931166,0.459065654,47389,103911.752814250,0.018493666,1,0.374630000,0.159271000,-0.230433000,0.450537231,-0.289140694,0.841433702,-0.073506378,1,0.409277146,-0.014695185,-0.298781734,0.450537231,-0.289140694,0.841433702,-0.073506378
17.220911750,103911.782542041,vr_world,47307,103911.775907000,0.006640458,1,0.227153000,-0.148301000,-0.218241000,0.074372203,0.708736113,-0.524479219,0.465922146,1,0.362553767,-0.031080564,-0.284190973,0.074372203,0.708736113,-0.524479219,0.465922146,47390,103911.775907000,0.006640458,1,0.381899000,0.163589000,-0.226804000,0.407504318,-0.281890735,0.865913546,-0.068348915,1,0.404965420,-0.011608184,-0.296876063,0.407504318,-0.281890735,0.865913546,-0.068348915
17.233187875,103911.794818166,vr_world,47307,103911.775907000,0.018916291,1,0.227153000,-0.148301000,-0.218241000,0.074372203,0.708736113,-0.524479219,0.465922146,1,0.362553767,-0.031080564,-0.284190973,0.074372203,0.708736113,-0.524479219,0.465922146,47390,103911.775907000,0.018916291,1,0.381899000,0.163589000,-0.226804000,0.407504318,-0.281890735,0.865913546,-0.068348915,1,0.404965420,-0.011608184,-0.296876063,0.407504318,-0.281890735,0.865913546,-0.068348915
17.245418792,103911.807049083,vr_world,47308,103911.798599291,0.008455459,1,0.227595000,-0.148252000,-0.218336000,0.071724020,0.714018017,-0.518987531,0.464419938,1,0.360816728,-0.028874154,-0.284851687,0.071724020,0.714018017,-0.518987531,0.464419938,47391,103911.798599291,0.008455459,1,0.387878000,0.167979000,-0.225037000,0.370150765,-0.277915201,0.884149426,-0.063492876,1,0.401979678,-0.008044930,-0.295414017,0.370150765,-0.277915201,0.884149426,-0.063492876
17.257810500,103911.819440791,vr_world,47308,103911.798599291,0.020843167,1,0.227595000,-0.148252000,-0.218336000,0.071724020,0.714018017,-0.518987531,0.464419938,1,0.360816728,-0.028874154,-0.284851687,0.071724020,0.714018017,-0.518987531,0.464419938,47391,103911.798599291,0.020843167,1,0.387878000,0.167979000,-0.225037000,0.370150765,-0.277915201,0.884149426,-0.063492876,1,0.401979678,-0.008044930,-0.295414017,0.370150765,-0.277915201,0.884149426,-0.063492876
17.269409917,103911.831040208,vr_world,47309,103911.821192833,0.009848667,1,0.226246000,-0.146158000,-0.218431000,0.079348037,0.708001131,-0.518210332,0.473176859,1,0.361436054,-0.029698382,-0.286138153,0.079348037,0.708001131,-0.518210332,0.473176859,47392,103911.821192833,0.009848667,1,0.396289000,0.175837000,-0.224524000,0.313951679,-0.270823385,0.907113238,-0.072350608,1,0.396000503,-0.003069230,-0.288778933,0.313951679,-0.270823385,0.907113238,-0.072350608
17.280075875,103911.841706166,vr_world,47309,103911.821192833,0.020514625,1,0.226246000,-0.146158000,-0.218431000,0.079348037,0.708001131,-0.518210332,0.473176859,1,0.361436054,-0.029698382,-0.286138153,0.079348037,0.708001131,-0.518210332,0.473176859,47392,103911.821192833,0.020514625,1,0.396289000,0.175837000,-0.224524000,0.313951679,-0.270823385,0.907113238,-0.072350608,1,0.396000503,-0.003069230,-0.288778933,0.313951679,-0.270823385,0.907113238,-0.072350608
17.291284917,103911.852915208,vr_world,47310,103911.843486291,0.009430292,1,0.225129000,-0.144719000,-0.218765000,0.087692846,0.700750162,-0.518929817,0.481633699,1,0.362752984,-0.031754125,-0.287481636,0.087692846,0.700750162,-0.518929817,0.481633699,47393,103911.843486291,0.009430292,1,0.404282000,0.182163000,-0.223633000,0.263421574,-0.263760538,0.924139279,-0.083702120,1,0.391673341,0.001014498,-0.279869085,0.263421574,-0.263760538,0.924139279,-0.083702120
17.303634000,103911.865264291,vr_world,47310,103911.843486291,0.021779084,1,0.225129000,-0.144719000,-0.218765000,0.087692846,0.700750162,-0.518929817,0.481633699,1,0.362752984,-0.031754125,-0.287481636,0.087692846,0.700750162,-0.518929817,0.481633699,47393,103911.843486291,0.021779084,1,0.404282000,0.182163000,-0.223633000,0.263421574,-0.263760538,0.924139279,-0.083702120,1,0.391673341,0.001014498,-0.279869085,0.263421574,-0.263760538,0.924139279,-0.083702120
17.315416875,103911.877047166,vr_world,47311,103911.865863750,0.011186125,1,0.225143000,-0.145059000,-0.219063000,0.086444712,0.698388668,-0.520120542,0.483999175,1,0.363533302,-0.032437493,-0.286797444,0.086444712,0.698388668,-0.520120542,0.483999175,47394,103911.865863750,0.011186125,1,0.407761000,0.184936000,-0.224351000,0.246759824,-0.261694084,0.928803916,-0.089157620,1,0.391347804,0.003034555,-0.277064213,0.246759824,-0.261694084,0.928803916,-0.089157620
17.327793417,103911.889423708,vr_world,47312,103911.888579666,0.000845750,1,0.224845000,-0.145337000,-0.218506000,0.088812608,0.698217346,-0.520441840,0.483471974,1,0.363370590,-0.033301000,-0.286931235,0.088812608,0.698217346,-0.520441840,0.483471974,47395,103911.888579666,0.000845750,1,0.411545000,0.189355000,-0.223950000,0.222358546,-0.264086394,0.934322078,-0.088641462,1,0.392173005,0.006884135,-0.273602116,0.222358546,-0.264086394,0.934322078,-0.088641462
17.340191959,103911.901822250,vr_world,47312,103911.888579666,0.013245375,1,0.224845000,-0.145337000,-0.218506000,0.088812608,0.698217346,-0.520441840,0.483471974,1,0.363370590,-0.033301000,-0.286931235,0.088812608,0.698217346,-0.520441840,0.483471974,47395,103911.888579666,0.013245375,1,0.411545000,0.189355000,-0.223950000,0.222358546,-0.264086394,0.934322078,-0.088641462,1,0.392173005,0.006884135,-0.273602116,0.222358546,-0.264086394,0.934322078,-0.088641462
17.352083334,103911.913713625,vr_world,47313,103911.911627916,0.002092042,1,0.225487000,-0.145963000,-0.218577000,0.084109639,0.702701960,-0.520547220,0.477667370,1,0.362590693,-0.031898329,-0.286512628,0.084109639,0.702701960,-0.520547220,0.477667370,47396,103911.911627916,0.002092042,1,0.412610000,0.190993000,-0.223700000,0.225943114,-0.255396967,0.936082895,-0.086434433,1,0.390725471,0.009359222,-0.275337807,0.225943114,-0.255396967,0.936082895,-0.086434433
17.362814250,103911.924444541,vr_world,47313,103911.911627916,0.012820417,1,0.225487000,-0.145963000,-0.218577000,0.084109639,0.702701960,-0.520547220,0.477667370,1,0.362590693,-0.031898329,-0.286512628,0.084109639,0.702701960,-0.520547220,0.477667370,47396,103911.911627916,0.012820417,1,0.412610000,0.190993000,-0.223700000,0.225943114,-0.255396967,0.936082895,-0.086434433,1,0.390725471,0.009359222,-0.275337807,0.225943114,-0.255396967,0.936082895,-0.086434433
17.373625792,103911.935256083,vr_world,47314,103911.934084916,0.001174875,1,0.226105000,-0.146998000,-0.217289000,0.084584004,0.706230041,-0.520515721,0.472385500,1,0.362164528,-0.032239728,-0.286149608,0.084584004,0.706230041,-0.520515721,0.472385500,47397,103911.934084916,0.001174875,1,0.412817000,0.193107000,-0.224531000,0.225789864,-0.246547400,0.937755882,-0.094059671,1,0.387359283,0.011456781,-0.274443931,0.225789864,-0.246547400,0.937755882,-0.094059671
17.384590375,103911.946220666,vr_world,47314,103911.934084916,0.012139250,1,0.226105000,-0.146998000,-0.217289000,0.084584004,0.706230041,-0.520515721,0.472385500,1,0.362164528,-0.032239728,-0.286149608,0.084584004,0.706230041,-0.520515721,0.472385500,47397,103911.934084916,0.012139250,1,0.412817000,0.193107000,-0.224531000,0.225789864,-0.246547400,0.937755882,-0.094059671,1,0.387359283,0.011456781,-0.274443931,0.225789864,-0.246547400,0.937755882,-0.094059671
17.394820125,103911.956450416,vr_world,47314,103911.934084916,0.022370334,1,0.226105000,-0.146998000,-0.217289000,0.084584004,0.706230041,-0.520515721,0.472385500,1,0.362164528,-0.032239728,-0.286149608,0.084584004,0.706230041,-0.520515721,0.472385500,47397,103911.934084916,0.022370334,1,0.412817000,0.193107000,-0.224531000,0.225789864,-0.246547400,0.937755882,-0.094059671,1,0.387359283,0.011456781,-0.274443931,0.225789864,-0.246547400,0.937755882,-0.094059671
17.406920792,103911.968551083,vr_world,47315,103911.957204750,0.011351916,1,0.226303000,-0.147474000,-0.216795000,0.084483131,0.708602848,-0.520315681,0.469058842,1,0.361624833,-0.032141833,-0.286148656,0.084483131,0.708602848,-0.520315681,0.469058842,47398,103911.957204750,0.011351916,1,0.407954000,0.192368000,-0.225624000,0.240800323,-0.262706255,0.929154753,-0.098346702,1,0.390493469,0.009485242,-0.274462958,0.240800323,-0.262706255,0.929154753,-0.098346702
17.423111459,103911.984741750,vr_world,47316,103911.979829458,0.004913458,1,0.226370000,-0.147701000,-0.216603000,0.083419767,0.709241165,-0.519487463,0.469202396,1,0.361400965,-0.031934376,-0.285799763,0.083419767,0.709241165,-0.519487463,0.469202396,47399,103911.979829458,0.004913458,1,0.404610000,0.189162000,-0.225308000,0.267718615,-0.262290791,0.922515120,-0.092174494,1,0.391729665,0.007374031,-0.279377004,0.267718615,-0.262290791,0.922515120,-0.092174494
17.434743042,103911.996373333,vr_world,47316,103911.979829458,0.016545167,1,0.226370000,-0.147701000,-0.216603000,0.083419767,0.709241165,-0.519487463,0.469202396,1,0.361400965,-0.031934376,-0.285799763,0.083419767,0.709241165,-0.519487463,0.469202396,47399,103911.979829458,0.016545167,1,0.404610000,0.189162000,-0.225308000,0.267718615,-0.262290791,0.922515120,-0.092174494,1,0.391729665,0.007374031,-0.279377004,0.267718615,-0.262290791,0.922515120,-0.092174494
17.447094959,103912.008725250,vr_world,47317,103912.001961000,0.006764916,1,0.226528000,-0.147396000,-0.216532000,0.084071103,0.709147007,-0.519171802,0.469577696,1,0.361574462,-0.031769106,-0.285931498,0.084071103,0.709147007,-0.519171802,0.469577696,47400,103912.001961000,0.006764916,1,0.398760000,0.184926000,-0.224842000,0.299839977,-0.262310089,0.913871782,-0.078280086,1,0.392408648,0.005339724,-0.286847244,0.299839977,-0.262310089,0.913871782,-0.078280086
17.457949125,103912.019579416,vr_world,47317,103912.001961000,0.017619125,1,0.226528000,-0.147396000,-0.216532000,0.084071103,0.709147007,-0.519171802,0.469577696,1,0.361574462,-0.031769106,-0.285931498,0.084071103,0.709147007,-0.519171802,0.469577696,47400,103912.001961000,0.017619125,1,0.398760000,0.184926000,-0.224842000,0.299839977,-0.262310089,0.913871782,-0.078280086,1,0.392408648,0.005339724,-0.286847244,0.299839977,-0.262310089,0.913871782,-0.078280086
17.470243542,103912.031873833,vr_world,47318,103912.025359958,0.006514458,1,0.226603000,-0.147150000,-0.216411000,0.084558717,0.708850537,-0.519490615,0.469585179,1,0.361778706,-0.031718589,-0.285884602,0.084558717,0.708850537,-0.519490615,0.469585179,47401,103912.025359958,0.006514458,1,0.393579000,0.179712000,-0.226009000,0.329264972,-0.253253439,0.907010284,-0.069134792,1,0.390283847,0.002528408,-0.294793528,0.329264972,-0.253253439,0.907010284,-0.069134792
17.482294792,103912.043925083,vr_world,47318,103912.025359958,0.018565583,1,0.226603000,-0.147150000,-0.216411000,0.084558717,0.708850537,-0.519490615,0.469585179,1,0.361778706,-0.031718589,-0.285884602,0.084558717,0.708850537,-0.519490615,0.469585179,47401,103912.025359958,0.018565583,1,0.393579000,0.179712000,-0.226009000,0.329264972,-0.253253439,0.907010284,-0.069134792,1,0.390283847,0.002528408,-0.294793528,0.329264972,-0.253253439,0.907010284,-0.069134792
17.494691875,103912.056322166,vr_world,47319,103912.048678208,0.007645042,1,0.226457000,-0.146988000,-0.216245000,0.085707619,0.708501968,-0.519653958,0.469722184,1,0.361777835,-0.031896433,-0.285999038,0.085707619,0.708501968,-0.519653958,0.469722184,47402,103912.048678208,0.007645042,1,0.390294000,0.176330000,-0.227834000,0.342684844,-0.244615294,0.904526356,-0.067546478,1,0.386815736,0.000239456,-0.299361920,0.342684844,-0.244615294,0.904526356,-0.067546478
17.507080709,103912.068711000,vr_world,47319,103912.048678208,0.020035208,1,0.226457000,-0.146988000,-0.216245000,0.085707619,0.708501968,-0.519653958,0.469722184,1,0.361777835,-0.031896433,-0.285999038,0.085707619,0.708501968,-0.519653958,0.469722184,47402,103912.048678208,0.020035208,1,0.390294000,0.176330000,-0.227834000,0.342684844,-0.244615294,0.904526356,-0.067546478,1,0.386815736,0.000239456,-0.299361920,0.342684844,-0.244615294,0.904526356,-0.067546478
17.519295834,103912.080926125,vr_world,47320,103912.071957000,0.008970333,1,0.226629000,-0.146329000,-0.215999000,0.087720985,0.707556083,-0.519430344,0.471021800,1,0.362259823,-0.031874007,-0.286196967,0.087720985,0.707556083,-0.519430344,0.471021800,47403,103912.071957000,0.008970333,1,0.384321000,0.171494000,-0.229988000,0.362479972,-0.240883830,0.897894250,-0.066099669,1,0.383794256,-0.003580235,-0.304048663,0.362479972,-0.240883830,0.897894250,-0.066099669
17.531592042,103912.093222333,vr_world,47320,103912.071957000,0.021266291,1,0.226629000,-0.146329000,-0.215999000,0.087720985,0.707556083,-0.519430344,0.471021800,1,0.362259823,-0.031874007,-0.286196967,0.087720985,0.707556083,-0.519430344,0.471021800,47403,103912.071957000,0.021266291,1,0.384321000,0.171494000,-0.229988000,0.362479972,-0.240883830,0.897894250,-0.066099669,1,0.383794256,-0.003580235,-0.304048663,0.362479972,-0.240883830,0.897894250,-0.066099669
17.543970125,103912.105600416,vr_world,47321,103912.095928458,0.009673042,1,0.227317000,-0.145757000,-0.215414000,0.090462791,0.705773565,-0.520585851,0.471900975,1,0.363641327,-0.032389255,-0.286031875,0.090462791,0.705773565,-0.520585851,0.471900975,47404,103912.095928458,0.009673042,1,0.379417000,0.167820000,-0.233256000,0.380651707,-0.228524204,0.893153892,-0.071812888,1,0.378126303,-0.006724433,-0.308547356,0.380651707,-0.228524204,0.893153892,-0.071812888
17.554741250,103912.116371541,vr_world,47321,103912.095928458,0.020443833,1,0.227317000,-0.145757000,-0.215414000,0.090462791,0.705773565,-0.520585851,0.471900975,1,0.363641327,-0.032389255,-0.286031875,0.090462791,0.705773565,-0.520585851,0.471900975,47404,103912.095928458,0.020443833,1,0.379417000,0.167820000,-0.233256000,0.380651707,-0.228524204,0.893153892,-0.071812888,1,0.378126303,-0.006724433,-0.308547356,0.380651707,-0.228524204,0.893153892,-0.071812888
17.567142542,103912.128772833,vr_world,47322,103912.119845250,0.008928375,1,0.227719000,-0.145523000,-0.214883000,0.093097380,0.705347413,-0.522223479,0.470213296,1,0.364355855,-0.032947256,-0.286160712,0.093097380,0.705347413,-0.522223479,0.470213296,47405,103912.119845250,0.008928375,1,0.376827000,0.165588000,-0.235445000,0.391162249,-0.223248141,0.889380218,-0.078455020,1,0.375479798,-0.009210555,-0.310143451,0.391162249,-0.223248141,0.889380218,-0.078455020
17.579570709,103912.141201000,vr_world,47322,103912.119845250,0.021356458,1,0.227719000,-0.145523000,-0.214883000,0.093097380,0.705347413,-0.522223479,0.470213296,1,0.364355855,-0.032947256,-0.286160712,0.093097380,0.705347413,-0.522223479,0.470213296,47405,103912.119845250,0.021356458,1,0.376827000,0.165588000,-0.235445000,0.391162249,-0.223248141,0.889380218,-0.078455020,1,0.375479798,-0.009210555,-0.310143451,0.391162249,-0.223248141,0.889380218,-0.078455020
17.592017292,103912.153647583,vr_world,47323,103912.142421083,0.011226917,1,0.228072000,-0.145756000,-0.214463000,0.094295045,0.707115682,-0.521496393,0.468121106,1,0.364125886,-0.032985247,-0.286543107,0.094295045,0.707115682,-0.521496393,0.468121106,47406,103912.142421083,0.011226917,1,0.370818000,0.162304000,-0.237866000,0.415529330,-0.232861442,0.875301694,-0.083413846,1,0.377630322,-0.012998302,-0.311070523,0.415529330,-0.232861442,0.875301694,-0.083413846
17.602080500,103912.163710791,vr_world,47323,103912.142421083,0.021290167,1,0.228072000,-0.145756000,-0.214463000,0.094295045,0.707115682,-0.521496393,0.468121106,1,0.364125886,-0.032985247,-0.286543107,0.094295045,0.707115682,-0.521496393,0.468121106,47406,103912.142421083,0.021290167,1,0.370818000,0.162304000,-0.237866000,0.415529330,-0.232861442,0.875301694,-0.083413846,1,0.377630322,-0.012998302,-0.311070523,0.415529330,-0.232861442,0.875301694,-0.083413846
17.612473792,103912.174104083,vr_world,47324,103912.165869416,0.008235167,1,0.227919000,-0.146002000,-0.214429000,0.092308772,0.707435470,-0.521232341,0.468327869,1,0.363822989,-0.032704042,-0.285963086,0.092308772,0.707435470,-0.521232341,0.468327869,47407,103912.165869416,0.008235167,1,0.367227000,0.160545000,-0.239153000,0.433734198,-0.243262113,0.863240433,-0.086684169,1,0.381291111,-0.015076685,-0.310535363,0.433734198,-0.243262113,0.863240433,-0.086684169
17.623924959,103912.185555250,vr_world,47324,103912.165869416,0.019686500,1,0.227919000,-0.146002000,-0.214429000,0.092308772,0.707435470,-0.521232341,0.468327869,1,0.363822989,-0.032704042,-0.285963086,0.092308772,0.707435470,-0.521232341,0.468327869,47407,103912.165869416,0.019686500,1,0.367227000,0.160545000,-0.239153000,0.433734198,-0.243262113,0.863240433,-0.086684169,1,0.381291111,-0.015076685,-0.310535363,0.433734198,-0.243262113,0.863240433,-0.086684169
17.636275875,103912.197906166,vr_world,47325,103912.189371291,0.008536542,1,0.227904000,-0.146139000,-0.214026000,0.093206430,0.708274767,-0.521231078,0.466880691,1,0.363563601,-0.032844391,-0.286027502,0.093206430,0.708274767,-0.521231078,0.466880691,47408,103912.189371291,0.008536542,1,0.368793000,0.160266000,-0.238249000,0.435592244,-0.235268644,0.864693459,-0.084931055,1,0.380816389,-0.014716685,-0.311547829,0.435592244,-0.235268644,0.864693459,-0.084931055
17.656955542,103912.218585833,vr_world,47325,103912.189371291,0.029219667,1,0.227904000,-0.146139000,-0.214026000,0.093206430,0.708274767,-0.521231078,0.466880691,1,0.363563601,-0.032844391,-0.286027502,0.093206430,0.708274767,-0.521231078,0.466880691,47408,103912.189371291,0.029219667,1,0.368793000,0.160266000,-0.238249000,0.435592244,-0.235268644,0.864693459,-0.084931055,1,0.380816389,-0.014716685,-0.311547829,0.435592244,-0.235268644,0.864693459,-0.084931055
