t,host_monotonic_s,coordinate_frame,right_frame_counter,right_receive_monotonic_s,right_age_s,right_controller_valid,right_controller_pos_x,right_controller_pos_y,right_controller_pos_z,right_controller_quat_w,right_controller_quat_x,right_controller_quat_y,right_controller_quat_z,right_tcp_valid,right_tcp_pos_x,right_tcp_pos_y,right_tcp_pos_z,right_tcp_quat_w,right_tcp_quat_x,right_tcp_quat_y,right_tcp_quat_z,left_frame_counter,left_receive_monotonic_s,left_age_s,left_controller_valid,left_controller_pos_x,left_controller_pos_y,left_controller_pos_z,left_controller_quat_w,left_controller_quat_x,left_controller_quat_y,left_controller_quat_z,left_tcp_valid,left_tcp_pos_x,left_tcp_pos_y,left_tcp_pos_z,left_tcp_quat_w,left_tcp_quat_x,left_tcp_quat_y,left_tcp_quat_z
0.000000000,103764.943569166,vr_world,40881,103764.927578916,0.015990625,1,0.159702000,-0.238727000,-0.411873000,0.012825962,-0.220860175,0.969697007,-0.103653230,1,0.334220710,-0.313527531,-0.431149050,0.012825962,-0.220860175,0.969697007,-0.103653230,40964,103764.927578916,0.015990625,1,0.353073000,0.232269000,-0.425324000,0.106330920,-0.793294771,0.599479964,-0.000955824,1,0.520226007,0.149608213,-0.462246093,0.106330920,-0.793294771,0.599479964,-0.000955824
0.012119959,103764.955689125,vr_world,40882,103764.949332166,0.006357875,1,0.159498000,-0.239466000,-0.412162000,0.014515416,-0.220056421,0.969927500,-0.102981162,1,0.333979747,-0.314451737,-0.431048670,0.014515416,-0.220056421,0.969927500,-0.102981162,40965,103764.949332166,0.006357875,1,0.353307000,0.231516000,-0.425371000,0.109869688,-0.791442259,0.601288433,-0.000153833,1,0.520148334,0.148292788,-0.462439087,0.109869688,-0.791442259,0.601288433,-0.000153833
0.024489375,103764.968058541,vr_world,40882,103764.949332166,0.018726917,1,0.159498000,-0.239466000,-0.412162000,0.014515416,-0.220056421,0.969927500,-0.102981162,1,0.333979747,-0.314451737,-0.431048670,0.014515416,-0.220056421,0.969927500,-0.102981162,40965,103764.949332166,0.018726917,1,0.353307000,0.231516000,-0.425371000,0.109869688,-0.791442259,0.601288433,-0.000153833,1,0.520148334,0.148292788,-0.462439087,0.109869688,-0.791442259,0.601288433,-0.000153833
0.035166417,103764.978735583,vr_world,40883,103764.972519333,0.006217083,1,0.159170000,-0.241384000,-0.411710000,0.014340122,-0.222572368,0.969977638,-0.096949902,1,0.333954803,-0.315270194,-0.432070848,0.014340122,-0.222572368,0.969977638,-0.096949902,40966,103764.972519333,0.006217083,1,0.352955000,0.230492000,-0.424999000,0.110447412,-0.793538590,0.598405597,0.002935586,1,0.520303093,0.148722469,-0.463006339,0.110447412,-0.793538590,0.598405597,0.002935586
0.047573625,103764.991142791,vr_world,40883,103764.972519333,0.018623708,1,0.159170000,-0.241384000,-0.411710000,0.014340122,-0.222572368,0.969977638,-0.096949902,1,0.333954803,-0.315270194,-0.432070848,0.014340122,-0.222572368,0.969977638,-0.096949902,40966,103764.972519333,0.018623708,1,0.352955000,0.230492000,-0.424999000,0.110447412,-0.793538590,0.598405597,0.002935586,1,0.520303093,0.148722469,-0.463006339,0.110447412,-0.793538590,0.598405597,0.002935586
0.058870292,103765.002439458,vr_world,40884,103764.994344666,0.008095334,1,0.159567000,-0.241986000,-0.411734000,0.016770969,-0.220128833,0.970664654,-0.095247892,1,0.334104683,-0.316570252,-0.431664756,0.016770969,-0.220128833,0.970664654,-0.095247892,40967,103764.994344666,0.008095334,1,0.353294000,0.229719000,-0.424555000,0.110201472,-0.795946494,0.595231740,0.004897941,1,0.521216155,0.149405211,-0.463130958,0.110201472,-0.795946494,0.595231740,0.004897941
0.071264209,103765.014833375,vr_world,40884,103764.994344666,0.020489500,1,0.159567000,-0.241986000,-0.411734000,0.016770969,-0.220128833,0.970664654,-0.095247892,1,0.334104683,-0.316570252,-0.431664756,0.016770969,-0.220128833,0.970664654,-0.095247892,40967,103764.994344666,0.020489500,1,0.353294000,0.229719000,-0.424555000,0.110201472,-0.795946494,0.595231740,0.004897941,1,0.521216155,0.149405211,-0.463130958,0.110201472,-0.795946494,0.595231740,0.004897941
0.083659042,103765.027228208,vr_world,40885,103765.016601291,0.010627625,1,0.159101000,-0.241416000,-0.411140000,0.016756967,-0.220364325,0.971353733,-0.087353846,1,0.333595349,-0.315606242,-0.432842666,0.016756967,-0.220364325,0.971353733,-0.087353846,40968,103765.016601291,0.010627625,1,0.353948000,0.229593000,-0.424101000,0.111834651,-0.794324325,0.597056703,0.008072897,1,0.521397488,0.148845883,-0.463809629,0.111834651,-0.794324325,0.597056703,0.008072897
0.096095125,103765.039664291,vr_world,40886,103765.038975750,0.000689041,1,0.159412000,-0.240476000,-0.412527000,0.019174133,-0.219241715,0.970677436,-0.096699212,1,0.333957296,-0.315323979,-0.431373442,0.019174133,-0.219241715,0.970677436,-0.096699212,40969,103765.038975750,0.000689041,1,0.354215000,0.229669000,-0.424362000,0.110653069,-0.794124161,0.597550623,0.007481200,1,0.521549262,0.148630524,-0.463962512,0.110653069,-0.794124161,0.597550623,0.007481200
0.107738584,103765.051307750,vr_world,40886,103765.038975750,0.012332458,1,0.159412000,-0.240476000,-0.412527000,0.019174133,-0.219241715,0.970677436,-0.096699212,1,0.333957296,-0.315323979,-0.431373442,0.019174133,-0.219241715,0.970677436,-0.096699212,40969,103765.038975750,0.012332458,1,0.354215000,0.229669000,-0.424362000,0.110653069,-0.794124161,0.597550623,0.007481200,1,0.521549262,0.148630524,-0.463962512,0.110653069,-0.794124161,0.597550623,0.007481200
0.120115917,103765.063685083,vr_world,40887,103765.061402583,0.002282833,1,0.159195000,-0.239379000,-0.412501000,0.014174568,-0.219806256,0.970419617,-0.098843605,1,0.333580282,-0.314323471,-0.432412739,0.014174568,-0.219806256,0.970419617,-0.098843605,40970,103765.061402583,0.002282833,1,0.354552000,0.229426000,-0.423901000,0.108266662,-0.795635206,0.595943147,0.009732163,1,0.522038741,0.149150196,-0.464400326,0.108266662,-0.795635206,0.595943147,0.009732163
0.132527125,103765.076096291,vr_world,40887,103765.061402583,0.014694625,1,0.159195000,-0.239379000,-0.412501000,0.014174568,-0.219806256,0.970419617,-0.098843605,1,0.333580282,-0.314323471,-0.432412739,0.014174568,-0.219806256,0.970419617,-0.098843605,40970,103765.061402583,0.014694625,1,0.354552000,0.229426000,-0.423901000,0.108266662,-0.795635206,0.595943147,0.009732163,1,0.522038741,0.149150196,-0.464400326,0.108266662,-0.795635206,0.595943147,0.009732163
0.144907834,103765.088477000,vr_world,40888,103765.085110208,0.003367792,1,0.158752000,-0.239851000,-0.412079000,0.015180121,-0.222356444,0.968851304,-0.107955203,1,0.333656952,-0.314151922,-0.429715333,0.015180121,-0.222356444,0.968851304,-0.107955203,40971,103765.085110208,0.003367792,1,0.354842000,0.230025000,-0.424253000,0.107778548,-0.795127877,0.596751660,0.006549888,1,0.522293345,0.149139873,-0.463672095,0.107778548,-0.795127877,0.596751660,0.006549888
0.157273334,103765.100842500,vr_world,40888,103765.085110208,0.015733333,1,0.158752000,-0.239851000,-0.412079000,0.015180121,-0.222356444,0.968851304,-0.107955203,1,0.333656952,-0.314151922,-0.429715333,0.015180121,-0.222356444,0.968851304,-0.107955203,40971,103765.085110208,0.015733333,1,0.354842000,0.230025000,-0.424253000,0.107778548,-0.795127877,0.596751660,0.006549888,1,0.522293345,0.149139873,-0.463672095,0.107778548,-0.795127877,0.596751660,0.006549888
0.169659125,103765.113228291,vr_world,40889,103765.107193375,0.006035500,1,0.158886000,-0.239938000,-0.411873000,0.014304177,-0.225370969,0.968814590,-0.101988265,1,0.334129723,-0.313010248,-0.431200825,0.014304177,-0.225370969,0.968814590,-0.101988265,40972,103765.107193375,0.006035500,1,0.354681000,0.230433000,-0.424326000,0.105901411,-0.794698640,0.597665246,0.005934322,1,0.521906496,0.149057560,-0.463694802,0.105901411,-0.794698640,0.597665246,0.005934322
0.182044292,103765.125613458,vr_world,40889,103765.107193375,0.018420708,1,0.158886000,-0.239938000,-0.411873000,0.014304177,-0.225370969,0.968814590,-0.101988265,1,0.334129723,-0.313010248,-0.431200825,0.014304177,-0.225370969,0.968814590,-0.101988265,40972,103765.107193375,0.018420708,1,0.354681000,0.230433000,-0.424326000,0.105901411,-0.794698640,0.597665246,0.005934322,1,0.521906496,0.149057560,-0.463694802,0.105901411,-0.794698640,0.597665246,0.005934322
0.192557959,103765.136127125,vr_world,40890,103765.129075166,0.007052334,1,0.159350000,-0.239782000,-0.411984000,0.015728862,-0.220588094,0.969739500,-0.103434989,1,0.333978551,-0.314539365,-0.430413149,0.015728862,-0.220588094,0.969739500,-0.103434989,40973,103765.129075166,0.007052334,1,0.354886000,0.231072000,-0.424853000,0.103251616,-0.794188617,0.598829780,0.002537496,1,0.521930881,0.148852506,-0.463222222,0.103251616,-0.794188617,0.598829780,0.002537496
0.204943792,103765.148512958,vr_world,40890,103765.129075166,0.019438167,1,0.159350000,-0.239782000,-0.411984000,0.015728862,-0.220588094,0.969739500,-0.103434989,1,0.333978551,-0.314539365,-0.430413149,0.015728862,-0.220588094,0.969739500,-0.103434989,40973,103765.129075166,0.019438167,1,0.354886000,0.231072000,-0.424853000,0.103251616,-0.794188617,0.598829780,0.002537496,1,0.521930881,0.148852506,-0.463222222,0.103251616,-0.794188617,0.598829780,0.002537496
0.217291167,103765.160860333,vr_world,40891,103765.151539000,0.009321916,1,0.158918000,-0.240349000,-0.412152000,0.014954038,-0.223169389,0.969502792,-0.100180519,1,0.333856003,-0.314112484,-0.431620443,0.014954038,-0.223169389,0.969502792,-0.100180519,40974,103765.151539000,0.009321916,1,0.354449000,0.231409000,-0.425399000,0.103641356,-0.793346354,0.599881691,-0.001410166,1,0.521450496,0.148457004,-0.462354491,0.103641356,-0.793346354,0.599881691,-0.001410166
0.229666500,103765.173235666,vr_world,40891,103765.151539000,0.021697000,1,0.158918000,-0.240349000,-0.412152000,0.014954038,-0.223169389,0.969502792,-0.100180519,1,0.333856003,-0.314112484,-0.431620443,0.014954038,-0.223169389,0.969502792,-0.100180519,40974,103765.151539000,0.021697000,1,0.354449000,0.231409000,-0.425399000,0.103641356,-0.793346354,0.599881691,-0.001410166,1,0.521450496,0.148457004,-0.462354491,0.103641356,-0.793346354,0.599881691,-0.001410166
0.241611167,103765.185180333,vr_world,40892,103765.174504833,0.010675917,1,0.159056000,-0.240898000,-0.411946000,0.015748605,-0.220627283,0.970289154,-0.098053765,1,0.333640120,-0.315453272,-0.431575655,0.015748605,-0.220627283,0.970289154,-0.098053765,40975,103765.174504833,0.010675917,1,0.353857000,0.231454000,-0.425863000,0.104252110,-0.791871142,0.601702920,-0.005018808,1,0.520628295,0.147488976,-0.461548420,0.104252110,-0.791871142,0.601702920,-0.005018808
0.253987875,103765.197557041,vr_world,40893,103765.196188916,0.001368834,1,0.157752000,-0.242449000,-0.412621000,0.020463201,-0.223435788,0.969977374,-0.093816840,1,0.332958072,-0.315644863,-0.431822147,0.020463201,-0.223435788,0.969977374,-0.093816840,40976,103765.196188916,0.001368834,1,0.353718000,0.231288000,-0.425083000,0.105476369,-0.790613315,0.603154052,-0.003242104,1,0.520141807,0.146908526,-0.461406428,0.105476369,-0.790613315,0.603154052,-0.003242104
0.266357834,103765.209927000,vr_world,40893,103765.196188916,0.013738709,1,0.157752000,-0.242449000,-0.412621000,0.020463201,-0.223435788,0.969977374,-0.093816840,1,0.332958072,-0.315644863,-0.431822147,0.020463201,-0.223435788,0.969977374,-0.093816840,40976,103765.196188916,0.013738709,1,0.353718000,0.231288000,-0.425083000,0.105476369,-0.790613315,0.603154052,-0.003242104,1,0.520141807,0.146908526,-0.461406428,0.105476369,-0.790613315,0.603154052,-0.003242104
0.278758542,103765.222327708,vr_world,40894,103765.218261458,0.004066708,1,0.158467000,-0.241080000,-0.412269000,0.017052731,-0.224126805,0.969705474,-0.095643469,1,0.333612078,-0.314245429,-0.432130214,0.017052731,-0.224126805,0.969705474,-0.095643469,40977,103765.218261458,0.004066708,1,0.353747000,0.230832000,-0.425119000,0.106270489,-0.789842749,0.604029234,-0.001923167,1,0.519951678,0.146225163,-0.461914710,0.106270489,-0.789842749,0.604029234,-0.001923167
0.291150542,103765.234719708,vr_world,40894,103765.218261458,0.016458583,1,0.158467000,-0.241080000,-0.412269000,0.017052731,-0.224126805,0.969705474,-0.095643469,1,0.333612078,-0.314245429,-0.432130214,0.017052731,-0.224126805,0.969705474,-0.095643469,40977,103765.218261458,0.016458583,1,0.353747000,0.230832000,-0.425119000,0.106270489,-0.789842749,0.604029234,-0.001923167,1,0.519951678,0.146225163,-0.461914710,0.106270489,-0.789842749,0.604029234,-0.001923167
0.303558542,103765.247127708,vr_world,40895,103765.240225416,0.006902792,1,0.159150000,-0.240017000,-0.412516000,0.016093494,-0.222642953,0.969237993,-0.103676553,1,0.334103944,-0.314036067,-0.430838944,0.016093494,-0.222642953,0.969237993,-0.103676553,40978,103765.240225416,0.006902792,1,0.353911000,0.230617000,-0.425203000,0.109638197,-0.788862733,0.604705245,-0.002573007,1,0.520095565,0.145788666,-0.461577188,0.109638197,-0.788862733,0.604705245,-0.002573007
0.315995750,103765.259564916,vr_world,40895,103765.240225416,0.019340084,1,0.159150000,-0.240017000,-0.412516000,0.016093494,-0.222642953,0.969237993,-0.103676553,1,0.334103944,-0.314036067,-0.430838944,0.016093494,-0.222642953,0.969237993,-0.103676553,40978,103765.240225416,0.019340084,1,0.353911000,0.230617000,-0.425203000,0.109638197,-0.788862733,0.604705245,-0.002573007,1,0.520095565,0.145788666,-0.461577188,0.109638197,-0.788862733,0.604705245,-0.002573007
0.326801375,103765.270370541,vr_world,40896,103765.262436958,0.007933917,1,0.158920000,-0.239821000,-0.410904000,0.008065159,-0.221719423,0.969590462,-0.103294660,1,0.333301798,-0.314522252,-0.431740546,0.008065159,-0.221719423,0.969590462,-0.103294660,40979,103765.262436958,0.007933917,1,0.353762000,0.230125000,-0.425413000,0.112948815,-0.789242264,0.603604759,-0.000712709,1,0.520215799,0.146002594,-0.462193475,0.112948815,-0.789242264,0.603604759,-0.000712709
0.337467834,103765.281037000,vr_world,40896,103765.262436958,0.018600542,1,0.158920000,-0.239821000,-0.410904000,0.008065159,-0.221719423,0.969590462,-0.103294660,1,0.333301798,-0.314522252,-0.431740546,0.008065159,-0.221719423,0.969590462,-0.103294660,40979,103765.262436958,0.018600542,1,0.353762000,0.230125000,-0.425413000,0.112948815,-0.789242264,0.603604759,-0.000712709,1,0.520215799,0.146002594,-0.462193475,0.112948815,-0.789242264,0.603604759,-0.000712709
0.348129084,103765.291698250,vr_world,40897,103765.285463458,0.006235375,1,0.158224000,-0.240358000,-0.411789000,0.016706641,-0.223814612,0.969026310,-0.103033579,1,0.333375673,-0.313910704,-0.430101475,0.016706641,-0.223814612,0.969026310,-0.103033579,40980,103765.285463458,0.006235375,1,0.353749000,0.230117000,-0.425599000,0.112295506,-0.789842398,0.602939284,-0.001710468,1,0.520367183,0.146165679,-0.462024251,0.112295506,-0.789842398,0.602939284,-0.001710468
0.360510334,103765.304079500,vr_world,40897,103765.285463458,0.018616292,1,0.158224000,-0.240358000,-0.411789000,0.016706641,-0.223814612,0.969026310,-0.103033579,1,0.333375673,-0.313910704,-0.430101475,0.016706641,-0.223814612,0.969026310,-0.103033579,40980,103765.285463458,0.018616292,1,0.353749000,0.230117000,-0.425599000,0.112295506,-0.789842398,0.602939284,-0.001710468,1,0.520367183,0.146165679,-0.462024251,0.112295506,-0.789842398,0.602939284,-0.001710468
0.370820959,103765.314390125,vr_world,40898,103765.307472375,0.006918208,1,0.158046000,-0.241236000,-0.411813000,0.018782606,-0.227775991,0.968570833,-0.098162382,1,0.333833094,-0.313113618,-0.430680295,0.018782606,-0.227775991,0.968570833,-0.098162382,40981,103765.307472375,0.006918208,1,0.353751000,0.229803000,-0.424993000,0.112679606,-0.789938664,0.602743165,-0.000943427,1,0.520393714,0.146006694,-0.461662278,0.112679606,-0.789938664,0.602743165,-0.000943427
0.382958875,103765.326528041,vr_world,40898,103765.307472375,0.019056125,1,0.158046000,-0.241236000,-0.411813000,0.018782606,-0.227775991,0.968570833,-0.098162382,1,0.333833094,-0.313113618,-0.430680295,0.018782606,-0.227775991,0.968570833,-0.098162382,40981,103765.307472375,0.019056125,1,0.353751000,0.229803000,-0.424993000,0.112679606,-0.789938664,0.602743165,-0.000943427,1,0.520393714,0.146006694,-0.461662278,0.112679606,-0.789938664,0.602743165,-0.000943427
0.395355500,103765.338924666,vr_world,40899,103765.329535250,0.009389875,1,0.159047000,-0.241720000,-0.412098000,0.020384959,-0.225411808,0.969313666,-0.095942626,1,0.334555215,-0.314292373,-0.430901336,0.020384959,-0.225411808,0.969313666,-0.095942626,40982,103765.329535250,0.009389875,1,0.353563000,0.229938000,-0.425427000,0.112876957,-0.790754881,0.601633054,-0.001783106,1,0.520484858,0.146534513,-0.461719823,0.112876957,-0.790754881,0.601633054,-0.001783106
0.405418834,103765.348988000,vr_world,40899,103765.329535250,0.019453166,1,0.159047000,-0.241720000,-0.412098000,0.020384959,-0.225411808,0.969313666,-0.095942626,1,0.334555215,-0.314292373,-0.430901336,0.020384959,-0.225411808,0.969313666,-0.095942626,40982,103765.329535250,0.019453166,1,0.353563000,0.229938000,-0.425427000,0.112876957,-0.790754881,0.601633054,-0.001783106,1,0.520484858,0.146534513,-0.461719823,0.112876957,-0.790754881,0.601633054,-0.001783106
0.417795084,103765.361364250,vr_world,40900,103765.351207416,0.010157334,1,0.158857000,-0.242272000,-0.411451000,0.020056888,-0.226980969,0.969758595,-0.087439285,1,0.334495786,-0.313971525,-0.432275188,0.020056888,-0.226980969,0.969758595,-0.087439285,40983,103765.351207416,0.010157334,1,0.354025000,0.229404000,-0.425376000,0.111977522,-0.792996230,0.598847129,-0.000361288,1,0.521462255,0.147232717,-0.462103030,0.111977522,-0.792996230,0.598847129,-0.000361288
0.430187875,103765.373757041,vr_world,40900,103765.351207416,0.022550292,1,0.158857000,-0.242272000,-0.411451000,0.020056888,-0.226980969,0.969758595,-0.087439285,1,0.334495786,-0.313971525,-0.432275188,0.020056888,-0.226980969,0.969758595,-0.087439285,40983,103765.351207416,0.022550292,1,0.354025000,0.229404000,-0.425376000,0.111977522,-0.792996230,0.598847129,-0.000361288,1,0.521462255,0.147232717,-0.462103030,0.111977522,-0.792996230,0.598847129,-0.000361288
0.441463209,103765.385032375,vr_world,40901,103765.374279041,0.010753792,1,0.158593000,-0.240939000,-0.411919000,0.017461551,-0.225320978,0.969408206,-0.095777250,1,0.333934617,-0.313665712,-0.431656434,0.017461551,-0.225320978,0.969408206,-0.095777250,40984,103765.374279041,0.010753792,1,0.353709000,0.229006000,-0.425114000,0.111043530,-0.795361594,0.595876834,0.000259945,1,0.521719719,0.148076571,-0.461979044,0.111043530,-0.795361594,0.595876834,0.000259945
0.453872042,103765.397441208,vr_world,40902,103765.397409500,0.000032083,1,0.159173000,-0.239465000,-0.412685000,0.015096154,-0.226258857,0.968221881,-0.105477127,1,0.334621558,-0.312301188,-0.431018937,0.015096154,-0.226258857,0.968221881,-0.105477127,40985,103765.397409500,0.000032083,1,0.353766000,0.228356000,-0.425237000,0.110416379,-0.798805797,0.591368660,0.000793998,1,0.522666383,0.149304767,-0.462112264,0.110416379,-0.798805797,0.591368660,0.000793998
0.466286250,103765.409855416,vr_world,40902,103765.397409500,0.012446208,1,0.159173000,-0.239465000,-0.412685000,0.015096154,-0.226258857,0.968221881,-0.105477127,1,0.334621558,-0.312301188,-0.431018937,0.015096154,-0.226258857,0.968221881,-0.105477127,40985,103765.397409500,0.012446208,1,0.353766000,0.228356000,-0.425237000,0.110416379,-0.798805797,0.591368660,0.000793998,1,0.522666383,0.149304767,-0.462112264,0.110416379,-0.798805797,0.591368660,0.000793998
0.476842209,103765.420411375,vr_world,40903,103765.419808708,0.000603250,1,0.159336000,-0.240630000,-0.411198000,0.011680636,-0.227464294,0.968337807,-0.102202982,1,0.334744423,-0.313082919,-0.431344810,0.011680636,-0.227464294,0.968337807,-0.102202982,40986,103765.419808708,0.000603250,1,0.353548000,0.228173000,-0.424755000,0.109288566,-0.801081234,0.588480712,0.003913774,1,0.522862401,0.150525890,-0.462699088,0.109288566,-0.801081234,0.588480712,0.003913774
0.489269500,103765.432838666,vr_world,40903,103765.419808708,0.013030375,1,0.159336000,-0.240630000,-0.411198000,0.011680636,-0.227464294,0.968337807,-0.102202982,1,0.334744423,-0.313082919,-0.431344810,0.011680636,-0.227464294,0.968337807,-0.102202982,40986,103765.419808708,0.013030375,1,0.353548000,0.228173000,-0.424755000,0.109288566,-0.801081234,0.588480712,0.003913774,1,0.522862401,0.150525890,-0.462699088,0.109288566,-0.801081234,0.588480712,0.003913774
0.501681750,103765.445250916,vr_world,40904,103765.441969458,0.003281750,1,0.158980000,-0.240211000,-0.411603000,0.015560307,-0.225564407,0.968885236,-0.100697437,1,0.334304918,-0.313112295,-0.430838029,0.015560307,-0.225564407,0.968885236,-0.100697437,40987,103765.441969458,0.003281750,1,0.353745000,0.228610000,-0.425015000,0.110467674,-0.798502809,0.591763716,0.002421093,1,0.522497921,0.149529333,-0.462497536,0.110467674,-0.798502809,0.591763716,0.002421093
0.514077000,103765.457646166,vr_world,40904,103765.441969458,0.015677042,1,0.158980000,-0.240211000,-0.411603000,0.015560307,-0.225564407,0.968885236,-0.100697437,1,0.334304918,-0.313112295,-0.430838029,0.015560307,-0.225564407,0.968885236,-0.100697437,40987,103765.441969458,0.015677042,1,0.353745000,0.228610000,-0.425015000,0.110467674,-0.798502809,0.591763716,0.002421093,1,0.522497921,0.149529333,-0.462497536,0.110467674,-0.798502809,0.591763716,0.002421093
0.525546792,103765.469115958,vr_world,40905,103765.463948500,0.005167791,1,0.158372000,-0.240866000,-0.411216000,0.015667295,-0.226363766,0.968911826,-0.098609605,1,0.333797567,-0.313403320,-0.430904461,0.015667295,-0.226363766,0.968911826,-0.098609605,40988,103765.463948500,0.005167791,1,0.353632000,0.228526000,-0.425141000,0.110946683,-0.798450909,0.591745700,0.002001688,1,0.522421155,0.149434270,-0.462436359,0.110946683,-0.798450909,0.591745700,0.002001688
0.536797125,103765.480366291,vr_world,40905,103765.463948500,0.016418083,1,0.158372000,-0.240866000,-0.411216000,0.015667295,-0.226363766,0.968911826,-0.098609605,1,0.333797567,-0.313403320,-0.430904461,0.015667295,-0.226363766,0.968911826,-0.098609605,40988,103765.463948500,0.016418083,1,0.353632000,0.228526000,-0.425141000,0.110946683,-0.798450909,0.591745700,0.002001688,1,0.522421155,0.149434270,-0.462436359,0.110946683,-0.798450909,0.591745700,0.002001688
0.549211334,103765.492780500,vr_world,40906,103765.487447375,0.005333625,1,0.159133000,-0.241372000,-0.411289000,0.022979600,-0.224965466,0.969473376,-0.094783173,1,0.334697724,-0.313948951,-0.429538756,0.022979600,-0.224965466,0.969473376,-0.094783173,40989,103765.487447375,0.005333625,1,0.353104000,0.228572000,-0.425370000,0.112149167,-0.798528042,0.591416018,0.001620169,1,0.522013190,0.149623475,-0.462424585,0.112149167,-0.798528042,0.591416018,0.001620169
0.561608709,103765.505177875,vr_world,40906,103765.487447375,0.017730916,1,0.159133000,-0.241372000,-0.411289000,0.022979600,-0.224965466,0.969473376,-0.094783173,1,0.334697724,-0.313948951,-0.429538756,0.022979600,-0.224965466,0.969473376,-0.094783173,40989,103765.487447375,0.017730916,1,0.353104000,0.228572000,-0.425370000,0.112149167,-0.798528042,0.591416018,0.001620169,1,0.522013190,0.149623475,-0.462424585,0.112149167,-0.798528042,0.591416018,0.001620169
0.574020709,103765.517589875,vr_world,40907,103765.509428166,0.008162084,1,0.159133000,-0.240057000,-0.411130000,0.016658464,-0.226065305,0.969230770,-0.095961903,1,0.334541694,-0.312560321,-0.431093180,0.016658464,-0.226065305,0.969230770,-0.095961903,40990,103765.509428166,0.008162084,1,0.352371000,0.228354000,-0.425823000,0.114820613,-0.798628329,0.590769763,-0.000326810,1,0.521570522,0.149595889,-0.461946375,0.114820613,-0.798628329,0.590769763,-0.000326810
0.586434250,103765.530003416,vr_world,40907,103765.509428166,0.020575792,1,0.159133000,-0.240057000,-0.411130000,0.016658464,-0.226065305,0.969230770,-0.095961903,1,0.334541694,-0.312560321,-0.431093180,0.016658464,-0.226065305,0.969230770,-0.095961903,40990,103765.509428166,0.020575792,1,0.352371000,0.228354000,-0.425823000,0.114820613,-0.798628329,0.590769763,-0.000326810,1,0.521570522,0.149595889,-0.461946375,0.114820613,-0.798628329,0.590769763,-0.000326810
0.598785334,103765.542354500,vr_world,40908,103765.531519916,0.010835084,1,0.159305000,-0.239317000,-0.411858000,0.016777587,-0.225210730,0.968819476,-0.101918903,1,0.334653592,-0.312331379,-0.430437146,0.016777587,-0.225210730,0.968819476,-0.101918903,40991,103765.531519916,0.010835084,1,0.352304000,0.227760000,-0.426685000,0.118512833,-0.796822832,0.592454669,-0.005054448,1,0.521440919,0.148028088,-0.460915859,0.118512833,-0.796822832,0.592454669,-0.005054448
0.609461875,103765.553031041,vr_world,40908,103765.531519916,0.021511542,1,0.159305000,-0.239317000,-0.411858000,0.016777587,-0.225210730,0.968819476,-0.101918903,1,0.334653592,-0.312331379,-0.430437146,0.016777587,-0.225210730,0.968819476,-0.101918903,40991,103765.531519916,0.021511542,1,0.352304000,0.227760000,-0.426685000,0.118512833,-0.796822832,0.592454669,-0.005054448,1,0.521440919,0.148028088,-0.460915859,0.118512833,-0.796822832,0.592454669,-0.005054448
0.620150125,103765.563719291,vr_world,40909,103765.553678333,0.010041417,1,0.159052000,-0.239962000,-0.411468000,0.015901178,-0.226243363,0.968852615,-0.099426876,1,0.334480671,-0.312561112,-0.430899744,0.015901178,-0.226243363,0.968852615,-0.099426876,40992,103765.553678333,0.010041417,1,0.352414000,0.227469000,-0.425353000,0.119033948,-0.793968781,0.596188358,0.001984020,1,0.520528855,0.146797353,-0.462308351,0.119033948,-0.793968781,0.596188358,0.001984020
0.630816750,103765.574385916,vr_world,40909,103765.553678333,0.020708042,1,0.159052000,-0.239962000,-0.411468000,0.015901178,-0.226243363,0.968852615,-0.099426876,1,0.334480671,-0.312561112,-0.430899744,0.015901178,-0.226243363,0.968852615,-0.099426876,40992,103765.553678333,0.020708042,1,0.352414000,0.227469000,-0.425353000,0.119033948,-0.793968781,0.596188358,0.001984020,1,0.520528855,0.146797353,-0.462308351,0.119033948,-0.793968781,0.596188358,0.001984020
0.642204584,103765.585773750,vr_world,40910,103765.576237708,0.009536583,1,0.159099000,-0.240019000,-0.411299000,0.016889170,-0.226015448,0.968830834,-0.099992940,1,0.334551963,-0.312674937,-0.430294873,0.016889170,-0.226015448,0.968830834,-0.099992940,40993,103765.576237708,0.009536583,1,0.351335000,0.226613000,-0.426138000,0.125021635,-0.796499857,0.591570829,0.001234149,1,0.520602788,0.147946333,-0.462140643,0.125021635,-0.796499857,0.591570829,0.001234149
0.653387084,103765.596956250,vr_world,40910,103765.576237708,0.020719125,1,0.159099000,-0.240019000,-0.411299000,0.016889170,-0.226015448,0.968830834,-0.099992940,1,0.334551963,-0.312674937,-0.430294873,0.016889170,-0.226015448,0.968830834,-0.099992940,40993,103765.576237708,0.020719125,1,0.351335000,0.226613000,-0.426138000,0.125021635,-0.796499857,0.591570829,0.001234149,1,0.520602788,0.147946333,-0.462140643,0.125021635,-0.796499857,0.591570829,0.001234149
0.665630792,103765.609199958,vr_world,40911,103765.599303083,0.009897167,1,0.159080000,-0.240420000,-0.411102000,0.016772376,-0.226536323,0.968878884,-0.098354919,1,0.334586214,-0.312837176,-0.430511927,0.016772376,-0.226536323,0.968878884,-0.098354919,40994,103765.599303083,0.009897167,1,0.351169000,0.225853000,-0.426942000,0.127624050,-0.794485847,0.593711657,-0.003287661,1,0.520229843,0.145989060,-0.461240694,0.127624050,-0.794485847,0.593711657,-0.003287661
0.678005584,103765.621574750,vr_world,40912,103765.621294833,0.000280292,1,0.159180000,-0.240344000,-0.410927000,0.016267776,-0.225304020,0.969405538,-0.096053954,1,0.334458559,-0.313139546,-0.430969474,0.016267776,-0.225304020,0.969405538,-0.096053954,40995,103765.621294833,0.000280292,1,0.351147000,0.226060000,-0.426223000,0.129974322,-0.792187398,0.596274435,0.001612308,1,0.519565860,0.145619368,-0.462286470,0.129974322,-0.792187398,0.596274435,0.001612308
0.689061917,103765.632631083,vr_world,40912,103765.621294833,0.011336500,1,0.159180000,-0.240344000,-0.410927000,0.016267776,-0.225304020,0.969405538,-0.096053954,1,0.334458559,-0.313139546,-0.430969474,0.016267776,-0.225304020,0.969405538,-0.096053954,40995,103765.621294833,0.011336500,1,0.351147000,0.226060000,-0.426223000,0.129974322,-0.792187398,0.596274435,0.001612308,1,0.519565860,0.145619368,-0.462286470,0.129974322,-0.792187398,0.596274435,0.001612308
0.701449375,103765.645018541,vr_world,40913,103765.643752625,0.001266541,1,0.159156000,-0.239724000,-0.411571000,0.018850806,-0.226456122,0.968710900,-0.099807131,1,0.334771705,-0.312127892,-0.430016810,0.018850806,-0.226456122,0.968710900,-0.099807131,40996,103765.643752625,0.001266541,1,0.350456000,0.224904000,-0.426134000,0.135444461,-0.790851682,0.596826083,0.002653784,1,0.518867381,0.144460478,-0.462226522,0.135444461,-0.790851682,0.596826083,0.002653784
0.713836667,103765.657405833,vr_world,40913,103765.643752625,0.013653500,1,0.159156000,-0.239724000,-0.411571000,0.018850806,-0.226456122,0.968710900,-0.099807131,1,0.334771705,-0.312127892,-0.430016810,0.018850806,-0.226456122,0.968710900,-0.099807131,40996,103765.643752625,0.013653500,1,0.350456000,0.224904000,-0.426134000,0.135444461,-0.790851682,0.596826083,0.002653784,1,0.518867381,0.144460478,-0.462226522,0.135444461,-0.790851682,0.596826083,0.002653784
0.724893792,103765.668462958,vr_world,40914,103765.665721875,0.002743500,1,0.159214000,-0.239802000,-0.411065000,0.016656776,-0.225761441,0.969034865,-0.098619240,1,0.334604737,-0.312510421,-0.430430533,0.016656776,-0.225761441,0.969034865,-0.098619240,40997,103765.665721875,0.002743500,1,0.350006000,0.224588000,-0.426573000,0.137683583,-0.792520328,0.594099796,0.000439421,1,0.519118324,0.145121458,-0.461534029,0.137683583,-0.792520328,0.594099796,0.000439421
0.737192250,103765.680761416,vr_world,40914,103765.665721875,0.015044083,1,0.159214000,-0.239802000,-0.411065000,0.016656776,-0.225761441,0.969034865,-0.098619240,1,0.334604737,-0.312510421,-0.430430533,0.016656776,-0.225761441,0.969034865,-0.098619240,40997,103765.665721875,0.015044083,1,0.350006000,0.224588000,-0.426573000,0.137683583,-0.792520328,0.594099796,0.000439421,1,0.519118324,0.145121458,-0.461534029,0.137683583,-0.792520328,0.594099796,0.000439421
0.749590667,103765.693159833,vr_world,40915,103765.688156291,0.005004292,1,0.159280000,-0.239817000,-0.411232000,0.016791636,-0.226011754,0.968867522,-0.099661692,1,0.334724168,-0.312467076,-0.430331379,0.016791636,-0.226011754,0.968867522,-0.099661692,40998,103765.688156291,0.005004292,1,0.350224000,0.224316000,-0.426083000,0.137743876,-0.791789929,0.595055363,0.002108829,1,0.519083367,0.144605007,-0.461705034,0.137743876,-0.791789929,0.595055363,0.002108829
0.761989834,103765.705559000,vr_world,40915,103765.688156291,0.017404834,1,0.159280000,-0.239817000,-0.411232000,0.016791636,-0.226011754,0.968867522,-0.099661692,1,0.334724168,-0.312467076,-0.430331379,0.016791636,-0.226011754,0.968867522,-0.099661692,40998,103765.688156291,0.017404834,1,0.350224000,0.224316000,-0.426083000,0.137743876,-0.791789929,0.595055363,0.002108829,1,0.519083367,0.144605007,-0.461705034,0.137743876,-0.791789929,0.595055363,0.002108829
0.774406792,103765.717975958,vr_world,40916,103765.710142166,0.007834625,1,0.159196000,-0.239873000,-0.410984000,0.016082419,-0.225967854,0.968992893,-0.098654230,1,0.334586713,-0.312534684,-0.430523951,0.016082419,-0.225967854,0.968992893,-0.098654230,40999,103765.710142166,0.007834625,1,0.350717000,0.224812000,-0.426084000,0.136918060,-0.790525816,0.596923643,0.002131493,1,0.519164541,0.144316350,-0.461890222,0.136918060,-0.790525816,0.596923643,0.002131493
0.786759250,103765.730328416,vr_world,40916,103765.710142166,0.020186917,1,0.159196000,-0.239873000,-0.410984000,0.016082419,-0.225967854,0.968992893,-0.098654230,1,0.334586713,-0.312534684,-0.430523951,0.016082419,-0.225967854,0.968992893,-0.098654230,40999,103765.710142166,0.020186917,1,0.350717000,0.224812000,-0.426084000,0.136918060,-0.790525816,0.596923643,0.002131493,1,0.519164541,0.144316350,-0.461890222,0.136918060,-0.790525816,0.596923643,0.002131493
0.799171459,103765.742740625,vr_world,40917,103765.732786666,0.009954667,1,0.159447000,-0.240383000,-0.411081000,0.017746105,-0.225993783,0.968933651,-0.098891180,1,0.334930711,-0.312969564,-0.430057473,0.017746105,-0.225993783,0.968933651,-0.098891180,41000,103765.732786666,0.009954667,1,0.351723000,0.225090000,-0.425155000,0.136101272,-0.786739739,0.602088092,0.002637468,1,0.519032030,0.142500335,-0.461526191,0.136101272,-0.786739739,0.602088092,0.002637468
0.811601917,103765.755171083,vr_world,40918,103765.754908083,0.000263667,1,0.158945000,-0.240011000,-0.410414000,0.016141828,-0.226356881,0.969204085,-0.095631825,1,0.334364910,-0.312420603,-0.430616998,0.016141828,-0.226356881,0.969204085,-0.095631825,41001,103765.754908083,0.000263667,1,0.354151000,0.225132000,-0.425818000,0.133935003,-0.785299152,0.604430741,0.005489630,1,0.520788795,0.141783727,-0.463515450,0.133935003,-0.785299152,0.604430741,0.005489630
0.824020334,103765.767589500,vr_world,40918,103765.754908083,0.012684458,1,0.158945000,-0.240011000,-0.410414000,0.016141828,-0.226356881,0.969204085,-0.095631825,1,0.334364910,-0.312420603,-0.430616998,0.016141828,-0.226356881,0.969204085,-0.095631825,41001,103765.754908083,0.012684458,1,0.354151000,0.225132000,-0.425818000,0.133935003,-0.785299152,0.604430741,0.005489630,1,0.520788795,0.141783727,-0.463515450,0.133935003,-0.785299152,0.604430741,0.005489630
0.834509542,103765.778078708,vr_world,40919,103765.777743208,0.000336042,1,0.159409000,-0.240198000,-0.410824000,0.017273178,-0.225740309,0.969141214,-0.097510294,1,0.334818255,-0.312846757,-0.430245717,0.017273178,-0.225740309,0.969141214,-0.097510294,41002,103765.777743208,0.000336042,1,0.354373000,0.225377000,-0.423907000,0.129104645,-0.785771693,0.604755647,0.012862518,1,0.520498458,0.142423307,-0.464615789,0.129104645,-0.785771693,0.604755647,0.012862518
0.845189042,103765.788758208,vr_world,40919,103765.777743208,0.011015708,1,0.159409000,-0.240198000,-0.410824000,0.017273178,-0.225740309,0.969141214,-0.097510294,1,0.334818255,-0.312846757,-0.430245717,0.017273178,-0.225740309,0.969141214,-0.097510294,41002,103765.777743208,0.011015708,1,0.354373000,0.225377000,-0.423907000,0.129104645,-0.785771693,0.604755647,0.012862518,1,0.520498458,0.142423307,-0.464615789,0.129104645,-0.785771693,0.604755647,0.012862518
0.855240917,103765.798810083,vr_world,40919,103765.777743208,0.021067250,1,0.159409000,-0.240198000,-0.410824000,0.017273178,-0.225740309,0.969141214,-0.097510294,1,0.334818255,-0.312846757,-0.430245717,0.017273178,-0.225740309,0.969141214,-0.097510294,41002,103765.777743208,0.021067250,1,0.354373000,0.225377000,-0.423907000,0.129104645,-0.785771693,0.604755647,0.012862518,1,0.520498458,0.142423307,-0.464615789,0.129104645,-0.785771693,0.604755647,0.012862518
0.867620584,103765.811189750,vr_world,40920,103765.800263791,0.010926250,1,0.159785000,-0.239833000,-0.410861000,0.017106309,-0.223349616,0.969671206,-0.097775642,1,0.334839783,-0.313350797,-0.430210402,0.017106309,-0.223349616,0.969671206,-0.097775642,41003,103765.800263791,0.010926250,1,0.356993000,0.225865000,-0.424467000,0.122474999,-0.782681988,0.610109388,0.013240687,1,0.521704364,0.140562868,-0.466060009,0.122474999,-0.782681988,0.610109388,0.013240687
0.879996584,103765.823565750,vr_world,40921,103765.822423291,0.001144959,1,0.160824000,-0.240257000,-0.409960000,0.015175123,-0.222170713,0.970239282,-0.095108499,1,0.335576262,-0.314180275,-0.430464783,0.015175123,-0.222170713,0.970239282,-0.095108499,41004,103765.822423291,0.001144959,1,0.359307000,0.226654000,-0.422505000,0.115934974,-0.778283472,0.617012819,0.011362187,1,0.522302600,0.138169926,-0.464208943,0.115934974,-0.778283472,0.617012819,0.011362187
0.892245334,103765.835814500,vr_world,40921,103765.822423291,0.013391792,1,0.160824000,-0.240257000,-0.409960000,0.015175123,-0.222170713,0.970239282,-0.095108499,1,0.335576262,-0.314180275,-0.430464783,0.015175123,-0.222170713,0.970239282,-0.095108499,41004,103765.822423291,0.013391792,1,0.359307000,0.226654000,-0.422505000,0.115934974,-0.778283472,0.617012819,0.011362187,1,0.522302600,0.138169926,-0.464208943,0.115934974,-0.778283472,0.617012819,0.011362187
0.904682084,103765.848251250,vr_world,40922,103765.844452291,0.003801042,1,0.161822000,-0.241875000,-0.409528000,0.013968805,-0.225204963,0.969787783,-0.092732153,1,0.336926152,-0.314678885,-0.431011427,0.013968805,-0.225204963,0.969787783,-0.092732153,41005,103765.844452291,0.003801042,1,0.360838000,0.226303000,-0.420854000,0.114834695,-0.773705755,0.622898400,0.013783343,1,0.522280036,0.135604822,-0.463825129,0.114834695,-0.773705755,0.622898400,0.013783343
0.917095750,103765.860664916,vr_world,40922,103765.844452291,0.016213375,1,0.161822000,-0.241875000,-0.409528000,0.013968805,-0.225204963,0.969787783,-0.092732153,1,0.336926152,-0.314678885,-0.431011427,0.013968805,-0.225204963,0.969787783,-0.092732153,41005,103765.844452291,0.016213375,1,0.360838000,0.226303000,-0.420854000,0.114834695,-0.773705755,0.622898400,0.013783343,1,0.522280036,0.135604822,-0.463825129,0.114834695,-0.773705755,0.622898400,0.013783343
0.927806125,103765.871375291,vr_world,40923,103765.866386583,0.004989208,1,0.162670000,-0.244520000,-0.407468000,0.009714809,-0.234000523,0.968521251,-0.084356169,1,0.338673549,-0.314005181,-0.432327985,0.009714809,-0.234000523,0.968521251,-0.084356169,41006,103765.866386583,0.004989208,1,0.363357000,0.225372000,-0.416904000,0.111546830,-0.767809614,0.630606364,0.019008288,1,0.522518991,0.131904327,-0.462373836,0.111546830,-0.767809614,0.630606364,0.019008288
0.940123042,103765.883692208,vr_world,40923,103765.866386583,0.017306125,1,0.162670000,-0.244520000,-0.407468000,0.009714809,-0.234000523,0.968521251,-0.084356169,1,0.338673549,-0.314005181,-0.432327985,0.009714809,-0.234000523,0.968521251,-0.084356169,41006,103765.866386583,0.017306125,1,0.363357000,0.225372000,-0.416904000,0.111546830,-0.767809614,0.630606364,0.019008288,1,0.522518991,0.131904327,-0.462373836,0.111546830,-0.767809614,0.630606364,0.019008288
0.950788084,103765.894357250,vr_world,40924,103765.889892416,0.004465167,1,0.163663000,-0.247184000,-0.404630000,0.007019984,-0.242724897,0.967249290,-0.073919925,1,0.340528067,-0.313134268,-0.432785886,0.007019984,-0.242724897,0.967249290,-0.073919925,41007,103765.889892416,0.004465167,1,0.365410000,0.223622000,-0.412483000,0.111893198,-0.765189216,0.633682902,0.020281904,1,0.523737119,0.129042064,-0.458563811,0.111893198,-0.765189216,0.633682902,0.020281904
0.963207792,103765.906776958,vr_world,40924,103765.889892416,0.016885084,1,0.163663000,-0.247184000,-0.404630000,0.007019984,-0.242724897,0.967249290,-0.073919925,1,0.340528067,-0.313134268,-0.432785886,0.007019984,-0.242724897,0.967249290,-0.073919925,41007,103765.889892416,0.016885084,1,0.365410000,0.223622000,-0.412483000,0.111893198,-0.765189216,0.633682902,0.020281904,1,0.523737119,0.129042064,-0.458563811,0.111893198,-0.765189216,0.633682902,0.020281904
0.975538625,103765.919107791,vr_world,40925,103765.911493583,0.007614708,1,0.164008000,-0.248509000,-0.403221000,0.008595145,-0.244451324,0.967112904,-0.069730233,1,0.341136710,-0.313554273,-0.431820491,0.008595145,-0.244451324,0.967112904,-0.069730233,41008,103765.911493583,0.007614708,1,0.366725000,0.222823000,-0.409768000,0.113108214,-0.762815717,0.636356315,0.019218594,1,0.524462809,0.127118650,-0.455546861,0.113108214,-0.762815717,0.636356315,0.019218594
0.987979500,103765.931548666,vr_world,40925,103765.911493583,0.020057500,1,0.164008000,-0.248509000,-0.403221000,0.008595145,-0.244451324,0.967112904,-0.069730233,1,0.341136710,-0.313554273,-0.431820491,0.008595145,-0.244451324,0.967112904,-0.069730233,41008,103765.911493583,0.020057500,1,0.366725000,0.222823000,-0.409768000,0.113108214,-0.762815717,0.636356315,0.019218594,1,0.524462809,0.127118650,-0.455546861,0.113108214,-0.762815717,0.636356315,0.019218594
1.000389917,103765.943959083,vr_world,40926,103765.934053250,0.009906208,1,0.164384000,-0.251195000,-0.400174000,0.010981696,-0.251407276,0.965722727,-0.063666300,1,0.342459570,-0.313288238,-0.429448030,0.010981696,-0.251407276,0.965722727,-0.063666300,41009,103765.934053250,0.009906208,1,0.369558000,0.221762000,-0.405169000,0.111290669,-0.756119309,0.644674895,0.017095521,1,0.525131842,0.122474385,-0.450720648,0.111290669,-0.756119309,0.644674895,0.017095521
1.011840000,103765.955409166,vr_world,40926,103765.934053250,0.021361791,1,0.164384000,-0.251195000,-0.400174000,0.010981696,-0.251407276,0.965722727,-0.063666300,1,0.342459570,-0.313288238,-0.429448030,0.010981696,-0.251407276,0.965722727,-0.063666300,41009,103765.934053250,0.021361791,1,0.369558000,0.221762000,-0.405169000,0.111290669,-0.756119309,0.644674895,0.017095521,1,0.525131842,0.122474385,-0.450720648,0.111290669,-0.756119309,0.644674895,0.017095521
1.024229292,103765.967798458,vr_world,40927,103765.956370958,0.011427875,1,0.164745000,-0.252606000,-0.398133000,0.015312882,-0.253778889,0.965075165,-0.063180041,1,0.343381871,-0.313638471,-0.426193597,0.015312882,-0.253778889,0.965075165,-0.063180041,41010,103765.956370958,0.011427875,1,0.371614000,0.220515000,-0.401668000,0.108442440,-0.752346196,0.649564382,0.016779511,1,0.525759130,0.119148540,-0.447497367,0.108442440,-0.752346196,0.649564382,0.016779511
1.036647750,103765.980216916,vr_world,40928,103765.979462958,0.000754417,1,0.165736000,-0.255772000,-0.394579000,0.022088814,-0.260473890,0.963395908,-0.059445442,1,0.345536242,-0.313880989,-0.421387147,0.022088814,-0.260473890,0.963395908,-0.059445442,41011,103765.979462958,0.000754417,1,0.374927000,0.218333000,-0.395987000,0.103041705,-0.747784521,0.655652375,0.017907563,1,0.527095773,0.114448856,-0.442773556,0.103041705,-0.747784521,0.655652375,0.017907563
1.049088042,103765.992657208,vr_world,40928,103765.979462958,0.013195917,1,0.165736000,-0.255772000,-0.394579000,0.022088814,-0.260473890,0.963395908,-0.059445442,1,0.345536242,-0.313880989,-0.421387147,0.022088814,-0.260473890,0.963395908,-0.059445442,41011,103765.979462958,0.013195917,1,0.374927000,0.218333000,-0.395987000,0.103041705,-0.747784521,0.655652375,0.017907563,1,0.527095773,0.114448856,-0.442773556,0.103041705,-0.747784521,0.655652375,0.017907563
1.061500000,103766.005069166,vr_world,40929,103766.002941416,0.002128292,1,0.167366000,-0.259181000,-0.390370000,0.028518510,-0.268355845,0.961316743,-0.055153927,1,0.348382515,-0.313892796,-0.416120625,0.028518510,-0.268355845,0.961316743,-0.055153927,41012,103766.002941416,0.002128292,1,0.379293000,0.216433000,-0.390167000,0.095307639,-0.739993165,0.665497374,0.020971748,1,0.528104716,0.108631318,-0.438850656,0.095307639,-0.739993165,0.665497374,0.020971748
1.073928542,103766.017497708,vr_world,40929,103766.002941416,0.014556834,1,0.167366000,-0.259181000,-0.390370000,0.028518510,-0.268355845,0.961316743,-0.055153927,1,0.348382515,-0.313892796,-0.416120625,0.028518510,-0.268355845,0.961316743,-0.055153927,41012,103766.002941416,0.014556834,1,0.379293000,0.216433000,-0.390167000,0.095307639,-0.739993165,0.665497374,0.020971748,1,0.528104716,0.108631318,-0.438850656,0.095307639,-0.739993165,0.665497374,0.020971748
1.086352125,103766.029921291,vr_world,40930,103766.025257291,0.004664375,1,0.168823000,-0.261686000,-0.387399000,0.029798605,-0.276342284,0.959144596,-0.052807462,1,0.350743342,-0.313233395,-0.413308259,0.029798605,-0.276342284,0.959144596,-0.052807462,41013,103766.025257291,0.004664375,1,0.383397000,0.215358000,-0.386441000,0.087562516,-0.731251376,0.675881305,0.028083667,1,0.528263761,0.103798822,-0.438444911,0.087562516,-0.731251376,0.675881305,0.028083667
1.098749042,103766.042318208,vr_world,40930,103766.025257291,0.017061792,1,0.168823000,-0.261686000,-0.387399000,0.029798605,-0.276342284,0.959144596,-0.052807462,1,0.350743342,-0.313233395,-0.413308259,0.029798605,-0.276342284,0.959144596,-0.052807462,41013,103766.025257291,0.017061792,1,0.383397000,0.215358000,-0.386441000,0.087562516,-0.731251376,0.675881305,0.028083667,1,0.528263761,0.103798822,-0.438444911,0.087562516,-0.731251376,0.675881305,0.028083667
1.108877250,103766.052446416,vr_world,40931,103766.047558791,0.004888209,1,0.171732000,-0.265702000,-0.382287000,0.032256470,-0.288008951,0.955897334,-0.047651350,1,0.354890289,-0.312466239,-0.408547302,0.032256470,-0.288008951,0.955897334,-0.047651350,41014,103766.047558791,0.004888209,1,0.389633000,0.213179000,-0.380096000,0.076504505,-0.715960421,0.692652081,0.042199887,1,0.527511177,0.095920827,-0.438202395,0.076504505,-0.715960421,0.692652081,0.042199887
1.121294667,103766.064863833,vr_world,40931,103766.047558791,0.017307167,1,0.171732000,-0.265702000,-0.382287000,0.032256470,-0.288008951,0.955897334,-0.047651350,1,0.354890289,-0.312466239,-0.408547302,0.032256470,-0.288008951,0.955897334,-0.047651350,41014,103766.047558791,0.017307167,1,0.389633000,0.213179000,-0.380096000,0.076504505,-0.715960421,0.692652081,0.042199887,1,0.527511177,0.095920827,-0.438202395,0.076504505,-0.715960421,0.692652081,0.042199887
1.133691084,103766.077260250,vr_world,40932,103766.069824458,0.007436667,1,0.173822000,-0.268229000,-0.379042000,0.029648681,-0.297163347,0.953384049,-0.043286891,1,0.357610513,-0.311347158,-0.407078860,0.029648681,-0.297163347,0.953384049,-0.043286891,41015,103766.069824458,0.007436667,1,0.392165000,0.211610000,-0.377006000,0.071986294,-0.710830229,0.697816184,0.050901193,1,0.527341569,0.092960592,-0.438535130,0.071986294,-0.710830229,0.697816184,0.050901193
1.146102167,103766.089671333,vr_world,40932,103766.069824458,0.019847792,1,0.173822000,-0.268229000,-0.379042000,0.029648681,-0.297163347,0.953384049,-0.043286891,1,0.357610513,-0.311347158,-0.407078860,0.029648681,-0.297163347,0.953384049,-0.043286891,41015,103766.069824458,0.019847792,1,0.392165000,0.211610000,-0.377006000,0.071986294,-0.710830229,0.697816184,0.050901193,1,0.527341569,0.092960592,-0.438535130,0.071986294,-0.710830229,0.697816184,0.050901193
1.158500500,103766.102069666,vr_world,40933,103766.092782666,0.009287917,1,0.177917000,-0.272916000,-0.373365000,0.026664999,-0.313065419,0.948714661,-0.034921538,1,0.362688755,-0.309513200,-0.404081011,0.026664999,-0.313065419,0.948714661,-0.034921538,41016,103766.092782666,0.009287917,1,0.397171000,0.209257000,-0.372926000,0.061773089,-0.702604768,0.706760398,0.054957855,1,0.528245025,0.087065771,-0.436369900,0.061773089,-0.702604768,0.706760398,0.054957855
1.169950792,103766.113519958,vr_world,40933,103766.092782666,0.020737834,1,0.177917000,-0.272916000,-0.373365000,0.026664999,-0.313065419,0.948714661,-0.034921538,1,0.362688755,-0.309513200,-0.404081011,0.026664999,-0.313065419,0.948714661,-0.034921538,41016,103766.092782666,0.020737834,1,0.397171000,0.209257000,-0.372926000,0.061773089,-0.702604768,0.706760398,0.054957855,1,0.528245025,0.087065771,-0.436369900,0.061773089,-0.702604768,0.706760398,0.054957855
1.180127792,103766.123696958,vr_world,40934,103766.115958375,0.007739166,1,0.182488000,-0.277132000,-0.368042000,0.025141543,-0.327105539,0.944244932,-0.027773673,1,0.368003458,-0.307861519,-0.400648206,0.025141543,-0.327105539,0.944244932,-0.027773673,41017,103766.115958375,0.007739166,1,0.403676000,0.207129000,-0.368206000,0.048542182,-0.689227461,0.720085807,0.063918653,1,0.528130810,0.080080812,-0.435332387,0.048542182,-0.689227461,0.720085807,0.063918653
1.192209917,103766.135779083,vr_world,40934,103766.115958375,0.019821500,1,0.182488000,-0.277132000,-0.368042000,0.025141543,-0.327105539,0.944244932,-0.027773673,1,0.368003458,-0.307861519,-0.400648206,0.025141543,-0.327105539,0.944244932,-0.027773673,41017,103766.115958375,0.019821500,1,0.403676000,0.207129000,-0.368206000,0.048542182,-0.689227461,0.720085807,0.063918653,1,0.528130810,0.080080812,-0.435332387,0.048542182,-0.689227461,0.720085807,0.063918653
1.204130000,103766.147699166,vr_world,40935,103766.137785708,0.009914458,1,0.185601000,-0.279836000,-0.364981000,0.022222322,-0.332530388,0.942579346,-0.021768938,1,0.371130111,-0.308131788,-0.399646777,0.022222322,-0.332530388,0.942579346,-0.021768938,41018,103766.137785708,0.009914458,1,0.407944000,0.206222000,-0.366312000,0.038904830,-0.678386150,0.730254304,0.070762254,1,0.527065674,0.075543727,-0.436093406,0.038904830,-0.678386150,0.730254304,0.070762254
1.214798792,103766.158367958,vr_world,40935,103766.137785708,0.020583583,1,0.185601000,-0.279836000,-0.364981000,0.022222322,-0.332530388,0.942579346,-0.021768938,1,0.371130111,-0.308131788,-0.399646777,0.022222322,-0.332530388,0.942579346,-0.021768938,41018,103766.137785708,0.020583583,1,0.407944000,0.206222000,-0.366312000,0.038904830,-0.678386150,0.730254304,0.070762254,1,0.527065674,0.075543727,-0.436093406,0.038904830,-0.678386150,0.730254304,0.070762254
1.227195084,103766.170764250,vr_world,40936,103766.159848500,0.010916291,1,0.191093000,-0.284976000,-0.360240000,0.020928649,-0.346636460,0.937708658,-0.010374454,1,0.377009468,-0.306936967,-0.397337469,0.020928649,-0.346636460,0.937708658,-0.010374454,41019,103766.159848500,0.010916291,1,0.414439000,0.203401000,-0.362004000,0.021848050,-0.662356333,0.744198129,0.083521826,1,0.525092087,0.067871802,-0.436327221,0.021848050,-0.662356333,0.744198129,0.083521826
1.239143917,103766.182713083,vr_world,40937,103766.182295333,0.000419333,1,0.197671000,-0.290761000,-0.354695000,0.014917104,-0.363482640,0.931462479,0.005958295,1,0.383351914,-0.304930385,-0.396471797,0.014917104,-0.363482640,0.931462479,0.005958295,41020,103766.182295333,0.000419333,1,0.420090000,0.199849000,-0.358496000,0.007219342,-0.651848157,0.752007388,0.097605068,1,0.524346425,0.061911922,-0.437491005,0.007219342,-0.651848157,0.752007388,0.097605068
1.249462417,103766.193031583,vr_world,40937,103766.182295333,0.010738542,1,0.197671000,-0.290761000,-0.354695000,0.014917104,-0.363482640,0.931462479,0.005958295,1,0.383351914,-0.304930385,-0.396471797,0.014917104,-0.363482640,0.931462479,0.005958295,41020,103766.182295333,0.010738542,1,0.420090000,0.199849000,-0.358496000,0.007219342,-0.651848157,0.752007388,0.097605068,1,0.524346425,0.061911922,-0.437491005,0.007219342,-0.651848157,0.752007388,0.097605068
1.260877334,103766.204446500,vr_world,40937,103766.182295333,0.022152417,1,0.197671000,-0.290761000,-0.354695000,0.014917104,-0.363482640,0.931462479,0.005958295,1,0.383351914,-0.304930385,-0.396471797,0.014917104,-0.363482640,0.931462479,0.005958295,41020,103766.182295333,0.022152417,1,0.420090000,0.199849000,-0.358496000,0.007219342,-0.651848157,0.752007388,0.097605068,1,0.524346425,0.061911922,-0.437491005,0.007219342,-0.651848157,0.752007388,0.097605068
1.273253584,103766.216822750,vr_world,40938,103766.205586291,0.011238167,1,0.201447000,-0.293917000,-0.352247000,0.009216915,-0.371700589,0.928158853,0.016579029,1,0.386557602,-0.304058742,-0.397575526,0.009216915,-0.371700589,0.928158853,0.016579029,41021,103766.205586291,0.011238167,1,0.423955000,0.198291000,-0.357734000,0.000385587,-0.645287344,0.756638405,0.105368019,1,0.524462144,0.059030606,-0.439226891,0.000385587,-0.645287344,0.756638405,0.105368019
1.285643834,103766.229213000,vr_world,40939,103766.227844375,0.001371625,1,0.208696000,-0.299388000,-0.347800000,0.003879001,-0.387209538,0.921416663,0.032327401,1,0.393031564,-0.302003942,-0.397165516,0.003879001,-0.387209538,0.921416663,0.032327401,41022,103766.227844375,0.001371625,1,0.431067000,0.194995000,-0.355167000,0.015996388,0.628633496,-0.768267206,-0.119706073,1,0.522471097,0.052049520,-0.440888054,0.015996388,0.628633496,-0.768267206,-0.119706073
1.298048584,103766.241617750,vr_world,40939,103766.227844375,0.013775291,1,0.208696000,-0.299388000,-0.347800000,0.003879001,-0.387209538,0.921416663,0.032327401,1,0.393031564,-0.302003942,-0.397165516,0.003879001,-0.387209538,0.921416663,0.032327401,41022,103766.227844375,0.013775291,1,0.431067000,0.194995000,-0.355167000,0.015996388,0.628633496,-0.768267206,-0.119706073,1,0.522471097,0.052049520,-0.440888054,0.015996388,0.628633496,-0.768267206,-0.119706073
1.308888917,103766.252458083,vr_world,40940,103766.249881041,0.002579459,1,0.212449000,-0.302113000,-0.345845000,0.000701854,0.394903815,-0.917782873,-0.041534111,1,0.396032725,-0.300845053,-0.397987765,0.000701854,0.394903815,-0.917782873,-0.041534111,41023,103766.249881041,0.002579459,1,0.434525000,0.192892000,-0.353785000,0.024969715,0.620502099,-0.773166479,-0.128713850,1,0.521175540,0.048549183,-0.442063284,0.024969715,0.620502099,-0.773166479,-0.128713850
1.321289959,103766.264859125,vr_world,40940,103766.249881041,0.014979167,1,0.212449000,-0.302113000,-0.345845000,0.000701854,0.394903815,-0.917782873,-0.041534111,1,0.396032725,-0.300845053,-0.397987765,0.000701854,0.394903815,-0.917782873,-0.041534111,41023,103766.249881041,0.014979167,1,0.434525000,0.192892000,-0.353785000,0.024969715,0.620502099,-0.773166479,-0.128713850,1,0.521175540,0.048549183,-0.442063284,0.024969715,0.620502099,-0.773166479,-0.128713850
1.333709709,103766.277278875,vr_world,40941,103766.271830875,0.005448291,1,0.219674000,-0.306837000,-0.343013000,0.005318201,0.406407677,-0.911939037,-0.056317941,1,0.402111135,-0.299500279,-0.398567557,0.005318201,0.406407677,-0.911939037,-0.056317941,41024,103766.271830875,0.005448291,1,0.440265000,0.189637000,-0.352015000,0.040663326,0.605952404,-0.781804030,-0.141246723,1,0.518695006,0.042559659,-0.443410974,0.040663326,0.605952404,-0.781804030,-0.141246723
1.346135917,103766.289705083,vr_world,40941,103766.271830875,0.017874666,1,0.219674000,-0.306837000,-0.343013000,0.005318201,0.406407677,-0.911939037,-0.056317941,1,0.402111135,-0.299500279,-0.398567557,0.005318201,0.406407677,-0.911939037,-0.056317941,41024,103766.271830875,0.017874666,1,0.440265000,0.189637000,-0.352015000,0.040663326,0.605952404,-0.781804030,-0.141246723,1,0.518695006,0.042559659,-0.443410974,0.040663326,0.605952404,-0.781804030,-0.141246723
1.358495834,103766.302065000,vr_world,40942,103766.295136416,0.006929792,1,0.226985000,-0.311221000,-0.340715000,0.013450301,0.416257928,-0.906548299,-0.068692133,1,0.407818520,-0.298721020,-0.400434660,0.013450301,0.416257928,-0.906548299,-0.068692133,41025,103766.295136416,0.006929792,1,0.446420000,0.186579000,-0.351181000,0.056866553,0.588577151,-0.792401818,-0.149808183,1,0.515806021,0.035848774,-0.443928982,0.056866553,0.588577151,-0.792401818,-0.149808183
1.370918500,103766.314487666,vr_world,40942,103766.295136416,0.019351750,1,0.226985000,-0.311221000,-0.340715000,0.013450301,0.416257928,-0.906548299,-0.068692133,1,0.407818520,-0.298721020,-0.400434660,0.013450301,0.416257928,-0.906548299,-0.068692133,41025,103766.295136416,0.019351750,1,0.446420000,0.186579000,-0.351181000,0.056866553,0.588577151,-0.792401818,-0.149808183,1,0.515806021,0.035848774,-0.443928982,0.056866553,0.588577151,-0.792401818,-0.149808183
1.383346959,103766.326916125,vr_world,40943,103766.317751875,0.009164708,1,0.231537000,-0.314577000,-0.340141000,0.017453970,0.424861028,-0.901824743,-0.076815356,1,0.411290790,-0.297749219,-0.402018705,0.017453970,0.424861028,-0.901824743,-0.076815356,41026,103766.317751875,0.009164708,1,0.450123000,0.184881000,-0.350584000,0.067447250,0.575978163,-0.800063743,-0.153616508,1,0.513275132,0.031469227,-0.443389474,0.067447250,0.575978163,-0.800063743,-0.153616508
1.394595625,103766.338164791,vr_world,40943,103766.317751875,0.020416000,1,0.231537000,-0.314577000,-0.340141000,0.017453970,0.424861028,-0.901824743,-0.076815356,1,0.411290790,-0.297749219,-0.402018705,0.017453970,0.424861028,-0.901824743,-0.076815356,41026,103766.317751875,0.020416000,1,0.450123000,0.184881000,-0.350584000,0.067447250,0.575978163,-0.800063743,-0.153616508,1,0.513275132,0.031469227,-0.443389474,0.067447250,0.575978163,-0.800063743,-0.153616508
1.406798417,103766.350367583,vr_world,40944,103766.340116291,0.010251667,1,0.239137000,-0.320229000,-0.339029000,0.022057398,0.443545230,-0.891014079,-0.094207276,1,0.416655615,-0.293831292,-0.403942310,0.022057398,0.443545230,-0.891014079,-0.094207276,41027,103766.340116291,0.010251667,1,0.455693000,0.181344000,-0.349466000,0.085331216,0.558824512,-0.809382037,-0.159168045,1,0.510038008,0.024401463,-0.441942245,0.085331216,0.558824512,-0.809382037,-0.159168045
1.418950500,103766.362519666,vr_world,40944,103766.340116291,0.022404042,1,0.239137000,-0.320229000,-0.339029000,0.022057398,0.443545230,-0.891014079,-0.094207276,1,0.416655615,-0.293831292,-0.403942310,0.022057398,0.443545230,-0.891014079,-0.094207276,41027,103766.340116291,0.022404042,1,0.455693000,0.181344000,-0.349466000,0.085331216,0.558824512,-0.809382037,-0.159168045,1,0.510038008,0.024401463,-0.441942245,0.085331216,0.558824512,-0.809382037,-0.159168045
1.430792000,103766.374361166,vr_world,40945,103766.363560500,0.010801208,1,0.247282000,-0.325718000,-0.338471000,0.028144118,0.462657459,-0.879025595,-0.111669103,1,0.421840239,-0.289465253,-0.406578295,0.028144118,0.462657459,-0.879025595,-0.111669103,41028,103766.363560500,0.010801208,1,0.461076000,0.178249000,-0.349423000,0.101528553,0.545493937,-0.815968759,-0.162244573,1,0.508556429,0.018459876,-0.440797152,0.101528553,0.545493937,-0.815968759,-0.162244573
1.442218250,103766.385787416,vr_world,40945,103766.363560500,0.022227541,1,0.247282000,-0.325718000,-0.338471000,0.028144118,0.462657459,-0.879025595,-0.111669103,1,0.421840239,-0.289465253,-0.406578295,0.028144118,0.462657459,-0.879025595,-0.111669103,41028,103766.363560500,0.022227541,1,0.461076000,0.178249000,-0.349423000,0.101528553,0.545493937,-0.815968759,-0.162244573,1,0.508556429,0.018459876,-0.440797152,0.101528553,0.545493937,-0.815968759,-0.162244573
1.454636959,103766.398206125,vr_world,40946,103766.386430166,0.011776417,1,0.252129000,-0.328850000,-0.339160000,0.030860853,0.470791031,-0.873514496,-0.119899281,1,0.425187438,-0.288261692,-0.408635076,0.030860853,0.470791031,-0.873514496,-0.119899281,41029,103766.386430166,0.011776417,1,0.465620000,0.175820000,-0.349394000,0.109713064,0.537644182,-0.819326230,-0.166151454,1,0.508976319,0.014888490,-0.440813389,0.109713064,0.537644182,-0.819326230,-0.166151454
1.467049959,103766.410619125,vr_world,40947,103766.409137875,0.001481708,1,0.261106000,-0.334137000,-0.339170000,0.039502806,0.480890375,-0.864613967,-0.140095192,1,0.430675167,-0.286806154,-0.412855550,0.039502806,0.480890375,-0.864613967,-0.140095192,41030,103766.409137875,0.001481708,1,0.473972000,0.171616000,-0.348270000,0.130369662,0.517486001,-0.826018444,-0.181398787,1,0.506270115,0.008937857,-0.441161773,0.130369662,0.517486001,-0.826018444,-0.181398787
1.478799542,103766.422368708,vr_world,40947,103766.409137875,0.013231166,1,0.261106000,-0.334137000,-0.339170000,0.039502806,0.480890375,-0.864613967,-0.140095192,1,0.430675167,-0.286806154,-0.412855550,0.039502806,0.480890375,-0.864613967,-0.140095192,41030,103766.409137875,0.013231166,1,0.473972000,0.171616000,-0.348270000,0.130369662,0.517486001,-0.826018444,-0.181398787,1,0.506270115,0.008937857,-0.441161773,0.130369662,0.517486001,-0.826018444,-0.181398787
1.491160584,103766.434729750,vr_world,40948,103766.431200250,0.003529958,1,0.270485000,-0.339413000,-0.340210000,0.047855757,0.490659022,-0.855351430,-0.159177516,1,0.436378039,-0.285472460,-0.417626759,0.047855757,0.490659022,-0.855351430,-0.159177516,41031,103766.431200250,0.003529958,1,0.482039000,0.167972000,-0.347984000,0.153685201,0.497314012,-0.831730614,-0.193090181,1,0.503563592,0.003256804,-0.440406063,0.153685201,0.497314012,-0.831730614,-0.193090181
1.503570875,103766.447140041,vr_world,40948,103766.431200250,0.015940333,1,0.270485000,-0.339413000,-0.340210000,0.047855757,0.490659022,-0.855351430,-0.159177516,1,0.436378039,-0.285472460,-0.417626759,0.047855757,0.490659022,-0.855351430,-0.159177516,41031,103766.431200250,0.015940333,1,0.482039000,0.167972000,-0.347984000,0.153685201,0.497314012,-0.831730614,-0.193090181,1,0.503563592,0.003256804,-0.440406063,0.153685201,0.497314012,-0.831730614,-0.193090181
1.515992542,103766.459561708,vr_world,40949,103766.453831416,0.005730834,1,0.276598000,-0.343523000,-0.341254000,0.055212900,0.499064205,-0.847082301,-0.174178158,1,0.439157556,-0.284012463,-0.421605242,0.055212900,0.499064205,-0.847082301,-0.174178158,41032,103766.453831416,0.005730834,1,0.486567000,0.165780000,-0.348886000,0.168041044,0.489796419,-0.832673608,-0.196255795,1,0.503904674,-0.000179934,-0.439951412,0.168041044,0.489796419,-0.832673608,-0.196255795
1.528393750,103766.471962916,vr_world,40949,103766.453831416,0.018132167,1,0.276598000,-0.343523000,-0.341254000,0.055212900,0.499064205,-0.847082301,-0.174178158,1,0.439157556,-0.284012463,-0.421605242,0.055212900,0.499064205,-0.847082301,-0.174178158,41032,103766.453831416,0.018132167,1,0.486567000,0.165780000,-0.348886000,0.168041044,0.489796419,-0.832673608,-0.196255795,1,0.503904674,-0.000179934,-0.439951412,0.168041044,0.489796419,-0.832673608,-0.196255795
1.539123334,103766.482692500,vr_world,40950,103766.476585166,0.006107917,1,0.286848000,-0.350818000,-0.343803000,0.060336965,0.515462497,-0.830689093,-0.201527901,1,0.444009062,-0.280476667,-0.426118788,0.060336965,0.515462497,-0.830689093,-0.201527901,41033,103766.476585166,0.006107917,1,0.494116000,0.161167000,-0.348626000,0.189920567,0.475725182,-0.833274747,-0.208011840,1,0.503384446,-0.005670817,-0.439265085,0.189920567,0.475725182,-0.833274747,-0.208011840
1.550792375,103766.494361541,vr_world,40950,103766.476585166,0.017776834,1,0.286848000,-0.350818000,-0.343803000,0.060336965,0.515462497,-0.830689093,-0.201527901,1,0.444009062,-0.280476667,-0.426118788,0.060336965,0.515462497,-0.830689093,-0.201527901,41033,103766.476585166,0.017776834,1,0.494116000,0.161167000,-0.348626000,0.189920567,0.475725182,-0.833274747,-0.208011840,1,0.503384446,-0.005670817,-0.439265085,0.189920567,0.475725182,-0.833274747,-0.208011840
1.563056292,103766.506625458,vr_world,40951,103766.499724041,0.006901834,1,0.298343000,-0.358412000,-0.346142000,0.069743863,0.530203258,-0.811888750,-0.234215620,1,0.448352279,-0.276825529,-0.431372823,0.069743863,0.530203258,-0.811888750,-0.234215620,41034,103766.499724041,0.006901834,1,0.501904000,0.156175000,-0.349057000,0.208962507,0.460749682,-0.834699914,-0.217532652,1,0.503302683,-0.011548907,-0.438516391,0.208962507,0.460749682,-0.834699914,-0.217532652
1.574835500,103766.518404666,vr_world,40951,103766.499724041,0.018681209,1,0.298343000,-0.358412000,-0.346142000,0.069743863,0.530203258,-0.811888750,-0.234215620,1,0.448352279,-0.276825529,-0.431372823,0.069743863,0.530203258,-0.811888750,-0.234215620,41034,103766.499724041,0.018681209,1,0.501904000,0.156175000,-0.349057000,0.208962507,0.460749682,-0.834699914,-0.217532652,1,0.503302683,-0.011548907,-0.438516391,0.208962507,0.460749682,-0.834699914,-0.217532652
1.585460792,103766.529029958,vr_world,40952,103766.521919291,0.007111292,1,0.303880000,-0.361368000,-0.348546000,0.076404766,0.527787588,-0.808427927,-0.249092073,1,0.451381883,-0.278072486,-0.436457811,0.076404766,0.527787588,-0.808427927,-0.249092073,41035,103766.521919291,0.007111292,1,0.505562000,0.153752000,-0.349400000,0.215629527,0.451424879,-0.836823940,-0.222362721,1,0.502494466,-0.014216771,-0.438356719,0.215629527,0.451424879,-0.836823940,-0.222362721
1.596125084,103766.539694250,vr_world,40952,103766.521919291,0.017775375,1,0.303880000,-0.361368000,-0.348546000,0.076404766,0.527787588,-0.808427927,-0.249092073,1,0.451381883,-0.278072486,-0.436457811,0.076404766,0.527787588,-0.808427927,-0.249092073,41035,103766.521919291,0.017775375,1,0.505562000,0.153752000,-0.349400000,0.215629527,0.451424879,-0.836823940,-0.222362721,1,0.502494466,-0.014216771,-0.438356719,0.215629527,0.451424879,-0.836823940,-0.222362721
1.607549417,103766.551118583,vr_world,40953,103766.543775541,0.007343625,1,0.314662000,-0.368388000,-0.352509000,0.084368670,0.533749839,-0.793780931,-0.279114441,1,0.456125007,-0.277249527,-0.442539170,0.084368670,0.533749839,-0.793780931,-0.279114441,41036,103766.543775541,0.007343625,1,0.512334000,0.148513000,-0.350241000,0.229869790,0.438975985,-0.837102118,-0.231775770,1,0.502758726,-0.019566861,-0.438522967,0.229869790,0.438975985,-0.837102118,-0.231775770
1.619952792,103766.563521958,vr_world,40953,103766.543775541,0.019746709,1,0.314662000,-0.368388000,-0.352509000,0.084368670,0.533749839,-0.793780931,-0.279114441,1,0.456125007,-0.277249527,-0.442539170,0.084368670,0.533749839,-0.793780931,-0.279114441,41036,103766.543775541,0.019746709,1,0.512334000,0.148513000,-0.350241000,0.229869790,0.438975985,-0.837102118,-0.231775770,1,0.502758726,-0.019566861,-0.438522967,0.229869790,0.438975985,-0.837102118,-0.231775770
1.632376709,103766.575945875,vr_world,40954,103766.566125208,0.009821167,1,0.320381000,-0.372495000,-0.355967000,0.086069154,0.543630125,-0.780933107,-0.295299629,1,0.457741347,-0.274571288,-0.445222353,0.086069154,0.543630125,-0.780933107,-0.295299629,41037,103766.566125208,0.009821167,1,0.515970000,0.145075000,-0.350657000,0.231697790,0.434312098,-0.836282244,-0.241497711,1,0.503339144,-0.021733477,-0.440943367,0.231697790,0.434312098,-0.836282244,-0.241497711
1.644135209,103766.587704375,vr_world,40954,103766.566125208,0.021579583,1,0.320381000,-0.372495000,-0.355967000,0.086069154,0.543630125,-0.780933107,-0.295299629,1,0.457741347,-0.274571288,-0.445222353,0.086069154,0.543630125,-0.780933107,-0.295299629,41037,103766.566125208,0.021579583,1,0.515970000,0.145075000,-0.350657000,0.231697790,0.434312098,-0.836282244,-0.241497711,1,0.503339144,-0.021733477,-0.440943367,0.231697790,0.434312098,-0.836282244,-0.241497711
1.656553500,103766.600122666,vr_world,40955,103766.588139666,0.011983417,1,0.330071000,-0.378822000,-0.361448000,0.088169027,0.557289859,-0.759963714,-0.322659867,1,0.460711204,-0.270567894,-0.448841359,0.088169027,0.557289859,-0.759963714,-0.322659867,41038,103766.588139666,0.011983417,1,0.521744000,0.138946000,-0.351767000,0.236545749,0.427790571,-0.833696994,-0.256886470,1,0.504513282,-0.025849131,-0.444943513,0.236545749,0.427790571,-0.833696994,-0.256886470
1.668967459,103766.612536625,vr_world,40956,103766.610647041,0.001892500,1,0.333549000,-0.380953000,-0.364214000,0.088514340,0.557509028,-0.755809597,-0.331814329,1,0.462811727,-0.270817074,-0.451304072,0.088514340,0.557509028,-0.755809597,-0.331814329,41039,103766.610647041,0.001892500,1,0.524077000,0.135683000,-0.352225000,0.235449214,0.427485356,-0.831857686,-0.264258828,1,0.505837020,-0.027736311,-0.447606650,0.235449214,0.427485356,-0.831857686,-0.264258828
1.681348667,103766.624917833,vr_world,40956,103766.610647041,0.014271292,1,0.333549000,-0.380953000,-0.364214000,0.088514340,0.557509028,-0.755809597,-0.331814329,1,0.462811727,-0.270817074,-0.451304072,0.088514340,0.557509028,-0.755809597,-0.331814329,41039,103766.610647041,0.014271292,1,0.524077000,0.135683000,-0.352225000,0.235449214,0.427485356,-0.831857686,-0.264258828,1,0.505837020,-0.027736311,-0.447606650,0.235449214,0.427485356,-0.831857686,-0.264258828
1.692204334,103766.635773500,vr_world,40957,103766.632382333,0.003391583,1,0.341258000,-0.385398000,-0.368651000,0.090790744,0.554713824,-0.748718865,-0.351382520,1,0.467854479,-0.272316444,-0.455882451,0.090790744,0.554713824,-0.748718865,-0.351382520,41040,103766.632382333,0.003391583,1,0.529075000,0.130689000,-0.353752000,0.239934210,0.422034342,-0.830319154,-0.273657984,1,0.507403460,-0.031569677,-0.450388888,0.239934210,0.422034342,-0.830319154,-0.273657984
1.704613709,103766.648182875,vr_world,40957,103766.632382333,0.015801250,1,0.341258000,-0.385398000,-0.368651000,0.090790744,0.554713824,-0.748718865,-0.351382520,1,0.467854479,-0.272316444,-0.455882451,0.090790744,0.554713824,-0.748718865,-0.351382520,41040,103766.632382333,0.015801250,1,0.529075000,0.130689000,-0.353752000,0.239934210,0.422034342,-0.830319154,-0.273657984,1,0.507403460,-0.031569677,-0.450388888,0.239934210,0.422034342,-0.830319154,-0.273657984
1.717002959,103766.660572125,vr_world,40958,103766.654491000,0.006081666,1,0.348282000,-0.389822000,-0.373128000,0.092961311,0.551772255,-0.741708917,-0.369828955,1,0.472340622,-0.273963152,-0.460361270,0.092961311,0.551772255,-0.741708917,-0.369828955,41041,103766.654491000,0.006081666,1,0.534357000,0.126501000,-0.356358000,0.245119333,0.411088361,-0.832277322,-0.279709368,1,0.507652175,-0.035339122,-0.452435197,0.245119333,0.411088361,-0.832277322,-0.279709368
1.727258084,103766.670827250,vr_world,40958,103766.654491000,0.016336916,1,0.348282000,-0.389822000,-0.373128000,0.092961311,0.551772255,-0.741708917,-0.369828955,1,0.472340622,-0.273963152,-0.460361270,0.092961311,0.551772255,-0.741708917,-0.369828955,41041,103766.654491000,0.016336916,1,0.534357000,0.126501000,-0.356358000,0.245119333,0.411088361,-0.832277322,-0.279709368,1,0.507652175,-0.035339122,-0.452435197,0.245119333,0.411088361,-0.832277322,-0.279709368
1.739672334,103766.683241500,vr_world,40959,103766.677513500,0.005728541,1,0.352167000,-0.391746000,-0.375492000,0.093220542,0.551912582,-0.736573122,-0.379687329,1,0.474677575,-0.273786356,-0.462095288,0.093220542,0.551912582,-0.736573122,-0.379687329,41042,103766.677513500,0.005728541,1,0.538272000,0.124535000,-0.358038000,0.249893595,0.401230791,-0.834309191,-0.283716790,1,0.507250417,-0.037111855,-0.453138818,0.249893595,0.401230791,-0.834309191,-0.283716790
1.752074584,103766.695643750,vr_world,40959,103766.677513500,0.018130833,1,0.352167000,-0.391746000,-0.375492000,0.093220542,0.551912582,-0.736573122,-0.379687329,1,0.474677575,-0.273786356,-0.462095288,0.093220542,0.551912582,-0.736573122,-0.379687329,41042,103766.677513500,0.018130833,1,0.538272000,0.124535000,-0.358038000,0.249893595,0.401230791,-0.834309191,-0.283716790,1,0.507250417,-0.037111855,-0.453138818,0.249893595,0.401230791,-0.834309191,-0.283716790
1.764126875,103766.707696041,vr_world,40960,103766.700113875,0.007582750,1,0.358456000,-0.395017000,-0.379683000,0.093538703,0.550616442,-0.727549070,-0.398427402,1,0.478342323,-0.273561748,-0.465119109,0.093538703,0.550616442,-0.727549070,-0.398427402,41043,103766.700113875,0.007582750,1,0.544388000,0.121191000,-0.360581000,0.262282078,0.390311007,-0.832192697,-0.293803921,1,0.507610088,-0.039713611,-0.454885268,0.262282078,0.390311007,-0.832192697,-0.293803921
1.775542084,103766.719111250,vr_world,40960,103766.700113875,0.018997875,1,0.358456000,-0.395017000,-0.379683000,0.093538703,0.550616442,-0.727549070,-0.398427402,1,0.478342323,-0.273561748,-0.465119109,0.093538703,0.550616442,-0.727549070,-0.398427402,41043,103766.700113875,0.018997875,1,0.544388000,0.121191000,-0.360581000,0.262282078,0.390311007,-0.832192697,-0.293803921,1,0.507610088,-0.039713611,-0.454885268,0.262282078,0.390311007,-0.832192697,-0.293803921
1.787956209,103766.731525375,vr_world,40961,103766.723573958,0.007951792,1,0.365380000,-0.398533000,-0.383713000,0.096412086,0.552293408,-0.715198006,-0.417335014,1,0.481230342,-0.272405734,-0.467939368,0.096412086,0.552293408,-0.715198006,-0.417335014,41044,103766.723573958,0.007951792,1,0.550560000,0.118887000,-0.364117000,0.281762958,0.383672351,-0.827146380,-0.298720655,1,0.510089016,-0.042786017,-0.455550840,0.281762958,0.383672351,-0.827146380,-0.298720655
1.800343917,103766.743913083,vr_world,40961,103766.723573958,0.020339708,1,0.365380000,-0.398533000,-0.383713000,0.096412086,0.552293408,-0.715198006,-0.417335014,1,0.481230342,-0.272405734,-0.467939368,0.096412086,0.552293408,-0.715198006,-0.417335014,41044,103766.723573958,0.020339708,1,0.550560000,0.118887000,-0.364117000,0.281762958,0.383672351,-0.827146380,-0.298720655,1,0.510089016,-0.042786017,-0.455550840,0.281762958,0.383672351,-0.827146380,-0.298720655
1.812755584,103766.756324750,vr_world,40962,103766.747144625,0.009180500,1,0.368950000,-0.399697000,-0.386123000,0.097821033,0.552041971,-0.708722686,-0.428243928,1,0.482751372,-0.271268398,-0.469662148,0.097821033,0.552041971,-0.708722686,-0.428243928,41045,103766.747144625,0.009180500,1,0.554232000,0.117627000,-0.365710000,0.289938245,0.380525915,-0.824088452,-0.303338203,1,0.511784167,-0.043892847,-0.456516216,0.289938245,0.380525915,-0.824088452,-0.303338203
1.825173292,103766.768742458,vr_world,40962,103766.747144625,0.021598375,1,0.368950000,-0.399697000,-0.386123000,0.097821033,0.552041971,-0.708722686,-0.428243928,1,0.482751372,-0.271268398,-0.469662148,0.097821033,0.552041971,-0.708722686,-0.428243928,41045,103766.747144625,0.021598375,1,0.554232000,0.117627000,-0.365710000,0.289938245,0.380525915,-0.824088452,-0.303338203,1,0.511784167,-0.043892847,-0.456516216,0.289938245,0.380525915,-0.824088452,-0.303338203
1.837571417,103766.781140583,vr_world,40963,103766.770016333,0.011124667,1,0.375432000,-0.401901000,-0.389823000,0.102422274,0.552916038,-0.695012389,-0.448052800,1,0.484566188,-0.268742461,-0.472175811,0.102422274,0.552916038,-0.695012389,-0.448052800,41046,103766.770016333,0.011124667,1,0.559655000,0.115815000,-0.367799000,0.297775774,0.381024852,-0.817868009,-0.311835807,1,0.516003100,-0.044831453,-0.459578266,0.297775774,0.381024852,-0.817868009,-0.311835807
1.849975000,103766.793544166,vr_world,40964,103766.792575958,0.000968542,1,0.381199000,-0.403689000,-0.393742000,0.107549772,0.553208970,-0.681835198,-0.466362139,1,0.485752401,-0.266249757,-0.474997752,0.107549772,0.553208970,-0.681835198,-0.466362139,41047,103766.792575958,0.000968542,1,0.564246000,0.114962000,-0.370365000,0.303294925,0.387622272,-0.811750228,-0.314360828,1,0.522422453,-0.045721006,-0.462928533,0.303294925,0.387622272,-0.811750228,-0.314360828
1.862033834,103766.805603000,vr_world,40964,103766.792575958,0.013027542,1,0.381199000,-0.403689000,-0.393742000,0.107549772,0.553208970,-0.681835198,-0.466362139,1,0.485752401,-0.266249757,-0.474997752,0.107549772,0.553208970,-0.681835198,-0.466362139,41047,103766.792575958,0.013027542,1,0.564246000,0.114962000,-0.370365000,0.303294925,0.387622272,-0.811750228,-0.314360828,1,0.522422453,-0.045721006,-0.462928533,0.303294925,0.387622272,-0.811750228,-0.314360828
1.874427750,103766.817996916,vr_world,40965,103766.815033875,0.002963333,1,0.384494000,-0.404512000,-0.395777000,0.112828736,0.554421588,-0.673620045,-0.475523306,1,0.485688249,-0.264480440,-0.476859517,0.112828736,0.554421588,-0.673620045,-0.475523306,41048,103766.815033875,0.002963333,1,0.567273000,0.114528000,-0.371568000,0.305867578,0.390699856,-0.807531815,-0.318890287,1,0.525819480,-0.045531519,-0.465369589,0.305867578,0.390699856,-0.807531815,-0.318890287
1.886838417,103766.830407583,vr_world,40965,103766.815033875,0.015374208,1,0.384494000,-0.404512000,-0.395777000,0.112828736,0.554421588,-0.673620045,-0.475523306,1,0.485688249,-0.264480440,-0.476859517,0.112828736,0.554421588,-0.673620045,-0.475523306,41048,103766.815033875,0.015374208,1,0.567273000,0.114528000,-0.371568000,0.305867578,0.390699856,-0.807531815,-0.318890287,1,0.525819480,-0.045531519,-0.465369589,0.305867578,0.390699856,-0.807531815,-0.318890287
1.899251125,103766.842820291,vr_world,40966,103766.838448458,0.004372333,1,0.389465000,-0.405164000,-0.398098000,0.122692451,0.554293371,-0.663021271,-0.487963334,1,0.485678544,-0.262047691,-0.479854655,0.122692451,0.554293371,-0.663021271,-0.487963334,41049,103766.838448458,0.004372333,1,0.572530000,0.113694000,-0.373800000,0.313867324,0.392019038,-0.799704182,-0.329061693,1,0.529866264,-0.045154665,-0.469105495,0.313867324,0.392019038,-0.799704182,-0.329061693
1.911696750,103766.855265916,vr_world,40966,103766.838448458,0.016818125,1,0.389465000,-0.405164000,-0.398098000,0.122692451,0.554293371,-0.663021271,-0.487963334,1,0.485678544,-0.262047691,-0.479854655,0.122692451,0.554293371,-0.663021271,-0.487963334,41049,103766.838448458,0.016818125,1,0.572530000,0.113694000,-0.373800000,0.313867324,0.392019038,-0.799704182,-0.329061693,1,0.529866264,-0.045154665,-0.469105495,0.313867324,0.392019038,-0.799704182,-0.329061693
1.924067459,103766.867636625,vr_world,40967,103766.859860250,0.007776833,1,0.390044000,-0.404094000,-0.398192000,0.127799682,0.548844788,-0.667513567,-0.486684987,1,0.486444149,-0.262730373,-0.482730542,0.127799682,0.548844788,-0.667513567,-0.486684987,41050,103766.859860250,0.007776833,1,0.575141000,0.114028000,-0.375686000,0.321099827,0.389745337,-0.796963860,-0.331424321,1,0.531184118,-0.045041783,-0.470030022,0.321099827,0.389745337,-0.796963860,-0.331424321
1.936470542,103766.880039708,vr_world,40967,103766.859860250,0.020179750,1,0.390044000,-0.404094000,-0.398192000,0.127799682,0.548844788,-0.667513567,-0.486684987,1,0.486444149,-0.262730373,-0.482730542,0.127799682,0.548844788,-0.667513567,-0.486684987,41050,103766.859860250,0.020179750,1,0.575141000,0.114028000,-0.375686000,0.321099827,0.389745337,-0.796963860,-0.331424321,1,0.531184118,-0.045041783,-0.470030022,0.321099827,0.389745337,-0.796963860,-0.331424321
1.948889625,103766.892458791,vr_world,40968,103766.882390666,0.010068459,1,0.393567000,-0.403482000,-0.399121000,0.137651502,0.543736872,-0.670572161,-0.485525752,1,0.488618262,-0.263585727,-0.487538798,0.137651502,0.543736872,-0.670572161,-0.485525752,41051,103766.882390666,0.010068459,1,0.579582000,0.114255000,-0.379131000,0.336420610,0.384543035,-0.792904505,-0.332039566,1,0.533494403,-0.046100298,-0.470226334,0.336420610,0.384543035,-0.792904505,-0.332039566
1.961307209,103766.904876375,vr_world,40969,103766.904807541,0.000069250,1,0.396694000,-0.403001000,-0.400699000,0.145254468,0.541655424,-0.670994680,-0.485053276,1,0.490111259,-0.263589401,-0.491589430,0.145254468,0.541655424,-0.670994680,-0.485053276,41052,103766.904807541,0.000069250,1,0.584087000,0.114159000,-0.382334000,0.349620126,0.375591150,-0.790313607,-0.334815558,1,0.534392352,-0.046842432,-0.470340784,0.349620126,0.375591150,-0.790313607,-0.334815558
1.973709125,103766.917278291,vr_world,40969,103766.904807541,0.012471167,1,0.396694000,-0.403001000,-0.400699000,0.145254468,0.541655424,-0.670994680,-0.485053276,1,0.490111259,-0.263589401,-0.491589430,0.145254468,0.541655424,-0.670994680,-0.485053276,41052,103766.904807541,0.012471167,1,0.584087000,0.114159000,-0.382334000,0.349620126,0.375591150,-0.790313607,-0.334815558,1,0.534392352,-0.046842432,-0.470340784,0.349620126,0.375591150,-0.790313607,-0.334815558
1.986126709,103766.929695875,vr_world,40970,103766.927467333,0.002229083,1,0.399182000,-0.403335000,-0.402008000,0.148827742,0.544168047,-0.665395157,-0.488856548,1,0.490208319,-0.262164077,-0.492608255,0.148827742,0.544168047,-0.665395157,-0.488856548,41053,103766.927467333,0.002229083,1,0.586165000,0.113775000,-0.383920000,0.353973188,0.369538620,-0.790228259,-0.337169823,1,0.534029779,-0.047132630,-0.470677709,0.353973188,0.369538620,-0.790228259,-0.337169823
1.998531417,103766.942100583,vr_world,40970,103766.927467333,0.014633708,1,0.399182000,-0.403335000,-0.402008000,0.148827742,0.544168047,-0.665395157,-0.488856548,1,0.490208319,-0.262164077,-0.492608255,0.148827742,0.544168047,-0.665395157,-0.488856548,41053,103766.927467333,0.014633708,1,0.586165000,0.113775000,-0.383920000,0.353973188,0.369538620,-0.790228259,-0.337169823,1,0.534029779,-0.047132630,-0.470677709,0.353973188,0.369538620,-0.790228259,-0.337169823
2.008882917,103766.952452083,vr_world,40971,103766.949228416,0.003224292,1,0.402520000,-0.403858000,-0.404031000,0.152670602,0.546204693,-0.656700086,-0.497088642,1,0.490302927,-0.260050371,-0.493679988,0.152670602,0.546204693,-0.656700086,-0.497088642,41054,103766.949228416,0.003224292,1,0.589485000,0.113381000,-0.386617000,0.360691704,0.363093187,-0.788574852,-0.340902530,1,0.534585670,-0.047364245,-0.471959189,0.360691704,0.363093187,-0.788574852,-0.340902530
2.021276750,103766.964845916,vr_world,40971,103766.949228416,0.015618625,1,0.402520000,-0.403858000,-0.404031000,0.152670602,0.546204693,-0.656700086,-0.497088642,1,0.490302927,-0.260050371,-0.493679988,0.152670602,0.546204693,-0.656700086,-0.497088642,41054,103766.949228416,0.015618625,1,0.589485000,0.113381000,-0.386617000,0.360691704,0.363093187,-0.788574852,-0.340902530,1,0.534585670,-0.047364245,-0.471959189,0.360691704,0.363093187,-0.788574852,-0.340902530
2.033461959,103766.977031125,vr_world,40972,103766.971428208,0.005603458,1,0.403750000,-0.404187000,-0.404769000,0.152397139,0.545864196,-0.654039580,-0.501038540,1,0.490935581,-0.259576713,-0.493707025,0.152397139,0.545864196,-0.654039580,-0.501038540,41055,103766.971428208,0.005603458,1,0.590341000,0.113114000,-0.388402000,0.361446246,0.362161627,-0.789090234,-0.339900235,1,0.535282526,-0.047866083,-0.473197194,0.361446246,0.362161627,-0.789090234,-0.339900235
2.045865500,103766.989434666,vr_world,40972,103766.971428208,0.018007042,1,0.403750000,-0.404187000,-0.404769000,0.152397139,0.545864196,-0.654039580,-0.501038540,1,0.490935581,-0.259576713,-0.493707025,0.152397139,0.545864196,-0.654039580,-0.501038540,41055,103766.971428208,0.018007042,1,0.590341000,0.113114000,-0.388402000,0.361446246,0.362161627,-0.789090234,-0.339900235,1,0.535282526,-0.047866083,-0.473197194,0.361446246,0.362161627,-0.789090234,-0.339900235
2.058278125,103767.001847291,vr_world,40973,103766.993159208,0.008690458,1,0.406167000,-0.404112000,-0.405864000,0.152880846,0.542696952,-0.653451732,-0.505082467,1,0.493219438,-0.259481629,-0.494899754,0.152880846,0.542696952,-0.653451732,-0.505082467,41056,103766.993159208,0.008690458,1,0.593241000,0.111456000,-0.391067000,0.364618360,0.359859626,-0.786238506,-0.345519194,1,0.536545197,-0.048748154,-0.476251666,0.364618360,0.359859626,-0.786238506,-0.345519194
2.070681209,103767.014250375,vr_world,40973,103766.993159208,0.021091833,1,0.406167000,-0.404112000,-0.405864000,0.152880846,0.542696952,-0.653451732,-0.505082467,1,0.493219438,-0.259481629,-0.494899754,0.152880846,0.542696952,-0.653451732,-0.505082467,41056,103766.993159208,0.021091833,1,0.593241000,0.111456000,-0.391067000,0.364618360,0.359859626,-0.786238506,-0.345519194,1,0.536545197,-0.048748154,-0.476251666,0.364618360,0.359859626,-0.786238506,-0.345519194
2.082033500,103767.025602666,vr_world,40974,103767.015929500,0.009673625,1,0.408671000,-0.403657000,-0.406734000,0.154477356,0.538499467,-0.655604120,-0.506298635,1,0.496046257,-0.259923367,-0.496898536,0.154477356,0.538499467,-0.655604120,-0.506298635,41057,103767.015929500,0.009673625,1,0.595917000,0.109597000,-0.393405000,0.365735787,0.359079824,-0.781780151,-0.355132103,1,0.537468807,-0.048912462,-0.480553113,0.365735787,0.359079824,-0.781780151,-0.355132103
2.092133209,103767.035702375,vr_world,40974,103767.015929500,0.019773375,1,0.408671000,-0.403657000,-0.406734000,0.154477356,0.538499467,-0.655604120,-0.506298635,1,0.496046257,-0.259923367,-0.496898536,0.154477356,0.538499467,-0.655604120,-0.506298635,41057,103767.015929500,0.019773375,1,0.595917000,0.109597000,-0.393405000,0.365735787,0.359079824,-0.781780151,-0.355132103,1,0.537468807,-0.048912462,-0.480553113,0.365735787,0.359079824,-0.781780151,-0.355132103
2.102797292,103767.046366458,vr_world,40975,103767.038384416,0.007982417,1,0.410549000,-0.403383000,-0.406905000,0.160429895,0.536814707,-0.655677245,-0.506141847,1,0.496531555,-0.259977798,-0.498912699,0.160429895,0.536814707,-0.655677245,-0.506141847,41058,103767.038384416,0.007982417,1,0.596692000,0.108723000,-0.394538000,0.364514037,0.360500688,-0.780270844,-0.358254353,1,0.538230672,-0.049104715,-0.482905965,0.364514037,0.360500688,-0.780270844,-0.358254353
2.115211625,103767.058780791,vr_world,40975,103767.038384416,0.020396709,1,0.410549000,-0.403383000,-0.406905000,0.160429895,0.536814707,-0.655677245,-0.506141847,1,0.496531555,-0.259977798,-0.498912699,0.160429895,0.536814707,-0.655677245,-0.506141847,41058,103767.038384416,0.020396709,1,0.596692000,0.108723000,-0.394538000,0.364514037,0.360500688,-0.780270844,-0.358254353,1,0.538230672,-0.049104715,-0.482905965,0.364514037,0.360500688,-0.780270844,-0.358254353
2.127622667,103767.071191833,vr_world,40976,103767.060346875,0.010845375,1,0.413086000,-0.402921000,-0.408150000,0.165008556,0.536684682,-0.653916352,-0.507084937,1,0.497486107,-0.259179464,-0.501092959,0.165008556,0.536684682,-0.653916352,-0.507084937,41059,103767.060346875,0.010845375,1,0.597894000,0.107395000,-0.396785000,0.366372598,0.362331512,-0.778256236,-0.358893056,1,0.539938571,-0.050518600,-0.485332637,0.366372598,0.362331512,-0.778256236,-0.358893056
2.140055625,103767.083624791,vr_world,40977,103767.083419458,0.000205625,1,0.416169000,-0.402087000,-0.409982000,0.170688049,0.538289438,-0.649449061,-0.509240600,1,0.497951841,-0.257186822,-0.503464509,0.170688049,0.538289438,-0.649449061,-0.509240600,41060,103767.083419458,0.000205625,1,0.598943000,0.105535000,-0.399416000,0.369560565,0.361507026,-0.778043146,-0.356912485,1,0.541024682,-0.053043931,-0.486791197,0.369560565,0.361507026,-0.778043146,-0.356912485
2.152468834,103767.096038000,vr_world,40977,103767.083419458,0.012619083,1,0.416169000,-0.402087000,-0.409982000,0.170688049,0.538289438,-0.649449061,-0.509240600,1,0.497951841,-0.257186822,-0.503464509,0.170688049,0.538289438,-0.649449061,-0.509240600,41060,103767.083419458,0.012619083,1,0.598943000,0.105535000,-0.399416000,0.369560565,0.361507026,-0.778043146,-0.356912485,1,0.541024682,-0.053043931,-0.486791197,0.369560565,0.361507026,-0.778043146,-0.356912485
2.164129084,103767.107698250,vr_world,40978,103767.104826875,0.002872083,1,0.417556000,-0.401609000,-0.411436000,0.173650780,0.539749237,-0.645332398,-0.511920174,1,0.497491250,-0.255561850,-0.504731490,0.173650780,0.539749237,-0.645332398,-0.511920174,41061,103767.104826875,0.002872083,1,0.600135000,0.103580000,-0.399861000,0.368389618,0.358042715,-0.777527320,-0.362692390,1,0.540159728,-0.053730234,-0.488137073,0.368389618,0.358042715,-0.777527320,-0.362692390
2.175548875,103767.119118041,vr_world,40978,103767.104826875,0.014292125,1,0.417556000,-0.401609000,-0.411436000,0.173650780,0.539749237,-0.645332398,-0.511920174,1,0.497491250,-0.255561850,-0.504731490,0.173650780,0.539749237,-0.645332398,-0.511920174,41061,103767.104826875,0.014292125,1,0.600135000,0.103580000,-0.399861000,0.368389618,0.358042715,-0.777527320,-0.362692390,1,0.540159728,-0.053730234,-0.488137073,0.368389618,0.358042715,-0.777527320,-0.362692390
2.187956750,103767.131525916,vr_world,40979,103767.127759666,0.003766584,1,0.417551000,-0.403205000,-0.411236000,0.173878460,0.543864009,-0.637882522,-0.516801808,1,0.495371945,-0.254824420,-0.502617374,0.173878460,0.543864009,-0.637882522,-0.516801808,41062,103767.127759666,0.003766584,1,0.600714000,0.101787000,-0.401033000,0.365982621,0.356610296,-0.777181823,-0.367252273,1,0.539555493,-0.054382274,-0.490515053,0.365982621,0.356610296,-0.777181823,-0.367252273
2.200367125,103767.143936291,vr_world,40979,103767.127759666,0.016177042,1,0.417551000,-0.403205000,-0.411236000,0.173878460,0.543864009,-0.637882522,-0.516801808,1,0.495371945,-0.254824420,-0.502617374,0.173878460,0.543864009,-0.637882522,-0.516801808,41062,103767.127759666,0.016177042,1,0.600714000,0.101787000,-0.401033000,0.365982621,0.356610296,-0.777181823,-0.367252273,1,0.539555493,-0.054382274,-0.490515053,0.365982621,0.356610296,-0.777181823,-0.367252273
2.212128542,103767.155697708,vr_world,40980,103767.150274125,0.005423875,1,0.418846000,-0.401200000,-0.413278000,0.167747720,0.541610056,-0.641275101,-0.516996609,1,0.499173982,-0.253606241,-0.503759999,0.167747720,0.541610056,-0.641275101,-0.516996609,41063,103767.150274125,0.005423875,1,0.600646000,0.100725000,-0.401877000,0.363951883,0.357238163,-0.778517897,-0.365827562,1,0.539923555,-0.055533639,-0.491499880,0.363951883,0.357238163,-0.778517897,-0.365827562
2.224541750,103767.168110916,vr_world,40980,103767.150274125,0.017837125,1,0.418846000,-0.401200000,-0.413278000,0.167747720,0.541610056,-0.641275101,-0.516996609,1,0.499173982,-0.253606241,-0.503759999,0.167747720,0.541610056,-0.641275101,-0.516996609,41063,103767.150274125,0.017837125,1,0.600646000,0.100725000,-0.401877000,0.363951883,0.357238163,-0.778517897,-0.365827562,1,0.539923555,-0.055533639,-0.491499880,0.363951883,0.357238163,-0.778517897,-0.365827562
2.236959750,103767.180528916,vr_world,40981,103767.173153083,0.007376250,1,0.419932000,-0.399900000,-0.414385000,0.166953793,0.542224039,-0.638988349,-0.519435667,1,0.499861124,-0.251585286,-0.504037178,0.166953793,0.542224039,-0.638988349,-0.519435667,41064,103767.173153083,0.007376250,1,0.601210000,0.098106600,-0.402825000,0.358380668,0.357008098,-0.777919936,-0.372758753,1,0.539365145,-0.056230048,-0.494975278,0.358380668,0.357008098,-0.777919936,-0.372758753
2.249380125,103767.192949291,vr_world,40981,103767.173153083,0.019797333,1,0.419932000,-0.399900000,-0.414385000,0.166953793,0.542224039,-0.638988349,-0.519435667,1,0.499861124,-0.251585286,-0.504037178,0.166953793,0.542224039,-0.638988349,-0.519435667,41064,103767.173153083,0.019797333,1,0.601210000,0.098106600,-0.402825000,0.358380668,0.357008098,-0.777919936,-0.372758753,1,0.539365145,-0.056230048,-0.494975278,0.358380668,0.357008098,-0.777919936,-0.372758753
2.261355792,103767.204924958,vr_world,40982,103767.195988666,0.008936875,1,0.421848000,-0.398855000,-0.414386000,0.169269718,0.544674330,-0.635471154,-0.520436403,1,0.500195736,-0.249536714,-0.503767632,0.169269718,0.544674330,-0.635471154,-0.520436403,41065,103767.195988666,0.008936875,1,0.600876000,0.096059900,-0.403053000,0.348324731,0.362152208,-0.775557246,-0.382134294,1,0.539388227,-0.055423461,-0.500049219,0.348324731,0.362152208,-0.775557246,-0.382134294
2.273771375,103767.217340541,vr_world,40982,103767.195988666,0.021352417,1,0.421848000,-0.398855000,-0.414386000,0.169269718,0.544674330,-0.635471154,-0.520436403,1,0.500195736,-0.249536714,-0.503767632,0.169269718,0.544674330,-0.635471154,-0.520436403,41065,103767.195988666,0.021352417,1,0.600876000,0.096059900,-0.403053000,0.348324731,0.362152208,-0.775557246,-0.382134294,1,0.539388227,-0.055423461,-0.500049219,0.348324731,0.362152208,-0.775557246,-0.382134294
2.286169042,103767.229738208,vr_world,40983,103767.218960416,0.010778709,1,0.422394000,-0.398705000,-0.414193000,0.170044856,0.548054287,-0.633126863,-0.519491695,1,0.499794727,-0.248628264,-0.503128772,0.170044856,0.548054287,-0.633126863,-0.519491695,41066,103767.218960416,0.010778709,1,0.600324000,0.095452500,-0.403679000,0.342057709,0.366294900,-0.775749970,-0.383453457,1,0.540106685,-0.055151536,-0.502817970,0.342057709,0.366294900,-0.775749970,-0.383453457
2.298565709,103767.242134875,vr_world,40984,103767.240924250,0.001211250,1,0.423304000,-0.397734000,-0.415679000,0.167395930,0.551123730,-0.630048251,-0.520845887,1,0.500448419,-0.246563667,-0.502970061,0.167395930,0.551123730,-0.630048251,-0.520845887,41067,103767.240924250,0.001211250,1,0.600457000,0.094026800,-0.405438000,0.338325628,0.367530371,-0.775721592,-0.385633515,1,0.540387971,-0.055734787,-0.505933664,0.338325628,0.367530371,-0.775721592,-0.385633515
2.310986292,103767.254555458,vr_world,40984,103767.240924250,0.013631708,1,0.423304000,-0.397734000,-0.415679000,0.167395930,0.551123730,-0.630048251,-0.520845887,1,0.500448419,-0.246563667,-0.502970061,0.167395930,0.551123730,-0.630048251,-0.520845887,41067,103767.240924250,0.013631708,1,0.600457000,0.094026800,-0.405438000,0.338325628,0.367530371,-0.775721592,-0.385633515,1,0.540387971,-0.055734787,-0.505933664,0.338325628,0.367530371,-0.775721592,-0.385633515
2.323396750,103767.266965916,vr_world,40985,103767.262585583,0.004380750,1,0.424225000,-0.397473000,-0.416835000,0.166655117,0.552327155,-0.626482469,-0.524099707,1,0.500600503,-0.245244018,-0.502954641,0.166655117,0.552327155,-0.626482469,-0.524099707,41068,103767.262585583,0.004380750,1,0.600996000,0.093452600,-0.406285000,0.338428380,0.366956622,-0.774066135,-0.389397852,1,0.540154404,-0.055508511,-0.507502966,0.338428380,0.366956622,-0.774066135,-0.389397852
2.335811250,103767.279380416,vr_world,40985,103767.262585583,0.016795208,1,0.424225000,-0.397473000,-0.416835000,0.166655117,0.552327155,-0.626482469,-0.524099707,1,0.500600503,-0.245244018,-0.502954641,0.166655117,0.552327155,-0.626482469,-0.524099707,41068,103767.262585583,0.016795208,1,0.600996000,0.093452600,-0.406285000,0.338428380,0.366956622,-0.774066135,-0.389397852,1,0.540154404,-0.055508511,-0.507502966,0.338428380,0.366956622,-0.774066135,-0.389397852
2.348130875,103767.291700041,vr_world,40986,103767.285031416,0.006669042,1,0.425543000,-0.396694000,-0.418705000,0.165027449,0.554317201,-0.620073856,-0.530100741,1,0.500625599,-0.242601255,-0.502618578,0.165027449,0.554317201,-0.620073856,-0.530100741,41069,103767.285031416,0.006669042,1,0.601099000,0.092562200,-0.407444000,0.334828101,0.369926553,-0.771102523,-0.395531778,1,0.540371691,-0.054701391,-0.511183456,0.334828101,0.369926553,-0.771102523,-0.395531778
2.360550959,103767.304120125,vr_world,40986,103767.285031416,0.019089167,1,0.425543000,-0.396694000,-0.418705000,0.165027449,0.554317201,-0.620073856,-0.530100741,1,0.500625599,-0.242601255,-0.502618578,0.165027449,0.554317201,-0.620073856,-0.530100741,41069,103767.285031416,0.019089167,1,0.601099000,0.092562200,-0.407444000,0.334828101,0.369926553,-0.771102523,-0.395531778,1,0.540371691,-0.054701391,-0.511183456,0.334828101,0.369926553,-0.771102523,-0.395531778
2.371386292,103767.314955458,vr_world,40987,103767.307004166,0.007951792,1,0.426664000,-0.396241000,-0.420179000,0.161467647,0.556703903,-0.613418441,-0.536401696,1,0.500866623,-0.240196456,-0.501219322,0.161467647,0.556703903,-0.613418441,-0.536401696,41070,103767.307004166,0.007951792,1,0.600822000,0.092239300,-0.407360000,0.327936651,0.379097277,-0.766644040,-0.401247707,1,0.542417271,-0.053015694,-0.515184270,0.327936651,0.379097277,-0.766644040,-0.401247707
2.383746250,103767.327315416,vr_world,40987,103767.307004166,0.020311625,1,0.426664000,-0.396241000,-0.420179000,0.161467647,0.556703903,-0.613418441,-0.536401696,1,0.500866623,-0.240196456,-0.501219322,0.161467647,0.556703903,-0.613418441,-0.536401696,41070,103767.307004166,0.020311625,1,0.600822000,0.092239300,-0.407360000,0.327936651,0.379097277,-0.766644040,-0.401247707,1,0.542417271,-0.053015694,-0.515184270,0.327936651,0.379097277,-0.766644040,-0.401247707
2.396146250,103767.339715416,vr_world,40988,103767.330158708,0.009557000,1,0.426774000,-0.395997000,-0.419710000,0.164050572,0.556302922,-0.614388339,-0.534921899,1,0.500581633,-0.240306421,-0.501785001,0.164050572,0.556302922,-0.614388339,-0.534921899,41071,103767.330158708,0.009557000,1,0.600313000,0.093950100,-0.406075000,0.325427979,0.386345437,-0.765137660,-0.399247035,1,0.544693003,-0.051443320,-0.515177566,0.325427979,0.386345437,-0.765137660,-0.399247035
2.408293042,103767.351862208,vr_world,40989,103767.351638666,0.000224042,1,0.426273000,-0.395772000,-0.419138000,0.164079896,0.555097608,-0.618970922,-0.530866679,1,0.501277668,-0.241322599,-0.502463549,0.164079896,0.555097608,-0.618970922,-0.530866679,41072,103767.351638666,0.000224042,1,0.600245000,0.097128800,-0.405824000,0.332570447,0.387937525,-0.766344413,-0.389381066,1,0.546492257,-0.051219936,-0.511840648,0.332570447,0.387937525,-0.766344413,-0.389381066
2.420682459,103767.364251625,vr_world,40989,103767.351638666,0.012613584,1,0.426273000,-0.395772000,-0.419138000,0.164079896,0.555097608,-0.618970922,-0.530866679,1,0.501277668,-0.241322599,-0.502463549,0.164079896,0.555097608,-0.618970922,-0.530866679,41072,103767.351638666,0.012613584,1,0.600245000,0.097128800,-0.405824000,0.332570447,0.387937525,-0.766344413,-0.389381066,1,0.546492257,-0.051219936,-0.511840648,0.332570447,0.387937525,-0.766344413,-0.389381066
2.431823584,103767.375392750,vr_world,40990,103767.373718250,0.001674875,1,0.426640000,-0.395529000,-0.419093000,0.165643018,0.554850421,-0.620237477,-0.529158647,1,0.501575787,-0.241483178,-0.503223598,0.165643018,0.554850421,-0.620237477,-0.529158647,41073,103767.373718250,0.001674875,1,0.601211000,0.099637200,-0.404702000,0.341192571,0.376854830,-0.771256351,-0.383055750,1,0.544565518,-0.051023536,-0.505839989,0.341192571,0.376854830,-0.771256351,-0.383055750
2.442211584,103767.385780750,vr_world,40990,103767.373718250,0.012063000,1,0.426640000,-0.395529000,-0.419093000,0.165643018,0.554850421,-0.620237477,-0.529158647,1,0.501575787,-0.241483178,-0.503223598,0.165643018,0.554850421,-0.620237477,-0.529158647,41073,103767.373718250,0.012063000,1,0.601211000,0.099637200,-0.404702000,0.341192571,0.376854830,-0.771256351,-0.383055750,1,0.544565518,-0.051023536,-0.505839989,0.341192571,0.376854830,-0.771256351,-0.383055750
2.454621334,103767.398190500,vr_world,40991,103767.395317625,0.002873333,1,0.426366000,-0.395828000,-0.419213000,0.164776671,0.554959270,-0.620269958,-0.529276900,1,0.501523573,-0.241753312,-0.503092522,0.164776671,0.554959270,-0.620269958,-0.529276900,41074,103767.395317625,0.002873333,1,0.600776000,0.103371000,-0.401466000,0.342054324,0.375772090,-0.774606534,-0.376535380,1,0.544774279,-0.048745508,-0.500766415,0.342054324,0.375772090,-0.774606534,-0.376535380
2.467017834,103767.410587000,vr_world,40991,103767.395317625,0.015269791,1,0.426366000,-0.395828000,-0.419213000,0.164776671,0.554959270,-0.620269958,-0.529276900,1,0.501523573,-0.241753312,-0.503092522,0.164776671,0.554959270,-0.620269958,-0.529276900,41074,103767.395317625,0.015269791,1,0.600776000,0.103371000,-0.401466000,0.342054324,0.375772090,-0.774606534,-0.376535380,1,0.544774279,-0.048745508,-0.500766415,0.342054324,0.375772090,-0.774606534,-0.376535380
2.478427334,103767.421996500,vr_world,40992,103767.417801958,0.004195000,1,0.426268000,-0.395985000,-0.419317000,0.163857702,0.555236651,-0.620205809,-0.529346455,1,0.501626946,-0.241848004,-0.502900910,0.163857702,0.555236651,-0.620205809,-0.529346455,41075,103767.417801958,0.004195000,1,0.600893000,0.107501000,-0.397803000,0.330297691,0.379498053,-0.779608066,-0.372955663,1,0.546943188,-0.044166429,-0.498909904,0.330297691,0.379498053,-0.779608066,-0.372955663
2.489463625,103767.433032791,vr_world,40992,103767.417801958,0.015231292,1,0.426268000,-0.395985000,-0.419317000,0.163857702,0.555236651,-0.620205809,-0.529346455,1,0.501626946,-0.241848004,-0.502900910,0.163857702,0.555236651,-0.620205809,-0.529346455,41075,103767.417801958,0.015231292,1,0.600893000,0.107501000,-0.397803000,0.330297691,0.379498053,-0.779608066,-0.372955663,1,0.546943188,-0.044166429,-0.498909904,0.330297691,0.379498053,-0.779608066,-0.372955663
2.501877084,103767.445446250,vr_world,40993,103767.441556583,0.003890042,1,0.425822000,-0.396004000,-0.419156000,0.163592817,0.555908475,-0.619502996,-0.529546216,1,0.501034470,-0.241645845,-0.502463294,0.163592817,0.555908475,-0.619502996,-0.529546216,41076,103767.441556583,0.003890042,1,0.601453000,0.109214000,-0.396033000,0.318243805,0.391815524,-0.776779361,-0.376583723,1,0.551424883,-0.040375686,-0.502128880,0.318243805,0.391815524,-0.776779361,-0.376583723
2.514272292,103767.457841458,vr_world,40993,103767.441556583,0.016285375,1,0.425822000,-0.396004000,-0.419156000,0.163592817,0.555908475,-0.619502996,-0.529546216,1,0.501034470,-0.241645845,-0.502463294,0.163592817,0.555908475,-0.619502996,-0.529546216,41076,103767.441556583,0.016285375,1,0.601453000,0.109214000,-0.396033000,0.318243805,0.391815524,-0.776779361,-0.376583723,1,0.551424883,-0.040375686,-0.502128880,0.318243805,0.391815524,-0.776779361,-0.376583723
2.525556417,103767.469125583,vr_world,40994,103767.463604708,0.005521542,1,0.424887000,-0.395795000,-0.419054000,0.161973610,0.555837795,-0.620368038,-0.529105276,1,0.500728598,-0.241608636,-0.502108488,0.161973610,0.555837795,-0.620368038,-0.529105276,41077,103767.463604708,0.005521542,1,0.602688000,0.112507000,-0.393980000,0.308902884,0.405350507,-0.771011930,-0.381851514,1,0.556746482,-0.034718134,-0.505112038,0.308902884,0.405350507,-0.771011930,-0.381851514
2.537975500,103767.481544666,vr_world,40994,103767.463604708,0.017940208,1,0.424887000,-0.395795000,-0.419054000,0.161973610,0.555837795,-0.620368038,-0.529105276,1,0.500728598,-0.241608636,-0.502108488,0.161973610,0.555837795,-0.620368038,-0.529105276,41077,103767.463604708,0.017940208,1,0.602688000,0.112507000,-0.393980000,0.308902884,0.405350507,-0.771011930,-0.381851514,1,0.556746482,-0.034718134,-0.505112038,0.308902884,0.405350507,-0.771011930,-0.381851514
2.548130542,103767.491699708,vr_world,40995,103767.487094625,0.004605416,1,0.424753000,-0.395918000,-0.419246000,0.162149358,0.555871890,-0.620640840,-0.528695541,1,0.500615680,-0.241808813,-0.502424391,0.162149358,0.555871890,-0.620640840,-0.528695541,41078,103767.487094625,0.004605416,1,0.604890000,0.116166000,-0.393825000,0.307755392,0.412425777,-0.766573027,-0.384131997,1,0.561032642,-0.030239641,-0.506865357,0.307755392,0.412425777,-0.766573027,-0.384131997
2.558877875,103767.502447041,vr_world,40995,103767.487094625,0.015352916,1,0.424753000,-0.395918000,-0.419246000,0.162149358,0.555871890,-0.620640840,-0.528695541,1,0.500615680,-0.241808813,-0.502424391,0.162149358,0.555871890,-0.620640840,-0.528695541,41078,103767.487094625,0.015352916,1,0.604890000,0.116166000,-0.393825000,0.307755392,0.412425777,-0.766573027,-0.384131997,1,0.561032642,-0.030239641,-0.506865357,0.307755392,0.412425777,-0.766573027,-0.384131997
2.569461625,103767.513030791,vr_world,40996,103767.508955791,0.004075292,1,0.424581000,-0.396025000,-0.419302000,0.162297808,0.555932492,-0.620590654,-0.528645180,1,0.500390125,-0.241905643,-0.502510343,0.162297808,0.555932492,-0.620590654,-0.528645180,41079,103767.508955791,0.004075292,1,0.606811000,0.117526000,-0.395375000,0.314534032,0.412765929,-0.763168510,-0.385053835,1,0.562659414,-0.029382931,-0.507645356,0.314534032,0.412765929,-0.763168510,-0.385053835
2.581868709,103767.525437875,vr_world,40996,103767.508955791,0.016482542,1,0.424581000,-0.396025000,-0.419302000,0.162297808,0.555932492,-0.620590654,-0.528645180,1,0.500390125,-0.241905643,-0.502510343,0.162297808,0.555932492,-0.620590654,-0.528645180,41079,103767.508955791,0.016482542,1,0.606811000,0.117526000,-0.395375000,0.314534032,0.412765929,-0.763168510,-0.385053835,1,0.562659414,-0.029382931,-0.507645356,0.314534032,0.412765929,-0.763168510,-0.385053835
2.592211625,103767.535780791,vr_world,40997,103767.531586458,0.004194875,1,0.424439000,-0.396097000,-0.419463000,0.161487103,0.556079917,-0.620414690,-0.528944849,1,0.500401035,-0.241896076,-0.502380483,0.161487103,0.556079917,-0.620414690,-0.528944849,41080,103767.531586458,0.004194875,1,0.609304000,0.119799000,-0.397518000,0.323860304,0.411296236,-0.759530482,-0.386087239,1,0.564161906,-0.027908992,-0.508336640,0.323860304,0.411296236,-0.759530482,-0.386087239
2.602958917,103767.546528083,vr_world,40997,103767.531586458,0.014942000,1,0.424439000,-0.396097000,-0.419463000,0.161487103,0.556079917,-0.620414690,-0.528944849,1,0.500401035,-0.241896076,-0.502380483,0.161487103,0.556079917,-0.620414690,-0.528944849,41080,103767.531586458,0.014942000,1,0.609304000,0.119799000,-0.397518000,0.323860304,0.411296236,-0.759530482,-0.386087239,1,0.564161906,-0.027908992,-0.508336640,0.323860304,0.411296236,-0.759530482,-0.386087239
2.615342167,103767.558911333,vr_world,40998,103767.553637583,0.005274250,1,0.424508000,-0.396318000,-0.419609000,0.160472739,0.555989324,-0.619653529,-0.530239451,1,0.500543573,-0.241884376,-0.502024419,0.160472739,0.555989324,-0.619653529,-0.530239451,41081,103767.553637583,0.005274250,1,0.610583000,0.119629000,-0.399101000,0.328677290,0.404984596,-0.759796197,-0.388160347,1,0.562831472,-0.028296178,-0.508527289,0.328677290,0.404984596,-0.759796197,-0.388160347
2.627723917,103767.571293083,vr_world,40998,103767.553637583,0.017656042,1,0.424508000,-0.396318000,-0.419609000,0.160472739,0.555989324,-0.619653529,-0.530239451,1,0.500543573,-0.241884376,-0.502024419,0.160472739,0.555989324,-0.619653529,-0.530239451,41081,103767.553637583,0.017656042,1,0.610583000,0.119629000,-0.399101000,0.328677290,0.404984596,-0.759796197,-0.388160347,1,0.562831472,-0.028296178,-0.508527289,0.328677290,0.404984596,-0.759796197,-0.388160347
2.640133417,103767.583702583,vr_world,40999,103767.575705958,0.007997167,1,0.424751000,-0.396229000,-0.419699000,0.159917993,0.555470709,-0.619509656,-0.531117984,1,0.500922665,-0.241759088,-0.501920575,0.159917993,0.555470709,-0.619509656,-0.531117984,41082,103767.575705958,0.007997167,1,0.611918000,0.119718000,-0.400534000,0.332196731,0.402024863,-0.756672204,-0.394294963,1,0.562077111,-0.027286066,-0.510269706,0.332196731,0.402024863,-0.756672204,-0.394294963
2.652563042,103767.596132208,vr_world,40999,103767.575705958,0.020426458,1,0.424751000,-0.396229000,-0.419699000,0.159917993,0.555470709,-0.619509656,-0.531117984,1,0.500922665,-0.241759088,-0.501920575,0.159917993,0.555470709,-0.619509656,-0.531117984,41082,103767.575705958,0.020426458,1,0.611918000,0.119718000,-0.400534000,0.332196731,0.402024863,-0.756672204,-0.394294963,1,0.562077111,-0.027286066,-0.510269706,0.332196731,0.402024863,-0.756672204,-0.394294963
2.662797209,103767.606366375,vr_world,41000,103767.597617958,0.008748917,1,0.424842000,-0.396234000,-0.419630000,0.159767289,0.556139936,-0.618683959,-0.531425389,1,0.500807661,-0.241516318,-0.501575872,0.159767289,0.556139936,-0.618683959,-0.531425389,41083,103767.597617958,0.008748917,1,0.611667000,0.119648000,-0.401613000,0.333395981,0.401466362,-0.757124205,-0.392981958,1,0.561817383,-0.027789055,-0.510762140,0.333395981,0.401466362,-0.757124205,-0.392981958
2.673468292,103767.617037458,vr_world,41000,103767.597617958,0.019419833,1,0.424842000,-0.396234000,-0.419630000,0.159767289,0.556139936,-0.618683959,-0.531425389,1,0.500807661,-0.241516318,-0.501575872,0.159767289,0.556139936,-0.618683959,-0.531425389,41083,103767.597617958,0.019419833,1,0.611667000,0.119648000,-0.401613000,0.333395981,0.401466362,-0.757124205,-0.392981958,1,0.561817383,-0.027789055,-0.510762140,0.333395981,0.401466362,-0.757124205,-0.392981958
2.685067000,103767.628636166,vr_world,41001,103767.619260333,0.009376167,1,0.424897000,-0.395953000,-0.419502000,0.159530675,0.556854112,-0.618409624,-0.531067791,1,0.500811275,-0.241127659,-0.501291606,0.159530675,0.556854112,-0.618409624,-0.531067791,41084,103767.619260333,0.009376167,1,0.612212000,0.119107000,-0.403480000,0.336585225,0.398195243,-0.757916592,-0.392062972,1,0.561331823,-0.028938651,-0.511321997,0.336585225,0.398195243,-0.757916592,-0.392062972
2.697450625,103767.641019791,vr_world,41001,103767.619260333,0.021760125,1,0.424897000,-0.395953000,-0.419502000,0.159530675,0.556854112,-0.618409624,-0.531067791,1,0.500811275,-0.241127659,-0.501291606,0.159530675,0.556854112,-0.618409624,-0.531067791,41084,103767.619260333,0.021760125,1,0.612212000,0.119107000,-0.403480000,0.336585225,0.398195243,-0.757916592,-0.392062972,1,0.561331823,-0.028938651,-0.511321997,0.336585225,0.398195243,-0.757916592,-0.392062972
2.708879375,103767.652448541,vr_world,41002,103767.641898875,0.010550125,1,0.424970000,-0.396211000,-0.419620000,0.159987125,0.557363975,-0.618302961,-0.530519526,1,0.500711453,-0.241353361,-0.501508742,0.159987125,0.557363975,-0.618302961,-0.530519526,41085,103767.641898875,0.010550125,1,0.612347000,0.118663000,-0.405266000,0.343139641,0.391255537,-0.759437079,-0.390422354,1,0.559261838,-0.030542765,-0.510412788,0.343139641,0.391255537,-0.759437079,-0.390422354
2.721290250,103767.664859416,vr_world,41003,103767.664223000,0.000638291,1,0.424980000,-0.396223000,-0.419748000,0.159305029,0.557146549,-0.618687329,-0.530505061,1,0.501002285,-0.241451094,-0.501538668,0.159305029,0.557146549,-0.618687329,-0.530505061,41086,103767.664223000,0.000638291,1,0.612131000,0.118255000,-0.406247000,0.348882354,0.384639356,-0.761683032,-0.387521132,1,0.557201632,-0.032239075,-0.508572437,0.348882354,0.384639356,-0.761683032,-0.387521132
2.733716000,103767.677285166,vr_world,41003,103767.664223000,0.013068916,1,0.424980000,-0.396223000,-0.419748000,0.159305029,0.557146549,-0.618687329,-0.530505061,1,0.501002285,-0.241451094,-0.501538668,0.159305029,0.557146549,-0.618687329,-0.530505061,41086,103767.664223000,0.013068916,1,0.612131000,0.118255000,-0.406247000,0.348882354,0.384639356,-0.761683032,-0.387521132,1,0.557201632,-0.032239075,-0.508572437,0.348882354,0.384639356,-0.761683032,-0.387521132
2.745468334,103767.689037500,vr_world,41004,103767.686615833,0.002422333,1,0.425021000,-0.395824000,-0.419344000,0.159960141,0.556984655,-0.618558431,-0.530628227,1,0.500855639,-0.241046924,-0.501299029,0.159960141,0.556984655,-0.618558431,-0.530628227,41087,103767.686615833,0.002422333,1,0.612110000,0.117153000,-0.407856000,0.355083578,0.377460951,-0.763438305,-0.385487792,1,0.555031854,-0.034438386,-0.507346506,0.355083578,0.377460951,-0.763438305,-0.385487792
2.757839542,103767.701408708,vr_world,41004,103767.686615833,0.014793750,1,0.425021000,-0.395824000,-0.419344000,0.159960141,0.556984655,-0.618558431,-0.530628227,1,0.500855639,-0.241046924,-0.501299029,0.159960141,0.556984655,-0.618558431,-0.530628227,41087,103767.686615833,0.014793750,1,0.612110000,0.117153000,-0.407856000,0.355083578,0.377460951,-0.763438305,-0.385487792,1,0.555031854,-0.034438386,-0.507346506,0.355083578,0.377460951,-0.763438305,-0.385487792
2.768403917,103767.711973083,vr_world,41005,103767.708872833,0.003101125,1,0.424886000,-0.395632000,-0.418741000,0.160515168,0.557325897,-0.618523997,-0.530142235,1,0.500550943,-0.240851646,-0.500846590,0.160515168,0.557325897,-0.618523997,-0.530142235,41088,103767.708872833,0.003101125,1,0.611577000,0.116074000,-0.408785000,0.357186652,0.374057549,-0.764200535,-0.385352032,1,0.553370008,-0.035758757,-0.507248038,0.357186652,0.374057549,-0.764200535,-0.385352032
2.778667000,103767.722236166,vr_world,41005,103767.708872833,0.013364333,1,0.424886000,-0.395632000,-0.418741000,0.160515168,0.557325897,-0.618523997,-0.530142235,1,0.500550943,-0.240851646,-0.500846590,0.160515168,0.557325897,-0.618523997,-0.530142235,41088,103767.708872833,0.013364333,1,0.611577000,0.116074000,-0.408785000,0.357186652,0.374057549,-0.764200535,-0.385352032,1,0.553370008,-0.035758757,-0.507248038,0.357186652,0.374057549,-0.764200535,-0.385352032
2.791064459,103767.734633625,vr_world,41006,103767.730309458,0.004324750,1,0.424987000,-0.395552000,-0.418756000,0.160245122,0.557793690,-0.618628635,-0.529609584,1,0.500717858,-0.240771649,-0.500800692,0.160245122,0.557793690,-0.618628635,-0.529609584,41089,103767.730309458,0.004324750,1,0.610298000,0.114921000,-0.407536000,0.343839910,0.383156621,-0.763549177,-0.389817618,1,0.554612083,-0.034560430,-0.510931552,0.343839910,0.383156621,-0.763549177,-0.389817618
2.803492250,103767.747061416,vr_world,41006,103767.730309458,0.016752667,1,0.424987000,-0.395552000,-0.418756000,0.160245122,0.557793690,-0.618628635,-0.529609584,1,0.500717858,-0.240771649,-0.500800692,0.160245122,0.557793690,-0.618628635,-0.529609584,41089,103767.730309458,0.016752667,1,0.610298000,0.114921000,-0.407536000,0.343839910,0.383156621,-0.763549177,-0.389817618,1,0.554612083,-0.034560430,-0.510931552,0.343839910,0.383156621,-0.763549177,-0.389817618
2.815933959,103767.759503125,vr_world,41007,103767.752956625,0.006548875,1,0.424673000,-0.395185000,-0.418006000,0.161701004,0.557703407,-0.619703980,-0.528002531,1,0.500308441,-0.240742071,-0.500771514,0.161701004,0.557703407,-0.619703980,-0.528002531,41090,103767.752956625,0.006548875,1,0.609440000,0.116923000,-0.407655000,0.340793886,0.391898047,-0.764810345,-0.381235602,1,0.558100793,-0.034004101,-0.511199779,0.340793886,0.391898047,-0.764810345,-0.381235602
2.828341084,103767.771910250,vr_world,41007,103767.752956625,0.018954166,1,0.424673000,-0.395185000,-0.418006000,0.161701004,0.557703407,-0.619703980,-0.528002531,1,0.500308441,-0.240742071,-0.500771514,0.161701004,0.557703407,-0.619703980,-0.528002531,41090,103767.752956625,0.018954166,1,0.609440000,0.116923000,-0.407655000,0.340793886,0.391898047,-0.764810345,-0.381235602,1,0.558100793,-0.034004101,-0.511199779,0.340793886,0.391898047,-0.764810345,-0.381235602
2.839285500,103767.782854666,vr_world,41008,103767.775057208,0.007797958,1,0.424903000,-0.395554000,-0.417758000,0.161842070,0.557799505,-0.618658994,-0.529082135,1,0.500237229,-0.240837919,-0.500287357,0.161842070,0.557799505,-0.618658994,-0.529082135,41091,103767.775057208,0.007797958,1,0.611594000,0.116577000,-0.408811000,0.343764740,0.386027445,-0.763936080,-0.386277466,1,0.557427212,-0.033638979,-0.511948592,0.343764740,0.386027445,-0.763936080,-0.386277466
2.851450125,103767.795019291,vr_world,41008,103767.775057208,0.019962542,1,0.424903000,-0.395554000,-0.417758000,0.161842070,0.557799505,-0.618658994,-0.529082135,1,0.500237229,-0.240837919,-0.500287357,0.161842070,0.557799505,-0.618658994,-0.529082135,41091,103767.775057208,0.019962542,1,0.611594000,0.116577000,-0.408811000,0.343764740,0.386027445,-0.763936080,-0.386277466,1,0.557427212,-0.033638979,-0.511948592,0.343764740,0.386027445,-0.763936080,-0.386277466
2.862105167,103767.805674333,vr_world,41009,103767.796635708,0.009043083,1,0.424899000,-0.395531000,-0.417695000,0.161344392,0.557740363,-0.618053892,-0.530002887,1,0.500212431,-0.240640921,-0.499916503,0.161344392,0.557740363,-0.618053892,-0.530002887,41092,103767.796635708,0.009043083,1,0.612552000,0.117879000,-0.409686000,0.353815845,0.381854905,-0.761321858,-0.386510294,1,0.556778803,-0.033356963,-0.510449305,0.353815845,0.381854905,-0.761321858,-0.386510294
2.873470084,103767.817039250,vr_world,41009,103767.796635708,0.020404042,1,0.424899000,-0.395531000,-0.417695000,0.161344392,0.557740363,-0.618053892,-0.530002887,1,0.500212431,-0.240640921,-0.499916503,0.161344392,0.557740363,-0.618053892,-0.530002887,41092,103767.796635708,0.020404042,1,0.612552000,0.117879000,-0.409686000,0.353815845,0.381854905,-0.761321858,-0.386510294,1,0.556778803,-0.033356963,-0.510449305,0.353815845,0.381854905,-0.761321858,-0.386510294
2.885887000,103767.829456166,vr_world,41010,103767.818604208,0.010854958,1,0.424923000,-0.395575000,-0.417744000,0.160857776,0.558406969,-0.617077455,-0.530586324,1,0.500077131,-0.240387741,-0.499549993,0.160857776,0.558406969,-0.617077455,-0.530586324,41093,103767.818604208,0.010854958,1,0.612842000,0.118671000,-0.410376000,0.359447274,0.380108275,-0.760817221,-0.384021501,1,0.556814890,-0.033672060,-0.509314345,0.359447274,0.380108275,-0.760817221,-0.384021501
2.896296334,103767.839865500,vr_world,41010,103767.818604208,0.021262000,1,0.424923000,-0.395575000,-0.417744000,0.160857776,0.558406969,-0.617077455,-0.530586324,1,0.500077131,-0.240387741,-0.499549993,0.160857776,0.558406969,-0.617077455,-0.530586324,41093,103767.818604208,0.021262000,1,0.612842000,0.118671000,-0.410376000,0.359447274,0.380108275,-0.760817221,-0.384021501,1,0.556814890,-0.033672060,-0.509314345,0.359447274,0.380108275,-0.760817221,-0.384021501
2.908132667,103767.851701833,vr_world,41011,103767.840836708,0.010865625,1,0.424758000,-0.395261000,-0.417898000,0.160117260,0.559431522,-0.615622228,-0.531420839,1,0.499675921,-0.239632090,-0.499079000,0.160117260,0.559431522,-0.615622228,-0.531420839,41094,103767.840836708,0.010865625,1,0.614759000,0.119818000,-0.411597000,0.363094171,0.375412974,-0.760869392,-0.385104518,1,0.556967724,-0.032677526,-0.509277630,0.363094171,0.375412974,-0.760869392,-0.385104518
2.920558875,103767.864128041,vr_world,41012,103767.863765500,0.000363000,1,0.425021000,-0.395201000,-0.418493000,0.159707758,0.561218606,-0.612604910,-0.533143821,1,0.499183025,-0.238716781,-0.498718315,0.159707758,0.561218606,-0.612604910,-0.533143821,41095,103767.863765500,0.000363000,1,0.616300000,0.120859000,-0.412523000,0.363297921,0.371133444,-0.760510876,-0.389740675,1,0.556353350,-0.030682015,-0.510389950,0.363297921,0.371133444,-0.760510876,-0.389740675
2.932130542,103767.875699708,vr_world,41012,103767.863765500,0.011934666,1,0.425021000,-0.395201000,-0.418493000,0.159707758,0.561218606,-0.612604910,-0.533143821,1,0.499183025,-0.238716781,-0.498718315,0.159707758,0.561218606,-0.612604910,-0.533143821,41095,103767.863765500,0.011934666,1,0.616300000,0.120859000,-0.412523000,0.363297921,0.371133444,-0.760510876,-0.389740675,1,0.556353350,-0.030682015,-0.510389950,0.363297921,0.371133444,-0.760510876,-0.389740675
2.942212917,103767.885782083,vr_world,41012,103767.863765500,0.022017208,1,0.425021000,-0.395201000,-0.418493000,0.159707758,0.561218606,-0.612604910,-0.533143821,1,0.499183025,-0.238716781,-0.498718315,0.159707758,0.561218606,-0.612604910,-0.533143821,41095,103767.863765500,0.022017208,1,0.616300000,0.120859000,-0.412523000,0.363297921,0.371133444,-0.760510876,-0.389740675,1,0.556353350,-0.030682015,-0.510389950,0.363297921,0.371133444,-0.760510876,-0.389740675
2.953469167,103767.897038333,vr_world,41013,103767.886637791,0.010401459,1,0.425261000,-0.395812000,-0.419366000,0.159324929,0.562123360,-0.610830420,-0.534339867,1,0.499022925,-0.238830986,-0.498987650,0.159324929,0.562123360,-0.610830420,-0.534339867,41096,103767.886637791,0.010401459,1,0.616333000,0.122462000,-0.413155000,0.363585848,0.372409372,-0.760835677,-0.387615354,1,0.557144477,-0.029556486,-0.510742152,0.363585848,0.372409372,-0.760835677,-0.387615354
2.965887250,103767.909456416,vr_world,41014,103767.909408583,0.000048250,1,0.425068000,-0.395537000,-0.420573000,0.156326010,0.563075655,-0.608902391,-0.536419485,1,0.499050767,-0.237942717,-0.498765138,0.156326010,0.563075655,-0.608902391,-0.536419485,41097,103767.909408583,0.000048250,1,0.617820000,0.123846000,-0.413841000,0.366989287,0.371969099,-0.758010561,-0.390356046,1,0.558009102,-0.027954277,-0.511388549,0.366989287,0.371969099,-0.758010561,-0.390356046
2.978329917,103767.921899083,vr_world,41014,103767.909408583,0.012492625,1,0.425068000,-0.395537000,-0.420573000,0.156326010,0.563075655,-0.608902391,-0.536419485,1,0.499050767,-0.237942717,-0.498765138,0.156326010,0.563075655,-0.608902391,-0.536419485,41097,103767.909408583,0.012492625,1,0.617820000,0.123846000,-0.413841000,0.366989287,0.371969099,-0.758010561,-0.390356046,1,0.558009102,-0.027954277,-0.511388549,0.366989287,0.371969099,-0.758010561,-0.390356046
2.990749459,103767.934318625,vr_world,41015,103767.931201583,0.003117458,1,0.424942000,-0.395289000,-0.421179000,0.156516493,0.563994458,-0.606075052,-0.538596203,1,0.498119542,-0.236965104,-0.498651711,0.156516493,0.563994458,-0.606075052,-0.538596203,41098,103767.931201583,0.003117458,1,0.617961000,0.125909000,-0.415017000,0.371674462,0.372467493,-0.757537336,-0.386346018,1,0.558930844,-0.027203759,-0.510976085,0.371674462,0.372467493,-0.757537336,-0.386346018
3.003172542,103767.946741708,vr_world,41015,103767.931201583,0.015540583,1,0.424942000,-0.395289000,-0.421179000,0.156516493,0.563994458,-0.606075052,-0.538596203,1,0.498119542,-0.236965104,-0.498651711,0.156516493,0.563994458,-0.606075052,-0.538596203,41098,103767.931201583,0.015540583,1,0.617961000,0.125909000,-0.415017000,0.371674462,0.372467493,-0.757537336,-0.386346018,1,0.558930844,-0.027203759,-0.510976085,0.371674462,0.372467493,-0.757537336,-0.386346018
3.015569250,103767.959138416,vr_world,41016,103767.953489666,0.005649125,1,0.424523000,-0.395215000,-0.421808000,0.154079828,0.564096947,-0.605947124,-0.539334891,1,0.498279152,-0.236787141,-0.498515835,0.154079828,0.564096947,-0.605947124,-0.539334891,41099,103767.953489666,0.005649125,1,0.617980000,0.125997000,-0.415541000,0.371048578,0.371404927,-0.758386988,-0.386303648,1,0.558613114,-0.027056312,-0.511387079,0.371048578,0.371404927,-0.758386988,-0.386303648
3.026975459,103767.970544625,vr_world,41016,103767.953489666,0.017056042,1,0.424523000,-0.395215000,-0.421808000,0.154079828,0.564096947,-0.605947124,-0.539334891,1,0.498279152,-0.236787141,-0.498515835,0.154079828,0.564096947,-0.605947124,-0.539334891,41099,103767.953489666,0.017056042,1,0.617980000,0.125997000,-0.415541000,0.371048578,0.371404927,-0.758386988,-0.386303648,1,0.558613114,-0.027056312,-0.511387079,0.371048578,0.371404927,-0.758386988,-0.386303648
3.039322042,103767.982891208,vr_world,41017,103767.975991250,0.006900625,1,0.424561000,-0.395324000,-0.422426000,0.152604999,0.565077272,-0.604639280,-0.540195087,1,0.498301308,-0.236499366,-0.498324351,0.152604999,0.565077272,-0.604639280,-0.540195087,41100,103767.975991250,0.006900625,1,0.618160000,0.126426000,-0.415402000,0.366316960,0.372694668,-0.758266081,-0.389798820,1,0.558683320,-0.025422742,-0.513078309,0.366316960,0.372694668,-0.758266081,-0.389798820
3.051705042,103767.995274208,vr_world,41017,103767.975991250,0.019283541,1,0.424561000,-0.395324000,-0.422426000,0.152604999,0.565077272,-0.604639280,-0.540195087,1,0.498301308,-0.236499366,-0.498324351,0.152604999,0.565077272,-0.604639280,-0.540195087,41100,103767.975991250,0.019283541,1,0.618160000,0.126426000,-0.415402000,0.366316960,0.372694668,-0.758266081,-0.389798820,1,0.558683320,-0.025422742,-0.513078309,0.366316960,0.372694668,-0.758266081,-0.389798820
3.064107459,103768.007676625,vr_world,41018,103767.998235750,0.009441583,1,0.424629000,-0.395348000,-0.422383000,0.153776929,0.565330450,-0.604593208,-0.539649137,1,0.498043704,-0.236532958,-0.498616139,0.153776929,0.565330450,-0.604593208,-0.539649137,41101,103767.998235750,0.009441583,1,0.618381000,0.126598000,-0.415499000,0.363832830,0.372390478,-0.758678153,-0.391610091,1,0.558536637,-0.024612700,-0.513937854,0.363832830,0.372390478,-0.758678153,-0.391610091
3.076516709,103768.020085875,vr_world,41018,103767.998235750,0.021850666,1,0.424629000,-0.395348000,-0.422383000,0.153776929,0.565330450,-0.604593208,-0.539649137,1,0.498043704,-0.236532958,-0.498616139,0.153776929,0.565330450,-0.604593208,-0.539649137,41101,103767.998235750,0.021850666,1,0.618381000,0.126598000,-0.415499000,0.363832830,0.372390478,-0.758678153,-0.391610091,1,0.558536637,-0.024612700,-0.513937854,0.363832830,0.372390478,-0.758678153,-0.391610091
3.087435125,103768.031004291,vr_world,41019,103768.020659208,0.010345667,1,0.424248000,-0.395582000,-0.422516000,0.153108161,0.565270466,-0.604605221,-0.539888616,1,0.497839063,-0.236754402,-0.498552970,0.153108161,0.565270466,-0.604605221,-0.539888616,41102,103768.020659208,0.010345667,1,0.618311000,0.126744000,-0.415924000,0.364944574,0.371440858,-0.759318819,-0.390233362,1,0.558367635,-0.024867096,-0.513684383,0.364944574,0.371440858,-0.759318819,-0.390233362
3.098509584,103768.042078750,vr_world,41019,103768.020659208,0.021420083,1,0.424248000,-0.395582000,-0.422516000,0.153108161,0.565270466,-0.604605221,-0.539888616,1,0.497839063,-0.236754402,-0.498552970,0.153108161,0.565270466,-0.604605221,-0.539888616,41102,103768.020659208,0.021420083,1,0.618311000,0.126744000,-0.415924000,0.364944574,0.371440858,-0.759318819,-0.390233362,1,0.558367635,-0.024867096,-0.513684383,0.364944574,0.371440858,-0.759318819,-0.390233362
3.110914125,103768.054483291,vr_world,41020,103768.043666875,0.010816916,1,0.423493000,-0.395812000,-0.423353000,0.146946304,0.564876823,-0.604046777,-0.542631044,1,0.498532258,-0.236721950,-0.497399921,0.146946304,0.564876823,-0.604046777,-0.542631044,41103,103768.043666875,0.010816916,1,0.618481000,0.126859000,-0.416272000,0.365374284,0.369968686,-0.759891853,-0.390114312,1,0.558071681,-0.024814636,-0.513647692,0.365374284,0.369968686,-0.759891853,-0.390114312
3.123333417,103768.066902583,vr_world,41021,103768.066174375,0.000728750,1,0.423905000,-0.395740000,-0.423664000,0.145182561,0.565328166,-0.602921756,-0.543885506,1,0.499082751,-0.236327128,-0.496871040,0.145182561,0.565328166,-0.602921756,-0.543885506,41104,103768.066174375,0.000728750,1,0.618623000,0.126823000,-0.416723000,0.366127446,0.368251075,-0.760961656,-0.388946266,1,0.557834573,-0.025160895,-0.513376536,0.366127446,0.368251075,-0.760961656,-0.388946266
3.135745334,103768.079314500,vr_world,41021,103768.066174375,0.013140708,1,0.423905000,-0.395740000,-0.423664000,0.145182561,0.565328166,-0.602921756,-0.543885506,1,0.499082751,-0.236327128,-0.496871040,0.145182561,0.565328166,-0.602921756,-0.543885506,41104,103768.066174375,0.013140708,1,0.618623000,0.126823000,-0.416723000,0.366127446,0.368251075,-0.760961656,-0.388946266,1,0.557834573,-0.025160895,-0.513376536,0.366127446,0.368251075,-0.760961656,-0.388946266
3.148160042,103768.091729208,vr_world,41022,103768.089586958,0.002142708,1,0.424316000,-0.395437000,-0.423975000,0.144657116,0.567669692,-0.599040682,-0.545871507,1,0.498510151,-0.234998454,-0.495934344,0.144657116,0.567669692,-0.599040682,-0.545871507,41105,103768.089586958,0.002142708,1,0.619908000,0.125360000,-0.419269000,0.371199816,0.357068004,-0.762782570,-0.390993464,1,0.555118571,-0.026599664,-0.513326451,0.371199816,0.357068004,-0.762782570,-0.390993464
3.158800875,103768.102370041,vr_world,41022,103768.089586958,0.012783625,1,0.424316000,-0.395437000,-0.423975000,0.144657116,0.567669692,-0.599040682,-0.545871507,1,0.498510151,-0.234998454,-0.495934344,0.144657116,0.567669692,-0.599040682,-0.545871507,41105,103768.089586958,0.012783625,1,0.619908000,0.125360000,-0.419269000,0.371199816,0.357068004,-0.762782570,-0.390993464,1,0.555118571,-0.026599664,-0.513326451,0.371199816,0.357068004,-0.762782570,-0.390993464
3.171195584,103768.114764750,vr_world,41023,103768.111734416,0.003030667,1,0.424893000,-0.394592000,-0.424936000,0.142013254,0.569697139,-0.596974281,-0.546716666,1,0.499095320,-0.233542829,-0.495509399,0.142013254,0.569697139,-0.596974281,-0.546716666,41106,103768.111734416,0.003030667,1,0.620353000,0.124259000,-0.421803000,0.378543680,0.344458810,-0.764796596,-0.391329755,1,0.551426407,-0.028130317,-0.512151534,0.378543680,0.344458810,-0.764796596,-0.391329755
3.183602084,103768.127171250,vr_world,41023,103768.111734416,0.015437292,1,0.424893000,-0.394592000,-0.424936000,0.142013254,0.569697139,-0.596974281,-0.546716666,1,0.499095320,-0.233542829,-0.495509399,0.142013254,0.569697139,-0.596974281,-0.546716666,41106,103768.111734416,0.015437292,1,0.620353000,0.124259000,-0.421803000,0.378543680,0.344458810,-0.764796596,-0.391329755,1,0.551426407,-0.028130317,-0.512151534,0.378543680,0.344458810,-0.764796596,-0.391329755
3.194950125,103768.138519291,vr_world,41024,103768.133839541,0.004680292,1,0.425010000,-0.393238000,-0.424974000,0.146147014,0.567123599,-0.598472564,-0.546664855,1,0.498732943,-0.232716933,-0.497233033,0.146147014,0.567123599,-0.598472564,-0.546664855,41107,103768.133839541,0.004680292,1,0.620295000,0.122747000,-0.423652000,0.382845435,0.336134978,-0.766445001,-0.391158164,1,0.548741631,-0.029877839,-0.511526793,0.382845435,0.336134978,-0.766445001,-0.391158164
3.206800125,103768.150369291,vr_world,41024,103768.133839541,0.016530250,1,0.425010000,-0.393238000,-0.424974000,0.146147014,0.567123599,-0.598472564,-0.546664855,1,0.498732943,-0.232716933,-0.497233033,0.146147014,0.567123599,-0.598472564,-0.546664855,41107,103768.133839541,0.016530250,1,0.620295000,0.122747000,-0.423652000,0.382845435,0.336134978,-0.766445001,-0.391158164,1,0.548741631,-0.029877839,-0.511526793,0.382845435,0.336134978,-0.766445001,-0.391158164
3.218213334,103768.161782500,vr_world,41025,103768.156283166,0.005499750,1,0.425358000,-0.395883000,-0.422585000,0.136751751,0.571703411,-0.598072693,-0.544759784,1,0.500983276,-0.234925826,-0.491845733,0.136751751,0.571703411,-0.598072693,-0.544759784,41108,103768.156283166,0.005499750,1,0.619294000,0.121318000,-0.425747000,0.381245969,0.330558694,-0.769764295,-0.390954462,1,0.545997234,-0.030980493,-0.512746838,0.381245969,0.330558694,-0.769764295,-0.390954462
3.230648125,103768.174217291,vr_world,41025,103768.156283166,0.017936500,1,0.425358000,-0.395883000,-0.422585000,0.136751751,0.571703411,-0.598072693,-0.544759784,1,0.500983276,-0.234925826,-0.491845733,0.136751751,0.571703411,-0.598072693,-0.544759784,41108,103768.156283166,0.017936500,1,0.619294000,0.121318000,-0.425747000,0.381245969,0.330558694,-0.769764295,-0.390954462,1,0.545997234,-0.030980493,-0.512746838,0.381245969,0.330558694,-0.769764295,-0.390954462
3.242214250,103768.185783416,vr_world,41026,103768.178813041,0.006971084,1,0.424308000,-0.395724000,-0.423635000,0.136989760,0.574513050,-0.591332689,-0.549084886,1,0.498017904,-0.233119868,-0.491089824,0.136989760,0.574513050,-0.591332689,-0.549084886,41109,103768.178813041,0.006971084,1,0.620078000,0.121752000,-0.426041000,0.386681980,0.329130140,-0.768359467,-0.389581990,1,0.546564121,-0.031333192,-0.511462430,0.386681980,0.329130140,-0.768359467,-0.389581990
3.254633250,103768.198202416,vr_world,41026,103768.178813041,0.019390292,1,0.424308000,-0.395724000,-0.423635000,0.136989760,0.574513050,-0.591332689,-0.549084886,1,0.498017904,-0.233119868,-0.491089824,0.136989760,0.574513050,-0.591332689,-0.549084886,41109,103768.178813041,0.019390292,1,0.620078000,0.121752000,-0.426041000,0.386681980,0.329130140,-0.768359467,-0.389581990,1,0.546564121,-0.031333192,-0.511462430,0.386681980,0.329130140,-0.768359467,-0.389581990
3.267046834,103768.210616000,vr_world,41027,103768.201042666,0.009574042,1,0.423294000,-0.395047000,-0.425686000,0.126663638,0.566494437,-0.600598748,-0.549837721,1,0.502458952,-0.234838710,-0.492690719,0.126663638,0.566494437,-0.600598748,-0.549837721,41110,103768.201042666,0.009574042,1,0.620743000,0.124419000,-0.425891000,0.384081080,0.341747685,-0.767402455,-0.383123630,1,0.552260154,-0.030101072,-0.512896116,0.384081080,0.341747685,-0.767402455,-0.383123630
3.278309750,103768.221878916,vr_world,41027,103768.201042666,0.020840000,1,0.423294000,-0.395047000,-0.425686000,0.126663638,0.566494437,-0.600598748,-0.549837721,1,0.502458952,-0.234838710,-0.492690719,0.126663638,0.566494437,-0.600598748,-0.549837721,41110,103768.201042666,0.020840000,1,0.620743000,0.124419000,-0.425891000,0.384081080,0.341747685,-0.767402455,-0.383123630,1,0.552260154,-0.030101072,-0.512896116,0.384081080,0.341747685,-0.767402455,-0.383123630
3.290708417,103768.234277583,vr_world,41028,103768.223072333,0.011206208,1,0.423316000,-0.397910000,-0.424894000,0.125443707,0.572847784,-0.593439184,-0.551306835,1,0.500546951,-0.235773554,-0.489474294,0.125443707,0.572847784,-0.593439184,-0.551306835,41111,103768.223072333,0.011206208,1,0.622787000,0.125456000,-0.429336000,0.396416878,0.336124035,-0.765526068,-0.379267889,1,0.553219232,-0.030876867,-0.512140440,0.396416878,0.336124035,-0.765526068,-0.379267889
3.303124375,103768.246693541,vr_world,41029,103768.244873541,0.001820250,1,0.421541000,-0.397029000,-0.427830000,0.117890281,0.571806168,-0.593899967,-0.553554348,1,0.500839086,-0.235056353,-0.490280697,0.117890281,0.571806168,-0.593899967,-0.553554348,41112,103768.244873541,0.001820250,1,0.623084000,0.127550000,-0.433070000,0.410726572,0.327340553,-0.767265933,-0.368041892,1,0.552768452,-0.031927234,-0.508958019,0.410726572,0.327340553,-0.767265933,-0.368041892
3.313484792,103768.257053958,vr_world,41029,103768.244873541,0.012182750,1,0.421541000,-0.397029000,-0.427830000,0.117890281,0.571806168,-0.593899967,-0.553554348,1,0.500839086,-0.235056353,-0.490280697,0.117890281,0.571806168,-0.593899967,-0.553554348,41112,103768.244873541,0.012182750,1,0.623084000,0.127550000,-0.433070000,0.410726572,0.327340553,-0.767265933,-0.368041892,1,0.552768452,-0.031927234,-0.508958019,0.410726572,0.327340553,-0.767265933,-0.368041892
3.325547084,103768.269116250,vr_world,41030,103768.267439916,0.001676834,1,0.420269000,-0.398902000,-0.428264000,0.115245119,0.568133626,-0.595775737,-0.555872302,1,0.500985629,-0.237551136,-0.490507070,0.115245119,0.568133626,-0.595775737,-0.555872302,41113,103768.267439916,0.001676834,1,0.623186000,0.130674000,-0.436134000,0.426467699,0.328604373,-0.763664523,-0.356315821,1,0.555629984,-0.032365836,-0.506776602,0.426467699,0.328604373,-0.763664523,-0.356315821
3.335702584,103768.279271750,vr_world,41030,103768.267439916,0.011832334,1,0.420269000,-0.398902000,-0.428264000,0.115245119,0.568133626,-0.595775737,-0.555872302,1,0.500985629,-0.237551136,-0.490507070,0.115245119,0.568133626,-0.595775737,-0.555872302,41113,103768.267439916,0.011832334,1,0.623186000,0.130674000,-0.436134000,0.426467699,0.328604373,-0.763664523,-0.356315821,1,0.555629984,-0.032365836,-0.506776602,0.426467699,0.328604373,-0.763664523,-0.356315821
3.348129875,103768.291699041,vr_world,41031,103768.290292166,0.001409334,1,0.420034000,-0.399790000,-0.430551000,0.109238564,0.568323546,-0.595913953,-0.556742170,1,0.502242274,-0.238518329,-0.491021150,0.109238564,0.568323546,-0.595913953,-0.556742170,41114,103768.290292166,0.001409334,1,0.623532000,0.131715000,-0.438067000,0.425824382,0.332070831,-0.761904246,-0.357637356,1,0.556846010,-0.031177773,-0.509866495,0.425824382,0.332070831,-0.761904246,-0.357637356
3.358903875,103768.302473041,vr_world,41031,103768.290292166,0.012181459,1,0.420034000,-0.399790000,-0.430551000,0.109238564,0.568323546,-0.595913953,-0.556742170,1,0.502242274,-0.238518329,-0.491021150,0.109238564,0.568323546,-0.595913953,-0.556742170,41114,103768.290292166,0.012181459,1,0.623532000,0.131715000,-0.438067000,0.425824382,0.332070831,-0.761904246,-0.357637356,1,0.556846010,-0.031177773,-0.509866495,0.425824382,0.332070831,-0.761904246,-0.357637356
3.371323334,103768.314892500,vr_world,41032,103768.311721625,0.003173291,1,0.417950000,-0.400739000,-0.431586000,0.105025668,0.570685308,-0.594426273,-0.556727307,1,0.500625460,-0.239068435,-0.490329743,0.105025668,0.570685308,-0.594426273,-0.556727307,41115,103768.311721625,0.003173291,1,0.624246000,0.133885000,-0.441830000,0.433810111,0.330184733,-0.759454413,-0.354987077,1,0.557681336,-0.030104777,-0.511203977,0.433810111,0.330184733,-0.759454413,-0.354987077
3.383739750,103768.327308916,vr_world,41032,103768.311721625,0.015589125,1,0.417950000,-0.400739000,-0.431586000,0.105025668,0.570685308,-0.594426273,-0.556727307,1,0.500625460,-0.239068435,-0.490329743,0.105025668,0.570685308,-0.594426273,-0.556727307,41115,103768.311721625,0.015589125,1,0.624246000,0.133885000,-0.441830000,0.433810111,0.330184733,-0.759454413,-0.354987077,1,0.557681336,-0.030104777,-0.511203977,0.433810111,0.330184733,-0.759454413,-0.354987077
3.396150959,103768.339720125,vr_world,41033,103768.333913333,0.005808208,1,0.415146000,-0.402409000,-0.433341000,0.095500876,0.577468322,-0.592305667,-0.553700205,1,0.498984444,-0.240065868,-0.488470830,0.095500876,0.577468322,-0.592305667,-0.553700205,41116,103768.333913333,0.005808208,1,0.623109000,0.134701000,-0.443304000,0.432006803,0.324110672,-0.766677004,-0.347172530,1,0.555817303,-0.030152761,-0.509871659,0.432006803,0.324110672,-0.766677004,-0.347172530
3.408558042,103768.352127208,vr_world,41033,103768.333913333,0.018214625,1,0.415146000,-0.402409000,-0.433341000,0.095500876,0.577468322,-0.592305667,-0.553700205,1,0.498984444,-0.240065868,-0.488470830,0.095500876,0.577468322,-0.592305667,-0.553700205,41116,103768.333913333,0.018214625,1,0.623109000,0.134701000,-0.443304000,0.432006803,0.324110672,-0.766677004,-0.347172530,1,0.555817303,-0.030152761,-0.509871659,0.432006803,0.324110672,-0.766677004,-0.347172530
3.419529709,103768.363098875,vr_world,41034,103768.355435291,0.007664125,1,0.414425000,-0.402972000,-0.434650000,0.086061149,0.576048604,-0.593217258,-0.555747037,1,0.500864010,-0.241136431,-0.487195517,0.086061149,0.576048604,-0.593217258,-0.555747037,41117,103768.355435291,0.007664125,1,0.621950000,0.135648000,-0.442925000,0.423604714,0.325896069,-0.772738910,-0.342381914,1,0.555686329,-0.029318707,-0.510240061,0.423604714,0.325896069,-0.772738910,-0.342381914
3.431930584,103768.375499750,vr_world,41034,103768.355435291,0.020064875,1,0.414425000,-0.402972000,-0.434650000,0.086061149,0.576048604,-0.593217258,-0.555747037,1,0.500864010,-0.241136431,-0.487195517,0.086061149,0.576048604,-0.593217258,-0.555747037,41117,103768.355435291,0.020064875,1,0.621950000,0.135648000,-0.442925000,0.423604714,0.325896069,-0.772738910,-0.342381914,1,0.555686329,-0.029318707,-0.510240061,0.423604714,0.325896069,-0.772738910,-0.342381914
3.444293250,103768.387862416,vr_world,41035,103768.378124625,0.009738083,1,0.413772000,-0.403892000,-0.437562000,0.074698595,0.577509120,-0.585680386,-0.563810094,1,0.501021129,-0.240810819,-0.484631602,0.074698595,0.577509120,-0.585680386,-0.563810094,41118,103768.378124625,0.009738083,1,0.621982000,0.135474000,-0.444342000,0.423233189,0.317759754,-0.777558366,-0.339566478,1,0.553537771,-0.029524087,-0.509359385,0.423233189,0.317759754,-0.777558366,-0.339566478
3.456709042,103768.400278208,vr_world,41035,103768.378124625,0.022154083,1,0.413772000,-0.403892000,-0.437562000,0.074698595,0.577509120,-0.585680386,-0.563810094,1,0.501021129,-0.240810819,-0.484631602,0.074698595,0.577509120,-0.585680386,-0.563810094,41118,103768.378124625,0.022154083,1,0.621982000,0.135474000,-0.444342000,0.423233189,0.317759754,-0.777558366,-0.339566478,1,0.553537771,-0.029524087,-0.509359385,0.423233189,0.317759754,-0.777558366,-0.339566478
3.469116625,103768.412685791,vr_world,41036,103768.400880583,0.011805625,1,0.413050000,-0.403688000,-0.438178000,0.070070662,0.581684141,-0.576572691,-0.569471329,1,0.498866747,-0.238766525,-0.481303672,0.070070662,0.581684141,-0.576572691,-0.569471329,41119,103768.400880583,0.011805625,1,0.619738000,0.135929000,-0.443670000,0.423255748,0.324874739,-0.773197805,-0.342747910,1,0.553073442,-0.028902474,-0.510920644,0.423255748,0.324874739,-0.773197805,-0.342747910
3.481537542,103768.425106708,vr_world,41037,103768.422487250,0.002621333,1,0.411962000,-0.402273000,-0.437712000,0.064659860,0.584431333,-0.574628642,-0.569263598,1,0.498287238,-0.237048536,-0.478605371,0.064659860,0.584431333,-0.574628642,-0.569263598,41120,103768.422487250,0.002621333,1,0.618848000,0.136644000,-0.443022000,0.421930833,0.326798554,-0.775336231,-0.337684477,1,0.553570564,-0.028970805,-0.509706735,0.421930833,0.326798554,-0.775336231,-0.337684477
3.492221750,103768.435790916,vr_world,41037,103768.422487250,0.013304416,1,0.411962000,-0.402273000,-0.437712000,0.064659860,0.584431333,-0.574628642,-0.569263598,1,0.498287238,-0.237048536,-0.478605371,0.064659860,0.584431333,-0.574628642,-0.569263598,41120,103768.422487250,0.013304416,1,0.618848000,0.136644000,-0.443022000,0.421930833,0.326798554,-0.775336231,-0.337684477,1,0.553570564,-0.028970805,-0.509706735,0.421930833,0.326798554,-0.775336231,-0.337684477
3.504647500,103768.448216666,vr_world,41038,103768.444929875,0.003289500,1,0.411494000,-0.399712000,-0.435254000,0.068802867,0.581217396,-0.588547731,-0.557731183,1,0.500371503,-0.237184422,-0.481177837,0.068802867,0.581217396,-0.588547731,-0.557731183,41121,103768.444929875,0.003289500,1,0.617935000,0.137457000,-0.445057000,0.421933498,0.324519001,-0.783209886,-0.321312645,1,0.554533577,-0.030592224,-0.507313787,0.421933498,0.324519001,-0.783209886,-0.321312645
3.517056875,103768.460626041,vr_world,41038,103768.444929875,0.015696500,1,0.411494000,-0.399712000,-0.435254000,0.068802867,0.581217396,-0.588547731,-0.557731183,1,0.500371503,-0.237184422,-0.481177837,0.068802867,0.581217396,-0.588547731,-0.557731183,41121,103768.444929875,0.015696500,1,0.617935000,0.137457000,-0.445057000,0.421933498,0.324519001,-0.783209886,-0.321312645,1,0.554533577,-0.030592224,-0.507313787,0.421933498,0.324519001,-0.783209886,-0.321312645
3.529474542,103768.473043708,vr_world,41039,103768.467047833,0.005996167,1,0.413017000,-0.398545000,-0.434246000,0.079751391,0.585810120,-0.589447425,-0.550470664,1,0.499071959,-0.235511827,-0.483623758,0.079751391,0.585810120,-0.589447425,-0.550470664,41122,103768.467047833,0.005996167,1,0.617797000,0.137667000,-0.446056000,0.429108224,0.315753861,-0.785452685,-0.315007476,1,0.552857210,-0.031446056,-0.503673881,0.429108224,0.315753861,-0.785452685,-0.315007476
3.539812250,103768.483381416,vr_world,41039,103768.467047833,0.016333875,1,0.413017000,-0.398545000,-0.434246000,0.079751391,0.585810120,-0.589447425,-0.550470664,1,0.499071959,-0.235511827,-0.483623758,0.079751391,0.585810120,-0.589447425,-0.550470664,41122,103768.467047833,0.016333875,1,0.617797000,0.137667000,-0.446056000,0.429108224,0.315753861,-0.785452685,-0.315007476,1,0.552857210,-0.031446056,-0.503673881,0.429108224,0.315753861,-0.785452685,-0.315007476
3.550096250,103768.493665416,vr_world,41040,103768.490324083,0.003341708,1,0.414077000,-0.394855000,-0.432854000,0.090235919,0.585814179,-0.594156258,-0.543744028,1,0.498784100,-0.232526021,-0.486681861,0.090235919,0.585814179,-0.594156258,-0.543744028,41123,103768.490324083,0.003341708,1,0.618273000,0.137977000,-0.446926000,0.433481039,0.306773716,-0.787888395,-0.311794730,1,0.551148075,-0.031419958,-0.501102720,0.433481039,0.306773716,-0.787888395,-0.311794730
3.561305542,103768.504874708,vr_world,41040,103768.490324083,0.014551083,1,0.414077000,-0.394855000,-0.432854000,0.090235919,0.585814179,-0.594156258,-0.543744028,1,0.498784100,-0.232526021,-0.486681861,0.090235919,0.585814179,-0.594156258,-0.543744028,41123,103768.490324083,0.014551083,1,0.618273000,0.137977000,-0.446926000,0.433481039,0.306773716,-0.787888395,-0.311794730,1,0.551148075,-0.031419958,-0.501102720,0.433481039,0.306773716,-0.787888395,-0.311794730
3.573714584,103768.517283750,vr_world,41041,103768.512764791,0.004519584,1,0.414974000,-0.392713000,-0.432629000,0.095242484,0.588257838,-0.593259444,-0.541225293,1,0.498051979,-0.229962637,-0.487708689,0.095242484,0.588257838,-0.593259444,-0.541225293,41124,103768.512764791,0.004519584,1,0.617655000,0.137649000,-0.446657000,0.435222394,0.310473426,-0.785028467,-0.312918560,1,0.551637941,-0.031949832,-0.501558792,0.435222394,0.310473426,-0.785028467,-0.312918560
3.586128959,103768.529698125,vr_world,41041,103768.512764791,0.016933834,1,0.414974000,-0.392713000,-0.432629000,0.095242484,0.588257838,-0.593259444,-0.541225293,1,0.498051979,-0.229962637,-0.487708689,0.095242484,0.588257838,-0.593259444,-0.541225293,41124,103768.512764791,0.016933834,1,0.617655000,0.137649000,-0.446657000,0.435222394,0.310473426,-0.785028467,-0.312918560,1,0.551637941,-0.031949832,-0.501558792,0.435222394,0.310473426,-0.785028467,-0.312918560
3.596135917,103768.539705083,vr_world,41042,103768.534420833,0.005284542,1,0.416371000,-0.389566000,-0.432871000,0.096637387,0.593106506,-0.588834086,-0.540518554,1,0.497585923,-0.225603434,-0.487128160,0.096637387,0.593106506,-0.588834086,-0.540518554,41125,103768.534420833,0.005284542,1,0.617055000,0.137161000,-0.446085000,0.433346886,0.316363626,-0.782488010,-0.315970010,1,0.552364963,-0.032184614,-0.503299451,0.433346886,0.316363626,-0.782488010,-0.315970010
3.607693292,103768.551262458,vr_world,41042,103768.534420833,0.016841958,1,0.416371000,-0.389566000,-0.432871000,0.096637387,0.593106506,-0.588834086,-0.540518554,1,0.497585923,-0.225603434,-0.487128160,0.096637387,0.593106506,-0.588834086,-0.540518554,41125,103768.534420833,0.016841958,1,0.617055000,0.137161000,-0.446085000,0.433346886,0.316363626,-0.782488010,-0.315970010,1,0.552364963,-0.032184614,-0.503299451,0.433346886,0.316363626,-0.782488010,-0.315970010
3.620074334,103768.563643500,vr_world,41043,103768.557021666,0.006622167,1,0.418179000,-0.386839000,-0.433114000,0.095233621,0.600711936,-0.578797116,-0.543203117,1,0.496534391,-0.220471286,-0.484159687,0.095233621,0.600711936,-0.578797116,-0.543203117,41126,103768.557021666,0.006622167,1,0.616612000,0.136022000,-0.446050000,0.428687350,0.318675657,-0.783314404,-0.317948937,1,0.552135036,-0.032785167,-0.505067707,0.428687350,0.318675657,-0.783314404,-0.317948937
3.630564709,103768.574133875,vr_world,41043,103768.557021666,0.017112667,1,0.418179000,-0.386839000,-0.433114000,0.095233621,0.600711936,-0.578797116,-0.543203117,1,0.496534391,-0.220471286,-0.484159687,0.095233621,0.600711936,-0.578797116,-0.543203117,41126,103768.557021666,0.017112667,1,0.616612000,0.136022000,-0.446050000,0.428687350,0.318675657,-0.783314404,-0.317948937,1,0.552135036,-0.032785167,-0.505067707,0.428687350,0.318675657,-0.783314404,-0.317948937
3.642214917,103768.585784083,vr_world,41044,103768.579636375,0.006148458,1,0.418604000,-0.384764000,-0.432256000,0.094157007,0.603449823,-0.575658351,-0.543691302,1,0.496165884,-0.217661624,-0.482099633,0.094157007,0.603449823,-0.575658351,-0.543691302,41127,103768.579636375,0.006148458,1,0.616258000,0.134192000,-0.446403000,0.424034048,0.320006033,-0.783704572,-0.321867066,1,0.551384915,-0.033724825,-0.507490196,0.424034048,0.320006033,-0.783704572,-0.321867066
3.654651250,103768.598220416,vr_world,41044,103768.579636375,0.018586125,1,0.418604000,-0.384764000,-0.432256000,0.094157007,0.603449823,-0.575658351,-0.543691302,1,0.496165884,-0.217661624,-0.482099633,0.094157007,0.603449823,-0.575658351,-0.543691302,41127,103768.579636375,0.018586125,1,0.616258000,0.134192000,-0.446403000,0.424034048,0.320006033,-0.783704572,-0.321867066,1,0.551384915,-0.033724825,-0.507490196,0.424034048,0.320006033,-0.783704572,-0.321867066
3.667083250,103768.610652416,vr_world,41045,103768.602510625,0.008144791,1,0.419884000,-0.381177000,-0.431177000,0.097198770,0.609084355,-0.573415650,-0.539224573,1,0.495590759,-0.213317717,-0.481328640,0.097198770,0.609084355,-0.573415650,-0.539224573,41128,103768.602510625,0.008144791,1,0.616804000,0.132882000,-0.446104000,0.422351267,0.317289810,-0.783446254,-0.327350807,1,0.550111536,-0.033924070,-0.508265490,0.422351267,0.317289810,-0.783446254,-0.327350807
3.678759209,103768.622328375,vr_world,41045,103768.602510625,0.019820958,1,0.419884000,-0.381177000,-0.431177000,0.097198770,0.609084355,-0.573415650,-0.539224573,1,0.495590759,-0.213317717,-0.481328640,0.097198770,0.609084355,-0.573415650,-0.539224573,41128,103768.602510625,0.019820958,1,0.616804000,0.132882000,-0.446104000,0.422351267,0.317289810,-0.783446254,-0.327350807,1,0.550111536,-0.033924070,-0.508265490,0.422351267,0.317289810,-0.783446254,-0.327350807
3.690062167,103768.633631333,vr_world,41046,103768.625169750,0.008462041,1,0.421099000,-0.377543000,-0.428924000,0.102987492,0.613601294,-0.574767440,-0.531534964,1,0.495316561,-0.209681670,-0.481247831,0.102987492,0.613601294,-0.574767440,-0.531534964,41129,103768.625169750,0.008462041,1,0.616056000,0.131416000,-0.445376000,0.416704413,0.314511704,-0.786687619,-0.329488104,1,0.547909073,-0.034432585,-0.508514251,0.416704413,0.314511704,-0.786687619,-0.329488104
3.702487209,103768.646056375,vr_world,41046,103768.625169750,0.020887583,1,0.421099000,-0.377543000,-0.428924000,0.102987492,0.613601294,-0.574767440,-0.531534964,1,0.495316561,-0.209681670,-0.481247831,0.102987492,0.613601294,-0.574767440,-0.531534964,41129,103768.625169750,0.020887583,1,0.616056000,0.131416000,-0.445376000,0.416704413,0.314511704,-0.786687619,-0.329488104,1,0.547909073,-0.034432585,-0.508514251,0.416704413,0.314511704,-0.786687619,-0.329488104
3.714912167,103768.658481333,vr_world,41047,103768.647273500,0.011209916,1,0.420694000,-0.376156000,-0.427769000,0.103054496,0.617714640,-0.575566119,-0.525863136,1,0.494673372,-0.208271707,-0.480355104,0.103054496,0.617714640,-0.575566119,-0.525863136,41130,103768.647273500,0.011209916,1,0.615278000,0.130176000,-0.444163000,0.409175803,0.314711899,-0.790217251,-0.330285149,1,0.546806924,-0.034913202,-0.508920116,0.409175803,0.314711899,-0.790217251,-0.330285149
3.727321292,103768.670890458,vr_world,41048,103768.669758958,0.001132083,1,0.419901000,-0.373813000,-0.426349000,0.095892720,0.622810559,-0.578785535,-0.517608828,1,0.495811700,-0.206379243,-0.477602680,0.095892720,0.622810559,-0.578785535,-0.517608828,41131,103768.669758958,0.001132083,1,0.613522000,0.127742000,-0.441775000,0.393873098,0.319314217,-0.793443515,-0.336674624,1,0.545136850,-0.035216280,-0.511805694,0.393873098,0.319314217,-0.793443515,-0.336674624
3.739332667,103768.682901833,vr_world,41048,103768.669758958,0.013143292,1,0.419901000,-0.373813000,-0.426349000,0.095892720,0.622810559,-0.578785535,-0.517608828,1,0.495811700,-0.206379243,-0.477602680,0.095892720,0.622810559,-0.578785535,-0.517608828,41131,103768.669758958,0.013143292,1,0.613522000,0.127742000,-0.441775000,0.393873098,0.319314217,-0.793443515,-0.336674624,1,0.545136850,-0.035216280,-0.511805694,0.393873098,0.319314217,-0.793443515,-0.336674624
3.750802000,103768.694371166,vr_world,41049,103768.692538250,0.001833458,1,0.419122000,-0.374016000,-0.424961000,0.094286150,0.620974041,-0.584617851,-0.513539999,1,0.497064647,-0.207843745,-0.477259784,0.094286150,0.620974041,-0.584617851,-0.513539999,41132,103768.692538250,0.001833458,1,0.612182000,0.127743000,-0.440424000,0.382850216,0.323584398,-0.797862911,-0.334863591,1,0.545246369,-0.034752630,-0.512887711,0.382850216,0.323584398,-0.797862911,-0.334863591
3.763220000,103768.706789166,vr_world,41049,103768.692538250,0.014251458,1,0.419122000,-0.374016000,-0.424961000,0.094286150,0.620974041,-0.584617851,-0.513539999,1,0.497064647,-0.207843745,-0.477259784,0.094286150,0.620974041,-0.584617851,-0.513539999,41132,103768.692538250,0.014251458,1,0.612182000,0.127743000,-0.440424000,0.382850216,0.323584398,-0.797862911,-0.334863591,1,0.545246369,-0.034752630,-0.512887711,0.382850216,0.323584398,-0.797862911,-0.334863591
3.775638084,103768.719207250,vr_world,41050,103768.714049250,0.005158625,1,0.417904000,-0.373019000,-0.422790000,0.091272341,0.622562651,-0.590583540,-0.505268431,1,0.497891293,-0.208025028,-0.475728165,0.091272341,0.622562651,-0.590583540,-0.505268431,41133,103768.714049250,0.005158625,1,0.611023000,0.127627000,-0.438828000,0.372788768,0.328096051,-0.801959435,-0.332027982,1,0.545851476,-0.034669200,-0.513318496,0.372788768,0.328096051,-0.801959435,-0.332027982
3.788063000,103768.731632166,vr_world,41050,103768.714049250,0.017584791,1,0.417904000,-0.373019000,-0.422790000,0.091272341,0.622562651,-0.590583540,-0.505268431,1,0.497891293,-0.208025028,-0.475728165,0.091272341,0.622562651,-0.590583540,-0.505268431,41133,103768.714049250,0.017584791,1,0.611023000,0.127627000,-0.438828000,0.372788768,0.328096051,-0.801959435,-0.332027982,1,0.545851476,-0.034669200,-0.513318496,0.372788768,0.328096051,-0.801959435,-0.332027982
3.800450917,103768.744020083,vr_world,41051,103768.736846833,0.007173750,1,0.416340000,-0.372009000,-0.421411000,0.084106314,0.623909938,-0.594152830,-0.500644516,1,0.498698736,-0.207760728,-0.473014849,0.084106314,0.623909938,-0.594152830,-0.500644516,41134,103768.736846833,0.007173750,1,0.609786000,0.127783000,-0.438330000,0.371297254,0.326041513,-0.806532683,-0.324561723,1,0.545020942,-0.035546024,-0.510892772,0.371297254,0.326041513,-0.806532683,-0.324561723
3.812863625,103768.756432791,vr_world,41051,103768.736846833,0.019586417,1,0.416340000,-0.372009000,-0.421411000,0.084106314,0.623909938,-0.594152830,-0.500644516,1,0.498698736,-0.207760728,-0.473014849,0.084106314,0.623909938,-0.594152830,-0.500644516,41134,103768.736846833,0.019586417,1,0.609786000,0.127783000,-0.438330000,0.371297254,0.326041513,-0.806532683,-0.324561723,1,0.545020942,-0.035546024,-0.510892772,0.371297254,0.326041513,-0.806532683,-0.324561723
3.825290917,103768.768860083,vr_world,41052,103768.759071625,0.009789291,1,0.415236000,-0.373292000,-0.421829000,0.078183968,0.624654894,-0.593326396,-0.501654581,1,0.498604930,-0.208907877,-0.471335745,0.078183968,0.624654894,-0.593326396,-0.501654581,41135,103768.759071625,0.009789291,1,0.609723000,0.129730000,-0.438735000,0.378533635,0.317670965,-0.810829496,-0.313612776,1,0.543913903,-0.035561712,-0.505697804,0.378533635,0.317670965,-0.810829496,-0.313612776
3.837694625,103768.781263791,vr_world,41052,103768.759071625,0.022193083,1,0.415236000,-0.373292000,-0.421829000,0.078183968,0.624654894,-0.593326396,-0.501654581,1,0.498604930,-0.208907877,-0.471335745,0.078183968,0.624654894,-0.593326396,-0.501654581,41135,103768.759071625,0.022193083,1,0.609723000,0.129730000,-0.438735000,0.378533635,0.317670965,-0.810829496,-0.313612776,1,0.543913903,-0.035561712,-0.505697804,0.378533635,0.317670965,-0.810829496,-0.313612776
3.850104542,103768.793673708,vr_world,41053,103768.781678500,0.011995541,1,0.413867000,-0.373631000,-0.421112000,0.071837133,0.624262729,-0.593199289,-0.503239580,1,0.498622591,-0.209349978,-0.468563785,0.071837133,0.624262729,-0.593199289,-0.503239580,41136,103768.781678500,0.011995541,1,0.608786000,0.131447000,-0.439182000,0.385194585,0.309690054,-0.816613011,-0.298094602,1,0.542761871,-0.036286614,-0.499535001,0.385194585,0.309690054,-0.816613011,-0.298094602
3.862535917,103768.806105083,vr_world,41054,103768.803036666,0.003070500,1,0.411733000,-0.373698000,-0.419746000,0.068599750,0.624893036,-0.592771534,-0.503413028,1,0.497014329,-0.209363612,-0.466057391,0.068599750,0.624893036,-0.592771534,-0.503413028,41137,103768.803036666,0.003070500,1,0.608179000,0.132695000,-0.438323000,0.389425821,0.308066564,-0.817393377,-0.292079765,1,0.542621987,-0.036139353,-0.496059191,0.389425821,0.308066564,-0.817393377,-0.292079765
3.874945709,103768.818514875,vr_world,41054,103768.803036666,0.015479209,1,0.411733000,-0.373698000,-0.419746000,0.068599750,0.624893036,-0.592771534,-0.503413028,1,0.497014329,-0.209363612,-0.466057391,0.068599750,0.624893036,-0.592771534,-0.503413028,41137,103768.803036666,0.015479209,1,0.608179000,0.132695000,-0.438323000,0.389425821,0.308066564,-0.817393377,-0.292079765,1,0.542621987,-0.036139353,-0.496059191,0.389425821,0.308066564,-0.817393377,-0.292079765
3.887354667,103768.830923833,vr_world,41055,103768.824798083,0.006126375,1,0.409749000,-0.373576000,-0.418030000,0.061366000,0.628662485,-0.593605516,-0.498648358,1,0.496391043,-0.209378002,-0.462252049,0.061366000,0.628662485,-0.593605516,-0.498648358,41138,103768.824798083,0.006126375,1,0.607260000,0.134599000,-0.437552000,0.388591699,0.305926855,-0.822459782,-0.281007396,1,0.542571967,-0.035582701,-0.492231344,0.388591699,0.305926855,-0.822459782,-0.281007396
3.899773292,103768.843342458,vr_world,41055,103768.824798083,0.018547000,1,0.409749000,-0.373576000,-0.418030000,0.061366000,0.628662485,-0.593605516,-0.498648358,1,0.496391043,-0.209378002,-0.462252049,0.061366000,0.628662485,-0.593605516,-0.498648358,41138,103768.824798083,0.018547000,1,0.607260000,0.134599000,-0.437552000,0.388591699,0.305926855,-0.822459782,-0.281007396,1,0.542571967,-0.035582701,-0.492231344,0.388591699,0.305926855,-0.822459782,-0.281007396
3.911992000,103768.855561166,vr_world,41056,103768.847315791,0.008245792,1,0.409744000,-0.374727000,-0.418349000,0.063451437,0.633358626,-0.590109021,-0.496590484,1,0.494552185,-0.209518296,-0.462361665,0.063451437,0.633358626,-0.590109021,-0.496590484,41139,103768.847315791,0.008245792,1,0.606909000,0.135118000,-0.436908000,0.387178882,0.305962076,-0.823995196,-0.278409121,1,0.542558765,-0.035317254,-0.491195187,0.387178882,0.305962076,-0.823995196,-0.278409121
3.923670917,103768.867240083,vr_world,41056,103768.847315791,0.019924709,1,0.409744000,-0.374727000,-0.418349000,0.063451437,0.633358626,-0.590109021,-0.496590484,1,0.494552185,-0.209518296,-0.462361665,0.063451437,0.633358626,-0.590109021,-0.496590484,41139,103768.847315791,0.019924709,1,0.606909000,0.135118000,-0.436908000,0.387178882,0.305962076,-0.823995196,-0.278409121,1,0.542558765,-0.035317254,-0.491195187,0.387178882,0.305962076,-0.823995196,-0.278409121
3.936086209,103768.879655375,vr_world,41057,103768.869326041,0.010329875,1,0.407414000,-0.374760000,-0.417264000,0.057582250,0.635586195,-0.589166864,-0.495577320,1,0.492975242,-0.209390879,-0.459166325,0.057582250,0.635586195,-0.589166864,-0.495577320,41140,103768.869326041,0.010329875,1,0.605787000,0.136693000,-0.436236000,0.387075880,0.303655180,-0.827246561,-0.271346499,1,0.541676229,-0.034524675,-0.488298834,0.387075880,0.303655180,-0.827246561,-0.271346499
3.948472875,103768.892042041,vr_world,41058,103768.891832333,0.000210125,1,0.405889000,-0.374840000,-0.415424000,0.052473171,0.639198184,-0.586331943,-0.494860688,1,0.491388118,-0.208863154,-0.454984833,0.052473171,0.639198184,-0.586331943,-0.494860688,41141,103768.891832333,0.000210125,1,0.604761000,0.137933000,-0.435488000,0.387475742,0.300820064,-0.830568793,-0.263676541,1,0.540810607,-0.034108854,-0.484967039,0.387475742,0.300820064,-0.830568793,-0.263676541
3.958954792,103768.902523958,vr_world,41058,103768.891832333,0.010691958,1,0.405889000,-0.374840000,-0.415424000,0.052473171,0.639198184,-0.586331943,-0.494860688,1,0.491388118,-0.208863154,-0.454984833,0.052473171,0.639198184,-0.586331943,-0.494860688,41141,103768.891832333,0.010691958,1,0.604761000,0.137933000,-0.435488000,0.387475742,0.300820064,-0.830568793,-0.263676541,1,0.540810607,-0.034108854,-0.484967039,0.387475742,0.300820064,-0.830568793,-0.263676541
3.969478125,103768.913047291,vr_world,41058,103768.891832333,0.021215333,1,0.405889000,-0.374840000,-0.415424000,0.052473171,0.639198184,-0.586331943,-0.494860688,1,0.491388118,-0.208863154,-0.454984833,0.052473171,0.639198184,-0.586331943,-0.494860688,41141,103768.891832333,0.021215333,1,0.604761000,0.137933000,-0.435488000,0.387475742,0.300820064,-0.830568793,-0.263676541,1,0.540810607,-0.034108854,-0.484967039,0.387475742,0.300820064,-0.830568793,-0.263676541
3.981837209,103768.925406375,vr_world,41059,103768.914386375,0.011020375,1,0.404604000,-0.375801000,-0.414683000,0.048746310,0.640704866,-0.585127018,-0.494719562,1,0.490393655,-0.209624792,-0.452748905,0.048746310,0.640704866,-0.585127018,-0.494719562,41142,103768.914386375,0.011020375,1,0.604126000,0.138992000,-0.434465000,0.384227474,0.301236854,-0.832684559,-0.261270035,1,0.540532781,-0.033163008,-0.484010989,0.384227474,0.301236854,-0.832684559,-0.261270035
3.992216542,103768.935785708,vr_world,41059,103768.914386375,0.021399875,1,0.404604000,-0.375801000,-0.414683000,0.048746310,0.640704866,-0.585127018,-0.494719562,1,0.490393655,-0.209624792,-0.452748905,0.048746310,0.640704866,-0.585127018,-0.494719562,41142,103768.914386375,0.021399875,1,0.604126000,0.138992000,-0.434465000,0.384227474,0.301236854,-0.832684559,-0.261270035,1,0.540532781,-0.033163008,-0.484010989,0.384227474,0.301236854,-0.832684559,-0.261270035
4.004624834,103768.948194000,vr_world,41060,103768.936518416,0.011675834,1,0.401916000,-0.377255000,-0.413870000,0.036107597,0.645438645,-0.581812180,-0.493558289,1,0.488874507,-0.210641647,-0.447061532,0.036107597,0.645438645,-0.581812180,-0.493558289,41143,103768.936518416,0.011675834,1,0.602339000,0.141815000,-0.433825000,0.381103243,0.302099784,-0.837282958,-0.249906556,1,0.540518841,-0.031611107,-0.481130848,0.381103243,0.302099784,-0.837282958,-0.249906556
4.017043625,103768.960612791,vr_world,41061,103768.958798500,0.001814458,1,0.400267000,-0.378584000,-0.413707000,0.023954550,0.650669993,-0.575623083,-0.494684552,1,0.487421994,-0.211081065,-0.441459384,0.023954550,0.650669993,-0.575623083,-0.494684552,41144,103768.958798500,0.001814458,1,0.601590000,0.143784000,-0.434506000,0.383200624,0.300714253,-0.840308626,-0.237927790,1,0.541062293,-0.031095666,-0.477976799,0.383200624,0.300714253,-0.840308626,-0.237927790
4.027923917,103768.971493083,vr_world,41061,103768.958798500,0.012695500,1,0.400267000,-0.378584000,-0.413707000,0.023954550,0.650669993,-0.575623083,-0.494684552,1,0.487421994,-0.211081065,-0.441459384,0.023954550,0.650669993,-0.575623083,-0.494684552,41144,103768.958798500,0.012695500,1,0.601590000,0.143784000,-0.434506000,0.383200624,0.300714253,-0.840308626,-0.237927790,1,0.541062293,-0.031095666,-0.477976799,0.383200624,0.300714253,-0.840308626,-0.237927790
4.038804167,103768.982373333,vr_world,41062,103768.981091625,0.001282250,1,0.396894000,-0.380837000,-0.413383000,0.001910898,0.658329263,-0.565390225,-0.496923358,1,0.484690940,-0.212356261,-0.431532553,0.001910898,0.658329263,-0.565390225,-0.496923358,41145,103768.981091625,0.001282250,1,0.600607000,0.147697000,-0.436238000,0.391457578,0.294021091,-0.843931934,-0.219297636,1,0.540798276,-0.029178000,-0.471936066,0.391457578,0.294021091,-0.843931934,-0.219297636
4.050410709,103768.993979875,vr_world,41062,103768.981091625,0.012888833,1,0.396894000,-0.380837000,-0.413383000,0.001910898,0.658329263,-0.565390225,-0.496923358,1,0.484690940,-0.212356261,-0.431532553,0.001910898,0.658329263,-0.565390225,-0.496923358,41145,103768.981091625,0.012888833,1,0.600607000,0.147697000,-0.436238000,0.391457578,0.294021091,-0.843931934,-0.219297636,1,0.540798276,-0.029178000,-0.471936066,0.391457578,0.294021091,-0.843931934,-0.219297636
4.062808667,103769.006377833,vr_world,41063,103769.003943708,0.002434667,1,0.393957000,-0.382195000,-0.414301000,0.021302485,-0.663573000,0.554520159,0.501721507,1,0.482563026,-0.213352464,-0.422337504,0.021302485,-0.663573000,0.554520159,0.501721507,41146,103769.003943708,0.002434667,1,0.600636000,0.150573000,-0.440793000,0.411913514,0.272323095,-0.847654828,-0.194032683,1,0.538292909,-0.027768882,-0.461857755,0.411913514,0.272323095,-0.847654828,-0.194032683
4.075212000,103769.018781166,vr_world,41063,103769.003943708,0.014837917,1,0.393957000,-0.382195000,-0.414301000,0.021302485,-0.663573000,0.554520159,0.501721507,1,0.482563026,-0.213352464,-0.422337504,0.021302485,-0.663573000,0.554520159,0.501721507,41146,103769.003943708,0.014837917,1,0.600636000,0.150573000,-0.440793000,0.411913514,0.272323095,-0.847654828,-0.194032683,1,0.538292909,-0.027768882,-0.461857755,0.411913514,0.272323095,-0.847654828,-0.194032683
4.085341417,103769.028910583,vr_world,41064,103769.026519916,0.002391125,1,0.394279000,-0.382098000,-0.412428000,0.022767573,-0.666869593,0.547970395,0.504475004,1,0.481033586,-0.212211281,-0.418392065,0.022767573,-0.666869593,0.547970395,0.504475004,41147,103769.026519916,0.002391125,1,0.600192000,0.149110000,-0.441102000,0.429143887,0.247224520,-0.847700906,-0.190049297,1,0.531446121,-0.027705033,-0.453213589,0.429143887,0.247224520,-0.847700906,-0.190049297
4.095631625,103769.039200791,vr_world,41064,103769.026519916,0.012681500,1,0.394279000,-0.382098000,-0.412428000,0.022767573,-0.666869593,0.547970395,0.504475004,1,0.481033586,-0.212211281,-0.418392065,0.022767573,-0.666869593,0.547970395,0.504475004,41147,103769.026519916,0.012681500,1,0.600192000,0.149110000,-0.441102000,0.429143887,0.247224520,-0.847700906,-0.190049297,1,0.531446121,-0.027705033,-0.453213589,0.429143887,0.247224520,-0.847700906,-0.190049297
4.108032417,103769.051601583,vr_world,41065,103769.048022583,0.003579542,1,0.392432000,-0.380533000,-0.408868000,0.022294277,-0.666863904,0.550308646,0.501952082,1,0.479672752,-0.210922941,-0.415571014,0.022294277,-0.666863904,0.550308646,0.501952082,41148,103769.048022583,0.003579542,1,0.599613000,0.148784000,-0.439293000,0.432332151,0.243495230,-0.847026115,-0.190645602,1,0.529843957,-0.027705044,-0.450251528,0.432332151,0.243495230,-0.847026115,-0.190645602
4.120434667,103769.064003833,vr_world,41065,103769.048022583,0.015981792,1,0.392432000,-0.380533000,-0.408868000,0.022294277,-0.666863904,0.550308646,0.501952082,1,0.479672752,-0.210922941,-0.415571014,0.022294277,-0.666863904,0.550308646,0.501952082,41148,103769.048022583,0.015981792,1,0.599613000,0.148784000,-0.439293000,0.432332151,0.243495230,-0.847026115,-0.190645602,1,0.529843957,-0.027705044,-0.450251528,0.432332151,0.243495230,-0.847026115,-0.190645602
4.132853542,103769.076422708,vr_world,41066,103769.070331541,0.006091709,1,0.389784000,-0.377794000,-0.404360000,0.011329649,-0.666459655,0.562201604,0.489522750,1,0.478050728,-0.209098063,-0.417555212,0.011329649,-0.666459655,0.562201604,0.489522750,41149,103769.070331541,0.006091709,1,0.595570000,0.148741000,-0.434452000,0.415364873,0.264152218,-0.846939873,-0.200968853,1,0.529775927,-0.028386242,-0.455267736,0.415364873,0.264152218,-0.846939873,-0.200968853
4.145253417,103769.088822583,vr_world,41066,103769.070331541,0.018491459,1,0.389784000,-0.377794000,-0.404360000,0.011329649,-0.666459655,0.562201604,0.489522750,1,0.478050728,-0.209098063,-0.417555212,0.011329649,-0.666459655,0.562201604,0.489522750,41149,103769.070331541,0.018491459,1,0.595570000,0.148741000,-0.434452000,0.415364873,0.264152218,-0.846939873,-0.200968853,1,0.529775927,-0.028386242,-0.455267736,0.415364873,0.264152218,-0.846939873,-0.200968853
4.157650250,103769.101219416,vr_world,41067,103769.093493708,0.007726208,1,0.388908000,-0.376075000,-0.401787000,0.000987838,0.665089109,-0.574983509,-0.476497077,1,0.478351484,-0.208715180,-0.422133884,0.000987838,0.665089109,-0.574983509,-0.476497077,41150,103769.093493708,0.007726208,1,0.592774000,0.147940000,-0.429785000,0.391111928,0.287570764,-0.847708611,-0.213833173,1,0.531511721,-0.028932770,-0.462938894,0.391111928,0.287570764,-0.847708611,-0.213833173
4.170062125,103769.113631291,vr_world,41067,103769.093493708,0.020138167,1,0.388908000,-0.376075000,-0.401787000,0.000987838,0.665089109,-0.574983509,-0.476497077,1,0.478351484,-0.208715180,-0.422133884,0.000987838,0.665089109,-0.574983509,-0.476497077,41150,103769.093493708,0.020138167,1,0.592774000,0.147940000,-0.429785000,0.391111928,0.287570764,-0.847708611,-0.213833173,1,0.531511721,-0.028932770,-0.462938894,0.391111928,0.287570764,-0.847708611,-0.213833173
4.182475875,103769.126045041,vr_world,41068,103769.116041458,0.010004125,1,0.387188000,-0.373644000,-0.397846000,0.017429620,0.666422817,-0.584741214,-0.462227812,1,0.475954461,-0.207059709,-0.426017397,0.017429620,0.666422817,-0.584741214,-0.462227812,41151,103769.116041458,0.010004125,1,0.590059000,0.147789000,-0.426753000,0.369277541,0.297767251,-0.852670901,-0.218908876,1,0.530554598,-0.028156668,-0.467231997,0.369277541,0.297767251,-0.852670901,-0.218908876
4.194836042,103769.138405208,vr_world,41069,103769.138132416,0.000273125,1,0.385518000,-0.372930000,-0.397105000,0.017237269,0.666665979,-0.586886142,-0.459155752,1,0.474855931,-0.206732238,-0.425748839,0.017237269,0.666665979,-0.586886142,-0.459155752,41152,103769.138132416,0.000273125,1,0.589502000,0.149019000,-0.426965000,0.369759924,0.292497305,-0.856361827,-0.210635579,1,0.529316439,-0.027409142,-0.464207642,0.369759924,0.292497305,-0.856361827,-0.210635579
4.207230250,103769.150799416,vr_world,41069,103769.138132416,0.012667292,1,0.385518000,-0.372930000,-0.397105000,0.017237269,0.666665979,-0.586886142,-0.459155752,1,0.474855931,-0.206732238,-0.425748839,0.017237269,0.666665979,-0.586886142,-0.459155752,41152,103769.138132416,0.012667292,1,0.589502000,0.149019000,-0.426965000,0.369759924,0.292497305,-0.856361827,-0.210635579,1,0.529316439,-0.027409142,-0.464207642,0.369759924,0.292497305,-0.856361827,-0.210635579
4.219638375,103769.163207541,vr_world,41070,103769.160495958,0.002711875,1,0.381856000,-0.374118000,-0.395305000,0.016305540,0.669512175,-0.589737620,-0.451328169,1,0.471778969,-0.208316318,-0.424409687,0.016305540,0.669512175,-0.589737620,-0.451328169,41153,103769.160495958,0.002711875,1,0.587951000,0.150127000,-0.425999000,0.371333526,0.289841916,-0.859014870,-0.200490721,1,0.528275589,-0.027183320,-0.459705168,0.371333526,0.289841916,-0.859014870,-0.200490721
4.232061542,103769.175630708,vr_world,41070,103769.160495958,0.015135083,1,0.381856000,-0.374118000,-0.395305000,0.016305540,0.669512175,-0.589737620,-0.451328169,1,0.471778969,-0.208316318,-0.424409687,0.016305540,0.669512175,-0.589737620,-0.451328169,41153,103769.160495958,0.015135083,1,0.587951000,0.150127000,-0.425999000,0.371333526,0.289841916,-0.859014870,-0.200490721,1,0.528275589,-0.027183320,-0.459705168,0.371333526,0.289841916,-0.859014870,-0.200490721
4.244137834,103769.187707000,vr_world,41071,103769.183085625,0.004621875,1,0.380803000,-0.372526000,-0.395264000,0.001668478,0.674866476,-0.582991876,-0.452407922,1,0.470906496,-0.205831474,-0.418017236,0.001668478,0.674866476,-0.582991876,-0.452407922,41154,103769.183085625,0.004621875,1,0.586540000,0.150719000,-0.423893000,0.374757746,0.290111048,-0.857856702,-0.198680875,1,0.527362875,-0.026967048,-0.456480856,0.374757746,0.290111048,-0.857856702,-0.198680875
4.256493625,103769.200062791,vr_world,41071,103769.183085625,0.016977541,1,0.380803000,-0.372526000,-0.395264000,0.001668478,0.674866476,-0.582991876,-0.452407922,1,0.470906496,-0.205831474,-0.418017236,0.001668478,0.674866476,-0.582991876,-0.452407922,41154,103769.183085625,0.016977541,1,0.586540000,0.150719000,-0.423893000,0.374757746,0.290111048,-0.857856702,-0.198680875,1,0.527362875,-0.026967048,-0.456480856,0.374757746,0.290111048,-0.857856702,-0.198680875
4.268893750,103769.212462916,vr_world,41072,103769.205533875,0.006929625,1,0.379778000,-0.371511000,-0.392492000,0.003877032,0.673904639,-0.583252387,-0.453491079,1,0.469681120,-0.204814820,-0.416013021,0.003877032,0.673904639,-0.583252387,-0.453491079,41155,103769.205533875,0.006929625,1,0.585334000,0.150545000,-0.421799000,0.374663413,0.291778063,-0.856587112,-0.201869783,1,0.526299064,-0.026968562,-0.455562957,0.374663413,0.291778063,-0.856587112,-0.201869783
4.281268000,103769.224837166,vr_world,41072,103769.205533875,0.019303791,1,0.379778000,-0.371511000,-0.392492000,0.003877032,0.673904639,-0.583252387,-0.453491079,1,0.469681120,-0.204814820,-0.416013021,0.003877032,0.673904639,-0.583252387,-0.453491079,41155,103769.205533875,0.019303791,1,0.585334000,0.150545000,-0.421799000,0.374663413,0.291778063,-0.856587112,-0.201869783,1,0.526299064,-0.026968562,-0.455562957,0.374663413,0.291778063,-0.856587112,-0.201869783
4.293683542,103769.237252708,vr_world,41073,103769.227479125,0.009773916,1,0.376329000,-0.369311000,-0.388391000,0.005055334,0.672408911,-0.593395126,-0.442405837,1,0.468902362,-0.204507655,-0.414724570,0.005055334,0.672408911,-0.593395126,-0.442405837,41156,103769.227479125,0.009773916,1,0.582035000,0.151053000,-0.418269000,0.365386802,0.296582296,-0.859882030,-0.197823967,1,0.524775554,-0.026759938,-0.453484318,0.365386802,0.296582296,-0.859882030,-0.197823967
4.305500459,103769.249069625,vr_world,41073,103769.227479125,0.021591333,1,0.376329000,-0.369311000,-0.388391000,0.005055334,0.672408911,-0.593395126,-0.442405837,1,0.468902362,-0.204507655,-0.414724570,0.005055334,0.672408911,-0.593395126,-0.442405837,41156,103769.227479125,0.021591333,1,0.582035000,0.151053000,-0.418269000,0.365386802,0.296582296,-0.859882030,-0.197823967,1,0.524775554,-0.026759938,-0.453484318,0.365386802,0.296582296,-0.859882030,-0.197823967
4.317912792,103769.261481958,vr_world,41074,103769.249896125,0.011586416,1,0.375626000,-0.368267000,-0.386806000,0.009822313,0.675426759,-0.598548145,-0.430630158,1,0.468395211,-0.204064400,-0.416042670,0.009822313,0.675426759,-0.598548145,-0.430630158,41157,103769.249896125,0.011586416,1,0.579116000,0.150625000,-0.415627000,0.348331034,0.301371690,-0.866158983,-0.193930945,1,0.523363911,-0.027059640,-0.453785972,0.348331034,0.301371690,-0.866158983,-0.193930945
4.329471625,103769.273040791,vr_world,41075,103769.271182041,0.001859125,1,0.372522000,-0.365733000,-0.382540000,0.012518100,0.675821498,-0.607511811,-0.417178619,1,0.467245244,-0.203223361,-0.414813167,0.012518100,0.675821498,-0.607511811,-0.417178619,41158,103769.271182041,0.001859125,1,0.575415000,0.150525000,-0.411279000,0.324983767,0.313561038,-0.870304276,-0.196559137,1,0.522972403,-0.026514371,-0.456479117,0.324983767,0.313561038,-0.870304276,-0.196559137
4.340138042,103769.283707208,vr_world,41075,103769.271182041,0.012525500,1,0.372522000,-0.365733000,-0.382540000,0.012518100,0.675821498,-0.607511811,-0.417178619,1,0.467245244,-0.203223361,-0.414813167,0.012518100,0.675821498,-0.607511811,-0.417178619,41158,103769.271182041,0.012525500,1,0.575415000,0.150525000,-0.411279000,0.324983767,0.313561038,-0.870304276,-0.196559137,1,0.522972403,-0.026514371,-0.456479117,0.324983767,0.313561038,-0.870304276,-0.196559137
4.350805917,103769.294375083,vr_world,41076,103769.294202000,0.000173791,1,0.368737000,-0.363104000,-0.377864000,0.017415200,0.677554707,-0.616145492,-0.401224455,1,0.464871417,-0.202211190,-0.413851750,0.017415200,0.677554707,-0.616145492,-0.401224455,41159,103769.294202000,0.000173791,1,0.571510000,0.151757000,-0.409058000,0.316412348,0.323833150,-0.870761497,-0.191806498,1,0.523163458,-0.025989091,-0.456017361,0.316412348,0.323833150,-0.870761497,-0.191806498
4.363177417,103769.306746583,vr_world,41076,103769.294202000,0.012544875,1,0.368737000,-0.363104000,-0.377864000,0.017415200,0.677554707,-0.616145492,-0.401224455,1,0.464871417,-0.202211190,-0.413851750,0.017415200,0.677554707,-0.616145492,-0.401224455,41159,103769.294202000,0.012544875,1,0.571510000,0.151757000,-0.409058000,0.316412348,0.323833150,-0.870761497,-0.191806498,1,0.523163458,-0.025989091,-0.456017361,0.316412348,0.323833150,-0.870761497,-0.191806498
4.374806917,103769.318376083,vr_world,41077,103769.317088458,0.001287958,1,0.367328000,-0.362735000,-0.377021000,0.014211758,0.680193852,-0.618687265,-0.392887284,1,0.464483909,-0.202363092,-0.412587837,0.014211758,0.680193852,-0.618687265,-0.392887284,41160,103769.317088458,0.001287958,1,0.570921000,0.151828000,-0.408243000,0.320677928,0.318193585,-0.872665328,-0.185401551,1,0.521427659,-0.026479508,-0.451751829,0.320677928,0.318193585,-0.872665328,-0.185401551
4.387205625,103769.330774791,vr_world,41077,103769.317088458,0.013686917,1,0.367328000,-0.362735000,-0.377021000,0.014211758,0.680193852,-0.618687265,-0.392887284,1,0.464483909,-0.202363092,-0.412587837,0.014211758,0.680193852,-0.618687265,-0.392887284,41160,103769.317088458,0.013686917,1,0.570921000,0.151828000,-0.408243000,0.320677928,0.318193585,-0.872665328,-0.185401551,1,0.521427659,-0.026479508,-0.451751829,0.320677928,0.318193585,-0.872665328,-0.185401551
4.399621042,103769.343190208,vr_world,41078,103769.339534875,0.003655875,1,0.364907000,-0.361746000,-0.373198000,0.016861790,0.683379343,-0.620913129,-0.383634252,1,0.461972194,-0.201664808,-0.410289671,0.016861790,0.683379343,-0.620913129,-0.383634252,41161,103769.339534875,0.003655875,1,0.567905000,0.152562000,-0.405099000,0.313887622,0.314863563,-0.877358485,-0.180492620,1,0.517679062,-0.025689249,-0.447994950,0.313887622,0.314863563,-0.877358485,-0.180492620
4.411939584,103769.355508750,vr_world,41078,103769.339534875,0.015974375,1,0.364907000,-0.361746000,-0.373198000,0.016861790,0.683379343,-0.620913129,-0.383634252,1,0.461972194,-0.201664808,-0.410289671,0.016861790,0.683379343,-0.620913129,-0.383634252,41161,103769.339534875,0.015974375,1,0.567905000,0.152562000,-0.405099000,0.313887622,0.314863563,-0.877358485,-0.180492620,1,0.517679062,-0.025689249,-0.447994950,0.313887622,0.314863563,-0.877358485,-0.180492620
4.424299375,103769.367868541,vr_world,41079,103769.361911083,0.005958125,1,0.361200000,-0.359356000,-0.368797000,0.018702574,0.685574147,-0.626473496,-0.370363688,1,0.459420809,-0.200452129,-0.407856654,0.018702574,0.685574147,-0.626473496,-0.370363688,41162,103769.361911083,0.005958125,1,0.564021000,0.153833000,-0.402430000,0.299730811,0.313589778,-0.884986567,-0.169179398,1,0.514437414,-0.024782311,-0.444551577,0.299730811,0.313589778,-0.884986567,-0.169179398
4.435710834,103769.379280000,vr_world,41079,103769.361911083,0.017369500,1,0.361200000,-0.359356000,-0.368797000,0.018702574,0.685574147,-0.626473496,-0.370363688,1,0.459420809,-0.200452129,-0.407856654,0.018702574,0.685574147,-0.626473496,-0.370363688,41162,103769.361911083,0.017369500,1,0.564021000,0.153833000,-0.402430000,0.299730811,0.313589778,-0.884986567,-0.169179398,1,0.514437414,-0.024782311,-0.444551577,0.299730811,0.313589778,-0.884986567,-0.169179398
4.448123750,103769.391692916,vr_world,41080,103769.383700916,0.007992459,1,0.357927000,-0.357006000,-0.366085000,0.016657519,0.683325330,-0.633636570,-0.362344750,1,0.458816324,-0.199980007,-0.405929789,0.016657519,0.683325330,-0.633636570,-0.362344750,41163,103769.383700916,0.007992459,1,0.560130000,0.154807000,-0.399908000,0.287099048,0.320406463,-0.888165444,-0.161480583,1,0.513748510,-0.024423057,-0.443054420,0.287099048,0.320406463,-0.888165444,-0.161480583
4.460541459,103769.404110625,vr_world,41080,103769.383700916,0.020410125,1,0.357927000,-0.357006000,-0.366085000,0.016657519,0.683325330,-0.633636570,-0.362344750,1,0.458816324,-0.199980007,-0.405929789,0.016657519,0.683325330,-0.633636570,-0.362344750,41163,103769.383700916,0.020410125,1,0.560130000,0.154807000,-0.399908000,0.287099048,0.320406463,-0.888165444,-0.161480583,1,0.513748510,-0.024423057,-0.443054420,0.287099048,0.320406463,-0.888165444,-0.161480583
4.470805709,103769.414374875,vr_world,41081,103769.406100625,0.008274791,1,0.354211000,-0.353388000,-0.361070000,0.017712153,0.686152955,-0.641324735,-0.342903757,1,0.457087606,-0.198214597,-0.403035373,0.017712153,0.686152955,-0.641324735,-0.342903757,41164,103769.406100625,0.008274791,1,0.554793000,0.155655000,-0.396091000,0.263413180,0.330153133,-0.894299488,-0.147786440,1,0.513382098,-0.024414970,-0.440769187,0.263413180,0.330153133,-0.894299488,-0.147786440
4.483203000,103769.426772166,vr_world,41081,103769.406100625,0.020671958,1,0.354211000,-0.353388000,-0.361070000,0.017712153,0.686152955,-0.641324735,-0.342903757,1,0.457087606,-0.198214597,-0.403035373,0.017712153,0.686152955,-0.641324735,-0.342903757,41164,103769.406100625,0.020671958,1,0.554793000,0.155655000,-0.396091000,0.263413180,0.330153133,-0.894299488,-0.147786440,1,0.513382098,-0.024414970,-0.440769187,0.263413180,0.330153133,-0.894299488,-0.147786440
4.496814417,103769.440383583,vr_world,41082,103769.428005625,0.012380083,1,0.350670000,-0.350844000,-0.357637000,0.020257366,0.689242856,-0.646361906,-0.326726509,1,0.454557187,-0.196922309,-0.401671087,0.020257366,0.689242856,-0.646361906,-0.326726509,41165,103769.428005625,0.012380083,1,0.552652000,0.156168000,-0.394027000,0.250732586,0.332802042,-0.897337687,-0.145468373,1,0.512491965,-0.023694658,-0.440640284,0.250732586,0.332802042,-0.897337687,-0.145468373
4.508140209,103769.451709375,vr_world,41083,103769.450039833,0.001693375,1,0.343742000,-0.346555000,-0.353185000,0.010848195,0.693755794,-0.655323008,-0.298558151,1,0.451746727,-0.195118739,-0.395910579,0.010848195,0.693755794,-0.655323008,-0.298558151,41166,103769.450039833,0.001693375,1,0.548859000,0.157808000,-0.390665000,0.233388274,0.339092051,-0.900812086,-0.138145140,1,0.511944895,-0.022321852,-0.438901828,0.233388274,0.339092051,-0.900812086,-0.138145140
4.520301167,103769.463870333,vr_world,41083,103769.450039833,0.013832417,1,0.343742000,-0.346555000,-0.353185000,0.010848195,0.693755794,-0.655323008,-0.298558151,1,0.451746727,-0.195118739,-0.395910579,0.010848195,0.693755794,-0.655323008,-0.298558151,41166,103769.450039833,0.013832417,1,0.548859000,0.157808000,-0.390665000,0.233388274,0.339092051,-0.900812086,-0.138145140,1,0.511944895,-0.022321852,-0.438901828,0.233388274,0.339092051,-0.900812086,-0.138145140
4.532490709,103769.476059875,vr_world,41084,103769.472451166,0.003609375,1,0.341021000,-0.345549000,-0.352334000,0.006376775,0.698589980,-0.656181547,-0.285231754,1,0.449755836,-0.194304992,-0.393871857,0.006376775,0.698589980,-0.656181547,-0.285231754,41167,103769.472451166,0.003609375,1,0.547285000,0.159844000,-0.390489000,0.235500453,0.337533943,-0.902326310,-0.128131200,1,0.510779543,-0.021295544,-0.435120772,0.235500453,0.337533943,-0.902326310,-0.128131200
4.544847917,103769.488417083,vr_world,41084,103769.472451166,0.015966875,1,0.341021000,-0.345549000,-0.352334000,0.006376775,0.698589980,-0.656181547,-0.285231754,1,0.449755836,-0.194304992,-0.393871857,0.006376775,0.698589980,-0.656181547,-0.285231754,41167,103769.472451166,0.015966875,1,0.547285000,0.159844000,-0.390489000,0.235500453,0.337533943,-0.902326310,-0.128131200,1,0.510779543,-0.021295544,-0.435120772,0.235500453,0.337533943,-0.902326310,-0.128131200
4.557246042,103769.500815208,vr_world,41085,103769.495044583,0.005771208,1,0.336442000,-0.343931000,-0.350009000,0.000787990,0.705593163,-0.658444595,-0.261893838,1,0.446503812,-0.193327331,-0.390361913,0.000787990,0.705593163,-0.658444595,-0.261893838,41168,103769.495044583,0.005771208,1,0.544416000,0.162167000,-0.388955000,0.236715458,0.334712169,-0.904977059,-0.113798413,1,0.508281102,-0.020189279,-0.428661881,0.236715458,0.334712169,-0.904977059,-0.113798413
4.569644792,103769.513213958,vr_world,41085,103769.495044583,0.018170042,1,0.336442000,-0.343931000,-0.350009000,0.000787990,0.705593163,-0.658444595,-0.261893838,1,0.446503812,-0.193327331,-0.390361913,0.000787990,0.705593163,-0.658444595,-0.261893838,41168,103769.495044583,0.018170042,1,0.544416000,0.162167000,-0.388955000,0.236715458,0.334712169,-0.904977059,-0.113798413,1,0.508281102,-0.020189279,-0.428661881,0.236715458,0.334712169,-0.904977059,-0.113798413
4.582057375,103769.525626541,vr_world,41086,103769.517177250,0.008449583,1,0.329538000,-0.343037000,-0.348053000,0.014463366,-0.715099743,0.654734846,0.244428824,1,0.439987332,-0.191335129,-0.382851440,0.014463366,-0.715099743,0.654734846,0.244428824,41169,103769.517177250,0.008449583,1,0.542936000,0.165415000,-0.388180000,0.243989417,0.330253902,-0.906239036,-0.100659500,1,0.506435019,-0.018045789,-0.422033410,0.243989417,0.330253902,-0.906239036,-0.100659500
4.592218209,103769.535787375,vr_world,41086,103769.517177250,0.018610791,1,0.329538000,-0.343037000,-0.348053000,0.014463366,-0.715099743,0.654734846,0.244428824,1,0.439987332,-0.191335129,-0.382851440,0.014463366,-0.715099743,0.654734846,0.244428824,41169,103769.517177250,0.018610791,1,0.542936000,0.165415000,-0.388180000,0.243989417,0.330253902,-0.906239036,-0.100659500,1,0.506435019,-0.018045789,-0.422033410,0.243989417,0.330253902,-0.906239036,-0.100659500
4.604618959,103769.548188125,vr_world,41087,103769.539425458,0.008763125,1,0.326249000,-0.342851000,-0.347336000,0.030733774,-0.720022059,0.650247302,0.240420708,1,0.436903974,-0.189983900,-0.375807029,0.030733774,-0.720022059,0.650247302,0.240420708,41170,103769.539425458,0.008763125,1,0.542283000,0.167851000,-0.389999000,0.256725012,0.323901591,-0.906286743,-0.088455452,1,0.504729600,-0.016522542,-0.417061338,0.256725012,0.323901591,-0.906286743,-0.088455452
4.617032209,103769.560601375,vr_world,41087,103769.539425458,0.021176417,1,0.326249000,-0.342851000,-0.347336000,0.030733774,-0.720022059,0.650247302,0.240420708,1,0.436903974,-0.189983900,-0.375807029,0.030733774,-0.720022059,0.650247302,0.240420708,41170,103769.539425458,0.021176417,1,0.542283000,0.167851000,-0.389999000,0.256725012,0.323901591,-0.906286743,-0.088455452,1,0.504729600,-0.016522542,-0.417061338,0.256725012,0.323901591,-0.906286743,-0.088455452
4.629434875,103769.573004041,vr_world,41088,103769.561844000,0.011160625,1,0.322400000,-0.343582000,-0.347306000,0.043147775,-0.729504486,0.642879775,0.229493071,1,0.431503553,-0.188751631,-0.370702952,0.043147775,-0.729504486,0.642879775,0.229493071,41171,103769.561844000,0.011160625,1,0.542205000,0.171231000,-0.392331000,0.279864138,0.307409283,-0.906874849,-0.068946393,1,0.500994395,-0.013743109,-0.407247489,0.279864138,0.307409283,-0.906874849,-0.068946393
4.641473834,103769.585043000,vr_world,41089,103769.584629250,0.000414208,1,0.318928000,-0.345013000,-0.346736000,0.049027679,-0.737986130,0.633714430,0.226668875,1,0.425059206,-0.187702203,-0.367057018,0.049027679,-0.737986130,0.633714430,0.226668875,41172,103769.584629250,0.000414208,1,0.542278000,0.173189000,-0.396236000,0.309253039,0.282822876,-0.906634288,-0.048867648,1,0.495340734,-0.011020230,-0.396586361,0.309253039,0.282822876,-0.906634288,-0.048867648
4.652142459,103769.595711625,vr_world,41089,103769.584629250,0.011082750,1,0.318928000,-0.345013000,-0.346736000,0.049027679,-0.737986130,0.633714430,0.226668875,1,0.425059206,-0.187702203,-0.367057018,0.049027679,-0.737986130,0.633714430,0.226668875,41172,103769.584629250,0.011082750,1,0.542278000,0.173189000,-0.396236000,0.309253039,0.282822876,-0.906634288,-0.048867648,1,0.495340734,-0.011020230,-0.396586361,0.309253039,0.282822876,-0.906634288,-0.048867648
4.664558500,103769.608127666,vr_world,41090,103769.608031958,0.000096333,1,0.316035000,-0.344347000,-0.347229000,0.063571477,-0.739749919,0.629580604,0.228816493,1,0.422144758,-0.186378146,-0.361720504,0.063571477,-0.739749919,0.629580604,0.228816493,41173,103769.608031958,0.000096333,1,0.542893000,0.173449000,-0.397331000,0.324446653,0.272872023,-0.904301292,-0.050143801,1,0.493055626,-0.009965933,-0.393952105,0.324446653,0.272872023,-0.904301292,-0.050143801
4.675551375,103769.619120541,vr_world,41090,103769.608031958,0.011089083,1,0.316035000,-0.344347000,-0.347229000,0.063571477,-0.739749919,0.629580604,0.228816493,1,0.422144758,-0.186378146,-0.361720504,0.063571477,-0.739749919,0.629580604,0.228816493,41173,103769.608031958,0.011089083,1,0.542893000,0.173449000,-0.397331000,0.324446653,0.272872023,-0.904301292,-0.050143801,1,0.493055626,-0.009965933,-0.393952105,0.324446653,0.272872023,-0.904301292,-0.050143801
4.686324584,103769.629893750,vr_world,41090,103769.608031958,0.021862583,1,0.316035000,-0.344347000,-0.347229000,0.063571477,-0.739749919,0.629580604,0.228816493,1,0.422144758,-0.186378146,-0.361720504,0.063571477,-0.739749919,0.629580604,0.228816493,41173,103769.608031958,0.021862583,1,0.542893000,0.173449000,-0.397331000,0.324446653,0.272872023,-0.904301292,-0.050143801,1,0.493055626,-0.009965933,-0.393952105,0.324446653,0.272872023,-0.904301292,-0.050143801
4.698694917,103769.642264083,vr_world,41091,103769.630473833,0.011790625,1,0.311493000,-0.344102000,-0.347441000,0.080834132,-0.751606884,0.617924655,0.216152855,1,0.414511380,-0.183615420,-0.354838562,0.080834132,-0.751606884,0.617924655,0.216152855,41174,103769.630473833,0.011790625,1,0.541931000,0.175001000,-0.398328000,0.345965738,0.264212895,-0.899185624,-0.044322316,1,0.491098606,-0.007876061,-0.387922777,0.345965738,0.264212895,-0.899185624,-0.044322316
4.708885000,103769.652454166,vr_world,41091,103769.630473833,0.021980917,1,0.311493000,-0.344102000,-0.347441000,0.080834132,-0.751606884,0.617924655,0.216152855,1,0.414511380,-0.183615420,-0.354838562,0.080834132,-0.751606884,0.617924655,0.216152855,41174,103769.630473833,0.021980917,1,0.541931000,0.175001000,-0.398328000,0.345965738,0.264212895,-0.899185624,-0.044322316,1,0.491098606,-0.007876061,-0.387922777,0.345965738,0.264212895,-0.899185624,-0.044322316
4.721251417,103769.664820583,vr_world,41092,103769.653009208,0.011811708,1,0.309931000,-0.343362000,-0.345167000,0.079730759,-0.756332913,0.615799897,0.205898078,1,0.411812555,-0.182179837,-0.353160846,0.079730759,-0.756332913,0.615799897,0.205898078,41175,103769.653009208,0.011811708,1,0.539710000,0.174508000,-0.397347000,0.343839735,0.259486256,-0.901169087,-0.048325946,1,0.486567808,-0.007767126,-0.387970581,0.343839735,0.259486256,-0.901169087,-0.048325946
4.733656042,103769.677225208,vr_world,41093,103769.674831083,0.002394417,1,0.308716000,-0.343018000,-0.344440000,0.067630735,-0.753048717,0.620183505,0.209084034,1,0.411205882,-0.182528109,-0.357177912,0.067630735,-0.753048717,0.620183505,0.209084034,41176,103769.674831083,0.002394417,1,0.537933000,0.175580000,-0.395822000,0.330916152,0.264165609,-0.904352308,-0.053459648,1,0.484992233,-0.006934124,-0.391122186,0.330916152,0.264165609,-0.904352308,-0.053459648
4.746071500,103769.689640666,vr_world,41093,103769.674831083,0.014812417,1,0.308716000,-0.343018000,-0.344440000,0.067630735,-0.753048717,0.620183505,0.209084034,1,0.411205882,-0.182528109,-0.357177912,0.067630735,-0.753048717,0.620183505,0.209084034,41176,103769.674831083,0.014812417,1,0.537933000,0.175580000,-0.395822000,0.330916152,0.264165609,-0.904352308,-0.053459648,1,0.484992233,-0.006934124,-0.391122186,0.330916152,0.264165609,-0.904352308,-0.053459648
4.757889750,103769.701458916,vr_world,41094,103769.698161375,0.003298333,1,0.305967000,-0.343745000,-0.345030000,0.078736572,-0.758236972,0.612467290,0.209191456,1,0.406464938,-0.181692029,-0.352933437,0.078736572,-0.758236972,0.612467290,0.209191456,41177,103769.698161375,0.003298333,1,0.535265000,0.176624000,-0.396769000,0.324362472,0.259147211,-0.908782988,-0.041775471,1,0.481399754,-0.005524713,-0.389245610,0.324362472,0.259147211,-0.908782988,-0.041775471
4.770255375,103769.713824541,vr_world,41094,103769.698161375,0.015664208,1,0.305967000,-0.343745000,-0.345030000,0.078736572,-0.758236972,0.612467290,0.209191456,1,0.406464938,-0.181692029,-0.352933437,0.078736572,-0.758236972,0.612467290,0.209191456,41177,103769.698161375,0.015664208,1,0.535265000,0.176624000,-0.396769000,0.324362472,0.259147211,-0.908782988,-0.041775471,1,0.481399754,-0.005524713,-0.389245610,0.324362472,0.259147211,-0.908782988,-0.041775471
4.782623750,103769.726192916,vr_world,41095,103769.721314541,0.004878959,1,0.306426000,-0.345545000,-0.346892000,0.082679470,-0.762695062,0.605642845,0.211322245,1,0.404594599,-0.181978953,-0.352595597,0.082679470,-0.762695062,0.605642845,0.211322245,41178,103769.721314541,0.004878959,1,0.534215000,0.177044000,-0.395457000,0.317664696,0.254699268,-0.912405226,-0.041642863,1,0.478350441,-0.004532552,-0.388721499,0.317664696,0.254699268,-0.912405226,-0.041642863
4.793475000,103769.737044166,vr_world,41095,103769.721314541,0.015730459,1,0.306426000,-0.345545000,-0.346892000,0.082679470,-0.762695062,0.605642845,0.211322245,1,0.404594599,-0.181978953,-0.352595597,0.082679470,-0.762695062,0.605642845,0.211322245,41178,103769.721314541,0.015730459,1,0.534215000,0.177044000,-0.395457000,0.317664696,0.254699268,-0.912405226,-0.041642863,1,0.478350441,-0.004532552,-0.388721499,0.317664696,0.254699268,-0.912405226,-0.041642863
4.804366167,103769.747935333,vr_world,41096,103769.743049750,0.004886458,1,0.306464000,-0.346417000,-0.347624000,0.084202145,-0.765307151,0.600055516,0.217136688,1,0.402636592,-0.181627743,-0.351958579,0.084202145,-0.765307151,0.600055516,0.217136688,41179,103769.743049750,0.004886458,1,0.531225000,0.178271000,-0.394095000,0.312547003,0.254063560,-0.914515095,-0.037791797,1,0.475235566,-0.003259234,-0.387155768,0.312547003,0.254063560,-0.914515095,-0.037791797
4.816761417,103769.760330583,vr_world,41096,103769.743049750,0.017281500,1,0.306464000,-0.346417000,-0.347624000,0.084202145,-0.765307151,0.600055516,0.217136688,1,0.402636592,-0.181627743,-0.351958579,0.084202145,-0.765307151,0.600055516,0.217136688,41179,103769.743049750,0.017281500,1,0.531225000,0.178271000,-0.394095000,0.312547003,0.254063560,-0.914515095,-0.037791797,1,0.475235566,-0.003259234,-0.387155768,0.312547003,0.254063560,-0.914515095,-0.037791797
4.826848875,103769.770418041,vr_world,41097,103769.765668708,0.004749917,1,0.304648000,-0.346838000,-0.348462000,0.085925828,-0.766803731,0.595348852,0.224027977,1,0.399239539,-0.181105011,-0.351368823,0.085925828,-0.766803731,0.595348852,0.224027977,41180,103769.765668708,0.004749917,1,0.529614000,0.179141000,-0.392675000,0.307591612,0.243861723,-0.919144830,-0.033040004,1,0.470186854,-0.001226804,-0.384186285,0.307591612,0.243861723,-0.919144830,-0.033040004
4.838807875,103769.782377041,vr_world,41097,103769.765668708,0.016709000,1,0.304648000,-0.346838000,-0.348462000,0.085925828,-0.766803731,0.595348852,0.224027977,1,0.399239539,-0.181105011,-0.351368823,0.085925828,-0.766803731,0.595348852,0.224027977,41180,103769.765668708,0.016709000,1,0.529614000,0.179141000,-0.392675000,0.307591612,0.243861723,-0.919144830,-0.033040004,1,0.470186854,-0.001226804,-0.384186285,0.307591612,0.243861723,-0.919144830,-0.033040004
4.851181292,103769.794750458,vr_world,41098,103769.787816875,0.006934416,1,0.304078000,-0.345836000,-0.348570000,0.085173515,-0.764151770,0.598684334,0.224487445,1,0.399958005,-0.180856540,-0.352069138,0.085173515,-0.764151770,0.598684334,0.224487445,41181,103769.787816875,0.006934416,1,0.527303000,0.179576000,-0.389678000,0.300364067,0.247390577,-0.920573804,-0.033514184,1,0.468676289,-0.001136612,-0.383194236,0.300364067,0.247390577,-0.920573804,-0.033514184
4.862309625,103769.805878791,vr_world,41098,103769.787816875,0.018063083,1,0.304078000,-0.345836000,-0.348570000,0.085173515,-0.764151770,0.598684334,0.224487445,1,0.399958005,-0.180856540,-0.352069138,0.085173515,-0.764151770,0.598684334,0.224487445,41181,103769.787816875,0.018063083,1,0.527303000,0.179576000,-0.389678000,0.300364067,0.247390577,-0.920573804,-0.033514184,1,0.468676289,-0.001136612,-0.383194236,0.300364067,0.247390577,-0.920573804,-0.033514184
4.874733375,103769.818302541,vr_world,41099,103769.810596833,0.007706292,1,0.301938000,-0.344734000,-0.348496000,0.079716161,-0.760140502,0.606119679,0.220115164,1,0.400178670,-0.181238894,-0.354944357,0.079716161,-0.760140502,0.606119679,0.220115164,41182,103769.810596833,0.007706292,1,0.522182000,0.180888000,-0.382876000,0.276465992,0.268137979,-0.921978750,-0.040295943,1,0.469255645,-0.001672578,-0.385451008,0.276465992,0.268137979,-0.921978750,-0.040295943
4.887162459,103769.830731625,vr_world,41099,103769.810596833,0.020135375,1,0.301938000,-0.344734000,-0.348496000,0.079716161,-0.760140502,0.606119679,0.220115164,1,0.400178670,-0.181238894,-0.354944357,0.079716161,-0.760140502,0.606119679,0.220115164,41182,103769.810596833,0.020135375,1,0.522182000,0.180888000,-0.382876000,0.276465992,0.268137979,-0.921978750,-0.040295943,1,0.469255645,-0.001672578,-0.385451008,0.276465992,0.268137979,-0.921978750,-0.040295943
4.897473667,103769.841042833,vr_world,41100,103769.834007791,0.007035417,1,0.299109000,-0.342582000,-0.347110000,0.072480310,-0.754811902,0.616733791,0.211293703,1,0.400734757,-0.181384211,-0.357641529,0.072480310,-0.754811902,0.616733791,0.211293703,41183,103769.834007791,0.007035417,1,0.515328000,0.182060000,-0.375983000,0.240009142,0.298129780,-0.922761777,-0.044999428,1,0.472031857,-0.002504903,-0.390034344,0.240009142,0.298129780,-0.922761777,-0.044999428
4.908885750,103769.852454916,vr_world,41100,103769.834007791,0.018447584,1,0.299109000,-0.342582000,-0.347110000,0.072480310,-0.754811902,0.616733791,0.211293703,1,0.400734757,-0.181384211,-0.357641529,0.072480310,-0.754811902,0.616733791,0.211293703,41183,103769.834007791,0.018447584,1,0.515328000,0.182060000,-0.375983000,0.240009142,0.298129780,-0.922761777,-0.044999428,1,0.472031857,-0.002504903,-0.390034344,0.240009142,0.298129780,-0.922761777,-0.044999428
4.920954334,103769.864523500,vr_world,41101,103769.855625083,0.008898833,1,0.297851000,-0.341086000,-0.347012000,0.075013796,-0.752031502,0.621341525,0.206775868,1,0.401505498,-0.181165401,-0.357240430,0.075013796,-0.752031502,0.621341525,0.206775868,41184,103769.855625083,0.008898833,1,0.512526000,0.182087000,-0.373672000,0.226459470,0.310214109,-0.922354843,-0.041771503,1,0.473889158,-0.003292989,-0.390335794,0.226459470,0.310214109,-0.922354843,-0.041771503
4.933323292,103769.876892458,vr_world,41101,103769.855625083,0.021267625,1,0.297851000,-0.341086000,-0.347012000,0.075013796,-0.752031502,0.621341525,0.206775868,1,0.401505498,-0.181165401,-0.357240430,0.075013796,-0.752031502,0.621341525,0.206775868,41184,103769.855625083,0.021267625,1,0.512526000,0.182087000,-0.373672000,0.226459470,0.310214109,-0.922354843,-0.041771503,1,0.473889158,-0.003292989,-0.390335794,0.226459470,0.310214109,-0.922354843,-0.041771503
4.945739042,103769.889308208,vr_world,41102,103769.877697666,0.011611125,1,0.295371000,-0.338823000,-0.345550000,0.071383477,-0.746527458,0.630517043,0.200123492,1,0.402243935,-0.181213554,-0.358235575,0.071383477,-0.746527458,0.630517043,0.200123492,41185,103769.877697666,0.011611125,1,0.508431000,0.182144000,-0.368450000,0.210012774,0.318169191,-0.923602222,-0.040273266,1,0.472838809,-0.003526112,-0.388350010,0.210012774,0.318169191,-0.923602222,-0.040273266
4.958168834,103769.901738000,vr_world,41103,103769.900377583,0.001360750,1,0.293372000,-0.336060000,-0.343913000,0.065679227,-0.736145684,0.645352961,0.193119979,1,0.405486045,-0.182486950,-0.360321349,0.065679227,-0.736145684,0.645352961,0.193119979,41186,103769.900377583,0.001360750,1,0.502887000,0.181525000,-0.364623000,0.202759101,0.338947317,-0.917709842,-0.042568880,1,0.475092211,-0.005038645,-0.388237869,0.202759101,0.338947317,-0.917709842,-0.042568880
4.970604250,103769.914173416,vr_world,41103,103769.900377583,0.013796375,1,0.293372000,-0.336060000,-0.343913000,0.065679227,-0.736145684,0.645352961,0.193119979,1,0.405486045,-0.182486950,-0.360321349,0.065679227,-0.736145684,0.645352961,0.193119979,41186,103769.900377583,0.013796375,1,0.502887000,0.181525000,-0.364623000,0.202759101,0.338947317,-0.917709842,-0.042568880,1,0.475092211,-0.005038645,-0.388237869,0.202759101,0.338947317,-0.917709842,-0.042568880
4.982807792,103769.926376958,vr_world,41104,103769.923230666,0.003146709,1,0.290624000,-0.332171000,-0.340781000,0.057936334,-0.730340553,0.656503041,0.179582335,1,0.406303449,-0.181784062,-0.361407349,0.057936334,-0.730340553,0.656503041,0.179582335,41187,103769.923230666,0.003146709,1,0.499144000,0.181741000,-0.359966000,0.189005592,0.350420954,-0.916257112,-0.044214765,1,0.475746177,-0.004902901,-0.387403800,0.189005592,0.350420954,-0.916257112,-0.044214765
4.995217500,103769.938786666,vr_world,41104,103769.923230666,0.015556459,1,0.290624000,-0.332171000,-0.340781000,0.057936334,-0.730340553,0.656503041,0.179582335,1,0.406303449,-0.181784062,-0.361407349,0.057936334,-0.730340553,0.656503041,0.179582335,41187,103769.923230666,0.015556459,1,0.499144000,0.181741000,-0.359966000,0.189005592,0.350420954,-0.916257112,-0.044214765,1,0.475746177,-0.004902901,-0.387403800,0.189005592,0.350420954,-0.916257112,-0.044214765
5.006941167,103769.950510333,vr_world,41105,103769.945637333,0.004873333,1,0.286947000,-0.327852000,-0.336268000,0.045214543,-0.726386865,0.667287675,0.158255891,1,0.405708494,-0.180858104,-0.362950502,0.045214543,-0.726386865,0.667287675,0.158255891,41188,103769.945637333,0.004873333,1,0.496134000,0.182629000,-0.357560000,0.187100682,0.353517102,-0.915817163,-0.036026627,1,0.474647648,-0.004543377,-0.382878294,0.187100682,0.353517102,-0.915817163,-0.036026627
5.018471917,103769.962041083,vr_world,41105,103769.945637333,0.016404458,1,0.286947000,-0.327852000,-0.336268000,0.045214543,-0.726386865,0.667287675,0.158255891,1,0.405708494,-0.180858104,-0.362950502,0.045214543,-0.726386865,0.667287675,0.158255891,41188,103769.945637333,0.016404458,1,0.496134000,0.182629000,-0.357560000,0.187100682,0.353517102,-0.915817163,-0.036026627,1,0.474647648,-0.004543377,-0.382878294,0.187100682,0.353517102,-0.915817163,-0.036026627
5.030836917,103769.974406083,vr_world,41106,103769.969369541,0.005037500,1,0.284462000,-0.326739000,-0.336182000,0.047458955,-0.727323052,0.668540109,0.147658216,1,0.404042532,-0.180312012,-0.362318092,0.047458955,-0.727323052,0.668540109,0.147658216,41189,103769.969369541,0.005037500,1,0.494921000,0.183134000,-0.356704000,0.196547118,0.352611483,-0.914321467,-0.032413381,1,0.473335599,-0.004392451,-0.379156560,0.196547118,0.352611483,-0.914321467,-0.032413381
5.043182959,103769.986752125,vr_world,41106,103769.969369541,0.017383459,1,0.284462000,-0.326739000,-0.336182000,0.047458955,-0.727323052,0.668540109,0.147658216,1,0.404042532,-0.180312012,-0.362318092,0.047458955,-0.727323052,0.668540109,0.147658216,41189,103769.969369541,0.017383459,1,0.494921000,0.183134000,-0.356704000,0.196547118,0.352611483,-0.914321467,-0.032413381,1,0.473335599,-0.004392451,-0.379156560,0.196547118,0.352611483,-0.914321467,-0.032413381
5.054808542,103769.998377708,vr_world,41107,103769.989897208,0.008481250,1,0.281051000,-0.325515000,-0.334759000,0.056280516,-0.729670882,0.667313585,0.138222603,1,0.401069112,-0.178908976,-0.357688313,0.056280516,-0.729670882,0.667313585,0.138222603,41190,103769.989897208,0.008481250,1,0.495112000,0.184600000,-0.354968000,0.204585603,0.348562709,-0.914186861,-0.030185290,1,0.472132001,-0.003035360,-0.374996385,0.204585603,0.348562709,-0.914186861,-0.030185290
5.067169334,103770.010738500,vr_world,41107,103769.989897208,0.020842125,1,0.281051000,-0.325515000,-0.334759000,0.056280516,-0.729670882,0.667313585,0.138222603,1,0.401069112,-0.178908976,-0.357688313,0.056280516,-0.729670882,0.667313585,0.138222603,41190,103769.989897208,0.020842125,1,0.495112000,0.184600000,-0.354968000,0.204585603,0.348562709,-0.914186861,-0.030185290,1,0.472132001,-0.003035360,-0.374996385,0.204585603,0.348562709,-0.914186861,-0.030185290
5.079601584,103770.023170750,vr_world,41108,103770.012155291,0.011020750,1,0.281116000,-0.326612000,-0.333553000,0.058402706,-0.739693813,0.655757403,0.139371502,1,0.396828244,-0.176346809,-0.354871952,0.058402706,-0.739693813,0.655757403,0.139371502,41191,103770.012155291,0.011020750,1,0.497959000,0.185990000,-0.354809000,0.216073732,0.335321718,-0.916344669,-0.034408371,1,0.469509336,-0.001069285,-0.373130135,0.216073732,0.335321718,-0.916344669,-0.034408371
5.092021709,103770.035590875,vr_world,41109,103770.033505916,0.002087459,1,0.279464000,-0.327059000,-0.331393000,0.057339010,-0.749010445,0.645422456,0.138294775,1,0.391058221,-0.173673026,-0.352438362,0.057339010,-0.749010445,0.645422456,0.138294775,41192,103770.033505916,0.002087459,1,0.501236000,0.188245000,-0.355422000,0.235766897,0.304152261,-0.922386457,-0.033295580,1,0.461202074,0.002781428,-0.367117990,0.235766897,0.304152261,-0.922386457,-0.033295580
5.104416875,103770.047986041,vr_world,41109,103770.033505916,0.014480834,1,0.279464000,-0.327059000,-0.331393000,0.057339010,-0.749010445,0.645422456,0.138294775,1,0.391058221,-0.173673026,-0.352438362,0.057339010,-0.749010445,0.645422456,0.138294775,41192,103770.033505916,0.014480834,1,0.501236000,0.188245000,-0.355422000,0.235766897,0.304152261,-0.922386457,-0.033295580,1,0.461202074,0.002781428,-0.367117990,0.235766897,0.304152261,-0.922386457,-0.033295580
5.115300209,103770.058869375,vr_world,41110,103770.055395250,0.003474500,1,0.277752000,-0.327213000,-0.331170000,0.059157356,-0.748875720,0.645357858,0.138559730,1,0.389470214,-0.173824272,-0.351525528,0.059157356,-0.748875720,0.645357858,0.138559730,41193,103770.055395250,0.003474500,1,0.502003000,0.188479000,-0.355761000,0.244529482,0.282314621,-0.927090825,-0.031723650,1,0.454105807,0.004673190,-0.363342142,0.244529482,0.282314621,-0.927090825,-0.031723650
5.125593125,103770.069162291,vr_world,41110,103770.055395250,0.013772708,1,0.277752000,-0.327213000,-0.331170000,0.059157356,-0.748875720,0.645357858,0.138559730,1,0.389470214,-0.173824272,-0.351525528,0.059157356,-0.748875720,0.645357858,0.138559730,41193,103770.055395250,0.013772708,1,0.502003000,0.188479000,-0.355761000,0.244529482,0.282314621,-0.927090825,-0.031723650,1,0.454105807,0.004673190,-0.363342142,0.244529482,0.282314621,-0.927090825,-0.031723650
5.137208750,103770.080777916,vr_world,41111,103770.077985333,0.003319250,1,0.275757000,-0.326672000,-0.328840000,0.058618410,-0.752763647,0.641507921,0.135566814,1,0.385955112,-0.172192102,-0.349230704,0.058618410,-0.752763647,0.641507921,0.135566814,41194,103770.077985333,0.003319250,1,0.502242000,0.189878000,-0.353395000,0.249062494,0.271555580,-0.928718765,-0.041314608,1,0.449604685,0.007422948,-0.362092660,0.249062494,0.271555580,-0.928718765,-0.041314608
5.149475042,103770.093044208,vr_world,41111,103770.077985333,0.015064917,1,0.275757000,-0.326672000,-0.328840000,0.058618410,-0.752763647,0.641507921,0.135566814,1,0.385955112,-0.172192102,-0.349230704,0.058618410,-0.752763647,0.641507921,0.135566814,41194,103770.077985333,0.015064917,1,0.502242000,0.189878000,-0.353395000,0.249062494,0.271555580,-0.928718765,-0.041314608,1,0.449604685,0.007422948,-0.362092660,0.249062494,0.271555580,-0.928718765,-0.041314608
5.161707750,103770.105276916,vr_world,41112,103770.100731291,0.004547834,1,0.274304000,-0.325074000,-0.326820000,0.054221905,-0.753053644,0.642851659,0.129274664,1,0.384766786,-0.171048378,-0.349124382,0.054221905,-0.753053644,0.642851659,0.129274664,41195,103770.100731291,0.004547834,1,0.499829000,0.190533000,-0.351359000,0.247811363,0.280570393,-0.925889669,-0.050971593,1,0.449595180,0.007640963,-0.364136397,0.247811363,0.280570393,-0.925889669,-0.050971593
5.173348500,103770.116917666,vr_world,41112,103770.100731291,0.016187334,1,0.274304000,-0.325074000,-0.326820000,0.054221905,-0.753053644,0.642851659,0.129274664,1,0.384766786,-0.171048378,-0.349124382,0.054221905,-0.753053644,0.642851659,0.129274664,41195,103770.100731291,0.016187334,1,0.499829000,0.190533000,-0.351359000,0.247811363,0.280570393,-0.925889669,-0.050971593,1,0.449595180,0.007640963,-0.364136397,0.247811363,0.280570393,-0.925889669,-0.050971593
5.185748542,103770.129317708,vr_world,41113,103770.122810500,0.006507916,1,0.273428000,-0.326205000,-0.327533000,0.053431688,-0.756275691,0.639286242,0.128472699,1,0.382434215,-0.171159442,-0.349937323,0.053431688,-0.756275691,0.639286242,0.128472699,41196,103770.122810500,0.006507916,1,0.499755000,0.191389000,-0.349759000,0.242550730,0.281137451,-0.926892620,-0.054780910,1,0.449280625,0.008736066,-0.364808788,0.242550730,0.281137451,-0.926892620,-0.054780910
5.198123459,103770.141692625,vr_world,41113,103770.122810500,0.018882541,1,0.273428000,-0.326205000,-0.327533000,0.053431688,-0.756275691,0.639286242,0.128472699,1,0.382434215,-0.171159442,-0.349937323,0.053431688,-0.756275691,0.639286242,0.128472699,41196,103770.122810500,0.018882541,1,0.499755000,0.191389000,-0.349759000,0.242550730,0.281137451,-0.926892620,-0.054780910,1,0.449280625,0.008736066,-0.364808788,0.242550730,0.281137451,-0.926892620,-0.054780910
5.208895709,103770.152464875,vr_world,41114,103770.144834083,0.007631500,1,0.272882000,-0.327917000,-0.328017000,0.059366460,-0.764937443,0.627157865,0.134236150,1,0.377467999,-0.169440084,-0.347259607,0.059366460,-0.764937443,0.627157865,0.134236150,41197,103770.144834083,0.007631500,1,0.498025000,0.192702000,-0.347362000,0.235786645,0.289634778,-0.925695926,-0.060028374,1,0.450121093,0.009703871,-0.366152389,0.235786645,0.289634778,-0.925695926,-0.060028374
5.220142875,103770.163712041,vr_world,41114,103770.144834083,0.018878500,1,0.272882000,-0.327917000,-0.328017000,0.059366460,-0.764937443,0.627157865,0.134236150,1,0.377467999,-0.169440084,-0.347259607,0.059366460,-0.764937443,0.627157865,0.134236150,41197,103770.144834083,0.018878500,1,0.498025000,0.192702000,-0.347362000,0.235786645,0.289634778,-0.925695926,-0.060028374,1,0.450121093,0.009703871,-0.366152389,0.235786645,0.289634778,-0.925695926,-0.060028374
5.232523792,103770.176092958,vr_world,41115,103770.166975041,0.009118792,1,0.273234000,-0.327768000,-0.328849000,0.072391011,-0.769549468,0.617999786,0.143629465,1,0.375109400,-0.166943663,-0.342280171,0.072391011,-0.769549468,0.617999786,0.143629465,41198,103770.166975041,0.009118792,1,0.496918000,0.194020000,-0.345629000,0.230283763,0.300961613,-0.923482415,-0.059763917,1,0.453208521,0.010191280,-0.366430969,0.230283763,0.300961613,-0.923482415,-0.059763917
5.244928792,103770.188497958,vr_world,41115,103770.166975041,0.021523667,1,0.273234000,-0.327768000,-0.328849000,0.072391011,-0.769549468,0.617999786,0.143629465,1,0.375109400,-0.166943663,-0.342280171,0.072391011,-0.769549468,0.617999786,0.143629465,41198,103770.166975041,0.021523667,1,0.496918000,0.194020000,-0.345629000,0.230283763,0.300961613,-0.923482415,-0.059763917,1,0.453208521,0.010191280,-0.366430969,0.230283763,0.300961613,-0.923482415,-0.059763917
5.257331667,103770.200900833,vr_world,41116,103770.188967208,0.011934208,1,0.273549000,-0.326894000,-0.327845000,0.064439545,-0.772182311,0.615018319,0.146063310,1,0.373551268,-0.165141177,-0.343938446,0.064439545,-0.772182311,0.615018319,0.146063310,41199,103770.188967208,0.011934208,1,0.497946000,0.193213000,-0.344817000,0.234379209,0.295886540,-0.924003632,-0.061113258,1,0.452255088,0.009774819,-0.364792517,0.234379209,0.295886540,-0.924003632,-0.061113258
5.269740959,103770.213310125,vr_world,41117,103770.210814250,0.002496333,1,0.271530000,-0.325800000,-0.328571000,0.069161369,-0.771329021,0.616160489,0.143577500,1,0.372402959,-0.164439044,-0.343087376,0.069161369,-0.771329021,0.616160489,0.143577500,41200,103770.210814250,0.002496333,1,0.497115000,0.193779000,-0.343037000,0.240230369,0.296992138,-0.921848625,-0.065422872,1,0.451506704,0.010355319,-0.363331610,0.240230369,0.296992138,-0.921848625,-0.065422872
5.281809459,103770.225378625,vr_world,41117,103770.210814250,0.014576041,1,0.271530000,-0.325800000,-0.328571000,0.069161369,-0.771329021,0.616160489,0.143577500,1,0.372402959,-0.164439044,-0.343087376,0.069161369,-0.771329021,0.616160489,0.143577500,41200,103770.210814250,0.014576041,1,0.497115000,0.193779000,-0.343037000,0.240230369,0.296992138,-0.921848625,-0.065422872,1,0.451506704,0.010355319,-0.363331610,0.240230369,0.296992138,-0.921848625,-0.065422872
5.294157792,103770.237726958,vr_world,41118,103770.233567333,0.004160458,1,0.272242000,-0.324975000,-0.327113000,0.062032344,-0.775193470,0.613429359,0.137591762,1,0.371496882,-0.162881741,-0.344367055,0.062032344,-0.775193470,0.613429359,0.137591762,41201,103770.233567333,0.004160458,1,0.496721000,0.193369000,-0.342036000,0.240048201,0.300290367,-0.920733791,-0.066722133,1,0.452220164,0.009758231,-0.363083365,0.240048201,0.300290367,-0.920733791,-0.066722133
5.306540792,103770.250109958,vr_world,41118,103770.233567333,0.016543375,1,0.272242000,-0.324975000,-0.327113000,0.062032344,-0.775193470,0.613429359,0.137591762,1,0.371496882,-0.162881741,-0.344367055,0.062032344,-0.775193470,0.613429359,0.137591762,41201,103770.233567333,0.016543375,1,0.496721000,0.193369000,-0.342036000,0.240048201,0.300290367,-0.920733791,-0.066722133,1,0.452220164,0.009758231,-0.363083365,0.240048201,0.300290367,-0.920733791,-0.066722133
5.318946959,103770.262516125,vr_world,41119,103770.256264500,0.006252250,1,0.271811000,-0.324044000,-0.326018000,0.056433643,-0.780227852,0.608719940,0.132362296,1,0.368786913,-0.160804511,-0.345303646,0.056433643,-0.780227852,0.608719940,0.132362296,41202,103770.256264500,0.006252250,1,0.495451000,0.193626000,-0.340055000,0.237353829,0.310788712,-0.917639493,-0.070790517,1,0.454475723,0.009535193,-0.363883973,0.237353829,0.310788712,-0.917639493,-0.070790517
5.331318709,103770.274887875,vr_world,41119,103770.256264500,0.018623791,1,0.271811000,-0.324044000,-0.326018000,0.056433643,-0.780227852,0.608719940,0.132362296,1,0.368786913,-0.160804511,-0.345303646,0.056433643,-0.780227852,0.608719940,0.132362296,41202,103770.256264500,0.018623791,1,0.495451000,0.193626000,-0.340055000,0.237353829,0.310788712,-0.917639493,-0.070790517,1,0.454475723,0.009535193,-0.363883973,0.237353829,0.310788712,-0.917639493,-0.070790517
5.343732292,103770.287301458,vr_world,41120,103770.278977250,0.008324791,1,0.271765000,-0.324857000,-0.325822000,0.057648873,-0.787369654,0.599142317,0.133244588,1,0.364948466,-0.159302557,-0.344042711,0.057648873,-0.787369654,0.599142317,0.133244588,41203,103770.278977250,0.008324791,1,0.494868000,0.194699000,-0.339094000,0.237024824,0.314593658,-0.916502260,-0.069811678,1,0.455415554,0.010291118,-0.363040840,0.237024824,0.314593658,-0.916502260,-0.069811678
5.356119542,103770.299688708,vr_world,41120,103770.278977250,0.020711916,1,0.271765000,-0.324857000,-0.325822000,0.057648873,-0.787369654,0.599142317,0.133244588,1,0.364948466,-0.159302557,-0.344042711,0.057648873,-0.787369654,0.599142317,0.133244588,41203,103770.278977250,0.020711916,1,0.494868000,0.194699000,-0.339094000,0.237024824,0.314593658,-0.916502260,-0.069811678,1,0.455415554,0.010291118,-0.363040840,0.237024824,0.314593658,-0.916502260,-0.069811678
5.368505250,103770.312074416,vr_world,41121,103770.301596458,0.010478500,1,0.271987000,-0.324974000,-0.325589000,0.062804953,-0.790074412,0.594214434,0.136920293,1,0.363529244,-0.158260846,-0.341407398,0.062804953,-0.790074412,0.594214434,0.136920293,41204,103770.301596458,0.010478500,1,0.495440000,0.195198000,-0.340324000,0.244279860,0.313202654,-0.915712920,-0.060838274,1,0.456401978,0.010193897,-0.359965267,0.244279860,0.313202654,-0.915712920,-0.060838274
5.378708042,103770.322277208,vr_world,41121,103770.301596458,0.020681083,1,0.271987000,-0.324974000,-0.325589000,0.062804953,-0.790074412,0.594214434,0.136920293,1,0.363529244,-0.158260846,-0.341407398,0.062804953,-0.790074412,0.594214434,0.136920293,41204,103770.301596458,0.020681083,1,0.495440000,0.195198000,-0.340324000,0.244279860,0.313202654,-0.915712920,-0.060838274,1,0.456401978,0.010193897,-0.359965267,0.244279860,0.313202654,-0.915712920,-0.060838274
5.390811500,103770.334380666,vr_world,41122,103770.324036583,0.010344875,1,0.270935000,-0.324864000,-0.325092000,0.063858663,-0.785203948,0.600577396,0.136688052,1,0.365151247,-0.159647820,-0.340915370,0.063858663,-0.785203948,0.600577396,0.136688052,41205,103770.324036583,0.010344875,1,0.496608000,0.197729000,-0.341544000,0.262778926,0.308530979,-0.912822380,-0.050111608,1,0.457241987,0.012165018,-0.353896416,0.262778926,0.308530979,-0.912822380,-0.050111608
5.403211500,103770.346780666,vr_world,41122,103770.324036583,0.022745000,1,0.270935000,-0.324864000,-0.325092000,0.063858663,-0.785203948,0.600577396,0.136688052,1,0.365151247,-0.159647820,-0.340915370,0.063858663,-0.785203948,0.600577396,0.136688052,41205,103770.324036583,0.022745000,1,0.496608000,0.197729000,-0.341544000,0.262778926,0.308530979,-0.912822380,-0.050111608,1,0.457241987,0.012165018,-0.353896416,0.262778926,0.308530979,-0.912822380,-0.050111608
5.415593834,103770.359163000,vr_world,41123,103770.347306125,0.011857458,1,0.270612000,-0.325513000,-0.324363000,0.063395695,-0.780063869,0.607177095,0.137176243,1,0.367458990,-0.161879537,-0.340739316,0.063395695,-0.780063869,0.607177095,0.137176243,41206,103770.347306125,0.011857458,1,0.497772000,0.199593000,-0.342803000,0.288850884,0.304730587,-0.906597433,-0.042255547,1,0.458689495,0.013615991,-0.347423977,0.288850884,0.304730587,-0.906597433,-0.042255547
5.428009875,103770.371579041,vr_world,41124,103770.370159416,0.001420084,1,0.270956000,-0.326278000,-0.324488000,0.063772544,-0.783687065,0.602231371,0.138148554,1,0.365818886,-0.161438203,-0.340372527,0.063772544,-0.783687065,0.602231371,0.138148554,41207,103770.370159416,0.001420084,1,0.499296000,0.200696000,-0.343859000,0.307798187,0.296798267,-0.903165714,-0.038246029,1,0.458595407,0.015011970,-0.342805307,0.307798187,0.296798267,-0.903165714,-0.038246029
5.440314000,103770.383883166,vr_world,41124,103770.370159416,0.013724167,1,0.270956000,-0.326278000,-0.324488000,0.063772544,-0.783687065,0.602231371,0.138148554,1,0.365818886,-0.161438203,-0.340372527,0.063772544,-0.783687065,0.602231371,0.138148554,41207,103770.370159416,0.013724167,1,0.499296000,0.200696000,-0.343859000,0.307798187,0.296798267,-0.903165714,-0.038246029,1,0.458595407,0.015011970,-0.342805307,0.307798187,0.296798267,-0.903165714,-0.038246029
5.453851917,103770.397421083,vr_world,41125,103770.395571625,0.001853041,1,0.269969000,-0.326586000,-0.323751000,0.063524563,-0.783380546,0.602767472,0.137662359,1,0.365035021,-0.161877724,-0.339784637,0.063524563,-0.783380546,0.602767472,0.137662359,41208,103770.395571625,0.001853041,1,0.501233000,0.202868000,-0.345812000,0.333408259,0.280395004,-0.899699547,-0.027537249,1,0.457272241,0.018259452,-0.334704014,0.333408259,0.280395004,-0.899699547,-0.027537249
5.465482667,103770.409051833,vr_world,41125,103770.395571625,0.013481500,1,0.269969000,-0.326586000,-0.323751000,0.063524563,-0.783380546,0.602767472,0.137662359,1,0.365035021,-0.161877724,-0.339784637,0.063524563,-0.783380546,0.602767472,0.137662359,41208,103770.395571625,0.013481500,1,0.501233000,0.202868000,-0.345812000,0.333408259,0.280395004,-0.899699547,-0.027537249,1,0.457272241,0.018259452,-0.334704014,0.333408259,0.280395004,-0.899699547,-0.027537249
5.477012375,103770.420581541,vr_world,41126,103770.414222708,0.006369375,1,0.268477000,-0.326846000,-0.322220000,0.064272774,-0.780987657,0.606523889,0.134372851,1,0.365165064,-0.163095270,-0.338360557,0.064272774,-0.780987657,0.606523889,0.134372851,41209,103770.414222708,0.006369375,1,0.501909000,0.203691000,-0.346167000,0.334912227,0.269600422,-0.902528246,-0.024334695,1,0.454483831,0.020114142,-0.332506274,0.334912227,0.269600422,-0.902528246,-0.024334695
5.489382125,103770.432951291,vr_world,41126,103770.414222708,0.018729000,1,0.268477000,-0.326846000,-0.322220000,0.064272774,-0.780987657,0.606523889,0.134372851,1,0.365165064,-0.163095270,-0.338360557,0.064272774,-0.780987657,0.606523889,0.134372851,41209,103770.414222708,0.018729000,1,0.501909000,0.203691000,-0.346167000,0.334912227,0.269600422,-0.902528246,-0.024334695,1,0.454483831,0.020114142,-0.332506274,0.334912227,0.269600422,-0.902528246,-0.024334695
5.501759834,103770.445329000,vr_world,41127,103770.436711291,0.008618209,1,0.267387000,-0.326212000,-0.320883000,0.064149101,-0.778543121,0.610450342,0.130789457,1,0.365700227,-0.163476235,-0.337467885,0.064149101,-0.778543121,0.610450342,0.130789457,41210,103770.436711291,0.008618209,1,0.500529000,0.205485000,-0.344518000,0.337478578,0.276532651,-0.899502168,-0.023103054,1,0.455957743,0.021197594,-0.330814755,0.337478578,0.276532651,-0.899502168,-0.023103054
5.514161667,103770.457730833,vr_world,41127,103770.436711291,0.021019875,1,0.267387000,-0.326212000,-0.320883000,0.064149101,-0.778543121,0.610450342,0.130789457,1,0.365700227,-0.163476235,-0.337467885,0.064149101,-0.778543121,0.610450342,0.130789457,41210,103770.436711291,0.021019875,1,0.500529000,0.205485000,-0.344518000,0.337478578,0.276532651,-0.899502168,-0.023103054,1,0.455957743,0.021197594,-0.330814755,0.337478578,0.276532651,-0.899502168,-0.023103054
5.525552709,103770.469121875,vr_world,41128,103770.458802125,0.010324791,1,0.266465000,-0.326179000,-0.319260000,0.060296484,-0.777759837,0.612814930,0.126142112,1,0.365500015,-0.164073480,-0.337625253,0.060296484,-0.777759837,0.612814930,0.126142112,41211,103770.458802125,0.010324791,1,0.498995000,0.207415000,-0.341893000,0.331292480,0.289416114,-0.897618559,-0.027650111,1,0.458188544,0.021999299,-0.332297100,0.331292480,0.289416114,-0.897618559,-0.027650111
5.537479750,103770.481048916,vr_world,41129,103770.480918250,0.000131125,1,0.266176000,-0.326463000,-0.317985000,0.053508225,-0.775244272,0.616813903,0.125195042,1,0.366298895,-0.165370359,-0.339151165,0.053508225,-0.775244272,0.616813903,0.125195042,41212,103770.480918250,0.000131125,1,0.498015000,0.208805000,-0.339225000,0.316325699,0.301105694,-0.898948367,-0.034135717,1,0.459852569,0.022611239,-0.335801883,0.316325699,0.301105694,-0.898948367,-0.034135717
5.548154084,103770.491723250,vr_world,41129,103770.480918250,0.010805416,1,0.266176000,-0.326463000,-0.317985000,0.053508225,-0.775244272,0.616813903,0.125195042,1,0.366298895,-0.165370359,-0.339151165,0.053508225,-0.775244272,0.616813903,0.125195042,41212,103770.480918250,0.010805416,1,0.498015000,0.208805000,-0.339225000,0.316325699,0.301105694,-0.898948367,-0.034135717,1,0.459852569,0.022611239,-0.335801883,0.316325699,0.301105694,-0.898948367,-0.034135717
5.560554084,103770.504123250,vr_world,41130,103770.502869916,0.001254125,1,0.265750000,-0.326958000,-0.316887000,0.051120029,-0.777504715,0.614171025,0.125168338,1,0.364620868,-0.165192240,-0.338793071,0.051120029,-0.777504715,0.614171025,0.125168338,41213,103770.502869916,0.001254125,1,0.495992000,0.211238000,-0.336576000,0.298311185,0.316176300,-0.899826444,-0.036815161,1,0.462226939,0.024181393,-0.339010145,0.298311185,0.316176300,-0.899826444,-0.036815161
5.572956084,103770.516525250,vr_world,41130,103770.502869916,0.013655959,1,0.265750000,-0.326958000,-0.316887000,0.051120029,-0.777504715,0.614171025,0.125168338,1,0.364620868,-0.165192240,-0.338793071,0.051120029,-0.777504715,0.614171025,0.125168338,41213,103770.502869916,0.013655959,1,0.495992000,0.211238000,-0.336576000,0.298311185,0.316176300,-0.899826444,-0.036815161,1,0.462226939,0.024181393,-0.339010145,0.298311185,0.316176300,-0.899826444,-0.036815161
5.585370834,103770.528940000,vr_world,41131,103770.525267041,0.003673500,1,0.265473000,-0.327226000,-0.317016000,0.052330757,-0.778424919,0.612741028,0.125954635,1,0.363850689,-0.165084292,-0.338354716,0.052330757,-0.778424919,0.612741028,0.125954635,41214,103770.525267041,0.003673500,1,0.494533000,0.211984000,-0.336213000,0.291719133,0.320459100,-0.900575045,-0.034212581,1,0.462362704,0.024659236,-0.339489130,0.291719133,0.320459100,-0.900575045,-0.034212581
5.597787834,103770.541357000,vr_world,41131,103770.525267041,0.016090459,1,0.265473000,-0.327226000,-0.317016000,0.052330757,-0.778424919,0.612741028,0.125954635,1,0.363850689,-0.165084292,-0.338354716,0.052330757,-0.778424919,0.612741028,0.125954635,41214,103770.525267041,0.016090459,1,0.494533000,0.211984000,-0.336213000,0.291719133,0.320459100,-0.900575045,-0.034212581,1,0.462362704,0.024659236,-0.339489130,0.291719133,0.320459100,-0.900575045,-0.034212581
5.609143292,103770.552712458,vr_world,41132,103770.547374791,0.005338084,1,0.265216000,-0.327678000,-0.317330000,0.053395271,-0.777893288,0.612749501,0.128720733,1,0.363631911,-0.165492089,-0.338150290,0.053395271,-0.777893288,0.612749501,0.128720733,41215,103770.547374791,0.005338084,1,0.493775000,0.212963000,-0.334775000,0.287535362,0.320254447,-0.902088091,-0.031584496,1,0.461620114,0.025633827,-0.337949566,0.287535362,0.320254447,-0.902088091,-0.031584496
5.619211125,103770.562780291,vr_world,41132,103770.547374791,0.015405750,1,0.265216000,-0.327678000,-0.317330000,0.053395271,-0.777893288,0.612749501,0.128720733,1,0.363631911,-0.165492089,-0.338150290,0.053395271,-0.777893288,0.612749501,0.128720733,41215,103770.547374791,0.015405750,1,0.493775000,0.212963000,-0.334775000,0.287535362,0.320254447,-0.902088091,-0.031584496,1,0.461620114,0.025633827,-0.337949566,0.287535362,0.320254447,-0.902088091,-0.031584496
5.630810959,103770.574380125,vr_world,41133,103770.569502541,0.004878042,1,0.265336000,-0.327330000,-0.318414000,0.063403933,-0.779207886,0.608695322,0.135296035,1,0.362820803,-0.164093481,-0.334967223,0.063403933,-0.779207886,0.608695322,0.135296035,41216,103770.569502541,0.004878042,1,0.493330000,0.212133000,-0.333350000,0.287984791,0.315482873,-0.903435597,-0.036598342,1,0.458855456,0.025236250,-0.337515704,0.287984791,0.315482873,-0.903435597,-0.036598342
5.642221000,103770.585790166,vr_world,41133,103770.569502541,0.016288250,1,0.265336000,-0.327330000,-0.318414000,0.063403933,-0.779207886,0.608695322,0.135296035,1,0.362820803,-0.164093481,-0.334967223,0.063403933,-0.779207886,0.608695322,0.135296035,41216,103770.569502541,0.016288250,1,0.493330000,0.212133000,-0.333350000,0.287984791,0.315482873,-0.903435597,-0.036598342,1,0.458855456,0.025236250,-0.337515704,0.287984791,0.315482873,-0.903435597,-0.036598342
5.654628667,103770.598197833,vr_world,41134,103770.591374416,0.006824042,1,0.266488000,-0.325741000,-0.317767000,0.060919045,-0.783484586,0.602535880,0.139252602,1,0.361230340,-0.160933947,-0.334678116,0.060919045,-0.783484586,0.602535880,0.139252602,41217,103770.591374416,0.006824042,1,0.492739000,0.211251000,-0.330590000,0.285308690,0.311038352,-0.905511316,-0.043627422,1,0.455735970,0.024901408,-0.336980390,0.285308690,0.311038352,-0.905511316,-0.043627422
5.667040584,103770.610609750,vr_world,41134,103770.591374416,0.019235667,1,0.266488000,-0.325741000,-0.317767000,0.060919045,-0.783484586,0.602535880,0.139252602,1,0.361230340,-0.160933947,-0.334678116,0.060919045,-0.783484586,0.602535880,0.139252602,41217,103770.591374416,0.019235667,1,0.492739000,0.211251000,-0.330590000,0.285308690,0.311038352,-0.905511316,-0.043627422,1,0.455735970,0.024901408,-0.336980390,0.285308690,0.311038352,-0.905511316,-0.043627422
5.678811250,103770.622380416,vr_world,41135,103770.613610333,0.008770458,1,0.266692000,-0.323576000,-0.316562000,0.050895501,-0.784757411,0.602541882,0.136046807,1,0.360661070,-0.158770515,-0.337356647,0.050895501,-0.784757411,0.602541882,0.136046807,41218,103770.613610333,0.008770458,1,0.491624000,0.209708000,-0.327348000,0.277707270,0.305709165,-0.909188546,-0.052884469,1,0.451375135,0.024199226,-0.337482347,0.277707270,0.305709165,-0.909188546,-0.052884469
5.691227125,103770.634796291,vr_world,41135,103770.613610333,0.021186625,1,0.266692000,-0.323576000,-0.316562000,0.050895501,-0.784757411,0.602541882,0.136046807,1,0.360661070,-0.158770515,-0.337356647,0.050895501,-0.784757411,0.602541882,0.136046807,41218,103770.613610333,0.021186625,1,0.491624000,0.209708000,-0.327348000,0.277707270,0.305709165,-0.909188546,-0.052884469,1,0.451375135,0.024199226,-0.337482347,0.277707270,0.305709165,-0.909188546,-0.052884469
5.703649042,103770.647218208,vr_world,41136,103770.635643458,0.011575208,1,0.266337000,-0.322036000,-0.315219000,0.041344135,-0.781904719,0.608857423,0.127311865,1,0.362232444,-0.158954648,-0.340357586,0.041344135,-0.781904719,0.608857423,0.127311865,41219,103770.635643458,0.011575208,1,0.490207000,0.207943000,-0.325539000,0.269567899,0.305347037,-0.911494733,-0.057216149,1,0.449123986,0.022794473,-0.338517775,0.269567899,0.305347037,-0.911494733,-0.057216149
5.716056250,103770.659625416,vr_world,41137,103770.657647583,0.001978208,1,0.266393000,-0.321151000,-0.314592000,0.036157081,-0.780410224,0.612251516,0.121657835,1,0.363357639,-0.159089084,-0.342109234,0.036157081,-0.780410224,0.612251516,0.121657835,41220,103770.657647583,0.001978208,1,0.487999000,0.206379000,-0.322048000,0.253279169,0.308156692,-0.914527509,-0.067294509,1,0.446585411,0.021875348,-0.341529864,0.253279169,0.308156692,-0.914527509,-0.067294509
5.728471459,103770.672040625,vr_world,41137,103770.657647583,0.014393375,1,0.266393000,-0.321151000,-0.314592000,0.036157081,-0.780410224,0.612251516,0.121657835,1,0.363357639,-0.159089084,-0.342109234,0.036157081,-0.780410224,0.612251516,0.121657835,41220,103770.657647583,0.014393375,1,0.487999000,0.206379000,-0.322048000,0.253279169,0.308156692,-0.914527509,-0.067294509,1,0.446585411,0.021875348,-0.341529864,0.253279169,0.308156692,-0.914527509,-0.067294509
5.739553959,103770.683123125,vr_world,41138,103770.680283541,0.002840125,1,0.267542000,-0.322047000,-0.315394000,0.043059657,-0.784113407,0.606485378,0.124448852,1,0.362684026,-0.158428317,-0.339895372,0.043059657,-0.784113407,0.606485378,0.124448852,41221,103770.680283541,0.002840125,1,0.486409000,0.206134000,-0.321042000,0.245320164,0.318231232,-0.913163633,-0.068403799,1,0.448557055,0.021186787,-0.343357791,0.245320164,0.318231232,-0.913163633,-0.068403799
5.750813042,103770.694382208,vr_world,41138,103770.680283541,0.014099292,1,0.267542000,-0.322047000,-0.315394000,0.043059657,-0.784113407,0.606485378,0.124448852,1,0.362684026,-0.158428317,-0.339895372,0.043059657,-0.784113407,0.606485378,0.124448852,41221,103770.680283541,0.014099292,1,0.486409000,0.206134000,-0.321042000,0.245320164,0.318231232,-0.913163633,-0.068403799,1,0.448557055,0.021186787,-0.343357791,0.245320164,0.318231232,-0.913163633,-0.068403799
5.761485167,103770.705054333,vr_world,41139,103770.702627500,0.002427333,1,0.268777000,-0.321813000,-0.314889000,0.042199667,-0.790814289,0.596661250,0.129720087,1,0.359764704,-0.155773998,-0.338883216,0.042199667,-0.790814289,0.596661250,0.129720087,41222,103770.702627500,0.002427333,1,0.486393000,0.203687000,-0.320464000,0.241490907,0.314659084,-0.915134781,-0.072111966,1,0.446789718,0.019297680,-0.344305096,0.241490907,0.314659084,-0.915134781,-0.072111966
5.773890250,103770.717459416,vr_world,41139,103770.702627500,0.014832458,1,0.268777000,-0.321813000,-0.314889000,0.042199667,-0.790814289,0.596661250,0.129720087,1,0.359764704,-0.155773998,-0.338883216,0.042199667,-0.790814289,0.596661250,0.129720087,41222,103770.702627500,0.014832458,1,0.486393000,0.203687000,-0.320464000,0.241490907,0.314659084,-0.915134781,-0.072111966,1,0.446789718,0.019297680,-0.344305096,0.241490907,0.314659084,-0.915134781,-0.072111966
5.786308917,103770.729878083,vr_world,41140,103770.724438458,0.005440208,1,0.269096000,-0.319844000,-0.315143000,0.045784352,-0.791353523,0.595378169,0.131103889,1,0.359828908,-0.153459113,-0.337660280,0.045784352,-0.791353523,0.595378169,0.131103889,41223,103770.724438458,0.005440208,1,0.487051000,0.201958000,-0.320789000,0.248686176,0.302530847,-0.917068659,-0.074935626,1,0.442717511,0.018438776,-0.342957326,0.248686176,0.302530847,-0.917068659,-0.074935626
5.798718875,103770.742288041,vr_world,41140,103770.724438458,0.017850292,1,0.269096000,-0.319844000,-0.315143000,0.045784352,-0.791353523,0.595378169,0.131103889,1,0.359828908,-0.153459113,-0.337660280,0.045784352,-0.791353523,0.595378169,0.131103889,41223,103770.724438458,0.017850292,1,0.487051000,0.201958000,-0.320789000,0.248686176,0.302530847,-0.917068659,-0.074935626,1,0.442717511,0.018438776,-0.342957326,0.248686176,0.302530847,-0.917068659,-0.074935626
5.809594709,103770.753163875,vr_world,41141,103770.746905166,0.006259292,1,0.269735000,-0.318857000,-0.314788000,0.042090065,-0.792622805,0.594090821,0.130512880,1,0.359654926,-0.152215645,-0.338631311,0.042090065,-0.792622805,0.594090821,0.130512880,41224,103770.746905166,0.006259292,1,0.486363000,0.201069000,-0.321005000,0.256284015,0.299547691,-0.916074515,-0.073465423,1,0.441184225,0.017502267,-0.340963441,0.256284015,0.299547691,-0.916074515,-0.073465423
5.821970667,103770.765539833,vr_world,41141,103770.746905166,0.018635459,1,0.269735000,-0.318857000,-0.314788000,0.042090065,-0.792622805,0.594090821,0.130512880,1,0.359654926,-0.152215645,-0.338631311,0.042090065,-0.792622805,0.594090821,0.130512880,41224,103770.746905166,0.018635459,1,0.486363000,0.201069000,-0.321005000,0.256284015,0.299547691,-0.916074515,-0.073465423,1,0.441184225,0.017502267,-0.340963441,0.256284015,0.299547691,-0.916074515,-0.073465423
5.833478042,103770.777047208,vr_world,41142,103770.769444958,0.007602792,1,0.270774000,-0.317423000,-0.314937000,0.041596136,-0.793866906,0.592327483,0.131123032,1,0.359924966,-0.150375699,-0.338827421,0.041596136,-0.793866906,0.592327483,0.131123032,41225,103770.769444958,0.007602792,1,0.484932000,0.199449000,-0.320394000,0.255705218,0.296782012,-0.917117412,-0.073694858,1,0.438692782,0.016135723,-0.340253070,0.255705218,0.296782012,-0.917117412,-0.073694858
5.845917875,103770.789487041,vr_world,41142,103770.769444958,0.020045250,1,0.270774000,-0.317423000,-0.314937000,0.041596136,-0.793866906,0.592327483,0.131123032,1,0.359924966,-0.150375699,-0.338827421,0.041596136,-0.793866906,0.592327483,0.131123032,41225,103770.769444958,0.020045250,1,0.484932000,0.199449000,-0.320394000,0.255705218,0.296782012,-0.917117412,-0.073694858,1,0.438692782,0.016135723,-0.340253070,0.255705218,0.296782012,-0.917117412,-0.073694858
5.857492500,103770.801061666,vr_world,41143,103770.791989125,0.009074708,1,0.272553000,-0.315476000,-0.316656000,0.038174893,-0.791794046,0.595401100,0.130776129,1,0.362676052,-0.149168012,-0.342011677,0.038174893,-0.791794046,0.595401100,0.130776129,41226,103770.791989125,0.009074708,1,0.479265000,0.197471000,-0.319637000,0.235861969,0.319631295,-0.914475530,-0.077067969,1,0.441017294,0.013219558,-0.346558381,0.235861969,0.319631295,-0.914475530,-0.077067969
5.869900959,103770.813470125,vr_world,41143,103770.791989125,0.021482333,1,0.272553000,-0.315476000,-0.316656000,0.038174893,-0.791794046,0.595401100,0.130776129,1,0.362676052,-0.149168012,-0.342011677,0.038174893,-0.791794046,0.595401100,0.130776129,41226,103770.791989125,0.021482333,1,0.479265000,0.197471000,-0.319637000,0.235861969,0.319631295,-0.914475530,-0.077067969,1,0.441017294,0.013219558,-0.346558381,0.235861969,0.319631295,-0.914475530,-0.077067969
5.882315000,103770.825884166,vr_world,41144,103770.814116833,0.011767667,1,0.268836000,-0.319833000,-0.315024000,0.042388650,-0.792200241,0.593769674,0.134385841,1,0.358574409,-0.153045662,-0.338528481,0.042388650,-0.792200241,0.593769674,0.134385841,41227,103770.814116833,0.011767667,1,0.479013000,0.202217000,-0.317300000,0.229487915,0.333948722,-0.911746262,-0.067322376,1,0.447100083,0.016683626,-0.343665368,0.229487915,0.333948722,-0.911746262,-0.067322376
5.894729959,103770.838299125,vr_world,41145,103770.836716291,0.001583250,1,0.272135000,-0.318717000,-0.315887000,0.041288268,-0.794446709,0.589834156,0.138727698,1,0.360103073,-0.150979176,-0.339319621,0.041288268,-0.794446709,0.589834156,0.138727698,41228,103770.836716291,0.001583250,1,0.479254000,0.201823000,-0.318179000,0.215338688,0.331548266,-0.916529467,-0.060652552,1,0.447001292,0.016377473,-0.344748272,0.215338688,0.331548266,-0.916529467,-0.060652552
5.907139042,103770.850708208,vr_world,41145,103770.836716291,0.013992417,1,0.272135000,-0.318717000,-0.315887000,0.041288268,-0.794446709,0.589834156,0.138727698,1,0.360103073,-0.150979176,-0.339319621,0.041288268,-0.794446709,0.589834156,0.138727698,41228,103770.836716291,0.013992417,1,0.479254000,0.201823000,-0.318179000,0.215338688,0.331548266,-0.916529467,-0.060652552,1,0.447001292,0.016377473,-0.344748272,0.215338688,0.331548266,-0.916529467,-0.060652552
5.919560125,103770.863129291,vr_world,41146,103770.859271625,0.003858333,1,0.271243000,-0.318428000,-0.316086000,0.039117372,-0.794429684,0.589500904,0.140854510,1,0.358854473,-0.150597310,-0.340180292,0.039117372,-0.794429684,0.589500904,0.140854510,41229,103770.859271625,0.003858333,1,0.477480000,0.202305000,-0.316993000,0.219517667,0.330856967,-0.915631364,-0.062967183,1,0.444755454,0.016931165,-0.343486106,0.219517667,0.330856967,-0.915631364,-0.062967183
5.931043292,103770.874612458,vr_world,41146,103770.859271625,0.015343208,1,0.271243000,-0.318428000,-0.316086000,0.039117372,-0.794429684,0.589500904,0.140854510,1,0.358854473,-0.150597310,-0.340180292,0.039117372,-0.794429684,0.589500904,0.140854510,41229,103770.859271625,0.015343208,1,0.477480000,0.202305000,-0.316993000,0.219517667,0.330856967,-0.915631364,-0.062967183,1,0.444755454,0.016931165,-0.343486106,0.219517667,0.330856967,-0.915631364,-0.062967183
5.943470042,103770.887039208,vr_world,41147,103770.881796208,0.005244583,1,0.270210000,-0.317246000,-0.316333000,0.035037647,-0.792661951,0.592538739,0.139130291,1,0.358738674,-0.150165412,-0.342220326,0.035037647,-0.792661951,0.592538739,0.139130291,41230,103770.881796208,0.005244583,1,0.475622000,0.202116000,-0.316363000,0.216660204,0.329696031,-0.916915102,-0.060212776,1,0.442699500,0.016711548,-0.342392372,0.216660204,0.329696031,-0.916915102,-0.060212776
5.955869417,103770.899438583,vr_world,41147,103770.881796208,0.017642875,1,0.270210000,-0.317246000,-0.316333000,0.035037647,-0.792661951,0.592538739,0.139130291,1,0.358738674,-0.150165412,-0.342220326,0.035037647,-0.792661951,0.592538739,0.139130291,41230,103770.881796208,0.017642875,1,0.475622000,0.202116000,-0.316363000,0.216660204,0.329696031,-0.916915102,-0.060212776,1,0.442699500,0.016711548,-0.342392372,0.216660204,0.329696031,-0.916915102,-0.060212776
5.968324500,103770.911893666,vr_world,41148,103770.904032791,0.007863834,1,0.269993000,-0.316550000,-0.316993000,0.027304144,-0.792626984,0.594040812,0.134582544,1,0.358563151,-0.150018100,-0.346077178,0.027304144,-0.792626984,0.594040812,0.134582544,41231,103770.904032791,0.007863834,1,0.471922000,0.201982000,-0.314155000,0.206150151,0.333736574,-0.917824811,-0.060988782,1,0.440500662,0.016682538,-0.342669044,0.206150151,0.333736574,-0.917824811,-0.060988782
5.978962375,103770.922531541,vr_world,41148,103770.904032791,0.018499209,1,0.269993000,-0.316550000,-0.316993000,0.027304144,-0.792626984,0.594040812,0.134582544,1,0.358563151,-0.150018100,-0.346077178,0.027304144,-0.792626984,0.594040812,0.134582544,41231,103770.904032791,0.018499209,1,0.471922000,0.201982000,-0.314155000,0.206150151,0.333736574,-0.917824811,-0.060988782,1,0.440500662,0.016682538,-0.342669044,0.206150151,0.333736574,-0.917824811,-0.060988782
5.990814792,103770.934383958,vr_world,41149,103770.926211916,0.008172500,1,0.270064000,-0.315531000,-0.317390000,0.023711645,-0.788167719,0.600591812,0.132358906,1,0.361024021,-0.150626849,-0.348314288,0.023711645,-0.788167719,0.600591812,0.132358906,41232,103770.926211916,0.008172500,1,0.467653000,0.201492000,-0.311794000,0.192720382,0.348173211,-0.915219539,-0.063304550,1,0.441716321,0.016054488,-0.344603105,0.192720382,0.348173211,-0.915219539,-0.063304550
6.003221917,103770.946791083,vr_world,41149,103770.926211916,0.020579459,1,0.270064000,-0.315531000,-0.317390000,0.023711645,-0.788167719,0.600591812,0.132358906,1,0.361024021,-0.150626849,-0.348314288,0.023711645,-0.788167719,0.600591812,0.132358906,41232,103770.926211916,0.020579459,1,0.467653000,0.201492000,-0.311794000,0.192720382,0.348173211,-0.915219539,-0.063304550,1,0.441716321,0.016054488,-0.344603105,0.192720382,0.348173211,-0.915219539,-0.063304550
6.014814542,103770.958383708,vr_world,41150,103770.948396291,0.009987834,1,0.270906000,-0.313262000,-0.317777000,0.015102291,-0.781421420,0.608829797,0.135936614,1,0.364327470,-0.150440374,-0.352200088,0.015102291,-0.781421420,0.608829797,0.135936614,41233,103770.948396291,0.009987834,1,0.458530000,0.199437000,-0.307530000,0.166005906,0.388748015,-0.903585396,-0.069645186,1,0.448489684,0.014402526,-0.349928809,0.166005906,0.388748015,-0.903585396,-0.069645186
6.025560042,103770.969129208,vr_world,41150,103770.948396291,0.020733542,1,0.270906000,-0.313262000,-0.317777000,0.015102291,-0.781421420,0.608829797,0.135936614,1,0.364327470,-0.150440374,-0.352200088,0.015102291,-0.781421420,0.608829797,0.135936614,41233,103770.948396291,0.020733542,1,0.458530000,0.199437000,-0.307530000,0.166005906,0.388748015,-0.903585396,-0.069645186,1,0.448489684,0.014402526,-0.349928809,0.166005906,0.388748015,-0.903585396,-0.069645186
6.037961459,103770.981530625,vr_world,41151,103770.970789708,0.010745750,1,0.271915000,-0.312652000,-0.318378000,0.009622032,-0.783904243,0.604792730,0.140097494,1,0.363113035,-0.148906833,-0.354347991,0.009622032,-0.783904243,0.604792730,0.140097494,41234,103770.970789708,0.010745750,1,0.454613000,0.198168000,-0.306050000,0.145080459,0.411700850,-0.896921252,-0.070614010,1,0.454301845,0.014103548,-0.353551574,0.145080459,0.411700850,-0.896921252,-0.070614010
6.050350584,103770.993919750,vr_world,41152,103770.992496458,0.001424042,1,0.272003000,-0.310988000,-0.320516000,0.011535664,-0.787059018,0.600493942,0.140755305,1,0.361632727,-0.146160494,-0.355471095,0.011535664,-0.787059018,0.600493942,0.140755305,41235,103770.992496458,0.001424042,1,0.447299000,0.196215000,-0.303573000,0.118934718,0.454460765,-0.879930310,-0.071011229,1,0.465307735,0.014800783,-0.357431605,0.118934718,0.454460765,-0.879930310,-0.071011229
6.062788334,103771.006357500,vr_world,41152,103770.992496458,0.013866208,1,0.272003000,-0.310988000,-0.320516000,0.011535664,-0.787059018,0.600493942,0.140755305,1,0.361632727,-0.146160494,-0.355471095,0.011535664,-0.787059018,0.600493942,0.140755305,41235,103770.992496458,0.013866208,1,0.447299000,0.196215000,-0.303573000,0.118934718,0.454460765,-0.879930310,-0.071011229,1,0.465307735,0.014800783,-0.357431605,0.118934718,0.454460765,-0.879930310,-0.071011229
6.075046250,103771.018615416,vr_world,41153,103771.014879041,0.003742042,1,0.271221000,-0.307662000,-0.321348000,0.010960028,-0.781065386,0.609391890,0.135861200,1,0.364495623,-0.145093925,-0.357332777,0.010960028,-0.781065386,0.609391890,0.135861200,41236,103771.014879041,0.003742042,1,0.445833000,0.195805000,-0.302723000,0.111850550,0.460779090,-0.877688997,-0.069527758,1,0.466875758,0.014941245,-0.357328143,0.111850550,0.460779090,-0.877688997,-0.069527758
6.086813792,103771.030382958,vr_world,41153,103771.014879041,0.015505209,1,0.271221000,-0.307662000,-0.321348000,0.010960028,-0.781065386,0.609391890,0.135861200,1,0.364495623,-0.145093925,-0.357332777,0.010960028,-0.781065386,0.609391890,0.135861200,41236,103771.014879041,0.015505209,1,0.445833000,0.195805000,-0.302723000,0.111850550,0.460779090,-0.877688997,-0.069527758,1,0.466875758,0.014941245,-0.357328143,0.111850550,0.460779090,-0.877688997,-0.069527758
6.097352042,103771.040921208,vr_world,41154,103771.037855791,0.003070292,1,0.269826000,-0.308143000,-0.322019000,0.012641952,-0.776442467,0.617013423,0.127560622,1,0.366528129,-0.147643396,-0.358240696,0.012641952,-0.776442467,0.617013423,0.127560622,41237,103771.037855791,0.003070292,1,0.447049000,0.197522000,-0.304933000,0.121911151,0.441111610,-0.887219444,-0.058308459,1,0.460506580,0.014190545,-0.353355657,0.121911151,0.441111610,-0.887219444,-0.058308459
6.107421375,103771.050990541,vr_world,41154,103771.037855791,0.013135750,1,0.269826000,-0.308143000,-0.322019000,0.012641952,-0.776442467,0.617013423,0.127560622,1,0.366528129,-0.147643396,-0.358240696,0.012641952,-0.776442467,0.617013423,0.127560622,41237,103771.037855791,0.013135750,1,0.447049000,0.197522000,-0.304933000,0.121911151,0.441111610,-0.887219444,-0.058308459,1,0.460506580,0.014190545,-0.353355657,0.121911151,0.441111610,-0.887219444,-0.058308459
6.119813250,103771.063382416,vr_world,41155,103771.060178541,0.003204459,1,0.269216000,-0.309511000,-0.323550000,0.016988976,-0.774252051,0.620607321,0.122848235,1,0.367869218,-0.149937932,-0.358584368,0.016988976,-0.774252051,0.620607321,0.122848235,41238,103771.060178541,0.003204459,1,0.446697000,0.198999000,-0.305581000,0.130398523,0.432458167,-0.890976509,-0.046227910,1,0.457236309,0.014057071,-0.348261512,0.130398523,0.432458167,-0.890976509,-0.046227910
6.132201834,103771.075771000,vr_world,41155,103771.060178541,0.015593709,1,0.269216000,-0.309511000,-0.323550000,0.016988976,-0.774252051,0.620607321,0.122848235,1,0.367869218,-0.149937932,-0.358584368,0.016988976,-0.774252051,0.620607321,0.122848235,41238,103771.060178541,0.015593709,1,0.446697000,0.198999000,-0.305581000,0.130398523,0.432458167,-0.890976509,-0.046227910,1,0.457236309,0.014057071,-0.348261512,0.130398523,0.432458167,-0.890976509,-0.046227910
6.142816209,103771.086385375,vr_world,41156,103771.082804125,0.003581791,1,0.268430000,-0.311615000,-0.325549000,0.024743010,-0.770530564,0.624358917,0.125882386,1,0.369161440,-0.152757201,-0.357811326,0.024743010,-0.770530564,0.624358917,0.125882386,41239,103771.082804125,0.003581791,1,0.448896000,0.202466000,-0.305527000,0.140699755,0.407965967,-0.901328622,-0.037068379,1,0.449885739,0.015946615,-0.342212108,0.140699755,0.407965967,-0.901328622,-0.037068379
6.155233834,103771.098803000,vr_world,41156,103771.082804125,0.016001250,1,0.268430000,-0.311615000,-0.325549000,0.024743010,-0.770530564,0.624358917,0.125882386,1,0.369161440,-0.152757201,-0.357811326,0.024743010,-0.770530564,0.624358917,0.125882386,41239,103771.082804125,0.016001250,1,0.448896000,0.202466000,-0.305527000,0.140699755,0.407965967,-0.901328622,-0.037068379,1,0.449885739,0.015946615,-0.342212108,0.140699755,0.407965967,-0.901328622,-0.037068379
6.166759209,103771.110328375,vr_world,41157,103771.104991666,0.005337334,1,0.268793000,-0.312818000,-0.327014000,0.030369577,-0.771602652,0.621310619,0.132966732,1,0.368624541,-0.152896812,-0.356718394,0.030369577,-0.771602652,0.621310619,0.132966732,41240,103771.104991666,0.005337334,1,0.451026000,0.201907000,-0.306775000,0.142087215,0.392024500,-0.908216761,-0.035641681,1,0.445675708,0.015149357,-0.341834745,0.142087215,0.392024500,-0.908216761,-0.035641681
6.179175750,103771.122744916,vr_world,41157,103771.104991666,0.017753875,1,0.268793000,-0.312818000,-0.327014000,0.030369577,-0.771602652,0.621310619,0.132966732,1,0.368624541,-0.152896812,-0.356718394,0.030369577,-0.771602652,0.621310619,0.132966732,41240,103771.104991666,0.017753875,1,0.451026000,0.201907000,-0.306775000,0.142087215,0.392024500,-0.908216761,-0.035641681,1,0.445675708,0.015149357,-0.341834745,0.142087215,0.392024500,-0.908216761,-0.035641681
6.191601125,103771.135170291,vr_world,41158,103771.127065000,0.008105708,1,0.267763000,-0.313044000,-0.329057000,0.033644811,-0.768803368,0.623932482,0.136079629,1,0.368856983,-0.153702910,-0.357585699,0.033644811,-0.768803368,0.623932482,0.136079629,41241,103771.127065000,0.008105708,1,0.452879000,0.202453000,-0.306245000,0.151255836,0.371635792,-0.915292106,-0.035339353,1,0.439176389,0.015621339,-0.338530976,0.151255836,0.371635792,-0.915292106,-0.035339353
6.203046500,103771.146615666,vr_world,41158,103771.127065000,0.019551416,1,0.267763000,-0.313044000,-0.329057000,0.033644811,-0.768803368,0.623932482,0.136079629,1,0.368856983,-0.153702910,-0.357585699,0.033644811,-0.768803368,0.623932482,0.136079629,41241,103771.127065000,0.019551416,1,0.452879000,0.202453000,-0.306245000,0.151255836,0.371635792,-0.915292106,-0.035339353,1,0.439176389,0.015621339,-0.338530976,0.151255836,0.371635792,-0.915292106,-0.035339353
6.215430875,103771.159000041,vr_world,41159,103771.149912625,0.009087833,1,0.266522000,-0.313960000,-0.330475000,0.038002249,-0.770579578,0.622530915,0.131218146,1,0.367534641,-0.154305242,-0.357497628,0.038002249,-0.770579578,0.622530915,0.131218146,41242,103771.149912625,0.009087833,1,0.452150000,0.201498000,-0.304554000,0.146076422,0.378572060,-0.912739685,-0.047446194,1,0.440424156,0.015520152,-0.342116726,0.146076422,0.378572060,-0.912739685,-0.047446194
6.227830417,103771.171399583,vr_world,41159,103771.149912625,0.021488208,1,0.266522000,-0.313960000,-0.330475000,0.038002249,-0.770579578,0.622530915,0.131218146,1,0.367534641,-0.154305242,-0.357497628,0.038002249,-0.770579578,0.622530915,0.131218146,41242,103771.149912625,0.021488208,1,0.452150000,0.201498000,-0.304554000,0.146076422,0.378572060,-0.912739685,-0.047446194,1,0.440424156,0.015520152,-0.342116726,0.146076422,0.378572060,-0.912739685,-0.047446194
6.238815125,103771.182384291,vr_world,41160,103771.172866666,0.009518584,1,0.266433000,-0.313729000,-0.331420000,0.039041600,-0.773508231,0.618783638,0.131406161,1,0.366033221,-0.153085715,-0.357820417,0.039041600,-0.773508231,0.618783638,0.131406161,41243,103771.172866666,0.009518584,1,0.451590000,0.201055000,-0.303411000,0.144615193,0.379106733,-0.912194805,-0.057141650,1,0.439382478,0.015843206,-0.344445448,0.144615193,0.379106733,-0.912194805,-0.057141650
6.251226042,103771.194795208,vr_world,41160,103771.172866666,0.021929209,1,0.266433000,-0.313729000,-0.331420000,0.039041600,-0.773508231,0.618783638,0.131406161,1,0.366033221,-0.153085715,-0.357820417,0.039041600,-0.773508231,0.618783638,0.131406161,41243,103771.172866666,0.021929209,1,0.451590000,0.201055000,-0.303411000,0.144615193,0.379106733,-0.912194805,-0.057141650,1,0.439382478,0.015843206,-0.344445448,0.144615193,0.379106733,-0.912194805,-0.057141650
6.262277750,103771.205846916,vr_world,41161,103771.195408125,0.010441458,1,0.265169000,-0.313032000,-0.331919000,0.033019068,-0.773272948,0.619872379,0.129293943,1,0.364739105,-0.152780837,-0.360708174,0.033019068,-0.773272948,0.619872379,0.129293943,41244,103771.195408125,0.010441458,1,0.450248000,0.201335000,-0.303782000,0.144399377,0.382504098,-0.910777830,-0.057647017,1,0.439355300,0.016133218,-0.345229341,0.144399377,0.382504098,-0.910777830,-0.057647017
6.274689625,103771.218258791,vr_world,41162,103771.217331958,0.000927333,1,0.264868000,-0.313007000,-0.332232000,0.029891128,-0.772854806,0.621002855,0.127111855,1,0.364674297,-0.153145475,-0.362339182,0.029891128,-0.772854806,0.621002855,0.127111855,41245,103771.217331958,0.000927333,1,0.451025000,0.200842000,-0.303773000,0.143494289,0.376622900,-0.913391761,-0.057271904,1,0.437862138,0.015710951,-0.344875979,0.143494289,0.376622900,-0.913391761,-0.057271904
6.287117375,103771.230686541,vr_world,41162,103771.217331958,0.013355125,1,0.264868000,-0.313007000,-0.332232000,0.029891128,-0.772854806,0.621002855,0.127111855,1,0.364674297,-0.153145475,-0.362339182,0.029891128,-0.772854806,0.621002855,0.127111855,41245,103771.217331958,0.013355125,1,0.451025000,0.200842000,-0.303773000,0.143494289,0.376622900,-0.913391761,-0.057271904,1,0.437862138,0.015710951,-0.344875979,0.143494289,0.376622900,-0.913391761,-0.057271904
6.299533125,103771.243102291,vr_world,41163,103771.239538791,0.003564084,1,0.264936000,-0.313638000,-0.333003000,0.028346969,-0.772534193,0.621470633,0.127128370,1,0.364796206,-0.153924213,-0.363709095,0.028346969,-0.772534193,0.621470633,0.127128370,41246,103771.239538791,0.003564084,1,0.451420000,0.200511000,-0.302371000,0.142794933,0.370247467,-0.915526247,-0.065864337,1,0.435113245,0.016212330,-0.346009328,0.142794933,0.370247467,-0.915526247,-0.065864337
6.311942292,103771.255511458,vr_world,41163,103771.239538791,0.015973209,1,0.264936000,-0.313638000,-0.333003000,0.028346969,-0.772534193,0.621470633,0.127128370,1,0.364796206,-0.153924213,-0.363709095,0.028346969,-0.772534193,0.621470633,0.127128370,41246,103771.239538791,0.015973209,1,0.451420000,0.200511000,-0.302371000,0.142794933,0.370247467,-0.915526247,-0.065864337,1,0.435113245,0.016212330,-0.346009328,0.142794933,0.370247467,-0.915526247,-0.065864337
6.324144125,103771.267713291,vr_world,41164,103771.261648916,0.006064667,1,0.265409000,-0.314344000,-0.333738000,0.030034383,-0.773913205,0.618755909,0.131519626,1,0.364225544,-0.153798930,-0.363470071,0.030034383,-0.773913205,0.618755909,0.131519626,41247,103771.261648916,0.006064667,1,0.450441000,0.200676000,-0.302911000,0.142007683,0.374041929,-0.914038560,-0.066782959,1,0.435586979,0.016413497,-0.347215563,0.142007683,0.374041929,-0.914038560,-0.066782959
6.336535334,103771.280104500,vr_world,41164,103771.261648916,0.018455959,1,0.265409000,-0.314344000,-0.333738000,0.030034383,-0.773913205,0.618755909,0.131519626,1,0.364225544,-0.153798930,-0.363470071,0.030034383,-0.773913205,0.618755909,0.131519626,41247,103771.261648916,0.018455959,1,0.450441000,0.200676000,-0.302911000,0.142007683,0.374041929,-0.914038560,-0.066782959,1,0.435586979,0.016413497,-0.347215563,0.142007683,0.374041929,-0.914038560,-0.066782959
6.347541584,103771.291110750,vr_world,41165,103771.284929333,0.006181667,1,0.265512000,-0.315278000,-0.334512000,0.032151603,-0.776671810,0.614275716,0.135692737,1,0.362627047,-0.153473827,-0.362999076,0.032151603,-0.776671810,0.614275716,0.135692737,41248,103771.284929333,0.006181667,1,0.450068000,0.201134000,-0.303604000,0.144576219,0.374908957,-0.913554457,-0.062922538,1,0.435759151,0.016445080,-0.346282903,0.144576219,0.374908957,-0.913554457,-0.062922538
6.358555667,103771.302124833,vr_world,41165,103771.284929333,0.017195750,1,0.265512000,-0.315278000,-0.334512000,0.032151603,-0.776671810,0.614275716,0.135692737,1,0.362627047,-0.153473827,-0.362999076,0.032151603,-0.776671810,0.614275716,0.135692737,41248,103771.284929333,0.017195750,1,0.450068000,0.201134000,-0.303604000,0.144576219,0.374908957,-0.913554457,-0.062922538,1,0.435759151,0.016445080,-0.346282903,0.144576219,0.374908957,-0.913554457,-0.062922538
6.370953834,103771.314523000,vr_world,41166,103771.307065125,0.007458291,1,0.265135000,-0.315965000,-0.335194000,0.034090040,-0.776685686,0.613549900,0.138397018,1,0.362072150,-0.153900812,-0.362795182,0.034090040,-0.776685686,0.613549900,0.138397018,41249,103771.307065125,0.007458291,1,0.449861000,0.202127000,-0.305477000,0.152388062,0.367026458,-0.916139779,-0.052510606,1,0.432996937,0.016528822,-0.342961882,0.152388062,0.367026458,-0.916139779,-0.052510606
6.383339167,103771.326908333,vr_world,41166,103771.307065125,0.019843500,1,0.265135000,-0.315965000,-0.335194000,0.034090040,-0.776685686,0.613549900,0.138397018,1,0.362072150,-0.153900812,-0.362795182,0.034090040,-0.776685686,0.613549900,0.138397018,41249,103771.307065125,0.019843500,1,0.449861000,0.202127000,-0.305477000,0.152388062,0.367026458,-0.916139779,-0.052510606,1,0.432996937,0.016528822,-0.342961882,0.152388062,0.367026458,-0.916139779,-0.052510606
6.393479125,103771.337048291,vr_world,41167,103771.329543291,0.007505334,1,0.265114000,-0.316727000,-0.335915000,0.037356637,-0.777632988,0.612428109,0.137197769,1,0.361907509,-0.154373032,-0.362290376,0.037356637,-0.777632988,0.612428109,0.137197769,41250,103771.329543291,0.007505334,1,0.449407000,0.202518000,-0.305942000,0.153218863,0.368136043,-0.915835477,-0.047383681,1,0.433351650,0.016502854,-0.341674141,0.153218863,0.368136043,-0.915835477,-0.047383681
6.403787500,103771.347356666,vr_world,41167,103771.329543291,0.017813834,1,0.265114000,-0.316727000,-0.335915000,0.037356637,-0.777632988,0.612428109,0.137197769,1,0.361907509,-0.154373032,-0.362290376,0.037356637,-0.777632988,0.612428109,0.137197769,41250,103771.329543291,0.017813834,1,0.449407000,0.202518000,-0.305942000,0.153218863,0.368136043,-0.915835477,-0.047383681,1,0.433351650,0.016502854,-0.341674141,0.153218863,0.368136043,-0.915835477,-0.047383681
6.416152875,103771.359722041,vr_world,41168,103771.351398208,0.008324208,1,0.265034000,-0.317164000,-0.336793000,0.039815585,-0.779198608,0.610125226,0.137882041,1,0.361100186,-0.154206124,-0.362080451,0.039815585,-0.779198608,0.610125226,0.137882041,41251,103771.351398208,0.008324208,1,0.448196000,0.202208000,-0.306805000,0.148878833,0.372764316,-0.914965343,-0.041476235,1,0.434538691,0.015820578,-0.341582059,0.148878833,0.372764316,-0.914965343,-0.041476235
6.428147584,103771.371716750,vr_world,41168,103771.351398208,0.020318875,1,0.265034000,-0.317164000,-0.336793000,0.039815585,-0.779198608,0.610125226,0.137882041,1,0.361100186,-0.154206124,-0.362080451,0.039815585,-0.779198608,0.610125226,0.137882041,41251,103771.351398208,0.020318875,1,0.448196000,0.202208000,-0.306805000,0.148878833,0.372764316,-0.914965343,-0.041476235,1,0.434538691,0.015820578,-0.341582059,0.148878833,0.372764316,-0.914965343,-0.041476235
6.439313584,103771.382882750,vr_world,41169,103771.373964958,0.008918083,1,0.264710000,-0.317491000,-0.336564000,0.040181517,-0.779338259,0.609733186,0.138718298,1,0.360634637,-0.154418928,-0.361651856,0.040181517,-0.779338259,0.609733186,0.138718298,41252,103771.373964958,0.008918083,1,0.447982000,0.202502000,-0.305665000,0.140874942,0.370825174,-0.916912703,-0.043749702,1,0.433622036,0.016539112,-0.342377258,0.140874942,0.370825174,-0.916912703,-0.043749702
6.451689834,103771.395259000,vr_world,41169,103771.373964958,0.021294625,1,0.264710000,-0.317491000,-0.336564000,0.040181517,-0.779338259,0.609733186,0.138718298,1,0.360634637,-0.154418928,-0.361651856,0.040181517,-0.779338259,0.609733186,0.138718298,41252,103771.373964958,0.021294625,1,0.447982000,0.202502000,-0.305665000,0.140874942,0.370825174,-0.916912703,-0.043749702,1,0.433622036,0.016539112,-0.342377258,0.140874942,0.370825174,-0.916912703,-0.043749702
6.464071584,103771.407640750,vr_world,41170,103771.395861833,0.011779375,1,0.264854000,-0.317863000,-0.336604000,0.040476424,-0.779700692,0.609403636,0.138042376,1,0.360683575,-0.154719906,-0.361593606,0.040476424,-0.779700692,0.609403636,0.138042376,41253,103771.395861833,0.011779375,1,0.445526000,0.201973000,-0.306437000,0.131364359,0.374608491,-0.917160803,-0.035042053,1,0.433603550,0.015615519,-0.342003424,0.131364359,0.374608491,-0.917160803,-0.035042053
6.475540375,103771.419109541,vr_world,41171,103771.418091416,0.001018542,1,0.264947000,-0.317910000,-0.335644000,0.037025679,-0.777555008,0.611917519,0.139979495,1,0.361454307,-0.155379661,-0.361981617,0.037025679,-0.777555008,0.611917519,0.139979495,41254,103771.418091416,0.001018542,1,0.442675000,0.201457000,-0.305973000,0.123097901,0.382503634,-0.915163985,-0.031823864,1,0.434412422,0.015025496,-0.342183864,0.123097901,0.382503634,-0.915163985,-0.031823864
6.487947542,103771.431516708,vr_world,41171,103771.418091416,0.013425875,1,0.264947000,-0.317910000,-0.335644000,0.037025679,-0.777555008,0.611917519,0.139979495,1,0.361454307,-0.155379661,-0.361981617,0.037025679,-0.777555008,0.611917519,0.139979495,41254,103771.418091416,0.013425875,1,0.442675000,0.201457000,-0.305973000,0.123097901,0.382503634,-0.915163985,-0.031823864,1,0.434412422,0.015025496,-0.342183864,0.123097901,0.382503634,-0.915163985,-0.031823864
6.500007667,103771.443576833,vr_world,41172,103771.440417041,0.003160000,1,0.263202000,-0.318942000,-0.332319000,0.025691864,-0.763821713,0.629915767,0.138283932,1,0.365918665,-0.161261131,-0.364091259,0.025691864,-0.763821713,0.629915767,0.138283932,41255,103771.440417041,0.003160000,1,0.441842000,0.200726000,-0.305637000,0.119757123,0.379331167,-0.917033110,-0.028572250,1,0.432657296,0.014198417,-0.341124096,0.119757123,0.379331167,-0.917033110,-0.028572250
6.511719875,103771.455289041,vr_world,41172,103771.440417041,0.014872584,1,0.263202000,-0.318942000,-0.332319000,0.025691864,-0.763821713,0.629915767,0.138283932,1,0.365918665,-0.161261131,-0.364091259,0.025691864,-0.763821713,0.629915767,0.138283932,41255,103771.440417041,0.014872584,1,0.441842000,0.200726000,-0.305637000,0.119757123,0.379331167,-0.917033110,-0.028572250,1,0.432657296,0.014198417,-0.341124096,0.119757123,0.379331167,-0.917033110,-0.028572250
6.524131459,103771.467700625,vr_world,41173,103771.462920708,0.004780458,1,0.262151000,-0.322028000,-0.327561000,0.005753834,-0.746371585,0.650333331,0.141290160,1,0.370931398,-0.170508073,-0.367959005,0.005753834,-0.746371585,0.650333331,0.141290160,41256,103771.462920708,0.004780458,1,0.438639000,0.201093000,-0.304113000,0.109945283,0.388005663,-0.914714229,-0.025720031,1,0.433495982,0.014597126,-0.340569094,0.109945283,0.388005663,-0.914714229,-0.025720031
6.534278667,103771.477847833,vr_world,41173,103771.462920708,0.014927583,1,0.262151000,-0.322028000,-0.327561000,0.005753834,-0.746371585,0.650333331,0.141290160,1,0.370931398,-0.170508073,-0.367959005,0.005753834,-0.746371585,0.650333331,0.141290160,41256,103771.462920708,0.014927583,1,0.438639000,0.201093000,-0.304113000,0.109945283,0.388005663,-0.914714229,-0.025720031,1,0.433495982,0.014597126,-0.340569094,0.109945283,0.388005663,-0.914714229,-0.025720031
6.546692250,103771.490261416,vr_world,41174,103771.485631750,0.004629916,1,0.260586000,-0.328505000,-0.323057000,0.016919677,0.731441074,-0.665664161,-0.146965658,1,0.372794782,-0.182325704,-0.372698331,0.016919677,0.731441074,-0.665664161,-0.146965658,41257,103771.485631750,0.004629916,1,0.435806000,0.201228000,-0.301176000,0.096346198,0.403249059,-0.909483252,-0.030786687,1,0.437066835,0.015580005,-0.342035156,0.096346198,0.403249059,-0.909483252,-0.030786687
6.559107917,103771.502677083,vr_world,41174,103771.485631750,0.017045750,1,0.260586000,-0.328505000,-0.323057000,0.016919677,0.731441074,-0.665664161,-0.146965658,1,0.372794782,-0.182325704,-0.372698331,0.016919677,0.731441074,-0.665664161,-0.146965658,41257,103771.485631750,0.017045750,1,0.435806000,0.201228000,-0.301176000,0.096346198,0.403249059,-0.909483252,-0.030786687,1,0.437066835,0.015580005,-0.342035156,0.096346198,0.403249059,-0.909483252,-0.030786687
6.571499750,103771.515068916,vr_world,41175,103771.508043416,0.007025875,1,0.256023000,-0.334981000,-0.320784000,0.018326171,0.720704364,-0.674652570,-0.158408590,1,0.371128485,-0.191408550,-0.371391425,0.018326171,0.720704364,-0.674652570,-0.158408590,41258,103771.508043416,0.007025875,1,0.436081000,0.202016000,-0.299589000,0.084915139,0.401485020,-0.911407053,-0.030600353,1,0.437217815,0.016712179,-0.341984911,0.084915139,0.401485020,-0.911407053,-0.030600353
6.583919834,103771.527489000,vr_world,41175,103771.508043416,0.019446167,1,0.256023000,-0.334981000,-0.320784000,0.018326171,0.720704364,-0.674652570,-0.158408590,1,0.371128485,-0.191408550,-0.371391425,0.018326171,0.720704364,-0.674652570,-0.158408590,41258,103771.508043416,0.019446167,1,0.436081000,0.202016000,-0.299589000,0.084915139,0.401485020,-0.911407053,-0.030600353,1,0.437217815,0.016712179,-0.341984911,0.084915139,0.401485020,-0.911407053,-0.030600353
6.595531084,103771.539100250,vr_world,41176,103771.529855416,0.009245167,1,0.248063000,-0.344624000,-0.318572000,0.004608671,0.703510488,-0.691815147,-0.162614750,1,0.370933544,-0.206347491,-0.365539131,0.004608671,0.703510488,-0.691815147,-0.162614750,41259,103771.529855416,0.009245167,1,0.434942000,0.204688000,-0.296735000,0.069949292,0.408038978,-0.909574172,-0.035862449,1,0.439253512,0.020431432,-0.343287766,0.069949292,0.408038978,-0.909574172,-0.035862449
6.607942334,103771.551511500,vr_world,41176,103771.529855416,0.021656459,1,0.248063000,-0.344624000,-0.318572000,0.004608671,0.703510488,-0.691815147,-0.162614750,1,0.370933544,-0.206347491,-0.365539131,0.004608671,0.703510488,-0.691815147,-0.162614750,41259,103771.529855416,0.021656459,1,0.434942000,0.204688000,-0.296735000,0.069949292,0.408038978,-0.909574172,-0.035862449,1,0.439253512,0.020431432,-0.343287766,0.069949292,0.408038978,-0.909574172,-0.035862449
6.620358375,103771.563927541,vr_world,41177,103771.552704041,0.011224084,1,0.240569000,-0.350071000,-0.316864000,0.005267967,-0.693698898,0.703307358,0.155283117,1,0.368874553,-0.215929443,-0.361216759,0.005267967,-0.693698898,0.703307358,0.155283117,41260,103771.552704041,0.011224084,1,0.434706000,0.206066000,-0.295268000,0.064278399,0.410391883,-0.908869059,-0.037467634,1,0.440224053,0.022204905,-0.343235320,0.064278399,0.410391883,-0.908869059,-0.037467634
6.632732417,103771.576301583,vr_world,41178,103771.575635416,0.000666459,1,0.229792000,-0.358301000,-0.311503000,0.011101550,-0.672000926,0.726272640,0.144289862,1,0.367162275,-0.233338208,-0.355515861,0.011101550,-0.672000926,0.726272640,0.144289862,41261,103771.575635416,0.000666459,1,0.434049000,0.208333000,-0.293176000,0.048757814,0.408678124,-0.910579556,-0.038075443,1,0.439875844,0.025102255,-0.343462940,0.048757814,0.408678124,-0.910579556,-0.038075443
6.645150084,103771.588719250,vr_world,41178,103771.575635416,0.013084125,1,0.229792000,-0.358301000,-0.311503000,0.011101550,-0.672000926,0.726272640,0.144289862,1,0.367162275,-0.233338208,-0.355515861,0.011101550,-0.672000926,0.726272640,0.144289862,41261,103771.575635416,0.013084125,1,0.434049000,0.208333000,-0.293176000,0.048757814,0.408678124,-0.910579556,-0.038075443,1,0.439875844,0.025102255,-0.343462940,0.048757814,0.408678124,-0.910579556,-0.038075443
6.657563750,103771.601132916,vr_world,41179,103771.598620583,0.002512917,1,0.218652000,-0.364926000,-0.306798000,0.021359369,-0.655650565,0.743889198,0.127651771,1,0.363541829,-0.247774470,-0.348100068,0.021359369,-0.655650565,0.743889198,0.127651771,41262,103771.598620583,0.002512917,1,0.431387000,0.210726000,-0.292715000,0.029293275,0.414385750,-0.909003831,-0.033740038,1,0.441158491,0.028020895,-0.344286006,0.029293275,0.414385750,-0.909003831,-0.033740038
6.669975584,103771.613544750,vr_world,41179,103771.598620583,0.014924750,1,0.218652000,-0.364926000,-0.306798000,0.021359369,-0.655650565,0.743889198,0.127651771,1,0.363541829,-0.247774470,-0.348100068,0.021359369,-0.655650565,0.743889198,0.127651771,41262,103771.598620583,0.014924750,1,0.431387000,0.210726000,-0.292715000,0.029293275,0.414385750,-0.909003831,-0.033740038,1,0.441158491,0.028020895,-0.344286006,0.029293275,0.414385750,-0.909003831,-0.033740038
6.681959042,103771.625528208,vr_world,41180,103771.620881000,0.004647500,1,0.213656000,-0.367465000,-0.304100000,0.030974481,-0.655055384,0.745597515,0.118437204,1,0.360276174,-0.251243874,-0.341764743,0.030974481,-0.655055384,0.745597515,0.118437204,41263,103771.620881000,0.004647500,1,0.430927000,0.210677000,-0.292737000,0.017647647,0.411309330,-0.910701039,-0.033716648,1,0.440380925,0.028384297,-0.345805316,0.017647647,0.411309330,-0.910701039,-0.033716648
6.692149750,103771.635718916,vr_world,41180,103771.620881000,0.014838458,1,0.213656000,-0.367465000,-0.304100000,0.030974481,-0.655055384,0.745597515,0.118437204,1,0.360276174,-0.251243874,-0.341764743,0.030974481,-0.655055384,0.745597515,0.118437204,41263,103771.620881000,0.014838458,1,0.430927000,0.210677000,-0.292737000,0.017647647,0.411309330,-0.910701039,-0.033716648,1,0.440380925,0.028384297,-0.345805316,0.017647647,0.411309330,-0.910701039,-0.033716648
6.702815375,103771.646384541,vr_world,41181,103771.643038333,0.003346792,1,0.206804000,-0.371741000,-0.298321000,0.049196112,-0.649584704,0.750639525,0.110271295,1,0.356922024,-0.258053988,-0.329358002,0.049196112,-0.649584704,0.750639525,0.110271295,41264,103771.643038333,0.003346792,1,0.428504000,0.210281000,-0.292885000,0.004271564,-0.414814894,0.909145905,0.036933457,1,0.441123675,0.029383553,-0.349920724,0.004271564,-0.414814894,0.909145905,0.036933457
6.715042375,103771.658611541,vr_world,41181,103771.643038333,0.015573625,1,0.206804000,-0.371741000,-0.298321000,0.049196112,-0.649584704,0.750639525,0.110271295,1,0.356922024,-0.258053988,-0.329358002,0.049196112,-0.649584704,0.750639525,0.110271295,41264,103771.643038333,0.015573625,1,0.428504000,0.210281000,-0.292885000,0.004271564,-0.414814894,0.909145905,0.036933457,1,0.441123675,0.029383553,-0.349920724,0.004271564,-0.414814894,0.909145905,0.036933457
6.725557584,103771.669126750,vr_world,41182,103771.665787541,0.003339542,1,0.206697000,-0.372521000,-0.293911000,0.061228191,-0.659210314,0.740958479,0.112576207,1,0.354482933,-0.254590722,-0.319895846,0.061228191,-0.659210314,0.740958479,0.112576207,41265,103771.665787541,0.003339542,1,0.426735000,0.208945000,-0.293650000,0.021347711,-0.414992526,0.908688852,0.040125405,1,0.440925699,0.029213789,-0.353912065,0.021347711,-0.414992526,0.908688852,0.040125405
6.737977917,103771.681547083,vr_world,41182,103771.665787541,0.015759917,1,0.206697000,-0.372521000,-0.293911000,0.061228191,-0.659210314,0.740958479,0.112576207,1,0.354482933,-0.254590722,-0.319895846,0.061228191,-0.659210314,0.740958479,0.112576207,41265,103771.665787541,0.015759917,1,0.426735000,0.208945000,-0.293650000,0.021347711,-0.414992526,0.908688852,0.040125405,1,0.440925699,0.029213789,-0.353912065,0.021347711,-0.414992526,0.908688852,0.040125405
6.750080917,103771.693650083,vr_world,41183,103771.688315916,0.005334625,1,0.206682000,-0.372915000,-0.285591000,0.077511047,-0.676358916,0.723495044,0.114392197,1,0.349620323,-0.247859363,-0.304383405,0.077511047,-0.676358916,0.723495044,0.114392197,41266,103771.688315916,0.005334625,1,0.423328000,0.207272000,-0.296090000,0.047412540,-0.414843409,0.907965123,0.035444794,1,0.440297933,0.028315594,-0.357919605,0.047412540,-0.414843409,0.907965123,0.035444794
6.761123834,103771.704693000,vr_world,41183,103771.688315916,0.016378917,1,0.206682000,-0.372915000,-0.285591000,0.077511047,-0.676358916,0.723495044,0.114392197,1,0.349620323,-0.247859363,-0.304383405,0.077511047,-0.676358916,0.723495044,0.114392197,41266,103771.688315916,0.016378917,1,0.423328000,0.207272000,-0.296090000,0.047412540,-0.414843409,0.907965123,0.035444794,1,0.440297933,0.028315594,-0.357919605,0.047412540,-0.414843409,0.907965123,0.035444794
6.773201667,103771.716770833,vr_world,41184,103771.710554458,0.006217417,1,0.210153000,-0.368831000,-0.275461000,0.082389261,-0.691461956,0.708723512,0.113151918,1,0.348156593,-0.237979360,-0.291470958,0.082389261,-0.691461956,0.708723512,0.113151918,41267,103771.710554458,0.006217417,1,0.420252000,0.204942000,-0.298182000,0.068353311,-0.408680545,0.909630434,0.029673390,1,0.437232980,0.026195201,-0.360611366,0.068353311,-0.408680545,0.909630434,0.029673390
6.785586334,103771.729155500,vr_world,41184,103771.710554458,0.018601708,1,0.210153000,-0.368831000,-0.275461000,0.082389261,-0.691461956,0.708723512,0.113151918,1,0.348156593,-0.237979360,-0.291470958,0.082389261,-0.691461956,0.708723512,0.113151918,41267,103771.710554458,0.018601708,1,0.420252000,0.204942000,-0.298182000,0.068353311,-0.408680545,0.909630434,0.029673390,1,0.437232980,0.026195201,-0.360611366,0.068353311,-0.408680545,0.909630434,0.029673390
6.795699417,103771.739268583,vr_world,41185,103771.733491458,0.005778292,1,0.215679000,-0.362746000,-0.267698000,0.067934461,-0.700824703,0.701917367,0.107432097,1,0.350200128,-0.229005716,-0.288698857,0.067934461,-0.700824703,0.701917367,0.107432097,41268,103771.733491458,0.005778292,1,0.418429000,0.204404000,-0.300695000,0.074635329,-0.395169303,0.915464418,0.013988881,1,0.431049932,0.023864661,-0.358854179,0.074635329,-0.395169303,0.915464418,0.013988881
6.808054709,103771.751623875,vr_world,41185,103771.733491458,0.018133792,1,0.215679000,-0.362746000,-0.267698000,0.067934461,-0.700824703,0.701917367,0.107432097,1,0.350200128,-0.229005716,-0.288698857,0.067934461,-0.700824703,0.701917367,0.107432097,41268,103771.733491458,0.018133792,1,0.418429000,0.204404000,-0.300695000,0.074635329,-0.395169303,0.915464418,0.013988881,1,0.431049932,0.023864661,-0.358854179,0.074635329,-0.395169303,0.915464418,0.013988881
6.820149584,103771.763718750,vr_world,41186,103771.755351541,0.008368042,1,0.222816000,-0.353313000,-0.254376000,0.044017231,-0.717958556,0.688384393,0.093407300,1,0.350825859,-0.214820981,-0.283648376,0.044017231,-0.717958556,0.688384393,0.093407300,41269,103771.755351541,0.008368042,1,0.414574000,0.202035000,-0.302705000,0.093032666,-0.375701138,0.922006767,-0.009853913,1,0.421875639,0.019582390,-0.355562613,0.093032666,-0.375701138,0.922006767,-0.009853913
6.832545084,103771.776114250,vr_world,41186,103771.755351541,0.020763292,1,0.222816000,-0.353313000,-0.254376000,0.044017231,-0.717958556,0.688384393,0.093407300,1,0.350825859,-0.214820981,-0.283648376,0.044017231,-0.717958556,0.688384393,0.093407300,41269,103771.755351541,0.020763292,1,0.414574000,0.202035000,-0.302705000,0.093032666,-0.375701138,0.922006767,-0.009853913,1,0.421875639,0.019582390,-0.355562613,0.093032666,-0.375701138,0.922006767,-0.009853913
6.844772375,103771.788341541,vr_world,41187,103771.778318791,0.010023542,1,0.231819000,-0.341439000,-0.241678000,0.021653555,-0.735052365,0.673332150,0.076504634,1,0.353033116,-0.198778361,-0.278806663,0.021653555,-0.735052365,0.673332150,0.076504634,41270,103771.778318791,0.010023542,1,0.410347000,0.198582000,-0.303023000,0.110839842,-0.363539742,0.924437348,-0.031128364,1,0.415002854,0.014772051,-0.351277030,0.110839842,-0.363539742,0.924437348,-0.031128364
6.857173917,103771.800743083,vr_world,41188,103771.800634833,0.000108833,1,0.237257000,-0.334625000,-0.235375000,0.010559547,-0.750072541,0.657683133,0.068793721,1,0.351986830,-0.187674286,-0.276191884,0.010559547,-0.750072541,0.657683133,0.068793721,41271,103771.800634833,0.000108833,1,0.408562000,0.195281000,-0.298810000,0.120455750,-0.355582676,0.926429458,-0.027925468,1,0.411261600,0.012150466,-0.349722870,0.120455750,-0.355582676,0.926429458,-0.027925468
6.869584417,103771.813153583,vr_world,41188,103771.800634833,0.012519375,1,0.237257000,-0.334625000,-0.235375000,0.010559547,-0.750072541,0.657683133,0.068793721,1,0.351986830,-0.187674286,-0.276191884,0.010559547,-0.750072541,0.657683133,0.068793721,41271,103771.800634833,0.012519375,1,0.408562000,0.195281000,-0.298810000,0.120455750,-0.355582676,0.926429458,-0.027925468,1,0.411261600,0.012150466,-0.349722870,0.120455750,-0.355582676,0.926429458,-0.027925468
6.881992292,103771.825561458,vr_world,41189,103771.822628291,0.002933709,1,0.248450000,-0.322994000,-0.224642000,0.002705696,0.775946484,-0.628012587,-0.059160156,1,0.351139952,-0.168568577,-0.269708654,0.002705696,0.775946484,-0.628012587,-0.059160156,41272,103771.822628291,0.002933709,1,0.404227000,0.190949000,-0.294558000,0.147874229,-0.338244798,0.928773770,-0.033210741,1,0.403662645,0.008514011,-0.347975123,0.147874229,-0.338244798,0.928773770,-0.033210741
6.892256834,103771.835826000,vr_world,41189,103771.822628291,0.013202084,1,0.248450000,-0.322994000,-0.224642000,0.002705696,0.775946484,-0.628012587,-0.059160156,1,0.351139952,-0.168568577,-0.269708654,0.002705696,0.775946484,-0.628012587,-0.059160156,41272,103771.822628291,0.013202084,1,0.404227000,0.190949000,-0.294558000,0.147874229,-0.338244798,0.928773770,-0.033210741,1,0.403662645,0.008514011,-0.347975123,0.147874229,-0.338244798,0.928773770,-0.033210741
6.902817834,103771.846387000,vr_world,41190,103771.844839625,0.001548041,1,0.254107000,-0.315988000,-0.219775000,0.006077863,0.788467757,-0.612544611,-0.055414401,1,0.350657832,-0.157928173,-0.265801701,0.006077863,0.788467757,-0.612544611,-0.055414401,41273,103771.844839625,0.001548041,1,0.401017000,0.188233000,-0.290960000,0.168241718,-0.335557363,0.926223939,-0.034715931,1,0.402190326,0.006429710,-0.346479464,0.168241718,-0.335557363,0.926223939,-0.034715931
6.915226917,103771.858796083,vr_world,41190,103771.844839625,0.013956833,1,0.254107000,-0.315988000,-0.219775000,0.006077863,0.788467757,-0.612544611,-0.055414401,1,0.350657832,-0.157928173,-0.265801701,0.006077863,0.788467757,-0.612544611,-0.055414401,41273,103771.844839625,0.013956833,1,0.401017000,0.188233000,-0.290960000,0.168241718,-0.335557363,0.926223939,-0.034715931,1,0.402190326,0.006429710,-0.346479464,0.168241718,-0.335557363,0.926223939,-0.034715931
6.927637250,103771.871206416,vr_world,41191,103771.867409125,0.003797750,1,0.265501000,-0.304459000,-0.209894000,0.018957217,0.812763063,-0.580325380,-0.047741808,1,0.348745627,-0.140258531,-0.260212719,0.018957217,0.812763063,-0.580325380,-0.047741808,41274,103771.867409125,0.003797750,1,0.397301000,0.184327000,-0.285241000,0.196838047,-0.319188538,0.926144495,-0.040371205,1,0.396288220,0.003329305,-0.343336322,0.196838047,-0.319188538,0.926144495,-0.040371205
6.940059834,103771.883629000,vr_world,41191,103771.867409125,0.016220291,1,0.265501000,-0.304459000,-0.209894000,0.018957217,0.812763063,-0.580325380,-0.047741808,1,0.348745627,-0.140258531,-0.260212719,0.018957217,0.812763063,-0.580325380,-0.047741808,41274,103771.867409125,0.016220291,1,0.397301000,0.184327000,-0.285241000,0.196838047,-0.319188538,0.926144495,-0.040371205,1,0.396288220,0.003329305,-0.343336322,0.196838047,-0.319188538,0.926144495,-0.040371205
6.952465917,103771.896035083,vr_world,41192,103771.890522750,0.005512875,1,0.278067000,-0.292918000,-0.200227000,0.034758083,0.835380292,-0.546647924,-0.045909585,1,0.346766791,-0.123694083,-0.255607876,0.034758083,0.835380292,-0.546647924,-0.045909585,41275,103771.890522750,0.005512875,1,0.393095000,0.180528000,-0.279761000,0.226444161,-0.298374462,0.925819691,-0.050533373,1,0.388580043,0.000127083,-0.339521689,0.226444161,-0.298374462,0.925819691,-0.050533373
6.964151500,103771.907720666,vr_world,41192,103771.890522750,0.017198208,1,0.278067000,-0.292918000,-0.200227000,0.034758083,0.835380292,-0.546647924,-0.045909585,1,0.346766791,-0.123694083,-0.255607876,0.034758083,0.835380292,-0.546647924,-0.045909585,41275,103771.890522750,0.017198208,1,0.393095000,0.180528000,-0.279761000,0.226444161,-0.298374462,0.925819691,-0.050533373,1,0.388580043,0.000127083,-0.339521689,0.226444161,-0.298374462,0.925819691,-0.050533373
6.975558000,103771.919127166,vr_world,41193,103771.912204375,0.006923375,1,0.284982000,-0.286486000,-0.195027000,0.045311805,0.845262455,-0.530287267,-0.047682666,1,0.346208693,-0.115498898,-0.253662879,0.045311805,0.845262455,-0.530287267,-0.047682666,41276,103771.912204375,0.006923375,1,0.390615000,0.178089000,-0.276036000,0.242531225,-0.294893822,0.922724511,-0.052874532,1,0.387363627,-0.001901832,-0.337101214,0.242531225,-0.294893822,0.922724511,-0.052874532
6.987962667,103771.931531833,vr_world,41193,103771.912204375,0.019327791,1,0.284982000,-0.286486000,-0.195027000,0.045311805,0.845262455,-0.530287267,-0.047682666,1,0.346208693,-0.115498898,-0.253662879,0.045311805,0.845262455,-0.530287267,-0.047682666,41276,103771.912204375,0.019327791,1,0.390615000,0.178089000,-0.276036000,0.242531225,-0.294893822,0.922724511,-0.052874532,1,0.387363627,-0.001901832,-0.337101214,0.242531225,-0.294893822,0.922724511,-0.052874532
7.000365459,103771.943934625,vr_world,41194,103771.933970875,0.009964000,1,0.296920000,-0.275439000,-0.187147000,0.059596754,0.861881036,-0.501084350,-0.050237252,1,0.345152297,-0.101762359,-0.249864561,0.059596754,0.861881036,-0.501084350,-0.050237252,41277,103771.933970875,0.009964000,1,0.388411000,0.174594000,-0.268459000,0.266173203,-0.272844900,0.923116081,-0.050637811,1,0.381309567,-0.003365704,-0.334913082,0.266173203,-0.272844900,0.923116081,-0.050637811
7.012341125,103771.955910291,vr_world,41194,103771.933970875,0.021939875,1,0.296920000,-0.275439000,-0.187147000,0.059596754,0.861881036,-0.501084350,-0.050237252,1,0.345152297,-0.101762359,-0.249864561,0.059596754,0.861881036,-0.501084350,-0.050237252,41277,103771.933970875,0.021939875,1,0.388411000,0.174594000,-0.268459000,0.266173203,-0.272844900,0.923116081,-0.050637811,1,0.381309567,-0.003365704,-0.334913082,0.266173203,-0.272844900,0.923116081,-0.050637811
7.024747459,103771.968316625,vr_world,41195,103771.956393458,0.011923542,1,0.303476000,-0.270446000,-0.184885000,0.060956265,0.870951944,-0.484370606,-0.055786749,1,0.344427193,-0.094728781,-0.247093516,0.060956265,0.870951944,-0.484370606,-0.055786749,41278,103771.956393458,0.011923542,1,0.386143000,0.173320000,-0.265005000,0.277805286,-0.261290200,0.923019851,-0.050852815,1,0.376996280,-0.003657606,-0.333790651,0.277805286,-0.261290200,0.923019851,-0.050852815
7.036177959,103771.979747125,vr_world,41196,103771.979281708,0.000465875,1,0.316036000,-0.259953000,-0.179504000,0.069071002,0.886240244,-0.453596824,-0.063697318,1,0.343404009,-0.081972929,-0.242730033,0.069071002,0.886240244,-0.453596824,-0.063697318,41279,103771.979281708,0.000465875,1,0.382994000,0.171429000,-0.259210000,0.299901914,-0.245185214,0.920011734,-0.059341913,1,0.371805522,-0.004923177,-0.329287863,0.299901914,-0.245185214,0.920011734,-0.059341913
7.048601625,103771.992170791,vr_world,41196,103771.979281708,0.012898542,1,0.316036000,-0.259953000,-0.179504000,0.069071002,0.886240244,-0.453596824,-0.063697318,1,0.343404009,-0.081972929,-0.242730033,0.069071002,0.886240244,-0.453596824,-0.063697318,41279,103771.979281708,0.012898542,1,0.382994000,0.171429000,-0.259210000,0.299901914,-0.245185214,0.920011734,-0.059341913,1,0.371805522,-0.004923177,-0.329287863,0.299901914,-0.245185214,0.920011734,-0.059341913
7.060996792,103772.004565958,vr_world,41197,103772.001782208,0.002785083,1,0.328633000,-0.248272000,-0.174297000,0.083019470,0.898123307,-0.425412194,-0.074207537,1,0.342935839,-0.069661263,-0.240001104,0.083019470,0.898123307,-0.425412194,-0.074207537,41280,103772.001782208,0.002785083,1,0.380846000,0.169002000,-0.252386000,0.313930752,-0.222959749,0.920735725,-0.063104347,1,0.364442646,-0.005816918,-0.325224930,0.313930752,-0.222959749,0.920735725,-0.063104347
7.073350084,103772.016919250,vr_world,41197,103772.001782208,0.015137625,1,0.328633000,-0.248272000,-0.174297000,0.083019470,0.898123307,-0.425412194,-0.074207537,1,0.342935839,-0.069661263,-0.240001104,0.083019470,0.898123307,-0.425412194,-0.074207537,41280,103772.001782208,0.015137625,1,0.380846000,0.169002000,-0.252386000,0.313930752,-0.222959749,0.920735725,-0.063104347,1,0.364442646,-0.005816918,-0.325224930,0.313930752,-0.222959749,0.920735725,-0.063104347
7.085746750,103772.029315916,vr_world,41198,103772.023918500,0.005397958,1,0.334950000,-0.240803000,-0.172195000,0.093282868,0.901778653,-0.414177851,-0.080933773,1,0.343546658,-0.062617771,-0.240015068,0.093282868,0.901778653,-0.414177851,-0.080933773,41281,103772.023918500,0.005397958,1,0.378196000,0.168652000,-0.249412000,0.317720221,-0.218309277,0.920466934,-0.064308194,1,0.360874095,-0.005847298,-0.322802485,0.317720221,-0.218309277,0.920466934,-0.064308194
7.096734709,103772.040303875,vr_world,41198,103772.023918500,0.016388083,1,0.334950000,-0.240803000,-0.172195000,0.093282868,0.901778653,-0.414177851,-0.080933773,1,0.343546658,-0.062617771,-0.240015068,0.093282868,0.901778653,-0.414177851,-0.080933773,41281,103772.023918500,0.016388083,1,0.378196000,0.168652000,-0.249412000,0.317720221,-0.218309277,0.920466934,-0.064308194,1,0.360874095,-0.005847298,-0.322802485,0.317720221,-0.218309277,0.920466934,-0.064308194
7.108152792,103772.051721958,vr_world,41199,103772.045886791,0.005835750,1,0.345276000,-0.229321000,-0.168373000,0.110789264,0.907475300,-0.395799835,-0.086929905,1,0.344900712,-0.052550776,-0.240314478,0.110789264,0.907475300,-0.395799835,-0.086929905,41282,103772.045886791,0.005835750,1,0.375474000,0.167768000,-0.243794000,0.329853556,-0.206196986,0.918501452,-0.070954336,1,0.356018331,-0.006250813,-0.317788551,0.329853556,-0.206196986,0.918501452,-0.070954336
7.120575500,103772.064144666,vr_world,41199,103772.045886791,0.018258667,1,0.345276000,-0.229321000,-0.168373000,0.110789264,0.907475300,-0.395799835,-0.086929905,1,0.344900712,-0.052550776,-0.240314478,0.110789264,0.907475300,-0.395799835,-0.086929905,41282,103772.045886791,0.018258667,1,0.375474000,0.167768000,-0.243794000,0.329853556,-0.206196986,0.918501452,-0.070954336,1,0.356018331,-0.006250813,-0.317788551,0.329853556,-0.206196986,0.918501452,-0.070954336
7.132997167,103772.076566333,vr_world,41200,103772.068093541,0.008473292,1,0.349962000,-0.223203000,-0.168468000,0.114120282,0.908758444,-0.391247885,-0.089776075,1,0.347337023,-0.046642730,-0.240876573,0.114120282,0.908758444,-0.391247885,-0.089776075,41283,103772.068093541,0.008473292,1,0.374359000,0.167530000,-0.240651000,0.333150216,-0.198321381,0.919044889,-0.070965169,1,0.352941435,-0.005704333,-0.315933017,0.333150216,-0.198321381,0.919044889,-0.070965169
7.145404292,103772.088973458,vr_world,41200,103772.068093541,0.020880334,1,0.349962000,-0.223203000,-0.168468000,0.114120282,0.908758444,-0.391247885,-0.089776075,1,0.347337023,-0.046642730,-0.240876573,0.114120282,0.908758444,-0.391247885,-0.089776075,41283,103772.068093541,0.020880334,1,0.374359000,0.167530000,-0.240651000,0.333150216,-0.198321381,0.919044889,-0.070965169,1,0.352941435,-0.005704333,-0.315933017,0.333150216,-0.198321381,0.919044889,-0.070965169
7.157835125,103772.101404291,vr_world,41201,103772.090866791,0.010540084,1,0.360360000,-0.211683000,-0.166778000,0.128647279,0.915184557,-0.369327429,-0.097387655,1,0.347549662,-0.036583833,-0.241608559,0.128647279,0.915184557,-0.369327429,-0.097387655,41284,103772.090866791,0.010540084,1,0.371239000,0.167312000,-0.235874000,0.343148989,-0.191513868,0.916258957,-0.077722153,1,0.349106158,-0.005930923,-0.310928736,0.343148989,-0.191513868,0.916258957,-0.077722153
7.170256959,103772.113826125,vr_world,41202,103772.113207500,0.000619166,1,0.370315000,-0.200813000,-0.167084000,0.138556135,0.921644676,-0.345400801,-0.109870725,1,0.346624840,-0.026771092,-0.241727291,0.138556135,0.921644676,-0.345400801,-0.109870725,41285,103772.113207500,0.000619166,1,0.369107000,0.167217000,-0.230796000,0.352513892,-0.182535743,0.914008845,-0.083680881,1,0.345502250,-0.005723467,-0.306099443,0.352513892,-0.182535743,0.914008845,-0.083680881
7.182695917,103772.126265083,vr_world,41202,103772.113207500,0.013059208,1,0.370315000,-0.200813000,-0.167084000,0.138556135,0.921644676,-0.345400801,-0.109870725,1,0.346624840,-0.026771092,-0.241727291,0.138556135,0.921644676,-0.345400801,-0.109870725,41285,103772.113207500,0.013059208,1,0.369107000,0.167217000,-0.230796000,0.352513892,-0.182535743,0.914008845,-0.083680881,1,0.345502250,-0.005723467,-0.306099443,0.352513892,-0.182535743,0.914008845,-0.083680881
7.195094417,103772.138663583,vr_world,41203,103772.135695666,0.002968542,1,0.374585000,-0.194468000,-0.167150000,0.150530845,0.922110142,-0.337851497,-0.113620932,1,0.346848864,-0.022177275,-0.244416010,0.150530845,0.922110142,-0.337851497,-0.113620932,41286,103772.135695666,0.002968542,1,0.368209000,0.167282000,-0.228386000,0.354797267,-0.179939433,0.913492029,-0.085281964,1,0.344105976,-0.005558343,-0.303761674,0.354797267,-0.179939433,0.913492029,-0.085281964
7.207513542,103772.151082708,vr_world,41203,103772.135695666,0.015387959,1,0.374585000,-0.194468000,-0.167150000,0.150530845,0.922110142,-0.337851497,-0.113620932,1,0.346848864,-0.022177275,-0.244416010,0.150530845,0.922110142,-0.337851497,-0.113620932,41286,103772.135695666,0.015387959,1,0.368209000,0.167282000,-0.228386000,0.354797267,-0.179939433,0.913492029,-0.085281964,1,0.344105976,-0.005558343,-0.303761674,0.354797267,-0.179939433,0.913492029,-0.085281964
7.219933834,103772.163503000,vr_world,41204,103772.157799500,0.005703958,1,0.382530000,-0.183714000,-0.167660000,0.170034755,0.923575701,-0.322219866,-0.119459052,1,0.347002659,-0.014672579,-0.248815546,0.170034755,0.923575701,-0.322219866,-0.119459052,41287,103772.157799500,0.005703958,1,0.365716000,0.167371000,-0.223941000,0.361400347,-0.177480066,0.911110673,-0.088136017,1,0.341975556,-0.005473956,-0.299421245,0.361400347,-0.177480066,0.911110673,-0.088136017
7.232346084,103772.175915250,vr_world,41204,103772.157799500,0.018116416,1,0.382530000,-0.183714000,-0.167660000,0.170034755,0.923575701,-0.322219866,-0.119459052,1,0.347002659,-0.014672579,-0.248815546,0.170034755,0.923575701,-0.322219866,-0.119459052,41287,103772.157799500,0.018116416,1,0.365716000,0.167371000,-0.223941000,0.361400347,-0.177480066,0.911110673,-0.088136017,1,0.341975556,-0.005473956,-0.299421245,0.361400347,-0.177480066,0.911110673,-0.088136017
7.244767792,103772.188336958,vr_world,41205,103772.181326083,0.007015958,1,0.389917000,-0.173789000,-0.169278000,0.182494202,0.927021107,-0.301994431,-0.126992507,1,0.345392671,-0.007341350,-0.251352215,0.182494202,0.927021107,-0.301994431,-0.126992507,41288,103772.181326083,0.007015958,1,0.363907000,0.167918000,-0.220240000,0.366509456,-0.172705616,0.909353753,-0.094442261,1,0.339162750,-0.005133239,-0.294920840,0.366509456,-0.172705616,0.909353753,-0.094442261
7.257166375,103772.200735541,vr_world,41205,103772.181326083,0.019412250,1,0.389917000,-0.173789000,-0.169278000,0.182494202,0.927021107,-0.301994431,-0.126992507,1,0.345392671,-0.007341350,-0.251352215,0.182494202,0.927021107,-0.301994431,-0.126992507,41288,103772.181326083,0.019412250,1,0.363907000,0.167918000,-0.220240000,0.366509456,-0.172705616,0.909353753,-0.094442261,1,0.339162750,-0.005133239,-0.294920840,0.366509456,-0.172705616,0.909353753,-0.094442261
7.269573625,103772.213142791,vr_world,41206,103772.203262583,0.009881167,1,0.392662000,-0.169253000,-0.171033000,0.183885255,0.928972041,-0.293409548,-0.130797540,1,0.344609026,-0.003335527,-0.252185594,0.183885255,0.928972041,-0.293409548,-0.130797540,41289,103772.203262583,0.009881167,1,0.363575000,0.168057000,-0.218423000,0.366797702,-0.169162903,0.909669062,-0.096672416,1,0.337553171,-0.004884783,-0.292922853,0.366797702,-0.169162903,0.909669062,-0.096672416
7.281489042,103772.225058208,vr_world,41206,103772.203262583,0.021796292,1,0.392662000,-0.169253000,-0.171033000,0.183885255,0.928972041,-0.293409548,-0.130797540,1,0.344609026,-0.003335527,-0.252185594,0.183885255,0.928972041,-0.293409548,-0.130797540,41289,103772.203262583,0.021796292,1,0.363575000,0.168057000,-0.218423000,0.366797702,-0.169162903,0.909669062,-0.096672416,1,0.337553171,-0.004884783,-0.292922853,0.366797702,-0.169162903,0.909669062,-0.096672416
7.292234709,103772.235803875,vr_world,41207,103772.225811625,0.010011041,1,0.398719000,-0.161417000,-0.172092000,0.195780815,0.930648779,-0.277214027,-0.136803165,1,0.343471126,0.001727499,-0.254280997,0.195780815,0.930648779,-0.277214027,-0.136803165,41290,103772.225811625,0.010011041,1,0.361590000,0.168234000,-0.215119000,0.370732000,-0.165295020,0.908469589,-0.099590895,1,0.334911123,-0.004598876,-0.289639048,0.370732000,-0.165295020,0.908469589,-0.099590895
7.304611334,103772.248180500,vr_world,41207,103772.225811625,0.022370041,1,0.398719000,-0.161417000,-0.172092000,0.195780815,0.930648779,-0.277214027,-0.136803165,1,0.343471126,0.001727499,-0.254280997,0.195780815,0.930648779,-0.277214027,-0.136803165,41290,103772.225811625,0.022370041,1,0.361590000,0.168234000,-0.215119000,0.370732000,-0.165295020,0.908469589,-0.099590895,1,0.334911123,-0.004598876,-0.289639048,0.370732000,-0.165295020,0.908469589,-0.099590895
7.316155209,103772.259724375,vr_world,41208,103772.248688583,0.011036625,1,0.401105000,-0.157938000,-0.174291000,0.193502849,0.931380242,-0.272956695,-0.143464752,1,0.344002461,0.005680935,-0.254238614,0.193502849,0.931380242,-0.272956695,-0.143464752,41291,103772.248688583,0.011036625,1,0.360201000,0.168949000,-0.213939000,0.373609096,-0.167154865,0.906636773,-0.102397538,1,0.334480298,-0.004385525,-0.287626284,0.373609096,-0.167154865,0.906636773,-0.102397538
7.328519584,103772.272088750,vr_world,41209,103772.270290958,0.001798375,1,0.406275000,-0.150185000,-0.176957000,0.201083206,0.931710160,-0.260705561,-0.153343838,1,0.343533136,0.011749617,-0.256103028,0.201083206,0.931710160,-0.260705561,-0.153343838,41292,103772.270290958,0.001798375,1,0.358551000,0.168817000,-0.210232000,0.378383918,-0.159549781,0.906162427,-0.101188604,1,0.331558190,-0.003508057,-0.285807329,0.378383918,-0.159549781,0.906162427,-0.101188604
7.340886584,103772.284455750,vr_world,41209,103772.270290958,0.014169375,1,0.406275000,-0.150185000,-0.176957000,0.201083206,0.931710160,-0.260705561,-0.153343838,1,0.343533136,0.011749617,-0.256103028,0.201083206,0.931710160,-0.260705561,-0.153343838,41292,103772.270290958,0.014169375,1,0.358551000,0.168817000,-0.210232000,0.378383918,-0.159549781,0.906162427,-0.101188604,1,0.331558190,-0.003508057,-0.285807329,0.378383918,-0.159549781,0.906162427,-0.101188604
7.353285834,103772.296855000,vr_world,41210,103772.293560916,0.003294750,1,0.409414000,-0.142740000,-0.178493000,0.212852997,0.929188477,-0.259286269,-0.155154784,1,0.345120091,0.017190013,-0.260420488,0.212852997,0.929188477,-0.259286269,-0.155154784,41293,103772.293560916,0.003294750,1,0.356293000,0.169480000,-0.208268000,0.382565771,-0.156602532,0.904669274,-0.103404943,1,0.329076373,-0.002747767,-0.283984898,0.382565771,-0.156602532,0.904669274,-0.103404943
7.365692459,103772.309261625,vr_world,41210,103772.293560916,0.015701209,1,0.409414000,-0.142740000,-0.178493000,0.212852997,0.929188477,-0.259286269,-0.155154784,1,0.345120091,0.017190013,-0.260420488,0.212852997,0.929188477,-0.259286269,-0.155154784,41293,103772.293560916,0.015701209,1,0.356293000,0.169480000,-0.208268000,0.382565771,-0.156602532,0.904669274,-0.103404943,1,0.329076373,-0.002747767,-0.283984898,0.382565771,-0.156602532,0.904669274,-0.103404943
7.378110375,103772.321679541,vr_world,41211,103772.315894958,0.005785125,1,0.410420000,-0.139761000,-0.179730000,0.219490225,0.928381693,-0.258763934,-0.151567476,1,0.345696008,0.018706611,-0.264123721,0.219490225,0.928381693,-0.258763934,-0.151567476,41294,103772.315894958,0.005785125,1,0.355320000,0.169933000,-0.207803000,0.384589521,-0.156926394,0.903275466,-0.107510180,1,0.328257100,-0.002799604,-0.282416983,0.384589521,-0.156926394,0.903275466,-0.107510180
7.390522292,103772.334091458,vr_world,41211,103772.315894958,0.018197000,1,0.410420000,-0.139761000,-0.179730000,0.219490225,0.928381693,-0.258763934,-0.151567476,1,0.345696008,0.018706611,-0.264123721,0.219490225,0.928381693,-0.258763934,-0.151567476,41294,103772.315894958,0.018197000,1,0.355320000,0.169933000,-0.207803000,0.384589521,-0.156926394,0.903275466,-0.107510180,1,0.328257100,-0.002799604,-0.282416983,0.384589521,-0.156926394,0.903275466,-0.107510180
7.402912750,103772.346481916,vr_world,41212,103772.337881500,0.008601000,1,0.412634000,-0.133911000,-0.182490000,0.225456210,0.929093881,-0.250184603,-0.152845415,1,0.344382082,0.022754397,-0.267466858,0.225456210,0.929093881,-0.250184603,-0.152845415,41295,103772.337881500,0.008601000,1,0.353256000,0.170182000,-0.205786000,0.388675559,-0.154953763,0.901907926,-0.107157522,1,0.326506650,-0.002261498,-0.281177706,0.388675559,-0.154953763,0.901907926,-0.107157522
7.415312125,103772.358881291,vr_world,41212,103772.337881500,0.021000333,1,0.412634000,-0.133911000,-0.182490000,0.225456210,0.929093881,-0.250184603,-0.152845415,1,0.344382082,0.022754397,-0.267466858,0.225456210,0.929093881,-0.250184603,-0.152845415,41295,103772.337881500,0.021000333,1,0.353256000,0.170182000,-0.205786000,0.388675559,-0.154953763,0.901907926,-0.107157522,1,0.326506650,-0.002261498,-0.281177706,0.388675559,-0.154953763,0.901907926,-0.107157522
7.425555834,103772.369125000,vr_world,41213,103772.360461208,0.008664167,1,0.413358000,-0.131622000,-0.184166000,0.225254155,0.929628848,-0.246793398,-0.155382718,1,0.343760574,0.024920872,-0.268272893,0.225254155,0.929628848,-0.246793398,-0.155382718,41296,103772.360461208,0.008664167,1,0.352026000,0.170303000,-0.204854000,0.392162157,-0.152917277,0.901044705,-0.104611609,1,0.325662391,-0.001584411,-0.281638566,0.392162157,-0.152917277,0.901044705,-0.104611609
7.436157792,103772.379726958,vr_world,41213,103772.360461208,0.019266167,1,0.413358000,-0.131622000,-0.184166000,0.225254155,0.929628848,-0.246793398,-0.155382718,1,0.343760574,0.024920872,-0.268272893,0.225254155,0.929628848,-0.246793398,-0.155382718,41296,103772.360461208,0.019266167,1,0.352026000,0.170303000,-0.204854000,0.392162157,-0.152917277,0.901044705,-0.104611609,1,0.325662391,-0.001584411,-0.281638566,0.392162157,-0.152917277,0.901044705,-0.104611609
7.448582584,103772.392151750,vr_world,41214,103772.382780166,0.009372000,1,0.414939000,-0.126739000,-0.187015000,0.226676659,0.930543510,-0.235076857,-0.165666349,1,0.340470746,0.029040272,-0.268321473,0.226676659,0.930543510,-0.235076857,-0.165666349,41297,103772.382780166,0.009372000,1,0.349749000,0.170814000,-0.203895000,0.399068999,-0.152237791,0.898040750,-0.105310970,1,0.324654907,-0.001030423,-0.281199665,0.399068999,-0.152237791,0.898040750,-0.105310970
7.460152625,103772.403721791,vr_world,41214,103772.382780166,0.020942084,1,0.414939000,-0.126739000,-0.187015000,0.226676659,0.930543510,-0.235076857,-0.165666349,1,0.340470746,0.029040272,-0.268321473,0.226676659,0.930543510,-0.235076857,-0.165666349,41297,103772.382780166,0.020942084,1,0.349749000,0.170814000,-0.203895000,0.399068999,-0.152237791,0.898040750,-0.105310970,1,0.324654907,-0.001030423,-0.281199665,0.399068999,-0.152237791,0.898040750,-0.105310970
7.472514375,103772.416083541,vr_world,41215,103772.405515875,0.010568125,1,0.414940000,-0.122299000,-0.189146000,0.227388915,0.931761716,-0.223702081,-0.173412123,1,0.336041671,0.032595319,-0.267925598,0.227388915,0.931761716,-0.223702081,-0.173412123,41298,103772.405515875,0.010568125,1,0.347777000,0.171256000,-0.203121000,0.407303305,-0.155388806,0.893585865,-0.107063711,1,0.325353712,-0.001078924,-0.280153871,0.407303305,-0.155388806,0.893585865,-0.107063711
7.484150667,103772.427719833,vr_world,41216,103772.427402625,0.000317833,1,0.413930000,-0.119766000,-0.189889000,0.228408702,0.932562754,-0.219627258,-0.172974109,1,0.333621532,0.034426290,-0.268621186,0.228408702,0.932562754,-0.219627258,-0.172974109,41299,103772.427402625,0.000317833,1,0.347013000,0.171130000,-0.202003000,0.410306261,-0.156559196,0.892493190,-0.102926652,1,0.326065730,-0.000789948,-0.280367191,0.410306261,-0.156559196,0.892493190,-0.102926652
7.496576792,103772.440145958,vr_world,41216,103772.427402625,0.012743916,1,0.413930000,-0.119766000,-0.189889000,0.228408702,0.932562754,-0.219627258,-0.172974109,1,0.333621532,0.034426290,-0.268621186,0.228408702,0.932562754,-0.219627258,-0.172974109,41299,103772.427402625,0.012743916,1,0.347013000,0.171130000,-0.202003000,0.410306261,-0.156559196,0.892493190,-0.102926652,1,0.326065730,-0.000789948,-0.280367191,0.410306261,-0.156559196,0.892493190,-0.102926652
7.508933042,103772.452502208,vr_world,41217,103772.449510125,0.002992458,1,0.412679000,-0.114766000,-0.191731000,0.230684081,0.933801841,-0.212422983,-0.172265646,1,0.329853553,0.038077401,-0.270485694,0.230684081,0.933801841,-0.212422983,-0.172265646,41300,103772.449510125,0.002992458,1,0.345687000,0.171741000,-0.201024000,0.413846677,-0.154936748,0.891475003,-0.099989250,1,0.325355702,0.000400273,-0.280806445,0.413846677,-0.154936748,0.891475003,-0.099989250
7.521290584,103772.464859750,vr_world,41217,103772.449510125,0.015349916,1,0.412679000,-0.114766000,-0.191731000,0.230684081,0.933801841,-0.212422983,-0.172265646,1,0.329853553,0.038077401,-0.270485694,0.230684081,0.933801841,-0.212422983,-0.172265646,41300,103772.449510125,0.015349916,1,0.345687000,0.171741000,-0.201024000,0.413846677,-0.154936748,0.891475003,-0.099989250,1,0.325355702,0.000400273,-0.280806445,0.413846677,-0.154936748,0.891475003,-0.099989250
7.533387000,103772.476956166,vr_world,41218,103772.472515833,0.004441292,1,0.410576000,-0.108918000,-0.191752000,0.244520794,0.932612811,-0.210300273,-0.161915783,1,0.326769601,0.040391182,-0.276053166,0.244520794,0.932612811,-0.210300273,-0.161915783,41301,103772.472515833,0.004441292,1,0.344275000,0.172576000,-0.200453000,0.419922330,-0.151069020,0.889258829,-0.100310135,1,0.324130407,0.001668380,-0.281205785,0.419922330,-0.151069020,0.889258829,-0.100310135
7.545511000,103772.489080166,vr_world,41218,103772.472515833,0.016566458,1,0.410576000,-0.108918000,-0.191752000,0.244520794,0.932612811,-0.210300273,-0.161915783,1,0.326769601,0.040391182,-0.276053166,0.244520794,0.932612811,-0.210300273,-0.161915783,41301,103772.472515833,0.016566458,1,0.344275000,0.172576000,-0.200453000,0.419922330,-0.151069020,0.889258829,-0.100310135,1,0.324130407,0.001668380,-0.281205785,0.419922330,-0.151069020,0.889258829,-0.100310135
7.556712417,103772.500281583,vr_world,41219,103772.494644958,0.005637500,1,0.409241000,-0.107424000,-0.191663000,0.251602217,0.932306051,-0.209573097,-0.153560638,1,0.325352266,0.039815757,-0.279450112,0.251602217,0.932306051,-0.209573097,-0.153560638,41302,103772.494644958,0.005637500,1,0.344019000,0.172885000,-0.199791000,0.420404532,-0.150780777,0.888954385,-0.101416411,1,0.323781670,0.001870397,-0.280293684,0.420404532,-0.150780777,0.888954385,-0.101416411
7.566821417,103772.510390583,vr_world,41219,103772.494644958,0.015746542,1,0.409241000,-0.107424000,-0.191663000,0.251602217,0.932306051,-0.209573097,-0.153560638,1,0.325352266,0.039815757,-0.279450112,0.251602217,0.932306051,-0.209573097,-0.153560638,41302,103772.494644958,0.015746542,1,0.344019000,0.172885000,-0.199791000,0.420404532,-0.150780777,0.888954385,-0.101416411,1,0.323781670,0.001870397,-0.280293684,0.420404532,-0.150780777,0.888954385,-0.101416411
7.579228709,103772.522797875,vr_world,41220,103772.517038250,0.005760208,1,0.408674000,-0.105462000,-0.191702000,0.253405759,0.933915051,-0.203537475,-0.148864687,1,0.323091751,0.040284415,-0.280342367,0.253405759,0.933915051,-0.203537475,-0.148864687,41303,103772.517038250,0.005760208,1,0.344841000,0.173284000,-0.197778000,0.417396033,-0.141575073,0.892459398,-0.096193931,1,0.321626564,0.003943375,-0.280970904,0.417396033,-0.141575073,0.892459398,-0.096193931
7.591094792,103772.534663958,vr_world,41220,103772.517038250,0.017626125,1,0.408674000,-0.105462000,-0.191702000,0.253405759,0.933915051,-0.203537475,-0.148864687,1,0.323091751,0.040284415,-0.280342367,0.253405759,0.933915051,-0.203537475,-0.148864687,41303,103772.517038250,0.017626125,1,0.344841000,0.173284000,-0.197778000,0.417396033,-0.141575073,0.892459398,-0.096193931,1,0.321626564,0.003943375,-0.280970904,0.417396033,-0.141575073,0.892459398,-0.096193931
7.601321000,103772.544890166,vr_world,41221,103772.538971000,0.005919625,1,0.409165000,-0.104616000,-0.192647000,0.251258362,0.934724201,-0.198497607,-0.154138262,1,0.321656469,0.041280348,-0.279133787,0.251258362,0.934724201,-0.198497607,-0.154138262,41304,103772.538971000,0.005919625,1,0.344540000,0.173140000,-0.198174000,0.413866071,-0.135891273,0.895029896,-0.095759708,1,0.318810078,0.004492062,-0.282031382,0.413866071,-0.135891273,0.895029896,-0.095759708
7.612181125,103772.555750291,vr_world,41221,103772.538971000,0.016779708,1,0.409165000,-0.104616000,-0.192647000,0.251258362,0.934724201,-0.198497607,-0.154138262,1,0.321656469,0.041280348,-0.279133787,0.251258362,0.934724201,-0.198497607,-0.154138262,41304,103772.538971000,0.016779708,1,0.344540000,0.173140000,-0.198174000,0.413866071,-0.135891273,0.895029896,-0.095759708,1,0.318810078,0.004492062,-0.282031382,0.413866071,-0.135891273,0.895029896,-0.095759708
7.622818750,103772.566387916,vr_world,41222,103772.560694125,0.005694166,1,0.408267000,-0.103689000,-0.192726000,0.249285825,0.935018899,-0.197172717,-0.157223264,1,0.320217505,0.042638611,-0.277925643,0.249285825,0.935018899,-0.197172717,-0.157223264,41305,103772.560694125,0.005694166,1,0.343099000,0.173728000,-0.197980000,0.411568462,-0.134650653,0.896408479,-0.094511590,1,0.316581684,0.005376041,-0.282186253,0.411568462,-0.134650653,0.896408479,-0.094511590
7.633505959,103772.577075125,vr_world,41222,103772.560694125,0.016381583,1,0.408267000,-0.103689000,-0.192726000,0.249285825,0.935018899,-0.197172717,-0.157223264,1,0.320217505,0.042638611,-0.277925643,0.249285825,0.935018899,-0.197172717,-0.157223264,41305,103772.560694125,0.016381583,1,0.343099000,0.173728000,-0.197980000,0.411568462,-0.134650653,0.896408479,-0.094511590,1,0.316581684,0.005376041,-0.282186253,0.411568462,-0.134650653,0.896408479,-0.094511590
7.645311209,103772.588880375,vr_world,41223,103772.583404333,0.005476625,1,0.407560000,-0.105011000,-0.192127000,0.248222656,0.935807006,-0.197435208,-0.153850900,1,0.319946947,0.041296857,-0.277808903,0.248222656,0.935807006,-0.197435208,-0.153850900,41306,103772.583404333,0.005476625,1,0.342633000,0.173515000,-0.198233000,0.414993092,-0.135758005,0.894634118,-0.094764405,1,0.317232773,0.005022172,-0.282501898,0.414993092,-0.135758005,0.894634118,-0.094764405
7.657483167,103772.601052333,vr_world,41223,103772.583404333,0.017648375,1,0.407560000,-0.105011000,-0.192127000,0.248222656,0.935807006,-0.197435208,-0.153850900,1,0.319946947,0.041296857,-0.277808903,0.248222656,0.935807006,-0.197435208,-0.153850900,41306,103772.583404333,0.017648375,1,0.342633000,0.173515000,-0.198233000,0.414993092,-0.135758005,0.894634118,-0.094764405,1,0.317232773,0.005022172,-0.282501898,0.414993092,-0.135758005,0.894634118,-0.094764405
7.669873375,103772.613442541,vr_world,41224,103772.605768500,0.007674583,1,0.407563000,-0.107180000,-0.192182000,0.237788016,0.937957982,-0.199856693,-0.154107060,1,0.321450064,0.041422955,-0.275399719,0.237788016,0.937957982,-0.199856693,-0.154107060,41307,103772.605768500,0.007674583,1,0.341717000,0.173072000,-0.197676000,0.421732034,-0.134232374,0.892465687,-0.087342769,1,0.318246410,0.005818932,-0.284921366,0.421732034,-0.134232374,0.892465687,-0.087342769
7.682246709,103772.625815875,vr_world,41224,103772.605768500,0.020047750,1,0.407563000,-0.107180000,-0.192182000,0.237788016,0.937957982,-0.199856693,-0.154107060,1,0.321450064,0.041422955,-0.275399719,0.237788016,0.937957982,-0.199856693,-0.154107060,41307,103772.605768500,0.020047750,1,0.341717000,0.173072000,-0.197676000,0.421732034,-0.134232374,0.892465687,-0.087342769,1,0.318246410,0.005818932,-0.284921366,0.421732034,-0.134232374,0.892465687,-0.087342769
7.694619334,103772.638188500,vr_world,41225,103772.627940791,0.010248000,1,0.408248000,-0.109989000,-0.192292000,0.224663095,0.941309710,-0.195273717,-0.159156211,1,0.321178733,0.040706218,-0.270607440,0.224663095,0.941309710,-0.195273717,-0.159156211,41308,103772.627940791,0.010248000,1,0.342409000,0.174209000,-0.197520000,0.421181854,-0.130685485,0.893249264,-0.087366487,1,0.317737210,0.007373207,-0.285231832,0.421181854,-0.130685485,0.893249264,-0.087366487
7.707016334,103772.650585500,vr_world,41225,103772.627940791,0.022645334,1,0.408248000,-0.109989000,-0.192292000,0.224663095,0.941309710,-0.195273717,-0.159156211,1,0.321178733,0.040706218,-0.270607440,0.224663095,0.941309710,-0.195273717,-0.159156211,41308,103772.627940791,0.022645334,1,0.342409000,0.174209000,-0.197520000,0.421181854,-0.130685485,0.893249264,-0.087366487,1,0.317737210,0.007373207,-0.285231832,0.421181854,-0.130685485,0.893249264,-0.087366487
7.719421625,103772.662990791,vr_world,41226,103772.651042791,0.011948417,1,0.408645000,-0.111117000,-0.191968000,0.220072976,0.941620478,-0.195310083,-0.163623755,1,0.321590068,0.040687754,-0.268126978,0.220072976,0.941620478,-0.195310083,-0.163623755,41309,103772.651042791,0.011948417,1,0.343225000,0.173966000,-0.197025000,0.415758382,-0.130988177,0.895767784,-0.087104207,1,0.317368358,0.007084673,-0.284307969,0.415758382,-0.130988177,0.895767784,-0.087104207
7.731831834,103772.675401000,vr_world,41227,103772.672804666,0.002596750,1,0.408728000,-0.113912000,-0.190739000,0.216928439,0.941501725,-0.196769687,-0.166728053,1,0.322160523,0.038841955,-0.265543691,0.216928439,0.941501725,-0.196769687,-0.166728053,41310,103772.672804666,0.002596750,1,0.343646000,0.174238000,-0.196439000,0.410399222,-0.131501253,0.898605390,-0.082390854,1,0.317150967,0.007897400,-0.284558431,0.410399222,-0.131501253,0.898605390,-0.082390854
7.742263084,103772.685832250,vr_world,41227,103772.672804666,0.013027917,1,0.408728000,-0.113912000,-0.190739000,0.216928439,0.941501725,-0.196769687,-0.166728053,1,0.322160523,0.038841955,-0.265543691,0.216928439,0.941501725,-0.196769687,-0.166728053,41310,103772.672804666,0.013027917,1,0.343646000,0.174238000,-0.196439000,0.410399222,-0.131501253,0.898605390,-0.082390854,1,0.317150967,0.007897400,-0.284558431,0.410399222,-0.131501253,0.898605390,-0.082390854
7.754610042,103772.698179208,vr_world,41228,103772.696127000,0.002052500,1,0.407505000,-0.116911000,-0.189810000,0.211430193,0.939912993,-0.211041593,-0.165294543,1,0.326151605,0.038579045,-0.264829484,0.211430193,0.939912993,-0.211041593,-0.165294543,41311,103772.696127000,0.002052500,1,0.343910000,0.175100000,-0.196180000,0.411250927,-0.134443172,0.897883049,-0.081263392,1,0.318622319,0.008564919,-0.284286999,0.411250927,-0.134443172,0.897883049,-0.081263392
7.767008209,103772.710577375,vr_world,41228,103772.696127000,0.014450666,1,0.407505000,-0.116911000,-0.189810000,0.211430193,0.939912993,-0.211041593,-0.165294543,1,0.326151605,0.038579045,-0.264829484,0.211430193,0.939912993,-0.211041593,-0.165294543,41311,103772.696127000,0.014450666,1,0.343910000,0.175100000,-0.196180000,0.411250927,-0.134443172,0.897883049,-0.081263392,1,0.318622319,0.008564919,-0.284286999,0.411250927,-0.134443172,0.897883049,-0.081263392
7.778632375,103772.722201541,vr_world,41229,103772.718775333,0.003426792,1,0.406444000,-0.120881000,-0.190636000,0.199852535,0.943489660,-0.205481639,-0.166323542,1,0.324019035,0.035846121,-0.261812787,0.199852535,0.943489660,-0.205481639,-0.166323542,41312,103772.718775333,0.003426792,1,0.343896000,0.175766000,-0.195796000,0.416835276,-0.137371769,0.895662650,-0.071873273,1,0.321805909,0.010283747,-0.286701757,0.416835276,-0.137371769,0.895662650,-0.071873273
7.791051709,103772.734620875,vr_world,41229,103772.718775333,0.015845833,1,0.406444000,-0.120881000,-0.190636000,0.199852535,0.943489660,-0.205481639,-0.166323542,1,0.324019035,0.035846121,-0.261812787,0.199852535,0.943489660,-0.205481639,-0.166323542,41312,103772.718775333,0.015845833,1,0.343896000,0.175766000,-0.195796000,0.416835276,-0.137371769,0.895662650,-0.071873273,1,0.321805909,0.010283747,-0.286701757,0.416835276,-0.137371769,0.895662650,-0.071873273
7.801505417,103772.745074583,vr_world,41230,103772.740364166,0.004711334,1,0.405932000,-0.124222000,-0.189804000,0.187761084,0.945193269,-0.213216198,-0.160917101,1,0.327323871,0.035091814,-0.259541329,0.187761084,0.945193269,-0.213216198,-0.160917101,41313,103772.740364166,0.004711334,1,0.345239000,0.176378000,-0.196149000,0.416703371,-0.140278763,0.895008919,-0.075094639,1,0.323663979,0.010085955,-0.285690747,0.416703371,-0.140278763,0.895008919,-0.075094639
7.813899917,103772.757469083,vr_world,41230,103772.740364166,0.017105250,1,0.405932000,-0.124222000,-0.189804000,0.187761084,0.945193269,-0.213216198,-0.160917101,1,0.327323871,0.035091814,-0.259541329,0.187761084,0.945193269,-0.213216198,-0.160917101,41313,103772.740364166,0.017105250,1,0.345239000,0.176378000,-0.196149000,0.416703371,-0.140278763,0.895008919,-0.075094639,1,0.323663979,0.010085955,-0.285690747,0.416703371,-0.140278763,0.895008919,-0.075094639
7.826306500,103772.769875666,vr_world,41231,103772.762798791,0.007077417,1,0.409175000,-0.125098000,-0.189625000,0.186717878,0.945027153,-0.206967292,-0.170952196,1,0.327921952,0.034164984,-0.256383401,0.186717878,0.945027153,-0.206967292,-0.170952196,41314,103772.762798791,0.007077417,1,0.345676000,0.176546000,-0.195549000,0.416992150,-0.141199681,0.894822855,-0.073974697,1,0.324565751,0.010312589,-0.285309998,0.416992150,-0.141199681,0.894822855,-0.073974697
7.838720750,103772.782289916,vr_world,41231,103772.762798791,0.019491417,1,0.409175000,-0.125098000,-0.189625000,0.186717878,0.945027153,-0.206967292,-0.170952196,1,0.327921952,0.034164984,-0.256383401,0.186717878,0.945027153,-0.206967292,-0.170952196,41314,103772.762798791,0.019491417,1,0.345676000,0.176546000,-0.195549000,0.416992150,-0.141199681,0.894822855,-0.073974697,1,0.324565751,0.010312589,-0.285309998,0.416992150,-0.141199681,0.894822855,-0.073974697
7.851139000,103772.794708166,vr_world,41232,103772.784827666,0.009881167,1,0.408417000,-0.127461000,-0.189841000,0.184613466,0.942241815,-0.210381271,-0.183950950,1,0.327748131,0.033335685,-0.253562390,0.184613466,0.942241815,-0.210381271,-0.183950950,41315,103772.784827666,0.009881167,1,0.345926000,0.177759000,-0.195768000,0.414065588,-0.143144726,0.895560184,-0.077661009,1,0.324322998,0.010735526,-0.283930957,0.414065588,-0.143144726,0.895560184,-0.077661009
7.861963625,103772.805532791,vr_world,41232,103772.784827666,0.020705584,1,0.408417000,-0.127461000,-0.189841000,0.184613466,0.942241815,-0.210381271,-0.183950950,1,0.327748131,0.033335685,-0.253562390,0.184613466,0.942241815,-0.210381271,-0.183950950,41315,103772.784827666,0.020705584,1,0.345926000,0.177759000,-0.195768000,0.414065588,-0.143144726,0.895560184,-0.077661009,1,0.324322998,0.010735526,-0.283930957,0.414065588,-0.143144726,0.895560184,-0.077661009
7.874351209,103772.817920375,vr_world,41233,103772.807949375,0.009971958,1,0.407361000,-0.125871000,-0.193389000,0.182435416,0.941507179,-0.208563470,-0.191788504,1,0.325860717,0.035460011,-0.254654375,0.182435416,0.941507179,-0.208563470,-0.191788504,41316,103772.807949375,0.009971958,1,0.346107000,0.176922000,-0.194488000,0.411500722,-0.139643068,0.896818769,-0.082964242,1,0.322281221,0.009533303,-0.281376238,0.411500722,-0.139643068,0.896818769,-0.082964242
7.886764417,103772.830333583,vr_world,41233,103772.807949375,0.022384791,1,0.407361000,-0.125871000,-0.193389000,0.182435416,0.941507179,-0.208563470,-0.191788504,1,0.325860717,0.035460011,-0.254654375,0.182435416,0.941507179,-0.208563470,-0.191788504,41316,103772.807949375,0.022384791,1,0.346107000,0.176922000,-0.194488000,0.411500722,-0.139643068,0.896818769,-0.082964242,1,0.322281221,0.009533303,-0.281376238,0.411500722,-0.139643068,0.896818769,-0.082964242
7.899148042,103772.842717208,vr_world,41234,103772.830903750,0.011814041,1,0.408753000,-0.125754000,-0.194435000,0.185066225,0.942619386,-0.198094284,-0.194879041,1,0.323405995,0.033949480,-0.254718746,0.185066225,0.942619386,-0.198094284,-0.194879041,41317,103772.830903750,0.011814041,1,0.345658000,0.175713000,-0.192836000,0.409766391,-0.134837812,0.898779947,-0.078133711,1,0.320454954,0.009553385,-0.281672980,0.409766391,-0.134837812,0.898779947,-0.078133711
7.911554125,103772.855123291,vr_world,41235,103772.852567833,0.002556000,1,0.410158000,-0.125635000,-0.196908000,0.180946083,0.943984247,-0.188550288,-0.201497009,1,0.321691472,0.033665457,-0.253657192,0.180946083,0.943984247,-0.188550288,-0.201497009,41318,103772.852567833,0.002556000,1,0.344562000,0.174543000,-0.191768000,0.409933933,-0.127159415,0.900075079,-0.075163188,1,0.317391826,0.009756577,-0.282561336,0.409933933,-0.127159415,0.900075079,-0.075163188
7.922880959,103772.866450125,vr_world,41235,103772.852567833,0.013882833,1,0.410158000,-0.125635000,-0.196908000,0.180946083,0.943984247,-0.188550288,-0.201497009,1,0.321691472,0.033665457,-0.253657192,0.180946083,0.943984247,-0.188550288,-0.201497009,41318,103772.852567833,0.013882833,1,0.344562000,0.174543000,-0.191768000,0.409933933,-0.127159415,0.900075079,-0.075163188,1,0.317391826,0.009756577,-0.282561336,0.409933933,-0.127159415,0.900075079,-0.075163188
7.935293209,103772.878862375,vr_world,41236,103772.874772458,0.004090167,1,0.410657000,-0.125445000,-0.196895000,0.181623120,0.943729110,-0.188477048,-0.202150465,1,0.322086044,0.033786405,-0.253675319,0.181623120,0.943729110,-0.188477048,-0.202150465,41319,103772.874772458,0.004090167,1,0.343969000,0.173912000,-0.191437000,0.413236634,-0.122281921,0.899164125,-0.076068994,1,0.316049713,0.009647852,-0.282946504,0.413236634,-0.122281921,0.899164125,-0.076068994
7.945491875,103772.889061041,vr_world,41236,103772.874772458,0.014289083,1,0.410657000,-0.125445000,-0.196895000,0.181623120,0.943729110,-0.188477048,-0.202150465,1,0.322086044,0.033786405,-0.253675319,0.181623120,0.943729110,-0.188477048,-0.202150465,41319,103772.874772458,0.014289083,1,0.343969000,0.173912000,-0.191437000,0.413236634,-0.122281921,0.899164125,-0.076068994,1,0.316049713,0.009647852,-0.282946504,0.413236634,-0.122281921,0.899164125,-0.076068994
7.956154500,103772.899723666,vr_world,41237,103772.897003500,0.002720875,1,0.409780000,-0.124116000,-0.197915000,0.181951500,0.939637898,-0.206966725,-0.202827630,1,0.327289177,0.037704331,-0.256505738,0.181951500,0.939637898,-0.206966725,-0.202827630,41320,103772.897003500,0.002720875,1,0.341897000,0.173264000,-0.191374000,0.417011105,-0.114989522,0.897886097,-0.081729459,1,0.312146664,0.009174486,-0.282619613,0.417011105,-0.114989522,0.897886097,-0.081729459
7.968579375,103772.912148541,vr_world,41237,103772.897003500,0.015145583,1,0.409780000,-0.124116000,-0.197915000,0.181951500,0.939637898,-0.206966725,-0.202827630,1,0.327289177,0.037704331,-0.256505738,0.181951500,0.939637898,-0.206966725,-0.202827630,41320,103772.897003500,0.015145583,1,0.341897000,0.173264000,-0.191374000,0.417011105,-0.114989522,0.897886097,-0.081729459,1,0.312146664,0.009174486,-0.282619613,0.417011105,-0.114989522,0.897886097,-0.081729459
7.980157250,103772.923726416,vr_world,41238,103772.919979708,0.003747083,1,0.412993000,-0.120542000,-0.200074000,0.201059471,0.937027481,-0.195687430,-0.207992833,1,0.324980101,0.037252176,-0.261541042,0.201059471,0.937027481,-0.195687430,-0.207992833,41321,103772.919979708,0.003747083,1,0.339123000,0.171025000,-0.190918000,0.428066561,-0.119159364,0.892355238,-0.079134027,1,0.313591464,0.006842511,-0.283267690,0.428066561,-0.119159364,0.892355238,-0.079134027
7.992236667,103772.935805833,vr_world,41238,103772.919979708,0.015826667,1,0.412993000,-0.120542000,-0.200074000,0.201059471,0.937027481,-0.195687430,-0.207992833,1,0.324980101,0.037252176,-0.261541042,0.201059471,0.937027481,-0.195687430,-0.207992833,41321,103772.919979708,0.015826667,1,0.339123000,0.171025000,-0.190918000,0.428066561,-0.119159364,0.892355238,-0.079134027,1,0.313591464,0.006842511,-0.283267690,0.428066561,-0.119159364,0.892355238,-0.079134027
8.004658917,103772.948228083,vr_world,41239,103772.942434000,0.005794625,1,0.412353000,-0.120897000,-0.201617000,0.200898614,0.936962632,-0.190808031,-0.212915635,1,0.322549159,0.036524949,-0.261425432,0.200898614,0.936962632,-0.190808031,-0.212915635,41322,103772.942434000,0.005794625,1,0.340090000,0.170378000,-0.189651000,0.425353891,-0.106749684,0.895677111,-0.073763718,1,0.310841361,0.008595945,-0.285083209,0.425353891,-0.106749684,0.895677111,-0.073763718
8.017072167,103772.960641333,vr_world,41239,103772.942434000,0.018207875,1,0.412353000,-0.120897000,-0.201617000,0.200898614,0.936962632,-0.190808031,-0.212915635,1,0.322549159,0.036524949,-0.261425432,0.200898614,0.936962632,-0.190808031,-0.212915635,41322,103772.942434000,0.018207875,1,0.340090000,0.170378000,-0.189651000,0.425353891,-0.106749684,0.895677111,-0.073763718,1,0.310841361,0.008595945,-0.285083209,0.425353891,-0.106749684,0.895677111,-0.073763718
8.028057042,103772.971626208,vr_world,41240,103772.964063833,0.007562875,1,0.411521000,-0.117821000,-0.202915000,0.202863434,0.936214634,-0.196469068,-0.209161401,1,0.323565210,0.039885086,-0.264689113,0.202863434,0.936214634,-0.196469068,-0.209161401,41323,103772.964063833,0.007562875,1,0.337486000,0.170520000,-0.191051000,0.427403241,-0.109790029,0.893753732,-0.080479103,1,0.308903449,0.007360527,-0.284315463,0.427403241,-0.109790029,0.893753732,-0.080479103
8.040417625,103772.983986791,vr_world,41240,103772.964063833,0.019923292,1,0.411521000,-0.117821000,-0.202915000,0.202863434,0.936214634,-0.196469068,-0.209161401,1,0.323565210,0.039885086,-0.264689113,0.202863434,0.936214634,-0.196469068,-0.209161401,41323,103772.964063833,0.019923292,1,0.337486000,0.170520000,-0.191051000,0.427403241,-0.109790029,0.893753732,-0.080479103,1,0.308903449,0.007360527,-0.284315463,0.427403241,-0.109790029,0.893753732,-0.080479103
8.052832834,103772.996402000,vr_world,41241,103772.986491250,0.009912000,1,0.412666000,-0.114299000,-0.203481000,0.214765019,0.936094004,-0.194983886,-0.198960517,1,0.323743945,0.040702403,-0.270495184,0.214765019,0.936094004,-0.194983886,-0.198960517,41324,103772.986491250,0.009912000,1,0.336515000,0.168828000,-0.191337000,0.437269883,-0.109464029,0.888725527,-0.083544081,1,0.309962608,0.005324121,-0.284598525,0.437269883,-0.109464029,0.888725527,-0.083544081
8.065181334,103773.008750500,vr_world,41241,103772.986491250,0.022260000,1,0.412666000,-0.114299000,-0.203481000,0.214765019,0.936094004,-0.194983886,-0.198960517,1,0.323743945,0.040702403,-0.270495184,0.214765019,0.936094004,-0.194983886,-0.198960517,41324,103772.986491250,0.022260000,1,0.336515000,0.168828000,-0.191337000,0.437269883,-0.109464029,0.888725527,-0.083544081,1,0.309962608,0.005324121,-0.284598525,0.437269883,-0.109464029,0.888725527,-0.083544081
8.076161709,103773.019730875,vr_world,41242,103773.009344500,0.010387125,1,0.412409000,-0.111667000,-0.203243000,0.222285163,0.934323612,-0.194701302,-0.199299013,1,0.322773868,0.042102739,-0.272118335,0.222285163,0.934323612,-0.194701302,-0.199299013,41325,103773.009344500,0.010387125,1,0.336143000,0.168010000,-0.191032000,0.441505207,-0.112206454,0.886709203,-0.078928155,1,0.311968411,0.004851611,-0.285536671,0.441505207,-0.112206454,0.886709203,-0.078928155
8.088562000,103773.032131166,vr_world,41243,103773.030874166,0.001257375,1,0.411019000,-0.109116000,-0.203067000,0.231643270,0.933330599,-0.192290118,-0.195601378,1,0.320060797,0.042501419,-0.274915533,0.231643270,0.933330599,-0.192290118,-0.195601378,41326,103773.030874166,0.001257375,1,0.336232000,0.167833000,-0.191231000,0.444168993,-0.112724277,0.885463503,-0.077210933,1,0.313076316,0.004883815,-0.286349901,0.444168993,-0.112724277,0.885463503,-0.077210933
8.100156334,103773.043725500,vr_world,41243,103773.030874166,0.012851792,1,0.411019000,-0.109116000,-0.203067000,0.231643270,0.933330599,-0.192290118,-0.195601378,1,0.320060797,0.042501419,-0.274915533,0.231643270,0.933330599,-0.192290118,-0.195601378,41326,103773.030874166,0.012851792,1,0.336232000,0.167833000,-0.191231000,0.444168993,-0.112724277,0.885463503,-0.077210933,1,0.313076316,0.004883815,-0.286349901,0.444168993,-0.112724277,0.885463503,-0.077210933
8.112559709,103773.056128875,vr_world,41244,103773.053038666,0.003090709,1,0.409191000,-0.108185000,-0.202940000,0.225776478,0.934834775,-0.197017124,-0.190507687,1,0.320524265,0.044730928,-0.274900865,0.225776478,0.934834775,-0.197017124,-0.190507687,41327,103773.053038666,0.003090709,1,0.336493000,0.167848000,-0.191068000,0.440886054,-0.106318388,0.887717972,-0.079200318,1,0.310431846,0.005415530,-0.286318701,0.440886054,-0.106318388,0.887717972,-0.079200318
8.124960375,103773.068529541,vr_world,41244,103773.053038666,0.015491375,1,0.409191000,-0.108185000,-0.202940000,0.225776478,0.934834775,-0.197017124,-0.190507687,1,0.320524265,0.044730928,-0.274900865,0.225776478,0.934834775,-0.197017124,-0.190507687,41327,103773.053038666,0.015491375,1,0.336493000,0.167848000,-0.191068000,0.440886054,-0.106318388,0.887717972,-0.079200318,1,0.310431846,0.005415530,-0.286318701,0.440886054,-0.106318388,0.887717972,-0.079200318
8.137342542,103773.080911708,vr_world,41245,103773.075360916,0.005551167,1,0.408236000,-0.105147000,-0.202688000,0.228963199,0.936806425,-0.189392601,-0.184661902,1,0.317207172,0.045747669,-0.275954806,0.228963199,0.936806425,-0.189392601,-0.184661902,41328,103773.075360916,0.005551167,1,0.334860000,0.168056000,-0.191775000,0.440518153,-0.109836340,0.887196999,-0.082226640,1,0.309379855,0.004713278,-0.285616330,0.440518153,-0.109836340,0.887196999,-0.082226640
8.148210125,103773.091779291,vr_world,41245,103773.075360916,0.016418709,1,0.408236000,-0.105147000,-0.202688000,0.228963199,0.936806425,-0.189392601,-0.184661902,1,0.317207172,0.045747669,-0.275954806,0.228963199,0.936806425,-0.189392601,-0.184661902,41328,103773.075360916,0.016418709,1,0.334860000,0.168056000,-0.191775000,0.440518153,-0.109836340,0.887196999,-0.082226640,1,0.309379855,0.004713278,-0.285616330,0.440518153,-0.109836340,0.887196999,-0.082226640
8.158823084,103773.102392250,vr_world,41246,103773.098159625,0.004233041,1,0.406451000,-0.101797000,-0.202241000,0.227559310,0.938164119,-0.189977136,-0.178811447,1,0.316088416,0.049014841,-0.276496161,0.227559310,0.938164119,-0.189977136,-0.178811447,41329,103773.098159625,0.004233041,1,0.334005000,0.166832000,-0.191574000,0.443690325,-0.107575949,0.885871967,-0.082444942,1,0.308650615,0.003771681,-0.285938584,0.443690325,-0.107575949,0.885871967,-0.082444942
8.171219709,103773.114788875,vr_world,41246,103773.098159625,0.016629583,1,0.406451000,-0.101797000,-0.202241000,0.227559310,0.938164119,-0.189977136,-0.178811447,1,0.316088416,0.049014841,-0.276496161,0.227559310,0.938164119,-0.189977136,-0.178811447,41329,103773.098159625,0.016629583,1,0.334005000,0.166832000,-0.191574000,0.443690325,-0.107575949,0.885871967,-0.082444942,1,0.308650615,0.003771681,-0.285938584,0.443690325,-0.107575949,0.885871967,-0.082444942
8.182822792,103773.126391958,vr_world,41247,103773.119597083,0.006795333,1,0.406143000,-0.099624700,-0.201241000,0.232281910,0.937759387,-0.189581183,-0.175246746,1,0.315538142,0.050062364,-0.277450910,0.232281910,0.937759387,-0.189581183,-0.175246746,41330,103773.119597083,0.006795333,1,0.333567000,0.166286000,-0.190778000,0.445439616,-0.108040989,0.885210239,-0.079457698,1,0.309130045,0.003616497,-0.286054813,0.445439616,-0.108040989,0.885210239,-0.079457698
8.195186417,103773.138755583,vr_world,41247,103773.119597083,0.019159000,1,0.406143000,-0.099624700,-0.201241000,0.232281910,0.937759387,-0.189581183,-0.175246746,1,0.315538142,0.050062364,-0.277450910,0.232281910,0.937759387,-0.189581183,-0.175246746,41330,103773.119597083,0.019159000,1,0.333567000,0.166286000,-0.190778000,0.445439616,-0.108040989,0.885210239,-0.079457698,1,0.309130045,0.003616497,-0.286054813,0.445439616,-0.108040989,0.885210239,-0.079457698
8.207595375,103773.151164541,vr_world,41248,103773.141649875,0.009515000,1,0.405316000,-0.097423100,-0.200118000,0.236455960,0.938381775,-0.181737568,-0.174641577,1,0.311932519,0.050345005,-0.276718238,0.236455960,0.938381775,-0.181737568,-0.174641577,41331,103773.141649875,0.009515000,1,0.331875000,0.166225000,-0.190839000,0.452148501,-0.109043809,0.881707596,-0.079138456,1,0.309480353,0.003518502,-0.286553522,0.452148501,-0.109043809,0.881707596,-0.079138456
8.219960750,103773.163529916,vr_world,41248,103773.141649875,0.021880583,1,0.405316000,-0.097423100,-0.200118000,0.236455960,0.938381775,-0.181737568,-0.174641577,1,0.311932519,0.050345005,-0.276718238,0.236455960,0.938381775,-0.181737568,-0.174641577,41331,103773.141649875,0.021880583,1,0.331875000,0.166225000,-0.190839000,0.452148501,-0.109043809,0.881707596,-0.079138456,1,0.309480353,0.003518502,-0.286553522,0.452148501,-0.109043809,0.881707596,-0.079138456
8.232372209,103773.175941375,vr_world,41249,103773.164166250,0.011775583,1,0.403253000,-0.096883200,-0.199653000,0.231400911,0.940510441,-0.179268854,-0.172500456,1,0.309594233,0.051254362,-0.275196135,0.231400911,0.940510441,-0.179268854,-0.172500456,41332,103773.164166250,0.011775583,1,0.330914000,0.166500000,-0.190702000,0.455824165,-0.106852412,0.879708497,-0.083185658,1,0.308368142,0.003493865,-0.285869976,0.455824165,-0.106852412,0.879708497,-0.083185658
8.244782250,103773.188351416,vr_world,41250,103773.186472416,0.001879709,1,0.400816000,-0.094886200,-0.197585000,0.230396278,0.942252604,-0.183438330,-0.159461480,1,0.309497031,0.053129486,-0.276170309,0.230396278,0.942252604,-0.183438330,-0.159461480,41333,103773.186472416,0.001879709,1,0.329218000,0.166129000,-0.189727000,0.460445066,-0.104485529,0.877262660,-0.086506306,1,0.306799506,0.002960585,-0.284646393,0.460445066,-0.104485529,0.877262660,-0.086506306
8.254869542,103773.198438708,vr_world,41250,103773.186472416,0.011966917,1,0.400816000,-0.094886200,-0.197585000,0.230396278,0.942252604,-0.183438330,-0.159461480,1,0.309497031,0.053129486,-0.276170309,0.230396278,0.942252604,-0.183438330,-0.159461480,41333,103773.186472416,0.011966917,1,0.329218000,0.166129000,-0.189727000,0.460445066,-0.104485529,0.877262660,-0.086506306,1,0.306799506,0.002960585,-0.284646393,0.460445066,-0.104485529,0.877262660,-0.086506306
8.267289000,103773.210858166,vr_world,41251,103773.208952000,0.001906500,1,0.400237000,-0.092943000,-0.197309000,0.229468753,0.943510647,-0.181174394,-0.155908918,1,0.308524431,0.054654737,-0.276221227,0.229468753,0.943510647,-0.181174394,-0.155908918,41334,103773.208952000,0.001906500,1,0.327115000,0.165719000,-0.189116000,0.463576775,-0.103442225,0.876001214,-0.083774413,1,0.305537631,0.003108891,-0.285181529,0.463576775,-0.103442225,0.876001214,-0.083774413
8.278933917,103773.222503083,vr_world,41251,103773.208952000,0.013551625,1,0.400237000,-0.092943000,-0.197309000,0.229468753,0.943510647,-0.181174394,-0.155908918,1,0.308524431,0.054654737,-0.276221227,0.229468753,0.943510647,-0.181174394,-0.155908918,41334,103773.208952000,0.013551625,1,0.327115000,0.165719000,-0.189116000,0.463576775,-0.103442225,0.876001214,-0.083774413,1,0.305537631,0.003108891,-0.285181529,0.463576775,-0.103442225,0.876001214,-0.083774413
8.291342292,103773.234911458,vr_world,41252,103773.230600291,0.004311459,1,0.400054000,-0.091632300,-0.196965000,0.230949956,0.943062597,-0.178266811,-0.159737287,1,0.307022259,0.055537715,-0.275128315,0.230949956,0.943062597,-0.178266811,-0.159737287,41335,103773.230600291,0.004311459,1,0.326986000,0.166247000,-0.188789000,0.462163326,-0.102605667,0.876351607,-0.088797508,1,0.304205933,0.002991939,-0.283472956,0.462163326,-0.102605667,0.876351607,-0.088797508
8.303760500,103773.247329666,vr_world,41252,103773.230600291,0.016729750,1,0.400054000,-0.091632300,-0.196965000,0.230949956,0.943062597,-0.178266811,-0.159737287,1,0.307022259,0.055537715,-0.275128315,0.230949956,0.943062597,-0.178266811,-0.159737287,41335,103773.230600291,0.016729750,1,0.326986000,0.166247000,-0.188789000,0.462163326,-0.102605667,0.876351607,-0.088797508,1,0.304205933,0.002991939,-0.283472956,0.462163326,-0.102605667,0.876351607,-0.088797508
8.316171917,103773.259741083,vr_world,41253,103773.252592708,0.007148667,1,0.398679000,-0.090266200,-0.196327000,0.232991252,0.943510715,-0.174660173,-0.158102598,1,0.304484989,0.055879373,-0.275019138,0.232991252,0.943510715,-0.174660173,-0.158102598,41336,103773.252592708,0.007148667,1,0.325443000,0.165850000,-0.187519000,0.464427507,-0.101816670,0.875240924,-0.088846957,1,0.303020447,0.002699263,-0.282467819,0.464427507,-0.101816670,0.875240924,-0.088846957
8.327494417,103773.271063583,vr_world,41253,103773.252592708,0.018471458,1,0.398679000,-0.090266200,-0.196327000,0.232991252,0.943510715,-0.174660173,-0.158102598,1,0.304484989,0.055879373,-0.275019138,0.232991252,0.943510715,-0.174660173,-0.158102598,41336,103773.252592708,0.018471458,1,0.325443000,0.165850000,-0.187519000,0.464427507,-0.101816670,0.875240924,-0.088846957,1,0.303020447,0.002699263,-0.282467819,0.464427507,-0.101816670,0.875240924,-0.088846957
8.339851542,103773.283420708,vr_world,41254,103773.274583458,0.008837500,1,0.397795000,-0.090765100,-0.196125000,0.228728345,0.944740608,-0.175265533,-0.156302660,1,0.304215638,0.056106359,-0.274196412,0.228728345,0.944740608,-0.175265533,-0.156302660,41337,103773.274583458,0.008837500,1,0.325480000,0.165853000,-0.186557000,0.464348381,-0.098547351,0.875904466,-0.086373419,1,0.302410880,0.003497106,-0.282705921,0.464348381,-0.098547351,0.875904466,-0.086373419
8.350823834,103773.294393000,vr_world,41254,103773.274583458,0.019810083,1,0.397795000,-0.090765100,-0.196125000,0.228728345,0.944740608,-0.175265533,-0.156302660,1,0.304215638,0.056106359,-0.274196412,0.228728345,0.944740608,-0.175265533,-0.156302660,41337,103773.274583458,0.019810083,1,0.325480000,0.165853000,-0.186557000,0.464348381,-0.098547351,0.875904466,-0.086373419,1,0.302410880,0.003497106,-0.282705921,0.464348381,-0.098547351,0.875904466,-0.086373419
8.361491375,103773.305060541,vr_world,41255,103773.296939541,0.008121417,1,0.396518000,-0.090719300,-0.195433000,0.224584145,0.946594806,-0.174234476,-0.152192580,1,0.303197726,0.056444025,-0.273264531,0.224584145,0.946594806,-0.174234476,-0.152192580,41338,103773.296939541,0.008121417,1,0.324593000,0.166170000,-0.186247000,0.466654732,-0.097984698,0.874691986,-0.086869388,1,0.301908324,0.003822801,-0.282502148,0.466654732,-0.097984698,0.874691986,-0.086869388
8.373864042,103773.317433208,vr_world,41255,103773.296939541,0.020493959,1,0.396518000,-0.090719300,-0.195433000,0.224584145,0.946594806,-0.174234476,-0.152192580,1,0.303197726,0.056444025,-0.273264531,0.224584145,0.946594806,-0.174234476,-0.152192580,41338,103773.296939541,0.020493959,1,0.324593000,0.166170000,-0.186247000,0.466654732,-0.097984698,0.874691986,-0.086869388,1,0.301908324,0.003822801,-0.282502148,0.466654732,-0.097984698,0.874691986,-0.086869388
8.386255584,103773.329824750,vr_world,41256,103773.319069875,0.010755333,1,0.395959000,-0.092037100,-0.194993000,0.220131332,0.947654469,-0.175257921,-0.150923373,1,0.303352943,0.055976420,-0.272061693,0.220131332,0.947654469,-0.175257921,-0.150923373,41339,103773.319069875,0.010755333,1,0.324549000,0.166233000,-0.186000000,0.468212549,-0.098078233,0.873876795,-0.086585307,1,0.302332801,0.003921925,-0.282424794,0.468212549,-0.098078233,0.873876795,-0.086585307
8.398629167,103773.342198333,vr_world,41257,103773.340866333,0.001332375,1,0.394765000,-0.094175000,-0.194162000,0.210736845,0.950104552,-0.175120758,-0.149077304,1,0.302861771,0.055312018,-0.269200903,0.210736845,0.950104552,-0.175120758,-0.149077304,41340,103773.340866333,0.001332375,1,0.324616000,0.166136000,-0.185838000,0.469374218,-0.095834039,0.873739024,-0.084165306,1,0.302369545,0.004490344,-0.283367424,0.469374218,-0.095834039,0.873739024,-0.084165306
8.411032959,103773.354602125,vr_world,41257,103773.340866333,0.013736125,1,0.394765000,-0.094175000,-0.194162000,0.210736845,0.950104552,-0.175120758,-0.149077304,1,0.302861771,0.055312018,-0.269200903,0.210736845,0.950104552,-0.175120758,-0.149077304,41340,103773.340866333,0.013736125,1,0.324616000,0.166136000,-0.185838000,0.469374218,-0.095834039,0.873739024,-0.084165306,1,0.302369545,0.004490344,-0.283367424,0.469374218,-0.095834039,0.873739024,-0.084165306
8.422834959,103773.366404125,vr_world,41258,103773.363327708,0.003076917,1,0.394075000,-0.096189600,-0.192396000,0.205033796,0.951974815,-0.174870969,-0.145345239,1,0.302734243,0.053981910,-0.266751933,0.205033796,0.951974815,-0.174870969,-0.145345239,41341,103773.363327708,0.003076917,1,0.324892000,0.166206000,-0.186096000,0.467657285,-0.095137011,0.874760263,-0.083905276,1,0.302030174,0.004686038,-0.283691443,0.467657285,-0.095137011,0.874760263,-0.083905276
8.434980834,103773.378550000,vr_world,41258,103773.363327708,0.015223083,1,0.394075000,-0.096189600,-0.192396000,0.205033796,0.951974815,-0.174870969,-0.145345239,1,0.302734243,0.053981910,-0.266751933,0.205033796,0.951974815,-0.174870969,-0.145345239,41341,103773.363327708,0.015223083,1,0.324892000,0.166206000,-0.186096000,0.467657285,-0.095137011,0.874760263,-0.083905276,1,0.302030174,0.004686038,-0.283691443,0.467657285,-0.095137011,0.874760263,-0.083905276
8.447379209,103773.390948375,vr_world,41259,103773.385664416,0.005284334,1,0.393120000,-0.096862900,-0.192082000,0.201848027,0.951628078,-0.181214966,-0.144300072,1,0.304111761,0.054729745,-0.266383061,0.201848027,0.951628078,-0.181214966,-0.144300072,41342,103773.385664416,0.005284334,1,0.324769000,0.166428000,-0.186269000,0.467135296,-0.096200729,0.874833589,-0.084830569,1,0.301955865,0.004624624,-0.283405372,0.467135296,-0.096200729,0.874833589,-0.084830569
8.458906125,103773.402475291,vr_world,41259,103773.385664416,0.016811459,1,0.393120000,-0.096862900,-0.192082000,0.201848027,0.951628078,-0.181214966,-0.144300072,1,0.304111761,0.054729745,-0.266383061,0.201848027,0.951628078,-0.181214966,-0.144300072,41342,103773.385664416,0.016811459,1,0.324769000,0.166428000,-0.186269000,0.467135296,-0.096200729,0.874833589,-0.084830569,1,0.301955865,0.004624624,-0.283405372,0.467135296,-0.096200729,0.874833589,-0.084830569
8.470836834,103773.414406000,vr_world,41260,103773.408416208,0.005990500,1,0.392602000,-0.097142500,-0.190946000,0.208386725,0.950352036,-0.184728387,-0.138857491,1,0.304743149,0.053510734,-0.268456362,0.208386725,0.950352036,-0.184728387,-0.138857491,41343,103773.408416208,0.005990500,1,0.324550000,0.166292000,-0.185996000,0.468863112,-0.098213856,0.873878691,-0.082809745,1,0.302999183,0.004535761,-0.283498356,0.468863112,-0.098213856,0.873878691,-0.082809745
8.483192000,103773.426761166,vr_world,41260,103773.408416208,0.018345375,1,0.392602000,-0.097142500,-0.190946000,0.208386725,0.950352036,-0.184728387,-0.138857491,1,0.304743149,0.053510734,-0.268456362,0.208386725,0.950352036,-0.184728387,-0.138857491,41343,103773.408416208,0.018345375,1,0.324550000,0.166292000,-0.185996000,0.468863112,-0.098213856,0.873878691,-0.082809745,1,0.302999183,0.004535761,-0.283498356,0.468863112,-0.098213856,0.873878691,-0.082809745
8.494191834,103773.437761000,vr_world,41261,103773.431567458,0.006193833,1,0.392680000,-0.100005000,-0.190384000,0.201380246,0.950836403,-0.190412538,-0.138199846,1,0.307173500,0.052613864,-0.266670335,0.201380246,0.950836403,-0.190412538,-0.138199846,41344,103773.431567458,0.006193833,1,0.324672000,0.166486000,-0.186636000,0.467060299,-0.099364026,0.874626945,-0.083720813,1,0.302860576,0.004432366,-0.283584789,0.467060299,-0.099364026,0.874626945,-0.083720813
8.506576209,103773.450145375,vr_world,41261,103773.431567458,0.018578458,1,0.392680000,-0.100005000,-0.190384000,0.201380246,0.950836403,-0.190412538,-0.138199846,1,0.307173500,0.052613864,-0.266670335,0.201380246,0.950836403,-0.190412538,-0.138199846,41344,103773.431567458,0.018578458,1,0.324672000,0.166486000,-0.186636000,0.467060299,-0.099364026,0.874626945,-0.083720813,1,0.302860576,0.004432366,-0.283584789,0.467060299,-0.099364026,0.874626945,-0.083720813
8.518504417,103773.462073583,vr_world,41262,103773.453589083,0.008484875,1,0.393352000,-0.099335100,-0.189747000,0.204379204,0.950281439,-0.188039043,-0.140839076,1,0.306671368,0.052607938,-0.266056935,0.204379204,0.950281439,-0.188039043,-0.140839076,41345,103773.453589083,0.008484875,1,0.325119000,0.166992000,-0.187040000,0.466529239,-0.098196458,0.874788406,-0.086331735,1,0.302525827,0.004696778,-0.283404246,0.466529239,-0.098196458,0.874788406,-0.086331735
8.530919792,103773.474488958,vr_world,41262,103773.453589083,0.020900292,1,0.393352000,-0.099335100,-0.189747000,0.204379204,0.950281439,-0.188039043,-0.140839076,1,0.306671368,0.052607938,-0.266056935,0.204379204,0.950281439,-0.188039043,-0.140839076,41345,103773.453589083,0.020900292,1,0.325119000,0.166992000,-0.187040000,0.466529239,-0.098196458,0.874788406,-0.086331735,1,0.302525827,0.004696778,-0.283404246,0.466529239,-0.098196458,0.874788406,-0.086331735
8.542826750,103773.486395916,vr_world,41263,103773.476293375,0.010103041,1,0.393162000,-0.099328200,-0.189976000,0.203583426,0.949846391,-0.186057172,-0.147405400,1,0.305386794,0.052883189,-0.264478677,0.203583426,0.949846391,-0.186057172,-0.147405400,41346,103773.476293375,0.010103041,1,0.324266000,0.166545000,-0.186605000,0.466404153,-0.100256112,0.874480842,-0.087744717,1,0.302049595,0.003768561,-0.282242149,0.466404153,-0.100256112,0.874480842,-0.087744717
8.555236417,103773.498805583,vr_world,41264,103773.498763791,0.000042167,1,0.392811000,-0.099198500,-0.190251000,0.205334834,0.950116712,-0.184739990,-0.144868824,1,0.304683305,0.052364834,-0.265653033,0.205334834,0.950116712,-0.184739990,-0.144868824,41347,103773.498763791,0.000042167,1,0.324123000,0.166358000,-0.186308000,0.467195432,-0.100139735,0.874053588,-0.087924892,1,0.302058560,0.003573130,-0.281965837,0.467195432,-0.100139735,0.874053588,-0.087924892
8.566824584,103773.510393750,vr_world,41264,103773.498763791,0.011630584,1,0.392811000,-0.099198500,-0.190251000,0.205334834,0.950116712,-0.184739990,-0.144868824,1,0.304683305,0.052364834,-0.265653033,0.205334834,0.950116712,-0.184739990,-0.144868824,41347,103773.498763791,0.011630584,1,0.324123000,0.166358000,-0.186308000,0.467195432,-0.100139735,0.874053588,-0.087924892,1,0.302058560,0.003573130,-0.281965837,0.467195432,-0.100139735,0.874053588,-0.087924892
8.578191500,103773.521760666,vr_world,41265,103773.520558208,0.001202750,1,0.392366000,-0.099282000,-0.190440000,0.203949574,0.950487350,-0.184312543,-0.144938797,1,0.304182923,0.052456337,-0.265424447,0.203949574,0.950487350,-0.184312543,-0.144938797,41348,103773.520558208,0.001202750,1,0.323800000,0.166163000,-0.185787000,0.468374525,-0.098479762,0.873652155,-0.087515447,1,0.301626399,0.003660572,-0.281899065,0.468374525,-0.098479762,0.873652155,-0.087515447
8.589096792,103773.532665958,vr_world,41265,103773.520558208,0.012108333,1,0.392366000,-0.099282000,-0.190440000,0.203949574,0.950487350,-0.184312543,-0.144938797,1,0.304182923,0.052456337,-0.265424447,0.203949574,0.950487350,-0.184312543,-0.144938797,41348,103773.520558208,0.012108333,1,0.323800000,0.166163000,-0.185787000,0.468374525,-0.098479762,0.873652155,-0.087515447,1,0.301626399,0.003660572,-0.281899065,0.468374525,-0.098479762,0.873652155,-0.087515447
8.601459834,103773.545029000,vr_world,41266,103773.542577625,0.002451833,1,0.392138000,-0.099102600,-0.190283000,0.205138986,0.950836939,-0.181418833,-0.144617838,1,0.302962333,0.051989440,-0.265398566,0.205138986,0.950836939,-0.181418833,-0.144617838,41349,103773.542577625,0.002451833,1,0.323245000,0.165952000,-0.185648000,0.468489538,-0.097053755,0.873706667,-0.087947605,1,0.300648993,0.003573267,-0.281870365,0.468489538,-0.097053755,0.873706667,-0.087947605
8.613851542,103773.557420708,vr_world,41266,103773.542577625,0.014843541,1,0.392138000,-0.099102600,-0.190283000,0.205138986,0.950836939,-0.181418833,-0.144617838,1,0.302962333,0.051989440,-0.265398566,0.205138986,0.950836939,-0.181418833,-0.144617838,41349,103773.542577625,0.014843541,1,0.323245000,0.165952000,-0.185648000,0.468489538,-0.097053755,0.873706667,-0.087947605,1,0.300648993,0.003573267,-0.281870365,0.468489538,-0.097053755,0.873706667,-0.087947605
8.625026334,103773.568595500,vr_world,41267,103773.564925791,0.003669959,1,0.392058000,-0.099276900,-0.190442000,0.204514051,0.950924741,-0.180976703,-0.145477053,1,0.302713872,0.051909514,-0.265166614,0.204514051,0.950924741,-0.180976703,-0.145477053,41350,103773.564925791,0.003669959,1,0.322873000,0.165871000,-0.185926000,0.467963086,-0.096296280,0.873962424,-0.089035157,1,0.299795090,0.003428929,-0.281927201,0.467963086,-0.096296280,0.873962424,-0.089035157
8.637390292,103773.580959458,vr_world,41267,103773.564925791,0.016033917,1,0.392058000,-0.099276900,-0.190442000,0.204514051,0.950924741,-0.180976703,-0.145477053,1,0.302713872,0.051909514,-0.265166614,0.204514051,0.950924741,-0.180976703,-0.145477053,41350,103773.564925791,0.016033917,1,0.322873000,0.165871000,-0.185926000,0.467963086,-0.096296280,0.873962424,-0.089035157,1,0.299795090,0.003428929,-0.281927201,0.467963086,-0.096296280,0.873962424,-0.089035157
8.649720792,103773.593289958,vr_world,41268,103773.586782750,0.006507500,1,0.391732000,-0.099515900,-0.190355000,0.205191727,0.950688746,-0.181763717,-0.145083474,1,0.302629643,0.051648116,-0.265412657,0.205191727,0.950688746,-0.181763717,-0.145083474,41351,103773.586782750,0.006507500,1,0.322401000,0.165682000,-0.186171000,0.468733686,-0.096524420,0.873461716,-0.089645957,1,0.299514412,0.003121407,-0.282017149,0.468733686,-0.096524420,0.873461716,-0.089645957
8.660239584,103773.603808750,vr_world,41268,103773.586782750,0.017026583,1,0.391732000,-0.099515900,-0.190355000,0.205191727,0.950688746,-0.181763717,-0.145083474,1,0.302629643,0.051648116,-0.265412657,0.205191727,0.950688746,-0.181763717,-0.145083474,41351,103773.586782750,0.017026583,1,0.322401000,0.165682000,-0.186171000,0.468733686,-0.096524420,0.873461716,-0.089645957,1,0.299514412,0.003121407,-0.282017149,0.468733686,-0.096524420,0.873461716,-0.089645957
8.672210917,103773.615780083,vr_world,41269,103773.609549083,0.006231542,1,0.390722000,-0.100114000,-0.189854000,0.207347612,0.950018142,-0.184989356,-0.142307541,1,0.302742815,0.050979513,-0.266364732,0.207347612,0.950018142,-0.184989356,-0.142307541,41352,103773.609549083,0.006231542,1,0.321698000,0.165271000,-0.186324000,0.469516241,-0.096712921,0.873286598,-0.087015103,1,0.299388945,0.003080064,-0.282929512,0.469516241,-0.096712921,0.873286598,-0.087015103
8.684623542,103773.628192708,vr_world,41269,103773.609549083,0.018643958,1,0.390722000,-0.100114000,-0.189854000,0.207347612,0.950018142,-0.184989356,-0.142307541,1,0.302742815,0.050979513,-0.266364732,0.207347612,0.950018142,-0.184989356,-0.142307541,41352,103773.609549083,0.018643958,1,0.321698000,0.165271000,-0.186324000,0.469516241,-0.096712921,0.873286598,-0.087015103,1,0.299388945,0.003080064,-0.282929512,0.469516241,-0.096712921,0.873286598,-0.087015103
8.697037125,103773.640606291,vr_world,41270,103773.631162666,0.009444000,1,0.390356000,-0.101797000,-0.190040000,0.205101039,0.949900402,-0.188806167,-0.141333018,1,0.303841778,0.050165481,-0.266499689,0.205101039,0.949900402,-0.188806167,-0.141333018,41353,103773.631162666,0.009444000,1,0.321058000,0.165795000,-0.187424000,0.472122537,-0.098891968,0.871507590,-0.088290480,1,0.299888880,0.003137055,-0.283499223,0.472122537,-0.098891968,0.871507590,-0.088290480
8.709447959,103773.653017125,vr_world,41270,103773.631162666,0.021854792,1,0.390356000,-0.101797000,-0.190040000,0.205101039,0.949900402,-0.188806167,-0.141333018,1,0.303841778,0.050165481,-0.266499689,0.205101039,0.949900402,-0.188806167,-0.141333018,41353,103773.631162666,0.021854792,1,0.321058000,0.165795000,-0.187424000,0.472122537,-0.098891968,0.871507590,-0.088290480,1,0.299888880,0.003137055,-0.283499223,0.472122537,-0.098891968,0.871507590,-0.088290480
8.721812625,103773.665381791,vr_world,41271,103773.653696750,0.011685666,1,0.391289000,-0.102678000,-0.190549000,0.202255506,0.950247363,-0.186433835,-0.146168001,1,0.303815015,0.049730608,-0.265002697,0.202255506,0.950247363,-0.186433835,-0.146168001,41354,103773.653696750,0.011685666,1,0.321041000,0.165860000,-0.187337000,0.472228717,-0.097412080,0.871419741,-0.090213972,1,0.299249775,0.003108536,-0.283114591,0.472228717,-0.097412080,0.871419741,-0.090213972
8.733697417,103773.677266583,vr_world,41272,103773.676535833,0.000731208,1,0.391351000,-0.103108000,-0.190508000,0.202473065,0.949663368,-0.187177908,-0.148689532,1,0.303919688,0.049532344,-0.264535726,0.202473065,0.949663368,-0.187177908,-0.148689532,41355,103773.676535833,0.000731208,1,0.321056000,0.165657000,-0.187133000,0.470212733,-0.098345482,0.872555579,-0.088740707,1,0.299177478,0.002995987,-0.283044272,0.470212733,-0.098345482,0.872555579,-0.088740707
8.745104834,103773.688674000,vr_world,41272,103773.676535833,0.012138667,1,0.391351000,-0.103108000,-0.190508000,0.202473065,0.949663368,-0.187177908,-0.148689532,1,0.303919688,0.049532344,-0.264535726,0.202473065,0.949663368,-0.187177908,-0.148689532,41355,103773.676535833,0.012138667,1,0.321056000,0.165657000,-0.187133000,0.470212733,-0.098345482,0.872555579,-0.088740707,1,0.299177478,0.002995987,-0.283044272,0.470212733,-0.098345482,0.872555579,-0.088740707
8.756157667,103773.699726833,vr_world,41273,103773.699022833,0.000704500,1,0.390719000,-0.104273000,-0.190575000,0.198677895,0.949788720,-0.190921695,-0.148247726,1,0.304796542,0.049502997,-0.264016986,0.198677895,0.949788720,-0.190921695,-0.148247726,41356,103773.699022833,0.000704500,1,0.320907000,0.165862000,-0.187199000,0.469889062,-0.099772097,0.872592424,-0.088500056,1,0.299373655,0.003049715,-0.282931455,0.469889062,-0.099772097,0.872592424,-0.088500056
8.768460167,103773.712029333,vr_world,41273,103773.699022833,0.013006917,1,0.390719000,-0.104273000,-0.190575000,0.198677895,0.949788720,-0.190921695,-0.148247726,1,0.304796542,0.049502997,-0.264016986,0.198677895,0.949788720,-0.190921695,-0.148247726,41356,103773.699022833,0.013006917,1,0.320907000,0.165862000,-0.187199000,0.469889062,-0.099772097,0.872592424,-0.088500056,1,0.299373655,0.003049715,-0.282931455,0.469889062,-0.099772097,0.872592424,-0.088500056
8.778693042,103773.722262208,vr_world,41274,103773.721590458,0.000673292,1,0.391469000,-0.103962000,-0.190937000,0.196310502,0.950165614,-0.189361714,-0.150962358,1,0.304995961,0.050146868,-0.263022561,0.196310502,0.950165614,-0.189361714,-0.150962358,41357,103773.721590458,0.000673292,1,0.321112000,0.166880000,-0.187751000,0.470151287,-0.101451344,0.871651558,-0.094281247,1,0.299416530,0.003000029,-0.281606364,0.470151287,-0.101451344,0.871651558,-0.094281247
8.790827625,103773.734396791,vr_world,41274,103773.721590458,0.012807500,1,0.391469000,-0.103962000,-0.190937000,0.196310502,0.950165614,-0.189361714,-0.150962358,1,0.304995961,0.050146868,-0.263022561,0.196310502,0.950165614,-0.189361714,-0.150962358,41357,103773.721590458,0.012807500,1,0.321112000,0.166880000,-0.187751000,0.470151287,-0.101451344,0.871651558,-0.094281247,1,0.299416530,0.003000029,-0.281606364,0.470151287,-0.101451344,0.871651558,-0.094281247
8.802453834,103773.746023000,vr_world,41275,103773.743818208,0.002205292,1,0.392365000,-0.103755000,-0.190561000,0.197630026,0.949999864,-0.185365814,-0.155184231,1,0.304200675,0.049822885,-0.261725227,0.197630026,0.949999864,-0.185365814,-0.155184231,41358,103773.743818208,0.002205292,1,0.320576000,0.166835000,-0.187359000,0.468584960,-0.103498840,0.872048859,-0.096160863,1,0.298824377,0.002415570,-0.280253172,0.468584960,-0.103498840,0.872048859,-0.096160863
8.812608875,103773.756178041,vr_world,41275,103773.743818208,0.012360667,1,0.392365000,-0.103755000,-0.190561000,0.197630026,0.949999864,-0.185365814,-0.155184231,1,0.304200675,0.049822885,-0.261725227,0.197630026,0.949999864,-0.185365814,-0.155184231,41358,103773.743818208,0.012360667,1,0.320576000,0.166835000,-0.187359000,0.468584960,-0.103498840,0.872048859,-0.096160863,1,0.298824377,0.002415570,-0.280253172,0.468584960,-0.103498840,0.872048859,-0.096160863
8.824442084,103773.768011250,vr_world,41276,103773.766042750,0.001969083,1,0.391493000,-0.103750000,-0.190319000,0.196493763,0.950345769,-0.184627029,-0.155389773,1,0.303149105,0.049915456,-0.261069918,0.196493763,0.950345769,-0.184627029,-0.155389773,41359,103773.766042750,0.001969083,1,0.320396000,0.166758000,-0.187088000,0.468082496,-0.102001761,0.872629136,-0.094935817,1,0.298239317,0.002705853,-0.280534350,0.468082496,-0.102001761,0.872629136,-0.094935817
8.835887334,103773.779456500,vr_world,41276,103773.766042750,0.013414625,1,0.391493000,-0.103750000,-0.190319000,0.196493763,0.950345769,-0.184627029,-0.155389773,1,0.303149105,0.049915456,-0.261069918,0.196493763,0.950345769,-0.184627029,-0.155389773,41359,103773.766042750,0.013414625,1,0.320396000,0.166758000,-0.187088000,0.468082496,-0.102001761,0.872629136,-0.094935817,1,0.298239317,0.002705853,-0.280534350,0.468082496,-0.102001761,0.872629136,-0.094935817
8.848245417,103773.791814583,vr_world,41277,103773.788464791,0.003350209,1,0.390787000,-0.103624000,-0.189898000,0.196056518,0.951244850,-0.184791279,-0.150157451,1,0.302890035,0.049813589,-0.261692524,0.196056518,0.951244850,-0.184791279,-0.150157451,41360,103773.788464791,0.003350209,1,0.319592000,0.166846000,-0.186887000,0.470009942,-0.101487590,0.871689979,-0.094591246,1,0.297832233,0.002915687,-0.280639797,0.470009942,-0.101487590,0.871689979,-0.094591246
8.860590709,103773.804159875,vr_world,41277,103773.788464791,0.015695625,1,0.390787000,-0.103624000,-0.189898000,0.196056518,0.951244850,-0.184791279,-0.150157451,1,0.302890035,0.049813589,-0.261692524,0.196056518,0.951244850,-0.184791279,-0.150157451,41360,103773.788464791,0.015695625,1,0.319592000,0.166846000,-0.186887000,0.470009942,-0.101487590,0.871689979,-0.094591246,1,0.297832233,0.002915687,-0.280639797,0.470009942,-0.101487590,0.871689979,-0.094591246
8.872835375,103773.816404541,vr_world,41278,103773.810425750,0.005979541,1,0.390861000,-0.103168000,-0.189870000,0.194212538,0.952314955,-0.182790372,-0.148207274,1,0.302568736,0.050153698,-0.261426555,0.194212538,0.952314955,-0.182790372,-0.148207274,41361,103773.810425750,0.005979541,1,0.317651000,0.167214000,-0.186653000,0.474813327,-0.102972074,0.868737742,-0.096144639,1,0.297370303,0.002883309,-0.280035753,0.474813327,-0.102972074,0.868737742,-0.096144639
8.885230334,103773.828799500,vr_world,41278,103773.810425750,0.018374500,1,0.390861000,-0.103168000,-0.189870000,0.194212538,0.952314955,-0.182790372,-0.148207274,1,0.302568736,0.050153698,-0.261426555,0.194212538,0.952314955,-0.182790372,-0.148207274,41361,103773.810425750,0.018374500,1,0.317651000,0.167214000,-0.186653000,0.474813327,-0.102972074,0.868737742,-0.096144639,1,0.297370303,0.002883309,-0.280035753,0.474813327,-0.102972074,0.868737742,-0.096144639
8.897495792,103773.841064958,vr_world,41279,103773.832339916,0.008725750,1,0.391008000,-0.103036000,-0.189753000,0.194931511,0.952199820,-0.181068612,-0.150104523,1,0.301973314,0.050030221,-0.260935776,0.194931511,0.952199820,-0.181068612,-0.150104523,41362,103773.832339916,0.008725750,1,0.317378000,0.167475000,-0.186733000,0.474708549,-0.102199738,0.868665658,-0.098117184,1,0.296608862,0.002956199,-0.279676122,0.474708549,-0.102199738,0.868665658,-0.098117184
8.908920500,103773.852489666,vr_world,41279,103773.832339916,0.020150334,1,0.391008000,-0.103036000,-0.189753000,0.194931511,0.952199820,-0.181068612,-0.150104523,1,0.301973314,0.050030221,-0.260935776,0.194931511,0.952199820,-0.181068612,-0.150104523,41362,103773.832339916,0.020150334,1,0.317378000,0.167475000,-0.186733000,0.474708549,-0.102199738,0.868665658,-0.098117184,1,0.296608862,0.002956199,-0.279676122,0.474708549,-0.102199738,0.868665658,-0.098117184
8.921324334,103773.864893500,vr_world,41280,103773.854028500,0.010865500,1,0.389431000,-0.102918000,-0.188635000,0.195601076,0.952549751,-0.181784474,-0.146094474,1,0.300873484,0.049900015,-0.260937574,0.195601076,0.952549751,-0.181784474,-0.146094474,41363,103773.854028500,0.010865500,1,0.316616000,0.167368000,-0.186030000,0.475882687,-0.102122410,0.868310793,-0.095619294,1,0.296439967,0.003224970,-0.279764736,0.475882687,-0.102122410,0.868310793,-0.095619294
8.932758834,103773.876328000,vr_world,41280,103773.854028500,0.022300041,1,0.389431000,-0.102918000,-0.188635000,0.195601076,0.952549751,-0.181784474,-0.146094474,1,0.300873484,0.049900015,-0.260937574,0.195601076,0.952549751,-0.181784474,-0.146094474,41363,103773.854028500,0.022300041,1,0.316616000,0.167368000,-0.186030000,0.475882687,-0.102122410,0.868310793,-0.095619294,1,0.296439967,0.003224970,-0.279764736,0.475882687,-0.102122410,0.868310793,-0.095619294
8.945112792,103773.888681958,vr_world,41281,103773.876973791,0.011708542,1,0.388247000,-0.103382000,-0.188035000,0.190316932,0.953404452,-0.185828805,-0.142362464,1,0.301620989,0.050658549,-0.260082735,0.190316932,0.953404452,-0.185828805,-0.142362464,41364,103773.876973791,0.011708542,1,0.316561000,0.167193000,-0.185188000,0.475079024,-0.096196546,0.870364149,-0.086674067,1,0.295615657,0.005141069,-0.282330616,0.475079024,-0.096196546,0.870364149,-0.086674067
8.956959917,103773.900529083,vr_world,41282,103773.899095083,0.001434333,1,0.388712000,-0.102261000,-0.187329000,0.195844412,0.952818828,-0.184007955,-0.141146450,1,0.301230774,0.050539828,-0.260965980,0.195844412,0.952818828,-0.184007955,-0.141146450,41365,103773.899095083,0.001434333,1,0.316502000,0.168465000,-0.186589000,0.473177446,-0.101077501,0.870038758,-0.094440469,1,0.295470148,0.004618877,-0.280654665,0.473177446,-0.101077501,0.870038758,-0.094440469
8.967118584,103773.910687750,vr_world,41282,103773.899095083,0.011593458,1,0.388712000,-0.102261000,-0.187329000,0.195844412,0.952818828,-0.184007955,-0.141146450,1,0.301230774,0.050539828,-0.260965980,0.195844412,0.952818828,-0.184007955,-0.141146450,41365,103773.899095083,0.011593458,1,0.316502000,0.168465000,-0.186589000,0.473177446,-0.101077501,0.870038758,-0.094440469,1,0.295470148,0.004618877,-0.280654665,0.473177446,-0.101077501,0.870038758,-0.094440469
8.979488042,103773.923057208,vr_world,41283,103773.920970125,0.002087583,1,0.387879000,-0.103220000,-0.186923000,0.194261385,0.952922422,-0.185176698,-0.141106210,1,0.300883018,0.050008679,-0.260244858,0.194261385,0.952922422,-0.185176698,-0.141106210,41366,103773.920970125,0.002087583,1,0.316369000,0.168332000,-0.186539000,0.472320196,-0.100434334,0.870480772,-0.095340452,1,0.294822035,0.004434838,-0.280398825,0.472320196,-0.100434334,0.870480772,-0.095340452
8.991903334,103773.935472500,vr_world,41283,103773.920970125,0.014502791,1,0.387879000,-0.103220000,-0.186923000,0.194261385,0.952922422,-0.185176698,-0.141106210,1,0.300883018,0.050008679,-0.260244858,0.194261385,0.952922422,-0.185176698,-0.141106210,41366,103773.920970125,0.014502791,1,0.316369000,0.168332000,-0.186539000,0.472320196,-0.100434334,0.870480772,-0.095340452,1,0.294822035,0.004434838,-0.280398825,0.472320196,-0.100434334,0.870480772,-0.095340452
9.004160459,103773.947729625,vr_world,41284,103773.943270958,0.004459292,1,0.386773000,-0.103136000,-0.186266000,0.192369957,0.952969652,-0.189868042,-0.137086723,1,0.301741219,0.050831641,-0.260340462,0.192369957,0.952969652,-0.189868042,-0.137086723,41367,103773.943270958,0.004459292,1,0.316628000,0.168342000,-0.186117000,0.470439908,-0.101103215,0.871781357,-0.091987484,1,0.295189059,0.004843285,-0.280693763,0.470439908,-0.101103215,0.871781357,-0.091987484
9.014221250,103773.957790416,vr_world,41284,103773.943270958,0.014520000,1,0.386773000,-0.103136000,-0.186266000,0.192369957,0.952969652,-0.189868042,-0.137086723,1,0.301741219,0.050831641,-0.260340462,0.192369957,0.952969652,-0.189868042,-0.137086723,41367,103773.943270958,0.014520000,1,0.316628000,0.168342000,-0.186117000,0.470439908,-0.101103215,0.871781357,-0.091987484,1,0.295189059,0.004843285,-0.280693763,0.470439908,-0.101103215,0.871781357,-0.091987484
9.025575084,103773.969144250,vr_world,41285,103773.965189500,0.003955291,1,0.385748000,-0.102507000,-0.185237000,0.195543404,0.951278391,-0.197391443,-0.133674303,1,0.303269956,0.051776547,-0.261509106,0.195543404,0.951278391,-0.197391443,-0.133674303,41368,103773.965189500,0.003955291,1,0.317350000,0.168202000,-0.186038000,0.466045691,-0.102306610,0.874677052,-0.085292588,1,0.295913528,0.005523609,-0.282019464,0.466045691,-0.102306610,0.874677052,-0.085292588
9.036158750,103773.979727916,vr_world,41285,103773.965189500,0.014538750,1,0.385748000,-0.102507000,-0.185237000,0.195543404,0.951278391,-0.197391443,-0.133674303,1,0.303269956,0.051776547,-0.261509106,0.195543404,0.951278391,-0.197391443,-0.133674303,41368,103773.965189500,0.014538750,1,0.317350000,0.168202000,-0.186038000,0.466045691,-0.102306610,0.874677052,-0.085292588,1,0.295913528,0.005523609,-0.282019464,0.466045691,-0.102306610,0.874677052,-0.085292588
9.048571750,103773.992140916,vr_world,41286,103773.987079791,0.005061542,1,0.383970000,-0.103320000,-0.183141000,0.201549407,0.949537651,-0.204869180,-0.125637198,1,0.304260932,0.050436026,-0.263321955,0.201549407,0.949537651,-0.204869180,-0.125637198,41369,103773.987079791,0.005061542,1,0.318309000,0.169218000,-0.187071000,0.465389335,-0.104589546,0.874920428,-0.083594487,1,0.297550808,0.006497391,-0.283129852,0.465389335,-0.104589546,0.874920428,-0.083594487
9.060335750,103774.003904916,vr_world,41286,103773.987079791,0.016826334,1,0.383970000,-0.103320000,-0.183141000,0.201549407,0.949537651,-0.204869180,-0.125637198,1,0.304260932,0.050436026,-0.263321955,0.201549407,0.949537651,-0.204869180,-0.125637198,41369,103773.987079791,0.016826334,1,0.318309000,0.169218000,-0.187071000,0.465389335,-0.104589546,0.874920428,-0.083594487,1,0.297550808,0.006497391,-0.283129852,0.465389335,-0.104589546,0.874920428,-0.083594487
9.072685042,103774.016254208,vr_world,41287,103774.009724208,0.006530583,1,0.382026000,-0.103787000,-0.182962000,0.196537681,0.948769742,-0.214452460,-0.123365552,1,0.306039104,0.051907393,-0.263016224,0.196537681,0.948769742,-0.214452460,-0.123365552,41370,103774.009724208,0.006530583,1,0.319901000,0.169476000,-0.187555000,0.461686033,-0.103738505,0.876540516,-0.088096843,1,0.297402374,0.006175057,-0.282227325,0.461686033,-0.103738505,0.876540516,-0.088096843
9.085085834,103774.028655000,vr_world,41287,103774.009724208,0.018931208,1,0.382026000,-0.103787000,-0.182962000,0.196537681,0.948769742,-0.214452460,-0.123365552,1,0.306039104,0.051907393,-0.263016224,0.196537681,0.948769742,-0.214452460,-0.123365552,41370,103774.009724208,0.018931208,1,0.319901000,0.169476000,-0.187555000,0.461686033,-0.103738505,0.876540516,-0.088096843,1,0.297402374,0.006175057,-0.282227325,0.461686033,-0.103738505,0.876540516,-0.088096843
9.097431500,103774.041000666,vr_world,41288,103774.031896458,0.009104667,1,0.381489000,-0.106755000,-0.180552000,0.200026431,0.947666149,-0.219187190,-0.117793346,1,0.307365378,0.048557722,-0.263057020,0.200026431,0.947666149,-0.219187190,-0.117793346,41371,103774.031896458,0.009104667,1,0.321696000,0.168774000,-0.186863000,0.454891168,-0.100401740,0.881471148,-0.077473426,1,0.297740514,0.007468441,-0.284550572,0.454891168,-0.100401740,0.881471148,-0.077473426
9.108899625,103774.052468791,vr_world,41288,103774.031896458,0.020573083,1,0.381489000,-0.106755000,-0.180552000,0.200026431,0.947666149,-0.219187190,-0.117793346,1,0.307365378,0.048557722,-0.263057020,0.200026431,0.947666149,-0.219187190,-0.117793346,41371,103774.031896458,0.020573083,1,0.321696000,0.168774000,-0.186863000,0.454891168,-0.100401740,0.881471148,-0.077473426,1,0.297740514,0.007468441,-0.284550572,0.454891168,-0.100401740,0.881471148,-0.077473426
9.121295417,103774.064864583,vr_world,41289,103774.054062500,0.010802666,1,0.378561000,-0.109437000,-0.180635000,0.184974018,0.947942689,-0.230576727,-0.118421465,1,0.309221975,0.049808197,-0.259733140,0.184974018,0.947942689,-0.230576727,-0.118421465,41372,103774.054062500,0.010802666,1,0.322605000,0.171060000,-0.188751000,0.451537615,-0.103158068,0.882783451,-0.078521169,1,0.298442241,0.009210219,-0.285482842,0.451537615,-0.103158068,0.882783451,-0.078521169
9.133702584,103774.077271750,vr_world,41290,103774.075692208,0.001579917,1,0.378460000,-0.111055000,-0.178848000,0.186626738,0.946250981,-0.237259970,-0.116134612,1,0.311518346,0.048511959,-0.259350557,0.186626738,0.946250981,-0.237259970,-0.116134612,41373,103774.075692208,0.001579917,1,0.323907000,0.171613000,-0.190231000,0.448403374,-0.109444283,0.883449449,-0.080457652,1,0.300515986,0.008631902,-0.285237511,0.448403374,-0.109444283,0.883449449,-0.080457652
9.145475209,103774.089044375,vr_world,41290,103774.075692208,0.013352583,1,0.378460000,-0.111055000,-0.178848000,0.186626738,0.946250981,-0.237259970,-0.116134612,1,0.311518346,0.048511959,-0.259350557,0.186626738,0.946250981,-0.237259970,-0.116134612,41373,103774.075692208,0.013352583,1,0.323907000,0.171613000,-0.190231000,0.448403374,-0.109444283,0.883449449,-0.080457652,1,0.300515986,0.008631902,-0.285237511,0.448403374,-0.109444283,0.883449449,-0.080457652
9.156165042,103774.099734208,vr_world,41291,103774.098283291,0.001451459,1,0.377250000,-0.114515000,-0.178591000,0.182536012,0.943442661,-0.249681591,-0.119397036,1,0.314627947,0.047230599,-0.258216724,0.182536012,0.943442661,-0.249681591,-0.119397036,41374,103774.098283291,0.001451459,1,0.326490000,0.172169000,-0.190426000,0.437870894,-0.110265701,0.888653458,-0.080034907,1,0.300712023,0.009074626,-0.284617063,0.437870894,-0.110265701,0.888653458,-0.080034907
9.168532500,103774.112101666,vr_world,41291,103774.098283291,0.013819125,1,0.377250000,-0.114515000,-0.178591000,0.182536012,0.943442661,-0.249681591,-0.119397036,1,0.314627947,0.047230599,-0.258216724,0.182536012,0.943442661,-0.249681591,-0.119397036,41374,103774.098283291,0.013819125,1,0.326490000,0.172169000,-0.190426000,0.437870894,-0.110265701,0.888653458,-0.080034907,1,0.300712023,0.009074626,-0.284617063,0.437870894,-0.110265701,0.888653458,-0.080034907
9.180163292,103774.123732458,vr_world,41292,103774.120466833,0.003266042,1,0.378681000,-0.117833000,-0.178749000,0.181445160,0.943804617,-0.248287131,-0.121095000,1,0.315502153,0.044058280,-0.257635320,0.181445160,0.943804617,-0.248287131,-0.121095000,41375,103774.120466833,0.003266042,1,0.327261000,0.172179000,-0.190851000,0.430621965,-0.113563515,0.891837774,-0.079331174,1,0.300703168,0.008708259,-0.284168956,0.430621965,-0.113563515,0.891837774,-0.079331174
9.192588000,103774.136157166,vr_world,41292,103774.120466833,0.015690708,1,0.378681000,-0.117833000,-0.178749000,0.181445160,0.943804617,-0.248287131,-0.121095000,1,0.315502153,0.044058280,-0.257635320,0.181445160,0.943804617,-0.248287131,-0.121095000,41375,103774.120466833,0.015690708,1,0.327261000,0.172179000,-0.190851000,0.430621965,-0.113563515,0.891837774,-0.079331174,1,0.300703168,0.008708259,-0.284168956,0.430621965,-0.113563515,0.891837774,-0.079331174
9.205007292,103774.148576458,vr_world,41293,103774.142823000,0.005753791,1,0.380015000,-0.122427000,-0.180716000,0.166849562,0.944932222,-0.248195886,-0.132902677,1,0.316874548,0.042473062,-0.253136264,0.166849562,0.944932222,-0.248195886,-0.132902677,41376,103774.142823000,0.005753791,1,0.329283000,0.171406000,-0.190986000,0.420934730,-0.116184521,0.896421113,-0.075791142,1,0.301473481,0.008036243,-0.284115923,0.420934730,-0.116184521,0.896421113,-0.075791142
9.217421084,103774.160990250,vr_world,41293,103774.142823000,0.018167666,1,0.380015000,-0.122427000,-0.180716000,0.166849562,0.944932222,-0.248195886,-0.132902677,1,0.316874548,0.042473062,-0.253136264,0.166849562,0.944932222,-0.248195886,-0.132902677,41376,103774.142823000,0.018167666,1,0.329283000,0.171406000,-0.190986000,0.420934730,-0.116184521,0.896421113,-0.075791142,1,0.301473481,0.008036243,-0.284115923,0.420934730,-0.116184521,0.896421113,-0.075791142
9.228161584,103774.171730750,vr_world,41294,103774.165957708,0.005773500,1,0.382236000,-0.123417000,-0.182459000,0.164509304,0.945334065,-0.242594927,-0.142926193,1,0.316584625,0.041825314,-0.251801154,0.164509304,0.945334065,-0.242594927,-0.142926193,41377,103774.165957708,0.005773500,1,0.330645000,0.170904000,-0.190712000,0.415829873,-0.117865395,0.898745752,-0.073819642,1,0.302284002,0.007559567,-0.283719950,0.415829873,-0.117865395,0.898745752,-0.073819642
9.240575542,103774.184144708,vr_world,41294,103774.165957708,0.018187458,1,0.382236000,-0.123417000,-0.182459000,0.164509304,0.945334065,-0.242594927,-0.142926193,1,0.316584625,0.041825314,-0.251801154,0.164509304,0.945334065,-0.242594927,-0.142926193,41377,103774.165957708,0.018187458,1,0.330645000,0.170904000,-0.190712000,0.415829873,-0.117865395,0.898745752,-0.073819642,1,0.302284002,0.007559567,-0.283719950,0.415829873,-0.117865395,0.898745752,-0.073819642
9.252988292,103774.196557458,vr_world,41295,103774.188242833,0.008315375,1,0.384237000,-0.124316000,-0.184135000,0.167603099,0.942108106,-0.246475411,-0.153594888,1,0.319025451,0.041484687,-0.252552950,0.167603099,0.942108106,-0.246475411,-0.153594888,41378,103774.188242833,0.008315375,1,0.331935000,0.170679000,-0.191067000,0.411877583,-0.118571884,0.900445275,-0.074134150,1,0.302785311,0.007163887,-0.283529457,0.411877583,-0.118571884,0.900445275,-0.074134150
9.265369750,103774.208938916,vr_world,41295,103774.188242833,0.020696667,1,0.384237000,-0.124316000,-0.184135000,0.167603099,0.942108106,-0.246475411,-0.153594888,1,0.319025451,0.041484687,-0.252552950,0.167603099,0.942108106,-0.246475411,-0.153594888,41378,103774.188242833,0.020696667,1,0.331935000,0.170679000,-0.191067000,0.411877583,-0.118571884,0.900445275,-0.074134150,1,0.302785311,0.007163887,-0.283529457,0.411877583,-0.118571884,0.900445275,-0.074134150
9.277776959,103774.221346125,vr_world,41296,103774.211084416,0.010262292,1,0.386771000,-0.124746000,-0.186521000,0.174552489,0.939455353,-0.246376561,-0.162029806,1,0.320476855,0.040502346,-0.255234248,0.174552489,0.939455353,-0.246376561,-0.162029806,41379,103774.211084416,0.010262292,1,0.333331000,0.169854000,-0.191244000,0.410767838,-0.115223298,0.901330230,-0.074814388,1,0.302851954,0.006676225,-0.283873669,0.410767838,-0.115223298,0.901330230,-0.074814388
9.289496334,103774.233065500,vr_world,41296,103774.211084416,0.021981625,1,0.386771000,-0.124746000,-0.186521000,0.174552489,0.939455353,-0.246376561,-0.162029806,1,0.320476855,0.040502346,-0.255234248,0.174552489,0.939455353,-0.246376561,-0.162029806,41379,103774.211084416,0.021981625,1,0.333331000,0.169854000,-0.191244000,0.410767838,-0.115223298,0.901330230,-0.074814388,1,0.302851954,0.006676225,-0.283873669,0.410767838,-0.115223298,0.901330230,-0.074814388
9.301910917,103774.245480083,vr_world,41297,103774.233678125,0.011802750,1,0.387770000,-0.124361000,-0.187727000,0.182385961,0.939201893,-0.240018667,-0.164396486,1,0.318515790,0.039167473,-0.257625017,0.182385961,0.939201893,-0.240018667,-0.164396486,41380,103774.233678125,0.011802750,1,0.334251000,0.168768000,-0.190938000,0.409271859,-0.112970127,0.902457632,-0.072832120,1,0.302948686,0.006168473,-0.284306928,0.409271859,-0.112970127,0.902457632,-0.072832120
9.314301750,103774.257870916,vr_world,41298,103774.255633916,0.002237750,1,0.388214000,-0.125268000,-0.189551000,0.186439165,0.937496115,-0.242411395,-0.166066815,1,0.319373905,0.037998548,-0.260462872,0.186439165,0.937496115,-0.242411395,-0.166066815,41381,103774.255633916,0.002237750,1,0.335645000,0.166791000,-0.190912000,0.405368638,-0.110660139,0.905145328,-0.064362542,1,0.303576486,0.005718909,-0.286638781,0.405368638,-0.110660139,0.905145328,-0.064362542
9.325573250,103774.269142416,vr_world,41298,103774.255633916,0.013509167,1,0.388214000,-0.125268000,-0.189551000,0.186439165,0.937496115,-0.242411395,-0.166066815,1,0.319373905,0.037998548,-0.260462872,0.186439165,0.937496115,-0.242411395,-0.166066815,41381,103774.255633916,0.013509167,1,0.335645000,0.166791000,-0.190912000,0.405368638,-0.110660139,0.905145328,-0.064362542,1,0.303576486,0.005718909,-0.286638781,0.405368638,-0.110660139,0.905145328,-0.064362542
9.337508292,103774.281077458,vr_world,41299,103774.278000583,0.003077625,1,0.388830000,-0.126052000,-0.191575000,0.181936396,0.937448571,-0.243669654,-0.169453310,1,0.320571940,0.038242302,-0.260651932,0.181936396,0.937448571,-0.243669654,-0.169453310,41382,103774.278000583,0.003077625,1,0.336770000,0.166146000,-0.192005000,0.405210381,-0.111214082,0.905420278,-0.060416023,1,0.305224304,0.005587279,-0.288762310,0.405210381,-0.111214082,0.905420278,-0.060416023
9.349880250,103774.293449416,vr_world,41299,103774.278000583,0.015449250,1,0.388830000,-0.126052000,-0.191575000,0.181936396,0.937448571,-0.243669654,-0.169453310,1,0.320571940,0.038242302,-0.260651932,0.181936396,0.937448571,-0.243669654,-0.169453310,41382,103774.278000583,0.015449250,1,0.336770000,0.166146000,-0.192005000,0.405210381,-0.111214082,0.905420278,-0.060416023,1,0.305224304,0.005587279,-0.288762310,0.405210381,-0.111214082,0.905420278,-0.060416023
9.362295167,103774.305864333,vr_world,41300,103774.300026666,0.005838417,1,0.389994000,-0.126568000,-0.193656000,0.183875820,0.936001406,-0.242769437,-0.176505103,1,0.320860128,0.037761048,-0.261772753,0.183875820,0.936001406,-0.242769437,-0.176505103,41383,103774.300026666,0.005838417,1,0.338213000,0.165217000,-0.193156000,0.403754545,-0.113119972,0.906119944,-0.055971295,1,0.307315362,0.005057310,-0.290779855,0.403754545,-0.113119972,0.906119944,-0.055971295
9.374707542,103774.318276708,vr_world,41300,103774.300026666,0.018250375,1,0.389994000,-0.126568000,-0.193656000,0.183875820,0.936001406,-0.242769437,-0.176505103,1,0.320860128,0.037761048,-0.261772753,0.183875820,0.936001406,-0.242769437,-0.176505103,41383,103774.300026666,0.018250375,1,0.338213000,0.165217000,-0.193156000,0.403754545,-0.113119972,0.906119944,-0.055971295,1,0.307315362,0.005057310,-0.290779855,0.403754545,-0.113119972,0.906119944,-0.055971295
9.385495917,103774.329065083,vr_world,41301,103774.322672833,0.006392917,1,0.390067000,-0.128256000,-0.194799000,0.187112764,0.933626753,-0.247711386,-0.178798683,1,0.322259626,0.036246398,-0.263824801,0.187112764,0.933626753,-0.247711386,-0.178798683,41384,103774.322672833,0.006392917,1,0.340001000,0.164944000,-0.193979000,0.398072129,-0.112747232,0.908856281,-0.052980215,1,0.307895547,0.005232861,-0.291947324,0.398072129,-0.112747232,0.908856281,-0.052980215
9.397882209,103774.341451375,vr_world,41301,103774.322672833,0.018778958,1,0.390067000,-0.128256000,-0.194799000,0.187112764,0.933626753,-0.247711386,-0.178798683,1,0.322259626,0.036246398,-0.263824801,0.187112764,0.933626753,-0.247711386,-0.178798683,41384,103774.322672833,0.018778958,1,0.340001000,0.164944000,-0.193979000,0.398072129,-0.112747232,0.908856281,-0.052980215,1,0.307895547,0.005232861,-0.291947324,0.398072129,-0.112747232,0.908856281,-0.052980215
9.409511584,103774.353080750,vr_world,41302,103774.345599458,0.007481875,1,0.390409000,-0.130953000,-0.195523000,0.183226548,0.932869803,-0.250353820,-0.183043511,1,0.323609337,0.034661524,-0.262851005,0.183226548,0.932869803,-0.250353820,-0.183043511,41385,103774.345599458,0.007481875,1,0.340338000,0.165381000,-0.194511000,0.394615130,-0.112176044,0.910466222,-0.052408893,1,0.307275464,0.005799105,-0.292371680,0.394615130,-0.112176044,0.910466222,-0.052408893
9.421917750,103774.365486916,vr_world,41302,103774.345599458,0.019888125,1,0.390409000,-0.130953000,-0.195523000,0.183226548,0.932869803,-0.250353820,-0.183043511,1,0.323609337,0.034661524,-0.262851005,0.183226548,0.932869803,-0.250353820,-0.183043511,41385,103774.345599458,0.019888125,1,0.340338000,0.165381000,-0.194511000,0.394615130,-0.112176044,0.910466222,-0.052408893,1,0.307275464,0.005799105,-0.292371680,0.394615130,-0.112176044,0.910466222,-0.052408893
9.434318417,103774.377887583,vr_world,41303,103774.368195416,0.009692459,1,0.390023000,-0.135197000,-0.196827000,0.172773704,0.932455191,-0.252983987,-0.191508920,1,0.324596895,0.032687434,-0.259737311,0.172773704,0.932455191,-0.252983987,-0.191508920,41386,103774.368195416,0.009692459,1,0.341497000,0.164713000,-0.194973000,0.392149742,-0.112845474,0.911844288,-0.044994144,1,0.308747130,0.006157820,-0.294591888,0.392149742,-0.112845474,0.911844288,-0.044994144
9.446736959,103774.390306125,vr_world,41303,103774.368195416,0.022111042,1,0.390023000,-0.135197000,-0.196827000,0.172773704,0.932455191,-0.252983987,-0.191508920,1,0.324596895,0.032687434,-0.259737311,0.172773704,0.932455191,-0.252983987,-0.191508920,41386,103774.368195416,0.022111042,1,0.341497000,0.164713000,-0.194973000,0.392149742,-0.112845474,0.911844288,-0.044994144,1,0.308747130,0.006157820,-0.294591888,0.392149742,-0.112845474,0.911844288,-0.044994144
9.457542625,103774.401111791,vr_world,41304,103774.390829625,0.010282666,1,0.388825000,-0.139531000,-0.197661000,0.164375501,0.931375010,-0.257324356,-0.198256050,1,0.325351167,0.030311554,-0.257226529,0.164375501,0.931375010,-0.257324356,-0.198256050,41387,103774.390829625,0.010282666,1,0.342239000,0.165798000,-0.195658000,0.394235468,-0.124754567,0.909684165,-0.038592929,1,0.314141918,0.006669368,-0.295782231,0.394235468,-0.124754567,0.909684165,-0.038592929
9.469915959,103774.413485125,vr_world,41305,103774.412858500,0.000627125,1,0.388221000,-0.142052000,-0.197413000,0.161567811,0.931139797,-0.260322565,-0.197754099,1,0.326073765,0.028428394,-0.256553529,0.161567811,0.931139797,-0.260322565,-0.197754099,41388,103774.412858500,0.000627125,1,0.343446000,0.167244000,-0.196497000,0.393272984,-0.125776871,0.909714052,-0.044010033,1,0.314901085,0.007104164,-0.294867102,0.393272984,-0.125776871,0.909714052,-0.044010033
9.482274292,103774.425843458,vr_world,41305,103774.412858500,0.012985291,1,0.388221000,-0.142052000,-0.197413000,0.161567811,0.931139797,-0.260322565,-0.197754099,1,0.326073765,0.028428394,-0.256553529,0.161567811,0.931139797,-0.260322565,-0.197754099,41388,103774.412858500,0.012985291,1,0.343446000,0.167244000,-0.196497000,0.393272984,-0.125776871,0.909714052,-0.044010033,1,0.314901085,0.007104164,-0.294867102,0.393272984,-0.125776871,0.909714052,-0.044010033
9.494683334,103774.438252500,vr_world,41306,103774.435091625,0.003161500,1,0.386934000,-0.147011000,-0.197374000,0.154337368,0.930298109,-0.269202440,-0.195590009,1,0.328671696,0.025123862,-0.255671013,0.154337368,0.930298109,-0.269202440,-0.195590009,41389,103774.435091625,0.003161500,1,0.345996000,0.167996000,-0.196675000,0.388206168,-0.121398857,0.912374837,-0.046156747,1,0.314708624,0.008031017,-0.294493785,0.388206168,-0.121398857,0.912374837,-0.046156747
9.507089959,103774.450659125,vr_world,41306,103774.435091625,0.015568000,1,0.386934000,-0.147011000,-0.197374000,0.154337368,0.930298109,-0.269202440,-0.195590009,1,0.328671696,0.025123862,-0.255671013,0.154337368,0.930298109,-0.269202440,-0.195590009,41389,103774.435091625,0.015568000,1,0.345996000,0.167996000,-0.196675000,0.388206168,-0.121398857,0.912374837,-0.046156747,1,0.314708624,0.008031017,-0.294493785,0.388206168,-0.121398857,0.912374837,-0.046156747
9.519500542,103774.463069708,vr_world,41307,103774.458339750,0.004730625,1,0.386202000,-0.151574000,-0.198967000,0.145054423,0.929132208,-0.276805304,-0.197614214,1,0.331412316,0.022494492,-0.254839049,0.145054423,0.929132208,-0.276805304,-0.197614214,41390,103774.458339750,0.004730625,1,0.347356000,0.167998000,-0.196245000,0.377609707,-0.124406677,0.916582661,-0.042545427,1,0.314756161,0.008034049,-0.293636003,0.377609707,-0.124406677,0.916582661,-0.042545427
9.531902334,103774.475471500,vr_world,41307,103774.458339750,0.017132250,1,0.386202000,-0.151574000,-0.198967000,0.145054423,0.929132208,-0.276805304,-0.197614214,1,0.331412316,0.022494492,-0.254839049,0.145054423,0.929132208,-0.276805304,-0.197614214,41390,103774.458339750,0.017132250,1,0.347356000,0.167998000,-0.196245000,0.377609707,-0.124406677,0.916582661,-0.042545427,1,0.314756161,0.008034049,-0.293636003,0.377609707,-0.124406677,0.916582661,-0.042545427
9.542238375,103774.485807541,vr_world,41308,103774.480590875,0.005217500,1,0.387431000,-0.151362000,-0.198974000,0.150052447,0.929033507,-0.272609115,-0.200163127,1,0.330590072,0.021854442,-0.255441820,0.150052447,0.929033507,-0.272609115,-0.200163127,41391,103774.480590875,0.005217500,1,0.347637000,0.169145000,-0.196635000,0.373868995,-0.124844863,0.917976949,-0.044204715,1,0.314128188,0.008812202,-0.293106826,0.373868995,-0.124844863,0.917976949,-0.044204715
9.554652500,103774.498221666,vr_world,41308,103774.480590875,0.017631166,1,0.387431000,-0.151362000,-0.198974000,0.150052447,0.929033507,-0.272609115,-0.200163127,1,0.330590072,0.021854442,-0.255441820,0.150052447,0.929033507,-0.272609115,-0.200163127,41391,103774.480590875,0.017631166,1,0.347637000,0.169145000,-0.196635000,0.373868995,-0.124844863,0.917976949,-0.044204715,1,0.314128188,0.008812202,-0.293106826,0.373868995,-0.124844863,0.917976949,-0.044204715
9.567069542,103774.510638708,vr_world,41309,103774.502676916,0.007962250,1,0.388110000,-0.156379000,-0.198359000,0.151828401,0.927695184,-0.270762112,-0.207406992,1,0.330186320,0.016821573,-0.253765338,0.151828401,0.927695184,-0.270762112,-0.207406992,41392,103774.502676916,0.007962250,1,0.348034000,0.170970000,-0.196752000,0.372320714,-0.116567237,0.919370461,-0.050470981,1,0.311108775,0.010818980,-0.292273903,0.372320714,-0.116567237,0.919370461,-0.050470981
9.579481542,103774.523050708,vr_world,41309,103774.502676916,0.020374375,1,0.388110000,-0.156379000,-0.198359000,0.151828401,0.927695184,-0.270762112,-0.207406992,1,0.330186320,0.016821573,-0.253765338,0.151828401,0.927695184,-0.270762112,-0.207406992,41392,103774.502676916,0.020374375,1,0.348034000,0.170970000,-0.196752000,0.372320714,-0.116567237,0.919370461,-0.050470981,1,0.311108775,0.010818980,-0.292273903,0.372320714,-0.116567237,0.919370461,-0.050470981
9.590839000,103774.534408166,vr_world,41310,103774.524857541,0.009551084,1,0.387752000,-0.158345000,-0.201193000,0.142034195,0.925988232,-0.275761050,-0.215239225,1,0.332277471,0.016858531,-0.252668676,0.142034195,0.925988232,-0.275761050,-0.215239225,41393,103774.524857541,0.009551084,1,0.347568000,0.170647000,-0.196941000,0.378299836,-0.116742268,0.916769432,-0.052860995,1,0.311889484,0.010181008,-0.292407833,0.378299836,-0.116742268,0.916769432,-0.052860995
9.602760959,103774.546330125,vr_world,41310,103774.524857541,0.021473042,1,0.387752000,-0.158345000,-0.201193000,0.142034195,0.925988232,-0.275761050,-0.215239225,1,0.332277471,0.016858531,-0.252668676,0.142034195,0.925988232,-0.275761050,-0.215239225,41393,103774.524857541,0.021473042,1,0.347568000,0.170647000,-0.196941000,0.378299836,-0.116742268,0.916769432,-0.052860995,1,0.311889484,0.010181008,-0.292407833,0.378299836,-0.116742268,0.916769432,-0.052860995
9.614834875,103774.558404041,vr_world,41311,103774.547140875,0.011263708,1,0.387844000,-0.160850000,-0.203083000,0.133395430,0.926660229,-0.273297560,-0.220940995,1,0.332133543,0.015385888,-0.250629792,0.133395430,0.926660229,-0.273297560,-0.220940995,41394,103774.547140875,0.011263708,1,0.347250000,0.170210000,-0.197153000,0.375988500,-0.118644072,0.917555572,-0.051458764,1,0.311721180,0.009661778,-0.292537428,0.375988500,-0.118644072,0.917555572,-0.051458764
9.625496584,103774.569065750,vr_world,41311,103774.547140875,0.021925375,1,0.387844000,-0.160850000,-0.203083000,0.133395430,0.926660229,-0.273297560,-0.220940995,1,0.332133543,0.015385888,-0.250629792,0.133395430,0.926660229,-0.273297560,-0.220940995,41394,103774.547140875,0.021925375,1,0.347250000,0.170210000,-0.197153000,0.375988500,-0.118644072,0.917555572,-0.051458764,1,0.311721180,0.009661778,-0.292537428,0.375988500,-0.118644072,0.917555572,-0.051458764
9.636161584,103774.579730750,vr_world,41312,103774.569658833,0.010072292,1,0.388496000,-0.162137000,-0.202942000,0.127932477,0.928673273,-0.268493720,-0.221608565,1,0.331541578,0.014291933,-0.248246412,0.127932477,0.928673273,-0.268493720,-0.221608565,41395,103774.569658833,0.010072292,1,0.347089000,0.170225000,-0.197924000,0.376258345,-0.118787044,0.917414824,-0.051665617,1,0.311647693,0.009629208,-0.293260775,0.376258345,-0.118787044,0.917414824,-0.051665617
9.646829167,103774.590398333,vr_world,41312,103774.569658833,0.020755500,1,0.388496000,-0.162137000,-0.202942000,0.127932477,0.928673273,-0.268493720,-0.221608565,1,0.331541578,0.014291933,-0.248246412,0.127932477,0.928673273,-0.268493720,-0.221608565,41395,103774.569658833,0.020755500,1,0.347089000,0.170225000,-0.197924000,0.376258345,-0.118787044,0.917414824,-0.051665617,1,0.311647693,0.009629208,-0.293260775,0.376258345,-0.118787044,0.917414824,-0.051665617
9.658900834,103774.602470000,vr_world,41313,103774.591031833,0.011438667,1,0.389594000,-0.164578000,-0.202917000,0.123859755,0.929014364,-0.263741059,-0.228104638,1,0.331181372,0.012111549,-0.245251271,0.123859755,0.929014364,-0.263741059,-0.228104638,41396,103774.591031833,0.011438667,1,0.345722000,0.169745000,-0.198716000,0.382416305,-0.121328975,0.914491008,-0.052376008,1,0.312437682,0.008765410,-0.294182879,0.382416305,-0.121328975,0.914491008,-0.052376008
9.671313584,103774.614882750,vr_world,41314,103774.613313625,0.001569750,1,0.388577000,-0.164217000,-0.204199000,0.125523155,0.926157499,-0.267992666,-0.233786562,1,0.331449805,0.012937755,-0.246343203,0.125523155,0.926157499,-0.267992666,-0.233786562,41397,103774.613313625,0.001569750,1,0.346215000,0.171132000,-0.199342000,0.382339724,-0.118946188,0.914585825,-0.056576564,1,0.311806113,0.009851993,-0.293898972,0.382339724,-0.118946188,0.914585825,-0.056576564
9.683719625,103774.627288791,vr_world,41314,103774.613313625,0.013975708,1,0.388577000,-0.164217000,-0.204199000,0.125523155,0.926157499,-0.267992666,-0.233786562,1,0.331449805,0.012937755,-0.246343203,0.125523155,0.926157499,-0.267992666,-0.233786562,41397,103774.613313625,0.013975708,1,0.346215000,0.171132000,-0.199342000,0.382339724,-0.118946188,0.914585825,-0.056576564,1,0.311806113,0.009851993,-0.293898972,0.382339724,-0.118946188,0.914585825,-0.056576564
9.696136959,103774.639706125,vr_world,41315,103774.635654708,0.004051833,1,0.387825000,-0.162963000,-0.204708000,0.128461378,0.926328818,-0.267188547,-0.232428219,1,0.330149556,0.013757051,-0.247916861,0.128461378,0.926328818,-0.267188547,-0.232428219,41398,103774.635654708,0.004051833,1,0.346137000,0.169973000,-0.199098000,0.379582982,-0.117907272,0.915861846,-0.056671987,1,0.310755445,0.008793671,-0.293467261,0.379582982,-0.117907272,0.915861846,-0.056671987
9.708125542,103774.651694708,vr_world,41315,103774.635654708,0.016040500,1,0.387825000,-0.162963000,-0.204708000,0.128461378,0.926328818,-0.267188547,-0.232428219,1,0.330149556,0.013757051,-0.247916861,0.128461378,0.926328818,-0.267188547,-0.232428219,41398,103774.635654708,0.016040500,1,0.346137000,0.169973000,-0.199098000,0.379582982,-0.117907272,0.915861846,-0.056671987,1,0.310755445,0.008793671,-0.293467261,0.379582982,-0.117907272,0.915861846,-0.056671987
9.720531834,103774.664101000,vr_world,41316,103774.657693041,0.006408250,1,0.387091000,-0.161545000,-0.204150000,0.135045250,0.926393091,-0.267410213,-0.228145568,1,0.328949292,0.014305581,-0.250188694,0.135045250,0.926393091,-0.267410213,-0.228145568,41399,103774.657693041,0.006408250,1,0.345627000,0.169367000,-0.199218000,0.378582121,-0.119131290,0.916203699,-0.055263871,1,0.310505728,0.008214964,-0.293731030,0.378582121,-0.119131290,0.916203699,-0.055263871
9.732949584,103774.676518750,vr_world,41316,103774.657693041,0.018826084,1,0.387091000,-0.161545000,-0.204150000,0.135045250,0.926393091,-0.267410213,-0.228145568,1,0.328949292,0.014305581,-0.250188694,0.135045250,0.926393091,-0.267410213,-0.228145568,41399,103774.657693041,0.018826084,1,0.345627000,0.169367000,-0.199218000,0.378582121,-0.119131290,0.916203699,-0.055263871,1,0.310505728,0.008214964,-0.293731030,0.378582121,-0.119131290,0.916203699,-0.055263871
9.745342500,103774.688911666,vr_world,41317,103774.680789125,0.008123083,1,0.387244000,-0.160427000,-0.203364000,0.138710787,0.926322888,-0.271623380,-0.221146930,1,0.330429508,0.015077220,-0.252290652,0.138710787,0.926322888,-0.271623380,-0.221146930,41400,103774.680789125,0.008123083,1,0.345223000,0.168929000,-0.199232000,0.378708018,-0.118868478,0.916306860,-0.053218993,1,0.310242716,0.008118051,-0.294376205,0.378708018,-0.118868478,0.916306860,-0.053218993
9.755864000,103774.699433166,vr_world,41317,103774.680789125,0.018644541,1,0.387244000,-0.160427000,-0.203364000,0.138710787,0.926322888,-0.271623380,-0.221146930,1,0.330429508,0.015077220,-0.252290652,0.138710787,0.926322888,-0.271623380,-0.221146930,41400,103774.680789125,0.018644541,1,0.345223000,0.168929000,-0.199232000,0.378708018,-0.118868478,0.916306860,-0.053218993,1,0.310242716,0.008118051,-0.294376205,0.378708018,-0.118868478,0.916306860,-0.053218993
9.766830750,103774.710399916,vr_world,41318,103774.702497041,0.007903417,1,0.387087000,-0.158544000,-0.202603000,0.144966747,0.924948426,-0.274945359,-0.218769518,1,0.330947748,0.016416025,-0.254185911,0.144966747,0.924948426,-0.274945359,-0.218769518,41401,103774.702497041,0.007903417,1,0.344066000,0.168613000,-0.199660000,0.382127001,-0.117316530,0.915088605,-0.053184884,1,0.309438730,0.008060724,-0.295368628,0.382127001,-0.117316530,0.915088605,-0.053184884
9.777498542,103774.721067708,vr_world,41318,103774.702497041,0.018571000,1,0.387087000,-0.158544000,-0.202603000,0.144966747,0.924948426,-0.274945359,-0.218769518,1,0.330947748,0.016416025,-0.254185911,0.144966747,0.924948426,-0.274945359,-0.218769518,41401,103774.702497041,0.018571000,1,0.344066000,0.168613000,-0.199660000,0.382127001,-0.117316530,0.915088605,-0.053184884,1,0.309438730,0.008060724,-0.295368628,0.382127001,-0.117316530,0.915088605,-0.053184884
9.789913167,103774.733482333,vr_world,41319,103774.724453791,0.009028959,1,0.385750000,-0.156596000,-0.201613000,0.153292649,0.923763952,-0.278078291,-0.214088742,1,0.330102067,0.017392997,-0.256881375,0.153292649,0.923763952,-0.278078291,-0.214088742,41402,103774.724453791,0.009028959,1,0.343455000,0.168398000,-0.199585000,0.385952290,-0.113178155,0.913862235,-0.055563923,1,0.308288919,0.008108468,-0.295537454,0.385952290,-0.113178155,0.913862235,-0.055563923
9.801496834,103774.745066000,vr_world,41319,103774.724453791,0.020612584,1,0.385750000,-0.156596000,-0.201613000,0.153292649,0.923763952,-0.278078291,-0.214088742,1,0.330102067,0.017392997,-0.256881375,0.153292649,0.923763952,-0.278078291,-0.214088742,41402,103774.724453791,0.020612584,1,0.343455000,0.168398000,-0.199585000,0.385952290,-0.113178155,0.913862235,-0.055563923,1,0.308288919,0.008108468,-0.295537454,0.385952290,-0.113178155,0.913862235,-0.055563923
9.813909334,103774.757478500,vr_world,41320,103774.747540916,0.009937917,1,0.385077000,-0.156106000,-0.201577000,0.153785354,0.925301013,-0.275289863,-0.210674136,1,0.328491052,0.017411699,-0.257371720,0.153785354,0.925301013,-0.275289863,-0.210674136,41403,103774.747540916,0.009937917,1,0.342860000,0.168443000,-0.199486000,0.386243412,-0.113988311,0.913547889,-0.057034602,1,0.307863421,0.007823739,-0.294947458,0.386243412,-0.113988311,0.913547889,-0.057034602
9.825564500,103774.769133666,vr_world,41320,103774.747540916,0.021593042,1,0.385077000,-0.156106000,-0.201577000,0.153785354,0.925301013,-0.275289863,-0.210674136,1,0.328491052,0.017411699,-0.257371720,0.153785354,0.925301013,-0.275289863,-0.210674136,41403,103774.747540916,0.021593042,1,0.342860000,0.168443000,-0.199486000,0.386243412,-0.113988311,0.913547889,-0.057034602,1,0.307863421,0.007823739,-0.294947458,0.386243412,-0.113988311,0.913547889,-0.057034602
9.837950792,103774.781519958,vr_world,41321,103774.770057916,0.011462584,1,0.384021000,-0.155612000,-0.201268000,0.152961453,0.925708849,-0.277617835,-0.206383765,1,0.328496667,0.017984956,-0.257876839,0.152961453,0.925708849,-0.277617835,-0.206383765,41404,103774.770057916,0.011462584,1,0.341763000,0.168418000,-0.199736000,0.387804111,-0.118118493,0.912204748,-0.059485220,1,0.308132474,0.006879358,-0.294131406,0.387804111,-0.118118493,0.912204748,-0.059485220
9.850375500,103774.793944666,vr_world,41322,103774.791918125,0.002027208,1,0.382986000,-0.154793000,-0.199946000,0.155524539,0.924789390,-0.282971616,-0.201255474,1,0.329353056,0.018647377,-0.258813881,0.155524539,0.924789390,-0.282971616,-0.201255474,41405,103774.791918125,0.002027208,1,0.342160000,0.168460000,-0.198954000,0.389082704,-0.116987738,0.912040015,-0.055781077,1,0.308854340,0.007640480,-0.294683102,0.389082704,-0.116987738,0.912040015,-0.055781077
9.862787667,103774.806356833,vr_world,41322,103774.791918125,0.014439375,1,0.382986000,-0.154793000,-0.199946000,0.155524539,0.924789390,-0.282971616,-0.201255474,1,0.329353056,0.018647377,-0.258813881,0.155524539,0.924789390,-0.282971616,-0.201255474,41405,103774.791918125,0.014439375,1,0.342160000,0.168460000,-0.198954000,0.389082704,-0.116987738,0.912040015,-0.055781077,1,0.308854340,0.007640480,-0.294683102,0.389082704,-0.116987738,0.912040015,-0.055781077
9.875187667,103774.818756833,vr_world,41323,103774.813722000,0.005035333,1,0.382563000,-0.155031000,-0.199349000,0.154403655,0.925460788,-0.282014166,-0.200374278,1,0.328719167,0.018430566,-0.257960949,0.154403655,0.925460788,-0.282014166,-0.200374278,41406,103774.813722000,0.005035333,1,0.343088000,0.168364000,-0.198988000,0.385563767,-0.115064800,0.913781008,-0.055722010,1,0.308372961,0.007782776,-0.294616131,0.385563767,-0.115064800,0.913781008,-0.055722010
9.885688334,103774.829257500,vr_world,41323,103774.813722000,0.015535875,1,0.382563000,-0.155031000,-0.199349000,0.154403655,0.925460788,-0.282014166,-0.200374278,1,0.328719167,0.018430566,-0.257960949,0.154403655,0.925460788,-0.282014166,-0.200374278,41406,103774.813722000,0.015535875,1,0.343088000,0.168364000,-0.198988000,0.385563767,-0.115064800,0.913781008,-0.055722010,1,0.308372961,0.007782776,-0.294616131,0.385563767,-0.115064800,0.913781008,-0.055722010
9.898051125,103774.841620291,vr_world,41324,103774.836397583,0.005223333,1,0.380878000,-0.156899000,-0.198166000,0.148835392,0.924912660,-0.290574710,-0.194810000,1,0.330865831,0.017637706,-0.256980813,0.148835392,0.924912660,-0.290574710,-0.194810000,41407,103774.836397583,0.005223333,1,0.343972000,0.168142000,-0.198288000,0.381095759,-0.114631531,0.916106943,-0.048720672,1,0.308718060,0.008627489,-0.295491407,0.381095759,-0.114631531,0.916106943,-0.048720672
9.910461834,103774.854031000,vr_world,41324,103774.836397583,0.017633792,1,0.380878000,-0.156899000,-0.198166000,0.148835392,0.924912660,-0.290574710,-0.194810000,1,0.330865831,0.017637706,-0.256980813,0.148835392,0.924912660,-0.290574710,-0.194810000,41407,103774.836397583,0.017633792,1,0.343972000,0.168142000,-0.198288000,0.381095759,-0.114631531,0.916106943,-0.048720672,1,0.308718060,0.008627489,-0.295491407,0.381095759,-0.114631531,0.916106943,-0.048720672
9.922882209,103774.866451375,vr_world,41325,103774.859108833,0.007343250,1,0.380752000,-0.157789000,-0.197942000,0.145182504,0.924212670,-0.295864554,-0.192917462,1,0.333079447,0.017486243,-0.256502549,0.145182504,0.924212670,-0.295864554,-0.192917462,41408,103774.859108833,0.007343250,1,0.343809000,0.169085000,-0.199371000,0.383099113,-0.120507744,0.914412294,-0.050627165,1,0.310605726,0.008489573,-0.295510736,0.383099113,-0.120507744,0.914412294,-0.050627165
9.933293500,103774.876862666,vr_world,41325,103774.859108833,0.017754292,1,0.380752000,-0.157789000,-0.197942000,0.145182504,0.924212670,-0.295864554,-0.192917462,1,0.333079447,0.017486243,-0.256502549,0.145182504,0.924212670,-0.295864554,-0.192917462,41408,103774.859108833,0.017754292,1,0.343809000,0.169085000,-0.199371000,0.383099113,-0.120507744,0.914412294,-0.050627165,1,0.310605726,0.008489573,-0.295510736,0.383099113,-0.120507744,0.914412294,-0.050627165
9.945689834,103774.889259000,vr_world,41326,103774.881581541,0.007677917,1,0.380006000,-0.159089000,-0.196509000,0.146272361,0.922192119,-0.303987564,-0.189096942,1,0.335383537,0.016388436,-0.256841072,0.146272361,0.922192119,-0.303987564,-0.189096942,41409,103774.881581541,0.007677917,1,0.344394000,0.169655000,-0.199437000,0.384344701,-0.127952965,0.912915232,-0.049929641,1,0.313787756,0.008182264,-0.294967374,0.384344701,-0.127952965,0.912915232,-0.049929641
9.956164417,103774.899733583,vr_world,41326,103774.881581541,0.018152417,1,0.380006000,-0.159089000,-0.196509000,0.146272361,0.922192119,-0.303987564,-0.189096942,1,0.335383537,0.016388436,-0.256841072,0.146272361,0.922192119,-0.303987564,-0.189096942,41409,103774.881581541,0.018152417,1,0.344394000,0.169655000,-0.199437000,0.384344701,-0.127952965,0.912915232,-0.049929641,1,0.313787756,0.008182264,-0.294967374,0.384344701,-0.127952965,0.912915232,-0.049929641
9.968554417,103774.912123583,vr_world,41327,103774.904382291,0.007741875,1,0.379745000,-0.162094000,-0.196391000,0.134167634,0.920931589,-0.310702951,-0.193255610,1,0.338536190,0.015478967,-0.252899146,0.134167634,0.920931589,-0.310702951,-0.193255610,41410,103774.904382291,0.007741875,1,0.345613000,0.170056000,-0.199413000,0.382137660,-0.125213000,0.914458036,-0.045376344,1,0.314078148,0.009612453,-0.296364525,0.382137660,-0.125213000,0.914458036,-0.045376344
9.980961667,103774.924530833,vr_world,41327,103774.904382291,0.020149084,1,0.379745000,-0.162094000,-0.196391000,0.134167634,0.920931589,-0.310702951,-0.193255610,1,0.338536190,0.015478967,-0.252899146,0.134167634,0.920931589,-0.310702951,-0.193255610,41410,103774.904382291,0.020149084,1,0.345613000,0.170056000,-0.199413000,0.382137660,-0.125213000,0.914458036,-0.045376344,1,0.314078148,0.009612453,-0.296364525,0.382137660,-0.125213000,0.914458036,-0.045376344
9.993370750,103774.936939916,vr_world,41328,103774.926939541,0.010000667,1,0.379446000,-0.161255000,-0.195513000,0.135791366,0.922545831,-0.305691610,-0.192412406,1,0.336261360,0.015785235,-0.252216529,0.135791366,0.922545831,-0.305691610,-0.192412406,41411,103774.926939541,0.010000667,1,0.345760000,0.170918000,-0.199823000,0.380719044,-0.127278753,0.914551902,-0.049476738,1,0.314128713,0.009552610,-0.295200405,0.380719044,-0.127278753,0.914551902,-0.049476738
10.005781959,103774.949351125,vr_world,41329,103774.948845625,0.000505916,1,0.378059000,-0.162294000,-0.194528000,0.134431500,0.920011247,-0.316767574,-0.187525413,1,0.339312964,0.015302152,-0.252681143,0.134431500,0.920011247,-0.316767574,-0.187525413,41412,103774.948845625,0.000505916,1,0.345635000,0.170680000,-0.199791000,0.377442616,-0.131511157,0.915270375,-0.050219804,1,0.314440014,0.008598136,-0.294091362,0.377442616,-0.131511157,0.915270375,-0.050219804
10.017497292,103774.961066458,vr_world,41329,103774.948845625,0.012221291,1,0.378059000,-0.162294000,-0.194528000,0.134431500,0.920011247,-0.316767574,-0.187525413,1,0.339312964,0.015302152,-0.252681143,0.134431500,0.920011247,-0.316767574,-0.187525413,41412,103774.948845625,0.012221291,1,0.345635000,0.170680000,-0.199791000,0.377442616,-0.131511157,0.915270375,-0.050219804,1,0.314440014,0.008598136,-0.294091362,0.377442616,-0.131511157,0.915270375,-0.050219804
10.028172459,103774.971741625,vr_world,41329,103774.948845625,0.022896625,1,0.378059000,-0.162294000,-0.194528000,0.134431500,0.920011247,-0.316767574,-0.187525413,1,0.339312964,0.015302152,-0.252681143,0.134431500,0.920011247,-0.316767574,-0.187525413,41412,103774.948845625,0.022896625,1,0.345635000,0.170680000,-0.199791000,0.377442616,-0.131511157,0.915270375,-0.050219804,1,0.314440014,0.008598136,-0.294091362,0.377442616,-0.131511157,0.915270375,-0.050219804
10.040599667,103774.984168833,vr_world,41330,103774.973132708,0.011036667,1,0.378594000,-0.162163000,-0.194643000,0.134153978,0.921847498,-0.308777233,-0.191980520,1,0.336718926,0.015237484,-0.251202631,0.134153978,0.921847498,-0.308777233,-0.191980520,41413,103774.973132708,0.011036667,1,0.346271000,0.171041000,-0.199375000,0.373082515,-0.130251891,0.917309078,-0.048866528,1,0.313790601,0.009265523,-0.293767440,0.373082515,-0.130251891,0.917309078,-0.048866528
10.053013542,103774.996582708,vr_world,41331,103774.995205875,0.001377500,1,0.377627000,-0.161235000,-0.194466000,0.132377977,0.921780797,-0.309847196,-0.191809665,1,0.336316651,0.016430101,-0.250608766,0.132377977,0.921780797,-0.309847196,-0.191809665,41414,103774.995205875,0.001377500,1,0.345975000,0.171207000,-0.199432000,0.371976410,-0.126732522,0.918028126,-0.052884581,1,0.311806055,0.009289996,-0.292981940,0.371976410,-0.126732522,0.918028126,-0.052884581
10.065410625,103775.008979791,vr_world,41331,103774.995205875,0.013774833,1,0.377627000,-0.161235000,-0.194466000,0.132377977,0.921780797,-0.309847196,-0.191809665,1,0.336316651,0.016430101,-0.250608766,0.132377977,0.921780797,-0.309847196,-0.191809665,41414,103774.995205875,0.013774833,1,0.345975000,0.171207000,-0.199432000,0.371976410,-0.126732522,0.918028126,-0.052884581,1,0.311806055,0.009289996,-0.292981940,0.371976410,-0.126732522,0.918028126,-0.052884581
10.075569125,103775.019138291,vr_world,41332,103775.017580083,0.001558708,1,0.377084000,-0.160468000,-0.193434000,0.138008264,0.921984720,-0.310576758,-0.185580098,1,0.335790825,0.016256913,-0.252481652,0.138008264,0.921984720,-0.310576758,-0.185580098,41415,103775.017580083,0.001558708,1,0.345410000,0.170757000,-0.199213000,0.375871761,-0.127719552,0.916371157,-0.051691755,1,0.312561703,0.008934600,-0.293397435,0.375871761,-0.127719552,0.916371157,-0.051691755
10.086832084,103775.030401250,vr_world,41332,103775.017580083,0.012821792,1,0.377084000,-0.160468000,-0.193434000,0.138008264,0.921984720,-0.310576758,-0.185580098,1,0.335790825,0.016256913,-0.252481652,0.138008264,0.921984720,-0.310576758,-0.185580098,41415,103775.017580083,0.012821792,1,0.345410000,0.170757000,-0.199213000,0.375871761,-0.127719552,0.916371157,-0.051691755,1,0.312561703,0.008934600,-0.293397435,0.375871761,-0.127719552,0.916371157,-0.051691755
10.096993417,103775.040562583,vr_world,41333,103775.039487916,0.001074917,1,0.377192000,-0.160096000,-0.193751000,0.136793849,0.922033556,-0.309984969,-0.187218811,1,0.335718478,0.016824624,-0.252081639,0.136793849,0.922033556,-0.309984969,-0.187218811,41416,103775.039487916,0.001074917,1,0.344783000,0.170880000,-0.198908000,0.379086306,-0.129269446,0.914781110,-0.052521459,1,0.313085318,0.008771135,-0.292994121,0.379086306,-0.129269446,0.914781110,-0.052521459
10.109407000,103775.052976166,vr_world,41333,103775.039487916,0.013488750,1,0.377192000,-0.160096000,-0.193751000,0.136793849,0.922033556,-0.309984969,-0.187218811,1,0.335718478,0.016824624,-0.252081639,0.136793849,0.922033556,-0.309984969,-0.187218811,41416,103775.039487916,0.013488750,1,0.344783000,0.170880000,-0.198908000,0.379086306,-0.129269446,0.914781110,-0.052521459,1,0.313085318,0.008771135,-0.292994121,0.379086306,-0.129269446,0.914781110,-0.052521459
10.121782584,103775.065351750,vr_world,41334,103775.061975000,0.003377291,1,0.376765000,-0.159912000,-0.193052000,0.140340153,0.921528932,-0.310634875,-0.185997432,1,0.335267372,0.016549335,-0.252741148,0.140340153,0.921528932,-0.310634875,-0.185997432,41417,103775.061975000,0.003377291,1,0.344871000,0.169986000,-0.197957000,0.380308584,-0.125498890,0.915025891,-0.048404842,1,0.312704937,0.009015014,-0.293821020,0.380308584,-0.125498890,0.915025891,-0.048404842
10.134185875,103775.077755041,vr_world,41334,103775.061975000,0.015780916,1,0.376765000,-0.159912000,-0.193052000,0.140340153,0.921528932,-0.310634875,-0.185997432,1,0.335267372,0.016549335,-0.252741148,0.140340153,0.921528932,-0.310634875,-0.185997432,41417,103775.061975000,0.015780916,1,0.344871000,0.169986000,-0.197957000,0.380308584,-0.125498890,0.915025891,-0.048404842,1,0.312704937,0.009015014,-0.293821020,0.380308584,-0.125498890,0.915025891,-0.048404842
10.146584459,103775.090153625,vr_world,41335,103775.085046000,0.005108208,1,0.375390000,-0.159932000,-0.192297000,0.139386103,0.920723103,-0.316809973,-0.180199678,1,0.336532422,0.016692121,-0.253267828,0.139386103,0.920723103,-0.316809973,-0.180199678,41418,103775.085046000,0.005108208,1,0.344635000,0.170689000,-0.198447000,0.380732195,-0.126644625,0.914732908,-0.047621868,1,0.312987153,0.009689784,-0.294435887,0.380732195,-0.126644625,0.914732908,-0.047621868
10.158847042,103775.102416208,vr_world,41335,103775.085046000,0.017371583,1,0.375390000,-0.159932000,-0.192297000,0.139386103,0.920723103,-0.316809973,-0.180199678,1,0.336532422,0.016692121,-0.253267828,0.139386103,0.920723103,-0.316809973,-0.180199678,41418,103775.085046000,0.017371583,1,0.344635000,0.170689000,-0.198447000,0.380732195,-0.126644625,0.914732908,-0.047621868,1,0.312987153,0.009689784,-0.294435887,0.380732195,-0.126644625,0.914732908,-0.047621868
10.170613084,103775.114182250,vr_world,41336,103775.106853000,0.007329791,1,0.376404000,-0.160417000,-0.193166000,0.135722543,0.921370647,-0.314241388,-0.184140904,1,0.336740160,0.016720743,-0.252093352,0.135722543,0.921370647,-0.314241388,-0.184140904,41419,103775.106853000,0.007329791,1,0.344502000,0.171050000,-0.199150000,0.382042265,-0.129697455,0.913462598,-0.052993954,1,0.313589474,0.008854578,-0.293347804,0.382042265,-0.129697455,0.913462598,-0.052993954
10.182977542,103775.126546708,vr_world,41336,103775.106853000,0.019694291,1,0.376404000,-0.160417000,-0.193166000,0.135722543,0.921370647,-0.314241388,-0.184140904,1,0.336740160,0.016720743,-0.252093352,0.135722543,0.921370647,-0.314241388,-0.184140904,41419,103775.106853000,0.019694291,1,0.344502000,0.171050000,-0.199150000,0.382042265,-0.129697455,0.913462598,-0.052993954,1,0.313589474,0.008854578,-0.293347804,0.382042265,-0.129697455,0.913462598,-0.052993954
10.195339417,103775.138908583,vr_world,41337,103775.128197750,0.010711208,1,0.376570000,-0.160396000,-0.192774000,0.137649795,0.921356145,-0.312750359,-0.185317567,1,0.336128611,0.016482676,-0.251950782,0.137649795,0.921356145,-0.312750359,-0.185317567,41420,103775.128197750,0.010711208,1,0.344888000,0.170802000,-0.198761000,0.380981032,-0.128577030,0.914146632,-0.051549349,1,0.313518978,0.008955789,-0.293407703,0.380981032,-0.128577030,0.914146632,-0.051549349
10.207705875,103775.151275041,vr_world,41338,103775.149966875,0.001308750,1,0.375585000,-0.161529000,-0.191942000,0.137182613,0.919952300,-0.318164222,-0.183412713,1,0.337286722,0.015601046,-0.251788856,0.137182613,0.919952300,-0.318164222,-0.183412713,41421,103775.149966875,0.001308750,1,0.345814000,0.170760000,-0.198362000,0.379117983,-0.125651670,0.915523104,-0.047944337,1,0.313453137,0.009822069,-0.294215879,0.379117983,-0.125651670,0.915523104,-0.047944337
10.220116375,103775.163685541,vr_world,41338,103775.149966875,0.013719125,1,0.375585000,-0.161529000,-0.191942000,0.137182613,0.919952300,-0.318164222,-0.183412713,1,0.337286722,0.015601046,-0.251788856,0.137182613,0.919952300,-0.318164222,-0.183412713,41421,103775.149966875,0.013719125,1,0.345814000,0.170760000,-0.198362000,0.379117983,-0.125651670,0.915523104,-0.047944337,1,0.313453137,0.009822069,-0.294215879,0.379117983,-0.125651670,0.915523104,-0.047944337
10.232533000,103775.176102166,vr_world,41339,103775.172112625,0.003989958,1,0.375469000,-0.163712000,-0.191311000,0.132841095,0.918096700,-0.326505562,-0.181234134,1,0.340782382,0.014238687,-0.250925191,0.132841095,0.918096700,-0.326505562,-0.181234134,41422,103775.172112625,0.003989958,1,0.345985000,0.171040000,-0.198834000,0.379693530,-0.127083184,0.915154470,-0.046636714,1,0.314312540,0.010117716,-0.294943887,0.379693530,-0.127083184,0.915154470,-0.046636714
10.244946542,103775.188515708,vr_world,41339,103775.172112625,0.016403583,1,0.375469000,-0.163712000,-0.191311000,0.132841095,0.918096700,-0.326505562,-0.181234134,1,0.340782382,0.014238687,-0.250925191,0.132841095,0.918096700,-0.326505562,-0.181234134,41422,103775.172112625,0.016403583,1,0.345985000,0.171040000,-0.198834000,0.379693530,-0.127083184,0.915154470,-0.046636714,1,0.314312540,0.010117716,-0.294943887,0.379693530,-0.127083184,0.915154470,-0.046636714
10.257339792,103775.200908958,vr_world,41340,103775.193449333,0.007460167,1,0.375932000,-0.166077000,-0.191757000,0.127113108,0.918101804,-0.325820688,-0.186473095,1,0.341286315,0.012776478,-0.248629788,0.127113108,0.918101804,-0.325820688,-0.186473095,41423,103775.193449333,0.007460167,1,0.346052000,0.171927000,-0.199422000,0.380910243,-0.132382954,0.913901675,-0.046538897,1,0.316280335,0.010341028,-0.295024467,0.380910243,-0.132382954,0.913901675,-0.046538897
10.269208292,103775.212777458,vr_world,41340,103775.193449333,0.019328750,1,0.375932000,-0.166077000,-0.191757000,0.127113108,0.918101804,-0.325820688,-0.186473095,1,0.341286315,0.012776478,-0.248629788,0.127113108,0.918101804,-0.325820688,-0.186473095,41423,103775.193449333,0.019328750,1,0.346052000,0.171927000,-0.199422000,0.380910243,-0.132382954,0.913901675,-0.046538897,1,0.316280335,0.010341028,-0.295024467,0.380910243,-0.132382954,0.913901675,-0.046538897
10.281564625,103775.225133791,vr_world,41341,103775.214724125,0.010410250,1,0.376468000,-0.167172000,-0.191830000,0.122428948,0.918651439,-0.322874448,-0.191944722,1,0.340932231,0.012333709,-0.246036187,0.122428948,0.918651439,-0.322874448,-0.191944722,41424,103775.214724125,0.010410250,1,0.347021000,0.172540000,-0.199351000,0.377715738,-0.130781476,0.915324756,-0.049067482,1,0.315774432,0.010731059,-0.294101805,0.377715738,-0.130781476,0.915324756,-0.049067482
10.292186500,103775.235755666,vr_world,41341,103775.214724125,0.021039166,1,0.376468000,-0.167172000,-0.191830000,0.122428948,0.918651439,-0.322874448,-0.191944722,1,0.340932231,0.012333709,-0.246036187,0.122428948,0.918651439,-0.322874448,-0.191944722,41424,103775.214724125,0.021039166,1,0.347021000,0.172540000,-0.199351000,0.377715738,-0.130781476,0.915324756,-0.049067482,1,0.315774432,0.010731059,-0.294101805,0.377715738,-0.130781476,0.915324756,-0.049067482
10.302839375,103775.246408541,vr_world,41342,103775.236767041,0.009641959,1,0.375291000,-0.169482000,-0.189895000,0.123432645,0.914480379,-0.337318008,-0.186297023,1,0.345335923,0.010254232,-0.246649171,0.123432645,0.914480379,-0.337318008,-0.186297023,41425,103775.236767041,0.009641959,1,0.347272000,0.172908000,-0.199361000,0.375653779,-0.128400272,0.916462208,-0.049946270,1,0.314737421,0.011252709,-0.293940449,0.375653779,-0.128400272,0.916462208,-0.049946270
10.314499917,103775.258069083,vr_world,41342,103775.236767041,0.021302292,1,0.375291000,-0.169482000,-0.189895000,0.123432645,0.914480379,-0.337318008,-0.186297023,1,0.345335923,0.010254232,-0.246649171,0.123432645,0.914480379,-0.337318008,-0.186297023,41425,103775.236767041,0.021302292,1,0.347272000,0.172908000,-0.199361000,0.375653779,-0.128400272,0.916462208,-0.049946270,1,0.314737421,0.011252709,-0.293940449,0.375653779,-0.128400272,0.916462208,-0.049946270
10.326837292,103775.270406458,vr_world,41343,103775.258759250,0.011647583,1,0.376056000,-0.172382000,-0.190260000,0.115423088,0.913783632,-0.340675023,-0.188726028,1,0.348023783,0.008473818,-0.244378345,0.115423088,0.913783632,-0.340675023,-0.188726028,41426,103775.258759250,0.011647583,1,0.346843000,0.172456000,-0.199295000,0.377107409,-0.128980857,0.915897750,-0.047804302,1,0.315022540,0.011066729,-0.294569079,0.377107409,-0.128980857,0.915897750,-0.047804302
10.339215834,103775.282785000,vr_world,41344,103775.281020625,0.001764958,1,0.377515000,-0.174450000,-0.190951000,0.105747921,0.914775992,-0.335004639,-0.199434585,1,0.347874850,0.007670962,-0.239704127,0.105747921,0.914775992,-0.335004639,-0.199434585,41427,103775.281020625,0.001764958,1,0.346558000,0.173120000,-0.199171000,0.376336598,-0.131394433,0.915883356,-0.047580940,1,0.315306895,0.011434819,-0.294131550,0.376336598,-0.131394433,0.915883356,-0.047580940
10.350833667,103775.294402833,vr_world,41344,103775.281020625,0.013382875,1,0.377515000,-0.174450000,-0.190951000,0.105747921,0.914775992,-0.335004639,-0.199434585,1,0.347874850,0.007670962,-0.239704127,0.105747921,0.914775992,-0.335004639,-0.199434585,41427,103775.281020625,0.013382875,1,0.346558000,0.173120000,-0.199171000,0.376336598,-0.131394433,0.915883356,-0.047580940,1,0.315306895,0.011434819,-0.294131550,0.376336598,-0.131394433,0.915883356,-0.047580940
10.361641959,103775.305211125,vr_world,41345,103775.302759583,0.002452083,1,0.377771000,-0.173476000,-0.190019000,0.112324563,0.914667696,-0.332772218,-0.200072113,1,0.346647172,0.007914464,-0.240538854,0.112324563,0.914667696,-0.332772218,-0.200072113,41428,103775.302759583,0.002452083,1,0.346637000,0.172981000,-0.199584000,0.371315965,-0.136157304,0.916798149,-0.055378666,1,0.314960341,0.009446868,-0.291177492,0.371315965,-0.136157304,0.916798149,-0.055378666
10.374061625,103775.317630791,vr_world,41345,103775.302759583,0.014871833,1,0.377771000,-0.173476000,-0.190019000,0.112324563,0.914667696,-0.332772218,-0.200072113,1,0.346647172,0.007914464,-0.240538854,0.112324563,0.914667696,-0.332772218,-0.200072113,41428,103775.302759583,0.014871833,1,0.346637000,0.172981000,-0.199584000,0.371315965,-0.136157304,0.916798149,-0.055378666,1,0.314960341,0.009446868,-0.291177492,0.371315965,-0.136157304,0.916798149,-0.055378666
10.386482959,103775.330052125,vr_world,41346,103775.324814541,0.005238042,1,0.377372000,-0.174886000,-0.189878000,0.113996352,0.912549907,-0.339995137,-0.196623512,1,0.348945350,0.006448662,-0.242157184,0.113996352,0.912549907,-0.339995137,-0.196623512,41429,103775.324814541,0.005238042,1,0.346397000,0.172622000,-0.199114000,0.371604199,-0.130359960,0.917785655,-0.050853631,1,0.313424384,0.010515195,-0.292764391,0.371604199,-0.130359960,0.917785655,-0.050853631
10.398832709,103775.342401875,vr_world,41346,103775.324814541,0.017587875,1,0.377372000,-0.174886000,-0.189878000,0.113996352,0.912549907,-0.339995137,-0.196623512,1,0.348945350,0.006448662,-0.242157184,0.113996352,0.912549907,-0.339995137,-0.196623512,41429,103775.324814541,0.017587875,1,0.346397000,0.172622000,-0.199114000,0.371604199,-0.130359960,0.917785655,-0.050853631,1,0.313424384,0.010515195,-0.292764391,0.371604199,-0.130359960,0.917785655,-0.050853631
10.408907792,103775.352476958,vr_world,41347,103775.347531083,0.004946167,1,0.377747000,-0.175563000,-0.190157000,0.109213450,0.910994226,-0.344101514,-0.199389294,1,0.351255139,0.006520229,-0.240825674,0.109213450,0.910994226,-0.344101514,-0.199389294,41430,103775.347531083,0.004946167,1,0.346083000,0.172175000,-0.198993000,0.370296042,-0.124243191,0.918931519,-0.054857399,1,0.310591246,0.010286390,-0.292098576,0.370296042,-0.124243191,0.918931519,-0.054857399
10.420325542,103775.363894708,vr_world,41347,103775.347531083,0.016364000,1,0.377747000,-0.175563000,-0.190157000,0.109213450,0.910994226,-0.344101514,-0.199389294,1,0.351255139,0.006520229,-0.240825674,0.109213450,0.910994226,-0.344101514,-0.199389294,41430,103775.347531083,0.016364000,1,0.346083000,0.172175000,-0.198993000,0.370296042,-0.124243191,0.918931519,-0.054857399,1,0.310591246,0.010286390,-0.292098576,0.370296042,-0.124243191,0.918931519,-0.054857399
10.430831917,103775.374401083,vr_world,41348,103775.370366291,0.004035125,1,0.379544000,-0.173971000,-0.191640000,0.109734098,0.914919163,-0.329587519,-0.205556368,1,0.347302167,0.007782509,-0.240112279,0.109734098,0.914919163,-0.329587519,-0.205556368,41431,103775.370366291,0.004035125,1,0.345182000,0.171245000,-0.199219000,0.370557246,-0.133087078,0.917390127,-0.058056110,1,0.312149759,0.007712074,-0.290334808,0.370557246,-0.133087078,0.917390127,-0.058056110
10.443204834,103775.386774000,vr_world,41348,103775.370366291,0.016408000,1,0.379544000,-0.173971000,-0.191640000,0.109734098,0.914919163,-0.329587519,-0.205556368,1,0.347302167,0.007782509,-0.240112279,0.109734098,0.914919163,-0.329587519,-0.205556368,41431,103775.370366291,0.016408000,1,0.345182000,0.171245000,-0.199219000,0.370557246,-0.133087078,0.917390127,-0.058056110,1,0.312149759,0.007712074,-0.290334808,0.370557246,-0.133087078,0.917390127,-0.058056110
10.454830292,103775.398399458,vr_world,41349,103775.392376750,0.006023166,1,0.379036000,-0.171397000,-0.190260000,0.119011985,0.915210772,-0.327011833,-0.203196091,1,0.345008519,0.009179678,-0.241812222,0.119011985,0.915210772,-0.327011833,-0.203196091,41432,103775.392376750,0.006023166,1,0.345495000,0.170120000,-0.198562000,0.371878898,-0.131969047,0.917264215,-0.054005702,1,0.312792523,0.007339410,-0.291132154,0.371878898,-0.131969047,0.917264215,-0.054005702
10.465705792,103775.409274958,vr_world,41349,103775.392376750,0.016898833,1,0.379036000,-0.171397000,-0.190260000,0.119011985,0.915210772,-0.327011833,-0.203196091,1,0.345008519,0.009179678,-0.241812222,0.119011985,0.915210772,-0.327011833,-0.203196091,41432,103775.392376750,0.016898833,1,0.345495000,0.170120000,-0.198562000,0.371878898,-0.131969047,0.917264215,-0.054005702,1,0.312792523,0.007339410,-0.291132154,0.371878898,-0.131969047,0.917264215,-0.054005702
10.478069584,103775.421638750,vr_world,41350,103775.415029583,0.006609625,1,0.378028000,-0.170855000,-0.190399000,0.121880442,0.913226618,-0.335712991,-0.196109891,1,0.347249182,0.009450922,-0.244858835,0.121880442,0.913226618,-0.335712991,-0.196109891,41433,103775.415029583,0.006609625,1,0.344901000,0.169747000,-0.198772000,0.378101062,-0.129575916,0.915266718,-0.050363723,1,0.313261657,0.007907152,-0.293339564,0.378101062,-0.129575916,0.915266718,-0.050363723
10.489499625,103775.433068791,vr_world,41350,103775.415029583,0.018039583,1,0.378028000,-0.170855000,-0.190399000,0.121880442,0.913226618,-0.335712991,-0.196109891,1,0.347249182,0.009450922,-0.244858835,0.121880442,0.913226618,-0.335712991,-0.196109891,41433,103775.415029583,0.018039583,1,0.344901000,0.169747000,-0.198772000,0.378101062,-0.129575916,0.915266718,-0.050363723,1,0.313261657,0.007907152,-0.293339564,0.378101062,-0.129575916,0.915266718,-0.050363723
10.500252084,103775.443821250,vr_world,41351,103775.436873333,0.006948500,1,0.379548000,-0.169288000,-0.190521000,0.127798605,0.914162787,-0.329804987,-0.197996429,1,0.345913275,0.010205705,-0.245966186,0.127798605,0.914162787,-0.329804987,-0.197996429,41434,103775.436873333,0.006948500,1,0.345115000,0.169435000,-0.199181000,0.383131897,-0.126439177,0.913520243,-0.051998557,1,0.313570489,0.007833283,-0.294186594,0.383131897,-0.126439177,0.913520243,-0.051998557
10.510834917,103775.454404083,vr_world,41351,103775.436873333,0.017531125,1,0.379548000,-0.169288000,-0.190521000,0.127798605,0.914162787,-0.329804987,-0.197996429,1,0.345913275,0.010205705,-0.245966186,0.127798605,0.914162787,-0.329804987,-0.197996429,41434,103775.436873333,0.017531125,1,0.345115000,0.169435000,-0.199181000,0.383131897,-0.126439177,0.913520243,-0.051998557,1,0.313570489,0.007833283,-0.294186594,0.383131897,-0.126439177,0.913520243,-0.051998557
10.521517875,103775.465087041,vr_world,41352,103775.459597291,0.005490084,1,0.379803000,-0.169111000,-0.191617000,0.129495051,0.913896181,-0.326823044,-0.203006156,1,0.344716083,0.010294700,-0.246443117,0.129495051,0.913896181,-0.326823044,-0.203006156,41435,103775.459597291,0.005490084,1,0.344985000,0.169563000,-0.199837000,0.380668443,-0.129623093,0.913992177,-0.053923005,1,0.313638543,0.007220143,-0.293637047,0.380668443,-0.129623093,0.913992177,-0.053923005
10.532168209,103775.475737375,vr_world,41352,103775.459597291,0.016140750,1,0.379803000,-0.169111000,-0.191617000,0.129495051,0.913896181,-0.326823044,-0.203006156,1,0.344716083,0.010294700,-0.246443117,0.129495051,0.913896181,-0.326823044,-0.203006156,41435,103775.459597291,0.016140750,1,0.344985000,0.169563000,-0.199837000,0.380668443,-0.129623093,0.913992177,-0.053923005,1,0.313638543,0.007220143,-0.293637047,0.380668443,-0.129623093,0.913992177,-0.053923005
10.542241834,103775.485811000,vr_world,41353,103775.482668666,0.003142709,1,0.380474000,-0.168780000,-0.191375000,0.132289687,0.913826358,-0.325496060,-0.203649555,1,0.344600934,0.010277180,-0.246828223,0.132289687,0.913826358,-0.325496060,-0.203649555,41436,103775.482668666,0.003142709,1,0.345290000,0.169529000,-0.199806000,0.377112339,-0.127222919,0.915851115,-0.053078688,1,0.312456660,0.007582815,-0.293782817,0.377112339,-0.127222919,0.915851115,-0.053078688
10.554342750,103775.497911916,vr_world,41353,103775.482668666,0.015243584,1,0.380474000,-0.168780000,-0.191375000,0.132289687,0.913826358,-0.325496060,-0.203649555,1,0.344600934,0.010277180,-0.246828223,0.132289687,0.913826358,-0.325496060,-0.203649555,41436,103775.482668666,0.015243584,1,0.345290000,0.169529000,-0.199806000,0.377112339,-0.127222919,0.915851115,-0.053078688,1,0.312456660,0.007582815,-0.293782817,0.377112339,-0.127222919,0.915851115,-0.053078688
10.566707959,103775.510277125,vr_world,41354,103775.504289541,0.005987917,1,0.380947000,-0.169628000,-0.191629000,0.133228429,0.911155069,-0.331987147,-0.204526672,1,0.347395642,0.009645190,-0.247832596,0.133228429,0.911155069,-0.331987147,-0.204526672,41437,103775.504289541,0.005987917,1,0.344887000,0.170269000,-0.200611000,0.377518289,-0.125873193,0.915697192,-0.055986904,1,0.311474039,0.008079144,-0.293961218,0.377518289,-0.125873193,0.915697192,-0.055986904
10.579077875,103775.522647041,vr_world,41354,103775.504289541,0.018357834,1,0.380947000,-0.169628000,-0.191629000,0.133228429,0.911155069,-0.331987147,-0.204526672,1,0.347395642,0.009645190,-0.247832596,0.133228429,0.911155069,-0.331987147,-0.204526672,41437,103775.504289541,0.018357834,1,0.344887000,0.170269000,-0.200611000,0.377518289,-0.125873193,0.915697192,-0.055986904,1,0.311474039,0.008079144,-0.293961218,0.377518289,-0.125873193,0.915697192,-0.055986904
10.590833667,103775.534402833,vr_world,41355,103775.526276041,0.008127125,1,0.382568000,-0.171122000,-0.192885000,0.128782326,0.910804896,-0.330284984,-0.211568862,1,0.348590571,0.008912774,-0.246330822,0.128782326,0.910804896,-0.330284984,-0.211568862,41438,103775.526276041,0.008127125,1,0.344617000,0.170167000,-0.200468000,0.378381633,-0.124724341,0.915444869,-0.056849547,1,0.310980936,0.008015382,-0.293804390,0.378381633,-0.124724341,0.915444869,-0.056849547
10.602889167,103775.546458333,vr_world,41355,103775.526276041,0.020182792,1,0.382568000,-0.171122000,-0.192885000,0.128782326,0.910804896,-0.330284984,-0.211568862,1,0.348590571,0.008912774,-0.246330822,0.128782326,0.910804896,-0.330284984,-0.211568862,41438,103775.526276041,0.020182792,1,0.344617000,0.170167000,-0.200468000,0.378381633,-0.124724341,0.915444869,-0.056849547,1,0.310980936,0.008015382,-0.293804390,0.378381633,-0.124724341,0.915444869,-0.056849547
10.614836250,103775.558405416,vr_world,41356,103775.548311875,0.010093833,1,0.384834000,-0.172325000,-0.194791000,0.125313143,0.910381036,-0.325107231,-0.223177673,1,0.348957982,0.008375759,-0.244626698,0.125313143,0.910381036,-0.325107231,-0.223177673,41439,103775.548311875,0.010093833,1,0.344195000,0.170647000,-0.200199000,0.377934195,-0.126470980,0.915302778,-0.058237964,1,0.310852485,0.008052684,-0.292868430,0.377934195,-0.126470980,0.915302778,-0.058237964
10.625021042,103775.568590208,vr_world,41356,103775.548311875,0.020278750,1,0.384834000,-0.172325000,-0.194791000,0.125313143,0.910381036,-0.325107231,-0.223177673,1,0.348957982,0.008375759,-0.244626698,0.125313143,0.910381036,-0.325107231,-0.223177673,41439,103775.548311875,0.020278750,1,0.344195000,0.170647000,-0.200199000,0.377934195,-0.126470980,0.915302778,-0.058237964,1,0.310852485,0.008052684,-0.292868430,0.377934195,-0.126470980,0.915302778,-0.058237964
10.636847792,103775.580416958,vr_world,41357,103775.571178000,0.009239416,1,0.387128000,-0.173588000,-0.196070000,0.125204248,0.908604068,-0.322508501,-0.233988911,1,0.350077629,0.007469969,-0.243700972,0.125204248,0.908604068,-0.322508501,-0.233988911,41440,103775.571178000,0.009239416,1,0.343029000,0.171850000,-0.200623000,0.376764963,-0.127881814,0.914725561,-0.070509244,1,0.308705520,0.007313820,-0.289425700,0.376764963,-0.127881814,0.914725561,-0.070509244
10.647659917,103775.591229083,vr_world,41357,103775.571178000,0.020051541,1,0.387128000,-0.173588000,-0.196070000,0.125204248,0.908604068,-0.322508501,-0.233988911,1,0.350077629,0.007469969,-0.243700972,0.125204248,0.908604068,-0.322508501,-0.233988911,41440,103775.571178000,0.020051541,1,0.343029000,0.171850000,-0.200623000,0.376764963,-0.127881814,0.914725561,-0.070509244,1,0.308705520,0.007313820,-0.289425700,0.376764963,-0.127881814,0.914725561,-0.070509244
10.658912417,103775.602481583,vr_world,41358,103775.593890125,0.008592000,1,0.387927000,-0.174954000,-0.196609000,0.119485884,0.905701430,-0.330118204,-0.237592118,1,0.354269526,0.007180255,-0.242627770,0.119485884,0.905701430,-0.330118204,-0.237592118,41441,103775.593890125,0.008592000,1,0.342754000,0.170328000,-0.199043000,0.374129398,-0.122166933,0.916780342,-0.067942906,1,0.306329901,0.006895322,-0.289038773,0.374129398,-0.122166933,0.916780342,-0.067942906
10.671283834,103775.614853000,vr_world,41358,103775.593890125,0.020963166,1,0.387927000,-0.174954000,-0.196609000,0.119485884,0.905701430,-0.330118204,-0.237592118,1,0.354269526,0.007180255,-0.242627770,0.119485884,0.905701430,-0.330118204,-0.237592118,41441,103775.593890125,0.020963166,1,0.342754000,0.170328000,-0.199043000,0.374129398,-0.122166933,0.916780342,-0.067942906,1,0.306329901,0.006895322,-0.289038773,0.374129398,-0.122166933,0.916780342,-0.067942906
10.683313542,103775.626882708,vr_world,41359,103775.615573458,0.011309542,1,0.390712000,-0.174763000,-0.197548000,0.123716859,0.906164815,-0.323078062,-0.243269464,1,0.353894444,0.006867093,-0.243138013,0.123716859,0.906164815,-0.323078062,-0.243269464,41442,103775.615573458,0.011309542,1,0.341978000,0.170452000,-0.198981000,0.375950006,-0.124726801,0.915883434,-0.065286697,1,0.306993891,0.007060007,-0.289620073,0.375950006,-0.124726801,0.915883434,-0.065286697
10.694818834,103775.638388000,vr_world,41360,103775.637310541,0.001078000,1,0.392344000,-0.174700000,-0.199958000,0.121817667,0.907755646,-0.312557060,-0.251889315,1,0.351718360,0.006908669,-0.242281600,0.121817667,0.907755646,-0.312557060,-0.251889315,41443,103775.637310541,0.001078000,1,0.341143000,0.170536000,-0.199213000,0.379842390,-0.126856630,0.913401185,-0.072975544,1,0.306988565,0.005822806,-0.287752455,0.379842390,-0.126856630,0.913401185,-0.072975544
10.707182042,103775.650751208,vr_world,41360,103775.637310541,0.013441167,1,0.392344000,-0.174700000,-0.199958000,0.121817667,0.907755646,-0.312557060,-0.251889315,1,0.351718360,0.006908669,-0.242281600,0.121817667,0.907755646,-0.312557060,-0.251889315,41443,103775.637310541,0.013441167,1,0.341143000,0.170536000,-0.199213000,0.379842390,-0.126856630,0.913401185,-0.072975544,1,0.306988565,0.005822806,-0.287752455,0.379842390,-0.126856630,0.913401185,-0.072975544
10.719599792,103775.663168958,vr_world,41361,103775.659602416,0.003567042,1,0.394392000,-0.173866000,-0.201816000,0.126287093,0.908962039,-0.298727267,-0.261919075,1,0.348133008,0.006851195,-0.242125604,0.126287093,0.908962039,-0.298727267,-0.261919075,41444,103775.659602416,0.003567042,1,0.340758000,0.169202000,-0.198190000,0.381720572,-0.128624445,0.912283803,-0.074050119,1,0.307472831,0.004124105,-0.286380804,0.381720572,-0.128624445,0.912283803,-0.074050119
10.732019334,103775.675588500,vr_world,41361,103775.659602416,0.015986417,1,0.394392000,-0.173866000,-0.201816000,0.126287093,0.908962039,-0.298727267,-0.261919075,1,0.348133008,0.006851195,-0.242125604,0.126287093,0.908962039,-0.298727267,-0.261919075,41444,103775.659602416,0.015986417,1,0.340758000,0.169202000,-0.198190000,0.381720572,-0.128624445,0.912283803,-0.074050119,1,0.307472831,0.004124105,-0.286380804,0.381720572,-0.128624445,0.912283803,-0.074050119
10.744439459,103775.688008625,vr_world,41362,103775.682545166,0.005463792,1,0.394930000,-0.171974000,-0.204309000,0.125249652,0.908270277,-0.296332185,-0.267478718,1,0.347897761,0.008898631,-0.242994100,0.125249652,0.908270277,-0.296332185,-0.267478718,41445,103775.682545166,0.005463792,1,0.341141000,0.168262000,-0.197259000,0.383765299,-0.125874292,0.912140222,-0.069857519,1,0.307894919,0.004146799,-0.287243029,0.383765299,-0.125874292,0.912140222,-0.069857519
10.756167000,103775.699736166,vr_world,41362,103775.682545166,0.017191459,1,0.394930000,-0.171974000,-0.204309000,0.125249652,0.908270277,-0.296332185,-0.267478718,1,0.347897761,0.008898631,-0.242994100,0.125249652,0.908270277,-0.296332185,-0.267478718,41445,103775.682545166,0.017191459,1,0.341141000,0.168262000,-0.197259000,0.383765299,-0.125874292,0.912140222,-0.069857519,1,0.307894919,0.004146799,-0.287243029,0.383765299,-0.125874292,0.912140222,-0.069857519
10.768550917,103775.712120083,vr_world,41363,103775.705322250,0.006798208,1,0.395842000,-0.170719000,-0.204765000,0.133510291,0.908479226,-0.292104920,-0.267423287,1,0.346375370,0.009058090,-0.245467763,0.133510291,0.908479226,-0.292104920,-0.267423287,41446,103775.705322250,0.006798208,1,0.340973000,0.168229000,-0.197407000,0.383370236,-0.122242375,0.912840254,-0.069330620,1,0.306590097,0.004670327,-0.287975019,0.383370236,-0.122242375,0.912840254,-0.069330620
10.780967167,103775.724536333,vr_world,41363,103775.705322250,0.019214541,1,0.395842000,-0.170719000,-0.204765000,0.133510291,0.908479226,-0.292104920,-0.267423287,1,0.346375370,0.009058090,-0.245467763,0.133510291,0.908479226,-0.292104920,-0.267423287,41446,103775.705322250,0.019214541,1,0.340973000,0.168229000,-0.197407000,0.383370236,-0.122242375,0.912840254,-0.069330620,1,0.306590097,0.004670327,-0.287975019,0.383370236,-0.122242375,0.912840254,-0.069330620
10.791272584,103775.734841750,vr_world,41364,103775.727996291,0.006847209,1,0.395917000,-0.168103000,-0.206539000,0.137126188,0.909467435,-0.284303478,-0.270623219,1,0.343226657,0.010854707,-0.246804883,0.137126188,0.909467435,-0.284303478,-0.270623219,41447,103775.727996291,0.006847209,1,0.340073000,0.167375000,-0.198730000,0.384609144,-0.123814497,0.911690432,-0.074607858,1,0.305949768,0.002880889,-0.287687964,0.384609144,-0.123814497,0.911690432,-0.074607858
10.803564084,103775.747133250,vr_world,41364,103775.727996291,0.019138125,1,0.395917000,-0.168103000,-0.206539000,0.137126188,0.909467435,-0.284303478,-0.270623219,1,0.343226657,0.010854707,-0.246804883,0.137126188,0.909467435,-0.284303478,-0.270623219,41447,103775.727996291,0.019138125,1,0.340073000,0.167375000,-0.198730000,0.384609144,-0.123814497,0.911690432,-0.074607858,1,0.305949768,0.002880889,-0.287687964,0.384609144,-0.123814497,0.911690432,-0.074607858
10.815908709,103775.759477875,vr_world,41365,103775.750243958,0.009234500,1,0.394989000,-0.167143000,-0.205817000,0.147272197,0.908122707,-0.293639229,-0.259615199,1,0.344645640,0.010983264,-0.252293105,0.147272197,0.908122707,-0.293639229,-0.259615199,41448,103775.750243958,0.009234500,1,0.340268000,0.167154000,-0.198609000,0.381141916,-0.113505109,0.914007180,-0.080239046,1,0.301709605,0.003287408,-0.286911027,0.381141916,-0.113505109,0.914007180,-0.080239046
10.828440209,103775.772009375,vr_world,41366,103775.771968416,0.000041709,1,0.395865000,-0.162319000,-0.207690000,0.148212717,0.907179047,-0.291703103,-0.264515532,1,0.344680065,0.015792742,-0.253294446,0.148212717,0.907179047,-0.291703103,-0.264515532,41449,103775.771968416,0.000041709,1,0.338468000,0.165830000,-0.198473000,0.381019375,-0.116067675,0.914429878,-0.071906389,1,0.301440445,0.002740732,-0.288844711,0.381019375,-0.116067675,0.914429878,-0.071906389
10.838835834,103775.782405000,vr_world,41366,103775.771968416,0.010437334,1,0.395865000,-0.162319000,-0.207690000,0.148212717,0.907179047,-0.291703103,-0.264515532,1,0.344680065,0.015792742,-0.253294446,0.148212717,0.907179047,-0.291703103,-0.264515532,41449,103775.771968416,0.010437334,1,0.338468000,0.165830000,-0.198473000,0.381019375,-0.116067675,0.914429878,-0.071906389,1,0.301440445,0.002740732,-0.288844711,0.381019375,-0.116067675,0.914429878,-0.071906389
10.850946500,103775.794515666,vr_world,41367,103775.794287583,0.000228417,1,0.394896000,-0.158648000,-0.208926000,0.169120296,0.904635743,-0.302531464,-0.248006474,1,0.345625609,0.016972663,-0.265079504,0.169120296,0.904635743,-0.302531464,-0.248006474,41450,103775.794287583,0.000228417,1,0.339449000,0.162620000,-0.196218000,0.381701172,-0.105693377,0.915549526,-0.070015643,1,0.299683206,0.001277419,-0.288540495,0.381701172,-0.105693377,0.915549526,-0.070015643
10.863323750,103775.806892916,vr_world,41367,103775.794287583,0.012605792,1,0.394896000,-0.158648000,-0.208926000,0.169120296,0.904635743,-0.302531464,-0.248006474,1,0.345625609,0.016972663,-0.265079504,0.169120296,0.904635743,-0.302531464,-0.248006474,41450,103775.794287583,0.012605792,1,0.339449000,0.162620000,-0.196218000,0.381701172,-0.105693377,0.915549526,-0.070015643,1,0.299683206,0.001277419,-0.288540495,0.381701172,-0.105693377,0.915549526,-0.070015643
10.873499500,103775.817068666,vr_world,41368,103775.817048625,0.000020500,1,0.399128000,-0.159576000,-0.212443000,0.162282157,0.911187707,-0.272538807,-0.262914555,1,0.339578891,0.015335050,-0.260228719,0.162282157,0.911187707,-0.272538807,-0.262914555,41451,103775.817048625,0.000020500,1,0.337959000,0.164582000,-0.198823000,0.383096705,-0.104536093,0.914468828,-0.077819546,1,0.297429293,0.002334902,-0.289208064,0.383096705,-0.104536093,0.914468828,-0.077819546
10.884170084,103775.827739250,vr_world,41368,103775.817048625,0.010691291,1,0.399128000,-0.159576000,-0.212443000,0.162282157,0.911187707,-0.272538807,-0.262914555,1,0.339578891,0.015335050,-0.260228719,0.162282157,0.911187707,-0.272538807,-0.262914555,41451,103775.817048625,0.010691291,1,0.337959000,0.164582000,-0.198823000,0.383096705,-0.104536093,0.914468828,-0.077819546,1,0.297429293,0.002334902,-0.289208064,0.383096705,-0.104536093,0.914468828,-0.077819546
10.896584667,103775.840153833,vr_world,41369,103775.839014250,0.001139958,1,0.399272000,-0.159434000,-0.213822000,0.154217713,0.910579394,-0.268366441,-0.273937068,1,0.339032389,0.016537675,-0.256584459,0.154217713,0.910579394,-0.268366441,-0.273937068,41452,103775.839014250,0.001139958,1,0.338724000,0.164855000,-0.198431000,0.381067141,-0.099300158,0.915084152,-0.086880999,1,0.295306434,0.002168879,-0.286659886,0.381067141,-0.099300158,0.915084152,-0.086880999
10.908927584,103775.852496750,vr_world,41369,103775.839014250,0.013483416,1,0.399272000,-0.159434000,-0.213822000,0.154217713,0.910579394,-0.268366441,-0.273937068,1,0.339032389,0.016537675,-0.256584459,0.154217713,0.910579394,-0.268366441,-0.273937068,41452,103775.839014250,0.013483416,1,0.338724000,0.164855000,-0.198431000,0.381067141,-0.099300158,0.915084152,-0.086880999,1,0.295306434,0.002168879,-0.286659886,0.381067141,-0.099300158,0.915084152,-0.086880999
10.919669875,103775.863239041,vr_world,41370,103775.861641083,0.001598500,1,0.400106000,-0.161271000,-0.214394000,0.154427171,0.907150878,-0.276608606,-0.276978721,1,0.342769652,0.015553906,-0.257625650,0.154427171,0.907150878,-0.276608606,-0.276978721,41453,103775.861641083,0.001598500,1,0.338348000,0.164992000,-0.196778000,0.375375326,-0.098066840,0.917858895,-0.083733560,1,0.293558825,0.002902775,-0.285418896,0.375375326,-0.098066840,0.917858895,-0.083733560
10.932052667,103775.875621833,vr_world,41370,103775.861641083,0.013981125,1,0.400106000,-0.161271000,-0.214394000,0.154427171,0.907150878,-0.276608606,-0.276978721,1,0.342769652,0.015553906,-0.257625650,0.154427171,0.907150878,-0.276608606,-0.276978721,41453,103775.861641083,0.013981125,1,0.338348000,0.164992000,-0.196778000,0.375375326,-0.098066840,0.917858895,-0.083733560,1,0.293558825,0.002902775,-0.285418896,0.375375326,-0.098066840,0.917858895,-0.083733560
10.944463292,103775.888032458,vr_world,41371,103775.884629958,0.003402833,1,0.400286000,-0.163377000,-0.215385000,0.149625797,0.904571821,-0.280805846,-0.283742872,1,0.344985682,0.014617689,-0.256412001,0.149625797,0.904571821,-0.280805846,-0.283742872,41454,103775.884629958,0.003402833,1,0.337124000,0.165928000,-0.197719000,0.380316348,-0.105832145,0.914960641,-0.083702204,1,0.295763473,0.002695900,-0.285927788,0.380316348,-0.105832145,0.914960641,-0.083702204
10.956876500,103775.900445666,vr_world,41371,103775.884629958,0.015815958,1,0.400286000,-0.163377000,-0.215385000,0.149625797,0.904571821,-0.280805846,-0.283742872,1,0.344985682,0.014617689,-0.256412001,0.149625797,0.904571821,-0.280805846,-0.283742872,41454,103775.884629958,0.015815958,1,0.337124000,0.165928000,-0.197719000,0.380316348,-0.105832145,0.914960641,-0.083702204,1,0.295763473,0.002695900,-0.285927788,0.380316348,-0.105832145,0.914960641,-0.083702204
10.969290834,103775.912860000,vr_world,41372,103775.906464875,0.006395625,1,0.401375000,-0.165707000,-0.217740000,0.142861571,0.904892672,-0.276541996,-0.290317667,1,0.345342878,0.012893174,-0.254966449,0.142861571,0.904892672,-0.276541996,-0.290317667,41455,103775.906464875,0.006395625,1,0.337070000,0.166679000,-0.197559000,0.386587797,-0.116405772,0.910678545,-0.087545179,1,0.299931253,0.001462626,-0.283933045,0.386587797,-0.116405772,0.910678545,-0.087545179
10.980166334,103775.923735500,vr_world,41372,103775.906464875,0.017271000,1,0.401375000,-0.165707000,-0.217740000,0.142861571,0.904892672,-0.276541996,-0.290317667,1,0.345342878,0.012893174,-0.254966449,0.142861571,0.904892672,-0.276541996,-0.290317667,41455,103775.906464875,0.017271000,1,0.337070000,0.166679000,-0.197559000,0.386587797,-0.116405772,0.910678545,-0.087545179,1,0.299931253,0.001462626,-0.283933045,0.386587797,-0.116405772,0.910678545,-0.087545179
10.991673584,103775.935242750,vr_world,41373,103775.929189291,0.006053834,1,0.402713000,-0.165351000,-0.220638000,0.133240549,0.904581460,-0.271164866,-0.300747327,1,0.345976847,0.014096334,-0.252309787,0.133240549,0.904581460,-0.271164866,-0.300747327,41456,103775.929189291,0.006053834,1,0.338104000,0.166645000,-0.196843000,0.382310824,-0.118497686,0.912296532,-0.086670471,1,0.300693022,0.001239877,-0.282736951,0.382310824,-0.118497686,0.912296532,-0.086670471
11.004055417,103775.947624583,vr_world,41373,103775.929189291,0.018435750,1,0.402713000,-0.165351000,-0.220638000,0.133240549,0.904581460,-0.271164866,-0.300747327,1,0.345976847,0.014096334,-0.252309787,0.133240549,0.904581460,-0.271164866,-0.300747327,41456,103775.929189291,0.018435750,1,0.338104000,0.166645000,-0.196843000,0.382310824,-0.118497686,0.912296532,-0.086670471,1,0.300693022,0.001239877,-0.282736951,0.382310824,-0.118497686,0.912296532,-0.086670471
11.014859500,103775.958428666,vr_world,41374,103775.952582208,0.005846917,1,0.405886000,-0.164103000,-0.222515000,0.140950419,0.903787111,-0.258169250,-0.310886596,1,0.343859534,0.013832409,-0.252765990,0.140950419,0.903787111,-0.258169250,-0.310886596,41457,103775.952582208,0.005846917,1,0.338922000,0.166692000,-0.196870000,0.377375839,-0.116276244,0.914111816,-0.092015757,1,0.299207057,0.000893136,-0.280951454,0.377375839,-0.116276244,0.914111816,-0.092015757
11.027191917,103775.970761083,vr_world,41374,103775.952582208,0.018179333,1,0.405886000,-0.164103000,-0.222515000,0.140950419,0.903787111,-0.258169250,-0.310886596,1,0.343859534,0.013832409,-0.252765990,0.140950419,0.903787111,-0.258169250,-0.310886596,41457,103775.952582208,0.018179333,1,0.338922000,0.166692000,-0.196870000,0.377375839,-0.116276244,0.914111816,-0.092015757,1,0.299207057,0.000893136,-0.280951454,0.377375839,-0.116276244,0.914111816,-0.092015757
11.038820125,103775.982389291,vr_world,41375,103775.974058291,0.008331375,1,0.406364000,-0.161805000,-0.224978000,0.141011442,0.902320965,-0.256343334,-0.316576603,1,0.343816274,0.016174629,-0.253865785,0.141011442,0.902320965,-0.256343334,-0.316576603,41458,103775.974058291,0.008331375,1,0.337473000,0.165881000,-0.196122000,0.378075763,-0.107707555,0.914998237,-0.090752555,1,0.295476834,0.001459008,-0.281783857,0.378075763,-0.107707555,0.914998237,-0.090752555
11.050189584,103775.993758750,vr_world,41375,103775.974058291,0.019700917,1,0.406364000,-0.161805000,-0.224978000,0.141011442,0.902320965,-0.256343334,-0.316576603,1,0.343816274,0.016174629,-0.253865785,0.141011442,0.902320965,-0.256343334,-0.316576603,41458,103775.974058291,0.019700917,1,0.337473000,0.165881000,-0.196122000,0.378075763,-0.107707555,0.914998237,-0.090752555,1,0.295476834,0.001459008,-0.281783857,0.378075763,-0.107707555,0.914998237,-0.090752555
11.062568542,103776.006137708,vr_world,41376,103775.996177375,0.009960791,1,0.408538000,-0.159826000,-0.226321000,0.148663034,0.904658407,-0.242241182,-0.317508550,1,0.340230317,0.016001696,-0.255340798,0.148663034,0.904658407,-0.242241182,-0.317508550,41459,103775.996177375,0.009960791,1,0.336605000,0.165507000,-0.196457000,0.379187581,-0.101682928,0.914541407,-0.097423690,1,0.292434404,0.001126168,-0.281097967,0.379187581,-0.101682928,0.914541407,-0.097423690
11.074556584,103776.018125750,vr_world,41377,103776.017688708,0.000437708,1,0.407838000,-0.158004000,-0.228309000,0.147140143,0.906678148,-0.237658759,-0.315915858,1,0.338090662,0.017375309,-0.256608301,0.147140143,0.906678148,-0.237658759,-0.315915858,41460,103776.017688708,0.000437708,1,0.334830000,0.164518000,-0.195204000,0.383005521,-0.096969211,0.913560641,-0.096491958,1,0.290237699,0.000946791,-0.281181878,0.383005521,-0.096969211,0.913560641,-0.096491958
11.086836959,103776.030406125,vr_world,41377,103776.017688708,0.012718500,1,0.407838000,-0.158004000,-0.228309000,0.147140143,0.906678148,-0.237658759,-0.315915858,1,0.338090662,0.017375309,-0.256608301,0.147140143,0.906678148,-0.237658759,-0.315915858,41460,103776.017688708,0.012718500,1,0.334830000,0.164518000,-0.195204000,0.383005521,-0.096969211,0.913560641,-0.096491958,1,0.290237699,0.000946791,-0.281181878,0.383005521,-0.096969211,0.913560641,-0.096491958
11.097500292,103776.041069458,vr_world,41378,103776.039500833,0.001569250,1,0.409238000,-0.156989000,-0.229607000,0.150303665,0.907386599,-0.232845954,-0.315976472,1,0.337484937,0.017538918,-0.258153798,0.150303665,0.907386599,-0.232845954,-0.315976472,41461,103776.039500833,0.001569250,1,0.334572000,0.164403000,-0.195276000,0.381385623,-0.092444285,0.914525135,-0.098197954,1,0.288119753,0.001309303,-0.281176431,0.381385623,-0.092444285,0.914525135,-0.098197954
11.109886917,103776.053456083,vr_world,41378,103776.039500833,0.013955833,1,0.409238000,-0.156989000,-0.229607000,0.150303665,0.907386599,-0.232845954,-0.315976472,1,0.337484937,0.017538918,-0.258153798,0.150303665,0.907386599,-0.232845954,-0.315976472,41461,103776.039500833,0.013955833,1,0.334572000,0.164403000,-0.195276000,0.381385623,-0.092444285,0.914525135,-0.098197954,1,0.288119753,0.001309303,-0.281176431,0.381385623,-0.092444285,0.914525135,-0.098197954
11.121504667,103776.065073833,vr_world,41379,103776.061150125,0.003925083,1,0.410063000,-0.155814000,-0.232713000,0.147549970,0.908361666,-0.220231640,-0.323428686,1,0.334530125,0.017731527,-0.257211842,0.147549970,0.908361666,-0.220231640,-0.323428686,41462,103776.061150125,0.003925083,1,0.333331000,0.163641000,-0.194760000,0.381556311,-0.089558711,0.914892916,-0.096772778,1,0.286219854,0.001168882,-0.281475668,0.381556311,-0.089558711,0.914892916,-0.096772778
11.133905375,103776.077474541,vr_world,41379,103776.061150125,0.016324791,1,0.410063000,-0.155814000,-0.232713000,0.147549970,0.908361666,-0.220231640,-0.323428686,1,0.334530125,0.017731527,-0.257211842,0.147549970,0.908361666,-0.220231640,-0.323428686,41462,103776.061150125,0.016324791,1,0.333331000,0.163641000,-0.194760000,0.381556311,-0.089558711,0.914892916,-0.096772778,1,0.286219854,0.001168882,-0.281475668,0.381556311,-0.089558711,0.914892916,-0.096772778
11.145500792,103776.089069958,vr_world,41380,103776.084119708,0.004950875,1,0.410467000,-0.155047000,-0.233774000,0.149018579,0.908074532,-0.220047703,-0.323686755,1,0.334713124,0.018354520,-0.258607451,0.149018579,0.908074532,-0.220047703,-0.323686755,41463,103776.084119708,0.004950875,1,0.333094000,0.164354000,-0.195421000,0.382626928,-0.091402538,0.914004316,-0.099188309,1,0.286525755,0.001291965,-0.281318453,0.382626928,-0.091402538,0.914004316,-0.099188309
11.157926917,103776.101496083,vr_world,41380,103776.084119708,0.017376792,1,0.410467000,-0.155047000,-0.233774000,0.149018579,0.908074532,-0.220047703,-0.323686755,1,0.334713124,0.018354520,-0.258607451,0.149018579,0.908074532,-0.220047703,-0.323686755,41463,103776.084119708,0.017376792,1,0.333094000,0.164354000,-0.195421000,0.382626928,-0.091402538,0.914004316,-0.099188309,1,0.286525755,0.001291965,-0.281318453,0.382626928,-0.091402538,0.914004316,-0.099188309
11.170328584,103776.113897750,vr_world,41381,103776.106695333,0.007202792,1,0.410903000,-0.156108000,-0.235324000,0.146243665,0.906982669,-0.223773795,-0.325454325,1,0.336773680,0.018086217,-0.259503305,0.146243665,0.906982669,-0.223773795,-0.325454325,41464,103776.106695333,0.007202792,1,0.333532000,0.164725000,-0.195875000,0.382220211,-0.092027493,0.914109361,-0.099210524,1,0.287050035,0.001566125,-0.281635224,0.382220211,-0.092027493,0.914109361,-0.099210524
11.182743084,103776.126312250,vr_world,41381,103776.106695333,0.019617333,1,0.410903000,-0.156108000,-0.235324000,0.146243665,0.906982669,-0.223773795,-0.325454325,1,0.336773680,0.018086217,-0.259503305,0.146243665,0.906982669,-0.223773795,-0.325454325,41464,103776.106695333,0.019617333,1,0.333532000,0.164725000,-0.195875000,0.382220211,-0.092027493,0.914109361,-0.099210524,1,0.287050035,0.001566125,-0.281635224,0.382220211,-0.092027493,0.914109361,-0.099210524
11.193505709,103776.137074875,vr_world,41382,103776.128897875,0.008177333,1,0.411076000,-0.156219000,-0.237471000,0.142364908,0.905920272,-0.222833362,-0.330735522,1,0.337239071,0.018408520,-0.259306401,0.142364908,0.905920272,-0.222833362,-0.330735522,41465,103776.128897875,0.008177333,1,0.334342000,0.164379000,-0.196052000,0.380698604,-0.092806015,0.914877793,-0.097232917,1,0.287932497,0.001352841,-0.282103434,0.380698604,-0.092806015,0.914877793,-0.097232917
11.205919209,103776.149488375,vr_world,41382,103776.128897875,0.020591125,1,0.411076000,-0.156219000,-0.237471000,0.142364908,0.905920272,-0.222833362,-0.330735522,1,0.337239071,0.018408520,-0.259306401,0.142364908,0.905920272,-0.222833362,-0.330735522,41465,103776.128897875,0.020591125,1,0.334342000,0.164379000,-0.196052000,0.380698604,-0.092806015,0.914877793,-0.097232917,1,0.287932497,0.001352841,-0.282103434,0.380698604,-0.092806015,0.914877793,-0.097232917
11.218333292,103776.161902458,vr_world,41383,103776.150483125,0.011419708,1,0.410841000,-0.156801000,-0.237175000,0.144653034,0.905924676,-0.222974117,-0.329633925,1,0.336752078,0.017604739,-0.259911101,0.144653034,0.905924676,-0.222974117,-0.329633925,41466,103776.150483125,0.011419708,1,0.335926000,0.163912000,-0.196606000,0.379654494,-0.095400858,0.916267984,-0.084935988,1,0.291229603,0.002068739,-0.285741893,0.379654494,-0.095400858,0.916267984,-0.084935988
11.229570167,103776.173139333,vr_world,41384,103776.172738458,0.000401292,1,0.410011000,-0.158335000,-0.237854000,0.139173778,0.907644089,-0.217540402,-0.330891281,1,0.334759594,0.015887792,-0.258030221,0.139173778,0.907644089,-0.217540402,-0.330891281,41467,103776.172738458,0.000401292,1,0.339482000,0.163459000,-0.197906000,0.374625504,-0.097592050,0.919124611,-0.073085388,1,0.295390728,0.002870093,-0.289576112,0.374625504,-0.097592050,0.919124611,-0.073085388
11.241970209,103776.185539375,vr_world,41384,103776.172738458,0.012801417,1,0.410011000,-0.158335000,-0.237854000,0.139173778,0.907644089,-0.217540402,-0.330891281,1,0.334759594,0.015887792,-0.258030221,0.139173778,0.907644089,-0.217540402,-0.330891281,41467,103776.172738458,0.012801417,1,0.339482000,0.163459000,-0.197906000,0.374625504,-0.097592050,0.919124611,-0.073085388,1,0.295390728,0.002870093,-0.289576112,0.374625504,-0.097592050,0.919124611,-0.073085388
11.252167209,103776.195736375,vr_world,41385,103776.195621750,0.000115083,1,0.407688000,-0.159537000,-0.236452000,0.133018117,0.911815625,-0.215174802,-0.323416529,1,0.332085504,0.014587653,-0.256157464,0.133018117,0.911815625,-0.215174802,-0.323416529,41468,103776.195621750,0.000115083,1,0.342721000,0.163248000,-0.200057000,0.369276062,-0.107729596,0.921067754,-0.060528640,1,0.301535808,0.002875664,-0.293441652,0.369276062,-0.107729596,0.921067754,-0.060528640
11.262738125,103776.206307291,vr_world,41385,103776.195621750,0.010686166,1,0.407688000,-0.159537000,-0.236452000,0.133018117,0.911815625,-0.215174802,-0.323416529,1,0.332085504,0.014587653,-0.256157464,0.133018117,0.911815625,-0.215174802,-0.323416529,41468,103776.195621750,0.010686166,1,0.342721000,0.163248000,-0.200057000,0.369276062,-0.107729596,0.921067754,-0.060528640,1,0.301535808,0.002875664,-0.293441652,0.369276062,-0.107729596,0.921067754,-0.060528640
11.274127459,103776.217696625,vr_world,41385,103776.195621750,0.022075333,1,0.407688000,-0.159537000,-0.236452000,0.133018117,0.911815625,-0.215174802,-0.323416529,1,0.332085504,0.014587653,-0.256157464,0.133018117,0.911815625,-0.215174802,-0.323416529,41468,103776.195621750,0.022075333,1,0.342721000,0.163248000,-0.200057000,0.369276062,-0.107729596,0.921067754,-0.060528640,1,0.301535808,0.002875664,-0.293441652,0.369276062,-0.107729596,0.921067754,-0.060528640
11.284169792,103776.227738958,vr_world,41386,103776.218268833,0.009470458,1,0.406191000,-0.160579000,-0.234315000,0.131735426,0.912399841,-0.222907540,-0.316992960,1,0.333157276,0.014400503,-0.256033279,0.131735426,0.912399841,-0.222907540,-0.316992960,41469,103776.218268833,0.009470458,1,0.345308000,0.163708000,-0.203082000,0.367103662,-0.118584978,0.920609846,-0.060415359,1,0.306869364,0.001771024,-0.294924708,0.367103662,-0.118584978,0.920609846,-0.060415359
11.294882542,103776.238451708,vr_world,41386,103776.218268833,0.020183542,1,0.406191000,-0.160579000,-0.234315000,0.131735426,0.912399841,-0.222907540,-0.316992960,1,0.333157276,0.014400503,-0.256033279,0.131735426,0.912399841,-0.222907540,-0.316992960,41469,103776.218268833,0.020183542,1,0.345308000,0.163708000,-0.203082000,0.367103662,-0.118584978,0.920609846,-0.060415359,1,0.306869364,0.001771024,-0.294924708,0.367103662,-0.118584978,0.920609846,-0.060415359
11.307286959,103776.250856125,vr_world,41387,103776.240149333,0.010707292,1,0.404556000,-0.161910000,-0.230396000,0.140530218,0.913483092,-0.230880808,-0.304128183,1,0.332969561,0.012778626,-0.258373297,0.140530218,0.913483092,-0.230880808,-0.304128183,41470,103776.240149333,0.010707292,1,0.349127000,0.164215000,-0.206651000,0.363993878,-0.134814641,0.919937277,-0.055216635,1,0.315365824,0.000779843,-0.297674841,0.363993878,-0.134814641,0.919937277,-0.055216635
11.317365167,103776.260934333,vr_world,41387,103776.240149333,0.020786000,1,0.404556000,-0.161910000,-0.230396000,0.140530218,0.913483092,-0.230880808,-0.304128183,1,0.332969561,0.012778626,-0.258373297,0.140530218,0.913483092,-0.230880808,-0.304128183,41470,103776.240149333,0.020786000,1,0.349127000,0.164215000,-0.206651000,0.363993878,-0.134814641,0.919937277,-0.055216635,1,0.315365824,0.000779843,-0.297674841,0.363993878,-0.134814641,0.919937277,-0.055216635
11.328443792,103776.272012958,vr_world,41388,103776.261926250,0.010087666,1,0.402973000,-0.162965000,-0.228391000,0.147448911,0.913757263,-0.241378407,-0.291621241,1,0.334070602,0.011754354,-0.262288171,0.147448911,0.913757263,-0.241378407,-0.291621241,41471,103776.261926250,0.010087666,1,0.353332000,0.164885000,-0.207368000,0.357480831,-0.129454151,0.923551136,-0.050023778,1,0.316890415,0.002832906,-0.299819663,0.357480831,-0.129454151,0.923551136,-0.050023778
11.340815000,103776.284384166,vr_world,41388,103776.261926250,0.022458458,1,0.402973000,-0.162965000,-0.228391000,0.147448911,0.913757263,-0.241378407,-0.291621241,1,0.334070602,0.011754354,-0.262288171,0.147448911,0.913757263,-0.241378407,-0.291621241,41471,103776.261926250,0.022458458,1,0.353332000,0.164885000,-0.207368000,0.357480831,-0.129454151,0.923551136,-0.050023778,1,0.316890415,0.002832906,-0.299819663,0.357480831,-0.129454151,0.923551136,-0.050023778
11.350837084,103776.294406250,vr_world,41389,103776.284976000,0.009430791,1,0.401398000,-0.165988000,-0.226701000,0.154271390,0.913711284,-0.253655636,-0.277472242,1,0.335966054,0.008710527,-0.266981499,0.154271390,0.913711284,-0.253655636,-0.277472242,41472,103776.284976000,0.009430791,1,0.356589000,0.166741000,-0.211521000,0.345668968,-0.138065470,0.926690712,-0.051915458,1,0.319969125,0.003101889,-0.301061300,0.345668968,-0.138065470,0.926690712,-0.051915458
11.363084125,103776.306653291,vr_world,41389,103776.284976000,0.021678041,1,0.401398000,-0.165988000,-0.226701000,0.154271390,0.913711284,-0.253655636,-0.277472242,1,0.335966054,0.008710527,-0.266981499,0.154271390,0.913711284,-0.253655636,-0.277472242,41472,103776.284976000,0.021678041,1,0.356589000,0.166741000,-0.211521000,0.345668968,-0.138065470,0.926690712,-0.051915458,1,0.319969125,0.003101889,-0.301061300,0.345668968,-0.138065470,0.926690712,-0.051915458
11.375521125,103776.319090291,vr_world,41390,103776.307762875,0.011327958,1,0.400239000,-0.168693000,-0.226645000,0.159556977,0.908266504,-0.274623430,-0.272351795,1,0.341651976,0.007177914,-0.272036995,0.159556977,0.908266504,-0.274623430,-0.272351795,41473,103776.307762875,0.011327958,1,0.361149000,0.168181000,-0.212791000,0.328182212,-0.138082042,0.933044829,-0.051547373,1,0.320722855,0.004358830,-0.300336544,0.328182212,-0.138082042,0.933044829,-0.051547373
11.387908625,103776.331477791,vr_world,41391,103776.330239333,0.001238917,1,0.401498000,-0.170269000,-0.228372000,0.162835785,0.907087032,-0.269172865,-0.279684810,1,0.340598710,0.005111954,-0.272601668,0.162835785,0.907087032,-0.269172865,-0.279684810,41474,103776.330239333,0.001238917,1,0.362481000,0.168904000,-0.213198000,0.319117684,-0.150159368,0.934480451,-0.048604064,1,0.324133165,0.003754581,-0.299171059,0.319117684,-0.150159368,0.934480451,-0.048604064
11.400310584,103776.343879750,vr_world,41391,103776.330239333,0.013641208,1,0.401498000,-0.170269000,-0.228372000,0.162835785,0.907087032,-0.269172865,-0.279684810,1,0.340598710,0.005111954,-0.272601668,0.162835785,0.907087032,-0.269172865,-0.279684810,41474,103776.330239333,0.013641208,1,0.362481000,0.168904000,-0.213198000,0.319117684,-0.150159368,0.934480451,-0.048604064,1,0.324133165,0.003754581,-0.299171059,0.319117684,-0.150159368,0.934480451,-0.048604064
11.411879500,103776.355448666,vr_world,41392,103776.352951625,0.002497583,1,0.400776000,-0.173782000,-0.228672000,0.166193443,0.904361788,-0.273313182,-0.282505576,1,0.340966312,0.001735247,-0.273837388,0.166193443,0.904361788,-0.273313182,-0.282505576,41475,103776.352951625,0.002497583,1,0.365878000,0.168845000,-0.214346000,0.304863828,-0.157003196,0.938522188,-0.039801319,1,0.327342115,0.003792947,-0.300421787,0.304863828,-0.157003196,0.938522188,-0.039801319
11.424283167,103776.367852333,vr_world,41392,103776.352951625,0.014901083,1,0.400776000,-0.173782000,-0.228672000,0.166193443,0.904361788,-0.273313182,-0.282505576,1,0.340966312,0.001735247,-0.273837388,0.166193443,0.904361788,-0.273313182,-0.282505576,41475,103776.352951625,0.014901083,1,0.365878000,0.168845000,-0.214346000,0.304863828,-0.157003196,0.938522188,-0.039801319,1,0.327342115,0.003792947,-0.300421787,0.304863828,-0.157003196,0.938522188,-0.039801319
11.436170959,103776.379740125,vr_world,41393,103776.375627791,0.004112750,1,0.398399000,-0.177239000,-0.229589000,0.158150978,0.899230917,-0.296735791,-0.279856923,1,0.347870554,0.000889036,-0.275856691,0.158150978,0.899230917,-0.296735791,-0.279856923,41476,103776.375627791,0.004112750,1,0.368626000,0.169745000,-0.215821000,0.299790020,-0.161780417,0.939650208,-0.031788798,1,0.331112162,0.005116209,-0.303149658,0.299790020,-0.161780417,0.939650208,-0.031788798
11.448586542,103776.392155708,vr_world,41393,103776.375627791,0.016528459,1,0.398399000,-0.177239000,-0.229589000,0.158150978,0.899230917,-0.296735791,-0.279856923,1,0.347870554,0.000889036,-0.275856691,0.158150978,0.899230917,-0.296735791,-0.279856923,41476,103776.375627791,0.016528459,1,0.368626000,0.169745000,-0.215821000,0.299790020,-0.161780417,0.939650208,-0.031788798,1,0.331112162,0.005116209,-0.303149658,0.299790020,-0.161780417,0.939650208,-0.031788798
11.460179167,103776.403748333,vr_world,41394,103776.397326291,0.006422750,1,0.399054000,-0.177139000,-0.228773000,0.166917615,0.897613255,-0.301757670,-0.274538271,1,0.349374211,0.000083550,-0.279246222,0.166917615,0.897613255,-0.301757670,-0.274538271,41477,103776.397326291,0.006422750,1,0.368925000,0.170824000,-0.217279000,0.298335635,-0.172658326,0.938081010,-0.034481430,1,0.334457014,0.004453822,-0.302538192,0.298335635,-0.172658326,0.938081010,-0.034481430
11.472554125,103776.416123291,vr_world,41394,103776.397326291,0.018797500,1,0.399054000,-0.177139000,-0.228773000,0.166917615,0.897613255,-0.301757670,-0.274538271,1,0.349374211,0.000083550,-0.279246222,0.166917615,0.897613255,-0.301757670,-0.274538271,41477,103776.397326291,0.018797500,1,0.368925000,0.170824000,-0.217279000,0.298335635,-0.172658326,0.938081010,-0.034481430,1,0.334457014,0.004453822,-0.302538192,0.298335635,-0.172658326,0.938081010,-0.034481430
11.484174875,103776.427744041,vr_world,41395,103776.419590708,0.008153833,1,0.397401000,-0.179159000,-0.229281000,0.173099185,0.894073815,-0.311133884,-0.271780043,1,0.350441961,-0.002225467,-0.283251536,0.173099185,0.894073815,-0.311133884,-0.271780043,41478,103776.419590708,0.008153833,1,0.371915000,0.170723000,-0.218268000,0.288765394,-0.181132622,0.939576783,-0.031638421,1,0.338456947,0.003547509,-0.302346113,0.288765394,-0.181132622,0.939576783,-0.031638421
11.496589417,103776.440158583,vr_world,41395,103776.419590708,0.020568417,1,0.397401000,-0.179159000,-0.229281000,0.173099185,0.894073815,-0.311133884,-0.271780043,1,0.350441961,-0.002225467,-0.283251536,0.173099185,0.894073815,-0.311133884,-0.271780043,41478,103776.419590708,0.020568417,1,0.371915000,0.170723000,-0.218268000,0.288765394,-0.181132622,0.939576783,-0.031638421,1,0.338456947,0.003547509,-0.302346113,0.288765394,-0.181132622,0.939576783,-0.031638421
11.508999834,103776.452569000,vr_world,41396,103776.441958208,0.010611208,1,0.397018000,-0.181340000,-0.228565000,0.171568526,0.894218249,-0.316296297,-0.266260428,1,0.352178607,-0.004224805,-0.283729372,0.171568526,0.894218249,-0.316296297,-0.266260428,41479,103776.441958208,0.010611208,1,0.373180000,0.170077000,-0.218747000,0.281576144,-0.180278424,0.942150978,-0.023792868,1,0.338469393,0.003934664,-0.304351457,0.281576144,-0.180278424,0.942150978,-0.023792868
11.521406167,103776.464975333,vr_world,41397,103776.463469333,0.001506333,1,0.395368000,-0.182954000,-0.229445000,0.160608739,0.892857839,-0.326812715,-0.264958793,1,0.355648593,-0.004089267,-0.282860222,0.160608739,0.892857839,-0.326812715,-0.264958793,41480,103776.463469333,0.001506333,1,0.375337000,0.170192000,-0.219997000,0.276289999,-0.180247607,0.943890493,-0.015664397,1,0.340029905,0.005090601,-0.307353595,0.276289999,-0.180247607,0.943890493,-0.015664397
11.533663750,103776.477232916,vr_world,41397,103776.463469333,0.013764208,1,0.395368000,-0.182954000,-0.229445000,0.160608739,0.892857839,-0.326812715,-0.264958793,1,0.355648593,-0.004089267,-0.282860222,0.160608739,0.892857839,-0.326812715,-0.264958793,41480,103776.463469333,0.013764208,1,0.375337000,0.170192000,-0.219997000,0.276289999,-0.180247607,0.943890493,-0.015664397,1,0.340029905,0.005090601,-0.307353595,0.276289999,-0.180247607,0.943890493,-0.015664397
11.546065584,103776.489634750,vr_world,41398,103776.486826083,0.002809042,1,0.392588000,-0.184034000,-0.227288000,0.153865972,0.891805296,-0.339324320,-0.256646807,1,0.358383970,-0.004303788,-0.281607462,0.153865972,0.891805296,-0.339324320,-0.256646807,41481,103776.486826083,0.002809042,1,0.376019000,0.169765000,-0.221563000,0.270468793,-0.187616852,0.944178183,-0.013194966,1,0.342124070,0.004014406,-0.308246840,0.270468793,-0.187616852,0.944178183,-0.013194966
11.556173667,103776.499742833,vr_world,41398,103776.486826083,0.012917167,1,0.392588000,-0.184034000,-0.227288000,0.153865972,0.891805296,-0.339324320,-0.256646807,1,0.358383970,-0.004303788,-0.281607462,0.153865972,0.891805296,-0.339324320,-0.256646807,41481,103776.486826083,0.012917167,1,0.376019000,0.169765000,-0.221563000,0.270468793,-0.187616852,0.944178183,-0.013194966,1,0.342124070,0.004014406,-0.308246840,0.270468793,-0.187616852,0.944178183,-0.013194966
11.568588709,103776.512157875,vr_world,41399,103776.509280250,0.002878625,1,0.390049000,-0.184679000,-0.225514000,0.146016016,0.893155108,-0.349838813,-0.242004301,1,0.360914749,-0.004449250,-0.281119054,0.146016016,0.893155108,-0.349838813,-0.242004301,41482,103776.509280250,0.002878625,1,0.375722000,0.168550000,-0.221983000,0.268687732,-0.193050078,0.943643719,-0.008666168,1,0.343531317,0.002803422,-0.309321692,0.268687732,-0.193050078,0.943643719,-0.008666168
11.580924000,103776.524493166,vr_world,41399,103776.509280250,0.015213500,1,0.390049000,-0.184679000,-0.225514000,0.146016016,0.893155108,-0.349838813,-0.242004301,1,0.360914749,-0.004449250,-0.281119054,0.146016016,0.893155108,-0.349838813,-0.242004301,41482,103776.509280250,0.015213500,1,0.375722000,0.168550000,-0.221983000,0.268687732,-0.193050078,0.943643719,-0.008666168,1,0.343531317,0.002803422,-0.309321692,0.268687732,-0.193050078,0.943643719,-0.008666168
11.592240542,103776.535809708,vr_world,41400,103776.532359458,0.003450792,1,0.386112000,-0.184532000,-0.223050000,0.142155599,0.888871209,-0.377096382,-0.217940536,1,0.368375836,-0.004636491,-0.284258299,0.142155599,0.888871209,-0.377096382,-0.217940536,41483,103776.532359458,0.003450792,1,0.374980000,0.166810000,-0.223281000,0.262541613,-0.214766331,0.940716377,0.000151480,1,0.349359652,-0.000065664,-0.310644433,0.262541613,-0.214766331,0.940716377,0.000151480
11.604175167,103776.547744333,vr_world,41400,103776.532359458,0.015385417,1,0.386112000,-0.184532000,-0.223050000,0.142155599,0.888871209,-0.377096382,-0.217940536,1,0.368375836,-0.004636491,-0.284258299,0.142155599,0.888871209,-0.377096382,-0.217940536,41483,103776.532359458,0.015385417,1,0.374980000,0.166810000,-0.223281000,0.262541613,-0.214766331,0.940716377,0.000151480,1,0.349359652,-0.000065664,-0.310644433,0.262541613,-0.214766331,0.940716377,0.000151480
11.616571125,103776.560140291,vr_world,41401,103776.554483750,0.005657000,1,0.385302000,-0.185464000,-0.221109000,0.144828412,0.888772505,-0.383803534,-0.204457850,1,0.370322347,-0.006580079,-0.285913211,0.144828412,0.888772505,-0.383803534,-0.204457850,41484,103776.554483750,0.005657000,1,0.376791000,0.163935000,-0.222492000,0.257454532,-0.219159994,0.941008923,0.013721098,1,0.352324431,-0.001452129,-0.312961254,0.257454532,-0.219159994,0.941008923,0.013721098
