t,host_monotonic_s,coordinate_frame,right_frame_counter,right_receive_monotonic_s,right_age_s,right_controller_valid,right_controller_pos_x,right_controller_pos_y,right_controller_pos_z,right_controller_quat_w,right_controller_quat_x,right_controller_quat_y,right_controller_quat_z,right_tcp_valid,right_tcp_pos_x,right_tcp_pos_y,right_tcp_pos_z,right_tcp_quat_w,right_tcp_quat_x,right_tcp_quat_y,right_tcp_quat_z,left_frame_counter,left_receive_monotonic_s,left_age_s,left_controller_valid,left_controller_pos_x,left_controller_pos_y,left_controller_pos_z,left_controller_quat_w,left_controller_quat_x,left_controller_quat_y,left_controller_quat_z,left_tcp_valid,left_tcp_pos_x,left_tcp_pos_y,left_tcp_pos_z,left_tcp_quat_w,left_tcp_quat_x,left_tcp_quat_y,left_tcp_quat_z
0.000000000,104183.458585791,vr_world,56686,104183.449361458,0.009225542,1,0.186569000,-0.317133000,-0.452787000,0.026544123,0.447708950,-0.893349280,0.027913604,1,0.369764325,-0.301608824,-0.503991637,0.026544123,0.447708950,-0.893349280,0.027913604,56764,104183.449361458,0.009225542,1,0.127356000,0.196842000,-0.507276000,0.000707415,0.874911120,-0.474773921,-0.095497411,1,0.298251312,0.164599823,-0.584031875,0.000707415,0.874911120,-0.474773921,-0.095497411
0.012337584,104183.470923375,vr_world,56687,104183.467120083,0.003804250,1,0.186665000,-0.317832000,-0.451966000,0.029811870,0.447187147,-0.893567695,0.025916838,1,0.369488490,-0.302534506,-0.504549221,0.029811870,0.447187147,-0.893567695,0.025916838,56765,104183.467120083,0.003804250,1,0.127403000,0.196675000,-0.506065000,0.003079907,0.875440309,-0.474434964,-0.092229302,1,0.298620778,0.164149677,-0.581977968,0.003079907,0.875440309,-0.474434964,-0.092229302
0.022900042,104183.481485833,vr_world,56687,104183.467120083,0.014366750,1,0.186665000,-0.317832000,-0.451966000,0.029811870,0.447187147,-0.893567695,0.025916838,1,0.369488490,-0.302534506,-0.504549221,0.029811870,0.447187147,-0.893567695,0.025916838,56765,104183.467120083,0.014366750,1,0.127403000,0.196675000,-0.506065000,0.003079907,0.875440309,-0.474434964,-0.092229302,1,0.298620778,0.164149677,-0.581977968,0.003079907,0.875440309,-0.474434964,-0.092229302
0.035057500,104183.493643291,vr_world,56688,104183.484956000,0.008688291,1,0.187202000,-0.319730000,-0.451220000,0.032290894,0.449956559,-0.892147589,0.023855240,1,0.369585036,-0.303259834,-0.504965860,0.032290894,0.449956559,-0.892147589,0.023855240,56766,104183.484956000,0.008688291,1,0.127687000,0.196387000,-0.503760000,0.006389876,0.874899482,-0.476508935,-0.086309327,1,0.299324560,0.162375947,-0.578056831,0.006389876,0.874899482,-0.476508935,-0.086309327
0.045724834,104183.504310625,vr_world,56689,104183.503304708,0.001006792,1,0.187093000,-0.320822000,-0.450769000,0.032116411,0.451172264,-0.891601784,0.021409897,1,0.369326872,-0.303647781,-0.504799337,0.032116411,0.451172264,-0.891601784,0.021409897,56767,104183.503304708,0.001006792,1,0.127901000,0.196248000,-0.502324000,0.007979324,0.874040123,-0.478479393,-0.083950367,1,0.299585947,0.161158708,-0.576007520,0.007979324,0.874040123,-0.478479393,-0.083950367
0.056323125,104183.514908916,vr_world,56689,104183.503304708,0.011605458,1,0.187093000,-0.320822000,-0.450769000,0.032116411,0.451172264,-0.891601784,0.021409897,1,0.369326872,-0.303647781,-0.504799337,0.032116411,0.451172264,-0.891601784,0.021409897,56767,104183.503304708,0.011605458,1,0.127901000,0.196248000,-0.502324000,0.007979324,0.874040123,-0.478479393,-0.083950367,1,0.299585947,0.161158708,-0.576007520,0.007979324,0.874040123,-0.478479393,-0.083950367
0.066409084,104183.524994875,vr_world,56690,104183.521326833,0.003669292,1,0.186500000,-0.321552000,-0.450516000,0.029245381,0.453559950,-0.890510611,0.020467805,1,0.368859294,-0.303175961,-0.503721652,0.029245381,0.453559950,-0.890510611,0.020467805,56768,104183.521326833,0.003669292,1,0.128037000,0.195943000,-0.501077000,0.007386400,0.873290719,-0.480102390,-0.082525489,1,0.299810516,0.160185155,-0.574230873,0.007386400,0.873290719,-0.480102390,-0.082525489
0.078540542,104183.537126333,vr_world,56690,104183.521326833,0.015800875,1,0.186500000,-0.321552000,-0.450516000,0.029245381,0.453559950,-0.890510611,0.020467805,1,0.368859294,-0.303175961,-0.503721652,0.029245381,0.453559950,-0.890510611,0.020467805,56768,104183.521326833,0.015800875,1,0.128037000,0.195943000,-0.501077000,0.007386400,0.873290719,-0.480102390,-0.082525489,1,0.299810516,0.160185155,-0.574230873,0.007386400,0.873290719,-0.480102390,-0.082525489
0.090879292,104183.549465083,vr_world,56691,104183.540229291,0.009236875,1,0.185596000,-0.321991000,-0.450563000,0.023315673,0.454425812,-0.890230606,0.021048255,1,0.368492180,-0.303007703,-0.501671291,0.023315673,0.454425812,-0.890230606,0.021048255,56769,104183.540229291,0.009236875,1,0.128193000,0.195399000,-0.499801000,0.005897111,0.873436129,-0.480064819,-0.081316184,1,0.300225482,0.159742831,-0.572393678,0.005897111,0.873436129,-0.480064819,-0.081316184
0.103259959,104183.561845750,vr_world,56692,104183.557894250,0.003952250,1,0.184135000,-0.323484000,-0.450558000,0.013577104,0.454194471,-0.890519888,0.022301858,1,0.367948214,-0.304211843,-0.498147115,0.013577104,0.454194471,-0.890519888,0.022301858,56770,104183.557894250,0.003952250,1,0.128335000,0.194237000,-0.497677000,0.002832712,0.872865151,-0.481553524,-0.078769334,1,0.300764467,0.158149241,-0.569105009,0.002832712,0.872865151,-0.481553524,-0.078769334
0.115620959,104183.574206750,vr_world,56692,104183.557894250,0.016313833,1,0.184135000,-0.323484000,-0.450558000,0.013577104,0.454194471,-0.890519888,0.022301858,1,0.367948214,-0.304211843,-0.498147115,0.013577104,0.454194471,-0.890519888,0.022301858,56770,104183.557894250,0.016313833,1,0.128335000,0.194237000,-0.497677000,0.002832712,0.872865151,-0.481553524,-0.078769334,1,0.300764467,0.158149241,-0.569105009,0.002832712,0.872865151,-0.481553524,-0.078769334
0.127815084,104183.586400875,vr_world,56693,104183.577025708,0.009376333,1,0.182952000,-0.324583000,-0.450733000,0.004862714,0.453973156,-0.890675712,0.024114395,1,0.367556734,-0.305113299,-0.495066218,0.004862714,0.453973156,-0.890675712,0.024114395,56771,104183.577025708,0.009376333,1,0.128472000,0.193366000,-0.496579000,0.000092450,0.872366760,-0.482580581,-0.078052609,1,0.301075576,0.157092024,-0.567490512,0.000092450,0.872366760,-0.482580581,-0.078052609
0.140155084,104183.598740875,vr_world,56694,104183.595219625,0.003522625,1,0.181949000,-0.325255000,-0.450628000,0.003862609,-0.453917424,0.890738642,-0.022994009,1,0.367172022,-0.305312931,-0.492079011,0.003862609,-0.453917424,0.890738642,-0.022994009,56772,104183.595219625,0.003522625,1,0.128616000,0.192722000,-0.495389000,0.001818824,-0.871950409,0.483332384,0.078031937,1,0.301275095,0.156327113,-0.566103239,0.001818824,-0.871950409,0.483332384,0.078031937
0.152508334,104183.611094125,vr_world,56694,104183.595219625,0.015875458,1,0.181949000,-0.325255000,-0.450628000,0.003862609,-0.453917424,0.890738642,-0.022994009,1,0.367172022,-0.305312931,-0.492079011,0.003862609,-0.453917424,0.890738642,-0.022994009,56772,104183.595219625,0.015875458,1,0.128616000,0.192722000,-0.495389000,0.001818824,-0.871950409,0.483332384,0.078031937,1,0.301275095,0.156327113,-0.566103239,0.001818824,-0.871950409,0.483332384,0.078031937
0.164874125,104183.623459916,vr_world,56695,104183.614220125,0.009244833,1,0.180403000,-0.327345000,-0.449856000,0.016904571,-0.460124646,0.887416045,-0.022188042,1,0.366182533,-0.304166248,-0.486898602,0.016904571,-0.460124646,0.887416045,-0.022188042,56773,104183.614220125,0.009244833,1,0.128943000,0.191789000,-0.493406000,0.005206638,-0.870460708,0.486323402,0.075898585,1,0.301810558,0.154389015,-0.563078679,0.005206638,-0.870460708,0.486323402,0.075898585
0.176576667,104183.635162458,vr_world,56696,104183.632948666,0.002215084,1,0.180121000,-0.329089000,-0.448904000,0.019986824,-0.464658063,0.885079413,-0.018106484,1,0.365704344,-0.303604651,-0.485411900,0.019986824,-0.464658063,0.885079413,-0.018106484,56774,104183.632948666,0.002215084,1,0.128995000,0.191196000,-0.492537000,0.007371744,-0.868288421,0.490344001,0.074723734,1,0.301764207,0.152303871,-0.561634205,0.007371744,-0.868288421,0.490344001,0.074723734
0.191280709,104183.649866500,vr_world,56696,104183.632948666,0.016935209,1,0.180121000,-0.329089000,-0.448904000,0.019986824,-0.464658063,0.885079413,-0.018106484,1,0.365704344,-0.303604651,-0.485411900,0.019986824,-0.464658063,0.885079413,-0.018106484,56774,104183.632948666,0.016935209,1,0.128995000,0.191196000,-0.492537000,0.007371744,-0.868288421,0.490344001,0.074723734,1,0.301764207,0.152303871,-0.561634205,0.007371744,-0.868288421,0.490344001,0.074723734
0.203045292,104183.661631083,vr_world,56697,104183.652719500,0.008913041,1,0.179016000,-0.330278000,-0.448449000,0.024524827,-0.463589018,0.885569521,-0.015823372,1,0.364865268,-0.304883937,-0.483643920,0.024524827,-0.463589018,0.885569521,-0.015823372,56775,104183.652719500,0.008913041,1,0.128926000,0.190241000,-0.491388000,0.009594894,-0.866895853,0.492792419,0.074532878,1,0.301617731,0.150550136,-0.560224317,0.009594894,-0.866895853,0.492792419,0.074532878
0.215255584,104183.673841375,vr_world,56698,104183.669747208,0.004095125,1,0.177892000,-0.332238000,-0.446743000,0.032679371,-0.465032735,0.884639924,-0.009424343,1,0.363927677,-0.305459738,-0.479865217,0.032679371,-0.465032735,0.884639924,-0.009424343,56776,104183.669747208,0.004095125,1,0.129032000,0.188796000,-0.489498000,0.013309416,-0.865757312,0.494858350,0.073500676,1,0.301871731,0.148545116,-0.557634073,0.013309416,-0.865757312,0.494858350,0.073500676
0.227110334,104183.685696125,vr_world,56698,104183.669747208,0.015949583,1,0.177892000,-0.332238000,-0.446743000,0.032679371,-0.465032735,0.884639924,-0.009424343,1,0.363927677,-0.305459738,-0.479865217,0.032679371,-0.465032735,0.884639924,-0.009424343,56776,104183.669747208,0.015949583,1,0.129032000,0.188796000,-0.489498000,0.013309416,-0.865757312,0.494858350,0.073500676,1,0.301871731,0.148545116,-0.557634073,0.013309416,-0.865757312,0.494858350,0.073500676
0.237882042,104183.696467833,vr_world,56699,104183.687937083,0.008531375,1,0.177485000,-0.333422000,-0.445765000,0.037564196,-0.466485393,0.883706731,-0.006536215,1,0.363613674,-0.305642359,-0.477512293,0.037564196,-0.466485393,0.883706731,-0.006536215,56777,104183.687937083,0.008531375,1,0.129036000,0.187966000,-0.488513000,0.014212195,-0.866081749,0.494424069,0.072424153,1,0.302103548,0.147910383,-0.556184156,0.014212195,-0.866081749,0.494424069,0.072424153
0.248022917,104183.706608708,vr_world,56700,104183.706031541,0.000577750,1,0.176885000,-0.334552000,-0.444532000,0.039566952,-0.467145459,0.883283213,-0.004510218,1,0.363017543,-0.306278529,-0.475816745,0.039566952,-0.467145459,0.883283213,-0.004510218,56778,104183.706031541,0.000577750,1,0.129012000,0.187281000,-0.487527000,0.013929672,-0.865500975,0.495584735,0.071482847,1,0.302059303,0.146674394,-0.554921267,0.013929672,-0.865500975,0.495584735,0.071482847
0.259075834,104183.717661625,vr_world,56700,104183.706031541,0.011630917,1,0.176885000,-0.334552000,-0.444532000,0.039566952,-0.467145459,0.883283213,-0.004510218,1,0.363017543,-0.306278529,-0.475816745,0.039566952,-0.467145459,0.883283213,-0.004510218,56778,104183.706031541,0.011630917,1,0.129012000,0.187281000,-0.487527000,0.013929672,-0.865500975,0.495584735,0.071482847,1,0.302059303,0.146674394,-0.554921267,0.013929672,-0.865500975,0.495584735,0.071482847
0.271454250,104183.730040041,vr_world,56701,104183.724282250,0.005759708,1,0.175874000,-0.336537000,-0.443118000,0.045721593,-0.469505576,0.881738200,-0.003434608,1,0.362141644,-0.306966842,-0.472331069,0.045721593,-0.469505576,0.881738200,-0.003434608,56779,104183.724282250,0.005759708,1,0.128825000,0.185970000,-0.485814000,0.014015204,-0.863680224,0.499022844,0.069543126,1,0.301755693,0.143861492,-0.552582635,0.014015204,-0.863680224,0.499022844,0.069543126
0.283656000,104183.742241791,vr_world,56702,104183.742198208,0.000044458,1,0.175957000,-0.337189000,-0.441782000,0.043220419,-0.469439802,0.881890704,-0.005201238,1,0.362155936,-0.307861621,-0.471670793,0.043220419,-0.469439802,0.881890704,-0.005201238,56780,104183.742198208,0.000044458,1,0.128795000,0.185377000,-0.485011000,0.013896839,-0.861803924,0.502412428,0.068429719,1,0.301490611,0.141815014,-0.551454965,0.013896839,-0.861803924,0.502412428,0.068429719
0.295986209,104183.754572000,vr_world,56702,104183.742198208,0.012375083,1,0.175957000,-0.337189000,-0.441782000,0.043220419,-0.469439802,0.881890704,-0.005201238,1,0.362155936,-0.307861621,-0.471670793,0.043220419,-0.469439802,0.881890704,-0.005201238,56780,104183.742198208,0.012375083,1,0.128795000,0.185377000,-0.485011000,0.013896839,-0.861803924,0.502412428,0.068429719,1,0.301490611,0.141815014,-0.551454965,0.013896839,-0.861803924,0.502412428,0.068429719
0.308330959,104183.766916750,vr_world,56703,104183.761110708,0.005806750,1,0.176434000,-0.337675000,-0.440038000,0.038405871,-0.466256731,0.883783483,-0.007510324,1,0.362652900,-0.310024470,-0.471365076,0.038405871,-0.466256731,0.883783483,-0.007510324,56781,104183.761110708,0.005806750,1,0.128921000,0.184899000,-0.484071000,0.013954623,-0.860082456,0.505450140,0.067702237,1,0.301373295,0.140063831,-0.550299587,0.013954623,-0.860082456,0.505450140,0.067702237
0.320727375,104183.779313166,vr_world,56703,104183.761110708,0.018203542,1,0.176434000,-0.337675000,-0.440038000,0.038405871,-0.466256731,0.883783483,-0.007510324,1,0.362652900,-0.310024470,-0.471365076,0.038405871,-0.466256731,0.883783483,-0.007510324,56781,104183.761110708,0.018203542,1,0.128921000,0.184899000,-0.484071000,0.013954623,-0.860082456,0.505450140,0.067702237,1,0.301373295,0.140063831,-0.550299587,0.013954623,-0.860082456,0.505450140,0.067702237
0.333137042,104183.791722833,vr_world,56704,104183.779973541,0.011750000,1,0.175932000,-0.338978000,-0.436260000,0.031151331,-0.460918211,0.886841734,-0.009784497,1,0.362129123,-0.314003820,-0.469880632,0.031151331,-0.460918211,0.886841734,-0.009784497,56782,104183.779973541,0.011750000,1,0.129316000,0.183753000,-0.482282000,0.015023959,-0.857686692,0.509687548,0.066078905,1,0.301541975,0.137191130,-0.547905229,0.015023959,-0.857686692,0.509687548,0.066078905
0.345214375,104183.803800166,vr_world,56705,104183.798642041,0.005158500,1,0.175852000,-0.340214000,-0.434894000,0.027435580,-0.457956002,0.888462917,-0.012539322,1,0.362078822,-0.316818103,-0.469472780,0.027435580,-0.457956002,0.888462917,-0.012539322,56783,104183.798642041,0.005158500,1,0.129054000,0.182606000,-0.480965000,0.013641015,-0.857540680,0.510063570,0.065368650,1,0.301235903,0.135729212,-0.546479686,0.013641015,-0.857540680,0.510063570,0.065368650
0.357580917,104183.816166708,vr_world,56705,104183.798642041,0.017525084,1,0.175852000,-0.340214000,-0.434894000,0.027435580,-0.457956002,0.888462917,-0.012539322,1,0.362078822,-0.316818103,-0.469472780,0.027435580,-0.457956002,0.888462917,-0.012539322,56783,104183.798642041,0.017525084,1,0.129054000,0.182606000,-0.480965000,0.013641015,-0.857540680,0.510063570,0.065368650,1,0.301235903,0.135729212,-0.546479686,0.013641015,-0.857540680,0.510063570,0.065368650
0.369982500,104183.828568291,vr_world,56706,104183.816910875,0.011657875,1,0.175498000,-0.341801000,-0.433614000,0.024420282,-0.457982930,0.888448211,-0.017749976,1,0.361711178,-0.318879099,-0.468580219,0.024420282,-0.457982930,0.888448211,-0.017749976,56784,104183.816910875,0.011657875,1,0.128759000,0.181565000,-0.479796000,0.013210621,-0.857189270,0.510694815,0.065137090,1,0.300868600,0.134380076,-0.545279499,0.013210621,-0.857189270,0.510694815,0.065137090
0.381774042,104183.840359833,vr_world,56707,104183.834286458,0.006073875,1,0.174845000,-0.344737000,-0.430690000,0.021652208,-0.456798209,0.888921869,-0.026162755,1,0.361224309,-0.322990579,-0.465522292,0.021652208,-0.456798209,0.888921869,-0.026162755,56785,104183.834286458,0.006073875,1,0.128817000,0.180278000,-0.477684000,0.012973928,-0.855186212,0.514411327,0.062202940,1,0.300808024,0.131387557,-0.542221252,0.012973928,-0.855186212,0.514411327,0.062202940
0.394191000,104183.852776791,vr_world,56708,104183.852734416,0.000043000,1,0.174147000,-0.347239000,-0.428770000,0.022109985,-0.457954345,0.888121680,-0.032075667,1,0.360683341,-0.325366325,-0.462670237,0.022109985,-0.457954345,0.888121680,-0.032075667,56786,104183.852734416,0.000043000,1,0.128997000,0.180118000,-0.476310000,0.011177476,-0.852222872,0.519651971,0.059607624,1,0.300527688,0.128785575,-0.540172347,0.011177476,-0.852222872,0.519651971,0.059607624
0.410291334,104183.868877125,vr_world,56708,104183.852734416,0.016144917,1,0.174147000,-0.347239000,-0.428770000,0.022109985,-0.457954345,0.888121680,-0.032075667,1,0.360683341,-0.325366325,-0.462670237,0.022109985,-0.457954345,0.888121680,-0.032075667,56786,104183.852734416,0.016144917,1,0.128997000,0.180118000,-0.476310000,0.011177476,-0.852222872,0.519651971,0.059607624,1,0.300527688,0.128785575,-0.540172347,0.011177476,-0.852222872,0.519651971,0.059607624
0.427535500,104183.886121291,vr_world,56709,104183.873133416,0.013253209,1,0.173657000,-0.349703000,-0.426899000,0.020514045,-0.457973702,0.887923304,-0.037834745,1,0.360279074,-0.328252272,-0.460596121,0.020514045,-0.457973702,0.887923304,-0.037834745,56787,104183.873133416,0.013253209,1,0.129430000,0.179251000,-0.474766000,0.008961735,-0.848825480,0.525145600,0.060308299,1,0.300040093,0.125527983,-0.539126350,0.008961735,-0.848825480,0.525145600,0.060308299
0.438636584,104183.897222375,vr_world,56710,104183.888748541,0.008475417,1,0.172713000,-0.354135000,-0.423275000,0.016877467,-0.454517945,0.889196055,-0.049587947,1,0.359650052,-0.334993172,-0.456614850,0.016877467,-0.454517945,0.889196055,-0.049587947,56788,104183.888748541,0.008475417,1,0.129648000,0.177696000,-0.471938000,0.006596370,-0.844335532,0.532268247,0.061192408,1,0.299045088,0.120916717,-0.536876073,0.006596370,-0.844335532,0.532268247,0.061192408
0.449905417,104183.908491208,vr_world,56711,104183.906471750,0.002023333,1,0.172233000,-0.357192000,-0.420938000,0.013203172,-0.449421511,0.891425972,-0.056619060,1,0.359387758,-0.340754118,-0.454498995,0.013203172,-0.449421511,0.891425972,-0.056619060,56789,104183.906471750,0.002023333,1,0.129974000,0.176554000,-0.470292000,0.006515130,-0.841591052,0.536479384,0.062224788,1,0.298649761,0.118114228,-0.535633331,0.006515130,-0.841591052,0.536479384,0.062224788
0.464188750,104183.922774541,vr_world,56711,104183.906471750,0.016304208,1,0.172233000,-0.357192000,-0.420938000,0.013203172,-0.449421511,0.891425972,-0.056619060,1,0.359387758,-0.340754118,-0.454498995,0.013203172,-0.449421511,0.891425972,-0.056619060,56789,104183.906471750,0.016304208,1,0.129974000,0.176554000,-0.470292000,0.006515130,-0.841591052,0.536479384,0.062224788,1,0.298649761,0.118114228,-0.535633331,0.006515130,-0.841591052,0.536479384,0.062224788
0.500907459,104183.959493250,vr_world,56713,104183.959461791,0.000032125,1,0.171394000,-0.365128000,-0.414687000,0.005281845,-0.448324238,0.891397734,-0.066238663,1,0.358413984,-0.350097324,-0.449630675,0.005281845,-0.448324238,0.891397734,-0.066238663,56791,104183.959461791,0.000032125,1,0.130869000,0.174241000,-0.466826000,0.007635541,-0.835814951,0.545029642,0.065557263,1,0.297957810,0.112623193,-0.533315199,0.007635541,-0.835814951,0.545029642,0.065557263
0.517769375,104183.976355166,vr_world,56714,104183.961555041,0.015232500,1,0.171148000,-0.373062000,-0.409790000,0.002108076,0.446919184,-0.891689639,0.071752256,1,0.357934468,-0.359329738,-0.446473847,0.002108076,0.446919184,-0.891689639,0.071752256,56792,104183.961555041,0.015232500,1,0.131407000,0.171999000,-0.463736000,0.007590659,-0.830174982,0.553315277,0.067779687,1,0.296923808,0.107152000,-0.531080395,0.007590659,-0.830174982,0.553315277,0.067779687
0.535568542,104183.994154333,vr_world,56715,104183.985797125,0.008358458,1,0.171150000,-0.378450000,-0.406945000,0.005775887,0.447630103,-0.891239683,0.072703219,1,0.357704694,-0.364691039,-0.444779845,0.005775887,0.447630103,-0.891239683,0.072703219,56793,104183.985797125,0.008358458,1,0.131439000,0.170326000,-0.461689000,0.008644744,-0.827638580,0.556637490,0.071374740,1,0.296053078,0.104451894,-0.530238704,0.008644744,-0.827638580,0.556637490,0.071374740
0.587658459,104184.046244250,vr_world,56716,104183.996778041,0.049471584,1,0.170853000,-0.383607000,-0.403638000,0.009817016,0.448204367,-0.890754258,0.074654699,1,0.357182571,-0.369956550,-0.442604815,0.009817016,0.448204367,-0.890754258,0.074654699,56794,104183.996778041,0.049471584,1,0.131481000,0.168822000,-0.459434000,0.008360556,-0.824998659,0.560161342,0.074341007,1,0.295126431,0.101687227,-0.529071280,0.008360556,-0.824998659,0.560161342,0.074341007
0.602057542,104184.060643333,vr_world,56719,104184.060606166,0.000039584,1,0.169182000,-0.405543000,-0.392118000,0.021659322,0.442372306,-0.892946948,0.080519341,1,0.355074265,-0.395344106,-0.434111680,0.021659322,0.442372306,-0.892946948,0.080519341,56797,104184.060606166,0.000039584,1,0.131830000,0.163126000,-0.452995000,0.010092213,-0.810265870,0.581657255,0.071008486,1,0.292073277,0.087256239,-0.521566680,0.010092213,-0.810265870,0.581657255,0.071008486
0.614255959,104184.072841750,vr_world,56720,104184.070431500,0.002411250,1,0.168608000,-0.416988000,-0.386486000,0.025789719,0.441021288,-0.893325971,0.082485292,1,0.354302885,-0.407712079,-0.429553339,0.025789719,0.441021288,-0.893325971,0.082485292,56798,104184.070431500,0.002411250,1,0.132081000,0.159654000,-0.449303000,0.011426141,-0.803313848,0.591433352,0.069013732,1,0.290689073,0.079836319,-0.517191202,0.011426141,-0.803313848,0.591433352,0.069013732
0.626591834,104184.085177625,vr_world,56720,104184.070431500,0.014747166,1,0.168608000,-0.416988000,-0.386486000,0.025789719,0.441021288,-0.893325971,0.082485292,1,0.354302885,-0.407712079,-0.429553339,0.025789719,0.441021288,-0.893325971,0.082485292,56798,104184.070431500,0.014747166,1,0.132081000,0.159654000,-0.449303000,0.011426141,-0.803313848,0.591433352,0.069013732,1,0.290689073,0.079836319,-0.517191202,0.011426141,-0.803313848,0.591433352,0.069013732
0.638989750,104184.097575541,vr_world,56721,104184.088515083,0.009060958,1,0.168426000,-0.423229000,-0.383282000,0.029277823,0.439907568,-0.893473899,0.085606850,1,0.354000654,-0.414800772,-0.427036471,0.029277823,0.439907568,-0.893473899,0.085606850,56799,104184.088515083,0.009060958,1,0.132227000,0.157452000,-0.446967000,0.012073732,-0.799893631,0.595891172,0.070271726,1,0.289801850,0.075988539,-0.515304933,0.012073732,-0.799893631,0.595891172,0.070271726
0.649004625,104184.107590416,vr_world,56722,104184.106757250,0.000833750,1,0.168110000,-0.429398000,-0.380409000,0.036067035,0.437355091,-0.894544304,0.084912788,1,0.353186410,-0.422423602,-0.426468676,0.036067035,0.437355091,-0.894544304,0.084912788,56800,104184.106757250,0.000833750,1,0.132236000,0.155411000,-0.445057000,0.013070534,-0.796055673,0.600939016,0.070688228,1,0.288748115,0.072041358,-0.513538391,0.013070534,-0.796055673,0.600939016,0.070688228
0.661403209,104184.119989000,vr_world,56722,104184.106757250,0.013232375,1,0.168110000,-0.429398000,-0.380409000,0.036067035,0.437355091,-0.894544304,0.084912788,1,0.353186410,-0.422423602,-0.426468676,0.036067035,0.437355091,-0.894544304,0.084912788,56800,104184.106757250,0.013232375,1,0.132236000,0.155411000,-0.445057000,0.013070534,-0.796055673,0.600939016,0.070688228,1,0.288748115,0.072041358,-0.513538391,0.013070534,-0.796055673,0.600939016,0.070688228
0.673810459,104184.132396250,vr_world,56723,104184.124772708,0.007623958,1,0.167777000,-0.441106000,-0.375380000,0.043557099,0.433403106,-0.896036607,0.085923956,1,0.352356205,-0.436297116,-0.423658618,0.043557099,0.433403106,-0.896036607,0.085923956,56801,104184.124772708,0.007623958,1,0.132480000,0.151782000,-0.441838000,0.014153363,-0.788067084,0.611682994,0.067778079,1,0.286994601,0.064013305,-0.509351815,0.014153363,-0.788067084,0.611682994,0.067778079
0.684088459,104184.142674250,vr_world,56723,104184.124772708,0.017902250,1,0.167777000,-0.441106000,-0.375380000,0.043557099,0.433403106,-0.896036607,0.085923956,1,0.352356205,-0.436297116,-0.423658618,0.043557099,0.433403106,-0.896036607,0.085923956,56801,104184.124772708,0.017902250,1,0.132480000,0.151782000,-0.441838000,0.014153363,-0.788067084,0.611682994,0.067778079,1,0.286994601,0.064013305,-0.509351815,0.014153363,-0.788067084,0.611682994,0.067778079
0.695209125,104184.153794916,vr_world,56724,104184.143227208,0.010568583,1,0.167989000,-0.446970000,-0.372437000,0.050065818,0.429431522,-0.897504630,0.086990923,1,0.352114983,-0.444273296,-0.422574691,0.050065818,0.429431522,-0.897504630,0.086990923,56802,104184.143227208,0.010568583,1,0.132942000,0.149545000,-0.440004000,0.013659532,-0.782834275,0.618656486,0.065177205,1,0.286077097,0.058780560,-0.506694960,0.013659532,-0.782834275,0.618656486,0.065177205
0.707591292,104184.166177083,vr_world,56725,104184.161862291,0.004315209,1,0.168035000,-0.452752000,-0.369050000,0.059723743,0.425173273,-0.898914560,0.087254665,1,0.351338831,-0.452448134,-0.422182554,0.059723743,0.425173273,-0.898914560,0.087254665,56803,104184.161862291,0.004315209,1,0.133474000,0.147090000,-0.437740000,0.012374330,-0.778074354,0.624592891,0.065809547,1,0.285004723,0.053915267,-0.504770922,0.012374330,-0.778074354,0.624592891,0.065809547
0.720010917,104184.178596708,vr_world,56725,104184.161862291,0.016734959,1,0.168035000,-0.452752000,-0.369050000,0.059723743,0.425173273,-0.898914560,0.087254665,1,0.351338831,-0.452448134,-0.422182554,0.059723743,0.425173273,-0.898914560,0.087254665,56803,104184.161862291,0.016734959,1,0.133474000,0.147090000,-0.437740000,0.012374330,-0.778074354,0.624592891,0.065809547,1,0.285004723,0.053915267,-0.504770922,0.012374330,-0.778074354,0.624592891,0.065809547
0.732314042,104184.190899833,vr_world,56726,104184.180423541,0.010476792,1,0.167559000,-0.464049000,-0.363734000,0.070052413,0.417900430,-0.901161747,0.091429729,1,0.350103329,-0.467636610,-0.419305300,0.070052413,0.417900430,-0.901161747,0.091429729,56804,104184.180423541,0.010476792,1,0.133851000,0.142210000,-0.433983000,0.011672430,-0.770281009,0.634316648,0.064601173,1,0.283003425,0.045059149,-0.500702381,0.011672430,-0.770281009,0.634316648,0.064601173
0.744410875,104184.202996666,vr_world,56727,104184.198337083,0.004660083,1,0.167493000,-0.469927000,-0.362383000,0.075433765,0.414278308,-0.902289319,0.092505224,1,0.349550548,-0.475407657,-0.419378454,0.075433765,0.414278308,-0.902289319,0.092505224,56805,104184.198337083,0.004660083,1,0.133935000,0.139435000,-0.432596000,0.012084689,-0.766873430,0.638457822,0.064270624,1,0.282066112,0.040668254,-0.499218239,0.012084689,-0.766873430,0.638457822,0.064270624
0.756820125,104184.215405916,vr_world,56727,104184.198337083,0.017070125,1,0.167493000,-0.469927000,-0.362383000,0.075433765,0.414278308,-0.902289319,0.092505224,1,0.349550548,-0.475407657,-0.419378454,0.075433765,0.414278308,-0.902289319,0.092505224,56805,104184.198337083,0.017070125,1,0.133935000,0.139435000,-0.432596000,0.012084689,-0.766873430,0.638457822,0.064270624,1,0.282066112,0.040668254,-0.499218239,0.012084689,-0.766873430,0.638457822,0.064270624
0.769189959,104184.227775750,vr_world,56728,104184.216237541,0.011538834,1,0.167491000,-0.475850000,-0.361235000,0.077865133,0.413644558,-0.901912248,0.096899418,1,0.349505623,-0.482019619,-0.418296495,0.077865133,0.413644558,-0.901912248,0.096899418,56806,104184.216237541,0.011538834,1,0.134031000,0.136463000,-0.431068000,0.014113097,-0.763710878,0.642252927,0.063700028,1,0.281351593,0.036330327,-0.497447982,0.014113097,-0.763710878,0.642252927,0.063700028
0.781579417,104184.240165208,vr_world,56729,104184.234208041,0.005957584,1,0.167506000,-0.480971000,-0.358537000,0.083040645,0.410236402,-0.902689079,0.099813693,1,0.349114691,-0.489046319,-0.416644802,0.083040645,0.410236402,-0.902689079,0.099813693,56807,104184.234208041,0.005957584,1,0.134163000,0.133375000,-0.429668000,0.015266344,-0.760812336,0.645641705,0.063861698,1,0.280623805,0.032021677,-0.496098074,0.015266344,-0.760812336,0.645641705,0.063861698
0.793983250,104184.252569041,vr_world,56729,104184.234208041,0.018361542,1,0.167506000,-0.480971000,-0.358537000,0.083040645,0.410236402,-0.902689079,0.099813693,1,0.349114691,-0.489046319,-0.416644802,0.083040645,0.410236402,-0.902689079,0.099813693,56807,104184.234208041,0.018361542,1,0.134163000,0.133375000,-0.429668000,0.015266344,-0.760812336,0.645641705,0.063861698,1,0.280623805,0.032021677,-0.496098074,0.015266344,-0.760812336,0.645641705,0.063861698
0.806398584,104184.264984375,vr_world,56730,104184.253062791,0.011922084,1,0.167748000,-0.490593000,-0.353885000,0.092621498,0.400145364,-0.905683247,0.105084739,1,0.348509984,-0.503690854,-0.413692970,0.092621498,0.400145364,-0.905683247,0.105084739,56808,104184.253062791,0.011922084,1,0.134663000,0.128070000,-0.426972000,0.015874596,-0.753805022,0.654005672,0.061664953,1,0.279061775,0.023345871,-0.492684046,0.015874596,-0.753805022,0.654005672,0.061664953
0.818821500,104184.277407291,vr_world,56731,104184.270883166,0.006524500,1,0.168329000,-0.495387000,-0.351790000,0.097470511,0.394962030,-0.907177822,0.107391307,1,0.348594633,-0.511026870,-0.412478520,0.097470511,0.394962030,-0.907177822,0.107391307,56809,104184.270883166,0.006524500,1,0.134939000,0.125139000,-0.425924000,0.015016084,-0.750485410,0.658033896,0.059477383,1,0.278348573,0.018624288,-0.490920099,0.015016084,-0.750485410,0.658033896,0.059477383
0.831220500,104184.289806291,vr_world,56732,104184.289164958,0.000641708,1,0.168868000,-0.500228000,-0.349676000,0.104648978,0.392387660,-0.907433605,0.107910925,1,0.348288777,-0.517439067,-0.412408831,0.104648978,0.392387660,-0.907433605,0.107910925,56810,104184.289164958,0.000641708,1,0.135243000,0.122260000,-0.424557000,0.013737865,-0.746722706,0.662351017,0.059225002,1,0.277318019,0.013961687,-0.489536759,0.013737865,-0.746722706,0.662351017,0.059225002
0.843638167,104184.302223958,vr_world,56732,104184.289164958,0.013059583,1,0.168868000,-0.500228000,-0.349676000,0.104648978,0.392387660,-0.907433605,0.107910925,1,0.348288777,-0.517439067,-0.412408831,0.104648978,0.392387660,-0.907433605,0.107910925,56810,104184.289164958,0.013059583,1,0.135243000,0.122260000,-0.424557000,0.013737865,-0.746722706,0.662351017,0.059225002,1,0.277318019,0.013961687,-0.489536759,0.013737865,-0.746722706,0.662351017,0.059225002
0.853733542,104184.312319333,vr_world,56733,104184.307090250,0.005229583,1,0.169490000,-0.509382000,-0.345577000,0.115797059,0.386502872,-0.907982954,0.113020024,1,0.347727175,-0.530041757,-0.410601108,0.115797059,0.386502872,-0.907982954,0.113020024,56811,104184.307090250,0.005229583,1,0.135955000,0.116610000,-0.422215000,0.014780744,-0.738251034,0.671855432,0.058113833,1,0.275329003,0.004660605,-0.486855856,0.014780744,-0.738251034,0.671855432,0.058113833
0.864397959,104184.322983750,vr_world,56733,104184.307090250,0.015894000,1,0.169490000,-0.509382000,-0.345577000,0.115797059,0.386502872,-0.907982954,0.113020024,1,0.347727175,-0.530041757,-0.410601108,0.115797059,0.386502872,-0.907982954,0.113020024,56811,104184.307090250,0.015894000,1,0.135955000,0.116610000,-0.422215000,0.014780744,-0.738251034,0.671855432,0.058113833,1,0.275329003,0.004660605,-0.486855856,0.014780744,-0.738251034,0.671855432,0.058113833
0.876795500,104184.335381291,vr_world,56734,104184.325762166,0.009619542,1,0.169871000,-0.514219000,-0.343920000,0.119355232,0.384418318,-0.907850658,0.117405573,1,0.347862747,-0.536228455,-0.409173154,0.119355232,0.384418318,-0.907850658,0.117405573,56812,104184.325762166,0.009619542,1,0.136358000,0.113398000,-0.421206000,0.016410588,-0.734280350,0.676147253,0.058206127,1,0.274490220,-0.000057940,-0.485885747,0.016410588,-0.734280350,0.676147253,0.058206127
0.889204084,104184.347789875,vr_world,56735,104184.343666833,0.004123458,1,0.170725000,-0.519117000,-0.342015000,0.124248849,0.381710094,-0.907871509,0.120950200,1,0.348234909,-0.542768560,-0.408001861,0.124248849,0.381710094,-0.907871509,0.120950200,56813,104184.343666833,0.004123458,1,0.136689000,0.110252000,-0.420134000,0.018074158,-0.731701958,0.678803895,0.059252357,1,0.273983003,-0.004007732,-0.485182520,0.018074158,-0.731701958,0.678803895,0.059252357
0.901606584,104184.360192375,vr_world,56735,104184.343666833,0.016526292,1,0.170725000,-0.519117000,-0.342015000,0.124248849,0.381710094,-0.907871509,0.120950200,1,0.348234909,-0.542768560,-0.408001861,0.124248849,0.381710094,-0.907871509,0.120950200,56813,104184.343666833,0.016526292,1,0.136689000,0.110252000,-0.420134000,0.018074158,-0.731701958,0.678803895,0.059252357,1,0.273983003,-0.004007732,-0.485182520,0.018074158,-0.731701958,0.678803895,0.059252357
0.914030459,104184.372616250,vr_world,56736,104184.361273916,0.011343125,1,0.172586000,-0.529108000,-0.338432000,0.134192633,0.377532991,-0.907439985,0.126545846,1,0.349027392,-0.555487206,-0.406225793,0.134192633,0.377532991,-0.907439985,0.126545846,56814,104184.361273916,0.011343125,1,0.137231000,0.104720000,-0.418530000,0.019302328,-0.726398076,0.684354053,0.060272595,1,0.272704204,-0.011467026,-0.483980821,0.019302328,-0.726398076,0.684354053,0.060272595
0.926442542,104184.385028333,vr_world,56737,104184.379685666,0.005343125,1,0.173500000,-0.534488000,-0.336660000,0.141013196,0.373348241,-0.908186205,0.126191072,1,0.348885092,-0.562996742,-0.406307627,0.141013196,0.373348241,-0.908186205,0.126191072,56815,104184.379685666,0.005343125,1,0.137477000,0.101910000,-0.417998000,0.020356027,-0.724711831,0.686108753,0.060275802,1,0.272445886,-0.014860132,-0.483452847,0.020356027,-0.724711831,0.686108753,0.060275802
0.938873042,104184.397458833,vr_world,56737,104184.379685666,0.017773500,1,0.173500000,-0.534488000,-0.336660000,0.141013196,0.373348241,-0.908186205,0.126191072,1,0.348885092,-0.562996742,-0.406307627,0.141013196,0.373348241,-0.908186205,0.126191072,56815,104184.379685666,0.017773500,1,0.137477000,0.101910000,-0.417998000,0.020356027,-0.724711831,0.686108753,0.060275802,1,0.272445886,-0.014860132,-0.483452847,0.020356027,-0.724711831,0.686108753,0.060275802
0.949747334,104184.408333125,vr_world,56738,104184.398105083,0.010228333,1,0.174618000,-0.540227000,-0.334794000,0.146881650,0.369900251,-0.908711429,0.125869474,1,0.349065096,-0.570501412,-0.406033656,0.146881650,0.369900251,-0.908711429,0.125869474,56816,104184.398105083,0.010228333,1,0.137747000,0.099088400,-0.417093000,0.021244335,-0.722033453,0.688867824,0.060642326,1,0.271822040,-0.018623840,-0.482697579,0.021244335,-0.722033453,0.688867824,0.060642326
0.961893875,104184.420479666,vr_world,56739,104184.416731541,0.003748542,1,0.177009000,-0.551250000,-0.331420000,0.156653874,0.364041820,-0.909211469,0.127544585,1,0.349964806,-0.584638881,-0.404870070,0.156653874,0.364041820,-0.909211469,0.127544585,56817,104184.416731541,0.003748542,1,0.138276000,0.093880900,-0.415409000,0.022759214,-0.715842886,0.695203725,0.061178111,1,0.270250443,-0.026045450,-0.481262189,0.022759214,-0.715842886,0.695203725,0.061178111
0.974298125,104184.432883916,vr_world,56739,104184.416731541,0.016152917,1,0.177009000,-0.551250000,-0.331420000,0.156653874,0.364041820,-0.909211469,0.127544585,1,0.349964806,-0.584638881,-0.404870070,0.156653874,0.364041820,-0.909211469,0.127544585,56817,104184.416731541,0.016152917,1,0.138276000,0.093880900,-0.415409000,0.022759214,-0.715842886,0.695203725,0.061178111,1,0.270250443,-0.026045450,-0.481262189,0.022759214,-0.715842886,0.695203725,0.061178111
0.984400625,104184.442986416,vr_world,56740,104184.433873083,0.009113875,1,0.178833000,-0.558196000,-0.329910000,0.163361442,0.362803774,-0.908832653,0.125338225,1,0.350625740,-0.592440688,-0.405659696,0.163361442,0.362803774,-0.908832653,0.125338225,56818,104184.433873083,0.009113875,1,0.138464000,0.091352200,-0.414454000,0.022849666,-0.712807950,0.698327228,0.061006574,1,0.269379369,-0.029742376,-0.480283299,0.022849666,-0.712807950,0.698327228,0.061006574
0.995065250,104184.453651041,vr_world,56741,104184.452860958,0.000790375,1,0.180802000,-0.565614000,-0.327828000,0.170680510,0.366198971,-0.906706966,0.121032868,1,0.351355472,-0.598853932,-0.406758777,0.170680510,0.366198971,-0.906706966,0.121032868,56819,104184.452860958,0.000790375,1,0.138258000,0.088853000,-0.413589000,0.022304165,-0.711272022,0.699836486,0.061834690,1,0.268519394,-0.032771565,-0.479737591,0.022304165,-0.711272022,0.699836486,0.061834690
1.005729875,104184.464315666,vr_world,56741,104184.452860958,0.011455000,1,0.180802000,-0.565614000,-0.327828000,0.170680510,0.366198971,-0.906706966,0.121032868,1,0.351355472,-0.598853932,-0.406758777,0.170680510,0.366198971,-0.906706966,0.121032868,56819,104184.452860958,0.011455000,1,0.138258000,0.088853000,-0.413589000,0.022304165,-0.711272022,0.699836486,0.061834690,1,0.268519394,-0.032771565,-0.479737591,0.022304165,-0.711272022,0.699836486,0.061834690
1.016403834,104184.474989625,vr_world,56742,104184.470433458,0.004556708,1,0.182260000,-0.571819000,-0.325199000,0.178922561,0.364059366,-0.906787650,0.114820087,1,0.351013887,-0.606061283,-0.407497471,0.178922561,0.364059366,-0.906787650,0.114820087,56820,104184.470433458,0.004556708,1,0.138152000,0.086487300,-0.412851000,0.022813409,-0.709478497,0.701675876,0.061406646,1,0.267845554,-0.035815697,-0.478864579,0.022813409,-0.709478497,0.701675876,0.061406646
1.028815542,104184.487401333,vr_world,56742,104184.470433458,0.016968417,1,0.182260000,-0.571819000,-0.325199000,0.178922561,0.364059366,-0.906787650,0.114820087,1,0.351013887,-0.606061283,-0.407497471,0.178922561,0.364059366,-0.906787650,0.114820087,56820,104184.470433458,0.016968417,1,0.138152000,0.086487300,-0.412851000,0.022813409,-0.709478497,0.701675876,0.061406646,1,0.267845554,-0.035815697,-0.478864579,0.022813409,-0.709478497,0.701675876,0.061406646
1.041226792,104184.499812583,vr_world,56743,104184.488891583,0.010921375,1,0.184387000,-0.583572000,-0.321352000,0.186607655,0.357259222,-0.908555746,0.109863044,1,0.351245921,-0.620579534,-0.406275584,0.186607655,0.357259222,-0.908555746,0.109863044,56821,104184.488891583,0.010921375,1,0.138123000,0.082169200,-0.411359000,0.024076816,-0.704714455,0.706423342,0.061350675,1,0.266213714,-0.041795118,-0.477403149,0.024076816,-0.704714455,0.706423342,0.061350675
1.053638584,104184.512224375,vr_world,56744,104184.507282875,0.004942166,1,0.185299000,-0.590669000,-0.318959000,0.188362808,0.358215137,-0.908377220,0.105129416,1,0.351560872,-0.627068091,-0.405304544,0.188362808,0.358215137,-0.908377220,0.105129416,56822,104184.507282875,0.004942166,1,0.138131000,0.080349100,-0.410642000,0.024565740,-0.702249746,0.708806161,0.061932581,1,0.265330856,-0.044404032,-0.476922332,0.024565740,-0.702249746,0.708806161,0.061932581
1.065021209,104184.523607000,vr_world,56744,104184.507282875,0.016324750,1,0.185299000,-0.590669000,-0.318959000,0.188362808,0.358215137,-0.908377220,0.105129416,1,0.351560872,-0.627068091,-0.405304544,0.188362808,0.358215137,-0.908377220,0.105129416,56822,104184.507282875,0.016324750,1,0.138131000,0.080349100,-0.410642000,0.024565740,-0.702249746,0.708806161,0.061932581,1,0.265330856,-0.044404032,-0.476922332,0.024565740,-0.702249746,0.708806161,0.061932581
1.077465667,104184.536051458,vr_world,56745,104184.525194583,0.010859000,1,0.186253000,-0.598305000,-0.316916000,0.189186067,0.365096770,-0.905964062,0.100707984,1,0.352336617,-0.631814739,-0.404761106,0.189186067,0.365096770,-0.905964062,0.100707984,56823,104184.525194583,0.010859000,1,0.137735000,0.078848600,-0.409971000,0.025714788,-0.699657436,0.711355353,0.061577460,1,0.264117876,-0.046783585,-0.476153577,0.025714788,-0.699657436,0.711355353,0.061577460
1.089873750,104184.548459541,vr_world,56746,104184.542948291,0.005511875,1,0.188565000,-0.611419000,-0.312349000,0.195337503,0.372150326,-0.902836072,0.090743713,1,0.353081252,-0.641864773,-0.404168968,0.195337503,0.372150326,-0.902836072,0.090743713,56824,104184.542948291,0.005511875,1,0.137155000,0.075462500,-0.408654000,0.028520575,-0.696278662,0.714505085,0.062169803,1,0.262507791,-0.051067216,-0.475085453,0.028520575,-0.696278662,0.714505085,0.062169803
1.101734084,104184.560319875,vr_world,56746,104184.542948291,0.017372000,1,0.188565000,-0.611419000,-0.312349000,0.195337503,0.372150326,-0.902836072,0.090743713,1,0.353081252,-0.641864773,-0.404168968,0.195337503,0.372150326,-0.902836072,0.090743713,56824,104184.542948291,0.017372000,1,0.137155000,0.075462500,-0.408654000,0.028520575,-0.696278662,0.714505085,0.062169803,1,0.262507791,-0.051067216,-0.475085453,0.028520575,-0.696278662,0.714505085,0.062169803
1.111878250,104184.570464041,vr_world,56747,104184.561270083,0.009194417,1,0.190122000,-0.617284000,-0.309751000,0.202532053,0.369023884,-0.903074326,0.085199190,1,0.352815367,-0.648926233,-0.404371647,0.202532053,0.369023884,-0.903074326,0.085199190,56825,104184.561270083,0.009194417,1,0.136422000,0.074307300,-0.407897000,0.031439522,-0.695197908,0.715446553,0.062029470,1,0.261643744,-0.052373747,-0.474287186,0.031439522,-0.695197908,0.715446553,0.062029470
1.121928625,104184.580514416,vr_world,56748,104184.580147000,0.000368000,1,0.190840000,-0.623256000,-0.308114000,0.207699265,0.366859865,-0.902831519,0.084676461,1,0.352477505,-0.656041222,-0.404144794,0.207699265,0.366859865,-0.902831519,0.084676461,56826,104184.580147000,0.000368000,1,0.136002000,0.073189800,-0.407303000,0.032703679,-0.693875910,0.716660278,0.062167014,1,0.260842450,-0.053831831,-0.473760294,0.032703679,-0.693875910,0.716660278,0.062167014
1.134295750,104184.592881541,vr_world,56748,104184.580147000,0.012735083,1,0.190840000,-0.623256000,-0.308114000,0.207699265,0.366859865,-0.902831519,0.084676461,1,0.352477505,-0.656041222,-0.404144794,0.207699265,0.366859865,-0.902831519,0.084676461,56826,104184.580147000,0.012735083,1,0.136002000,0.073189800,-0.407303000,0.032703679,-0.693875910,0.716660278,0.062167014,1,0.260842450,-0.053831831,-0.473760294,0.032703679,-0.693875910,0.716660278,0.062167014
1.144413709,104184.602999500,vr_world,56749,104184.597435416,0.005564500,1,0.193500000,-0.635870000,-0.304519000,0.218121893,0.370400395,-0.899099205,0.082746641,1,0.353161361,-0.667925481,-0.404038527,0.218121893,0.370400395,-0.899099205,0.082746641,56827,104184.597435416,0.005564500,1,0.135092000,0.071370800,-0.406377000,0.034170593,-0.690427487,0.719999220,0.061183157,1,0.258865869,-0.056843048,-0.472539438,0.034170593,-0.690427487,0.719999220,0.061183157
1.155294959,104184.613880750,vr_world,56749,104184.597435416,0.016445959,1,0.193500000,-0.635870000,-0.304519000,0.218121893,0.370400395,-0.899099205,0.082746641,1,0.353161361,-0.667925481,-0.404038527,0.218121893,0.370400395,-0.899099205,0.082746641,56827,104184.597435416,0.016445959,1,0.135092000,0.071370800,-0.406377000,0.034170593,-0.690427487,0.719999220,0.061183157,1,0.258865869,-0.056843048,-0.472539438,0.034170593,-0.690427487,0.719999220,0.061183157
1.165736459,104184.624322250,vr_world,56750,104184.615994083,0.008328667,1,0.195517000,-0.642558000,-0.301998000,0.231144268,0.374331217,-0.894800321,0.076031922,1,0.352186528,-0.673445899,-0.406516101,0.231144268,0.374331217,-0.894800321,0.076031922,56828,104184.615994083,0.008328667,1,0.134713000,0.070726200,-0.406161000,0.033823747,-0.688856155,0.721617358,0.060012837,1,0.257957572,-0.058196400,-0.471932956,0.033823747,-0.688856155,0.721617358,0.060012837
1.177207084,104184.635792875,vr_world,56751,104184.634718250,0.001076416,1,0.196318000,-0.648548000,-0.300720000,0.236837050,0.376513529,-0.892712778,0.072178045,1,0.351554859,-0.678644354,-0.407580599,0.236837050,0.376513529,-0.892712778,0.072178045,56829,104184.634718250,0.001076416,1,0.134318000,0.070191800,-0.405816000,0.034240800,-0.687509056,0.722875189,0.060085994,1,0.257098597,-0.059147957,-0.471636805,0.034240800,-0.687509056,0.722875189,0.060085994
1.187689459,104184.646275250,vr_world,56751,104184.634718250,0.011557500,1,0.196318000,-0.648548000,-0.300720000,0.236837050,0.376513529,-0.892712778,0.072178045,1,0.351554859,-0.678644354,-0.407580599,0.236837050,0.376513529,-0.892712778,0.072178045,56829,104184.634718250,0.011557500,1,0.134318000,0.070191800,-0.405816000,0.034240800,-0.687509056,0.722875189,0.060085994,1,0.257098597,-0.059147957,-0.471636805,0.034240800,-0.687509056,0.722875189,0.060085994
1.198372334,104184.656958125,vr_world,56752,104184.652159708,0.004799083,1,0.198355000,-0.658803000,-0.297775000,0.247112579,0.370327897,-0.893034326,0.065439399,1,0.350662705,-0.691200901,-0.408120765,0.247112579,0.370327897,-0.893034326,0.065439399,56830,104184.652159708,0.004799083,1,0.133586000,0.068882700,-0.405213000,0.034855230,-0.685400646,0.724925459,0.059111304,1,0.255707697,-0.061236508,-0.470722727,0.034855230,-0.685400646,0.724925459,0.059111304
1.210750125,104184.669335916,vr_world,56752,104184.652159708,0.017176458,1,0.198355000,-0.658803000,-0.297775000,0.247112579,0.370327897,-0.893034326,0.065439399,1,0.350662705,-0.691200901,-0.408120765,0.247112579,0.370327897,-0.893034326,0.065439399,56830,104184.652159708,0.017176458,1,0.133586000,0.068882700,-0.405213000,0.034855230,-0.685400646,0.724925459,0.059111304,1,0.255707697,-0.061236508,-0.470722727,0.034855230,-0.685400646,0.724925459,0.059111304
1.223139584,104184.681725375,vr_world,56753,104184.670616833,0.011109167,1,0.198808000,-0.665110000,-0.297167000,0.246218705,0.372513745,-0.892546903,0.063007023,1,0.351136086,-0.696357901,-0.407815948,0.246218705,0.372513745,-0.892546903,0.063007023,56831,104184.670616833,0.011109167,1,0.133440000,0.068253800,-0.405143000,0.034369338,-0.685728280,0.724607544,0.059492703,1,0.255614611,-0.061750214,-0.470782292,0.034369338,-0.685728280,0.724607544,0.059492703
1.234952750,104184.693538541,vr_world,56754,104184.689029041,0.004509834,1,0.200626000,-0.671389000,-0.296005000,0.251129818,0.379944692,-0.888509268,0.055920725,1,0.351411938,-0.699431884,-0.409586136,0.251129818,0.379944692,-0.888509268,0.055920725,56832,104184.689029041,0.004509834,1,0.133372000,0.067809600,-0.405024000,0.032377527,-0.685133473,0.725222905,0.059962976,1,0.255120037,-0.062506612,-0.470836746,0.032377527,-0.685133473,0.725222905,0.059962976
1.245144709,104184.703730500,vr_world,56754,104184.689029041,0.014702042,1,0.200626000,-0.671389000,-0.296005000,0.251129818,0.379944692,-0.888509268,0.055920725,1,0.351411938,-0.699431884,-0.409586136,0.251129818,0.379944692,-0.888509268,0.055920725,56832,104184.689029041,0.014702042,1,0.133372000,0.067809600,-0.405024000,0.032377527,-0.685133473,0.725222905,0.059962976,1,0.255120037,-0.062506612,-0.470836746,0.032377527,-0.685133473,0.725222905,0.059962976
1.257489625,104184.716075416,vr_world,56755,104184.706568083,0.009507833,1,0.202821000,-0.682039000,-0.294008000,0.261833521,0.385932596,-0.883401173,0.045843279,1,0.350357838,-0.707432787,-0.412377967,0.261833521,0.385932596,-0.883401173,0.045843279,56833,104184.706568083,0.009507833,1,0.133145000,0.066958200,-0.404692000,0.030535409,-0.682314078,0.727911312,0.060499664,1,0.253651042,-0.064392994,-0.470732939,0.030535409,-0.682314078,0.727911312,0.060499664
1.269867500,104184.728453291,vr_world,56756,104184.725157375,0.003296458,1,0.203876000,-0.687072000,-0.293998000,0.264187102,0.385521996,-0.883125958,0.040822883,1,0.350359116,-0.712148338,-0.413736485,0.264187102,0.385521996,-0.883125958,0.040822883,56834,104184.725157375,0.003296458,1,0.133168000,0.066458000,-0.404669000,0.030991441,-0.680095579,0.729904646,0.061226961,1,0.252841761,-0.065504666,-0.471003603,0.030991441,-0.680095579,0.729904646,0.061226961
1.280400542,104184.738986333,vr_world,56756,104184.725157375,0.013829708,1,0.203876000,-0.687072000,-0.293998000,0.264187102,0.385521996,-0.883125958,0.040822883,1,0.350359116,-0.712148338,-0.413736485,0.264187102,0.385521996,-0.883125958,0.040822883,56834,104184.725157375,0.013829708,1,0.133168000,0.066458000,-0.404669000,0.030991441,-0.680095579,0.729904646,0.061226961,1,0.252841761,-0.065504666,-0.471003603,0.030991441,-0.680095579,0.729904646,0.061226961
1.291009834,104184.749595625,vr_world,56757,104184.743585458,0.006010708,1,0.205395000,-0.691675000,-0.293603000,0.268389722,0.384317968,-0.882586757,0.036156214,1,0.350412609,-0.716888782,-0.415083794,0.268389722,0.384317968,-0.882586757,0.036156214,56835,104184.743585458,0.006010708,1,0.132999000,0.065753600,-0.404689000,0.032352082,-0.679766792,0.730103546,0.061800194,1,0.252633072,-0.066136320,-0.471239487,0.032352082,-0.679766792,0.730103546,0.061800194
1.303379792,104184.761965583,vr_world,56758,104184.761951291,0.000014917,1,0.207022000,-0.696230000,-0.292967000,0.274941096,0.386288458,-0.879917652,0.030553998,1,0.349947685,-0.720446464,-0.417100869,0.274941096,0.386288458,-0.879917652,0.030553998,56836,104184.761951291,0.000014917,1,0.132880000,0.065021400,-0.404665000,0.034058638,-0.680060959,0.729673307,0.062721333,1,0.252714783,-0.066518228,-0.471546679,0.034058638,-0.680060959,0.729673307,0.062721333
1.315814542,104184.774400333,vr_world,56758,104184.761951291,0.012451709,1,0.207022000,-0.696230000,-0.292967000,0.274941096,0.386288458,-0.879917652,0.030553998,1,0.349947685,-0.720446464,-0.417100869,0.274941096,0.386288458,-0.879917652,0.030553998,56836,104184.761951291,0.012451709,1,0.132880000,0.065021400,-0.404665000,0.034058638,-0.680060959,0.729673307,0.062721333,1,0.252714783,-0.066518228,-0.471546679,0.034058638,-0.680060959,0.729673307,0.062721333
1.328247084,104184.786832875,vr_world,56759,104184.780024375,0.006811541,1,0.209300000,-0.704465000,-0.291570000,0.287421479,0.390421800,-0.874395391,0.019809404,1,0.348088987,-0.726576810,-0.420690506,0.287421479,0.390421800,-0.874395391,0.019809404,56837,104184.780024375,0.006811541,1,0.132962000,0.063916700,-0.404446000,0.035808207,-0.679622020,0.729897461,0.063885671,1,0.252714365,-0.067479319,-0.471756465,0.035808207,-0.679622020,0.729897461,0.063885671
1.340647625,104184.799233416,vr_world,56760,104184.798130125,0.001103833,1,0.209910000,-0.708179000,-0.291429000,0.290272331,0.396145411,-0.870948458,0.016111171,1,0.347608343,-0.727883797,-0.422097815,0.290272331,0.396145411,-0.870948458,0.016111171,56838,104184.798130125,0.001103833,1,0.133572000,0.063008200,-0.404311000,0.036076499,-0.678795836,0.730528439,0.065290875,1,0.252949103,-0.068464667,-0.472135654,0.036076499,-0.678795836,0.730528439,0.065290875
1.352840125,104184.811425916,vr_world,56760,104184.798130125,0.013296166,1,0.209910000,-0.708179000,-0.291429000,0.290272331,0.396145411,-0.870948458,0.016111171,1,0.347608343,-0.727883797,-0.422097815,0.290272331,0.396145411,-0.870948458,0.016111171,56838,104184.798130125,0.013296166,1,0.133572000,0.063008200,-0.404311000,0.036076499,-0.678795836,0.730528439,0.065290875,1,0.252949103,-0.068464667,-0.472135654,0.036076499,-0.678795836,0.730528439,0.065290875
1.364395792,104184.822981583,vr_world,56761,104184.816863833,0.006120250,1,0.211109000,-0.711345000,-0.291065000,0.295455859,0.400795863,-0.867127910,0.012557837,1,0.347102802,-0.729218570,-0.423766251,0.295455859,0.400795863,-0.867127910,0.012557837,56839,104184.816863833,0.006120250,1,0.133712000,0.062356000,-0.403875000,0.035145617,-0.677209581,0.731925460,0.066611487,1,0.252327033,-0.069552029,-0.472190297,0.035145617,-0.677209581,0.731925460,0.066611487
1.376404459,104184.834990250,vr_world,56762,104184.834510541,0.000480250,1,0.213025000,-0.717374000,-0.290596000,0.305650981,0.405069560,-0.861634839,0.009029638,1,0.345976709,-0.733928628,-0.426512140,0.305650981,0.405069560,-0.861634839,0.009029638,56840,104184.834510541,0.000480250,1,0.134025000,0.060931200,-0.403371000,0.035332491,-0.675990203,0.732804181,0.069187371,1,0.252031520,-0.071035730,-0.472620047,0.035332491,-0.675990203,0.732804181,0.069187371
1.388830750,104184.847416541,vr_world,56762,104184.834510541,0.012906584,1,0.213025000,-0.717374000,-0.290596000,0.305650981,0.405069560,-0.861634839,0.009029638,1,0.345976709,-0.733928628,-0.426512140,0.305650981,0.405069560,-0.861634839,0.009029638,56840,104184.834510541,0.012906584,1,0.134025000,0.060931200,-0.403371000,0.035332491,-0.675990203,0.732804181,0.069187371,1,0.252031520,-0.071035730,-0.472620047,0.035332491,-0.675990203,0.732804181,0.069187371
1.401249500,104184.859835291,vr_world,56763,104184.852695791,0.007139959,1,0.214614000,-0.719636000,-0.290676000,0.311641306,0.401765002,-0.861008254,0.011373874,1,0.346304780,-0.738191753,-0.427557933,0.311641306,0.401765002,-0.861008254,0.011373874,56841,104184.852695791,0.007139959,1,0.134041000,0.059968800,-0.402939000,0.034154437,-0.676442960,0.732418897,0.069433095,1,0.252091234,-0.071920815,-0.472260599,0.034154437,-0.676442960,0.732418897,0.069433095
1.412281292,104184.870867083,vr_world,56763,104184.852695791,0.018171709,1,0.214614000,-0.719636000,-0.290676000,0.311641306,0.401765002,-0.861008254,0.011373874,1,0.346304780,-0.738191753,-0.427557933,0.311641306,0.401765002,-0.861008254,0.011373874,56841,104184.852695791,0.018171709,1,0.134041000,0.059968800,-0.402939000,0.034154437,-0.676442960,0.732418897,0.069433095,1,0.252091234,-0.071920815,-0.472260599,0.034154437,-0.676442960,0.732418897,0.069433095
1.423374250,104184.881960041,vr_world,56764,104184.871218791,0.010749042,1,0.216158000,-0.721819000,-0.290226000,0.318981219,0.399478865,-0.859400998,0.009876357,1,0.345738622,-0.741522924,-0.428948902,0.318981219,0.399478865,-0.859400998,0.009876357,56842,104184.871218791,0.010749042,1,0.134051000,0.059141500,-0.402451000,0.033850762,-0.675973781,0.732859418,0.069502859,1,0.251894091,-0.072917411,-0.471802821,0.033850762,-0.675973781,0.732859418,0.069502859
1.435601334,104184.894187125,vr_world,56765,104184.889080000,0.005112083,1,0.218278000,-0.726667000,-0.290070000,0.327066716,0.400864700,-0.855731160,0.007683486,1,0.345412175,-0.746151693,-0.431069041,0.327066716,0.400864700,-0.855731160,0.007683486,56843,104184.889080000,0.005112083,1,0.134052000,0.057787200,-0.401832000,0.033522618,-0.674376566,0.734350587,0.069438438,1,0.251274235,-0.074823124,-0.471183721,0.033522618,-0.674376566,0.734350587,0.069438438
1.447873834,104184.906459625,vr_world,56765,104184.889080000,0.017388500,1,0.218278000,-0.726667000,-0.290070000,0.327066716,0.400864700,-0.855731160,0.007683486,1,0.345412175,-0.746151693,-0.431069041,0.327066716,0.400864700,-0.855731160,0.007683486,56843,104184.889080000,0.017388500,1,0.134052000,0.057787200,-0.401832000,0.033522618,-0.674376566,0.734350587,0.069438438,1,0.251274235,-0.074823124,-0.471183721,0.033522618,-0.674376566,0.734350587,0.069438438
1.460251917,104184.918837708,vr_world,56766,104184.907254625,0.011583583,1,0.219526000,-0.729255000,-0.290385000,0.327909322,0.404777138,-0.853578907,0.005830451,1,0.346173244,-0.747116766,-0.432035528,0.327909322,0.404777138,-0.853578907,0.005830451,56844,104184.907254625,0.011583583,1,0.134059000,0.056922100,-0.401679000,0.034478605,-0.672876615,0.735827254,0.067871494,1,0.250913849,-0.076284242,-0.470506631,0.034478605,-0.672876615,0.735827254,0.067871494
1.472375459,104184.930961250,vr_world,56767,104184.925750083,0.005211625,1,0.221283000,-0.732076000,-0.290843000,0.329931678,0.409466737,-0.850574732,0.002168828,1,0.346864093,-0.747838464,-0.433686831,0.329931678,0.409466737,-0.850574732,0.002168828,56845,104184.925750083,0.005211625,1,0.134200000,0.055577500,-0.401423000,0.035452014,-0.673282389,0.735446145,0.067475530,1,0.251322204,-0.077465934,-0.470111098,0.035452014,-0.673282389,0.735446145,0.067475530
1.484700375,104184.943286166,vr_world,56768,104184.942805541,0.000481042,1,0.224160000,-0.736806000,-0.291674000,0.335181884,0.415553772,-0.845550795,-0.003466972,1,0.347464403,-0.749896869,-0.436753455,0.335181884,0.415553772,-0.845550795,-0.003466972,56846,104184.942805541,0.000481042,1,0.134259000,0.053365100,-0.400820000,0.036372000,-0.674002991,0.734593848,0.069057405,1,0.251630084,-0.079170551,-0.470062684,0.036372000,-0.674002991,0.734593848,0.069057405
1.497083042,104184.955668833,vr_world,56768,104184.942805541,0.012863750,1,0.224160000,-0.736806000,-0.291674000,0.335181884,0.415553772,-0.845550795,-0.003466972,1,0.347464403,-0.749896869,-0.436753455,0.335181884,0.415553772,-0.845550795,-0.003466972,56846,104184.942805541,0.012863750,1,0.134259000,0.053365100,-0.400820000,0.036372000,-0.674002991,0.734593848,0.069057405,1,0.251630084,-0.079170551,-0.470062684,0.036372000,-0.674002991,0.734593848,0.069057405
1.509529042,104184.968114833,vr_world,56769,104184.961220000,0.006897458,1,0.226190000,-0.738799000,-0.292729000,0.338668411,0.416213459,-0.843822384,-0.005817871,1,0.348196069,-0.751544080,-0.438932689,0.338668411,0.416213459,-0.843822384,-0.005817871,56847,104184.961220000,0.006897458,1,0.134385000,0.052129600,-0.400709000,0.037975694,-0.673659209,0.734735794,0.070031641,1,0.251712241,-0.080255616,-0.470312752,0.037975694,-0.673659209,0.734735794,0.070031641
1.521948500,104184.980534291,vr_world,56770,104184.979875833,0.000660667,1,0.228576000,-0.740662000,-0.293714000,0.345071002,0.415447442,-0.841591873,-0.007248762,1,0.348590899,-0.753948100,-0.441509032,0.345071002,0.415447442,-0.841591873,-0.007248762,56848,104184.979875833,0.000660667,1,0.134506000,0.050944400,-0.400484000,0.039202543,-0.672983946,0.735171766,0.071261789,1,0.251615057,-0.081394163,-0.470542389,0.039202543,-0.672983946,0.735171766,0.071261789
1.534368500,104184.992954291,vr_world,56770,104184.979875833,0.013079125,1,0.228576000,-0.740662000,-0.293714000,0.345071002,0.415447442,-0.841591873,-0.007248762,1,0.348590899,-0.753948100,-0.441509032,0.345071002,0.415447442,-0.841591873,-0.007248762,56848,104184.979875833,0.013079125,1,0.134506000,0.050944400,-0.400484000,0.039202543,-0.672983946,0.735171766,0.071261789,1,0.251615057,-0.081394163,-0.470542389,0.039202543,-0.672983946,0.735171766,0.071261789
1.544400459,104185.002986250,vr_world,56771,104184.997813500,0.005173333,1,0.230382000,-0.742973000,-0.294778000,0.350011635,0.415448959,-0.839528357,-0.009281996,1,0.348705014,-0.756309889,-0.443926407,0.350011635,0.415448959,-0.839528357,-0.009281996,56849,104184.997813500,0.005173333,1,0.134625000,0.049696200,-0.400280000,0.040215996,-0.672437666,0.735544463,0.072004186,1,0.251576845,-0.082633548,-0.470617158,0.040215996,-0.672437666,0.735544463,0.072004186
1.556768917,104185.015354708,vr_world,56771,104184.997813500,0.017541791,1,0.230382000,-0.742973000,-0.294778000,0.350011635,0.415448959,-0.839528357,-0.009281996,1,0.348705014,-0.756309889,-0.443926407,0.350011635,0.415448959,-0.839528357,-0.009281996,56849,104184.997813500,0.017541791,1,0.134625000,0.049696200,-0.400280000,0.040215996,-0.672437666,0.735544463,0.072004186,1,0.251576845,-0.082633548,-0.470617158,0.040215996,-0.672437666,0.735544463,0.072004186
1.569179167,104185.027764958,vr_world,56772,104185.015792125,0.011973541,1,0.233893000,-0.747476000,-0.296959000,0.357329194,0.417268072,-0.835476027,-0.013528215,1,0.349464873,-0.760033323,-0.448315793,0.357329194,0.417268072,-0.835476027,-0.013528215,56850,104185.015792125,0.011973541,1,0.134753000,0.047506700,-0.399634000,0.041604591,-0.671528500,0.736075537,0.074238365,1,0.251350434,-0.084700687,-0.470785147,0.041604591,-0.671528500,0.736075537,0.074238365
1.581608000,104185.040193791,vr_world,56773,104185.033377875,0.006818208,1,0.235635000,-0.749905000,-0.298117000,0.360036435,0.420770820,-0.832460733,-0.018297857,1,0.349659706,-0.760623347,-0.450783133,0.360036435,0.420770820,-0.832460733,-0.018297857,56851,104185.033377875,0.006818208,1,0.134636000,0.046414800,-0.399359000,0.042105722,-0.671008109,0.736423613,0.075202975,1,0.251023711,-0.085786962,-0.470863028,0.042105722,-0.671008109,0.736423613,0.075202975
1.594011875,104185.052597666,vr_world,56774,104185.052114666,0.000483542,1,0.237114000,-0.752297000,-0.299164000,0.362357812,0.425587919,-0.828857466,-0.023812597,1,0.349531327,-0.760543502,-0.453169744,0.362357812,0.425587919,-0.828857466,-0.023812597,56852,104185.052114666,0.000483542,1,0.134338000,0.045358900,-0.398932000,0.042538161,-0.670771016,0.736506786,0.076252881,1,0.250609511,-0.086740752,-0.470812899,0.042538161,-0.670771016,0.736506786,0.076252881
1.606438542,104185.065024333,vr_world,56774,104185.052114666,0.012910250,1,0.237114000,-0.752297000,-0.299164000,0.362357812,0.425587919,-0.828857466,-0.023812597,1,0.349531327,-0.760543502,-0.453169744,0.362357812,0.425587919,-0.828857466,-0.023812597,56852,104185.052114666,0.012910250,1,0.134338000,0.045358900,-0.398932000,0.042538161,-0.670771016,0.736506786,0.076252881,1,0.250609511,-0.086740752,-0.470812899,0.042538161,-0.670771016,0.736506786,0.076252881
1.618841750,104185.077427541,vr_world,56775,104185.070389791,0.007038542,1,0.240068000,-0.756920000,-0.301432000,0.366198117,0.434370669,-0.822299314,-0.032324904,1,0.349788870,-0.760877393,-0.457538108,0.366198117,0.434370669,-0.822299314,-0.032324904,56853,104185.070389791,0.007038542,1,0.133942000,0.043385600,-0.398420000,0.044391115,-0.669749481,0.737234070,0.077142646,1,0.249953439,-0.088754355,-0.470646224,0.044391115,-0.669749481,0.737234070,0.077142646
1.631263417,104185.089849208,vr_world,56776,104185.089100250,0.000750958,1,0.241926000,-0.759056000,-0.302653000,0.368641962,0.435065657,-0.820704899,-0.035559068,1,0.350403203,-0.762382601,-0.459640423,0.368641962,0.435065657,-0.820704899,-0.035559068,56854,104185.089100250,0.000750958,1,0.133691000,0.042289100,-0.398096000,0.045403131,-0.669444289,0.737459150,0.077051295,1,0.249693182,-0.089869371,-0.470302962,0.045403131,-0.669444289,0.737459150,0.077051295
1.643673250,104185.102259041,vr_world,56776,104185.089100250,0.013159500,1,0.241926000,-0.759056000,-0.302653000,0.368641962,0.435065657,-0.820704899,-0.035559068,1,0.350403203,-0.762382601,-0.459640423,0.368641962,0.435065657,-0.820704899,-0.035559068,56854,104185.089100250,0.013159500,1,0.133691000,0.042289100,-0.398096000,0.045403131,-0.669444289,0.737459150,0.077051295,1,0.249693182,-0.089869371,-0.470302962,0.045403131,-0.669444289,0.737459150,0.077051295
1.656089584,104185.114675375,vr_world,56777,104185.107308708,0.007367417,1,0.243626000,-0.761145000,-0.303712000,0.371203472,0.436370876,-0.818710456,-0.038750868,1,0.350792037,-0.763639740,-0.461612798,0.371203472,0.436370876,-0.818710456,-0.038750868,56855,104185.107308708,0.007367417,1,0.133455000,0.041309100,-0.398077000,0.046951599,-0.669099125,0.737678565,0.077021054,1,0.249481815,-0.090824260,-0.470290605,0.046951599,-0.669099125,0.737678565,0.077021054
1.668518542,104185.127104333,vr_world,56778,104185.125476166,0.001630959,1,0.246715000,-0.764891000,-0.305612000,0.376349371,0.440598589,-0.813722042,-0.045721698,1,0.351048281,-0.765038517,-0.465418048,0.376349371,0.440598589,-0.813722042,-0.045721698,56856,104185.125476166,0.001630959,1,0.133093000,0.039534000,-0.397880000,0.049509528,-0.668931011,0.737489628,0.078671203,1,0.249201807,-0.092198395,-0.470691549,0.049509528,-0.668931011,0.737489628,0.078671203
1.680932667,104185.139518458,vr_world,56778,104185.125476166,0.014044000,1,0.246715000,-0.764891000,-0.305612000,0.376349371,0.440598589,-0.813722042,-0.045721698,1,0.351048281,-0.765038517,-0.465418048,0.376349371,0.440598589,-0.813722042,-0.045721698,56856,104185.125476166,0.014044000,1,0.133093000,0.039534000,-0.397880000,0.049509528,-0.668931011,0.737489628,0.078671203,1,0.249201807,-0.092198395,-0.470691549,0.049509528,-0.668931011,0.737489628,0.078671203
1.691075125,104185.149660916,vr_world,56779,104185.143945833,0.005718625,1,0.248106000,-0.766639000,-0.306450000,0.378532383,0.442120492,-0.811759538,-0.047845145,1,0.351355580,-0.766037528,-0.466957241,0.378532383,0.442120492,-0.811759538,-0.047845145,56857,104185.143945833,0.005718625,1,0.132968000,0.038552900,-0.397708000,0.050964664,-0.669508757,0.736636382,0.080792746,1,0.249298521,-0.092573002,-0.471256869,0.050964664,-0.669508757,0.736636382,0.080792746
1.703455667,104185.162041458,vr_world,56779,104185.143945833,0.018096875,1,0.248106000,-0.766639000,-0.306450000,0.378532383,0.442120492,-0.811759538,-0.047845145,1,0.351355580,-0.766037528,-0.466957241,0.378532383,0.442120492,-0.811759538,-0.047845145,56857,104185.143945833,0.018096875,1,0.132968000,0.038552900,-0.397708000,0.050964664,-0.669508757,0.736636382,0.080792746,1,0.249298521,-0.092573002,-0.471256869,0.050964664,-0.669508757,0.736636382,0.080792746
1.715790875,104185.174376666,vr_world,56780,104185.162712166,0.011665250,1,0.249212000,-0.769213000,-0.307292000,0.378083584,0.447059400,-0.809077147,-0.050841573,1,0.351888298,-0.766292139,-0.468141167,0.378083584,0.447059400,-0.809077147,-0.050841573,56858,104185.162712166,0.011665250,1,0.132973000,0.037720100,-0.397554000,0.052139393,-0.669745067,0.736155358,0.082451910,1,0.249400931,-0.092992156,-0.471682776,0.052139393,-0.669745067,0.736155358,0.082451910
1.728197959,104185.186783750,vr_world,56781,104185.180025166,0.006760667,1,0.251829000,-0.773591000,-0.309091000,0.377455061,0.455232279,-0.804236119,-0.059122872,1,0.352961061,-0.766198001,-0.470773138,0.377455061,0.455232279,-0.804236119,-0.059122872,56859,104185.180025166,0.006760667,1,0.132992000,0.036254300,-0.397376000,0.053220177,-0.669827834,0.735720257,0.084935197,1,0.249397455,-0.093981119,-0.472373972,0.053220177,-0.669827834,0.735720257,0.084935197
1.740585667,104185.199171458,vr_world,56782,104185.197711916,0.001460209,1,0.253807000,-0.775848000,-0.309897000,0.378212450,0.459678631,-0.800875330,-0.065188990,1,0.353470590,-0.765802562,-0.472346066,0.378212450,0.459678631,-0.800875330,-0.065188990,56860,104185.197711916,0.001460209,1,0.133123000,0.035653600,-0.397424000,0.052240365,-0.669667994,0.735818015,0.085950978,1,0.249303074,-0.094578750,-0.472776094,0.052240365,-0.669667994,0.735818015,0.085950978
1.753012334,104185.211598125,vr_world,56782,104185.197711916,0.013886750,1,0.253807000,-0.775848000,-0.309897000,0.378212450,0.459678631,-0.800875330,-0.065188990,1,0.353470590,-0.765802562,-0.472346066,0.378212450,0.459678631,-0.800875330,-0.065188990,56860,104185.197711916,0.013886750,1,0.133123000,0.035653600,-0.397424000,0.052240365,-0.669667994,0.735818015,0.085950978,1,0.249303074,-0.094578750,-0.472776094,0.052240365,-0.669667994,0.735818015,0.085950978
1.765460625,104185.224046416,vr_world,56783,104185.215943000,0.008106000,1,0.255267000,-0.778048000,-0.310498000,0.379431423,0.462933769,-0.797938531,-0.070839405,1,0.353431987,-0.765872138,-0.473712064,0.379431423,0.462933769,-0.797938531,-0.070839405,56861,104185.215943000,0.008106000,1,0.133286000,0.035152700,-0.397470000,0.050470623,-0.669086062,0.736356992,0.086919143,1,0.249006697,-0.095289579,-0.473165310,0.050470623,-0.669086062,0.736356992,0.086919143
1.777854875,104185.236440666,vr_world,56784,104185.233624125,0.002817000,1,0.256824000,-0.780389000,-0.311355000,0.378641273,0.465461976,-0.796451586,-0.075105304,1,0.354397078,-0.766432294,-0.474781384,0.378641273,0.465461976,-0.796451586,-0.075105304,56862,104185.233624125,0.002817000,1,0.133471000,0.034525300,-0.397463000,0.049154945,-0.668261842,0.737158240,0.087221736,1,0.248732500,-0.096254953,-0.473275562,0.049154945,-0.668261842,0.737158240,0.087221736
1.789735292,104185.248321083,vr_world,56784,104185.233624125,0.014697583,1,0.256824000,-0.780389000,-0.311355000,0.378641273,0.465461976,-0.796451586,-0.075105304,1,0.354397078,-0.766432294,-0.474781384,0.378641273,0.465461976,-0.796451586,-0.075105304,56862,104185.233624125,0.014697583,1,0.133471000,0.034525300,-0.397463000,0.049154945,-0.668261842,0.737158240,0.087221736,1,0.248732500,-0.096254953,-0.473275562,0.049154945,-0.668261842,0.737158240,0.087221736
1.802160375,104185.260746166,vr_world,56785,104185.251709083,0.009039708,1,0.260028000,-0.784635000,-0.312634000,0.380924358,0.470376172,-0.791373037,-0.085858060,1,0.354776684,-0.767023202,-0.477363887,0.380924358,0.470376172,-0.791373037,-0.085858060,56863,104185.251709083,0.009039708,1,0.133650000,0.033170200,-0.397436000,0.047985594,-0.667666002,0.737589575,0.088775621,1,0.248467600,-0.097682106,-0.473795610,0.047985594,-0.667666002,0.737589575,0.088775621
1.814562042,104185.273147833,vr_world,56786,104185.269999333,0.003151000,1,0.261577000,-0.786941000,-0.313526000,0.381882273,0.474532251,-0.787822626,-0.091217231,1,0.354801858,-0.766891088,-0.478845615,0.381882273,0.474532251,-0.787822626,-0.091217231,56864,104185.269999333,0.003151000,1,0.133728000,0.032407400,-0.397543000,0.048301330,-0.667753645,0.737427060,0.089293800,1,0.248575106,-0.098313664,-0.474082861,0.048301330,-0.667753645,0.737427060,0.089293800
1.826976167,104185.285561958,vr_world,56786,104185.269999333,0.015564542,1,0.261577000,-0.786941000,-0.313526000,0.381882273,0.474532251,-0.787822626,-0.091217231,1,0.354801858,-0.766891088,-0.478845615,0.381882273,0.474532251,-0.787822626,-0.091217231,56864,104185.269999333,0.015564542,1,0.133728000,0.032407400,-0.397543000,0.048301330,-0.667753645,0.737427060,0.089293800,1,0.248575106,-0.098313664,-0.474082861,0.048301330,-0.667753645,0.737427060,0.089293800
1.839370584,104185.297956375,vr_world,56787,104185.288417250,0.009539583,1,0.263475000,-0.789148000,-0.314455000,0.383363905,0.476591049,-0.785197678,-0.096735178,1,0.355138341,-0.767385477,-0.480429929,0.383363905,0.476591049,-0.785197678,-0.096735178,56865,104185.288417250,0.009539583,1,0.133845000,0.031586900,-0.397492000,0.048914072,-0.667697609,0.737288550,0.090514695,1,0.248651120,-0.098918231,-0.474460823,0.048914072,-0.667697609,0.737288550,0.090514695
1.851777750,104185.310363541,vr_world,56788,104185.305652041,0.004713875,1,0.266251000,-0.793581000,-0.315743000,0.384713166,0.485015707,-0.777701994,-0.109248125,1,0.354620239,-0.766449834,-0.482710729,0.384713166,0.485015707,-0.777701994,-0.109248125,56866,104185.305652041,0.004713875,1,0.134123000,0.030202400,-0.397542000,0.049902312,-0.666944312,0.737694251,0.092207575,1,0.248636120,-0.100198762,-0.475121104,0.049902312,-0.666944312,0.737694251,0.092207575
1.861897834,104185.320483625,vr_world,56788,104185.305652041,0.014832250,1,0.266251000,-0.793581000,-0.315743000,0.384713166,0.485015707,-0.777701994,-0.109248125,1,0.354620239,-0.766449834,-0.482710729,0.384713166,0.485015707,-0.777701994,-0.109248125,56866,104185.305652041,0.014832250,1,0.134123000,0.030202400,-0.397542000,0.049902312,-0.666944312,0.737694251,0.092207575,1,0.248636120,-0.100198762,-0.475121104,0.049902312,-0.666944312,0.737694251,0.092207575
1.874310625,104185.332896416,vr_world,56789,104185.324714375,0.008182833,1,0.267866000,-0.795858000,-0.316228000,0.384651730,0.490243612,-0.773376510,-0.116589117,1,0.354503616,-0.765394876,-0.483528195,0.384651730,0.490243612,-0.773376510,-0.116589117,56867,104185.324714375,0.008182833,1,0.134378000,0.029278400,-0.397135000,0.050037093,-0.666675082,0.737765742,0.093500452,1,0.248717352,-0.101003714,-0.475168961,0.050037093,-0.666675082,0.737765742,0.093500452
1.886722834,104185.345308625,vr_world,56790,104185.343003916,0.002305125,1,0.269535000,-0.798166000,-0.317138000,0.384662382,0.494291630,-0.769650885,-0.123887660,1,0.354512339,-0.764778063,-0.484731312,0.384662382,0.494291630,-0.769650885,-0.123887660,56868,104185.343003916,0.002305125,1,0.134607000,0.028324600,-0.396779000,0.050336762,-0.666272264,0.737919653,0.094984557,1,0.248726790,-0.101834557,-0.475337544,0.050336762,-0.666272264,0.737919653,0.094984557
1.898397000,104185.356982791,vr_world,56790,104185.343003916,0.013979292,1,0.269535000,-0.798166000,-0.317138000,0.384662382,0.494291630,-0.769650885,-0.123887660,1,0.354512339,-0.764778063,-0.484731312,0.384662382,0.494291630,-0.769650885,-0.123887660,56868,104185.343003916,0.013979292,1,0.134607000,0.028324600,-0.396779000,0.050336762,-0.666272264,0.737919653,0.094984557,1,0.248726790,-0.101834557,-0.475337544,0.050336762,-0.666272264,0.737919653,0.094984557
1.910811500,104185.369397291,vr_world,56791,104185.360823666,0.008574209,1,0.273090000,-0.801666000,-0.318752000,0.387827048,0.499258353,-0.763050741,-0.134479901,1,0.354602098,-0.764579876,-0.487286377,0.387827048,0.499258353,-0.763050741,-0.134479901,56869,104185.360823666,0.008574209,1,0.134873000,0.026842000,-0.396542000,0.050922702,-0.665133935,0.738575363,0.097520049,1,0.248458397,-0.103234996,-0.476006083,0.050922702,-0.665133935,0.738575363,0.097520049
1.921994500,104185.380580291,vr_world,56792,104185.378622416,0.001958209,1,0.274957000,-0.802982000,-0.319410000,0.393394266,0.497162271,-0.760964390,-0.137854361,1,0.354175652,-0.766324788,-0.489127616,0.393394266,0.497162271,-0.760964390,-0.137854361,56870,104185.378622416,0.001958209,1,0.134935000,0.026078800,-0.396439000,0.051852263,-0.664035227,0.739417106,0.098137168,1,0.248167980,-0.104155973,-0.476147357,0.051852263,-0.664035227,0.739417106,0.098137168
1.934392042,104185.392977833,vr_world,56792,104185.378622416,0.014355792,1,0.274957000,-0.802982000,-0.319410000,0.393394266,0.497162271,-0.760964390,-0.137854361,1,0.354175652,-0.766324788,-0.489127616,0.393394266,0.497162271,-0.760964390,-0.137854361,56870,104185.378622416,0.014355792,1,0.134935000,0.026078800,-0.396439000,0.051852263,-0.664035227,0.739417106,0.098137168,1,0.248167980,-0.104155973,-0.476147357,0.051852263,-0.664035227,0.739417106,0.098137168
1.946801709,104185.405387500,vr_world,56793,104185.396408958,0.008978958,1,0.276339000,-0.804802000,-0.320529000,0.394196660,0.498400683,-0.759180933,-0.140890251,1,0.354602055,-0.767129230,-0.490467590,0.394196660,0.498400683,-0.759180933,-0.140890251,56871,104185.396408958,0.008978958,1,0.134924000,0.025213800,-0.396236000,0.052788015,-0.663539440,0.739698558,0.098867994,1,0.248021747,-0.104973189,-0.476213920,0.052788015,-0.663539440,0.739698558,0.098867994
1.959202709,104185.417788500,vr_world,56794,104185.414903916,0.002885167,1,0.277987000,-0.806497000,-0.321433000,0.395437262,0.501739775,-0.755454803,-0.145514982,1,0.354593465,-0.766788820,-0.491662735,0.395437262,0.501739775,-0.755454803,-0.145514982,56872,104185.414903916,0.002885167,1,0.134877000,0.024314800,-0.395965000,0.054016795,-0.663151039,0.739894421,0.099343499,1,0.247928202,-0.105801267,-0.476123855,0.054016795,-0.663151039,0.739894421,0.099343499
1.971631209,104185.430217000,vr_world,56794,104185.414903916,0.015313459,1,0.277987000,-0.806497000,-0.321433000,0.395437262,0.501739775,-0.755454803,-0.145514982,1,0.354593465,-0.766788820,-0.491662735,0.395437262,0.501739775,-0.755454803,-0.145514982,56872,104185.414903916,0.015313459,1,0.134877000,0.024314800,-0.395965000,0.054016795,-0.663151039,0.739894421,0.099343499,1,0.247928202,-0.105801267,-0.476123855,0.054016795,-0.663151039,0.739894421,0.099343499
1.981739417,104185.440325208,vr_world,56795,104185.433218541,0.007107250,1,0.280416000,-0.809320000,-0.322927000,0.396115636,0.507386198,-0.749531244,-0.154449222,1,0.354486078,-0.765801013,-0.493347474,0.396115636,0.507386198,-0.749531244,-0.154449222,56873,104185.433218541,0.007107250,1,0.134578000,0.022768100,-0.395775000,0.056201404,-0.662376424,0.740239689,0.100717813,1,0.247481548,-0.107163816,-0.476439237,0.056201404,-0.662376424,0.740239689,0.100717813
1.994145042,104185.452730833,vr_world,56796,104185.451770375,0.000960875,1,0.281941000,-0.810611000,-0.324322000,0.394175597,0.511754992,-0.746637877,-0.158947498,1,0.355330138,-0.764475270,-0.494348475,0.394175597,0.511754992,-0.746637877,-0.158947498,56874,104185.451770375,0.000960875,1,0.134284000,0.022118100,-0.395898000,0.058038921,-0.661965501,0.740497211,0.100484026,1,0.247247997,-0.107797770,-0.476503203,0.058038921,-0.661965501,0.740497211,0.100484026
2.006539042,104185.465124833,vr_world,56796,104185.451770375,0.013354916,1,0.281941000,-0.810611000,-0.324322000,0.394175597,0.511754992,-0.746637877,-0.158947498,1,0.355330138,-0.764475270,-0.494348475,0.394175597,0.511754992,-0.746637877,-0.158947498,56874,104185.451770375,0.013354916,1,0.134284000,0.022118100,-0.395898000,0.058038921,-0.661965501,0.740497211,0.100484026,1,0.247247997,-0.107797770,-0.476503203,0.058038921,-0.661965501,0.740497211,0.100484026
2.018951417,104185.477537208,vr_world,56797,104185.470561416,0.006976209,1,0.285325000,-0.812500000,-0.326265000,0.397781437,0.516396959,-0.739766189,-0.166883476,1,0.355320112,-0.763344165,-0.496875170,0.397781437,0.516396959,-0.739766189,-0.166883476,56875,104185.470561416,0.006976209,1,0.134049000,0.020585500,-0.396138000,0.060893782,-0.661276353,0.740840384,0.100802073,1,0.247044504,-0.109213894,-0.476886665,0.060893782,-0.661276353,0.740840384,0.100802073
2.031372542,104185.489958333,vr_world,56798,104185.489073458,0.000885500,1,0.286979000,-0.812541000,-0.327500000,0.403493401,0.512735444,-0.739646529,-0.164980153,1,0.355728695,-0.765498591,-0.499208926,0.403493401,0.512735444,-0.739646529,-0.164980153,56876,104185.489073458,0.000885500,1,0.133969000,0.019665400,-0.396156000,0.061595001,-0.661791539,0.740273044,0.101162424,1,0.247207515,-0.109851562,-0.477017681,0.061595001,-0.661791539,0.740273044,0.101162424
2.043775959,104185.502361750,vr_world,56798,104185.489073458,0.013288667,1,0.286979000,-0.812541000,-0.327500000,0.403493401,0.512735444,-0.739646529,-0.164980153,1,0.355728695,-0.765498591,-0.499208926,0.403493401,0.512735444,-0.739646529,-0.164980153,56876,104185.489073458,0.013288667,1,0.133969000,0.019665400,-0.396156000,0.061595001,-0.661791539,0.740273044,0.101162424,1,0.247207515,-0.109851562,-0.477017681,0.061595001,-0.661791539,0.740273044,0.101162424
2.056191042,104185.514776833,vr_world,56799,104185.507256125,0.007521458,1,0.288671000,-0.812899000,-0.328559000,0.409366640,0.509740158,-0.738387200,-0.165433576,1,0.355571297,-0.767229623,-0.501365501,0.409366640,0.509740158,-0.738387200,-0.165433576,56877,104185.507256125,0.007521458,1,0.134086000,0.018956300,-0.396032000,0.061227341,-0.661164937,0.740603500,0.103046565,1,0.246927117,-0.110492607,-0.477555616,0.061227341,-0.661164937,0.740603500,0.103046565
2.068591417,104185.527177208,vr_world,56800,104185.525449375,0.001728250,1,0.290203000,-0.813678000,-0.330111000,0.413111602,0.511101322,-0.734704450,-0.168296207,1,0.354982182,-0.767227160,-0.503516393,0.413111602,0.511101322,-0.734704450,-0.168296207,56878,104185.525449375,0.001728250,1,0.134258000,0.018282400,-0.396035000,0.060487716,-0.659892408,0.741585304,0.104568081,1,0.246445210,-0.111385917,-0.478110548,0.060487716,-0.659892408,0.741585304,0.104568081
2.081002167,104185.539587958,vr_world,56800,104185.525449375,0.014139125,1,0.290203000,-0.813678000,-0.330111000,0.413111602,0.511101322,-0.734704450,-0.168296207,1,0.354982182,-0.767227160,-0.503516393,0.413111602,0.511101322,-0.734704450,-0.168296207,56878,104185.525449375,0.014139125,1,0.134258000,0.018282400,-0.396035000,0.060487716,-0.659892408,0.741585304,0.104568081,1,0.246445210,-0.111385917,-0.478110548,0.060487716,-0.659892408,0.741585304,0.104568081
2.093416209,104185.552002000,vr_world,56801,104185.543428375,0.008574000,1,0.292355000,-0.815016000,-0.332080000,0.417582354,0.513808174,-0.728991234,-0.173775481,1,0.354036150,-0.766807922,-0.506134121,0.417582354,0.513808174,-0.728991234,-0.173775481,56879,104185.543428375,0.008574000,1,0.134215000,0.016982600,-0.395901000,0.059604866,-0.658359068,0.742604770,0.107465124,1,0.245541488,-0.112774019,-0.479002392,0.059604866,-0.658359068,0.742604770,0.107465124
2.105650917,104185.564236708,vr_world,56802,104185.561130500,0.003106708,1,0.292861000,-0.815759000,-0.333388000,0.416353619,0.516721243,-0.726813435,-0.177175200,1,0.353947651,-0.765717031,-0.507133831,0.416353619,0.516721243,-0.726813435,-0.177175200,56880,104185.561130500,0.003106708,1,0.134121000,0.016261600,-0.395790000,0.059812000,-0.657361618,0.743324747,0.108473721,1,0.245031958,-0.113612034,-0.479263240,0.059812000,-0.657361618,0.743324747,0.108473721
2.117994292,104185.576580083,vr_world,56802,104185.561130500,0.015449833,1,0.292861000,-0.815759000,-0.333388000,0.416353619,0.516721243,-0.726813435,-0.177175200,1,0.353947651,-0.765717031,-0.507133831,0.416353619,0.516721243,-0.726813435,-0.177175200,56880,104185.561130500,0.015449833,1,0.134121000,0.016261600,-0.395790000,0.059812000,-0.657361618,0.743324747,0.108473721,1,0.245031958,-0.113612034,-0.479263240,0.059812000,-0.657361618,0.743324747,0.108473721
2.128548459,104185.587134250,vr_world,56803,104185.579505083,0.007629750,1,0.293671000,-0.816358000,-0.333884000,0.416850119,0.519893865,-0.723507991,-0.180229113,1,0.353513360,-0.764629334,-0.507569045,0.416850119,0.519893865,-0.723507991,-0.180229113,56881,104185.579505083,0.007629750,1,0.133882000,0.015669500,-0.395514000,0.061453139,-0.656612184,0.743652801,0.109838352,1,0.244604493,-0.114044798,-0.479483923,0.061453139,-0.656612184,0.743652801,0.109838352
2.140946750,104185.599532541,vr_world,56804,104185.597020500,0.002512708,1,0.294858000,-0.818365000,-0.335050000,0.417356066,0.527092053,-0.716223849,-0.187113014,1,0.352060147,-0.762774108,-0.508431087,0.417356066,0.527092053,-0.716223849,-0.187113014,56882,104185.597020500,0.002512708,1,0.133619000,0.014590100,-0.395605000,0.064058625,-0.655584116,0.744088973,0.111523807,1,0.244138253,-0.114894964,-0.480194282,0.064058625,-0.655584116,0.744088973,0.111523807
2.152404250,104185.610990041,vr_world,56804,104185.597020500,0.013970041,1,0.294858000,-0.818365000,-0.335050000,0.417356066,0.527092053,-0.716223849,-0.187113014,1,0.352060147,-0.762774108,-0.508431087,0.417356066,0.527092053,-0.716223849,-0.187113014,56882,104185.597020500,0.013970041,1,0.133619000,0.014590100,-0.395605000,0.064058625,-0.655584116,0.744088973,0.111523807,1,0.244138253,-0.114894964,-0.480194282,0.064058625,-0.655584116,0.744088973,0.111523807
2.164809709,104185.623395500,vr_world,56805,104185.615212125,0.008183916,1,0.294825000,-0.818739000,-0.335115000,0.414901868,0.530307757,-0.714512681,-0.190004609,1,0.351895108,-0.761231983,-0.507913831,0.414901868,0.530307757,-0.714512681,-0.190004609,56883,104185.615212125,0.008183916,1,0.133427000,0.014205200,-0.395691000,0.065976915,-0.655397288,0.744018687,0.111971577,1,0.244063528,-0.115068699,-0.480449960,0.065976915,-0.655397288,0.744018687,0.111971577
2.177206417,104185.635792208,vr_world,56806,104185.633853458,0.001939333,1,0.294627000,-0.818597000,-0.333680000,0.414807664,0.528797693,-0.716384981,-0.187350370,1,0.352488890,-0.762181591,-0.506575195,0.414807664,0.528797693,-0.716384981,-0.187350370,56884,104185.633853458,0.001939333,1,0.133310000,0.013812700,-0.395673000,0.067979262,-0.655559202,0.743704440,0.111913621,1,0.244237441,-0.115220004,-0.480418984,0.067979262,-0.655559202,0.743704440,0.111913621
2.189492500,104185.648078291,vr_world,56806,104185.633853458,0.014225333,1,0.294627000,-0.818597000,-0.333680000,0.414807664,0.528797693,-0.716384981,-0.187350370,1,0.352488890,-0.762181591,-0.506575195,0.414807664,0.528797693,-0.716384981,-0.187350370,56884,104185.633853458,0.014225333,1,0.133310000,0.013812700,-0.395673000,0.067979262,-0.655559202,0.743704440,0.111913621,1,0.244237441,-0.115220004,-0.480418984,0.067979262,-0.655559202,0.743704440,0.111913621
2.201876917,104185.660462708,vr_world,56807,104185.651437458,0.009025750,1,0.293920000,-0.820135000,-0.333193000,0.411378910,0.533875411,-0.714261448,-0.188613419,1,0.352009542,-0.761501293,-0.505271838,0.411378910,0.533875411,-0.714261448,-0.188613419,56885,104185.651437458,0.009025750,1,0.133158000,0.013034500,-0.395397000,0.070254290,-0.655565353,0.743291395,0.113209120,1,0.244261567,-0.115548952,-0.480593765,0.070254290,-0.655565353,0.743291395,0.113209120
2.214290292,104185.672876083,vr_world,56808,104185.669077333,0.003799083,1,0.292887000,-0.821440000,-0.332431000,0.405001498,0.539089692,-0.714033587,-0.188446617,1,0.352550080,-0.760610104,-0.503204283,0.405001498,0.539089692,-0.714033587,-0.188446617,56886,104185.669077333,0.003799083,1,0.133147000,0.012847000,-0.395087000,0.070271100,-0.656000255,0.742751957,0.114215445,1,0.244346551,-0.115436020,-0.480611104,0.070271100,-0.656000255,0.742751957,0.114215445
2.226658084,104185.685243875,vr_world,56808,104185.669077333,0.016167000,1,0.292887000,-0.821440000,-0.332431000,0.405001498,0.539089692,-0.714033587,-0.188446617,1,0.352550080,-0.760610104,-0.503204283,0.405001498,0.539089692,-0.714033587,-0.188446617,56886,104185.669077333,0.016167000,1,0.133147000,0.012847000,-0.395087000,0.070271100,-0.656000255,0.742751957,0.114215445,1,0.244346551,-0.115436020,-0.480611104,0.070271100,-0.656000255,0.742751957,0.114215445
2.239070250,104185.697656041,vr_world,56809,104185.687572875,0.010083958,1,0.292036000,-0.821966000,-0.331815000,0.401170095,0.539952021,-0.715091192,-0.190155086,1,0.352686874,-0.760129979,-0.501877412,0.401170095,0.539952021,-0.715091192,-0.190155086,56887,104185.687572875,0.010083958,1,0.133094000,0.013057600,-0.394998000,0.069818433,-0.655853839,0.742910122,0.114305203,1,0.244181396,-0.115300502,-0.480555017,0.069818433,-0.655853839,0.742910122,0.114305203
2.251470250,104185.710056041,vr_world,56810,104185.706401958,0.003654500,1,0.289809000,-0.825380000,-0.329454000,0.400143338,0.561903289,-0.697192018,-0.195123786,1,0.345723719,-0.755315121,-0.497941031,0.400143338,0.561903289,-0.697192018,-0.195123786,56888,104185.706401958,0.003654500,1,0.133056000,0.013107300,-0.395017000,0.069379209,-0.655629670,0.743237567,0.113728541,1,0.244048645,-0.115459469,-0.480383493,0.069379209,-0.655629670,0.743237567,0.113728541
2.263878500,104185.722464291,vr_world,56810,104185.706401958,0.016062917,1,0.289809000,-0.825380000,-0.329454000,0.400143338,0.561903289,-0.697192018,-0.195123786,1,0.345723719,-0.755315121,-0.497941031,0.400143338,0.561903289,-0.697192018,-0.195123786,56888,104185.706401958,0.016062917,1,0.133056000,0.013107300,-0.395017000,0.069379209,-0.655629670,0.743237567,0.113728541,1,0.244048645,-0.115459469,-0.480383493,0.069379209,-0.655629670,0.743237567,0.113728541
2.275069375,104185.733655166,vr_world,56811,104185.724555250,0.009100375,1,0.287420000,-0.824637000,-0.329701000,0.378535368,0.555181059,-0.715299047,-0.191917275,1,0.353423823,-0.755513058,-0.494894203,0.378535368,0.555181059,-0.715299047,-0.191917275,56889,104185.724555250,0.009100375,1,0.132941000,0.013042300,-0.394824000,0.069367445,-0.655334276,0.743541230,0.113453001,1,0.243841485,-0.115659897,-0.480106103,0.069367445,-0.655334276,0.743541230,0.113453001
2.287465625,104185.746051416,vr_world,56812,104185.742403833,0.003648625,1,0.289075000,-0.825248000,-0.326545000,0.394746781,0.557575223,-0.703141716,-0.197171440,1,0.347534987,-0.755597739,-0.494338655,0.394746781,0.557575223,-0.703141716,-0.197171440,56890,104185.742403833,0.003648625,1,0.132831000,0.013081200,-0.394753000,0.069300772,-0.654992480,0.743899038,0.113121506,1,0.243619361,-0.115785162,-0.479933037,0.069300772,-0.654992480,0.743899038,0.113121506
2.299071625,104185.757657416,vr_world,56812,104185.742403833,0.015254375,1,0.289075000,-0.825248000,-0.326545000,0.394746781,0.557575223,-0.703141716,-0.197171440,1,0.347534987,-0.755597739,-0.494338655,0.394746781,0.557575223,-0.703141716,-0.197171440,56890,104185.742403833,0.015254375,1,0.132831000,0.013081200,-0.394753000,0.069300772,-0.654992480,0.743899038,0.113121506,1,0.243619361,-0.115785162,-0.479933037,0.069300772,-0.654992480,0.743899038,0.113121506
2.311464000,104185.770049791,vr_world,56813,104185.760247000,0.009803208,1,0.285385000,-0.826111000,-0.325786000,0.383207697,0.558403975,-0.710350179,-0.191675468,1,0.349072806,-0.756401162,-0.491641020,0.383207697,0.558403975,-0.710350179,-0.191675468,56891,104185.760247000,0.009803208,1,0.132808000,0.013207500,-0.394867000,0.069151133,-0.654553519,0.744328413,0.112929292,1,0.243429430,-0.115836645,-0.479994598,0.069151133,-0.654553519,0.744328413,0.112929292
2.323069667,104185.781655458,vr_world,56814,104185.778151833,0.003504125,1,0.283726000,-0.826011000,-0.322956000,0.381732888,0.560125078,-0.710232638,-0.190024995,1,0.347931873,-0.755981276,-0.488476083,0.381732888,0.560125078,-0.710232638,-0.190024995,56892,104185.778151833,0.003504125,1,0.132891000,0.013334100,-0.395095000,0.068972280,-0.653971900,0.744813116,0.113212190,1,0.243257964,-0.115853735,-0.480335198,0.068972280,-0.653971900,0.744813116,0.113212190
2.333768250,104185.792354041,vr_world,56814,104185.778151833,0.014202500,1,0.283726000,-0.826011000,-0.322956000,0.381732888,0.560125078,-0.710232638,-0.190024995,1,0.347931873,-0.755981276,-0.488476083,0.381732888,0.560125078,-0.710232638,-0.190024995,56892,104185.778151833,0.014202500,1,0.132891000,0.013334100,-0.395095000,0.068972280,-0.653971900,0.744813116,0.113212190,1,0.243257964,-0.115853735,-0.480335198,0.068972280,-0.653971900,0.744813116,0.113212190
2.346170709,104185.804756500,vr_world,56815,104185.796233166,0.008523792,1,0.281584000,-0.825738000,-0.321306000,0.381198610,0.560835767,-0.710969154,-0.186208820,1,0.346558750,-0.756275853,-0.486765211,0.381198610,0.560835767,-0.710969154,-0.186208820,56893,104185.796233166,0.008523792,1,0.133130000,0.012941100,-0.394555000,0.068692081,-0.653217766,0.745318331,0.114405125,1,0.243106281,-0.116298458,-0.480220588,0.068692081,-0.653217766,0.745318331,0.114405125
2.358581875,104185.817167666,vr_world,56816,104185.814773958,0.002394042,1,0.279227000,-0.825473000,-0.320097000,0.378032472,0.562970637,-0.711427088,-0.184464117,1,0.345270614,-0.755418390,-0.484881756,0.378032472,0.562970637,-0.711427088,-0.184464117,56894,104185.814773958,0.002394042,1,0.133396000,0.012525800,-0.394200000,0.068450526,-0.652215165,0.746041395,0.115551466,1,0.242896579,-0.116840762,-0.480282106,0.068450526,-0.652215165,0.746041395,0.115551466
2.371000542,104185.829586333,vr_world,56816,104185.814773958,0.014812833,1,0.279227000,-0.825473000,-0.320097000,0.378032472,0.562970637,-0.711427088,-0.184464117,1,0.345270614,-0.755418390,-0.484881756,0.378032472,0.562970637,-0.711427088,-0.184464117,56894,104185.814773958,0.014812833,1,0.133396000,0.012525800,-0.394200000,0.068450526,-0.652215165,0.746041395,0.115551466,1,0.242896579,-0.116840762,-0.480282106,0.068450526,-0.652215165,0.746041395,0.115551466
2.383424209,104185.842010000,vr_world,56817,104185.832450958,0.009559667,1,0.275757000,-0.825688000,-0.318016000,0.367923632,0.567194581,-0.713642735,-0.183402713,1,0.344838777,-0.753588447,-0.480659146,0.367923632,0.567194581,-0.713642735,-0.183402713,56895,104185.832450958,0.009559667,1,0.133742000,0.012456100,-0.394845000,0.068311098,-0.651082068,0.746864184,0.116703150,1,0.242729465,-0.117062192,-0.481349171,0.068311098,-0.651082068,0.746864184,0.116703150
2.395836667,104185.854422458,vr_world,56818,104185.850890791,0.003532125,1,0.273888000,-0.824885000,-0.316423000,0.364662702,0.569465017,-0.714071715,-0.181196836,1,0.344087302,-0.752228802,-0.478338284,0.364662702,0.569465017,-0.714071715,-0.181196836,56896,104185.850890791,0.003532125,1,0.133980000,0.012330400,-0.395448000,0.068345734,-0.650656770,0.747242814,0.116631061,1,0.242818497,-0.117320735,-0.481940615,0.068345734,-0.650656770,0.747242814,0.116631061
2.408250417,104185.866836208,vr_world,56818,104185.850890791,0.015945875,1,0.273888000,-0.824885000,-0.316423000,0.364662702,0.569465017,-0.714071715,-0.181196836,1,0.344087302,-0.752228802,-0.478338284,0.364662702,0.569465017,-0.714071715,-0.181196836,56896,104185.850890791,0.015945875,1,0.133980000,0.012330400,-0.395448000,0.068345734,-0.650656770,0.747242814,0.116631061,1,0.242818497,-0.117320735,-0.481940615,0.068345734,-0.650656770,0.747242814,0.116631061
2.420674667,104185.879260458,vr_world,56819,104185.868909166,0.010351625,1,0.271818000,-0.823873000,-0.314866000,0.363562862,0.569745688,-0.715706980,-0.175998338,1,0.343299888,-0.752141656,-0.476632404,0.363562862,0.569745688,-0.715706980,-0.175998338,56897,104185.868909166,0.010351625,1,0.134404000,0.012020900,-0.395928000,0.067957451,-0.650103630,0.747763522,0.116605187,1,0.242994074,-0.117835267,-0.482425327,0.067957451,-0.650103630,0.747763522,0.116605187
2.433066209,104185.891652000,vr_world,56820,104185.887430708,0.004221667,1,0.267360000,-0.822575000,-0.311602000,0.359136807,0.569037095,-0.720879112,-0.165984470,1,0.342356939,-0.752807096,-0.472634164,0.359136807,0.569037095,-0.720879112,-0.165984470,56898,104185.887430708,0.004221667,1,0.135193000,0.011435100,-0.396427000,0.066064255,-0.648055996,0.749510269,0.117869829,1,0.242718542,-0.118991710,-0.483394167,0.066064255,-0.648055996,0.749510269,0.117869829
2.445477667,104185.904063458,vr_world,56820,104185.887430708,0.016633167,1,0.267360000,-0.822575000,-0.311602000,0.359136807,0.569037095,-0.720879112,-0.165984470,1,0.342356939,-0.752807096,-0.472634164,0.359136807,0.569037095,-0.720879112,-0.165984470,56898,104185.887430708,0.016633167,1,0.135193000,0.011435100,-0.396427000,0.066064255,-0.648055996,0.749510269,0.117869829,1,0.242718542,-0.118991710,-0.483394167,0.066064255,-0.648055996,0.749510269,0.117869829
2.457872084,104185.916457875,vr_world,56821,104185.905797833,0.010660375,1,0.264620000,-0.822388000,-0.309521000,0.353931887,0.569215998,-0.724261510,-0.161773400,1,0.342149879,-0.752978378,-0.469504901,0.353931887,0.569215998,-0.724261510,-0.161773400,56899,104185.905797833,0.010660375,1,0.135448000,0.011057400,-0.396419000,0.064385597,-0.646499773,0.750907167,0.118452374,1,0.242161018,-0.119886802,-0.483609328,0.064385597,-0.646499773,0.750907167,0.118452374
2.470281542,104185.928867333,vr_world,56822,104185.925233416,0.003634500,1,0.262163000,-0.822807000,-0.307235000,0.345809640,0.571107426,-0.726841546,-0.161100490,1,0.342238892,-0.752186231,-0.465424770,0.345809640,0.571107426,-0.726841546,-0.161100490,56900,104185.925233416,0.003634500,1,0.135494000,0.010761400,-0.396401000,0.063769976,-0.644854140,0.752440691,0.118023454,1,0.241550911,-0.120785717,-0.483484300,0.063769976,-0.644854140,0.752440691,0.118023454
2.482692167,104185.941277958,vr_world,56822,104185.925233416,0.016044834,1,0.262163000,-0.822807000,-0.307235000,0.345809640,0.571107426,-0.726841546,-0.161100490,1,0.342238892,-0.752186231,-0.465424770,0.345809640,0.571107426,-0.726841546,-0.161100490,56900,104185.925233416,0.016044834,1,0.135494000,0.010761400,-0.396401000,0.063769976,-0.644854140,0.752440691,0.118023454,1,0.241550911,-0.120785717,-0.483484300,0.063769976,-0.644854140,0.752440691,0.118023454
2.495107584,104185.953693375,vr_world,56823,104185.944705833,0.008987917,1,0.257438000,-0.822436000,-0.302731000,0.333085690,0.572246890,-0.732418033,-0.158591444,1,0.342029190,-0.750849333,-0.458111544,0.333085690,0.572246890,-0.732418033,-0.158591444,56901,104185.944705833,0.008987917,1,0.135414000,0.010192800,-0.396633000,0.063684695,-0.642541426,0.754634416,0.116669079,1,0.240686727,-0.122243313,-0.483319633,0.063684695,-0.642541426,0.754634416,0.116669079
2.507524792,104185.966110583,vr_world,56824,104185.962698916,0.003412042,1,0.254331000,-0.821641000,-0.300037000,0.324058356,0.571162853,-0.738137250,-0.154636920,1,0.342794714,-0.750468696,-0.453438715,0.324058356,0.571162853,-0.738137250,-0.154636920,56902,104185.962698916,0.003412042,1,0.135303000,0.009714230,-0.396639000,0.064735153,-0.641721648,0.755655179,0.113964629,1,0.240567947,-0.123299424,-0.482446312,0.064735153,-0.641721648,0.755655179,0.113964629
2.519941167,104185.978526958,vr_world,56824,104185.962698916,0.015828417,1,0.254331000,-0.821641000,-0.300037000,0.324058356,0.571162853,-0.738137250,-0.154636920,1,0.342794714,-0.750468696,-0.453438715,0.324058356,0.571162853,-0.738137250,-0.154636920,56902,104185.962698916,0.015828417,1,0.135303000,0.009714230,-0.396639000,0.064735153,-0.641721648,0.755655179,0.113964629,1,0.240567947,-0.123299424,-0.482446312,0.064735153,-0.641721648,0.755655179,0.113964629
2.532339167,104185.990924958,vr_world,56825,104185.981333083,0.009592375,1,0.251358000,-0.820655000,-0.297117000,0.317056496,0.567645987,-0.745441011,-0.146870388,1,0.344058484,-0.751671130,-0.449009335,0.317056496,0.567645987,-0.745441011,-0.146870388,56903,104185.981333083,0.009592375,1,0.135353000,0.009117500,-0.396320000,0.065387142,-0.640702242,0.756691433,0.112442136,1,0.240409528,-0.124368386,-0.481647864,0.065387142,-0.640702242,0.756691433,0.112442136
2.544751667,104186.003337458,vr_world,56826,104185.999445666,0.003892250,1,0.246477000,-0.820204000,-0.291754000,0.302447986,0.562094578,-0.757340849,-0.137875811,1,0.346252139,-0.753758276,-0.440257700,0.302447986,0.562094578,-0.757340849,-0.137875811,56904,104185.999445666,0.003892250,1,0.135552000,0.008287580,-0.395882000,0.066294643,-0.637816054,0.759309874,0.110653587,1,0.239742475,-0.126201689,-0.480694956,0.066294643,-0.637816054,0.759309874,0.110653587
2.557151959,104186.015737750,vr_world,56826,104185.999445666,0.016292625,1,0.246477000,-0.820204000,-0.291754000,0.302447986,0.562094578,-0.757340849,-0.137875811,1,0.346252139,-0.753758276,-0.440257700,0.302447986,0.562094578,-0.757340849,-0.137875811,56904,104185.999445666,0.016292625,1,0.135552000,0.008287580,-0.395882000,0.066294643,-0.637816054,0.759309874,0.110653587,1,0.239742475,-0.126201689,-0.480694956,0.066294643,-0.637816054,0.759309874,0.110653587
2.569566834,104186.028152625,vr_world,56827,104186.017329208,0.010823958,1,0.244097000,-0.820410000,-0.288750000,0.290820242,0.562717860,-0.761258289,-0.138773245,1,0.347171626,-0.752676386,-0.434390609,0.290820242,0.562717860,-0.761258289,-0.138773245,56905,104186.017329208,0.010823958,1,0.135649000,0.007814950,-0.395369000,0.066779817,-0.636195601,0.760642081,0.110540666,1,0.239291991,-0.127088186,-0.480195416,0.066779817,-0.636195601,0.760642081,0.110540666
2.581979209,104186.040565000,vr_world,56828,104186.036176833,0.004388667,1,0.241305000,-0.819209000,-0.285593000,0.279791249,0.564472136,-0.764167022,-0.138335920,1,0.347419986,-0.750107192,-0.428379488,0.279791249,0.564472136,-0.764167022,-0.138335920,56906,104186.036176833,0.004388667,1,0.135647000,0.007423370,-0.394955000,0.066972186,-0.634907836,0.761840508,0.109571009,1,0.238887492,-0.127970034,-0.479490624,0.066972186,-0.634907836,0.761840508,0.109571009
2.592406375,104186.050992166,vr_world,56828,104186.036176833,0.014815750,1,0.241305000,-0.819209000,-0.285593000,0.279791249,0.564472136,-0.764167022,-0.138335920,1,0.347419986,-0.750107192,-0.428379488,0.279791249,0.564472136,-0.764167022,-0.138335920,56906,104186.036176833,0.014815750,1,0.135647000,0.007423370,-0.394955000,0.066972186,-0.634907836,0.761840508,0.109571009,1,0.238887492,-0.127970034,-0.479490624,0.066972186,-0.634907836,0.761840508,0.109571009
2.604818250,104186.063404041,vr_world,56829,104186.053459125,0.009945166,1,0.238098000,-0.817089000,-0.282181000,0.269020383,0.564307937,-0.769372989,-0.131338453,1,0.348418502,-0.748558495,-0.422025135,0.269020383,0.564307937,-0.769372989,-0.131338453,56907,104186.053459125,0.009945166,1,0.135653000,0.007226500,-0.394637000,0.067059910,-0.633647406,0.763117878,0.107912175,1,0.238531125,-0.128769747,-0.478645039,0.067059910,-0.633647406,0.763117878,0.107912175
2.617239084,104186.075824875,vr_world,56830,104186.072105750,0.003719458,1,0.233036000,-0.814481000,-0.276530000,0.245337655,0.566456729,-0.777743309,-0.118539253,1,0.351369924,-0.745759069,-0.409563207,0.245337655,0.566456729,-0.777743309,-0.118539253,56908,104186.072105750,0.003719458,1,0.135727000,0.006858560,-0.394379000,0.066892919,-0.631909679,0.765137121,0.103830061,1,0.238179592,-0.130278936,-0.477040884,0.066892919,-0.631909679,0.765137121,0.103830061
2.627666500,104186.086252291,vr_world,56830,104186.072105750,0.014147041,1,0.233036000,-0.814481000,-0.276530000,0.245337655,0.566456729,-0.777743309,-0.118539253,1,0.351369924,-0.745759069,-0.409563207,0.245337655,0.566456729,-0.777743309,-0.118539253,56908,104186.072105750,0.014147041,1,0.135727000,0.006858560,-0.394379000,0.066892919,-0.631909679,0.765137121,0.103830061,1,0.238179592,-0.130278936,-0.477040884,0.066892919,-0.631909679,0.765137121,0.103830061
2.639447250,104186.098033041,vr_world,56831,104186.090282500,0.007750750,1,0.231792000,-0.811980000,-0.272651000,0.242090702,0.566629085,-0.779367119,-0.113624232,1,0.351638987,-0.743814944,-0.404611672,0.242090702,0.566629085,-0.779367119,-0.113624232,56909,104186.090282500,0.007750750,1,0.135918000,0.006725620,-0.394168000,0.065686349,-0.631363376,0.766025910,0.101340492,1,0.238177791,-0.131068736,-0.475971911,0.065686349,-0.631363376,0.766025910,0.101340492
2.651814750,104186.110400541,vr_world,56832,104186.108236916,0.002164000,1,0.229407000,-0.809096000,-0.269435000,0.236247886,0.565434329,-0.782968828,-0.106914782,1,0.351908742,-0.742104361,-0.399546000,0.236247886,0.565434329,-0.782968828,-0.106914782,56910,104186.108236916,0.002164000,1,0.136126000,0.006540540,-0.393629000,0.064304131,-0.630999113,0.766658299,0.099700307,1,0.238190886,-0.131739428,-0.474854831,0.064304131,-0.630999113,0.766658299,0.099700307
2.662237334,104186.120823125,vr_world,56832,104186.108236916,0.012586709,1,0.229407000,-0.809096000,-0.269435000,0.236247886,0.565434329,-0.782968828,-0.106914782,1,0.351908742,-0.742104361,-0.399546000,0.236247886,0.565434329,-0.782968828,-0.106914782,56910,104186.108236916,0.012586709,1,0.136126000,0.006540540,-0.393629000,0.064304131,-0.630999113,0.766658299,0.099700307,1,0.238190886,-0.131739428,-0.474854831,0.064304131,-0.630999113,0.766658299,0.099700307
2.674633250,104186.133219041,vr_world,56833,104186.126198125,0.007021291,1,0.226094000,-0.804290000,-0.263545000,0.220466610,0.565063401,-0.789530176,-0.093487583,1,0.354406232,-0.738536599,-0.388588427,0.220466610,0.565063401,-0.789530176,-0.093487583,56911,104186.126198125,0.007021291,1,0.136422000,0.006241970,-0.392913000,0.061869750,-0.629208269,0.768830724,0.095751796,1,0.237770678,-0.133349853,-0.472780112,0.061869750,-0.629208269,0.768830724,0.095751796
2.687044709,104186.145630500,vr_world,56834,104186.144472791,0.001158167,1,0.225250000,-0.800839000,-0.260290000,0.216105642,0.564075355,-0.792162127,-0.087157956,1,0.355595333,-0.736161430,-0.383782359,0.216105642,0.564075355,-0.792162127,-0.087157956,56912,104186.144472791,0.001158167,1,0.136681000,0.006226360,-0.392527000,0.061003241,-0.628170341,0.770044067,0.093342176,1,0.237681530,-0.134084011,-0.471571855,0.061003241,-0.628170341,0.770044067,0.093342176
2.699096375,104186.157682166,vr_world,56834,104186.144472791,0.013209750,1,0.225250000,-0.800839000,-0.260290000,0.216105642,0.564075355,-0.792162127,-0.087157956,1,0.355595333,-0.736161430,-0.383782359,0.216105642,0.564075355,-0.792162127,-0.087157956,56912,104186.144472791,0.013209750,1,0.136681000,0.006226360,-0.392527000,0.061003241,-0.628170341,0.770044067,0.093342176,1,0.237681530,-0.134084011,-0.471571855,0.061003241,-0.628170341,0.770044067,0.093342176
2.711499250,104186.170085041,vr_world,56835,104186.162220166,0.007865292,1,0.224437000,-0.797396000,-0.257286000,0.211865912,0.563600056,-0.794317063,-0.080797376,1,0.356666772,-0.733593622,-0.379220480,0.211865912,0.563600056,-0.794317063,-0.080797376,56913,104186.162220166,0.007865292,1,0.136943000,0.006107960,-0.392249000,0.060038887,-0.628078233,0.770440343,0.091294815,1,0.237924199,-0.134622502,-0.470568434,0.060038887,-0.628078233,0.770440343,0.091294815
2.723076417,104186.181662208,vr_world,56836,104186.180971833,0.000690708,1,0.223061000,-0.790755000,-0.251546000,0.201658607,0.563728887,-0.797901837,-0.069972903,1,0.358946533,-0.727819723,-0.369857793,0.201658607,0.563728887,-0.797901837,-0.069972903,56914,104186.180971833,0.000690708,1,0.137459000,0.005830990,-0.391651000,0.058081135,-0.627771026,0.771369249,0.086715639,1,0.238380540,-0.135832271,-0.468348993,0.058081135,-0.627771026,0.771369249,0.086715639
2.735492042,104186.194077833,vr_world,56836,104186.180971833,0.013106583,1,0.223061000,-0.790755000,-0.251546000,0.201658607,0.563728887,-0.797901837,-0.069972903,1,0.358946533,-0.727819723,-0.369857793,0.201658607,0.563728887,-0.797901837,-0.069972903,56914,104186.180971833,0.013106583,1,0.137459000,0.005830990,-0.391651000,0.058081135,-0.627771026,0.771369249,0.086715639,1,0.238380540,-0.135832271,-0.468348993,0.058081135,-0.627771026,0.771369249,0.086715639
2.747901959,104186.206487750,vr_world,56837,104186.199287541,0.007200792,1,0.222408000,-0.786406000,-0.248518000,0.198905602,0.563354874,-0.799369114,-0.063850351,1,0.359697479,-0.724320415,-0.365652231,0.198905602,0.563354874,-0.799369114,-0.063850351,56915,104186.199287541,0.007200792,1,0.137858000,0.005624970,-0.390955000,0.056668369,-0.627532497,0.771868058,0.084919734,1,0.238641729,-0.136486473,-0.467002369,0.056668369,-0.627532497,0.771868058,0.084919734
2.760311167,104186.218896958,vr_world,56838,104186.217550250,0.001347208,1,0.221916000,-0.781823000,-0.246043000,0.191615850,0.561505456,-0.803116265,-0.054765441,1,0.362160532,-0.721232333,-0.360426844,0.191615850,0.561505456,-0.803116265,-0.054765441,56916,104186.217550250,0.001347208,1,0.138382000,0.005458880,-0.390179000,0.055485960,-0.626476025,0.773111675,0.082142778,1,0.238795966,-0.137428124,-0.465256270,0.055485960,-0.626476025,0.773111675,0.082142778
2.772720625,104186.231306416,vr_world,56838,104186.217550250,0.013756541,1,0.221916000,-0.781823000,-0.246043000,0.191615850,0.561505456,-0.803116265,-0.054765441,1,0.362160532,-0.721232333,-0.360426844,0.191615850,0.561505456,-0.803116265,-0.054765441,56916,104186.217550250,0.013756541,1,0.138382000,0.005458880,-0.390179000,0.055485960,-0.626476025,0.773111675,0.082142778,1,0.238795966,-0.137428124,-0.465256270,0.055485960,-0.626476025,0.773111675,0.082142778
2.785122292,104186.243708083,vr_world,56839,104186.235324000,0.008384416,1,0.221163000,-0.774284000,-0.240351000,0.179486022,0.561916791,-0.806320552,-0.043375745,1,0.365164239,-0.714225119,-0.350259919,0.179486022,0.561916791,-0.806320552,-0.043375745,56917,104186.235324000,0.008384416,1,0.139246000,0.005370560,-0.388983000,0.053452086,-0.623918945,0.775844389,0.077029270,1,0.238754821,-0.139065091,-0.462280641,0.053452086,-0.623918945,0.775844389,0.077029270
2.797535000,104186.256120791,vr_world,56840,104186.253514625,0.002606791,1,0.220709000,-0.769598000,-0.237634000,0.169496667,0.564056606,-0.807247530,-0.038241992,1,0.366928512,-0.708654629,-0.344072713,0.169496667,0.564056606,-0.807247530,-0.038241992,56918,104186.253514625,0.002606791,1,0.139667000,0.005309160,-0.388183000,0.052374647,-0.622534992,0.777357579,0.073636100,1,0.238721591,-0.140033515,-0.460293519,0.052374647,-0.622534992,0.777357579,0.073636100
2.809934459,104186.268520250,vr_world,56840,104186.253514625,0.015006250,1,0.220709000,-0.769598000,-0.237634000,0.169496667,0.564056606,-0.807247530,-0.038241992,1,0.366928512,-0.708654629,-0.344072713,0.169496667,0.564056606,-0.807247530,-0.038241992,56918,104186.253514625,0.015006250,1,0.139667000,0.005309160,-0.388183000,0.052374647,-0.622534992,0.777357579,0.073636100,1,0.238721591,-0.140033515,-0.460293519,0.052374647,-0.622534992,0.777357579,0.073636100
2.822177667,104186.280763458,vr_world,56841,104186.272217791,0.008546167,1,0.220418000,-0.764035000,-0.234691000,0.162151975,0.563284664,-0.809612103,-0.030746812,1,0.368966152,-0.703823869,-0.338284145,0.162151975,0.563284664,-0.809612103,-0.030746812,56919,104186.272217791,0.008546167,1,0.140082000,0.004841510,-0.387042000,0.051940742,-0.621847044,0.778265982,0.070074779,1,0.239025586,-0.141188358,-0.457905359,0.051940742,-0.621847044,0.778265982,0.070074779
2.834565959,104186.293151750,vr_world,56842,104186.289981250,0.003171083,1,0.220043000,-0.754286000,-0.229437000,0.148653104,0.560349305,-0.814673572,-0.014760821,1,0.373120056,-0.696199458,-0.327502409,0.148653104,0.560349305,-0.814673572,-0.014760821,56920,104186.289981250,0.003171083,1,0.140806000,0.004035920,-0.385216000,0.051225556,-0.620948127,0.779569079,0.063807650,1,0.239674060,-0.143096040,-0.453870962,0.051225556,-0.620948127,0.779569079,0.063807650
2.845218250,104186.303804041,vr_world,56842,104186.289981250,0.013823333,1,0.220043000,-0.754286000,-0.229437000,0.148653104,0.560349305,-0.814673572,-0.014760821,1,0.373120056,-0.696199458,-0.327502409,0.148653104,0.560349305,-0.814673572,-0.014760821,56920,104186.289981250,0.013823333,1,0.140806000,0.004035920,-0.385216000,0.051225556,-0.620948127,0.779569079,0.063807650,1,0.239674060,-0.143096040,-0.453870962,0.051225556,-0.620948127,0.779569079,0.063807650
2.857632709,104186.316218500,vr_world,56843,104186.307445500,0.008773416,1,0.220427000,-0.748606000,-0.226538000,0.142877169,0.561409092,-0.815082955,-0.006761888,1,0.375096352,-0.690590526,-0.322115445,0.142877169,0.561409092,-0.815082955,-0.006761888,56921,104186.307445500,0.008773416,1,0.141208000,0.003613430,-0.384256000,0.051580425,-0.621390896,0.779469004,0.060339756,1,0.240472315,-0.143817618,-0.451686737,0.051580425,-0.621390896,0.779469004,0.060339756
2.870065834,104186.328651625,vr_world,56844,104186.325829083,0.002822875,1,0.220070000,-0.742500000,-0.223408000,0.138183540,0.559886571,-0.816962371,0.002195634,1,0.376580918,-0.685735467,-0.316711651,0.138183540,0.559886571,-0.816962371,0.002195634,56922,104186.325829083,0.002822875,1,0.141716000,0.003230850,-0.383207000,0.051398719,-0.621321481,0.779760177,0.057374694,1,0.241094012,-0.144601468,-0.449583894,0.051398719,-0.621321481,0.779760177,0.057374694
2.882468542,104186.341054333,vr_world,56844,104186.325829083,0.015225542,1,0.220070000,-0.742500000,-0.223408000,0.138183540,0.559886571,-0.816962371,0.002195634,1,0.376580918,-0.685735467,-0.316711651,0.138183540,0.559886571,-0.816962371,0.002195634,56922,104186.325829083,0.015225542,1,0.141716000,0.003230850,-0.383207000,0.051398719,-0.621321481,0.779760177,0.057374694,1,0.241094012,-0.144601468,-0.449583894,0.051398719,-0.621321481,0.779760177,0.057374694
2.894880334,104186.353466125,vr_world,56845,104186.344132208,0.009334250,1,0.219321000,-0.736613000,-0.221174000,0.127420387,0.557917463,-0.819948927,0.013263016,1,0.378832275,-0.680992266,-0.309976980,0.127420387,0.557917463,-0.819948927,0.013263016,56923,104186.344132208,0.009334250,1,0.142357000,0.002879890,-0.382026000,0.051161949,-0.620203622,0.780905735,0.054001440,1,0.241453660,-0.145664909,-0.447222210,0.051161949,-0.620203622,0.780905735,0.054001440
2.907288334,104186.365874125,vr_world,56846,104186.362052875,0.003821666,1,0.219807000,-0.726862000,-0.216652000,0.107135569,0.560363363,-0.820784841,0.028759638,1,0.383192877,-0.670200199,-0.297385883,0.107135569,0.560363363,-0.820784841,0.028759638,56924,104186.362052875,0.003821666,1,0.143350000,0.001922050,-0.379398000,0.049957258,-0.618734631,0.782508053,0.048506442,1,0.242039971,-0.147737323,-0.442632276,0.049957258,-0.618734631,0.782508053,0.048506442
2.919702584,104186.378288375,vr_world,56846,104186.362052875,0.016236125,1,0.219807000,-0.726862000,-0.216652000,0.107135569,0.560363363,-0.820784841,0.028759638,1,0.383192877,-0.670200199,-0.297385883,0.107135569,0.560363363,-0.820784841,0.028759638,56924,104186.362052875,0.016236125,1,0.143350000,0.001922050,-0.379398000,0.049957258,-0.618734631,0.782508053,0.048506442,1,0.242039971,-0.147737323,-0.442632276,0.049957258,-0.618734631,0.782508053,0.048506442
2.931076750,104186.389662541,vr_world,56847,104186.380033000,0.009629875,1,0.221073000,-0.721451000,-0.214111000,0.099469649,0.562753851,-0.819933540,0.033509424,1,0.385490175,-0.663650863,-0.291890151,0.099469649,0.562753851,-0.819933540,0.033509424,56925,104186.380033000,0.009629875,1,0.143762000,0.001371860,-0.377826000,0.049735000,-0.618224744,0.783102064,0.045560431,1,0.242381241,-0.148772491,-0.440012233,0.049735000,-0.618224744,0.783102064,0.045560431
2.943484042,104186.402069833,vr_world,56848,104186.398418541,0.003651750,1,0.222151000,-0.714971000,-0.211292000,0.096522196,0.557695537,-0.823458246,0.039694726,1,0.388168989,-0.659545353,-0.287380492,0.096522196,0.557695537,-0.823458246,0.039694726,56926,104186.398418541,0.003651750,1,0.144211000,0.001036670,-0.376505000,0.050116878,-0.617152269,0.784117875,0.042077709,1,0.242620888,-0.149740475,-0.437480298,0.050116878,-0.617152269,0.784117875,0.042077709
2.955908959,104186.414494750,vr_world,56848,104186.398418541,0.016076792,1,0.222151000,-0.714971000,-0.211292000,0.096522196,0.557695537,-0.823458246,0.039694726,1,0.388168989,-0.659545353,-0.287380492,0.096522196,0.557695537,-0.823458246,0.039694726,56926,104186.398418541,0.016076792,1,0.144211000,0.001036670,-0.376505000,0.050116878,-0.617152269,0.784117875,0.042077709,1,0.242620888,-0.149740475,-0.437480298,0.050116878,-0.617152269,0.784117875,0.042077709
2.968297542,104186.426883333,vr_world,56849,104186.416949916,0.009933917,1,0.223489000,-0.704388000,-0.206536000,0.085110370,0.554150783,-0.826366498,0.052835068,1,0.392335183,-0.650594884,-0.277393172,0.085110370,0.554150783,-0.826366498,0.052835068,56927,104186.416949916,0.009933917,1,0.144971000,0.000080019,-0.374030000,0.051109341,-0.616852898,0.784610662,0.035587155,1,0.243675092,-0.151412028,-0.432714611,0.051109341,-0.616852898,0.784610662,0.035587155
2.980709084,104186.439294875,vr_world,56850,104186.435073416,0.004221792,1,0.224800000,-0.699578000,-0.204560000,0.080601244,0.557906378,-0.823885374,0.058794596,1,0.394001366,-0.644331640,-0.273423527,0.080601244,0.557906378,-0.823885374,0.058794596,56928,104186.435073416,0.004221792,1,0.144944000,-0.000873506,-0.370712000,0.053033816,-0.618161589,0.783566810,0.032965419,1,0.244468455,-0.152179266,-0.428484469,0.053033816,-0.618161589,0.783566810,0.032965419
2.993121792,104186.451707583,vr_world,56850,104186.435073416,0.016634584,1,0.224800000,-0.699578000,-0.204560000,0.080601244,0.557906378,-0.823885374,0.058794596,1,0.394001366,-0.644331640,-0.273423527,0.080601244,0.557906378,-0.823885374,0.058794596,56928,104186.435073416,0.016634584,1,0.144944000,-0.000873506,-0.370712000,0.053033816,-0.618161589,0.783566810,0.032965419,1,0.244468455,-0.152179266,-0.428484469,0.053033816,-0.618161589,0.783566810,0.032965419
3.005536417,104186.464122208,vr_world,56851,104186.453426458,0.010696333,1,0.225988000,-0.694484000,-0.203509000,0.068014866,0.555711738,-0.826020885,0.065176228,1,0.397270124,-0.639604490,-0.267337881,0.068014866,0.555711738,-0.826020885,0.065176228,56929,104186.453426458,0.010696333,1,0.144916000,-0.001648600,-0.367189000,0.054701245,-0.619047060,0.782835307,0.030941782,1,0.245039565,-0.152824427,-0.424262544,0.054701245,-0.619047060,0.782835307,0.030941782
3.017945542,104186.476531333,vr_world,56852,104186.471335708,0.005196000,1,0.228356000,-0.684747000,-0.200297000,0.047275306,0.550964214,-0.829971591,0.073148059,1,0.402743835,-0.630745187,-0.255939987,0.047275306,0.550964214,-0.829971591,0.073148059,56930,104186.471335708,0.005196000,1,0.145560000,-0.002020640,-0.364190000,0.056903929,-0.618832354,0.783075995,0.024504008,1,0.246096798,-0.153755230,-0.419009525,0.056903929,-0.618832354,0.783075995,0.024504008
3.030358417,104186.488944208,vr_world,56852,104186.471335708,0.017608917,1,0.228356000,-0.684747000,-0.200297000,0.047275306,0.550964214,-0.829971591,0.073148059,1,0.402743835,-0.630745187,-0.255939987,0.047275306,0.550964214,-0.829971591,0.073148059,56930,104186.471335708,0.017608917,1,0.145560000,-0.002020640,-0.364190000,0.056903929,-0.618832354,0.783075995,0.024504008,1,0.246096798,-0.153755230,-0.419009525,0.056903929,-0.618832354,0.783075995,0.024504008
3.040411959,104186.498997750,vr_world,56853,104186.489801000,0.009197291,1,0.230356000,-0.679844000,-0.198939000,0.034650012,0.552268994,-0.829696584,0.073497703,1,0.405634570,-0.624364887,-0.250153824,0.034650012,0.552268994,-0.829696584,0.073497703,56931,104186.489801000,0.009197291,1,0.145968000,-0.001964120,-0.362727000,0.057259713,-0.618269180,0.783641083,0.019266532,1,0.246545515,-0.154335726,-0.415673149,0.057259713,-0.618269180,0.783641083,0.019266532
3.052826209,104186.511412000,vr_world,56854,104186.507952458,0.003460042,1,0.232133000,-0.674750000,-0.197404000,0.024936024,0.553352565,-0.829109789,0.075868907,1,0.408101118,-0.618226584,-0.244982930,0.024936024,0.553352565,-0.829109789,0.075868907,56932,104186.507952458,0.003460042,1,0.146417000,-0.002187850,-0.360737000,0.057314369,-0.617864960,0.784061936,0.014312036,1,0.247051461,-0.155131900,-0.411894092,0.057314369,-0.617864960,0.784061936,0.014312036
3.064719250,104186.523305041,vr_world,56854,104186.507952458,0.015353167,1,0.232133000,-0.674750000,-0.197404000,0.024936024,0.553352565,-0.829109789,0.075868907,1,0.408101118,-0.618226584,-0.244982930,0.024936024,0.553352565,-0.829109789,0.075868907,56932,104186.507952458,0.015353167,1,0.146417000,-0.002187850,-0.360737000,0.057314369,-0.617864960,0.784061936,0.014312036,1,0.247051461,-0.155131900,-0.411894092,0.057314369,-0.617864960,0.784061936,0.014312036
3.077133000,104186.535718791,vr_world,56855,104186.527119958,0.008599292,1,0.235740000,-0.665600000,-0.194575000,0.005251455,0.556275415,-0.826985239,0.081397170,1,0.412779942,-0.606684124,-0.234690016,0.005251455,0.556275415,-0.826985239,0.081397170,56933,104186.527119958,0.008599292,1,0.147290000,-0.002775160,-0.356744000,0.058748761,-0.617366052,0.784453380,0.006374501,1,0.248181257,-0.156471324,-0.405062321,0.058748761,-0.617366052,0.784453380,0.006374501
3.087632959,104186.546218750,vr_world,56856,104186.545006541,0.001212750,1,0.238506000,-0.661019000,-0.193087000,0.004161103,-0.563340041,0.822197732,-0.081373049,1,0.414972514,-0.598447267,-0.230071218,0.004161103,-0.563340041,0.822197732,-0.081373049,56934,104186.545006541,0.001212750,1,0.148027000,-0.003240670,-0.354122000,0.060457596,-0.617517123,0.784222387,0.003567834,1,0.249239903,-0.157029991,-0.401461395,0.060457596,-0.617517123,0.784222387,0.003567834
3.098513542,104186.557099333,vr_world,56856,104186.545006541,0.012093084,1,0.238506000,-0.661019000,-0.193087000,0.004161103,-0.563340041,0.822197732,-0.081373049,1,0.414972514,-0.598447267,-0.230071218,0.004161103,-0.563340041,0.822197732,-0.081373049,56934,104186.545006541,0.012093084,1,0.148027000,-0.003240670,-0.354122000,0.060457596,-0.617517123,0.784222387,0.003567834,1,0.249239903,-0.157029991,-0.401461395,0.060457596,-0.617517123,0.784222387,0.003567834
3.110928459,104186.569514250,vr_world,56857,104186.563500208,0.006014500,1,0.241017000,-0.655502000,-0.191507000,0.013987162,-0.565057538,0.820986760,-0.080592044,1,0.417645969,-0.591478881,-0.225072745,0.013987162,-0.565057538,0.820986760,-0.080592044,56935,104186.563500208,0.006014500,1,0.148867000,-0.003343300,-0.351799000,0.062779895,-0.617878206,0.783761544,0.001746354,1,0.250497914,-0.157042824,-0.398530430,0.062779895,-0.617878206,0.783761544,0.001746354
3.123328750,104186.581914541,vr_world,56858,104186.581458916,0.000456084,1,0.243168000,-0.649833000,-0.189747000,0.021963610,-0.566199674,0.820015308,-0.080687196,1,0.419941690,-0.584779177,-0.220447545,0.021963610,-0.566199674,0.820015308,-0.080687196,56936,104186.581458916,0.000456084,1,0.149831000,-0.003373340,-0.349655000,0.065438773,-0.618055581,0.783403844,-0.001866310,1,0.251901595,-0.157157348,-0.395133869,0.065438773,-0.618055581,0.783403844,-0.001866310
3.133761750,104186.592347541,vr_world,56858,104186.581458916,0.010888959,1,0.243168000,-0.649833000,-0.189747000,0.021963610,-0.566199674,0.820015308,-0.080687196,1,0.419941690,-0.584779177,-0.220447545,0.021963610,-0.566199674,0.820015308,-0.080687196,56936,104186.581458916,0.010888959,1,0.149831000,-0.003373340,-0.349655000,0.065438773,-0.618055581,0.783403844,-0.001866310,1,0.251901595,-0.157157348,-0.395133869,0.065438773,-0.618055581,0.783403844,-0.001866310
3.145218834,104186.603804625,vr_world,56859,104186.599582083,0.004223125,1,0.247411000,-0.639988000,-0.187338000,0.044717234,-0.572526583,0.814467991,-0.082798387,1,0.423859786,-0.570797688,-0.209742250,0.044717234,-0.572526583,0.814467991,-0.082798387,56937,104186.599582083,0.004223125,1,0.151788000,-0.003581720,-0.345136000,0.069225888,-0.618247703,0.782868313,-0.009734397,1,0.254543837,-0.157709320,-0.387822534,0.069225888,-0.618247703,0.782868313,-0.009734397
3.157623750,104186.616209541,vr_world,56859,104186.599582083,0.016628042,1,0.247411000,-0.639988000,-0.187338000,0.044717234,-0.572526583,0.814467991,-0.082798387,1,0.423859786,-0.570797688,-0.209742250,0.044717234,-0.572526583,0.814467991,-0.082798387,56937,104186.599582083,0.016628042,1,0.151788000,-0.003581720,-0.345136000,0.069225888,-0.618247703,0.782868313,-0.009734397,1,0.254543837,-0.157709320,-0.387822534,0.069225888,-0.618247703,0.782868313,-0.009734397
3.170037709,104186.628623500,vr_world,56860,104186.617476333,0.011147708,1,0.250327000,-0.634742000,-0.185636000,0.056357832,-0.580182834,0.808750995,-0.078316679,1,0.425523440,-0.561407092,-0.204387384,0.056357832,-0.580182834,0.808750995,-0.078316679,56938,104186.617476333,0.011147708,1,0.153179000,-0.003836170,-0.342292000,0.070824568,-0.618715230,0.782298012,-0.013607568,1,0.256387640,-0.158042634,-0.383578481,0.070824568,-0.618715230,0.782298012,-0.013607568
3.182453417,104186.641039208,vr_world,56861,104186.635771458,0.005268375,1,0.252471000,-0.627836000,-0.183987000,0.065561939,-0.584655755,0.805024998,-0.076249806,1,0.426890352,-0.551965212,-0.199639013,0.065561939,-0.584655755,0.805024998,-0.076249806,56939,104186.635771458,0.005268375,1,0.154781000,-0.004094960,-0.339670000,0.072821091,-0.619649735,0.781308385,-0.016985324,1,0.258640078,-0.158188005,-0.379730058,0.072821091,-0.619649735,0.781308385,-0.016985324
3.194869417,104186.653455208,vr_world,56861,104186.635771458,0.017684125,1,0.252471000,-0.627836000,-0.183987000,0.065561939,-0.584655755,0.805024998,-0.076249806,1,0.426890352,-0.551965212,-0.199639013,0.065561939,-0.584655755,0.805024998,-0.076249806,56939,104186.635771458,0.017684125,1,0.154781000,-0.004094960,-0.339670000,0.072821091,-0.619649735,0.781308385,-0.016985324,1,0.258640078,-0.158188005,-0.379730058,0.072821091,-0.619649735,0.781308385,-0.016985324
3.207272792,104186.665858583,vr_world,56862,104186.653908500,0.011950583,1,0.255647000,-0.614156000,-0.181790000,0.086408165,-0.586302963,0.801635251,-0.078507255,1,0.429762816,-0.536395096,-0.189560562,0.086408165,-0.586302963,0.801635251,-0.078507255,56940,104186.653908500,0.011950583,1,0.157639000,-0.004548040,-0.334452000,0.074998715,-0.622603552,0.778620793,-0.022128490,1,0.263010253,-0.158109365,-0.372557404,0.074998715,-0.622603552,0.778620793,-0.022128490
3.219681959,104186.678267750,vr_world,56863,104186.672692250,0.005576041,1,0.258188000,-0.605704000,-0.179989000,0.093786646,-0.591200642,0.796560470,-0.084718846,1,0.431326551,-0.525549949,-0.184654822,0.093786646,-0.591200642,0.796560470,-0.084718846,56941,104186.672692250,0.005576041,1,0.159821000,-0.004497390,-0.331356000,0.075088576,-0.623660699,0.777661239,-0.025534994,1,0.265718392,-0.158014259,-0.368160093,0.075088576,-0.623660699,0.777661239,-0.025534994
3.232095250,104186.690681041,vr_world,56863,104186.672692250,0.017989333,1,0.258188000,-0.605704000,-0.179989000,0.093786646,-0.591200642,0.796560470,-0.084718846,1,0.431326551,-0.525549949,-0.184654822,0.093786646,-0.591200642,0.796560470,-0.084718846,56941,104186.672692250,0.017989333,1,0.159821000,-0.004497390,-0.331356000,0.075088576,-0.623660699,0.777661239,-0.025534994,1,0.265718392,-0.158014259,-0.368160093,0.075088576,-0.623660699,0.777661239,-0.025534994
3.243033417,104186.701619208,vr_world,56864,104186.691129291,0.010490417,1,0.260003000,-0.597712000,-0.177685000,0.096815805,-0.596391060,0.791940679,-0.088172357,1,0.432071993,-0.515225866,-0.181114172,0.096815805,-0.596391060,0.791940679,-0.088172357,56942,104186.691129291,0.010490417,1,0.162368000,-0.004395980,-0.328050000,0.074663405,-0.622820988,0.778223623,-0.029789028,1,0.268020881,-0.158446854,-0.363291939,0.074663405,-0.622820988,0.778223623,-0.029789028
3.255443959,104186.714029750,vr_world,56865,104186.708428291,0.005602084,1,0.264061000,-0.582642000,-0.173636000,0.107906317,-0.603612330,0.784559201,-0.092061079,1,0.434351005,-0.496478719,-0.172868618,0.107906317,-0.603612330,0.784559201,-0.092061079,56943,104186.708428291,0.005602084,1,0.166971000,-0.004187900,-0.321775000,0.075584190,-0.621187202,0.779178027,-0.035987405,1,0.272224009,-0.159004093,-0.354790028,0.075584190,-0.621187202,0.779178027,-0.035987405
3.267841084,104186.726426875,vr_world,56865,104186.708428291,0.017998959,1,0.264061000,-0.582642000,-0.173636000,0.107906317,-0.603612330,0.784559201,-0.092061079,1,0.434351005,-0.496478719,-0.172868618,0.107906317,-0.603612330,0.784559201,-0.092061079,56943,104186.708428291,0.017998959,1,0.166971000,-0.004187900,-0.321775000,0.075584190,-0.621187202,0.779178027,-0.035987405,1,0.272224009,-0.159004093,-0.354790028,0.075584190,-0.621187202,0.779178027,-0.035987405
3.278604250,104186.737190041,vr_world,56866,104186.727507208,0.009683250,1,0.265884000,-0.574234000,-0.170395000,0.105800594,-0.607497036,0.782113365,-0.089734443,1,0.435378888,-0.486513937,-0.170713720,0.105800594,-0.607497036,0.782113365,-0.089734443,56944,104186.727507208,0.009683250,1,0.169768000,-0.003787960,-0.317630000,0.074716031,-0.620891027,0.779431587,-0.037393153,1,0.274870280,-0.158819692,-0.350108675,0.074716031,-0.620891027,0.779431587,-0.037393153
3.290987459,104186.749573250,vr_world,56867,104186.746445333,0.003128417,1,0.266518000,-0.565653000,-0.168849000,0.110463200,-0.609301577,0.780076758,-0.089608720,1,0.435465542,-0.476893134,-0.167489914,0.110463200,-0.609301577,0.780076758,-0.089608720,56945,104186.746445333,0.003128417,1,0.172440000,-0.003223790,-0.314115000,0.072118791,-0.621884554,0.778724918,-0.040570713,1,0.277812579,-0.158337358,-0.345301733,0.072118791,-0.621884554,0.778724918,-0.040570713
3.302482459,104186.761068250,vr_world,56867,104186.746445333,0.014623667,1,0.266518000,-0.565653000,-0.168849000,0.110463200,-0.609301577,0.780076758,-0.089608720,1,0.435465542,-0.476893134,-0.167489914,0.110463200,-0.609301577,0.780076758,-0.089608720,56945,104186.746445333,0.014623667,1,0.172440000,-0.003223790,-0.314115000,0.072118791,-0.621884554,0.778724918,-0.040570713,1,0.277812579,-0.158337358,-0.345301733,0.072118791,-0.621884554,0.778724918,-0.040570713
3.314869667,104186.773455458,vr_world,56868,104186.764752083,0.008704083,1,0.269160000,-0.550109000,-0.165323000,0.121911384,-0.616847418,0.772083531,-0.092324962,1,0.435950057,-0.457516542,-0.159740193,0.121911384,-0.616847418,0.772083531,-0.092324962,56946,104186.764752083,0.008704083,1,0.177829000,-0.002394970,-0.307755000,0.067708210,-0.622963602,0.777797857,-0.048604965,1,0.283500031,-0.157909244,-0.335775810,0.067708210,-0.622963602,0.777797857,-0.048604965
3.327274667,104186.785860458,vr_world,56869,104186.783482166,0.002378750,1,0.270440000,-0.542583000,-0.163601000,0.128545700,-0.628106743,0.761878408,-0.092191181,1,0.434187733,-0.444852575,-0.155926577,0.128545700,-0.628106743,0.761878408,-0.092191181,56947,104186.783482166,0.002378750,1,0.180993000,-0.002115670,-0.304231000,0.061665868,-0.625088687,0.776393175,-0.051721288,1,0.287141935,-0.157551084,-0.330847643,0.061665868,-0.625088687,0.776393175,-0.051721288
3.339681959,104186.798267750,vr_world,56869,104186.783482166,0.014786209,1,0.270440000,-0.542583000,-0.163601000,0.128545700,-0.628106743,0.761878408,-0.092191181,1,0.434187733,-0.444852575,-0.155926577,0.128545700,-0.628106743,0.761878408,-0.092191181,56947,104186.783482166,0.014786209,1,0.180993000,-0.002115670,-0.304231000,0.061665868,-0.625088687,0.776393175,-0.051721288,1,0.287141935,-0.157551084,-0.330847643,0.061665868,-0.625088687,0.776393175,-0.051721288
3.352095375,104186.810681166,vr_world,56870,104186.801871291,0.008810167,1,0.271558000,-0.534559000,-0.161570000,0.132555840,-0.637092476,0.753803543,-0.091226884,1,0.432786092,-0.432817214,-0.152761247,0.132555840,-0.637092476,0.753803543,-0.091226884,56948,104186.801871291,0.008810167,1,0.184722000,-0.001688090,-0.300349000,0.056097491,-0.625374363,0.776415865,-0.054206848,1,0.290652953,-0.157456010,-0.325867541,0.056097491,-0.625374363,0.776415865,-0.054206848
3.364457334,104186.823043125,vr_world,56871,104186.819900375,0.003143208,1,0.273093000,-0.518925000,-0.157858000,0.138080256,-0.647559497,0.744188878,-0.088223887,1,0.431165740,-0.412486877,-0.147495741,0.138080256,-0.647559497,0.744188878,-0.088223887,56949,104186.819900375,0.003143208,1,0.191574000,-0.000678882,-0.293272000,0.050262816,-0.623026006,0.778357574,-0.058921410,1,0.296296942,-0.157556709,-0.316908693,0.050262816,-0.623026006,0.778357574,-0.058921410
3.376412042,104186.834997833,vr_world,56871,104186.819900375,0.015098208,1,0.273093000,-0.518925000,-0.157858000,0.138080256,-0.647559497,0.744188878,-0.088223887,1,0.431165740,-0.412486877,-0.147495741,0.138080256,-0.647559497,0.744188878,-0.088223887,56949,104186.819900375,0.015098208,1,0.191574000,-0.000678882,-0.293272000,0.050262816,-0.623026006,0.778357574,-0.058921410,1,0.296296942,-0.157556709,-0.316908693,0.050262816,-0.623026006,0.778357574,-0.058921410
3.388819250,104186.847405041,vr_world,56872,104186.837559250,0.009846208,1,0.273886000,-0.510880000,-0.155938000,0.140779978,-0.650519339,0.741356249,-0.086002897,1,0.430961901,-0.403056994,-0.144767186,0.140779978,-0.650519339,0.741356249,-0.086002897,56950,104186.837559250,0.009846208,1,0.195709000,0.000375956,-0.290143000,0.047735400,-0.619901748,0.780885906,-0.060500873,1,0.299055576,-0.157499707,-0.313186141,0.047735400,-0.619901748,0.780885906,-0.060500873
3.401220334,104186.859806125,vr_world,56873,104186.855718875,0.004087708,1,0.274203000,-0.502656000,-0.154008000,0.140708730,-0.649834639,0.742093867,-0.084927540,1,0.431478043,-0.395117954,-0.142891820,0.140708730,-0.649834639,0.742093867,-0.084927540,56951,104186.855718875,0.004087708,1,0.200141000,0.001534270,-0.287443000,0.043286565,-0.616727364,0.783313093,-0.064762881,1,0.302041677,-0.157513016,-0.308807007,0.043286565,-0.616727364,0.783313093,-0.064762881
3.413622292,104186.872208083,vr_world,56873,104186.855718875,0.016489833,1,0.274203000,-0.502656000,-0.154008000,0.140708730,-0.649834639,0.742093867,-0.084927540,1,0.431478043,-0.395117954,-0.142891820,0.140708730,-0.649834639,0.742093867,-0.084927540,56951,104186.855718875,0.016489833,1,0.200141000,0.001534270,-0.287443000,0.043286565,-0.616727364,0.783313093,-0.064762881,1,0.302041677,-0.157513016,-0.308807007,0.043286565,-0.616727364,0.783313093,-0.064762881
3.425284334,104186.883870125,vr_world,56874,104186.873327583,0.010542958,1,0.276302000,-0.488523000,-0.150567000,0.143130893,-0.658482195,0.734202186,-0.082836560,1,0.430922685,-0.377255941,-0.138925626,0.143130893,-0.658482195,0.734202186,-0.082836560,56952,104186.873327583,0.010542958,1,0.207412000,0.003124300,-0.281314000,0.033285673,-0.613440842,0.785855988,-0.070800872,1,0.307537425,-0.157368976,-0.300103279,0.033285673,-0.613440842,0.785855988,-0.070800872
3.437631875,104186.896217666,vr_world,56875,104186.892038958,0.004179167,1,0.277666000,-0.482888000,-0.148865000,0.139478166,-0.672391175,0.722875010,-0.076731146,1,0.428256679,-0.366034290,-0.139320609,0.139478166,-0.672391175,0.722875010,-0.076731146,56953,104186.892038958,0.004179167,1,0.211453000,0.003954240,-0.278411000,0.025388212,-0.612311987,0.786685886,-0.074530438,1,0.310770770,-0.157229391,-0.295501030,0.025388212,-0.612311987,0.786685886,-0.074530438
3.449745167,104186.908330958,vr_world,56875,104186.892038958,0.016293958,1,0.277666000,-0.482888000,-0.148865000,0.139478166,-0.672391175,0.722875010,-0.076731146,1,0.428256679,-0.366034290,-0.139320609,0.139478166,-0.672391175,0.722875010,-0.076731146,56953,104186.892038958,0.016293958,1,0.211453000,0.003954240,-0.278411000,0.025388212,-0.612311987,0.786685886,-0.074530438,1,0.310770770,-0.157229391,-0.295501030,0.025388212,-0.612311987,0.786685886,-0.074530438
3.462094750,104186.920680541,vr_world,56876,104186.911670708,0.009011083,1,0.278767000,-0.476760000,-0.148465000,0.144890781,-0.684635040,0.710913007,-0.069887201,1,0.424990885,-0.354606661,-0.137483873,0.144890781,-0.684635040,0.710913007,-0.069887201,56954,104186.911670708,0.009011083,1,0.215953000,0.004771050,-0.275563000,0.016984390,-0.610875910,0.787795253,-0.076946689,1,0.314297731,-0.157134254,-0.291413641,0.016984390,-0.610875910,0.787795253,-0.076946689
3.472415875,104186.931001666,vr_world,56877,104186.929962291,0.001039959,1,0.279106000,-0.462296000,-0.146344000,0.147664424,-0.692213181,0.703713584,-0.061833017,1,0.422507336,-0.336896360,-0.134748834,0.147664424,-0.692213181,0.703713584,-0.061833017,56955,104186.929962291,0.001039959,1,0.224550000,0.006495380,-0.269798000,0.003954255,-0.605346503,0.791761028,-0.081574806,1,0.320126261,-0.157264034,-0.283371525,0.003954255,-0.605346503,0.791761028,-0.081574806
3.483078792,104186.941664583,vr_world,56877,104186.929962291,0.011702917,1,0.279106000,-0.462296000,-0.146344000,0.147664424,-0.692213181,0.703713584,-0.061833017,1,0.422507336,-0.336896360,-0.134748834,0.147664424,-0.692213181,0.703713584,-0.061833017,56955,104186.929962291,0.011702917,1,0.224550000,0.006495380,-0.269798000,0.003954255,-0.605346503,0.791761028,-0.081574806,1,0.320126261,-0.157264034,-0.283371525,0.003954255,-0.605346503,0.791761028,-0.081574806
3.495488667,104186.954074458,vr_world,56878,104186.947802750,0.006272250,1,0.279131000,-0.455438000,-0.146064000,0.151123524,-0.694507999,0.700458531,-0.064638737,1,0.421492954,-0.328987303,-0.133151788,0.151123524,-0.694507999,0.700458531,-0.064638737,56956,104186.947802750,0.006272250,1,0.228827000,0.007925010,-0.266531000,0.002114494,0.602752415,-0.794019726,0.078852584,1,0.322946732,-0.156612120,-0.280855671,0.002114494,0.602752415,-0.794019726,0.078852584
3.507900625,104186.966486416,vr_world,56878,104186.947802750,0.018683958,1,0.279131000,-0.455438000,-0.146064000,0.151123524,-0.694507999,0.700458531,-0.064638737,1,0.421492954,-0.328987303,-0.133151788,0.151123524,-0.694507999,0.700458531,-0.064638737,56956,104186.947802750,0.018683958,1,0.228827000,0.007925010,-0.266531000,0.002114494,0.602752415,-0.794019726,0.078852584,1,0.322946732,-0.156612120,-0.280855671,0.002114494,0.602752415,-0.794019726,0.078852584
3.520310375,104186.978896166,vr_world,56879,104186.967320500,0.011576291,1,0.280362000,-0.449488000,-0.144090000,0.146581455,-0.705007222,0.690794593,-0.065433362,1,0.419260534,-0.319056150,-0.133219079,0.146581455,-0.705007222,0.690794593,-0.065433362,56957,104186.967320500,0.011576291,1,0.232921000,0.009603030,-0.264241000,0.006759764,0.601009129,-0.795260813,0.079388736,1,0.326126383,-0.155490467,-0.278137571,0.006759764,0.601009129,-0.795260813,0.079388736
3.532710709,104186.991296500,vr_world,56880,104186.985197333,0.006099583,1,0.281606000,-0.438137000,-0.142119000,0.143690857,-0.723099393,0.672833298,-0.061445577,1,0.413724068,-0.300714511,-0.132992076,0.143690857,-0.723099393,0.672833298,-0.061445577,56958,104186.985197333,0.006099583,1,0.241102000,0.012917800,-0.259498000,0.016925286,0.596059624,-0.798586285,0.081770445,1,0.331912419,-0.153618268,-0.271964319,0.016925286,0.596059624,-0.798586285,0.081770445
3.545126084,104187.003711875,vr_world,56881,104187.003517875,0.000197458,1,0.281094000,-0.431458000,-0.141644000,0.143348203,-0.723458743,0.672963806,-0.056377789,1,0.413048226,-0.293866194,-0.132699033,0.143348203,-0.723458743,0.672963806,-0.056377789,56959,104187.003517875,0.000197458,1,0.246004000,0.015892700,-0.257160000,0.023962867,0.590495960,-0.802556162,0.081510170,1,0.334213362,-0.152058751,-0.269310322,0.023962867,0.590495960,-0.802556162,0.081510170
3.557415584,104187.016001375,vr_world,56881,104187.003517875,0.012484875,1,0.281094000,-0.431458000,-0.141644000,0.143348203,-0.723458743,0.672963806,-0.056377789,1,0.413048226,-0.293866194,-0.132699033,0.143348203,-0.723458743,0.672963806,-0.056377789,56959,104187.003517875,0.012484875,1,0.246004000,0.015892700,-0.257160000,0.023962867,0.590495960,-0.802556162,0.081510170,1,0.334213362,-0.152058751,-0.269310322,0.023962867,0.590495960,-0.802556162,0.081510170
3.569723959,104187.028309750,vr_world,56882,104187.021646000,0.006664375,1,0.280843000,-0.425302000,-0.141725000,0.146274833,-0.723543850,0.672739152,-0.050099938,1,0.412491683,-0.287491336,-0.131710917,0.146274833,-0.723543850,0.672739152,-0.050099938,56960,104187.021646000,0.006664375,1,0.250302000,0.018433000,-0.255305000,0.034472887,0.586410722,-0.805057574,0.082561418,1,0.336455584,-0.150654128,-0.266408907,0.034472887,0.586410722,-0.805057574,0.082561418
3.581745125,104187.040330916,vr_world,56883,104187.039536666,0.000794750,1,0.281495000,-0.420268000,-0.141388000,0.149927313,-0.732755106,0.662230483,-0.045194501,1,0.409036960,-0.278732639,-0.130241495,0.149927313,-0.732755106,0.662230483,-0.045194501,56961,104187.039536666,0.000794750,1,0.253878000,0.020961400,-0.253174000,0.045987630,0.584845066,-0.805592937,0.082833611,1,0.338987690,-0.148706067,-0.263447974,0.045987630,0.584845066,-0.805592937,0.082833611
3.592410875,104187.050996666,vr_world,56883,104187.039536666,0.011460834,1,0.281495000,-0.420268000,-0.141388000,0.149927313,-0.732755106,0.662230483,-0.045194501,1,0.409036960,-0.278732639,-0.130241495,0.149927313,-0.732755106,0.662230483,-0.045194501,56961,104187.039536666,0.011460834,1,0.253878000,0.020961400,-0.253174000,0.045987630,0.584845066,-0.805592937,0.082833611,1,0.338987690,-0.148706067,-0.263447974,0.045987630,0.584845066,-0.805592937,0.082833611
3.604872542,104187.063458333,vr_world,56884,104187.057562708,0.005896500,1,0.282535000,-0.409892000,-0.140078000,0.151080282,-0.751694784,0.640885838,-0.037350269,1,0.401594671,-0.261150480,-0.128933746,0.151080282,-0.751694784,0.640885838,-0.037350269,56962,104187.057562708,0.005896500,1,0.260797000,0.025993300,-0.249591000,0.062791433,0.579044690,-0.808521311,0.084010551,1,0.343042503,-0.145171130,-0.258231059,0.062791433,0.579044690,-0.808521311,0.084010551
3.615512917,104187.074098708,vr_world,56884,104187.057562708,0.016537083,1,0.282535000,-0.409892000,-0.140078000,0.151080282,-0.751694784,0.640885838,-0.037350269,1,0.401594671,-0.261150480,-0.128933746,0.151080282,-0.751694784,0.640885838,-0.037350269,56962,104187.057562708,0.016537083,1,0.260797000,0.025993300,-0.249591000,0.062791433,0.579044690,-0.808521311,0.084010551,1,0.343042503,-0.145171130,-0.258231059,0.062791433,0.579044690,-0.808521311,0.084010551
3.627682125,104187.086267916,vr_world,56885,104187.075809250,0.010459666,1,0.282358000,-0.404134000,-0.139934000,0.151213871,-0.758491926,0.633075297,-0.032249519,1,0.398179119,-0.252853574,-0.128837373,0.151213871,-0.758491926,0.633075297,-0.032249519,56963,104187.075809250,0.010459666,1,0.264393000,0.029234200,-0.248882000,0.065650310,0.572863767,-0.812450647,0.086261739,1,0.344101882,-0.143180969,-0.256347038,0.065650310,0.572863767,-0.812450647,0.086261739
3.640005709,104187.098591500,vr_world,56886,104187.094485458,0.004106792,1,0.281485000,-0.397817000,-0.140085000,0.153156210,-0.759041964,0.632147805,-0.028064652,1,0.396818813,-0.246224779,-0.128195143,0.153156210,-0.759041964,0.632147805,-0.028064652,56964,104187.094485458,0.004106792,1,0.267725000,0.032367700,-0.248348000,0.070489547,0.567416270,-0.815510829,0.089510268,1,0.345207260,-0.141123714,-0.254128822,0.070489547,0.567416270,-0.815510829,0.089510268
3.651079292,104187.109665083,vr_world,56886,104187.094485458,0.015180542,1,0.281485000,-0.397817000,-0.140085000,0.153156210,-0.759041964,0.632147805,-0.028064652,1,0.396818813,-0.246224779,-0.128195143,0.153156210,-0.759041964,0.632147805,-0.028064652,56964,104187.094485458,0.015180542,1,0.267725000,0.032367700,-0.248348000,0.070489547,0.567416270,-0.815510829,0.089510268,1,0.345207260,-0.141123714,-0.254128822,0.070489547,0.567416270,-0.815510829,0.089510268
3.661894167,104187.120479958,vr_world,56887,104187.111715583,0.008765667,1,0.280928000,-0.386743000,-0.139682000,0.154512814,-0.766023803,0.623597101,-0.021447113,1,0.392679611,-0.232530497,-0.127291357,0.154512814,-0.766023803,0.623597101,-0.021447113,56965,104187.111715583,0.008765667,1,0.273857000,0.037899100,-0.246792000,0.082750944,0.556548566,-0.821333506,0.093900190,1,0.346763673,-0.137634956,-0.249730328,0.082750944,0.556548566,-0.821333506,0.093900190
3.673820667,104187.132406458,vr_world,56888,104187.130443708,0.001963708,1,0.281195000,-0.381161000,-0.138913000,0.150798535,-0.772741513,0.616207229,-0.020469659,1,0.389911994,-0.224681329,-0.128044589,0.150798535,-0.772741513,0.616207229,-0.020469659,56966,104187.130443708,0.001963708,1,0.275707000,0.040404600,-0.245499000,0.091616592,0.554296047,-0.822028032,0.092909674,1,0.347464368,-0.135608697,-0.248040182,0.091616592,0.554296047,-0.822028032,0.092909674
3.685745167,104187.144330958,vr_world,56888,104187.130443708,0.013888167,1,0.281195000,-0.381161000,-0.138913000,0.150798535,-0.772741513,0.616207229,-0.020469659,1,0.389911994,-0.224681329,-0.128044589,0.150798535,-0.772741513,0.616207229,-0.020469659,56966,104187.130443708,0.013888167,1,0.275707000,0.040404600,-0.245499000,0.091616592,0.554296047,-0.822028032,0.092909674,1,0.347464368,-0.135608697,-0.248040182,0.091616592,0.554296047,-0.822028032,0.092909674
3.698074959,104187.156660750,vr_world,56889,104187.148832708,0.007829083,1,0.280983000,-0.376073000,-0.139244000,0.149259054,-0.778768336,0.609010571,-0.018647711,1,0.386730804,-0.217528059,-0.129028427,0.149259054,-0.778768336,0.609010571,-0.018647711,56967,104187.148832708,0.007829083,1,0.276335000,0.043108800,-0.244532000,0.096876071,0.556304448,-0.820345854,0.090405019,1,0.348714195,-0.132640143,-0.247654192,0.096876071,0.556304448,-0.820345854,0.090405019
3.710130084,104187.168715875,vr_world,56890,104187.166621041,0.002095542,1,0.281008000,-0.365841000,-0.139865000,0.150664921,-0.789948202,0.594255968,-0.011906475,1,0.380599706,-0.203394083,-0.129096832,0.150664921,-0.789948202,0.594255968,-0.011906475,56968,104187.166621041,0.002095542,1,0.278103000,0.048384700,-0.243416000,0.103348959,0.555910870,-0.819756161,0.091005133,1,0.350271285,-0.127462692,-0.245789337,0.103348959,0.555910870,-0.819756161,0.091005133
3.720317584,104187.178903375,vr_world,56890,104187.166621041,0.012283834,1,0.281008000,-0.365841000,-0.139865000,0.150664921,-0.789948202,0.594255968,-0.011906475,1,0.380599706,-0.203394083,-0.129096832,0.150664921,-0.789948202,0.594255968,-0.011906475,56968,104187.166621041,0.012283834,1,0.278103000,0.048384700,-0.243416000,0.103348959,0.555910870,-0.819756161,0.091005133,1,0.350271285,-0.127462692,-0.245789337,0.103348959,0.555910870,-0.819756161,0.091005133
3.732487584,104187.191073375,vr_world,56891,104187.185118208,0.005956250,1,0.280566000,-0.360417000,-0.139887000,0.148284846,-0.795873828,0.586943362,-0.009692493,1,0.377063103,-0.196055211,-0.130041566,0.148284846,-0.795873828,0.586943362,-0.009692493,56969,104187.185118208,0.005956250,1,0.277539000,0.051496800,-0.243830000,0.101203658,0.554878772,-0.820054185,0.096842667,1,0.349646212,-0.124391406,-0.244171590,0.101203658,0.554878772,-0.820054185,0.096842667
3.744811792,104187.203397583,vr_world,56891,104187.185118208,0.018281167,1,0.280566000,-0.360417000,-0.139887000,0.148284846,-0.795873828,0.586943362,-0.009692493,1,0.377063103,-0.196055211,-0.130041566,0.148284846,-0.795873828,0.586943362,-0.009692493,56969,104187.185118208,0.018281167,1,0.277539000,0.051496800,-0.243830000,0.101203658,0.554878772,-0.820054185,0.096842667,1,0.349646212,-0.124391406,-0.244171590,0.101203658,0.554878772,-0.820054185,0.096842667
3.757156417,104187.215742208,vr_world,56892,104187.203881625,0.011861750,1,0.279538000,-0.354760000,-0.140325000,0.146745264,-0.799189530,0.582804323,-0.010052061,1,0.374330312,-0.189371342,-0.131135464,0.146745264,-0.799189530,0.582804323,-0.010052061,56970,104187.203881625,0.011861750,1,0.276292000,0.054486100,-0.244375000,0.099048702,0.554265716,-0.819570736,0.106219956,1,0.348705390,-0.121251192,-0.241385741,0.099048702,0.554265716,-0.819570736,0.106219956
3.769565542,104187.228151333,vr_world,56893,104187.221525250,0.006627125,1,0.278499000,-0.344884000,-0.140875000,0.142876529,-0.808136602,0.571313700,-0.010108749,1,0.368514998,-0.176766622,-0.133317581,0.142876529,-0.808136602,0.571313700,-0.010108749,56971,104187.221525250,0.006627125,1,0.274345000,0.059845500,-0.244107000,0.098858303,0.556421704,-0.816817214,0.115894614,1,0.348209281,-0.115191780,-0.237611750,0.098858303,0.556421704,-0.816817214,0.115894614
3.781202209,104187.239788000,vr_world,56893,104187.221525250,0.018266833,1,0.278499000,-0.344884000,-0.140875000,0.142876529,-0.808136602,0.571313700,-0.010108749,1,0.368514998,-0.176766622,-0.133317581,0.142876529,-0.808136602,0.571313700,-0.010108749,56971,104187.221525250,0.018266833,1,0.274345000,0.059845500,-0.244107000,0.098858303,0.556421704,-0.816817214,0.115894614,1,0.348209281,-0.115191780,-0.237611750,0.098858303,0.556421704,-0.816817214,0.115894614
3.793598334,104187.252184125,vr_world,56894,104187.242390750,0.009794583,1,0.278497000,-0.340236000,-0.141665000,0.141807240,-0.813336513,0.564175180,-0.008988285,1,0.365518062,-0.170529695,-0.134555850,0.141807240,-0.813336513,0.564175180,-0.008988285,56972,104187.242390750,0.009794583,1,0.272359000,0.062924800,-0.244029000,0.095745625,0.559577609,-0.814362024,0.120499665,1,0.347821580,-0.111373162,-0.236162934,0.095745625,0.559577609,-0.814362024,0.120499665
3.806062125,104187.264647916,vr_world,56895,104187.260036791,0.004616417,1,0.278193000,-0.335585000,-0.142121000,0.138543930,-0.818103262,0.558077734,-0.007866060,1,0.362588287,-0.164509621,-0.136280826,0.138543930,-0.818103262,0.558077734,-0.007866060,56973,104187.260036791,0.004616417,1,0.270535000,0.066179800,-0.243748000,0.091187854,0.561188180,-0.813424063,0.122857219,1,0.346829906,-0.107732706,-0.235395386,0.091187854,0.561188180,-0.813424063,0.122857219
3.816436542,104187.275022333,vr_world,56895,104187.260036791,0.014994042,1,0.278193000,-0.335585000,-0.142121000,0.138543930,-0.818103262,0.558077734,-0.007866060,1,0.362588287,-0.164509621,-0.136280826,0.138543930,-0.818103262,0.558077734,-0.007866060,56973,104187.260036791,0.014994042,1,0.270535000,0.066179800,-0.243748000,0.091187854,0.561188180,-0.813424063,0.122857219,1,0.346829906,-0.107732706,-0.235395386,0.091187854,0.561188180,-0.813424063,0.122857219
3.827171750,104187.285757541,vr_world,56896,104187.279256708,0.006516250,1,0.276836000,-0.326266000,-0.143041000,0.132940934,-0.826148639,0.547496373,-0.007270179,1,0.356711194,-0.152973048,-0.139440831,0.132940934,-0.826148639,0.547496373,-0.007270179,56974,104187.279256708,0.006516250,1,0.267758000,0.072309000,-0.243497000,0.085848034,0.561395619,-0.812622643,0.130803345,1,0.344579791,-0.101229003,-0.232579312,0.085848034,0.561395619,-0.812622643,0.130803345
3.838557750,104187.297143541,vr_world,56896,104187.279256708,0.017888292,1,0.276836000,-0.326266000,-0.143041000,0.132940934,-0.826148639,0.547496373,-0.007270179,1,0.356711194,-0.152973048,-0.139440831,0.132940934,-0.826148639,0.547496373,-0.007270179,56974,104187.279256708,0.017888292,1,0.267758000,0.072309000,-0.243497000,0.085848034,0.561395619,-0.812622643,0.130803345,1,0.344579791,-0.101229003,-0.232579312,0.085848034,0.561395619,-0.812622643,0.130803345
3.849057292,104187.307643083,vr_world,56897,104187.297757583,0.009886167,1,0.276023000,-0.322210000,-0.143888000,0.130819348,-0.829546793,0.542851036,-0.007153305,1,0.353922223,-0.148004290,-0.141148364,0.130819348,-0.829546793,0.542851036,-0.007153305,56975,104187.297757583,0.009886167,1,0.266350000,0.075965000,-0.243167000,0.086272600,0.559647702,-0.813276598,0.133912892,1,0.342585584,-0.097749036,-0.231008704,0.086272600,0.559647702,-0.813276598,0.133912892
3.861486417,104187.320072208,vr_world,56898,104187.316340708,0.003733792,1,0.275822000,-0.318726000,-0.144754000,0.130591156,-0.835046735,0.534411852,-0.006846321,1,0.350209217,-0.142989211,-0.142190741,0.130591156,-0.835046735,0.534411852,-0.006846321,56976,104187.316340708,0.003733792,1,0.264881000,0.079838400,-0.243085000,0.088758641,0.557897165,-0.813651856,0.137270953,1,0.340530522,-0.094021268,-0.229440027,0.088758641,0.557897165,-0.813651856,0.137270953
3.873883834,104187.332469625,vr_world,56898,104187.316340708,0.016129542,1,0.275822000,-0.318726000,-0.144754000,0.130591156,-0.835046735,0.534411852,-0.006846321,1,0.350209217,-0.142989211,-0.142190741,0.130591156,-0.835046735,0.534411852,-0.006846321,56976,104187.316340708,0.016129542,1,0.264881000,0.079838400,-0.243085000,0.088758641,0.557897165,-0.813651856,0.137270953,1,0.340530522,-0.094021268,-0.229440027,0.088758641,0.557897165,-0.813651856,0.137270953
3.886303250,104187.344889041,vr_world,56899,104187.334638291,0.010251250,1,0.274234000,-0.311426000,-0.146310000,0.127711657,-0.841798690,0.524443702,-0.004847953,1,0.344328608,-0.133921091,-0.144836585,0.127711657,-0.841798690,0.524443702,-0.004847953,56977,104187.334638291,0.010251250,1,0.262027000,0.086399300,-0.243264000,0.092631646,0.555215204,-0.813247590,0.147593404,1,0.337037412,-0.087355310,-0.225403064,0.092631646,0.555215204,-0.813247590,0.147593404
3.898727750,104187.357313541,vr_world,56900,104187.352893791,0.004420084,1,0.273310000,-0.307911000,-0.148000000,0.129673049,-0.843010492,0.522018666,-0.003837141,1,0.342402121,-0.130021606,-0.145743478,0.129673049,-0.843010492,0.522018666,-0.003837141,56978,104187.352893791,0.004420084,1,0.260784000,0.089731300,-0.243122000,0.095330883,0.552668914,-0.813834600,0.152126064,1,0.334940177,-0.084176686,-0.223294423,0.095330883,0.552668914,-0.813834600,0.152126064
3.911133000,104187.369718791,vr_world,56900,104187.352893791,0.016825750,1,0.273310000,-0.307911000,-0.148000000,0.129673049,-0.843010492,0.522018666,-0.003837141,1,0.342402121,-0.130021606,-0.145743478,0.129673049,-0.843010492,0.522018666,-0.003837141,56978,104187.352893791,0.016825750,1,0.260784000,0.089731300,-0.243122000,0.095330883,0.552668914,-0.813834600,0.152126064,1,0.334940177,-0.084176686,-0.223294423,0.095330883,0.552668914,-0.813834600,0.152126064
3.922397875,104187.380983666,vr_world,56901,104187.371528625,0.009467125,1,0.272910000,-0.304303000,-0.148859000,0.129128896,-0.845600825,0.517961005,-0.001170470,1,0.340187203,-0.125718485,-0.146670112,0.129128896,-0.845600825,0.517961005,-0.001170470,56979,104187.371528625,0.009467125,1,0.259615000,0.092957800,-0.243008000,0.098009119,0.549569558,-0.814942787,0.155678412,1,0.332641135,-0.081235957,-0.221561572,0.098009119,0.549569558,-0.814942787,0.155678412
3.934815250,104187.393401041,vr_world,56902,104187.389119500,0.004282083,1,0.271801000,-0.298159000,-0.150156000,0.123735492,-0.851833433,0.508986676,0.001376443,1,0.335092100,-0.118110121,-0.149917704,0.123735492,-0.851833433,0.508986676,0.001376443,56980,104187.389119500,0.004282083,1,0.257144000,0.098730700,-0.242808000,0.103660648,0.546403173,-0.814916550,0.163122833,1,0.329225086,-0.075418875,-0.218060136,0.103660648,0.546403173,-0.814916550,0.163122833
3.947247042,104187.405832833,vr_world,56902,104187.389119500,0.016713666,1,0.271801000,-0.298159000,-0.150156000,0.123735492,-0.851833433,0.508986676,0.001376443,1,0.335092100,-0.118110121,-0.149917704,0.123735492,-0.851833433,0.508986676,0.001376443,56980,104187.389119500,0.016713666,1,0.257144000,0.098730700,-0.242808000,0.103660648,0.546403173,-0.814916550,0.163122833,1,0.329225086,-0.075418875,-0.218060136,0.103660648,0.546403173,-0.814916550,0.163122833
3.957755917,104187.416341708,vr_world,56903,104187.408242291,0.008100209,1,0.271681000,-0.296225000,-0.151391000,0.122732255,-0.855964732,0.502249286,0.002612549,1,0.332084796,-0.115186861,-0.151504852,0.122732255,-0.855964732,0.502249286,0.002612549,56981,104187.408242291,0.008100209,1,0.255526000,0.101589000,-0.242304000,0.107054843,0.546280444,-0.814493216,0.163455615,1,0.327602091,-0.072506400,-0.217163307,0.107054843,0.546280444,-0.814493216,0.163455615
3.970167959,104187.428753750,vr_world,56904,104187.426515708,0.002240375,1,0.271413000,-0.293929000,-0.152501000,0.123328079,-0.858764458,0.497284010,0.004733255,1,0.329671070,-0.112189213,-0.152270122,0.123328079,-0.858764458,0.497284010,0.004733255,56982,104187.426515708,0.002240375,1,0.254122000,0.104074000,-0.241931000,0.108476542,0.544551522,-0.815307150,0.164227678,1,0.325518941,-0.070234788,-0.216335063,0.108476542,0.544551522,-0.815307150,0.164227678
3.982570042,104187.441155833,vr_world,56904,104187.426515708,0.014640542,1,0.271413000,-0.293929000,-0.152501000,0.123328079,-0.858764458,0.497284010,0.004733255,1,0.329671070,-0.112189213,-0.152270122,0.123328079,-0.858764458,0.497284010,0.004733255,56982,104187.426515708,0.014640542,1,0.254122000,0.104074000,-0.241931000,0.108476542,0.544551522,-0.815307150,0.164227678,1,0.325518941,-0.070234788,-0.216335063,0.108476542,0.544551522,-0.815307150,0.164227678
3.995014167,104187.453599958,vr_world,56905,104187.444008791,0.009593959,1,0.269676000,-0.288801000,-0.154213000,0.120546481,-0.860858938,0.494276757,0.008995668,1,0.326417691,-0.106582535,-0.154705152,0.120546481,-0.860858938,0.494276757,0.008995668,56983,104187.444008791,0.009593959,1,0.251812000,0.108806000,-0.241039000,0.108443626,0.539199820,-0.818615237,0.165446751,1,0.321003139,-0.066297596,-0.214817876,0.108443626,0.539199820,-0.818615237,0.165446751
4.007412834,104187.465998625,vr_world,56906,104187.461831583,0.004167292,1,0.268772000,-0.286631000,-0.154960000,0.118573529,-0.861851112,0.493046771,0.007606591,1,0.325004123,-0.104258920,-0.156318578,0.118573529,-0.861851112,0.493046771,0.007606591,56984,104187.461831583,0.004167292,1,0.250463000,0.110788000,-0.240759000,0.105730482,0.536342452,-0.821016249,0.164590879,1,0.318374810,-0.064881947,-0.214985733,0.105730482,0.536342452,-0.821016249,0.164590879
4.019831334,104187.478417125,vr_world,56906,104187.461831583,0.016585958,1,0.268772000,-0.286631000,-0.154960000,0.118573529,-0.861851112,0.493046771,0.007606591,1,0.325004123,-0.104258920,-0.156318578,0.118573529,-0.861851112,0.493046771,0.007606591,56984,104187.461831583,0.016585958,1,0.250463000,0.110788000,-0.240759000,0.105730482,0.536342452,-0.821016249,0.164590879,1,0.318374810,-0.064881947,-0.214985733,0.105730482,0.536342452,-0.821016249,0.164590879
4.032271417,104187.490857208,vr_world,56907,104187.480601958,0.010257458,1,0.268622000,-0.285101000,-0.156135000,0.118630156,-0.863056123,0.490934675,0.006645279,1,0.324017692,-0.102473752,-0.157570530,0.118630156,-0.863056123,0.490934675,0.006645279,56985,104187.480601958,0.010257458,1,0.248960000,0.112271000,-0.240578000,0.105077812,0.536837666,-0.820672960,0.165105624,1,0.317100183,-0.063292747,-0.214683332,0.105077812,0.536837666,-0.820672960,0.165105624
4.044694250,104187.503280041,vr_world,56908,104187.498366375,0.004915833,1,0.268627000,-0.281932000,-0.157908000,0.118878006,-0.867132618,0.483588644,0.009542831,1,0.320838946,-0.098367248,-0.159062824,0.118878006,-0.867132618,0.483588644,0.009542831,56986,104187.498366375,0.004915833,1,0.245691000,0.115106000,-0.240050000,0.103545313,0.539815065,-0.818949963,0.164921258,1,0.315069445,-0.060013821,-0.214439985,0.103545313,0.539815065,-0.818949963,0.164921258
4.057102042,104187.515687833,vr_world,56908,104187.498366375,0.017321958,1,0.268627000,-0.281932000,-0.157908000,0.118878006,-0.867132618,0.483588644,0.009542831,1,0.320838946,-0.098367248,-0.159062824,0.118878006,-0.867132618,0.483588644,0.009542831,56986,104187.498366375,0.017321958,1,0.245691000,0.115106000,-0.240050000,0.103545313,0.539815065,-0.818949963,0.164921258,1,0.315069445,-0.060013821,-0.214439985,0.103545313,0.539815065,-0.818949963,0.164921258
4.069541000,104187.528126791,vr_world,56909,104187.516717125,0.011411666,1,0.268828000,-0.280510000,-0.158127000,0.118071889,-0.870622245,0.477402287,0.012766819,1,0.318296014,-0.096187284,-0.159341992,0.118071889,-0.870622245,0.477402287,0.012766819,56987,104187.516717125,0.011411666,1,0.244078000,0.116062000,-0.239602000,0.100918509,0.542499717,-0.817632281,0.164277099,1,0.314540729,-0.058701365,-0.214522744,0.100918509,0.542499717,-0.817632281,0.164277099
4.081962792,104187.540548583,vr_world,56910,104187.535130791,0.005419667,1,0.268212000,-0.279301000,-0.158267000,0.115456058,-0.872883992,0.473872798,0.013711558,1,0.316088463,-0.094566678,-0.160396318,0.115456058,-0.872883992,0.473872798,0.013711558,56988,104187.535130791,0.005419667,1,0.242777000,0.117275000,-0.238920000,0.098931884,0.543116871,-0.817967613,0.161757631,1,0.313368430,-0.057592386,-0.214951991,0.098931884,0.543116871,-0.817967613,0.161757631
4.094376750,104187.552962541,vr_world,56910,104187.535130791,0.017832959,1,0.268212000,-0.279301000,-0.158267000,0.115456058,-0.872883992,0.473872798,0.013711558,1,0.316088463,-0.094566678,-0.160396318,0.115456058,-0.872883992,0.473872798,0.013711558,56988,104187.535130791,0.017832959,1,0.242777000,0.117275000,-0.238920000,0.098931884,0.543116871,-0.817967613,0.161757631,1,0.313368430,-0.057592386,-0.214951991,0.098931884,0.543116871,-0.817967613,0.161757631
4.106779542,104187.565365333,vr_world,56911,104187.553414416,0.011951584,1,0.267171000,-0.278253000,-0.159104000,0.115487296,-0.873124088,0.473406889,0.014245339,1,0.314830851,-0.093462060,-0.161175190,0.115487296,-0.873124088,0.473406889,0.014245339,56989,104187.553414416,0.011951584,1,0.241734000,0.118673000,-0.238718000,0.096709224,0.541071997,-0.819885372,0.160238564,1,0.311376582,-0.056666510,-0.215433544,0.096709224,0.541071997,-0.819885372,0.160238564
4.119194417,104187.577780208,vr_world,56912,104187.570880333,0.006900708,1,0.266143000,-0.276268000,-0.161003000,0.120168823,-0.874777440,0.469082060,0.016908754,1,0.312027594,-0.091016737,-0.161104115,0.120168823,-0.874777440,0.469082060,0.016908754,56990,104187.570880333,0.006900708,1,0.239260000,0.121385000,-0.238733000,0.094862387,0.538035978,-0.822017008,0.160643869,1,0.307627982,-0.054444375,-0.215364779,0.094862387,0.538035978,-0.822017008,0.160643869
4.131610125,104187.590195916,vr_world,56913,104187.588773916,0.001422625,1,0.266560000,-0.275628000,-0.161345000,0.123073725,-0.878126162,0.461943337,0.018858823,1,0.309473981,-0.089669563,-0.160217155,0.123073725,-0.878126162,0.461943337,0.018858823,56991,104187.588773916,0.001422625,1,0.237973000,0.122671000,-0.239429000,0.096125042,0.535537499,-0.822666616,0.164861160,1,0.305482818,-0.053250629,-0.214325593,0.096125042,0.535537499,-0.822666616,0.164861160
4.144030750,104187.602616541,vr_world,56913,104187.588773916,0.013844917,1,0.266560000,-0.275628000,-0.161345000,0.123073725,-0.878126162,0.461943337,0.018858823,1,0.309473981,-0.089669563,-0.160217155,0.123073725,-0.878126162,0.461943337,0.018858823,56991,104187.588773916,0.013844917,1,0.237973000,0.122671000,-0.239429000,0.096125042,0.535537499,-0.822666616,0.164861160,1,0.305482818,-0.053250629,-0.214325593,0.096125042,0.535537499,-0.822666616,0.164861160
4.156458250,104187.615044041,vr_world,56914,104187.607463083,0.007583708,1,0.266668000,-0.275071000,-0.160855000,0.120735020,-0.882204567,0.454661779,0.020513975,1,0.306407175,-0.088405188,-0.160472378,0.120735020,-0.882204567,0.454661779,0.020513975,56992,104187.607463083,0.007583708,1,0.236751000,0.124110000,-0.239781000,0.096700870,0.533373363,-0.823352028,0.168086988,1,0.303494459,-0.051913676,-0.213376462,0.096700870,0.533373363,-0.823352028,0.168086988
4.168869917,104187.627455708,vr_world,56915,104187.625690000,0.001766166,1,0.265155000,-0.274099000,-0.161290000,0.119129086,-0.885006343,0.449598460,0.020814850,1,0.302722509,-0.086983800,-0.161498721,0.119129086,-0.885006343,0.449598460,0.020814850,56993,104187.625690000,0.001766166,1,0.234168000,0.126767000,-0.240503000,0.095725440,0.530637578,-0.824203191,0.173059241,1,0.299967041,-0.049328095,-0.212267409,0.095725440,0.530637578,-0.824203191,0.173059241
4.181285584,104187.639871375,vr_world,56915,104187.625690000,0.014181583,1,0.265155000,-0.274099000,-0.161290000,0.119129086,-0.885006343,0.449598460,0.020814850,1,0.302722509,-0.086983800,-0.161498721,0.119129086,-0.885006343,0.449598460,0.020814850,56993,104187.625690000,0.014181583,1,0.234168000,0.126767000,-0.240503000,0.095725440,0.530637578,-0.824203191,0.173059241,1,0.299967041,-0.049328095,-0.212267409,0.095725440,0.530637578,-0.824203191,0.173059241
4.193697250,104187.652283041,vr_world,56916,104187.644325250,0.007958166,1,0.263898000,-0.273750000,-0.161696000,0.119533870,-0.884084113,0.451395945,0.018671809,1,0.302315271,-0.086807503,-0.161963805,0.119533870,-0.884084113,0.451395945,0.018671809,56994,104187.644325250,0.007958166,1,0.232947000,0.128076000,-0.241361000,0.093172532,0.528782494,-0.825101478,0.175828056,1,0.298060233,-0.048134646,-0.212269865,0.093172532,0.528782494,-0.825101478,0.175828056
4.206100167,104187.664685958,vr_world,56917,104187.662182166,0.002504250,1,0.263919000,-0.273605000,-0.161919000,0.120079742,-0.886196490,0.447141789,0.017345250,1,0.300636056,-0.086321198,-0.162147196,0.120079742,-0.886196490,0.447141789,0.017345250,56995,104187.662182166,0.002504250,1,0.232545000,0.129691000,-0.241743000,0.091225326,0.524679291,-0.827626625,0.177267457,1,0.295965263,-0.047059503,-0.212190583,0.091225326,0.524679291,-0.827626625,0.177267457
4.218489167,104187.677074958,vr_world,56917,104187.662182166,0.014893875,1,0.263919000,-0.273605000,-0.161919000,0.120079742,-0.886196490,0.447141789,0.017345250,1,0.300636056,-0.086321198,-0.162147196,0.120079742,-0.886196490,0.447141789,0.017345250,56995,104187.662182166,0.014893875,1,0.232545000,0.129691000,-0.241743000,0.091225326,0.524679291,-0.827626625,0.177267457,1,0.295965263,-0.047059503,-0.212190583,0.091225326,0.524679291,-0.827626625,0.177267457
4.230927750,104187.689513541,vr_world,56918,104187.679875958,0.009639833,1,0.263372000,-0.273428000,-0.162605000,0.119830422,-0.890539452,0.438416157,0.019272470,1,0.296369658,-0.085453076,-0.162780173,0.119830422,-0.890539452,0.438416157,0.019272470,56996,104187.679875958,0.009639833,1,0.231156000,0.132513000,-0.242401000,0.091303359,0.519280064,-0.830882042,0.177895881,1,0.292313225,-0.044973184,-0.212490499,0.091303359,0.519280064,-0.830882042,0.177895881
4.243339709,104187.701925500,vr_world,56919,104187.697970333,0.003955667,1,0.263078000,-0.273276000,-0.163451000,0.122815431,-0.893658081,0.431108123,0.020913872,1,0.293057784,-0.084799229,-0.162392884,0.122815431,-0.893658081,0.431108123,0.020913872,56997,104187.697970333,0.003955667,1,0.230479000,0.133765000,-0.243286000,0.094235219,0.518044478,-0.830925200,0.179758042,1,0.291214915,-0.043698919,-0.212400365,0.094235219,0.518044478,-0.830925200,0.179758042
4.255777959,104187.714363750,vr_world,56919,104187.697970333,0.016395583,1,0.263078000,-0.273276000,-0.163451000,0.122815431,-0.893658081,0.431108123,0.020913872,1,0.293057784,-0.084799229,-0.162392884,0.122815431,-0.893658081,0.431108123,0.020913872,56997,104187.697970333,0.016395583,1,0.230479000,0.133765000,-0.243286000,0.094235219,0.518044478,-0.830925200,0.179758042,1,0.291214915,-0.043698919,-0.212400365,0.094235219,0.518044478,-0.830925200,0.179758042
4.268191667,104187.726777458,vr_world,56920,104187.716381500,0.010396500,1,0.262297000,-0.272764000,-0.163798000,0.123144745,-0.895949831,0.426314102,0.019119600,1,0.290368805,-0.083992982,-0.162850805,0.123144745,-0.895949831,0.426314102,0.019119600,56998,104187.716381500,0.010396500,1,0.230201000,0.134806000,-0.244167000,0.097155403,0.515599077,-0.831490111,0.182599600,1,0.290049435,-0.042716559,-0.211916013,0.097155403,0.515599077,-0.831490111,0.182599600
4.280414625,104187.739000416,vr_world,56921,104187.734018625,0.004982166,1,0.260352000,-0.271667000,-0.164263000,0.120611738,-0.896031981,0.427024557,0.015150097,1,0.288815813,-0.082952656,-0.164685107,0.120611738,-0.896031981,0.427024557,0.015150097,56999,104187.734018625,0.004982166,1,0.229584000,0.136851000,-0.245372000,0.097703173,0.508996374,-0.834793608,0.185732101,1,0.286769613,-0.041296982,-0.211766102,0.097703173,0.508996374,-0.834793608,0.185732101
4.292821250,104187.751407041,vr_world,56921,104187.734018625,0.017389583,1,0.260352000,-0.271667000,-0.164263000,0.120611738,-0.896031981,0.427024557,0.015150097,1,0.288815813,-0.082952656,-0.164685107,0.120611738,-0.896031981,0.427024557,0.015150097,56999,104187.734018625,0.017389583,1,0.229584000,0.136851000,-0.245372000,0.097703173,0.508996374,-0.834793608,0.185732101,1,0.286769613,-0.041296982,-0.211766102,0.097703173,0.508996374,-0.834793608,0.185732101
4.305206917,104187.763792708,vr_world,56922,104187.752640625,0.011152625,1,0.259330000,-0.271024000,-0.164552000,0.117204152,-0.893965716,0.432400784,0.010864929,1,0.290122670,-0.082686889,-0.166651028,0.117204152,-0.893965716,0.432400784,0.010864929,57000,104187.752640625,0.011152625,1,0.229212000,0.137710000,-0.246411000,0.096055615,0.506079676,-0.836207563,0.188184992,1,0.285242787,-0.040649558,-0.211992067,0.096055615,0.506079676,-0.836207563,0.188184992
4.317602209,104187.776188000,vr_world,56923,104187.771140916,0.005047417,1,0.259354000,-0.270715000,-0.165439000,0.116049830,-0.894350753,0.431951064,0.009351197,1,0.289998913,-0.082361492,-0.168132523,0.116049830,-0.894350753,0.431951064,0.009351197,57001,104187.771140916,0.005047417,1,0.228524000,0.138399000,-0.247077000,0.094502387,0.505300687,-0.836750525,0.188650665,1,0.284225213,-0.040055415,-0.212615754,0.094502387,0.505300687,-0.836750525,0.188650665
4.328572792,104187.787158583,vr_world,56923,104187.771140916,0.016018375,1,0.259354000,-0.270715000,-0.165439000,0.116049830,-0.894350753,0.431951064,0.009351197,1,0.289998913,-0.082361492,-0.168132523,0.116049830,-0.894350753,0.431951064,0.009351197,57001,104187.771140916,0.016018375,1,0.228524000,0.138399000,-0.247077000,0.094502387,0.505300687,-0.836750525,0.188650665,1,0.284225213,-0.040055415,-0.212615754,0.094502387,0.505300687,-0.836750525,0.188650665
4.340962709,104187.799548500,vr_world,56924,104187.790168333,0.009380750,1,0.259111000,-0.270128000,-0.166905000,0.114515508,-0.897205889,0.426400964,0.009487314,1,0.287407128,-0.081416893,-0.170205857,0.114515508,-0.897205889,0.426400964,0.009487314,57002,104187.790168333,0.009380750,1,0.227586000,0.139595000,-0.248364000,0.090389518,0.502468438,-0.838485280,0.190519395,1,0.282115589,-0.039152216,-0.213547303,0.090389518,0.502468438,-0.838485280,0.190519395
4.353365834,104187.811951625,vr_world,56925,104187.808243583,0.003708458,1,0.259016000,-0.269972000,-0.168278000,0.115195755,-0.898874326,0.422609162,0.012505225,1,0.285618627,-0.081005896,-0.171028917,0.115195755,-0.898874326,0.422609162,0.012505225,57003,104187.808243583,0.003708458,1,0.227468000,0.140004000,-0.249098000,0.085963315,0.499154736,-0.841189322,0.189355174,1,0.280504899,-0.039343898,-0.215074157,0.085963315,0.499154736,-0.841189322,0.189355174
4.365783667,104187.824369458,vr_world,56925,104187.808243583,0.016126667,1,0.259016000,-0.269972000,-0.168278000,0.115195755,-0.898874326,0.422609162,0.012505225,1,0.285618627,-0.081005896,-0.171028917,0.115195755,-0.898874326,0.422609162,0.012505225,57003,104187.808243583,0.016126667,1,0.227468000,0.140004000,-0.249098000,0.085963315,0.499154736,-0.841189322,0.189355174,1,0.280504899,-0.039343898,-0.215074157,0.085963315,0.499154736,-0.841189322,0.189355174
4.378182500,104187.836768291,vr_world,56926,104187.826131833,0.010637042,1,0.258890000,-0.269995000,-0.169519000,0.116732385,-0.900296246,0.419022264,0.016141906,1,0.283884911,-0.080798135,-0.171324224,0.116732385,-0.900296246,0.419022264,0.016141906,57004,104187.826131833,0.010637042,1,0.226271000,0.138159000,-0.249010000,0.084179174,0.506785969,-0.837996677,0.183965807,1,0.282324514,-0.040688612,-0.217264907,0.084179174,0.506785969,-0.837996677,0.183965807
4.390576167,104187.849161958,vr_world,56927,104187.844184458,0.004978125,1,0.257920000,-0.269516000,-0.170604000,0.118511461,-0.899035497,0.421188080,0.017053166,1,0.283822088,-0.080435481,-0.171634204,0.118511461,-0.899035497,0.421188080,0.017053166,57005,104187.844184458,0.004978125,1,0.225262000,0.140221000,-0.249516000,0.083537460,0.508880417,-0.837243534,0.181894140,1,0.282119692,-0.038523275,-0.218630016,0.083537460,0.508880417,-0.837243534,0.181894140
4.402986834,104187.861572625,vr_world,56927,104187.844184458,0.017388708,1,0.257920000,-0.269516000,-0.170604000,0.118511461,-0.899035497,0.421188080,0.017053166,1,0.283822088,-0.080435481,-0.171634204,0.118511461,-0.899035497,0.421188080,0.017053166,57005,104187.844184458,0.017388708,1,0.225262000,0.140221000,-0.249516000,0.083537460,0.508880417,-0.837243534,0.181894140,1,0.282119692,-0.038523275,-0.218630016,0.083537460,0.508880417,-0.837243534,0.181894140
4.415402709,104187.873988500,vr_world,56928,104187.863341791,0.010646959,1,0.257230000,-0.268690000,-0.171817000,0.115221470,-0.899263628,0.421623209,0.016816950,1,0.283228964,-0.079633357,-0.174079710,0.115221470,-0.899263628,0.421623209,0.016816950,57006,104187.863341791,0.010646959,1,0.223998000,0.139996000,-0.250861000,0.080791786,0.510430385,-0.836706624,0.181260958,1,0.281475678,-0.038637554,-0.220486566,0.080791786,0.510430385,-0.836706624,0.181260958
4.427093959,104187.885679750,vr_world,56929,104187.882096666,0.003583500,1,0.257094000,-0.268862000,-0.173066000,0.115750964,-0.899836860,0.420331127,0.014733724,1,0.282666555,-0.079747950,-0.175381258,0.115750964,-0.899836860,0.420331127,0.014733724,57007,104187.882096666,0.003583500,1,0.224242000,0.140061000,-0.251435000,0.078164769,0.506699760,-0.839641774,0.179296716,1,0.280053543,-0.039252237,-0.221972417,0.078164769,0.506699760,-0.839641774,0.179296716
4.439478334,104187.898064125,vr_world,56929,104187.882096666,0.015967709,1,0.257094000,-0.268862000,-0.173066000,0.115750964,-0.899836860,0.420331127,0.014733724,1,0.282666555,-0.079747950,-0.175381258,0.115750964,-0.899836860,0.420331127,0.014733724,57007,104187.882096666,0.015967709,1,0.224242000,0.140061000,-0.251435000,0.078164769,0.506699760,-0.839641774,0.179296716,1,0.280053543,-0.039252237,-0.221972417,0.078164769,0.506699760,-0.839641774,0.179296716
4.451875917,104187.910461708,vr_world,56930,104187.900048208,0.010413958,1,0.256950000,-0.268697000,-0.174083000,0.114606360,-0.900039399,0.420258505,0.013313583,1,0.282525714,-0.079591278,-0.176980712,0.114606360,-0.900039399,0.420258505,0.013313583,57008,104187.900048208,0.010413958,1,0.223850000,0.140657000,-0.252159000,0.076987906,0.504936691,-0.840757114,0.179552988,1,0.278920659,-0.038883766,-0.222686805,0.076987906,0.504936691,-0.840757114,0.179552988
4.464289417,104187.922875208,vr_world,56931,104187.918010666,0.004865167,1,0.256457000,-0.268380000,-0.176005000,0.115110387,-0.898804605,0.422725899,0.014237104,1,0.283026098,-0.079406910,-0.178591223,0.115110387,-0.898804605,0.422725899,0.014237104,57009,104187.918010666,0.004865167,1,0.223041000,0.140515000,-0.253309000,0.075795415,0.504169758,-0.841488828,0.178786080,1,0.277755658,-0.039197217,-0.224221972,0.075795415,0.504169758,-0.841488828,0.178786080
4.476675125,104187.935260916,vr_world,56931,104187.918010666,0.017250834,1,0.256457000,-0.268380000,-0.176005000,0.115110387,-0.898804605,0.422725899,0.014237104,1,0.283026098,-0.079406910,-0.178591223,0.115110387,-0.898804605,0.422725899,0.014237104,57009,104187.918010666,0.017250834,1,0.223041000,0.140515000,-0.253309000,0.075795415,0.504169758,-0.841488828,0.178786080,1,0.277755658,-0.039197217,-0.224221972,0.075795415,0.504169758,-0.841488828,0.178786080
4.489086209,104187.947672000,vr_world,56932,104187.936564916,0.011107500,1,0.257080000,-0.268179000,-0.177016000,0.115765423,-0.899478495,0.421008708,0.016984454,1,0.282832626,-0.079086337,-0.179064495,0.115765423,-0.899478495,0.421008708,0.016984454,57010,104187.936564916,0.011107500,1,0.222456000,0.140575000,-0.254057000,0.075862565,0.505178663,-0.840809798,0.179104087,1,0.277610448,-0.038984861,-0.224859488,0.075862565,0.505178663,-0.840809798,0.179104087
4.501491667,104187.960077458,vr_world,56933,104187.954553541,0.005524250,1,0.257695000,-0.268360000,-0.178124000,0.115168502,-0.901016814,0.417720865,0.020351786,1,0.281920797,-0.079064183,-0.180029119,0.115168502,-0.901016814,0.417720865,0.020351786,57011,104187.954553541,0.005524250,1,0.222002000,0.140548000,-0.254790000,0.075104341,0.505973967,-0.840239425,0.179853806,1,0.277520490,-0.038867620,-0.225396786,0.075104341,0.505973967,-0.840239425,0.179853806
4.513892792,104187.972478583,vr_world,56933,104187.954553541,0.017925750,1,0.257695000,-0.268360000,-0.178124000,0.115168502,-0.901016814,0.417720865,0.020351786,1,0.281920797,-0.079064183,-0.180029119,0.115168502,-0.901016814,0.417720865,0.020351786,57011,104187.954553541,0.017925750,1,0.222002000,0.140548000,-0.254790000,0.075104341,0.505973967,-0.840239425,0.179853806,1,0.277520490,-0.038867620,-0.225396786,0.075104341,0.505973967,-0.840239425,0.179853806
4.526301959,104187.984887750,vr_world,56934,104187.972987541,0.011900500,1,0.258076000,-0.268246000,-0.180164000,0.115600611,-0.902354733,0.414569532,0.022902802,1,0.280900861,-0.078772314,-0.181633377,0.115600611,-0.902354733,0.414569532,0.022902802,57012,104187.972987541,0.011900500,1,0.221973000,0.140670000,-0.255711000,0.071906112,0.504002384,-0.841650342,0.180099446,1,0.276661647,-0.039030399,-0.226502082,0.071906112,0.504002384,-0.841650342,0.180099446
4.537310000,104187.995895791,vr_world,56935,104187.989407333,0.006488958,1,0.257661000,-0.268249000,-0.181005000,0.114239904,-0.900913268,0.418148447,0.021363626,1,0.281992241,-0.078969027,-0.183131281,0.114239904,-0.900913268,0.418148447,0.021363626,57013,104187.989407333,0.006488958,1,0.222043000,0.141040000,-0.255822000,0.070344144,0.503955035,-0.842333052,0.177640238,1,0.276623533,-0.038861558,-0.227669031,0.070344144,0.503955035,-0.842333052,0.177640238
4.549731709,104188.008317500,vr_world,56935,104187.989407333,0.018910708,1,0.257661000,-0.268249000,-0.181005000,0.114239904,-0.900913268,0.418148447,0.021363626,1,0.281992241,-0.078969027,-0.183131281,0.114239904,-0.900913268,0.418148447,0.021363626,57013,104187.989407333,0.018910708,1,0.222043000,0.141040000,-0.255822000,0.070344144,0.503955035,-0.842333052,0.177640238,1,0.276623533,-0.038861558,-0.227669031,0.070344144,0.503955035,-0.842333052,0.177640238
4.562136250,104188.020722041,vr_world,56936,104188.008758833,0.011963625,1,0.258004000,-0.268192000,-0.182328000,0.117204020,-0.900113866,0.419108498,0.020157193,1,0.282872523,-0.078973456,-0.183499386,0.117204020,-0.900113866,0.419108498,0.020157193,57014,104188.008758833,0.011963625,1,0.222180000,0.141050000,-0.256190000,0.070222464,0.504973750,-0.841670541,0.177935431,1,0.277203173,-0.038703200,-0.227950510,0.070222464,0.504973750,-0.841670541,0.177935431
4.574038667,104188.032624458,vr_world,56937,104188.026389375,0.006235625,1,0.258963000,-0.268007000,-0.183875000,0.117383368,-0.899842004,0.419621660,0.020571219,1,0.284031676,-0.078814219,-0.184929599,0.117383368,-0.899842004,0.419621660,0.020571219,57015,104188.026389375,0.006235625,1,0.222299000,0.141140000,-0.256959000,0.066036184,0.506088735,-0.841685722,0.176291121,1,0.277744642,-0.038639440,-0.229730600,0.066036184,0.506088735,-0.841685722,0.176291121
4.586450250,104188.045036041,vr_world,56938,104188.044596500,0.000440125,1,0.260048000,-0.268351000,-0.184955000,0.117340438,-0.900199243,0.418764330,0.022560594,1,0.284675983,-0.079099405,-0.185802072,0.117340438,-0.900199243,0.418764330,0.022560594,57016,104188.044596500,0.000440125,1,0.222254000,0.140787000,-0.257381000,0.062102211,0.509777853,-0.839741899,0.176361557,1,0.279279862,-0.038553188,-0.230521827,0.062102211,0.509777853,-0.839741899,0.176361557
4.597764667,104188.056350458,vr_world,56938,104188.044596500,0.011755500,1,0.260048000,-0.268351000,-0.184955000,0.117340438,-0.900199243,0.418764330,0.022560594,1,0.284675983,-0.079099405,-0.185802072,0.117340438,-0.900199243,0.418764330,0.022560594,57016,104188.044596500,0.011755500,1,0.222254000,0.140787000,-0.257381000,0.062102211,0.509777853,-0.839741899,0.176361557,1,0.279279862,-0.038553188,-0.230521827,0.062102211,0.509777853,-0.839741899,0.176361557
4.609226625,104188.067812416,vr_world,56939,104188.062792208,0.005021375,1,0.260955000,-0.268303000,-0.185945000,0.118640035,-0.900467773,0.417694124,0.024778017,1,0.285087027,-0.078985664,-0.186064755,0.118640035,-0.900467773,0.417694124,0.024778017,57017,104188.062792208,0.005021375,1,0.222311000,0.140588000,-0.257792000,0.060143737,0.513718710,-0.837472767,0.176394961,1,0.281016663,-0.038238658,-0.231129186,0.060143737,0.513718710,-0.837472767,0.176394961
4.621568209,104188.080154000,vr_world,56939,104188.062792208,0.017362958,1,0.260955000,-0.268303000,-0.185945000,0.118640035,-0.900467773,0.417694124,0.024778017,1,0.285087027,-0.078985664,-0.186064755,0.118640035,-0.900467773,0.417694124,0.024778017,57017,104188.062792208,0.017362958,1,0.222311000,0.140588000,-0.257792000,0.060143737,0.513718710,-0.837472767,0.176394961,1,0.281016663,-0.038238658,-0.231129186,0.060143737,0.513718710,-0.837472767,0.176394961
4.632418167,104188.091003958,vr_world,56940,104188.081027333,0.009977208,1,0.261441000,-0.268132000,-0.186519000,0.118905247,-0.900431320,0.417625998,0.025951981,1,0.285505396,-0.078806090,-0.186405582,0.118905247,-0.900431320,0.417625998,0.025951981,57018,104188.081027333,0.009977208,1,0.222972000,0.140580000,-0.257838000,0.058716144,0.515642981,-0.836416931,0.176270950,1,0.282496224,-0.038003797,-0.231363009,0.058716144,0.515642981,-0.836416931,0.176270950
4.644812417,104188.103398208,vr_world,56941,104188.100770250,0.002628750,1,0.262309000,-0.268219000,-0.187897000,0.120436300,-0.899865907,0.418430754,0.025537254,1,0.286770105,-0.078944953,-0.187265916,0.120436300,-0.899865907,0.418430754,0.025537254,57019,104188.100770250,0.002628750,1,0.224031000,0.140452000,-0.258220000,0.054442479,0.516267733,-0.836158155,0.177040062,1,0.283871285,-0.038040207,-0.231840004,0.054442479,0.516267733,-0.836158155,0.177040062
4.657212292,104188.115798083,vr_world,56941,104188.100770250,0.015028208,1,0.262309000,-0.268219000,-0.187897000,0.120436300,-0.899865907,0.418430754,0.025537254,1,0.286770105,-0.078944953,-0.187265916,0.120436300,-0.899865907,0.418430754,0.025537254,57019,104188.100770250,0.015028208,1,0.224031000,0.140452000,-0.258220000,0.054442479,0.516267733,-0.836158155,0.177040062,1,0.283871285,-0.038040207,-0.231840004,0.054442479,0.516267733,-0.836158155,0.177040062
4.669644125,104188.128229916,vr_world,56942,104188.119705791,0.008524667,1,0.263214000,-0.268704000,-0.188827000,0.123813763,-0.899399007,0.418572197,0.023428501,1,0.287918673,-0.079467485,-0.187198300,0.123813763,-0.899399007,0.418572197,0.023428501,57020,104188.119705791,0.008524667,1,0.224004000,0.139970000,-0.258035000,0.051078601,0.520112068,-0.833739389,0.178193838,1,0.285532308,-0.037929849,-0.231536977,0.051078601,0.520112068,-0.833739389,0.178193838
4.681680375,104188.140266166,vr_world,56943,104188.137686416,0.002580500,1,0.265010000,-0.268420000,-0.190128000,0.127001957,-0.899751937,0.416950780,0.021656443,1,0.289204754,-0.079128209,-0.187543388,0.127001957,-0.899751937,0.416950780,0.021656443,57021,104188.137686416,0.002580500,1,0.224717000,0.139380000,-0.257719000,0.043744888,0.528062450,-0.828959761,0.179059063,1,0.289698430,-0.037335215,-0.231539478,0.043744888,0.528062450,-0.828959761,0.179059063
4.694071542,104188.152657333,vr_world,56943,104188.137686416,0.014971584,1,0.265010000,-0.268420000,-0.190128000,0.127001957,-0.899751937,0.416950780,0.021656443,1,0.289204754,-0.079128209,-0.187543388,0.127001957,-0.899751937,0.416950780,0.021656443,57021,104188.137686416,0.014971584,1,0.224717000,0.139380000,-0.257719000,0.043744888,0.528062450,-0.828959761,0.179059063,1,0.289698430,-0.037335215,-0.231539478,0.043744888,0.528062450,-0.828959761,0.179059063
4.706387459,104188.164973250,vr_world,56944,104188.157295583,0.007678292,1,0.265594000,-0.268081000,-0.189836000,0.127174862,-0.899104535,0.418376806,0.019960887,1,0.290452427,-0.078873618,-0.187371763,0.127174862,-0.899104535,0.418376806,0.019960887,57022,104188.157295583,0.007678292,1,0.225678000,0.138805000,-0.256987000,0.036205702,0.529315187,-0.828591906,0.178745724,1,0.291265451,-0.037793128,-0.231538887,0.036205702,0.529315187,-0.828591906,0.178745724
4.718799334,104188.177385125,vr_world,56945,104188.175959166,0.001426625,1,0.265612000,-0.267120000,-0.189323000,0.123942227,-0.896560719,0.424867978,0.017447142,1,0.293175629,-0.078274570,-0.188280326,0.123942227,-0.896560719,0.424867978,0.017447142,57023,104188.175959166,0.001426625,1,0.225606000,0.138189000,-0.256445000,0.026251612,0.536030034,-0.825301521,0.175670303,1,0.294095948,-0.037571995,-0.232919175,0.026251612,0.536030034,-0.825301521,0.175670303
4.731085250,104188.189671041,vr_world,56945,104188.175959166,0.013713542,1,0.265612000,-0.267120000,-0.189323000,0.123942227,-0.896560719,0.424867978,0.017447142,1,0.293175629,-0.078274570,-0.188280326,0.123942227,-0.896560719,0.424867978,0.017447142,57023,104188.175959166,0.013713542,1,0.225606000,0.138189000,-0.256445000,0.026251612,0.536030034,-0.825301521,0.175670303,1,0.294095948,-0.037571995,-0.232919175,0.026251612,0.536030034,-0.825301521,0.175670303
4.749450209,104188.208036000,vr_world,56946,104188.194078291,0.013958917,1,0.266611000,-0.266136000,-0.188677000,0.119732166,-0.893030610,0.433583639,0.012875033,1,0.297873152,-0.077866893,-0.189614133,0.119732166,-0.893030610,0.433583639,0.012875033,57024,104188.194078291,0.013958917,1,0.226150000,0.137004000,-0.255935000,0.007803845,0.548622458,-0.817673490,0.174248566,1,0.300276046,-0.036689239,-0.234204033,0.007803845,0.548622458,-0.817673490,0.174248566
4.760576292,104188.219162083,vr_world,56947,104188.219094500,0.000068208,1,0.267550000,-0.265896000,-0.188581000,0.116091438,-0.893560696,0.433583288,0.008808691,1,0.298898694,-0.077658573,-0.191300907,0.116091438,-0.893560696,0.433583288,0.008808691,57025,104188.219094500,0.000068208,1,0.226892000,0.136632000,-0.255336000,0.001797957,0.555453107,-0.813562388,0.172002484,1,0.303985443,-0.035908743,-0.234780776,0.001797957,0.555453107,-0.813562388,0.172002484
4.772951000,104188.231536791,vr_world,56947,104188.219094500,0.012443625,1,0.267550000,-0.265896000,-0.188581000,0.116091438,-0.893560696,0.433583288,0.008808691,1,0.298898694,-0.077658573,-0.191300907,0.116091438,-0.893560696,0.433583288,0.008808691,57025,104188.219094500,0.012443625,1,0.226892000,0.136632000,-0.255336000,0.001797957,0.555453107,-0.813562388,0.172002484,1,0.303985443,-0.035908743,-0.234780776,0.001797957,0.555453107,-0.813562388,0.172002484
4.839898709,104188.298484500,vr_world,56948,104188.234849000,0.063637500,1,0.267726000,-0.265236000,-0.188898000,0.117563574,-0.894539402,0.431237568,0.003496408,1,0.298393807,-0.076887314,-0.191673583,0.117563574,-0.894539402,0.431237568,0.003496408,57026,104188.234849000,0.063637500,1,0.227876000,0.136744000,-0.254909000,0.001584518,-0.555732220,0.813654360,-0.170662740,1,0.305150857,-0.035800738,-0.235081315,0.001584518,-0.555732220,0.813654360,-0.170662740
4.883435084,104188.342020875,vr_world,56948,104188.234849000,0.107172958,1,0.267726000,-0.265236000,-0.188898000,0.117563574,-0.894539402,0.431237568,0.003496408,1,0.298393807,-0.076887314,-0.191673583,0.117563574,-0.894539402,0.431237568,0.003496408,57026,104188.234849000,0.107172958,1,0.227876000,0.136744000,-0.254909000,0.001584518,-0.555732220,0.813654360,-0.170662740,1,0.305150857,-0.035800738,-0.235081315,0.001584518,-0.555732220,0.813654360,-0.170662740
4.895833167,104188.354418958,vr_world,56954,104188.345540666,0.008880542,1,0.273738000,-0.260606000,-0.192658000,0.125417918,-0.885487646,0.446785523,-0.023762814,1,0.312439743,-0.073737111,-0.195031419,0.125417918,-0.885487646,0.446785523,-0.023762814,57032,104188.345540666,0.008880542,1,0.239669000,0.136502000,-0.255166000,0.037051339,-0.563329575,0.807197388,-0.172393054,1,0.321284456,-0.034185859,-0.236705105,0.037051339,-0.563329575,0.807197388,-0.172393054
4.925337375,104188.383923166,vr_world,56954,104188.345540666,0.038385375,1,0.273738000,-0.260606000,-0.192658000,0.125417918,-0.885487646,0.446785523,-0.023762814,1,0.312439743,-0.073737111,-0.195031419,0.125417918,-0.885487646,0.446785523,-0.023762814,57032,104188.345540666,0.038385375,1,0.239669000,0.136502000,-0.255166000,0.037051339,-0.563329575,0.807197388,-0.172393054,1,0.321284456,-0.034185859,-0.236705105,0.037051339,-0.563329575,0.807197388,-0.172393054
4.940521625,104188.399107416,vr_world,56955,104188.398417583,0.000691083,1,0.274597000,-0.260337000,-0.193951000,0.124881910,-0.882901969,0.451819348,-0.027347738,1,0.315578540,-0.073960549,-0.196745324,0.124881910,-0.882901969,0.451819348,-0.027347738,57033,104188.398417583,0.000691083,1,0.241502000,0.136568000,-0.255582000,0.039162784,-0.565957143,0.805867044,-0.169520194,1,0.324267766,-0.033684563,-0.238258257,0.039162784,-0.565957143,0.805867044,-0.169520194
4.951295750,104188.409881541,vr_world,56957,104188.401114458,0.008769000,1,0.277191000,-0.259130000,-0.195935000,0.119205974,-0.881352664,0.456006178,-0.032646325,1,0.320126590,-0.073248540,-0.201234359,0.119205974,-0.881352664,0.456006178,-0.032646325,57035,104188.401114458,0.008769000,1,0.246016000,0.136617000,-0.256627000,0.036020992,-0.570452510,0.803961752,-0.164109486,1,0.330476973,-0.032971565,-0.241061658,0.036020992,-0.570452510,0.803961752,-0.164109486
4.963097500,104188.421683291,vr_world,56958,104188.420980833,0.000703167,1,0.279967000,-0.258521000,-0.198939000,0.119238263,-0.881315454,0.455953474,-0.034230629,1,0.322976666,-0.072660667,-0.204373475,0.119238263,-0.881315454,0.455953474,-0.034230629,57036,104188.420980833,0.000703167,1,0.250672000,0.137132000,-0.258102000,0.030672018,-0.569869892,0.805212665,-0.161059299,1,0.334652256,-0.032773807,-0.243418951,0.030672018,-0.569869892,0.805212665,-0.161059299
4.973601459,104188.432187250,vr_world,56958,104188.420980833,0.011206958,1,0.279967000,-0.258521000,-0.198939000,0.119238263,-0.881315454,0.455953474,-0.034230629,1,0.322976666,-0.072660667,-0.204373475,0.119238263,-0.881315454,0.455953474,-0.034230629,57036,104188.420980833,0.011206958,1,0.250672000,0.137132000,-0.258102000,0.030672018,-0.569869892,0.805212665,-0.161059299,1,0.334652256,-0.032773807,-0.243418951,0.030672018,-0.569869892,0.805212665,-0.161059299
4.984417667,104188.443003458,vr_world,56959,104188.438052833,0.004951208,1,0.281322000,-0.258647000,-0.200431000,0.118509518,-0.880425301,0.457981341,-0.032555724,1,0.325059503,-0.072958491,-0.205930339,0.118509518,-0.880425301,0.457981341,-0.032555724,57037,104188.438052833,0.004951208,1,0.252279000,0.137019000,-0.259355000,0.025061168,-0.568970806,0.806207513,-0.160229852,1,0.335664611,-0.033180989,-0.244691734,0.025061168,-0.568970806,0.806207513,-0.160229852
4.995085625,104188.453671416,vr_world,56959,104188.438052833,0.015619250,1,0.281322000,-0.258647000,-0.200431000,0.118509518,-0.880425301,0.457981341,-0.032555724,1,0.325059503,-0.072958491,-0.205930339,0.118509518,-0.880425301,0.457981341,-0.032555724,57037,104188.438052833,0.015619250,1,0.252279000,0.137019000,-0.259355000,0.025061168,-0.568970806,0.806207513,-0.160229852,1,0.335664611,-0.033180989,-0.244691734,0.025061168,-0.568970806,0.806207513,-0.160229852
5.007478584,104188.466064375,vr_world,56960,104188.456487208,0.009577833,1,0.283438000,-0.259048000,-0.202695000,0.115966432,-0.877756297,0.463767749,-0.031861326,1,0.329490018,-0.073943393,-0.208932688,0.115966432,-0.877756297,0.463767749,-0.031861326,57038,104188.456487208,0.009577833,1,0.255477000,0.136644000,-0.261504000,0.018740981,-0.568989093,0.806254444,-0.160791666,1,0.338651893,-0.033608205,-0.246260768,0.018740981,-0.568989093,0.806254444,-0.160791666
5.019883000,104188.478468791,vr_world,56961,104188.474781250,0.003687916,1,0.284354000,-0.259868000,-0.203775000,0.115053452,-0.876840430,0.465857367,-0.029840868,1,0.331135601,-0.074950110,-0.210122360,0.115053452,-0.876840430,0.465857367,-0.029840868,57039,104188.474781250,0.003687916,1,0.256502000,0.136245000,-0.262711000,0.017575230,-0.569136419,0.806020837,-0.161571217,1,0.339709742,-0.033957815,-0.247100005,0.017575230,-0.569136419,0.806020837,-0.161571217
5.032279500,104188.490865291,vr_world,56961,104188.474781250,0.016084666,1,0.284354000,-0.259868000,-0.203775000,0.115053452,-0.876840430,0.465857367,-0.029840868,1,0.331135601,-0.074950110,-0.210122360,0.115053452,-0.876840430,0.465857367,-0.029840868,57039,104188.474781250,0.016084666,1,0.256502000,0.136245000,-0.262711000,0.017575230,-0.569136419,0.806020837,-0.161571217,1,0.339709742,-0.033957815,-0.247100005,0.017575230,-0.569136419,0.806020837,-0.161571217
5.043083834,104188.501669625,vr_world,56962,104188.493878666,0.007791334,1,0.285409000,-0.261604000,-0.205061000,0.118730888,-0.877090658,0.464723638,-0.025434116,1,0.331529268,-0.076468503,-0.209666946,0.118730888,-0.877090658,0.464723638,-0.025434116,57040,104188.493878666,0.007791334,1,0.257400000,0.135217000,-0.263776000,0.016967509,-0.570969400,0.804139972,-0.164514294,1,0.341392946,-0.034485798,-0.246972615,0.016967509,-0.570969400,0.804139972,-0.164514294
5.055496792,104188.514082583,vr_world,56963,104188.511896500,0.002186458,1,0.286249000,-0.262791000,-0.205752000,0.121667854,-0.878021430,0.462368484,-0.022151449,1,0.331261557,-0.077354527,-0.209015827,0.121667854,-0.878021430,0.462368484,-0.022151449,57041,104188.511896500,0.002186458,1,0.258934000,0.134232000,-0.263938000,0.013783443,-0.569589797,0.805168936,-0.164561432,1,0.342250760,-0.035786309,-0.246958512,0.013783443,-0.569589797,0.805168936,-0.164561432
5.067910709,104188.526496500,vr_world,56963,104188.511896500,0.014600541,1,0.286249000,-0.262791000,-0.205752000,0.121667854,-0.878021430,0.462368484,-0.022151449,1,0.331261557,-0.077354527,-0.209015827,0.121667854,-0.878021430,0.462368484,-0.022151449,57041,104188.511896500,0.014600541,1,0.258934000,0.134232000,-0.263938000,0.013783443,-0.569589797,0.805168936,-0.164561432,1,0.342250760,-0.035786309,-0.246958512,0.013783443,-0.569589797,0.805168936,-0.164561432
5.078566084,104188.537151875,vr_world,56964,104188.530355000,0.006797458,1,0.286872000,-0.265029000,-0.206242000,0.123067850,-0.876790747,0.464494817,-0.018353638,1,0.332588366,-0.079750967,-0.208591010,0.123067850,-0.876790747,0.464494817,-0.018353638,57042,104188.530355000,0.006797458,1,0.260949000,0.132038000,-0.264431000,0.008413522,-0.567705080,0.806737102,-0.163754090,1,0.343300296,-0.038452176,-0.247472715,0.008413522,-0.567705080,0.806737102,-0.163754090
5.090975292,104188.549561083,vr_world,56964,104188.530355000,0.019206458,1,0.286872000,-0.265029000,-0.206242000,0.123067850,-0.876790747,0.464494817,-0.018353638,1,0.332588366,-0.079750967,-0.208591010,0.123067850,-0.876790747,0.464494817,-0.018353638,57042,104188.530355000,0.019206458,1,0.260949000,0.132038000,-0.264431000,0.008413522,-0.567705080,0.806737102,-0.163754090,1,0.343300296,-0.038452176,-0.247472715,0.008413522,-0.567705080,0.806737102,-0.163754090
5.103361375,104188.561947166,vr_world,56965,104188.550822708,0.011125042,1,0.285578000,-0.267012000,-0.205424000,0.121443493,-0.874034009,0.469983969,-0.020762921,1,0.333673258,-0.082347631,-0.208482343,0.121443493,-0.874034009,0.469983969,-0.020762921,57043,104188.550822708,0.011125042,1,0.260944000,0.129814000,-0.264296000,0.007274194,-0.569365840,0.805312718,-0.165048635,1,0.343975108,-0.040286615,-0.246750977,0.007274194,-0.569365840,0.805312718,-0.165048635
5.115729000,104188.574314791,vr_world,56966,104188.571747791,0.002567667,1,0.284306000,-0.270550000,-0.205493000,0.127432531,-0.870466576,0.474863474,-0.023528102,1,0.334689079,-0.086473732,-0.206438974,0.127432531,-0.870466576,0.474863474,-0.023528102,57044,104188.571747791,0.002567667,1,0.262447000,0.126098000,-0.263849000,0.006598126,-0.567244351,0.806099911,-0.168502948,1,0.344632898,-0.044271551,-0.244983425,0.006598126,-0.567244351,0.806099911,-0.168502948
5.127902542,104188.586488333,vr_world,56966,104188.571747791,0.014741250,1,0.284306000,-0.270550000,-0.205493000,0.127432531,-0.870466576,0.474863474,-0.023528102,1,0.334689079,-0.086473732,-0.206438974,0.127432531,-0.870466576,0.474863474,-0.023528102,57044,104188.571747791,0.014741250,1,0.262447000,0.126098000,-0.263849000,0.006598126,-0.567244351,0.806099911,-0.168502948,1,0.344632898,-0.044271551,-0.244983425,0.006598126,-0.567244351,0.806099911,-0.168502948
5.139203709,104188.597789500,vr_world,56967,104188.588741416,0.009049000,1,0.283633000,-0.272822000,-0.204665000,0.131085304,-0.869952575,0.474743684,-0.024851469,1,0.334099829,-0.088766508,-0.204354892,0.131085304,-0.869952575,0.474743684,-0.024851469,57045,104188.588741416,0.009049000,1,0.263192000,0.123553000,-0.262634000,0.006791046,-0.564486841,0.807828125,-0.169476278,1,0.344249587,-0.047321386,-0.243454168,0.006791046,-0.564486841,0.807828125,-0.169476278
5.151572750,104188.610158541,vr_world,56968,104188.606463833,0.003695208,1,0.282680000,-0.275440000,-0.203400000,0.132367591,-0.870060081,0.474126481,-0.026045272,1,0.332974607,-0.091338271,-0.202724788,0.132367591,-0.870060081,0.474126481,-0.026045272,57046,104188.606463833,0.003695208,1,0.263444000,0.120844000,-0.261254000,0.006888173,-0.563661018,0.808668658,-0.168207644,1,0.344138820,-0.050257320,-0.242575241,0.006888173,-0.563661018,0.808668658,-0.168207644
5.161892209,104188.620478000,vr_world,56968,104188.606463833,0.014020083,1,0.282680000,-0.275440000,-0.203400000,0.132367591,-0.870060081,0.474126481,-0.026045272,1,0.332974607,-0.091338271,-0.202724788,0.132367591,-0.870060081,0.474126481,-0.026045272,57046,104188.606463833,0.014020083,1,0.263444000,0.120844000,-0.261254000,0.006888173,-0.563661018,0.808668658,-0.168207644,1,0.344138820,-0.050257320,-0.242575241,0.006888173,-0.563661018,0.808668658,-0.168207644
5.174278917,104188.632864708,vr_world,56969,104188.623494833,0.009370500,1,0.280767000,-0.279713000,-0.201723000,0.136493608,-0.868097260,0.476374812,-0.029046164,1,0.332218396,-0.095941152,-0.199693874,0.136493608,-0.868097260,0.476374812,-0.029046164,57047,104188.623494833,0.009370500,1,0.264624000,0.116061000,-0.259810000,0.008074177,-0.560157204,0.810392230,-0.171531771,1,0.343944089,-0.055555217,-0.240001096,0.008074177,-0.560157204,0.810392230,-0.171531771
5.186684542,104188.645270333,vr_world,56970,104188.641181083,0.004089708,1,0.278914000,-0.282652000,-0.199468000,0.136972098,-0.865428066,0.480797029,-0.033273475,1,0.332433870,-0.099471280,-0.197490584,0.136972098,-0.865428066,0.480797029,-0.033273475,57048,104188.641181083,0.004089708,1,0.265572000,0.112679000,-0.258367000,0.009842997,-0.557868793,0.811744509,-0.172500370,1,0.344002177,-0.059320921,-0.238342986,0.009842997,-0.557868793,0.811744509,-0.172500370
5.199095375,104188.657681166,vr_world,56970,104188.641181083,0.016500708,1,0.278914000,-0.282652000,-0.199468000,0.136972098,-0.865428066,0.480797029,-0.033273475,1,0.332433870,-0.099471280,-0.197490584,0.136972098,-0.865428066,0.480797029,-0.033273475,57048,104188.641181083,0.016500708,1,0.265572000,0.112679000,-0.258367000,0.009842997,-0.557868793,0.811744509,-0.172500370,1,0.344002177,-0.059320921,-0.238342986,0.009842997,-0.557868793,0.811744509,-0.172500370
5.211458459,104188.670044250,vr_world,56971,104188.658839375,0.011205333,1,0.277361000,-0.285683000,-0.197488000,0.135874597,-0.862946370,0.485252304,-0.037307617,1,0.332934885,-0.103109313,-0.196123150,0.135874597,-0.862946370,0.485252304,-0.037307617,57049,104188.658839375,0.011205333,1,0.266594000,0.109257000,-0.257132000,0.009427109,-0.557184570,0.812046224,-0.173313055,1,0.344738435,-0.062835097,-0.236785259,0.009427109,-0.557184570,0.812046224,-0.173313055
5.223874584,104188.682460375,vr_world,56972,104188.676749833,0.005710917,1,0.275986000,-0.288733000,-0.195913000,0.135927615,-0.860680573,0.488935199,-0.041170445,1,0.333302765,-0.106697894,-0.194720247,0.135927615,-0.860680573,0.488935199,-0.041170445,57050,104188.676749833,0.005710917,1,0.267835000,0.106116000,-0.256171000,0.008239038,-0.555121419,0.813292586,-0.174147922,1,0.345095547,-0.066332333,-0.235467562,0.008239038,-0.555121419,0.813292586,-0.174147922
5.236284125,104188.694869916,vr_world,56973,104188.694516000,0.000354333,1,0.273446000,-0.294650000,-0.193110000,0.136454366,-0.857273683,0.494115486,-0.048082481,1,0.333308289,-0.113434991,-0.192073396,0.136454366,-0.857273683,0.494115486,-0.048082481,57051,104188.694516000,0.000354333,1,0.270224000,0.100011000,-0.254492000,0.005739748,-0.550061080,0.816194076,-0.176711893,1,0.345336562,-0.073255221,-0.232739343,0.005739748,-0.550061080,0.816194076,-0.176711893
5.248704125,104188.707289916,vr_world,56973,104188.694516000,0.012774250,1,0.273446000,-0.294650000,-0.193110000,0.136454366,-0.857273683,0.494115486,-0.048082481,1,0.333308289,-0.113434991,-0.192073396,0.136454366,-0.857273683,0.494115486,-0.048082481,57051,104188.694516000,0.012774250,1,0.270224000,0.100011000,-0.254492000,0.005739748,-0.550061080,0.816194076,-0.176711893,1,0.345336562,-0.073255221,-0.232739343,0.005739748,-0.550061080,0.816194076,-0.176711893
5.261114917,104188.719700708,vr_world,56974,104188.712250583,0.007450667,1,0.272283000,-0.298040000,-0.191602000,0.136734282,-0.855966944,0.496044672,-0.050636049,1,0.333094952,-0.117141415,-0.190580456,0.136734282,-0.855966944,0.496044672,-0.050636049,57052,104188.712250583,0.007450667,1,0.271760000,0.096324500,-0.253509000,0.003471721,-0.546126420,0.818758184,-0.177112724,1,0.345169230,-0.077639892,-0.231515812,0.003471721,-0.546126420,0.818758184,-0.177112724
5.273513250,104188.732099041,vr_world,56975,104188.730146375,0.001953291,1,0.270824000,-0.301618000,-0.190020000,0.134313384,-0.854462309,0.499044429,-0.052997498,1,0.332993916,-0.121178581,-0.189981508,0.134313384,-0.854462309,0.499044429,-0.052997498,57053,104188.730146375,0.001953291,1,0.272850000,0.092594700,-0.252809000,0.002586887,-0.544604833,0.820000844,-0.176061069,1,0.345580833,-0.081699607,-0.231176977,0.002586887,-0.544604833,0.820000844,-0.176061069
5.285924875,104188.744510666,vr_world,56975,104188.730146375,0.014364708,1,0.270824000,-0.301618000,-0.190020000,0.134313384,-0.854462309,0.499044429,-0.052997498,1,0.332993916,-0.121178581,-0.189981508,0.134313384,-0.854462309,0.499044429,-0.052997498,57053,104188.730146375,0.014364708,1,0.272850000,0.092594700,-0.252809000,0.002586887,-0.544604833,0.820000844,-0.176061069,1,0.345580833,-0.081699607,-0.231176977,0.002586887,-0.544604833,0.820000844,-0.176061069
5.298317750,104188.756903541,vr_world,56976,104188.747614708,0.009289875,1,0.269510000,-0.305135000,-0.189176000,0.133734826,-0.852388524,0.502440323,-0.055700290,1,0.333240594,-0.125241225,-0.189425672,0.133734826,-0.852388524,0.502440323,-0.055700290,57054,104188.747614708,0.009289875,1,0.274234000,0.088886000,-0.252426000,0.002320554,-0.543114658,0.821032425,-0.175860288,1,0.346329307,-0.085682184,-0.230875339,0.002320554,-0.543114658,0.821032425,-0.175860288
5.309753459,104188.768339250,vr_world,56977,104188.765379791,0.002959917,1,0.267305000,-0.311332000,-0.187296000,0.130773016,-0.848445099,0.509267956,-0.060708157,1,0.334136549,-0.132572809,-0.188755553,0.130773016,-0.848445099,0.509267956,-0.060708157,57055,104188.765379791,0.002959917,1,0.276978000,0.082068100,-0.251696000,0.000006978,0.538633376,-0.824060085,0.175496615,1,0.347124612,-0.093297233,-0.230186286,0.000006978,0.538633376,-0.824060085,0.175496615
5.320420750,104188.779006541,vr_world,56977,104188.765379791,0.013627375,1,0.267305000,-0.311332000,-0.187296000,0.130773016,-0.848445099,0.509267956,-0.060708157,1,0.334136549,-0.132572809,-0.188755553,0.130773016,-0.848445099,0.509267956,-0.060708157,57055,104188.765379791,0.013627375,1,0.276978000,0.082068100,-0.251696000,0.000006978,0.538633376,-0.824060085,0.175496615,1,0.347124612,-0.093297233,-0.230186286,0.000006978,0.538633376,-0.824060085,0.175496615
5.332821334,104188.791407125,vr_world,56978,104188.783032750,0.008374958,1,0.266325000,-0.314964000,-0.186974000,0.127715011,-0.846813438,0.512586222,-0.062058378,1,0.334584536,-0.136758051,-0.189557918,0.127715011,-0.846813438,0.512586222,-0.062058378,57056,104188.783032750,0.008374958,1,0.278220000,0.078289500,-0.251592000,0.001430041,0.535837224,-0.826200007,0.173982678,1,0.347128166,-0.097627732,-0.230591425,0.001430041,0.535837224,-0.826200007,0.173982678
5.343772667,104188.802358458,vr_world,56979,104188.800565166,0.001793667,1,0.265544000,-0.318636000,-0.187155000,0.127382612,-0.846465871,0.513011686,-0.063939101,1,0.334095827,-0.140545706,-0.189967436,0.127382612,-0.846465871,0.513011686,-0.063939101,57057,104188.800565166,0.001793667,1,0.279076000,0.074519400,-0.251892000,0.002063147,0.533696354,-0.827498216,0.174386491,1,0.347074803,-0.101731185,-0.230723651,0.002063147,0.533696354,-0.827498216,0.174386491
5.356167750,104188.814753541,vr_world,56979,104188.800565166,0.014188792,1,0.265544000,-0.318636000,-0.187155000,0.127382612,-0.846465871,0.513011686,-0.063939101,1,0.334095827,-0.140545706,-0.189967436,0.127382612,-0.846465871,0.513011686,-0.063939101,57057,104188.800565166,0.014188792,1,0.279076000,0.074519400,-0.251892000,0.002063147,0.533696354,-0.827498216,0.174386491,1,0.347074803,-0.101731185,-0.230723651,0.002063147,0.533696354,-0.827498216,0.174386491
5.368421959,104188.827007750,vr_world,56980,104188.818419416,0.008588834,1,0.263856000,-0.325368000,-0.187214000,0.127412515,-0.844077109,0.516598181,-0.066529726,1,0.334050312,-0.147918664,-0.190036037,0.127412515,-0.844077109,0.516598181,-0.066529726,57058,104188.818419416,0.008588834,1,0.280518000,0.067199300,-0.252295000,0.003507463,0.531376668,-0.828804251,0.175242824,1,0.347519570,-0.109384666,-0.230728010,0.003507463,0.531376668,-0.828804251,0.175242824
5.380830459,104188.839416250,vr_world,56981,104188.835883166,0.003533292,1,0.263372000,-0.328780000,-0.188336000,0.128626278,-0.842473532,0.519204667,-0.064188328,1,0.334497813,-0.151692176,-0.190454572,0.128626278,-0.842473532,0.519204667,-0.064188328,57059,104188.835883166,0.003533292,1,0.281442000,0.063273100,-0.252749000,0.002533280,0.529837348,-0.829556979,0.176355284,1,0.347840449,-0.113498941,-0.230860947,0.002533280,0.529837348,-0.829556979,0.176355284
5.393244667,104188.851830458,vr_world,56981,104188.835883166,0.015947750,1,0.263372000,-0.328780000,-0.188336000,0.128626278,-0.842473532,0.519204667,-0.064188328,1,0.334497813,-0.151692176,-0.190454572,0.128626278,-0.842473532,0.519204667,-0.064188328,57059,104188.835883166,0.015947750,1,0.281442000,0.063273100,-0.252749000,0.002533280,0.529837348,-0.829556979,0.176355284,1,0.347840449,-0.113498941,-0.230860947,0.002533280,0.529837348,-0.829556979,0.176355284
5.405658959,104188.864244750,vr_world,56982,104188.853543500,0.010701625,1,0.263036000,-0.331896000,-0.189146000,0.127953445,-0.841116573,0.521903050,-0.061384305,1,0.335090528,-0.155184015,-0.191252528,0.127953445,-0.841116573,0.521903050,-0.061384305,57060,104188.853543500,0.010701625,1,0.282491000,0.059762400,-0.252819000,0.002602019,0.527925625,-0.831277355,0.173970463,1,0.348040983,-0.117437711,-0.231853161,0.002602019,0.527925625,-0.831277355,0.173970463
5.418078209,104188.876664000,vr_world,56983,104188.871111166,0.005553250,1,0.262432000,-0.335254000,-0.189845000,0.124978414,-0.840767226,0.523370208,-0.059787062,1,0.334963233,-0.158751587,-0.192936129,0.124978414,-0.840767226,0.523370208,-0.059787062,57061,104188.871111166,0.005553250,1,0.283352000,0.056352800,-0.253077000,0.003209251,0.525715081,-0.833293780,0.170981960,1,0.347900887,-0.121342055,-0.233221764,0.003209251,0.525715081,-0.833293780,0.170981960
5.428569417,104188.887155208,vr_world,56983,104188.871111166,0.016044417,1,0.262432000,-0.335254000,-0.189845000,0.124978414,-0.840767226,0.523370208,-0.059787062,1,0.334963233,-0.158751587,-0.192936129,0.124978414,-0.840767226,0.523370208,-0.059787062,57061,104188.871111166,0.016044417,1,0.283352000,0.056352800,-0.253077000,0.003209251,0.525715081,-0.833293780,0.170981960,1,0.347900887,-0.121342055,-0.233221764,0.003209251,0.525715081,-0.833293780,0.170981960
5.440972834,104188.899558625,vr_world,56984,104188.889006000,0.010553083,1,0.261055000,-0.341642000,-0.191753000,0.124825202,-0.839261851,0.525986172,-0.058281738,1,0.334566853,-0.165543721,-0.194721382,0.124825202,-0.839261851,0.525986172,-0.058281738,57062,104188.889006000,0.010553083,1,0.284372000,0.049747000,-0.254277000,0.003495176,0.523129402,-0.835222549,0.169489547,1,0.347796679,-0.128415510,-0.234998787,0.003495176,0.523129402,-0.835222549,0.169489547
5.453387084,104188.911972875,vr_world,56985,104188.906388541,0.005584917,1,0.260122000,-0.344750000,-0.193243000,0.127048093,-0.838739296,0.526248338,-0.058633285,1,0.333785356,-0.168702825,-0.195376003,0.127048093,-0.838739296,0.526248338,-0.058633285,57063,104188.906388541,0.005584917,1,0.284840000,0.046543900,-0.255088000,0.003426663,0.522307415,-0.835798649,0.169185816,1,0.347914804,-0.131756945,-0.235941701,0.003426663,0.522307415,-0.835798649,0.169185816
5.465789959,104188.924375750,vr_world,56985,104188.906388541,0.017988959,1,0.260122000,-0.344750000,-0.193243000,0.127048093,-0.838739296,0.526248338,-0.058633285,1,0.333785356,-0.168702825,-0.195376003,0.127048093,-0.838739296,0.526248338,-0.058633285,57063,104188.906388541,0.017988959,1,0.284840000,0.046543900,-0.255088000,0.003426663,0.522307415,-0.835798649,0.169185816,1,0.347914804,-0.131756945,-0.235941701,0.003426663,0.522307415,-0.835798649,0.169185816
5.477996125,104188.936581916,vr_world,56986,104188.925611083,0.010972000,1,0.259065000,-0.347676000,-0.194311000,0.126810166,-0.836991122,0.528950568,-0.059802507,1,0.333908531,-0.172128059,-0.196505498,0.126810166,-0.836991122,0.528950568,-0.059802507,57064,104188.925611083,0.010972000,1,0.285847000,0.043645500,-0.255693000,0.003918420,0.519385900,-0.837773975,0.168397445,1,0.347663027,-0.135127467,-0.236846163,0.003918420,0.519385900,-0.837773975,0.168397445
5.488614042,104188.947199833,vr_world,56987,104188.942335583,0.004865417,1,0.258241000,-0.350489000,-0.195342000,0.127094461,-0.834662661,0.532562166,-0.059689025,1,0.334563383,-0.175576092,-0.197292660,0.127094461,-0.834662661,0.532562166,-0.059689025,57065,104188.942335583,0.004865417,1,0.286747000,0.041103000,-0.256220000,0.006341570,0.515719338,-0.840446442,0.166262224,1,0.346909459,-0.138300611,-0.238025464,0.006341570,0.515719338,-0.840446442,0.166262224
5.501001875,104188.959587666,vr_world,56987,104188.942335583,0.017252958,1,0.258241000,-0.350489000,-0.195342000,0.127094461,-0.834662661,0.532562166,-0.059689025,1,0.334563383,-0.175576092,-0.197292660,0.127094461,-0.834662661,0.532562166,-0.059689025,57065,104188.942335583,0.017252958,1,0.286747000,0.041103000,-0.256220000,0.006341570,0.515719338,-0.840446442,0.166262224,1,0.346909459,-0.138300611,-0.238025464,0.006341570,0.515719338,-0.840446442,0.166262224
5.513416834,104188.972002625,vr_world,56988,104188.960961083,0.011042125,1,0.256674000,-0.355818000,-0.196800000,0.125174420,-0.831280011,0.538525185,-0.057406736,1,0.335284786,-0.181926492,-0.199151356,0.125174420,-0.831280011,0.538525185,-0.057406736,57066,104188.960961083,0.011042125,1,0.287675000,0.035776800,-0.257433000,0.010273013,0.510151987,-0.844469999,0.162818413,1,0.345310627,-0.144555096,-0.240264658,0.010273013,0.510151987,-0.844469999,0.162818413
5.525797459,104188.984383250,vr_world,56989,104188.978990416,0.005393250,1,0.255694000,-0.358448000,-0.197738000,0.124415126,-0.830473539,0.540078760,-0.056120495,1,0.334855776,-0.184808912,-0.200258470,0.124415126,-0.830473539,0.540078760,-0.056120495,57067,104188.978990416,0.005393250,1,0.287541000,0.033141700,-0.258486000,0.010338281,0.509426402,-0.844724450,0.163763438,1,0.344889483,-0.147248113,-0.240967033,0.010338281,0.509426402,-0.844724450,0.163763438
5.538196417,104188.996782208,vr_world,56989,104188.978990416,0.017792375,1,0.255694000,-0.358448000,-0.197738000,0.124415126,-0.830473539,0.540078760,-0.056120495,1,0.334855776,-0.184808912,-0.200258470,0.124415126,-0.830473539,0.540078760,-0.056120495,57067,104188.978990416,0.017792375,1,0.287541000,0.033141700,-0.258486000,0.010338281,0.509426402,-0.844724450,0.163763438,1,0.344889483,-0.147248113,-0.240967033,0.010338281,0.509426402,-0.844724450,0.163763438
5.550573459,104189.009159250,vr_world,56990,104188.997335625,0.011824291,1,0.254883000,-0.360807000,-0.198990000,0.126222482,-0.831066076,0.538729288,-0.056283356,1,0.333521379,-0.186922123,-0.200874756,0.126222482,-0.831066076,0.538729288,-0.056283356,57068,104188.997335625,0.011824291,1,0.288030000,0.030672000,-0.259185000,0.008944962,0.508351316,-0.845168190,0.164892866,1,0.344987499,-0.149813605,-0.241379233,0.008944962,0.508351316,-0.845168190,0.164892866
5.562200250,104189.020786041,vr_world,56991,104189.014540875,0.006245750,1,0.253242000,-0.365088000,-0.200897000,0.126556753,-0.830362499,0.539727134,-0.056357154,1,0.332297666,-0.191390958,-0.202624145,0.126556753,-0.830362499,0.539727134,-0.056357154,57069,104189.014540875,0.006245750,1,0.289092000,0.026254000,-0.260096000,0.009383711,0.504203936,-0.848011856,0.162991498,1,0.344248826,-0.154860037,-0.243017155,0.009383711,0.504203936,-0.848011856,0.162991498
5.574611917,104189.033197708,vr_world,56992,104189.032203208,0.000994917,1,0.252464000,-0.366822000,-0.201894000,0.126467896,-0.829297466,0.541331118,-0.056852492,1,0.332205617,-0.193438882,-0.203626406,0.126467896,-0.829297466,0.541331118,-0.056852492,57070,104189.032203208,0.000994917,1,0.289301000,0.024387700,-0.260368000,0.009795089,0.503475511,-0.849022332,0.159929816,1,0.344072858,-0.156944876,-0.244406213,0.009795089,0.503475511,-0.849022332,0.159929816
5.585017042,104189.043602833,vr_world,56992,104189.032203208,0.011400042,1,0.252464000,-0.366822000,-0.201894000,0.126467896,-0.829297466,0.541331118,-0.056852492,1,0.332205617,-0.193438882,-0.203626406,0.126467896,-0.829297466,0.541331118,-0.056852492,57070,104189.032203208,0.011400042,1,0.289301000,0.024387700,-0.260368000,0.009795089,0.503475511,-0.849022332,0.159929816,1,0.344072858,-0.156944876,-0.244406213,0.009795089,0.503475511,-0.849022332,0.159929816
5.595226709,104189.053812500,vr_world,56993,104189.050535416,0.003277584,1,0.252017000,-0.368353000,-0.202813000,0.125341085,-0.827677416,0.544032830,-0.057166316,1,0.332871700,-0.195490027,-0.204899811,0.125341085,-0.827677416,0.544032830,-0.057166316,57071,104189.050535416,0.003277584,1,0.289558000,0.022656200,-0.261203000,0.009738308,0.502812713,-0.849531453,0.159313688,1,0.344038589,-0.158785381,-0.245485051,0.009738308,0.502812713,-0.849531453,0.159313688
5.607619625,104189.066205416,vr_world,56993,104189.050535416,0.015670417,1,0.252017000,-0.368353000,-0.202813000,0.125341085,-0.827677416,0.544032830,-0.057166316,1,0.332871700,-0.195490027,-0.204899811,0.125341085,-0.827677416,0.544032830,-0.057166316,57071,104189.050535416,0.015670417,1,0.289558000,0.022656200,-0.261203000,0.009738308,0.502812713,-0.849531453,0.159313688,1,0.344038589,-0.158785381,-0.245485051,0.009738308,0.502812713,-0.849531453,0.159313688
5.619968584,104189.078554375,vr_world,56994,104189.068945375,0.009609333,1,0.251058000,-0.371798000,-0.204640000,0.123312830,-0.826207581,0.546849228,-0.055954458,1,0.332969693,-0.199441928,-0.207346323,0.123312830,-0.826207581,0.546849228,-0.055954458,57072,104189.068945375,0.009609333,1,0.290556000,0.019142500,-0.262181000,0.010611044,0.499765115,-0.851777466,0.156835533,1,0.343671377,-0.162777631,-0.247347109,0.010611044,0.499765115,-0.851777466,0.156835533
5.632378625,104189.090964416,vr_world,56995,104189.087024958,0.003940042,1,0.250835000,-0.373610000,-0.206066000,0.123146076,-0.827267450,0.545319964,-0.055585495,1,0.332096880,-0.200948263,-0.208868419,0.123146076,-0.827267450,0.545319964,-0.055585495,57073,104189.087024958,0.003940042,1,0.290698000,0.017533700,-0.262613000,0.012985775,0.500079211,-0.852220855,0.153204981,1,0.343791289,-0.164481655,-0.248911380,0.012985775,0.500079211,-0.852220855,0.153204981
5.643104792,104189.101690583,vr_world,56995,104189.087024958,0.014666167,1,0.250835000,-0.373610000,-0.206066000,0.123146076,-0.827267450,0.545319964,-0.055585495,1,0.332096880,-0.200948263,-0.208868419,0.123146076,-0.827267450,0.545319964,-0.055585495,57073,104189.087024958,0.014666167,1,0.290698000,0.017533700,-0.262613000,0.012985775,0.500079211,-0.852220855,0.153204981,1,0.343791289,-0.164481655,-0.248911380,0.012985775,0.500079211,-0.852220855,0.153204981
5.654768042,104189.113353833,vr_world,56996,104189.105741750,0.007612458,1,0.250497000,-0.375181000,-0.207531000,0.124128455,-0.828154054,0.543701288,-0.056052636,1,0.331135734,-0.202222755,-0.210035745,0.124128455,-0.828154054,0.543701288,-0.056052636,57074,104189.105741750,0.007612458,1,0.290544000,0.016143000,-0.263454000,0.013230451,0.500151918,-0.852427331,0.151791501,1,0.343626872,-0.165912695,-0.250256332,0.013230451,0.500151918,-0.852427331,0.151791501
5.667150167,104189.125735958,vr_world,56997,104189.123418833,0.002317625,1,0.249793000,-0.377923000,-0.210130000,0.125518335,-0.827920902,0.543772674,-0.055708222,1,0.330456342,-0.204969140,-0.212083780,0.125518335,-0.827920902,0.543772674,-0.055708222,57075,104189.123418833,0.002317625,1,0.290786000,0.013624700,-0.265241000,0.010993184,0.497493841,-0.854029089,0.151701494,1,0.342814745,-0.168754390,-0.252314566,0.010993184,0.497493841,-0.854029089,0.151701494
5.677759500,104189.136345291,vr_world,56997,104189.123418833,0.012926958,1,0.249793000,-0.377923000,-0.210130000,0.125518335,-0.827920902,0.543772674,-0.055708222,1,0.330456342,-0.204969140,-0.212083780,0.125518335,-0.827920902,0.543772674,-0.055708222,57075,104189.123418833,0.012926958,1,0.290786000,0.013624700,-0.265241000,0.010993184,0.497493841,-0.854029089,0.151701494,1,0.342814745,-0.168754390,-0.252314566,0.010993184,0.497493841,-0.854029089,0.151701494
5.690122584,104189.148708375,vr_world,56998,104189.142002541,0.006706459,1,0.249473000,-0.378889000,-0.211370000,0.124352803,-0.826824952,0.545764856,-0.055114447,1,0.330903353,-0.206299237,-0.213672897,0.124352803,-0.826824952,0.545764856,-0.055114447,57076,104189.142002541,0.006706459,1,0.290774000,0.012656300,-0.265962000,0.009651677,0.496727661,-0.854773883,0.150100251,1,0.342484667,-0.169863546,-0.253767086,0.009651677,0.496727661,-0.854773883,0.150100251
5.702448750,104189.161034541,vr_world,56998,104189.142002541,0.019032417,1,0.249473000,-0.378889000,-0.211370000,0.124352803,-0.826824952,0.545764856,-0.055114447,1,0.330903353,-0.206299237,-0.213672897,0.124352803,-0.826824952,0.545764856,-0.055114447,57076,104189.142002541,0.019032417,1,0.290774000,0.012656300,-0.265962000,0.009651677,0.496727661,-0.854773883,0.150100251,1,0.342484667,-0.169863546,-0.253767086,0.009651677,0.496727661,-0.854773883,0.150100251
5.714809542,104189.173395333,vr_world,56999,104189.161674125,0.011721541,1,0.249211000,-0.380368000,-0.212973000,0.124084723,-0.826320418,0.546674990,-0.054258669,1,0.330959923,-0.207929232,-0.215305587,0.124084723,-0.826320418,0.546674990,-0.054258669,57077,104189.161674125,0.011721541,1,0.290528000,0.011494400,-0.266930000,0.009241297,0.497637982,-0.854479740,0.148779738,1,0.342604458,-0.170955405,-0.255254670,0.009241297,0.497637982,-0.854479740,0.148779738
5.726756250,104189.185342041,vr_world,57000,104189.179370750,0.005971833,1,0.248918000,-0.382630000,-0.215610000,0.124423088,-0.827081402,0.545590307,-0.052786986,1,0.330140456,-0.209940514,-0.217774181,0.124423088,-0.827081402,0.545590307,-0.052786986,57078,104189.179370750,0.005971833,1,0.290665000,0.009515700,-0.268398000,0.008534800,0.495819827,-0.855966069,0.146328212,1,0.341941524,-0.173221790,-0.257724980,0.008534800,0.495819827,-0.855966069,0.146328212
5.739168042,104189.197753833,vr_world,57001,104189.197592583,0.000161458,1,0.248582000,-0.383415000,-0.216982000,0.124311281,-0.827509358,0.545088388,-0.051513284,1,0.329522995,-0.210593237,-0.219139741,0.124311281,-0.827509358,0.545088388,-0.051513284,57079,104189.197592583,0.000161458,1,0.290495000,0.008853370,-0.269169000,0.007591283,0.494057183,-0.857298869,0.144528623,1,0.341019126,-0.174137622,-0.259277563,0.007591283,0.494057183,-0.857298869,0.144528623
5.749366042,104189.207951833,vr_world,57001,104189.197592583,0.010359792,1,0.248582000,-0.383415000,-0.216982000,0.124311281,-0.827509358,0.545088388,-0.051513284,1,0.329522995,-0.210593237,-0.219139741,0.124311281,-0.827509358,0.545088388,-0.051513284,57079,104189.197592583,0.010359792,1,0.290495000,0.008853370,-0.269169000,0.007591283,0.494057183,-0.857298869,0.144528623,1,0.341019126,-0.174137622,-0.259277563,0.007591283,0.494057183,-0.857298869,0.144528623
5.761755167,104189.220340958,vr_world,57002,104189.216151125,0.004190333,1,0.248106000,-0.384020000,-0.218313000,0.123929915,-0.827838638,0.544697185,-0.051279061,1,0.328868107,-0.211116432,-0.220616739,0.123929915,-0.827838638,0.544697185,-0.051279061,57080,104189.216151125,0.004190333,1,0.290003000,0.008299980,-0.270137000,0.004880315,0.493652495,-0.857680053,0.143764822,1,0.340433802,-0.174745511,-0.260791830,0.004880315,0.493652495,-0.857680053,0.143764822
5.773756542,104189.232342333,vr_world,57002,104189.216151125,0.016191791,1,0.248106000,-0.384020000,-0.218313000,0.123929915,-0.827838638,0.544697185,-0.051279061,1,0.328868107,-0.211116432,-0.220616739,0.123929915,-0.827838638,0.544697185,-0.051279061,57080,104189.216151125,0.016191791,1,0.290003000,0.008299980,-0.270137000,0.004880315,0.493652495,-0.857680053,0.143764822,1,0.340433802,-0.174745511,-0.260791830,0.004880315,0.493652495,-0.857680053,0.143764822
5.784422500,104189.243008291,vr_world,57003,104189.234385791,0.008623000,1,0.247571000,-0.384782000,-0.219740000,0.124362808,-0.828008708,0.544299466,-0.051706515,1,0.328200690,-0.211815037,-0.221912887,0.124362808,-0.828008708,0.544299466,-0.051706515,57081,104189.234385791,0.008623000,1,0.289950000,0.007762610,-0.270947000,0.002742469,0.493118397,-0.857894730,0.144372291,1,0.340246480,-0.175318960,-0.261584945,0.002742469,0.493118397,-0.857894730,0.144372291
5.796829834,104189.255415625,vr_world,57004,104189.252967583,0.002448500,1,0.245438000,-0.388611000,-0.222385000,0.128978348,-0.827008869,0.544728072,-0.051886832,1,0.326310637,-0.215744230,-0.222789904,0.128978348,-0.827008869,0.544728072,-0.051886832,57082,104189.252967583,0.002448500,1,0.289406000,0.009087410,-0.272489000,0.003794332,0.490472498,-0.859044747,0.146507527,1,0.338598958,-0.174247879,-0.262270601,0.003794332,0.490472498,-0.859044747,0.146507527
5.809261042,104189.267846833,vr_world,57004,104189.252967583,0.014879833,1,0.245438000,-0.388611000,-0.222385000,0.128978348,-0.827008869,0.544728072,-0.051886832,1,0.326310637,-0.215744230,-0.222789904,0.128978348,-0.827008869,0.544728072,-0.051886832,57082,104189.252967583,0.014879833,1,0.289406000,0.009087410,-0.272489000,0.003794332,0.490472498,-0.859044747,0.146507527,1,0.338598958,-0.174247879,-0.262270601,0.003794332,0.490472498,-0.859044747,0.146507527
5.820215084,104189.278800875,vr_world,57005,104189.271215291,0.007586417,1,0.246354000,-0.388591000,-0.224873000,0.147463941,-0.825620266,0.542607059,-0.046724101,1,0.326279242,-0.215420016,-0.218001151,0.147463941,-0.825620266,0.542607059,-0.046724101,57083,104189.271215291,0.007586417,1,0.290368000,0.007332330,-0.272658000,0.012225171,0.483258607,-0.860438083,0.161114773,1,0.336576242,-0.176333076,-0.256286750,0.012225171,0.483258607,-0.860438083,0.161114773
5.832607417,104189.291193208,vr_world,57006,104189.289946333,0.001247375,1,0.246520000,-0.388854000,-0.223096000,0.137673851,-0.829738250,0.539001656,-0.045360363,1,0.324785536,-0.214818400,-0.220008088,0.137673851,-0.829738250,0.539001656,-0.045360363,57084,104189.289946333,0.001247375,1,0.289081000,0.007124910,-0.270316000,0.008367588,0.486119397,-0.861359406,0.147234132,1,0.336300925,-0.176691077,-0.259445346,0.008367588,0.486119397,-0.861359406,0.147234132
5.843466167,104189.302051958,vr_world,57006,104189.289946333,0.012106208,1,0.246520000,-0.388854000,-0.223096000,0.137673851,-0.829738250,0.539001656,-0.045360363,1,0.324785536,-0.214818400,-0.220008088,0.137673851,-0.829738250,0.539001656,-0.045360363,57084,104189.289946333,0.012106208,1,0.289081000,0.007124910,-0.270316000,0.008367588,0.486119397,-0.861359406,0.147234132,1,0.336300925,-0.176691077,-0.259445346,0.008367588,0.486119397,-0.861359406,0.147234132
5.855868125,104189.314453916,vr_world,57007,104189.308579208,0.005875125,1,0.244536000,-0.390893000,-0.225185000,0.139574797,-0.828168670,0.540999274,-0.044444529,1,0.323597735,-0.217234361,-0.221260708,0.139574797,-0.828168670,0.540999274,-0.044444529,57085,104189.308579208,0.005875125,1,0.288080000,0.006806840,-0.271040000,0.000049369,0.485732143,-0.860860098,0.151605325,1,0.335519391,-0.176902918,-0.259359186,0.000049369,0.485732143,-0.860860098,0.151605325
5.868268250,104189.326854041,vr_world,57008,104189.326639750,0.000214958,1,0.244525000,-0.390692000,-0.226131000,0.145512395,-0.827455286,0.540340376,-0.046649439,1,0.323494952,-0.217053012,-0.220073074,0.145512395,-0.827455286,0.540340376,-0.046649439,57086,104189.326639750,0.000214958,1,0.287649000,0.005859610,-0.270369000,0.006361666,-0.487751979,0.859719713,-0.151458080,1,0.336170349,-0.177606603,-0.259321221,0.006361666,-0.487751979,0.859719713,-0.151458080
5.878559792,104189.337145583,vr_world,57008,104189.326639750,0.010506375,1,0.244525000,-0.390692000,-0.226131000,0.145512395,-0.827455286,0.540340376,-0.046649439,1,0.323494952,-0.217053012,-0.220073074,0.145512395,-0.827455286,0.540340376,-0.046649439,57086,104189.326639750,0.010506375,1,0.287649000,0.005859610,-0.270369000,0.006361666,-0.487751979,0.859719713,-0.151458080,1,0.336170349,-0.177606603,-0.259321221,0.006361666,-0.487751979,0.859719713,-0.151458080
5.890955542,104189.349541333,vr_world,57009,104189.344467333,0.005074375,1,0.244225000,-0.390722000,-0.225586000,0.141856408,-0.827345183,0.541195356,-0.049842694,1,0.323675795,-0.217255453,-0.221070880,0.141856408,-0.827345183,0.541195356,-0.049842694,57087,104189.344467333,0.005074375,1,0.287565000,0.005224630,-0.269752000,0.007836765,-0.489758777,0.858836561,-0.149915600,1,0.336957903,-0.178048262,-0.259379515,0.007836765,-0.489758777,0.858836561,-0.149915600
5.902700334,104189.361286125,vr_world,57009,104189.344467333,0.016819375,1,0.244225000,-0.390722000,-0.225586000,0.141856408,-0.827345183,0.541195356,-0.049842694,1,0.323675795,-0.217255453,-0.221070880,0.141856408,-0.827345183,0.541195356,-0.049842694,57087,104189.344467333,0.016819375,1,0.287565000,0.005224630,-0.269752000,0.007836765,-0.489758777,0.858836561,-0.149915600,1,0.336957903,-0.178048262,-0.259379515,0.007836765,-0.489758777,0.858836561,-0.149915600
5.915090084,104189.373675875,vr_world,57010,104189.365230875,0.008445916,1,0.243986000,-0.390871000,-0.226188000,0.143597452,-0.825965171,0.542716257,-0.051189565,1,0.324149499,-0.217750673,-0.221027322,0.143597452,-0.825965171,0.542716257,-0.051189565,57088,104189.365230875,0.008445916,1,0.287986000,0.004032810,-0.268520000,0.009221730,-0.487178863,0.860874546,-0.146515297,1,0.336287660,-0.179606927,-0.259597588,0.009221730,-0.487178863,0.860874546,-0.146515297
5.927466125,104189.386051916,vr_world,57011,104189.381996333,0.004056500,1,0.244362000,-0.390768000,-0.225569000,0.140693226,-0.826571340,0.542730170,-0.049286908,1,0.324401943,-0.217563369,-0.221420962,0.140693226,-0.826571340,0.542730170,-0.049286908,57089,104189.381996333,0.004056500,1,0.288071000,0.003782930,-0.268175000,0.010234185,-0.484438362,0.862623844,-0.145240623,1,0.335240048,-0.180180326,-0.259880085,0.010234185,-0.484438362,0.862623844,-0.145240623
5.939881875,104189.398467666,vr_world,57011,104189.381996333,0.016471917,1,0.244362000,-0.390768000,-0.225569000,0.140693226,-0.826571340,0.542730170,-0.049286908,1,0.324401943,-0.217563369,-0.221420962,0.140693226,-0.826571340,0.542730170,-0.049286908,57089,104189.381996333,0.016471917,1,0.288071000,0.003782930,-0.268175000,0.010234185,-0.484438362,0.862623844,-0.145240623,1,0.335240048,-0.180180326,-0.259880085,0.010234185,-0.484438362,0.862623844,-0.145240623
5.952309584,104189.410895375,vr_world,57012,104189.400625958,0.010271250,1,0.244420000,-0.391107000,-0.225695000,0.140268214,-0.826880122,0.542432003,-0.048596433,1,0.324296367,-0.217823591,-0.221682887,0.140268214,-0.826880122,0.542432003,-0.048596433,57090,104189.400625958,0.010271250,1,0.287931000,0.003630580,-0.267900000,0.012195534,-0.483005529,0.863451132,-0.144945060,1,0.334575084,-0.180481078,-0.259934353,0.012195534,-0.483005529,0.863451132,-0.144945060
5.964718584,104189.423304375,vr_world,57013,104189.418070791,0.005234125,1,0.244797000,-0.391826000,-0.225549000,0.139196602,-0.827423303,0.542051506,-0.046638497,1,0.324401759,-0.218410666,-0.221855265,0.139196602,-0.827423303,0.542051506,-0.046638497,57091,104189.418070791,0.005234125,1,0.287675000,0.003360680,-0.267442000,0.016233190,-0.482945715,0.863523988,-0.144313001,1,0.334456609,-0.180742036,-0.260101664,0.016233190,-0.482945715,0.863523988,-0.144313001
5.977158625,104189.435744416,vr_world,57014,104189.435628125,0.000116625,1,0.245257000,-0.392971000,-0.225237000,0.137062465,-0.828680297,0.540988921,-0.042823287,1,0.324198661,-0.219240283,-0.222186070,0.137062465,-0.828680297,0.540988921,-0.042823287,57092,104189.435628125,0.000116625,1,0.287766000,0.003487630,-0.267173000,0.016790794,-0.484556443,0.862689953,-0.143837299,1,0.335239851,-0.180445461,-0.260025933,0.016790794,-0.484556443,0.862689953,-0.143837299
5.989570625,104189.448156416,vr_world,57014,104189.435628125,0.012528833,1,0.245257000,-0.392971000,-0.225237000,0.137062465,-0.828680297,0.540988921,-0.042823287,1,0.324198661,-0.219240283,-0.222186070,0.137062465,-0.828680297,0.540988921,-0.042823287,57092,104189.435628125,0.012528833,1,0.287766000,0.003487630,-0.267173000,0.016790794,-0.484556443,0.862689953,-0.143837299,1,0.335239851,-0.180445461,-0.260025933,0.016790794,-0.484556443,0.862689953,-0.143837299
6.001990417,104189.460576208,vr_world,57015,104189.454274750,0.006301791,1,0.245900000,-0.393591000,-0.225285000,0.137948534,-0.830271384,0.538590625,-0.039239901,1,0.323681175,-0.219346460,-0.221765049,0.137948534,-0.830271384,0.538590625,-0.039239901,57093,104189.454274750,0.006301791,1,0.287899000,0.003729210,-0.267221000,0.014497867,-0.485249371,0.862419728,-0.143370404,1,0.335555331,-0.180154383,-0.260013626,0.014497867,-0.485249371,0.862419728,-0.143370404
6.014407750,104189.472993541,vr_world,57016,104189.472464291,0.000529500,1,0.246633000,-0.394790000,-0.225445000,0.137194399,-0.832760093,0.535289614,-0.033961047,1,0.322775859,-0.219822017,-0.221998096,0.137194399,-0.832760093,0.535289614,-0.033961047,57094,104189.472464291,0.000529500,1,0.288021000,0.003747750,-0.267225000,0.012817493,-0.484939307,0.862649336,-0.143198129,1,0.335471997,-0.180185270,-0.259927878,0.012817493,-0.484939307,0.862649336,-0.143198129
6.026820792,104189.485406583,vr_world,57016,104189.472464291,0.012943584,1,0.246633000,-0.394790000,-0.225445000,0.137194399,-0.832760093,0.535289614,-0.033961047,1,0.322775859,-0.219822017,-0.221998096,0.137194399,-0.832760093,0.535289614,-0.033961047,57094,104189.472464291,0.012943584,1,0.288021000,0.003747750,-0.267225000,0.012817493,-0.484939307,0.862649336,-0.143198129,1,0.335471997,-0.180185270,-0.259927878,0.012817493,-0.484939307,0.862649336,-0.143198129
6.039223000,104189.497808791,vr_world,57017,104189.490432791,0.007376625,1,0.246928000,-0.395396000,-0.226048000,0.138426538,-0.832887571,0.534936512,-0.031294018,1,0.322812735,-0.220329046,-0.221983141,0.138426538,-0.832887571,0.534936512,-0.031294018,57095,104189.490432791,0.007376625,1,0.288182000,0.003886030,-0.267421000,0.011625003,-0.483685442,0.863419339,-0.142899607,1,0.335050715,-0.180197156,-0.260147117,0.011625003,-0.483685442,0.863419339,-0.142899607
6.050894209,104189.509480000,vr_world,57018,104189.508567833,0.000915042,1,0.247248000,-0.396043000,-0.226324000,0.138280636,-0.832676578,0.535432296,-0.028990319,1,0.323223711,-0.221017824,-0.222167218,0.138280636,-0.832676578,0.535432296,-0.028990319,57096,104189.508567833,0.000915042,1,0.288414000,0.004228350,-0.267796000,0.010576296,-0.481577481,0.864433034,-0.143968058,1,0.334373419,-0.180065512,-0.260067040,0.010576296,-0.481577481,0.864433034,-0.143968058
6.063302959,104189.521888750,vr_world,57018,104189.508567833,0.013323500,1,0.247248000,-0.396043000,-0.226324000,0.138280636,-0.832676578,0.535432296,-0.028990319,1,0.323223711,-0.221017824,-0.222167218,0.138280636,-0.832676578,0.535432296,-0.028990319,57096,104189.508567833,0.013323500,1,0.288414000,0.004228350,-0.267796000,0.010576296,-0.481577481,0.864433034,-0.143968058,1,0.334373419,-0.180065512,-0.260067040,0.010576296,-0.481577481,0.864433034,-0.143968058
6.075718209,104189.534304000,vr_world,57019,104189.525832041,0.008472542,1,0.247946000,-0.396994000,-0.226771000,0.139835045,-0.833853793,0.533310442,-0.026720508,1,0.322962991,-0.221572982,-0.221933852,0.139835045,-0.833853793,0.533310442,-0.026720508,57097,104189.525832041,0.008472542,1,0.288721000,0.004333200,-0.268197000,0.008694343,-0.479205571,0.865562589,-0.145216505,1,0.333629877,-0.180193420,-0.259868092,0.008694343,-0.479205571,0.865562589,-0.145216505
6.088147042,104189.546732833,vr_world,57020,104189.544219250,0.002515916,1,0.249278000,-0.398497000,-0.226971000,0.142490144,-0.837698377,0.526755282,-0.022064925,1,0.321412748,-0.221906911,-0.220974604,0.142490144,-0.837698377,0.526755282,-0.022064925,57098,104189.544219250,0.002515916,1,0.288524000,0.004650440,-0.268454000,0.006578051,-0.478627151,0.865909640,-0.145166370,1,0.333103219,-0.179947953,-0.259946075,0.006578051,-0.478627151,0.865909640,-0.145166370
6.100566542,104189.559152333,vr_world,57020,104189.544219250,0.014935250,1,0.249278000,-0.398497000,-0.226971000,0.142490144,-0.837698377,0.526755282,-0.022064925,1,0.321412748,-0.221906911,-0.220974604,0.142490144,-0.837698377,0.526755282,-0.022064925,57098,104189.544219250,0.014935250,1,0.288524000,0.004650440,-0.268454000,0.006578051,-0.478627151,0.865909640,-0.145166370,1,0.333103219,-0.179947953,-0.259946075,0.006578051,-0.478627151,0.865909640,-0.145166370
6.112972209,104189.571558000,vr_world,57021,104189.562489875,0.009068583,1,0.249453000,-0.399762000,-0.227664000,0.144476978,-0.835704011,0.529505912,-0.018673476,1,0.322613046,-0.223632161,-0.220640013,0.144476978,-0.835704011,0.529505912,-0.018673476,57099,104189.562489875,0.009068583,1,0.288287000,0.004524740,-0.268622000,0.005915116,-0.479546250,0.865156305,-0.146645742,1,0.333253840,-0.179949285,-0.259481092,0.005915116,-0.479546250,0.865156305,-0.146645742
6.125396625,104189.583982416,vr_world,57022,104189.581001875,0.002981208,1,0.249943000,-0.401241000,-0.227920000,0.147256945,-0.835457865,0.529230043,-0.015527710,1,0.322906391,-0.225084002,-0.219642670,0.147256945,-0.835457865,0.529230043,-0.015527710,57100,104189.581001875,0.002981208,1,0.288281000,0.004513750,-0.268386000,0.006292494,-0.480499620,0.864839826,-0.145370546,1,0.333638840,-0.179888238,-0.259737778,0.006292494,-0.480499620,0.864839826,-0.145370546
6.137793500,104189.596379291,vr_world,57022,104189.581001875,0.015378500,1,0.249943000,-0.401241000,-0.227920000,0.147256945,-0.835457865,0.529230043,-0.015527710,1,0.322906391,-0.225084002,-0.219642670,0.147256945,-0.835457865,0.529230043,-0.015527710,57100,104189.581001875,0.015378500,1,0.288281000,0.004513750,-0.268386000,0.006292494,-0.480499620,0.864839826,-0.145370546,1,0.333638840,-0.179888238,-0.259737778,0.006292494,-0.480499620,0.864839826,-0.145370546
6.150189042,104189.608774833,vr_world,57023,104189.598363000,0.010412541,1,0.250976000,-0.403972000,-0.227706000,0.149994358,-0.837553097,0.525266952,-0.010056377,1,0.322125737,-0.227141808,-0.218100303,0.149994358,-0.837553097,0.525266952,-0.010056377,57101,104189.598363000,0.010412541,1,0.288360000,0.004601680,-0.268419000,0.005765624,-0.479861864,0.865170729,-0.145529925,1,0.333432112,-0.179865655,-0.259671906,0.005765624,-0.479861864,0.865170729,-0.145529925
6.160440709,104189.619026500,vr_world,57024,104189.616664791,0.002364167,1,0.251763000,-0.405585000,-0.227435000,0.151473876,-0.839180989,0.522288689,-0.006742288,1,0.321576472,-0.228264600,-0.217092156,0.151473876,-0.839180989,0.522288689,-0.006742288,57102,104189.616664791,0.002364167,1,0.288298000,0.004618740,-0.268372000,0.005852819,-0.480095640,0.865052907,-0.145455801,1,0.333470330,-0.179825687,-0.259656617,0.005852819,-0.480095640,0.865052907,-0.145455801
6.171087625,104189.629673416,vr_world,57024,104189.616664791,0.013009167,1,0.251763000,-0.405585000,-0.227435000,0.151473876,-0.839180989,0.522288689,-0.006742288,1,0.321576472,-0.228264600,-0.217092156,0.151473876,-0.839180989,0.522288689,-0.006742288,57102,104189.616664791,0.013009167,1,0.288298000,0.004618740,-0.268372000,0.005852819,-0.480095640,0.865052907,-0.145455801,1,0.333470330,-0.179825687,-0.259656617,0.005852819,-0.480095640,0.865052907,-0.145455801
6.182457500,104189.641043291,vr_world,57025,104189.635027791,0.006016084,1,0.252440000,-0.407229000,-0.227114000,0.152020070,-0.840607578,0.519859586,-0.003848406,1,0.321145731,-0.229498277,-0.216401501,0.152020070,-0.840607578,0.519859586,-0.003848406,57103,104189.635027791,0.006016084,1,0.287890000,0.004698920,-0.268134000,0.007089672,-0.481596113,0.864320652,-0.144792028,1,0.333729150,-0.179596606,-0.259757895,0.007089672,-0.481596113,0.864320652,-0.144792028
6.194876167,104189.653461958,vr_world,57026,104189.652425833,0.001037083,1,0.253962000,-0.410242000,-0.226500000,0.153941700,-0.843892413,0.513952295,0.000766093,1,0.320081495,-0.231594184,-0.214811955,0.153941700,-0.843892413,0.513952295,0.000766093,57104,104189.652425833,0.001037083,1,0.287933000,0.004772260,-0.268115000,0.007773987,-0.481632248,0.864228172,-0.145188188,1,0.333822487,-0.179507113,-0.259657699,0.007773987,-0.481632248,0.864228172,-0.145188188
6.207270917,104189.665856708,vr_world,57026,104189.652425833,0.013432333,1,0.253962000,-0.410242000,-0.226500000,0.153941700,-0.843892413,0.513952295,0.000766093,1,0.320081495,-0.231594184,-0.214811955,0.153941700,-0.843892413,0.513952295,0.000766093,57104,104189.652425833,0.013432333,1,0.287933000,0.004772260,-0.268115000,0.007773987,-0.481632248,0.864228172,-0.145188188,1,0.333822487,-0.179507113,-0.259657699,0.007773987,-0.481632248,0.864228172,-0.145188188
6.219676209,104189.678262000,vr_world,57027,104189.670060208,0.008202375,1,0.254290000,-0.411744000,-0.225809000,0.154494279,-0.845222084,0.511588233,0.002937097,1,0.319360193,-0.232733706,-0.213782787,0.154494279,-0.845222084,0.511588233,0.002937097,57105,104189.670060208,0.008202375,1,0.287966000,0.004757300,-0.268055000,0.007548574,-0.481042492,0.864600348,-0.144939222,1,0.333594134,-0.179590683,-0.259679914,0.007548574,-0.481042492,0.864600348,-0.144939222
6.232112750,104189.690698541,vr_world,57028,104189.688525166,0.002175417,1,0.254265000,-0.413133000,-0.225357000,0.155576612,-0.844741393,0.512044889,0.004234136,1,0.319505851,-0.234219867,-0.212819838,0.155576612,-0.844741393,0.512044889,0.004234136,57106,104189.688525166,0.002175417,1,0.288125000,0.004702130,-0.267844000,0.007417188,-0.480273424,0.865186175,-0.143997594,1,0.333407065,-0.179746723,-0.259821089,0.007417188,-0.480273424,0.865186175,-0.143997594
6.244533292,104189.703119083,vr_world,57028,104189.688525166,0.014596000,1,0.254265000,-0.413133000,-0.225357000,0.155576612,-0.844741393,0.512044889,0.004234136,1,0.319505851,-0.234219867,-0.212819838,0.155576612,-0.844741393,0.512044889,0.004234136,57106,104189.688525166,0.014596000,1,0.288125000,0.004702130,-0.267844000,0.007417188,-0.480273424,0.865186175,-0.143997594,1,0.333407065,-0.179746723,-0.259821089,0.007417188,-0.480273424,0.865186175,-0.143997594
6.256938917,104189.715524708,vr_world,57029,104189.706654833,0.008870500,1,0.254834000,-0.415589000,-0.225009000,0.161297902,-0.844621954,0.510437238,0.007111170,1,0.319438729,-0.236626231,-0.210108711,0.161297902,-0.844621954,0.510437238,0.007111170,57107,104189.706654833,0.008870500,1,0.288244000,0.004691660,-0.267825000,0.007159742,-0.479492498,0.865638889,-0.143892312,1,0.333185772,-0.179841655,-0.259831003,0.007159742,-0.479492498,0.865638889,-0.143892312
6.269360875,104189.727946666,vr_world,57030,104189.724820208,0.003128208,1,0.255663000,-0.416558000,-0.223762000,0.162019438,-0.846077642,0.507814596,0.005163534,1,0.319249048,-0.237239051,-0.208763297,0.162019438,-0.846077642,0.507814596,0.005163534,57108,104189.724820208,0.003128208,1,0.288434000,0.004729570,-0.267694000,0.007261522,-0.478579874,0.866175264,-0.143697552,1,0.332993150,-0.179900757,-0.259800299,0.007261522,-0.478579874,0.866175264,-0.143697552
6.281757959,104189.740343750,vr_world,57030,104189.724820208,0.015525750,1,0.255663000,-0.416558000,-0.223762000,0.162019438,-0.846077642,0.507814596,0.005163534,1,0.319249048,-0.237239051,-0.208763297,0.162019438,-0.846077642,0.507814596,0.005163534,57108,104189.724820208,0.015525750,1,0.288434000,0.004729570,-0.267694000,0.007261522,-0.478579874,0.866175264,-0.143697552,1,0.332993150,-0.179900757,-0.259800299,0.007261522,-0.478579874,0.866175264,-0.143697552
6.294155459,104189.752741250,vr_world,57031,104189.742324541,0.010417167,1,0.256067000,-0.417926000,-0.221979000,0.156762231,-0.847397866,0.507281117,0.002885893,1,0.319391266,-0.238346204,-0.209150059,0.156762231,-0.847397866,0.507281117,0.002885893,57109,104189.742324541,0.010417167,1,0.288515000,0.004765180,-0.267544000,0.007523524,-0.478443281,0.866349177,-0.143089226,1,0.333015970,-0.179889969,-0.259904830,0.007523524,-0.478443281,0.866349177,-0.143089226
6.306570209,104189.765156000,vr_world,57032,104189.760323208,0.004837042,1,0.256335000,-0.419486000,-0.221136000,0.155160530,-0.847894173,0.506947543,0.002206937,1,0.319508383,-0.239806984,-0.208969179,0.155160530,-0.847894173,0.506947543,0.002206937,57110,104189.760323208,0.004837042,1,0.288646000,0.004715900,-0.267393000,0.007573830,-0.478353037,0.866437588,-0.142852777,1,0.333106651,-0.179952863,-0.259848337,0.007573830,-0.478353037,0.866437588,-0.142852777
6.318961709,104189.777547500,vr_world,57032,104189.760323208,0.017236792,1,0.256335000,-0.419486000,-0.221136000,0.155160530,-0.847894173,0.506947543,0.002206937,1,0.319508383,-0.239806984,-0.208969179,0.155160530,-0.847894173,0.506947543,0.002206937,57110,104189.760323208,0.017236792,1,0.288646000,0.004715900,-0.267393000,0.007573830,-0.478353037,0.866437588,-0.142852777,1,0.333106651,-0.179952863,-0.259848337,0.007573830,-0.478353037,0.866437588,-0.142852777
6.331353667,104189.789939458,vr_world,57033,104189.778827916,0.011112250,1,0.257178000,-0.421710000,-0.219490000,0.154505544,-0.848843335,0.505561199,0.000950705,1,0.319802423,-0.241814879,-0.207684136,0.154505544,-0.848843335,0.505561199,0.000950705,57111,104189.778827916,0.011112250,1,0.288932000,0.004533950,-0.267029000,0.008019639,-0.477780922,0.866903144,-0.141915519,1,0.333153137,-0.180208405,-0.259888013,0.008019639,-0.477780922,0.866903144,-0.141915519
6.343758417,104189.802344208,vr_world,57034,104189.797033791,0.005311875,1,0.257829000,-0.422939000,-0.218487000,0.153339634,-0.849972609,0.504017374,-0.000082061,1,0.319821006,-0.242790357,-0.207222128,0.153339634,-0.849972609,0.504017374,-0.000082061,57112,104189.797033791,0.005311875,1,0.289061000,0.004591380,-0.266927000,0.008481795,-0.477365648,0.867239926,-0.141226794,1,0.333114152,-0.180202760,-0.260095755,0.008481795,-0.477365648,0.867239926,-0.141226794
6.356179959,104189.814765750,vr_world,57034,104189.797033791,0.017733917,1,0.257829000,-0.422939000,-0.218487000,0.153339634,-0.849972609,0.504017374,-0.000082061,1,0.319821006,-0.242790357,-0.207222128,0.153339634,-0.849972609,0.504017374,-0.000082061,57112,104189.797033791,0.017733917,1,0.289061000,0.004591380,-0.266927000,0.008481795,-0.477365648,0.867239926,-0.141226794,1,0.333114152,-0.180202760,-0.260095755,0.008481795,-0.477365648,0.867239926,-0.141226794
6.368585417,104189.827171208,vr_world,57035,104189.815370333,0.011801417,1,0.258261000,-0.424229000,-0.217922000,0.153808804,-0.849700918,0.504332091,-0.000585794,1,0.320412510,-0.244144385,-0.206513377,0.153808804,-0.849700918,0.504332091,-0.000585794,57113,104189.815370333,0.011801417,1,0.289028000,0.004576560,-0.267003000,0.008356592,-0.477809371,0.866950457,-0.141510699,1,0.333267591,-0.180168335,-0.260045139,0.008356592,-0.477809371,0.866950457,-0.141510699
6.381015959,104189.839601750,vr_world,57036,104189.833528666,0.006074792,1,0.259396000,-0.426262000,-0.216605000,0.155837724,-0.849544015,0.503973617,-0.000404629,1,0.321433971,-0.246189178,-0.204419112,0.155837724,-0.849544015,0.503973617,-0.000404629,57114,104189.833528666,0.006074792,1,0.289153000,0.004435460,-0.266512000,0.008654620,-0.479102113,0.866444477,-0.140214945,1,0.333922561,-0.180199379,-0.260039246,0.008654620,-0.479102113,0.866444477,-0.140214945
6.393429167,104189.852014958,vr_world,57037,104189.851519375,0.000496166,1,0.260493000,-0.427030000,-0.215688000,0.154881822,-0.850387159,0.502843954,0.001122430,1,0.321985219,-0.246752628,-0.203763061,0.154881822,-0.850387159,0.502843954,0.001122430,57115,104189.851519375,0.000496166,1,0.289314000,0.004410640,-0.266488000,0.008304998,-0.479076748,0.866496445,-0.140001457,1,0.334054007,-0.180232873,-0.260060504,0.008304998,-0.479076748,0.866496445,-0.140001457
6.404965709,104189.863551500,vr_world,57037,104189.851519375,0.012032375,1,0.260493000,-0.427030000,-0.215688000,0.154881822,-0.850387159,0.502843954,0.001122430,1,0.321985219,-0.246752628,-0.203763061,0.154881822,-0.850387159,0.502843954,0.001122430,57115,104189.851519375,0.012032375,1,0.289314000,0.004410640,-0.266488000,0.008304998,-0.479076748,0.866496445,-0.140001457,1,0.334054007,-0.180232873,-0.260060504,0.008304998,-0.479076748,0.866496445,-0.140001457
6.417404375,104189.875990166,vr_world,57038,104189.870131875,0.005860250,1,0.261559000,-0.427920000,-0.214729000,0.152530911,-0.852237020,0.500420016,0.002488157,1,0.321939256,-0.247215009,-0.203619826,0.152530911,-0.852237020,0.500420016,0.002488157,57116,104189.870131875,0.005860250,1,0.289410000,0.004348020,-0.266398000,0.008042831,-0.478662388,0.866734471,-0.139960665,1,0.333964387,-0.180340401,-0.259967738,0.008042831,-0.478662388,0.866734471,-0.139960665
6.429809917,104189.888395708,vr_world,57039,104189.888308750,0.000087375,1,0.262935000,-0.430003000,-0.213365000,0.150275055,-0.854719429,0.496846703,0.003931700,1,0.321720199,-0.248726737,-0.203039655,0.150275055,-0.854719429,0.496846703,0.003931700,57117,104189.888308750,0.000087375,1,0.289395000,0.004276010,-0.266323000,0.008213376,-0.478640791,0.866787349,-0.139696904,1,0.333942422,-0.180417893,-0.260008038,0.008213376,-0.478640791,0.866787349,-0.139696904
6.440762959,104189.899348750,vr_world,57039,104189.888308750,0.011040666,1,0.262935000,-0.430003000,-0.213365000,0.150275055,-0.854719429,0.496846703,0.003931700,1,0.321720199,-0.248726737,-0.203039655,0.150275055,-0.854719429,0.496846703,0.003931700,57117,104189.888308750,0.011040666,1,0.289395000,0.004276010,-0.266323000,0.008213376,-0.478640791,0.866787349,-0.139696904,1,0.333942422,-0.180417893,-0.260008038,0.008213376,-0.478640791,0.866787349,-0.139696904
6.453172334,104189.911758125,vr_world,57040,104189.905873791,0.005884917,1,0.263369000,-0.430966000,-0.213381000,0.152941893,-0.854698768,0.496044930,0.006182295,1,0.321801090,-0.249646288,-0.201877437,0.152941893,-0.854698768,0.496044930,0.006182295,57118,104189.905873791,0.005884917,1,0.289171000,0.004091390,-0.266187000,0.008643737,-0.479654818,0.866263131,-0.139444362,1,0.334157176,-0.180500139,-0.259988465,0.008643737,-0.479654818,0.866263131,-0.139444362
6.465589750,104189.924175541,vr_world,57040,104189.905873791,0.018304209,1,0.263369000,-0.430966000,-0.213381000,0.152941893,-0.854698768,0.496044930,0.006182295,1,0.321801090,-0.249646288,-0.201877437,0.152941893,-0.854698768,0.496044930,0.006182295,57118,104189.905873791,0.018304209,1,0.289171000,0.004091390,-0.266187000,0.008643737,-0.479654818,0.866263131,-0.139444362,1,0.334157176,-0.180500139,-0.259988465,0.008643737,-0.479654818,0.866263131,-0.139444362
6.477777042,104189.936362833,vr_world,57041,104189.924651541,0.011713625,1,0.264031000,-0.431575000,-0.213105000,0.154609494,-0.855219389,0.494595157,0.008445788,1,0.321818982,-0.250101347,-0.200805139,0.154609494,-0.855219389,0.494595157,0.008445788,57119,104189.924651541,0.011713625,1,0.289110000,0.003999950,-0.266072000,0.009041231,-0.479789589,0.866225950,-0.139186240,1,0.334164634,-0.180579255,-0.260005885,0.009041231,-0.479789589,0.866225950,-0.139186240
6.490188625,104189.948774416,vr_world,57042,104189.942526750,0.006250166,1,0.264803000,-0.431535000,-0.212737000,0.155366760,-0.856148029,0.492721541,0.009859272,1,0.321778548,-0.249830628,-0.200056104,0.155366760,-0.856148029,0.492721541,0.009859272,57120,104189.942526750,0.006250166,1,0.289065000,0.003914710,-0.265956000,0.009338604,-0.479187144,0.866591079,-0.138968965,1,0.333875470,-0.180727853,-0.260011844,0.009338604,-0.479187144,0.866591079,-0.138968965
6.502603834,104189.961189625,vr_world,57043,104189.960419333,0.000772458,1,0.265797000,-0.431744000,-0.211620000,0.153331375,-0.857870791,0.490343686,0.010500708,1,0.321708252,-0.249659499,-0.199678409,0.153331375,-0.857870791,0.490343686,0.010500708,57121,104189.960419333,0.000772458,1,0.289053000,0.003904620,-0.265911000,0.009812931,-0.477463132,0.867605153,-0.138542276,1,0.333152739,-0.180916627,-0.260206583,0.009812931,-0.477463132,0.867605153,-0.138542276
6.515022250,104189.973608041,vr_world,57043,104189.960419333,0.013189167,1,0.265797000,-0.431744000,-0.211620000,0.153331375,-0.857870791,0.490343686,0.010500708,1,0.321708252,-0.249659499,-0.199678409,0.153331375,-0.857870791,0.490343686,0.010500708,57121,104189.960419333,0.013189167,1,0.289053000,0.003904620,-0.265911000,0.009812931,-0.477463132,0.867605153,-0.138542276,1,0.333152739,-0.180916627,-0.260206583,0.009812931,-0.477463132,0.867605153,-0.138542276
6.527439917,104189.986025708,vr_world,57044,104189.978597500,0.007430083,1,0.265719000,-0.431125000,-0.211055000,0.150070899,-0.857466567,0.492107926,0.007720128,1,0.322384695,-0.249184953,-0.200554545,0.150070899,-0.857466567,0.492107926,0.007720128,57122,104189.978597500,0.007430083,1,0.288880000,0.003808180,-0.266025000,0.010054865,-0.477781197,0.867415807,-0.138614017,1,0.333124885,-0.180978221,-0.260311569,0.010054865,-0.477781197,0.867415807,-0.138614017
6.539869459,104189.998455250,vr_world,57045,104189.996759500,0.001697875,1,0.265690000,-0.430754000,-0.210510000,0.147136067,-0.856880456,0.494049449,0.004690853,1,0.323206306,-0.249008983,-0.201342522,0.147136067,-0.856880456,0.494049449,0.004690853,57123,104189.996759500,0.001697875,1,0.288450000,0.003672030,-0.265974000,0.011618528,-0.478588652,0.866977135,-0.138450568,1,0.333098732,-0.181023175,-0.260459436,0.011618528,-0.478588652,0.866977135,-0.138450568
6.552299000,104190.010884791,vr_world,57045,104189.996759500,0.014127416,1,0.265690000,-0.430754000,-0.210510000,0.147136067,-0.856880456,0.494049449,0.004690853,1,0.323206306,-0.249008983,-0.201342522,0.147136067,-0.856880456,0.494049449,0.004690853,57123,104189.996759500,0.014127416,1,0.288450000,0.003672030,-0.265974000,0.011618528,-0.478588652,0.866977135,-0.138450568,1,0.333098732,-0.181023175,-0.260459436,0.011618528,-0.478588652,0.866977135,-0.138450568
6.564712667,104190.023298458,vr_world,57046,104190.013935791,0.009363209,1,0.266021000,-0.430158000,-0.210016000,0.144265649,-0.856707552,0.495214966,0.001315501,1,0.324084744,-0.248524312,-0.202190578,0.144265649,-0.856707552,0.495214966,0.001315501,57124,104190.013935791,0.009363209,1,0.288449000,0.003598500,-0.265922000,0.011892202,-0.478974254,0.866660439,-0.139075242,1,0.333282897,-0.181045241,-0.260194431,0.011892202,-0.478974254,0.866660439,-0.139075242
6.577134750,104190.035720541,vr_world,57047,104190.031913875,0.003807333,1,0.266403000,-0.429429000,-0.209785000,0.141985219,-0.858464001,0.492828263,0.000242002,1,0.323460106,-0.247437082,-0.202938523,0.141985219,-0.858464001,0.492828263,0.000242002,57125,104190.031913875,0.003807333,1,0.288374000,0.003429620,-0.265657000,0.011262258,-0.479635135,0.866500252,-0.137842707,1,0.333434395,-0.181170519,-0.260311547,0.011262258,-0.479635135,0.866500252,-0.137842707
6.588821917,104190.047407708,vr_world,57047,104190.031913875,0.015494083,1,0.266403000,-0.429429000,-0.209785000,0.141985219,-0.858464001,0.492828263,0.000242002,1,0.323460106,-0.247437082,-0.202938523,0.141985219,-0.858464001,0.492828263,0.000242002,57125,104190.031913875,0.015494083,1,0.288374000,0.003429620,-0.265657000,0.011262258,-0.479635135,0.866500252,-0.137842707,1,0.333434395,-0.181170519,-0.260311547,0.011262258,-0.479635135,0.866500252,-0.137842707
6.599199084,104190.057784875,vr_world,57048,104190.050795500,0.006990291,1,0.266466000,-0.428890000,-0.209535000,0.138631363,-0.861269651,0.488872097,-0.000074889,1,0.321807142,-0.246323502,-0.204031980,0.138631363,-0.861269651,0.488872097,-0.000074889,57126,104190.050795500,0.006990291,1,0.288315000,0.003465510,-0.265711000,0.010757783,-0.479741837,0.866489124,-0.137581385,1,0.333393119,-0.181131537,-0.260410891,0.010757783,-0.479741837,0.866489124,-0.137581385
6.611615459,104190.070201250,vr_world,57049,104190.068957625,0.001244166,1,0.266153000,-0.428161000,-0.209620000,0.136489639,-0.864902546,0.483025462,-0.000753842,1,0.319032696,-0.244840538,-0.205060051,0.136489639,-0.864902546,0.483025462,-0.000753842,57127,104190.068957625,0.001244166,1,0.288274000,0.003384180,-0.265657000,0.010535900,-0.479748273,0.866489684,-0.137572590,1,0.333344969,-0.181214236,-0.260338231,0.010535900,-0.479748273,0.866489684,-0.137572590
6.624052417,104190.082638208,vr_world,57049,104190.068957625,0.013683000,1,0.266153000,-0.428161000,-0.209620000,0.136489639,-0.864902546,0.483025462,-0.000753842,1,0.319032696,-0.244840538,-0.205060051,0.136489639,-0.864902546,0.483025462,-0.000753842,57127,104190.068957625,0.013683000,1,0.288274000,0.003384180,-0.265657000,0.010535900,-0.479748273,0.866489684,-0.137572590,1,0.333344969,-0.181214236,-0.260338231,0.010535900,-0.479748273,0.866489684,-0.137572590
6.636466667,104190.095052458,vr_world,57050,104190.087567541,0.007485167,1,0.265605000,-0.427549000,-0.210173000,0.139260259,-0.865844698,0.480538281,-0.001581115,1,0.317545199,-0.243985827,-0.204677580,0.139260259,-0.865844698,0.480538281,-0.001581115,57128,104190.087567541,0.007485167,1,0.288117000,0.003272650,-0.265640000,0.010585156,-0.480671809,0.866000423,-0.137425738,1,0.333574673,-0.181232044,-0.260361975,0.010585156,-0.480671809,0.866000423,-0.137425738
6.648890625,104190.107476416,vr_world,57051,104190.105655541,0.001821167,1,0.264875000,-0.426608000,-0.210373000,0.140465347,-0.864868278,0.481932148,-0.003708369,1,0.317513054,-0.243252639,-0.204586123,0.140465347,-0.864868278,0.481932148,-0.003708369,57129,104190.105655541,0.001821167,1,0.288188000,0.003291500,-0.265649000,0.010750698,-0.480172243,0.866269244,-0.137465038,1,0.333444080,-0.181263079,-0.260382618,0.010750698,-0.480172243,0.866269244,-0.137465038
6.661308875,104190.119894666,vr_world,57051,104190.105655541,0.014239542,1,0.264875000,-0.426608000,-0.210373000,0.140465347,-0.864868278,0.481932148,-0.003708369,1,0.317513054,-0.243252639,-0.204586123,0.140465347,-0.864868278,0.481932148,-0.003708369,57129,104190.105655541,0.014239542,1,0.288188000,0.003291500,-0.265649000,0.010750698,-0.480172243,0.866269244,-0.137465038,1,0.333444080,-0.181263079,-0.260382618,0.010750698,-0.480172243,0.866269244,-0.137465038
6.673720375,104190.132306166,vr_world,57052,104190.123435875,0.008870666,1,0.264002000,-0.425098000,-0.210475000,0.139300394,-0.863086138,0.485390963,-0.008563455,1,0.318267522,-0.242194400,-0.205480072,0.139300394,-0.863086138,0.485390963,-0.008563455,57130,104190.123435875,0.008870666,1,0.288300000,0.003304230,-0.265647000,0.010564033,-0.479121703,0.866856305,-0.137444322,1,0.333106980,-0.181360124,-0.260391168,0.010564033,-0.479121703,0.866856305,-0.137444322
6.685765875,104190.144351666,vr_world,57053,104190.141638250,0.002714208,1,0.263842000,-0.424311000,-0.210181000,0.135348872,-0.861224738,0.489716739,-0.012253485,1,0.319995908,-0.241939404,-0.206902829,0.135348872,-0.861224738,0.489716739,-0.012253485,57131,104190.141638250,0.002714208,1,0.288282000,0.003320910,-0.265589000,0.010496664,-0.479013179,0.866989811,-0.136984900,1,0.333031705,-0.181362022,-0.260499309,0.010496664,-0.479013179,0.866989811,-0.136984900
6.696429167,104190.155014958,vr_world,57053,104190.141638250,0.013378000,1,0.263842000,-0.424311000,-0.210181000,0.135348872,-0.861224738,0.489716739,-0.012253485,1,0.319995908,-0.241939404,-0.206902829,0.135348872,-0.861224738,0.489716739,-0.012253485,57131,104190.141638250,0.013378000,1,0.288282000,0.003320910,-0.265589000,0.010496664,-0.479013179,0.866989811,-0.136984900,1,0.333031705,-0.181362022,-0.260499309,0.010496664,-0.479013179,0.866989811,-0.136984900
6.707093500,104190.165679291,vr_world,57054,104190.159409041,0.006271125,1,0.264086000,-0.423728000,-0.210040000,0.131312323,-0.860682708,0.491709931,-0.014272100,1,0.321082392,-0.241595589,-0.208410479,0.131312323,-0.860682708,0.491709931,-0.014272100,57132,104190.159409041,0.006271125,1,0.288327000,0.003325100,-0.265529000,0.010722866,-0.478266498,0.867398671,-0.136988039,1,0.332773735,-0.181431980,-0.260475515,0.010722866,-0.478266498,0.867398671,-0.136988039
6.717764792,104190.176350583,vr_world,57054,104190.159409041,0.016942375,1,0.264086000,-0.423728000,-0.210040000,0.131312323,-0.860682708,0.491709931,-0.014272100,1,0.321082392,-0.241595589,-0.208410479,0.131312323,-0.860682708,0.491709931,-0.014272100,57132,104190.159409041,0.016942375,1,0.288327000,0.003325100,-0.265529000,0.010722866,-0.478266498,0.867398671,-0.136988039,1,0.332773735,-0.181431980,-0.260475515,0.010722866,-0.478266498,0.867398671,-0.136988039
6.728563209,104190.187149000,vr_world,57055,104190.177613958,0.009535625,1,0.264607000,-0.423405000,-0.210039000,0.128142747,-0.861802364,0.490572041,-0.014669543,1,0.321083562,-0.241103904,-0.209657125,0.128142747,-0.861802364,0.490572041,-0.014669543,57133,104190.177613958,0.009535625,1,0.288360000,0.003303660,-0.265378000,0.011065944,-0.477443229,0.867887905,-0.136733657,1,0.332471733,-0.181537647,-0.260469624,0.011065944,-0.477443229,0.867887905,-0.136733657
6.740948792,104190.199534583,vr_world,57056,104190.195343750,0.004191375,1,0.265078000,-0.422945000,-0.210415000,0.125128985,-0.862909353,0.489383254,-0.015304153,1,0.321028167,-0.240483030,-0.211241723,0.125128985,-0.862909353,0.489383254,-0.015304153,57134,104190.195343750,0.004191375,1,0.288335000,0.003323180,-0.265211000,0.011765245,-0.476957414,0.868277482,-0.135894883,1,0.332258390,-0.181573025,-0.260693332,0.011765245,-0.476957414,0.868277482,-0.135894883
6.753355625,104190.211941416,vr_world,57056,104190.195343750,0.016598166,1,0.265078000,-0.422945000,-0.210415000,0.125128985,-0.862909353,0.489383254,-0.015304153,1,0.321028167,-0.240483030,-0.211241723,0.125128985,-0.862909353,0.489383254,-0.015304153,57134,104190.195343750,0.016598166,1,0.288335000,0.003323180,-0.265211000,0.011765245,-0.476957414,0.868277482,-0.135894883,1,0.332258390,-0.181573025,-0.260693332,0.011765245,-0.476957414,0.868277482,-0.135894883
6.765759709,104190.224345500,vr_world,57057,104190.213782375,0.010563708,1,0.265389000,-0.423018000,-0.210939000,0.125374526,-0.862760961,0.489632709,-0.013585367,1,0.321362442,-0.240562403,-0.211529009,0.125374526,-0.862760961,0.489632709,-0.013585367,57135,104190.213782375,0.010563708,1,0.288339000,0.003274480,-0.265285000,0.011989867,-0.477099674,0.868128890,-0.136324519,1,0.332340172,-0.181599594,-0.260627333,0.011989867,-0.477099674,0.868128890,-0.136324519
6.778167667,104190.236753458,vr_world,57058,104190.232026791,0.004727167,1,0.265918000,-0.423008000,-0.211326000,0.127376984,-0.863539120,0.487779911,-0.012085151,1,0.321089945,-0.240307557,-0.211071945,0.127376984,-0.863539120,0.487779911,-0.012085151,57136,104190.232026791,0.004727167,1,0.288309000,0.003224420,-0.265171000,0.012230559,-0.477251859,0.868091790,-0.136006329,1,0.332378764,-0.181636823,-0.260652100,0.012230559,-0.477251859,0.868091790,-0.136006329
6.790581000,104190.249166791,vr_world,57058,104190.232026791,0.017140500,1,0.265918000,-0.423008000,-0.211326000,0.127376984,-0.863539120,0.487779911,-0.012085151,1,0.321089945,-0.240307557,-0.211071945,0.127376984,-0.863539120,0.487779911,-0.012085151,57136,104190.232026791,0.017140500,1,0.288309000,0.003224420,-0.265171000,0.012230559,-0.477251859,0.868091790,-0.136006329,1,0.332378764,-0.181636823,-0.260652100,0.012230559,-0.477251859,0.868091790,-0.136006329
6.802984000,104190.261569791,vr_world,57059,104190.249605583,0.011964500,1,0.267042000,-0.422452000,-0.211731000,0.126450247,-0.865783136,0.484097227,-0.008931508,1,0.320507927,-0.239244854,-0.211624816,0.126450247,-0.865783136,0.484097227,-0.008931508,57137,104190.249605583,0.011964500,1,0.288339000,0.003248020,-0.265046000,0.011886954,-0.477118802,0.868262769,-0.135410906,1,0.332326276,-0.181637318,-0.260716696,0.011886954,-0.477118802,0.868262769,-0.135410906
6.815405667,104190.273991458,vr_world,57060,104190.267893500,0.006098541,1,0.267505000,-0.422213000,-0.211805000,0.125922996,-0.867018078,0.482047970,-0.007266862,1,0.320025695,-0.238732744,-0.211788116,0.125922996,-0.867018078,0.482047970,-0.007266862,57138,104190.267893500,0.006098541,1,0.288414000,0.003229510,-0.264997000,0.011114401,-0.476374078,0.868670224,-0.135485240,1,0.332055963,-0.181735622,-0.260578389,0.011114401,-0.476374078,0.868670224,-0.135485240
6.827092959,104190.285678750,vr_world,57060,104190.267893500,0.017785875,1,0.267505000,-0.422213000,-0.211805000,0.125922996,-0.867018078,0.482047970,-0.007266862,1,0.320025695,-0.238732744,-0.211788116,0.125922996,-0.867018078,0.482047970,-0.007266862,57138,104190.267893500,0.017785875,1,0.288414000,0.003229510,-0.264997000,0.011114401,-0.476374078,0.868670224,-0.135485240,1,0.332055963,-0.181735622,-0.260578389,0.011114401,-0.476374078,0.868670224,-0.135485240
6.839490959,104190.298076750,vr_world,57061,104190.286864458,0.011212750,1,0.267601000,-0.422022000,-0.211879000,0.124697701,-0.867056720,0.482299093,-0.007121217,1,0.320190968,-0.238562004,-0.212306084,0.124697701,-0.867056720,0.482299093,-0.007121217,57139,104190.286864458,0.011212750,1,0.288466000,0.003091400,-0.264906000,0.011019146,-0.475175306,0.869441176,-0.134755515,1,0.331587242,-0.182002410,-0.260772722,0.011019146,-0.475175306,0.869441176,-0.134755515
6.851865834,104190.310451625,vr_world,57062,104190.305717041,0.004735084,1,0.267953000,-0.421618000,-0.212059000,0.124438013,-0.867269117,0.481980421,-0.007371126,1,0.320416332,-0.238122133,-0.212609809,0.124438013,-0.867269117,0.481980421,-0.007371126,57140,104190.305717041,0.004735084,1,0.288416000,0.003014820,-0.264884000,0.010890806,-0.474952835,0.869563943,-0.134758096,1,0.331438310,-0.182101708,-0.260741344,0.010890806,-0.474952835,0.869563943,-0.134758096
6.861898209,104190.320484000,vr_world,57062,104190.305717041,0.014767542,1,0.267953000,-0.421618000,-0.212059000,0.124438013,-0.867269117,0.481980421,-0.007371126,1,0.320416332,-0.238122133,-0.212609809,0.124438013,-0.867269117,0.481980421,-0.007371126,57140,104190.305717041,0.014767542,1,0.288416000,0.003014820,-0.264884000,0.010890806,-0.474952835,0.869563943,-0.134758096,1,0.331438310,-0.182101708,-0.260741344,0.010890806,-0.474952835,0.869563943,-0.134758096
6.874287750,104190.332873541,vr_world,57063,104190.324366750,0.008507250,1,0.268099000,-0.421498000,-0.212034000,0.124519425,-0.867914701,0.480783088,-0.008161228,1,0.320103738,-0.237871796,-0.212640725,0.124519425,-0.867914701,0.480783088,-0.008161228,57141,104190.324366750,0.008507250,1,0.288224000,0.002811570,-0.264570000,0.010458578,-0.475452095,0.869381915,-0.134205100,1,0.331425442,-0.182266644,-0.260579020,0.010458578,-0.475452095,0.869381915,-0.134205100
6.886726375,104190.345312166,vr_world,57064,104190.342907750,0.002404750,1,0.268114000,-0.421486000,-0.212081000,0.124688819,-0.868303730,0.480024501,-0.008820935,1,0.319838754,-0.237780793,-0.212692947,0.124688819,-0.868303730,0.480024501,-0.008820935,57142,104190.342907750,0.002404750,1,0.288082000,0.002715600,-0.263875000,0.011095624,-0.474983609,0.869982577,-0.131900619,1,0.331070903,-0.182429772,-0.260811366,0.011095624,-0.474983609,0.869982577,-0.131900619
6.899093584,104190.357679375,vr_world,57064,104190.342907750,0.014772083,1,0.268114000,-0.421486000,-0.212081000,0.124688819,-0.868303730,0.480024501,-0.008820935,1,0.319838754,-0.237780793,-0.212692947,0.124688819,-0.868303730,0.480024501,-0.008820935,57142,104190.342907750,0.014772083,1,0.288082000,0.002715600,-0.263875000,0.011095624,-0.474983609,0.869982577,-0.131900619,1,0.331070903,-0.182429772,-0.260811366,0.011095624,-0.474983609,0.869982577,-0.131900619
6.911503125,104190.370088916,vr_world,57065,104190.360755083,0.009334333,1,0.268422000,-0.421557000,-0.212533000,0.126288828,-0.869686752,0.477067332,-0.010141292,1,0.319015543,-0.237536020,-0.212707735,0.126288828,-0.869686752,0.477067332,-0.010141292,57143,104190.360755083,0.009334333,1,0.287947000,0.002701920,-0.263620000,0.012211142,-0.473527396,0.870843670,-0.131354465,1,0.330366662,-0.182580114,-0.260900362,0.012211142,-0.473527396,0.870843670,-0.131354465
6.923910292,104190.382496083,vr_world,57066,104190.379095333,0.003401292,1,0.268634000,-0.421464000,-0.212984000,0.129490373,-0.870417727,0.474852604,-0.010964847,1,0.318414295,-0.237223527,-0.212067748,0.129490373,-0.870417727,0.474852604,-0.010964847,57144,104190.379095333,0.003401292,1,0.287880000,0.002492660,-0.263498000,0.014201813,-0.472336922,0.871467769,-0.131301440,1,0.329893526,-0.182885295,-0.261023855,0.014201813,-0.472336922,0.871467769,-0.131301440
6.936333750,104190.394919541,vr_world,57066,104190.379095333,0.015824625,1,0.268634000,-0.421464000,-0.212984000,0.129490373,-0.870417727,0.474852604,-0.010964847,1,0.318414295,-0.237223527,-0.212067748,0.129490373,-0.870417727,0.474852604,-0.010964847,57144,104190.379095333,0.015824625,1,0.287880000,0.002492660,-0.263498000,0.014201813,-0.472336922,0.871467769,-0.131301440,1,0.329893526,-0.182885295,-0.261023855,0.014201813,-0.472336922,0.871467769,-0.131301440
6.948736875,104190.407322666,vr_world,57067,104190.396815125,0.010507833,1,0.269102000,-0.420834000,-0.212779000,0.129370566,-0.872222913,0.471542184,-0.011765051,1,0.317540337,-0.236235340,-0.212038105,0.129370566,-0.872222913,0.471542184,-0.011765051,57145,104190.396815125,0.010507833,1,0.287681000,0.002592180,-0.263441000,0.014964017,-0.472671719,0.871281864,-0.131245717,1,0.329869661,-0.182747062,-0.261057275,0.014964017,-0.472671719,0.871281864,-0.131245717
6.960440209,104190.419026000,vr_world,57068,104190.414945333,0.004081042,1,0.269164000,-0.420897000,-0.212533000,0.127292017,-0.872267782,0.472026387,-0.011693941,1,0.317756799,-0.236337512,-0.212556243,0.127292017,-0.872267782,0.472026387,-0.011693941,57146,104190.414945333,0.004081042,1,0.287492000,0.002696560,-0.263240000,0.016013947,-0.472524676,0.871387216,-0.130951530,1,0.329663768,-0.182649220,-0.261074305,0.016013947,-0.472524676,0.871387216,-0.130951530
6.972811500,104190.431397291,vr_world,57068,104190.414945333,0.016452417,1,0.269164000,-0.420897000,-0.212533000,0.127292017,-0.872267782,0.472026387,-0.011693941,1,0.317756799,-0.236337512,-0.212556243,0.127292017,-0.872267782,0.472026387,-0.011693941,57146,104190.414945333,0.016452417,1,0.287492000,0.002696560,-0.263240000,0.016013947,-0.472524676,0.871387216,-0.130951530,1,0.329663768,-0.182649220,-0.261074305,0.016013947,-0.472524676,0.871387216,-0.130951530
6.985212750,104190.443798541,vr_world,57069,104190.432566000,0.011232833,1,0.269775000,-0.420976000,-0.213034000,0.129149639,-0.874235726,0.467888305,-0.010620703,1,0.316631629,-0.235969422,-0.212339252,0.129149639,-0.874235726,0.467888305,-0.010620703,57147,104190.432566000,0.011232833,1,0.287666000,0.002643060,-0.263245000,0.016107583,-0.472097105,0.871645209,-0.130765051,1,0.329659910,-0.182744201,-0.261167126,0.016107583,-0.472097105,0.871645209,-0.130765051
6.995230500,104190.453816291,vr_world,57070,104190.450420416,0.003396500,1,0.270117000,-0.421524000,-0.213008000,0.128616468,-0.876476064,0.463833855,-0.010279517,1,0.315258134,-0.236090639,-0.212554334,0.128616468,-0.876476064,0.463833855,-0.010279517,57148,104190.450420416,0.003396500,1,0.287767000,0.002766180,-0.263261000,0.015875206,-0.471462446,0.872024681,-0.130553036,1,0.329480197,-0.182685139,-0.261252077,0.015875206,-0.471462446,0.872024681,-0.130553036
7.007635625,104190.466221416,vr_world,57070,104190.450420416,0.015801334,1,0.270117000,-0.421524000,-0.213008000,0.128616468,-0.876476064,0.463833855,-0.010279517,1,0.315258134,-0.236090639,-0.212554334,0.128616468,-0.876476064,0.463833855,-0.010279517,57148,104190.450420416,0.015801334,1,0.287767000,0.002766180,-0.263261000,0.015875206,-0.471462446,0.872024681,-0.130553036,1,0.329480197,-0.182685139,-0.261252077,0.015875206,-0.471462446,0.872024681,-0.130553036
7.020046750,104190.478632541,vr_world,57071,104190.468789250,0.009843666,1,0.270370000,-0.421634000,-0.213344000,0.129373971,-0.878403073,0.459958236,-0.010432568,1,0.313921607,-0.235821458,-0.212691496,0.129373971,-0.878403073,0.459958236,-0.010432568,57149,104190.468789250,0.009843666,1,0.288051000,0.003065420,-0.263340000,0.015164578,-0.469884492,0.872808718,-0.131086006,1,0.329079730,-0.182535814,-0.261096095,0.015164578,-0.469884492,0.872808718,-0.131086006
7.032395459,104190.490981250,vr_world,57072,104190.486944916,0.004036834,1,0.270151000,-0.421683000,-0.213744000,0.131531450,-0.879802743,0.456636086,-0.011405964,1,0.312411850,-0.235576114,-0.212439252,0.131531450,-0.879802743,0.456636086,-0.011405964,57150,104190.486944916,0.004036834,1,0.288109000,0.003279950,-0.263375000,0.014474820,-0.469454543,0.873062727,-0.131012927,1,0.328923552,-0.182368042,-0.261096916,0.014474820,-0.469454543,0.873062727,-0.131012927
7.043093042,104190.501678833,vr_world,57072,104190.486944916,0.014734209,1,0.270151000,-0.421683000,-0.213744000,0.131531450,-0.879802743,0.456636086,-0.011405964,1,0.312411850,-0.235576114,-0.212439252,0.131531450,-0.879802743,0.456636086,-0.011405964,57150,104190.486944916,0.014734209,1,0.288109000,0.003279950,-0.263375000,0.014474820,-0.469454543,0.873062727,-0.131012927,1,0.328923552,-0.182368042,-0.261096916,0.014474820,-0.469454543,0.873062727,-0.131012927
7.055496417,104190.514082208,vr_world,57073,104190.505706125,0.008376625,1,0.269618000,-0.421520000,-0.214049000,0.132936400,-0.879640540,0.456466274,-0.014105847,1,0.311968282,-0.235435498,-0.212478526,0.132936400,-0.879640540,0.456466274,-0.014105847,57151,104190.505706125,0.008376625,1,0.288085000,0.003481780,-0.263418000,0.014157840,-0.470168665,0.872677150,-0.131055610,1,0.329184144,-0.182102743,-0.261076484,0.014157840,-0.470168665,0.872677150,-0.131055610
7.067898125,104190.526483916,vr_world,57074,104190.524123125,0.002361333,1,0.268688000,-0.421105000,-0.214678000,0.134975948,-0.877058190,0.460752822,-0.016039388,1,0.312954919,-0.235473985,-0.212436795,0.134975948,-0.877058190,0.460752822,-0.016039388,57152,104190.524123125,0.002361333,1,0.288320000,0.003879950,-0.263539000,0.013275406,-0.469177742,0.873080586,-0.132008712,1,0.328980732,-0.181795327,-0.260775810,0.013275406,-0.469177742,0.873080586,-0.132008712
7.078198625,104190.536784416,vr_world,57074,104190.524123125,0.012661791,1,0.268688000,-0.421105000,-0.214678000,0.134975948,-0.877058190,0.460752822,-0.016039388,1,0.312954919,-0.235473985,-0.212436795,0.134975948,-0.877058190,0.460752822,-0.016039388,57152,104190.524123125,0.012661791,1,0.288320000,0.003879950,-0.263539000,0.013275406,-0.469177742,0.873080586,-0.132008712,1,0.328980732,-0.181795327,-0.260775810,0.013275406,-0.469177742,0.873080586,-0.132008712
7.090101167,104190.548686958,vr_world,57075,104190.541549208,0.007138208,1,0.267903000,-0.420565000,-0.215346000,0.137218300,-0.875537152,0.462883438,-0.018567625,1,0.313221080,-0.235196936,-0.212450919,0.137218300,-0.875537152,0.462883438,-0.018567625,57153,104190.541549208,0.007138208,1,0.288348000,0.004032960,-0.263440000,0.013072651,-0.469075167,0.873216238,-0.131495224,1,0.328946626,-0.181658301,-0.260847964,0.013072651,-0.469075167,0.873216238,-0.131495224
7.101400292,104190.559986083,vr_world,57076,104190.559875166,0.000111250,1,0.267825000,-0.420612000,-0.215201000,0.136050422,-0.876759531,0.460814795,-0.020802198,1,0.312374616,-0.235048248,-0.212994606,0.136050422,-0.876759531,0.460814795,-0.020802198,57154,104190.559875166,0.000111250,1,0.288406000,0.004343920,-0.263610000,0.011834683,-0.469581323,0.872964025,-0.131480537,1,0.329158471,-0.181311692,-0.260886108,0.011834683,-0.469581323,0.872964025,-0.131480537
7.111900417,104190.570486208,vr_world,57076,104190.559875166,0.010611709,1,0.267825000,-0.420612000,-0.215201000,0.136050422,-0.876759531,0.460814795,-0.020802198,1,0.312374616,-0.235048248,-0.212994606,0.136050422,-0.876759531,0.460814795,-0.020802198,57154,104190.559875166,0.010611709,1,0.288406000,0.004343920,-0.263610000,0.011834683,-0.469581323,0.872964025,-0.131480537,1,0.329158471,-0.181311692,-0.260886108,0.011834683,-0.469581323,0.872964025,-0.131480537
7.123093667,104190.581679458,vr_world,57077,104190.577435958,0.004243917,1,0.267384000,-0.420301000,-0.215427000,0.136615982,-0.877071769,0.460008333,-0.021760509,1,0.311656456,-0.234672208,-0.213115520,0.136615982,-0.877071769,0.460008333,-0.021760509,57155,104190.577435958,0.004243917,1,0.288507000,0.004404470,-0.263688000,0.010888625,-0.469061805,0.873181810,-0.131969648,1,0.329007737,-0.181302124,-0.260696555,0.010888625,-0.469061805,0.873181810,-0.131969648
7.135510917,104190.594096708,vr_world,57077,104190.577435958,0.016661458,1,0.267384000,-0.420301000,-0.215427000,0.136615982,-0.877071769,0.460008333,-0.021760509,1,0.311656456,-0.234672208,-0.213115520,0.136615982,-0.877071769,0.460008333,-0.021760509,57155,104190.577435958,0.016661458,1,0.288507000,0.004404470,-0.263688000,0.010888625,-0.469061805,0.873181810,-0.131969648,1,0.329007737,-0.181302124,-0.260696555,0.010888625,-0.469061805,0.873181810,-0.131969648
7.147904000,104190.606489791,vr_world,57078,104190.595255833,0.011234708,1,0.266610000,-0.419878000,-0.215329000,0.134938712,-0.876921883,0.460641216,-0.024682492,1,0.311269388,-0.234332941,-0.213897847,0.134938712,-0.876921883,0.460641216,-0.024682492,57156,104190.595255833,0.011234708,1,0.288597000,0.004545140,-0.263649000,0.010865582,-0.467646238,0.873952172,-0.131895930,1,0.328502653,-0.181291148,-0.260711014,0.010865582,-0.467646238,0.873952172,-0.131895930
7.159994834,104190.618580625,vr_world,57079,104190.613277041,0.005304125,1,0.265695000,-0.419714000,-0.215750000,0.135852611,-0.877099517,0.459742338,-0.029622411,1,0.310257128,-0.234144744,-0.214448521,0.135852611,-0.877099517,0.459742338,-0.029622411,57157,104190.613277041,0.005304125,1,0.288645000,0.004586090,-0.263778000,0.010065356,-0.465918964,0.874733368,-0.132889961,1,0.327810329,-0.181400527,-0.260424274,0.010065356,-0.465918964,0.874733368,-0.132889961
7.172407125,104190.630992916,vr_world,57080,104190.630885166,0.000108375,1,0.265230000,-0.418905000,-0.215742000,0.136558286,-0.876711786,0.460091658,-0.032310136,1,0.310092767,-0.233408382,-0.214409376,0.136558286,-0.876711786,0.460091658,-0.032310136,57158,104190.630885166,0.000108375,1,0.289052000,0.003824250,-0.263772000,0.010291875,-0.464552050,0.875375126,-0.133431101,1,0.327666059,-0.182274895,-0.260269581,0.010291875,-0.464552050,0.875375126,-0.133431101
7.183668584,104190.642254375,vr_world,57080,104190.630885166,0.011369750,1,0.265230000,-0.418905000,-0.215742000,0.136558286,-0.876711786,0.460091658,-0.032310136,1,0.310092767,-0.233408382,-0.214409376,0.136558286,-0.876711786,0.460091658,-0.032310136,57158,104190.630885166,0.011369750,1,0.289052000,0.003824250,-0.263772000,0.010291875,-0.464552050,0.875375126,-0.133431101,1,0.327666059,-0.182274895,-0.260269581,0.010291875,-0.464552050,0.875375126,-0.133431101
7.195098375,104190.653684166,vr_world,57081,104190.648798250,0.004886458,1,0.264891000,-0.418841000,-0.215387000,0.133758827,-0.877039361,0.460093970,-0.034986773,1,0.309866217,-0.233366833,-0.215344143,0.133758827,-0.877039361,0.460093970,-0.034986773,57159,104190.648798250,0.004886458,1,0.289315000,0.004529040,-0.263275000,0.007564548,-0.463819704,0.875432344,-0.135765496,1,0.327546020,-0.181624375,-0.258638639,0.007564548,-0.463819704,0.875432344,-0.135765496
7.207498125,104190.666083916,vr_world,57081,104190.648798250,0.017286166,1,0.264891000,-0.418841000,-0.215387000,0.133758827,-0.877039361,0.460093970,-0.034986773,1,0.309866217,-0.233366833,-0.215344143,0.133758827,-0.877039361,0.460093970,-0.034986773,57159,104190.648798250,0.017286166,1,0.289315000,0.004529040,-0.263275000,0.007564548,-0.463819704,0.875432344,-0.135765496,1,0.327546020,-0.181624375,-0.258638639,0.007564548,-0.463819704,0.875432344,-0.135765496
7.219457042,104190.678042833,vr_world,57082,104190.666872416,0.011170750,1,0.264743000,-0.419469000,-0.216063000,0.139187876,-0.878037699,0.456578738,-0.034819391,1,0.308318606,-0.233671503,-0.214072256,0.139187876,-0.878037699,0.456578738,-0.034819391,57160,104190.666872416,0.011170750,1,0.290278000,0.003516970,-0.261290000,0.002641851,0.460706435,-0.876657961,0.138612486,1,0.326839040,-0.182908395,-0.254570563,0.002641851,0.460706435,-0.876657961,0.138612486
7.231846042,104190.690431833,vr_world,57083,104190.685518750,0.004913625,1,0.264979000,-0.418412000,-0.215539000,0.139570080,-0.879300089,0.454045441,-0.034558419,1,0.307493711,-0.232370042,-0.213455422,0.139570080,-0.879300089,0.454045441,-0.034558419,57161,104190.685518750,0.004913625,1,0.291719000,0.002636520,-0.259398000,0.005721835,0.456319025,-0.879525596,0.134814443,1,0.326235260,-0.184215313,-0.253808211,0.005721835,0.456319025,-0.879525596,0.134814443
7.244270125,104190.702855916,vr_world,57083,104190.685518750,0.017337750,1,0.264979000,-0.418412000,-0.215539000,0.139570080,-0.879300089,0.454045441,-0.034558419,1,0.307493711,-0.232370042,-0.213455422,0.139570080,-0.879300089,0.454045441,-0.034558419,57161,104190.685518750,0.017337750,1,0.291719000,0.002636520,-0.259398000,0.005721835,0.456319025,-0.879525596,0.134814443,1,0.326235260,-0.184215313,-0.253808211,0.005721835,0.456319025,-0.879525596,0.134814443
7.256427834,104190.715013625,vr_world,57084,104190.703421708,0.011592292,1,0.264174000,-0.418382000,-0.214746000,0.133304532,-0.878790268,0.456676558,-0.037471163,1,0.307867747,-0.232602280,-0.215196998,0.133304532,-0.878790268,0.456676558,-0.037471163,57162,104190.703421708,0.011592292,1,0.292392000,0.001703230,-0.257442000,0.006022635,0.452855179,-0.882254837,0.128500262,1,0.325297614,-0.185494233,-0.254188098,0.006022635,0.452855179,-0.882254837,0.128500262
7.267097667,104190.725683458,vr_world,57085,104190.721833541,0.003850334,1,0.263875000,-0.418134000,-0.215117000,0.138783552,-0.877355393,0.457659457,-0.039172210,1,0.308136807,-0.232494150,-0.213638699,0.138783552,-0.877355393,0.457659457,-0.039172210,57163,104190.721833541,0.003850334,1,0.292440000,-0.000750355,-0.254562000,0.004403271,0.453954891,-0.882185022,0.125120564,1,0.325792177,-0.187887957,-0.252714074,0.004403271,0.453954891,-0.882185022,0.125120564
7.279533292,104190.738119083,vr_world,57085,104190.721833541,0.016286042,1,0.263875000,-0.418134000,-0.215117000,0.138783552,-0.877355393,0.457659457,-0.039172210,1,0.308136807,-0.232494150,-0.213638699,0.138783552,-0.877355393,0.457659457,-0.039172210,57163,104190.721833541,0.016286042,1,0.292440000,-0.000750355,-0.254562000,0.004403271,0.453954891,-0.882185022,0.125120564,1,0.325792177,-0.187887957,-0.252714074,0.004403271,0.453954891,-0.882185022,0.125120564
7.291922667,104190.750508458,vr_world,57086,104190.739828250,0.010680833,1,0.264253000,-0.417422000,-0.213930000,0.135483636,-0.878292338,0.456749361,-0.040333293,1,0.308167514,-0.231693918,-0.213821187,0.135483636,-0.878292338,0.456749361,-0.040333293,57164,104190.739828250,0.010680833,1,0.291644000,-0.001452200,-0.251764000,0.005755244,-0.460986242,0.880527151,-0.110138542,1,0.328049639,-0.187970802,-0.256424207,0.005755244,-0.460986242,0.880527151,-0.110138542
7.304299542,104190.762885333,vr_world,57087,104190.757075833,0.005809833,1,0.264621000,-0.417444000,-0.213749000,0.132528637,-0.880304052,0.453695783,-0.040756258,1,0.307261959,-0.231422704,-0.214879835,0.132528637,-0.880304052,0.453695783,-0.040756258,57165,104190.757075833,0.005809833,1,0.292384000,-0.001584560,-0.251866000,0.012811870,-0.458103003,0.881684297,-0.112295573,1,0.327998715,-0.188255260,-0.256543565,0.012811870,-0.458103003,0.881684297,-0.112295573
7.316614167,104190.775199958,vr_world,57087,104190.757075833,0.018125583,1,0.264621000,-0.417444000,-0.213749000,0.132528637,-0.880304052,0.453695783,-0.040756258,1,0.307261959,-0.231422704,-0.214879835,0.132528637,-0.880304052,0.453695783,-0.040756258,57165,104190.757075833,0.018125583,1,0.292384000,-0.001584560,-0.251866000,0.012811870,-0.458103003,0.881684297,-0.112295573,1,0.327998715,-0.188255260,-0.256543565,0.012811870,-0.458103003,0.881684297,-0.112295573
7.329003959,104190.787589750,vr_world,57088,104190.775777500,0.011813000,1,0.264553000,-0.417111000,-0.213967000,0.135074350,-0.881286824,0.451065104,-0.040357489,1,0.306108996,-0.230841097,-0.214190924,0.135074350,-0.881286824,0.451065104,-0.040357489,57166,104190.775777500,0.011813000,1,0.293243000,-0.002046500,-0.251063000,0.017718078,-0.452338484,0.884619182,-0.111914555,1,0.326711809,-0.189092388,-0.256527931,0.017718078,-0.452338484,0.884619182,-0.111914555
7.341400750,104190.799986541,vr_world,57089,104190.793051208,0.006935792,1,0.263996000,-0.416207000,-0.213131000,0.134260771,-0.880761750,0.452041946,-0.043484064,1,0.306132471,-0.230069091,-0.213915382,0.134260771,-0.880761750,0.452041946,-0.043484064,57167,104190.793051208,0.006935792,1,0.294586000,-0.002899830,-0.249383000,0.020654759,-0.443852006,0.888810546,-0.112181061,1,0.324693846,-0.190503703,-0.255260921,0.020654759,-0.443852006,0.888810546,-0.112181061
7.353802792,104190.812388583,vr_world,57090,104190.811182250,0.001206833,1,0.263831000,-0.415983000,-0.212716000,0.133164294,-0.878882409,0.455880122,-0.044791688,1,0.307624198,-0.230230052,-0.213904359,0.133164294,-0.878882409,0.455880122,-0.044791688,57168,104190.811182250,0.001206833,1,0.294525000,-0.003585470,-0.248826000,0.017806404,-0.442067324,0.890018234,-0.110122457,1,0.323692245,-0.191322514,-0.255174764,0.017806404,-0.442067324,0.890018234,-0.110122457
7.365762625,104190.824348416,vr_world,57090,104190.811182250,0.013166583,1,0.263831000,-0.415983000,-0.212716000,0.133164294,-0.878882409,0.455880122,-0.044791688,1,0.307624198,-0.230230052,-0.213904359,0.133164294,-0.878882409,0.455880122,-0.044791688,57168,104190.811182250,0.013166583,1,0.294525000,-0.003585470,-0.248826000,0.017806404,-0.442067324,0.890018234,-0.110122457,1,0.323692245,-0.191322514,-0.255174764,0.017806404,-0.442067324,0.890018234,-0.110122457
7.378164084,104190.836749875,vr_world,57091,104190.829283041,0.007467209,1,0.264325000,-0.415741000,-0.212524000,0.132349349,-0.879617111,0.454741900,-0.044353049,1,0.307612070,-0.229871527,-0.214015105,0.132349349,-0.879617111,0.454741900,-0.044353049,57169,104190.829283041,0.007467209,1,0.294506000,-0.003791560,-0.248629000,0.016473615,-0.441924036,0.889963768,-0.111338487,1,0.323563560,-0.191564680,-0.254385537,0.016473615,-0.441924036,0.889963768,-0.111338487
7.390573625,104190.849159416,vr_world,57092,104190.846822458,0.002337292,1,0.264674000,-0.415470000,-0.211879000,0.129964357,-0.881578295,0.451574776,-0.044824070,1,0.306654062,-0.229312214,-0.214407984,0.129964357,-0.881578295,0.451574776,-0.044824070,57170,104190.846822458,0.002337292,1,0.294778000,-0.004236440,-0.247861000,0.017099406,-0.440111012,0.890849798,-0.111339773,1,0.323117159,-0.192115848,-0.253726540,0.017099406,-0.440111012,0.890849798,-0.111339773
7.402989417,104190.861575208,vr_world,57092,104190.846822458,0.014753167,1,0.264674000,-0.415470000,-0.211879000,0.129964357,-0.881578295,0.451574776,-0.044824070,1,0.306654062,-0.229312214,-0.214407984,0.129964357,-0.881578295,0.451574776,-0.044824070,57170,104190.846822458,0.014753167,1,0.294778000,-0.004236440,-0.247861000,0.017099406,-0.440111012,0.890849798,-0.111339773,1,0.323117159,-0.192115848,-0.253726540,0.017099406,-0.440111012,0.890849798,-0.111339773
7.415363875,104190.873949666,vr_world,57093,104190.864826208,0.009123917,1,0.264449000,-0.415679000,-0.211953000,0.130811098,-0.882180574,0.450096664,-0.045374926,1,0.305859995,-0.229390967,-0.214264263,0.130811098,-0.882180574,0.450096664,-0.045374926,57171,104190.864826208,0.009123917,1,0.295131000,-0.004076530,-0.247724000,0.019210372,-0.437358488,0.892089669,-0.111913074,1,0.322456509,-0.192103242,-0.253681739,0.019210372,-0.437358488,0.892089669,-0.111913074
7.427103250,104190.885689041,vr_world,57094,104190.884260958,0.001428417,1,0.264176000,-0.415638000,-0.211890000,0.131005431,-0.881339228,0.451581982,-0.046394555,1,0.306266143,-0.229501797,-0.214172890,0.131005431,-0.881339228,0.451581982,-0.046394555,57172,104190.884260958,0.001428417,1,0.295203000,-0.003719770,-0.247891000,0.021913631,-0.434935940,0.893027662,-0.113367171,1,0.321703321,-0.191869609,-0.253684873,0.021913631,-0.434935940,0.893027662,-0.113367171
7.439499917,104190.898085708,vr_world,57094,104190.884260958,0.013825167,1,0.264176000,-0.415638000,-0.211890000,0.131005431,-0.881339228,0.451581982,-0.046394555,1,0.306266143,-0.229501797,-0.214172890,0.131005431,-0.881339228,0.451581982,-0.046394555,57172,104190.884260958,0.013825167,1,0.295203000,-0.003719770,-0.247891000,0.021913631,-0.434935940,0.893027662,-0.113367171,1,0.321703321,-0.191869609,-0.253684873,0.021913631,-0.434935940,0.893027662,-0.113367171
7.451130584,104190.909716375,vr_world,57095,104190.902535583,0.007181417,1,0.264279000,-0.415705000,-0.211634000,0.130439060,-0.881164220,0.451957967,-0.047636800,1,0.306596159,-0.229624484,-0.214229050,0.130439060,-0.881164220,0.451957967,-0.047636800,57173,104190.902535583,0.007181417,1,0.294917000,-0.003147000,-0.248133000,0.023000500,-0.436048507,0.892066377,-0.116405564,1,0.321992990,-0.191243318,-0.252916468,0.023000500,-0.436048507,0.892066377,-0.116405564
7.463533084,104190.922118875,vr_world,57096,104190.920201125,0.001918041,1,0.264512000,-0.415793000,-0.211821000,0.130719225,-0.881366390,0.451582467,-0.046680259,1,0.306617277,-0.229662096,-0.214236868,0.130719225,-0.881366390,0.451582467,-0.046680259,57174,104190.920201125,0.001918041,1,0.295025000,-0.002830030,-0.248522000,0.021171806,-0.438279376,0.890875843,-0.117486913,1,0.322942718,-0.190818856,-0.252647946,0.021171806,-0.438279376,0.890875843,-0.117486913
7.474216125,104190.932801916,vr_world,57096,104190.920201125,0.012606375,1,0.264512000,-0.415793000,-0.211821000,0.130719225,-0.881366390,0.451582467,-0.046680259,1,0.306617277,-0.229662096,-0.214236868,0.130719225,-0.881366390,0.451582467,-0.046680259,57174,104190.920201125,0.012606375,1,0.295025000,-0.002830030,-0.248522000,0.021171806,-0.438279376,0.890875843,-0.117486913,1,0.322942718,-0.190818856,-0.252647946,0.021171806,-0.438279376,0.890875843,-0.117486913
7.484360334,104190.942946125,vr_world,57097,104190.938122750,0.004825250,1,0.264801000,-0.415937000,-0.211730000,0.130210730,-0.881801478,0.450971176,-0.045785566,1,0.306592985,-0.229737132,-0.214274566,0.130210730,-0.881801478,0.450971176,-0.045785566,57175,104190.938122750,0.004825250,1,0.295544000,-0.002194950,-0.248700000,0.018975757,-0.439182852,0.890422895,-0.117921205,1,0.323723979,-0.190153563,-0.252395954,0.018975757,-0.439182852,0.890422895,-0.117921205
7.495890834,104190.954476625,vr_world,57097,104190.938122750,0.016354875,1,0.264801000,-0.415937000,-0.211730000,0.130210730,-0.881801478,0.450971176,-0.045785566,1,0.306592985,-0.229737132,-0.214274566,0.130210730,-0.881801478,0.450971176,-0.045785566,57175,104190.938122750,0.016354875,1,0.295544000,-0.002194950,-0.248700000,0.018975757,-0.439182852,0.890422895,-0.117921205,1,0.323723979,-0.190153563,-0.252395954,0.018975757,-0.439182852,0.890422895,-0.117921205
7.508274959,104190.966860750,vr_world,57098,104190.955833833,0.011027708,1,0.264914000,-0.416319000,-0.211636000,0.129235710,-0.882809188,0.449328869,-0.045272909,1,0.305985019,-0.229964126,-0.214551641,0.129235710,-0.882809188,0.449328869,-0.045272909,57176,104190.955833833,0.011027708,1,0.296202000,-0.001377780,-0.248605000,0.015883549,-0.437496240,0.891560895,-0.116034150,1,0.323479237,-0.189461813,-0.252673513,0.015883549,-0.437496240,0.891560895,-0.116034150
7.520426959,104190.979012750,vr_world,57099,104190.973828791,0.005184709,1,0.264948000,-0.416505000,-0.211975000,0.130705562,-0.883353342,0.447873509,-0.044858104,1,0.305406329,-0.230008486,-0.214350827,0.130705562,-0.883353342,0.447873509,-0.044858104,57177,104190.973828791,0.005184709,1,0.297004000,-0.000269450,-0.249210000,0.011504021,-0.435465180,0.892657619,-0.115758846,1,0.323199983,-0.188514722,-0.252913407,0.011504021,-0.435465180,0.892657619,-0.115758846
7.532800625,104190.991386416,vr_world,57099,104190.973828791,0.017558250,1,0.264948000,-0.416505000,-0.211975000,0.130705562,-0.883353342,0.447873509,-0.044858104,1,0.305406329,-0.230008486,-0.214350827,0.130705562,-0.883353342,0.447873509,-0.044858104,57177,104190.973828791,0.017558250,1,0.297004000,-0.000269450,-0.249210000,0.011504021,-0.435465180,0.892657619,-0.115758846,1,0.323199983,-0.188514722,-0.252913407,0.011504021,-0.435465180,0.892657619,-0.115758846
7.545185834,104191.003771625,vr_world,57100,104190.991918583,0.011853583,1,0.264944000,-0.416341000,-0.211903000,0.130668070,-0.883203564,0.448145857,-0.045195245,1,0.305535489,-0.229874016,-0.214315188,0.130668070,-0.883203564,0.448145857,-0.045195245,57178,104190.991918583,0.011853583,1,0.297815000,0.000373840,-0.249818000,0.007846766,-0.432413330,0.893986230,-0.117242317,1,0.322586061,-0.188079927,-0.252609986,0.007846766,-0.432413330,0.893986230,-0.117242317
7.555800375,104191.014386166,vr_world,57101,104191.010096791,0.004289917,1,0.264983000,-0.416425000,-0.212073000,0.131381102,-0.883397806,0.447607058,-0.044668165,1,0.305326416,-0.229900537,-0.214187494,0.131381102,-0.883397806,0.447607058,-0.044668165,57179,104191.010096791,0.004289917,1,0.298408000,0.000615969,-0.250162000,0.006734124,-0.429975409,0.895094326,-0.117821676,1,0.322123158,-0.187977691,-0.252656134,0.006734124,-0.429975409,0.895094326,-0.117821676
7.568177834,104191.026763625,vr_world,57101,104191.010096791,0.016667292,1,0.264983000,-0.416425000,-0.212073000,0.131381102,-0.883397806,0.447607058,-0.044668165,1,0.305326416,-0.229900537,-0.214187494,0.131381102,-0.883397806,0.447607058,-0.044668165,57179,104191.010096791,0.016667292,1,0.298408000,0.000615969,-0.250162000,0.006734124,-0.429975409,0.895094326,-0.117821676,1,0.322123158,-0.187977691,-0.252656134,0.006734124,-0.429975409,0.895094326,-0.117821676
7.579096000,104191.037681791,vr_world,57102,104191.027772958,0.009909583,1,0.265149000,-0.416296000,-0.212116000,0.131764814,-0.883816877,0.446790953,-0.043400522,1,0.305081405,-0.229680568,-0.213995461,0.131764814,-0.883816877,0.446790953,-0.043400522,57180,104191.027772958,0.009909583,1,0.299140000,0.001132240,-0.250578000,0.006163114,-0.427489174,0.896271623,-0.117949987,1,0.321798001,-0.187592392,-0.253002760,0.006163114,-0.427489174,0.896271623,-0.117949987
7.591484125,104191.050069916,vr_world,57103,104191.045481458,0.004589000,1,0.265114000,-0.416534000,-0.212175000,0.131132100,-0.883868153,0.446926053,-0.042878478,1,0.305064009,-0.229924263,-0.214237473,0.131132100,-0.883868153,0.446926053,-0.042878478,57181,104191.045481458,0.004589000,1,0.298610000,0.000939995,-0.250438000,0.008247274,-0.431016191,0.894598661,-0.117687133,1,0.322830670,-0.187586607,-0.253141784,0.008247274,-0.431016191,0.894598661,-0.117687133
7.603886917,104191.062472708,vr_world,57103,104191.045481458,0.016991667,1,0.265114000,-0.416534000,-0.212175000,0.131132100,-0.883868153,0.446926053,-0.042878478,1,0.305064009,-0.229924263,-0.214237473,0.131132100,-0.883868153,0.446926053,-0.042878478,57181,104191.045481458,0.016991667,1,0.298610000,0.000939995,-0.250438000,0.008247274,-0.431016191,0.894598661,-0.117687133,1,0.322830670,-0.187586607,-0.253141784,0.008247274,-0.431016191,0.894598661,-0.117687133
7.616292250,104191.074878041,vr_world,57104,104191.064653250,0.010225375,1,0.265326000,-0.416566000,-0.212634000,0.132539850,-0.883966189,0.446448904,-0.041476981,1,0.305009169,-0.229893399,-0.214054614,0.132539850,-0.883966189,0.446448904,-0.041476981,57182,104191.064653250,0.010225375,1,0.298641000,0.000720508,-0.250447000,0.008229011,-0.431779513,0.894265772,-0.117420037,1,0.323171970,-0.187764784,-0.253231398,0.008229011,-0.431779513,0.894265772,-0.117420037
7.628567250,104191.087153041,vr_world,57105,104191.082282958,0.004870667,1,0.265425000,-0.416395000,-0.212766000,0.132697839,-0.884720364,0.445019072,-0.040239120,1,0.304444271,-0.229581473,-0.214055621,0.132697839,-0.884720364,0.445019072,-0.040239120,57183,104191.082282958,0.004870667,1,0.298893000,0.000638023,-0.250484000,0.008065581,-0.430839664,0.894582117,-0.118469268,1,0.323047334,-0.187901245,-0.252884809,0.008065581,-0.430839664,0.894582117,-0.118469268
7.640953084,104191.099538875,vr_world,57105,104191.082282958,0.017256250,1,0.265425000,-0.416395000,-0.212766000,0.132697839,-0.884720364,0.445019072,-0.040239120,1,0.304444271,-0.229581473,-0.214055621,0.132697839,-0.884720364,0.445019072,-0.040239120,57183,104191.082282958,0.017256250,1,0.298893000,0.000638023,-0.250484000,0.008065581,-0.430839664,0.894582117,-0.118469268,1,0.323047334,-0.187901245,-0.252884809,0.008065581,-0.430839664,0.894582117,-0.118469268
7.651100875,104191.109686666,vr_world,57106,104191.100020875,0.009666291,1,0.265548000,-0.416493000,-0.212941000,0.133012402,-0.885347730,0.443767644,-0.039209389,1,0.303991802,-0.229559103,-0.214054124,0.133012402,-0.885347730,0.443767644,-0.039209389,57184,104191.100020875,0.009666291,1,0.298758000,0.000296898,-0.250186000,0.008724943,-0.429956348,0.895154645,-0.117301217,1,0.322555252,-0.188280397,-0.253107356,0.008724943,-0.429956348,0.895154645,-0.117301217
7.661764042,104191.120349833,vr_world,57107,104191.118274791,0.002075459,1,0.265539000,-0.416431000,-0.212942000,0.132826431,-0.885076151,0.444379019,-0.039046558,1,0.304224217,-0.229547157,-0.214090059,0.132826431,-0.885076151,0.444379019,-0.039046558,57185,104191.118274791,0.002075459,1,0.298169000,-0.000097320,-0.249848000,0.011881064,-0.429676567,0.895393164,-0.116223793,1,0.321992099,-0.188657761,-0.253542320,0.011881064,-0.429676567,0.895393164,-0.116223793
7.673932417,104191.132518208,vr_world,57107,104191.118274791,0.014243959,1,0.265539000,-0.416431000,-0.212942000,0.132826431,-0.885076151,0.444379019,-0.039046558,1,0.304224217,-0.229547157,-0.214090059,0.132826431,-0.885076151,0.444379019,-0.039046558,57185,104191.118274791,0.014243959,1,0.298169000,-0.000097320,-0.249848000,0.011881064,-0.429676567,0.895393164,-0.116223793,1,0.321992099,-0.188657761,-0.253542320,0.011881064,-0.429676567,0.895393164,-0.116223793
7.684843875,104191.143429666,vr_world,57108,104191.137174625,0.006255416,1,0.265597000,-0.416467000,-0.213074000,0.132762307,-0.885190875,0.444215709,-0.038518664,1,0.304182657,-0.229562453,-0.214200680,0.132762307,-0.885190875,0.444215709,-0.038518664,57186,104191.137174625,0.006255416,1,0.297741000,-0.000557430,-0.249427000,0.015469201,-0.429833995,0.895274123,-0.116136497,1,0.321818917,-0.189076093,-0.253575034,0.015469201,-0.429833995,0.895274123,-0.116136497
7.695234292,104191.153820083,vr_world,57108,104191.137174625,0.016651416,1,0.265597000,-0.416467000,-0.213074000,0.132762307,-0.885190875,0.444215709,-0.038518664,1,0.304182657,-0.229562453,-0.214200680,0.132762307,-0.885190875,0.444215709,-0.038518664,57186,104191.137174625,0.016651416,1,0.297741000,-0.000557430,-0.249427000,0.015469201,-0.429833995,0.895274123,-0.116136497,1,0.321818917,-0.189076093,-0.253575034,0.015469201,-0.429833995,0.895274123,-0.116136497
7.707626125,104191.166211916,vr_world,57109,104191.154559500,0.011653333,1,0.265664000,-0.416663000,-0.213348000,0.132830851,-0.885101299,0.444447749,-0.037654393,1,0.304295781,-0.229767329,-0.214359511,0.132830851,-0.885101299,0.444447749,-0.037654393,57187,104191.154559500,0.011653333,1,0.296948000,-0.001090150,-0.248934000,0.019866462,-0.431852718,0.894355169,-0.115053832,1,0.322084590,-0.189449529,-0.253947583,0.019866462,-0.431852718,0.894355169,-0.115053832
7.720041459,104191.178627250,vr_world,57110,104191.172638916,0.005988792,1,0.265462000,-0.417185000,-0.213749000,0.133335537,-0.884121054,0.446322670,-0.036710642,1,0.304821355,-0.230439735,-0.214426032,0.133335537,-0.884121054,0.446322670,-0.036710642,57188,104191.172638916,0.005988792,1,0.296530000,-0.001094000,-0.248948000,0.021964050,-0.433148522,0.893643247,-0.115332937,1,0.322326504,-0.189361060,-0.254073420,0.021964050,-0.433148522,0.893643247,-0.115332937
7.731098417,104191.189684208,vr_world,57110,104191.172638916,0.017045875,1,0.265462000,-0.417185000,-0.213749000,0.133335537,-0.884121054,0.446322670,-0.036710642,1,0.304821355,-0.230439735,-0.214426032,0.133335537,-0.884121054,0.446322670,-0.036710642,57188,104191.172638916,0.017045875,1,0.296530000,-0.001094000,-0.248948000,0.021964050,-0.433148522,0.893643247,-0.115332937,1,0.322326504,-0.189361060,-0.254073420,0.021964050,-0.433148522,0.893643247,-0.115332937
7.743486459,104191.202072250,vr_world,57111,104191.190189541,0.011883084,1,0.265111000,-0.417434000,-0.214447000,0.134490624,-0.881882818,0.450492562,-0.035375411,1,0.306135736,-0.231046087,-0.214443662,0.134490624,-0.881882818,0.450492562,-0.035375411,57189,104191.190189541,0.011883084,1,0.296295000,-0.001193580,-0.248931000,0.023759894,-0.432762081,0.893679118,-0.116146814,1,0.322047276,-0.189468854,-0.253977055,0.023759894,-0.432762081,0.893679118,-0.116146814
7.755890667,104191.214476458,vr_world,57112,104191.207750625,0.006726166,1,0.265001000,-0.417580000,-0.215461000,0.136371339,-0.879062979,0.455612390,-0.032687731,1,0.308022794,-0.231646376,-0.214358207,0.136371339,-0.879062979,0.455612390,-0.032687731,57190,104191.207750625,0.006726166,1,0.295661000,-0.001718800,-0.249108000,0.027729117,-0.433042614,0.893158806,-0.118205485,1,0.321790866,-0.189949837,-0.253853643,0.027729117,-0.433042614,0.893158806,-0.118205485
7.768297500,104191.226883291,vr_world,57113,104191.225773291,0.001110375,1,0.264899000,-0.417945000,-0.216476000,0.137523968,-0.877250636,0.459001049,-0.028922604,1,0.309139521,-0.232304590,-0.214504432,0.137523968,-0.877250636,0.459001049,-0.028922604,57191,104191.225773291,0.001110375,1,0.295060000,-0.001912390,-0.249238000,0.027366417,-0.436691632,0.891345159,-0.118555075,1,0.322686739,-0.189936104,-0.253718101,0.027366417,-0.436691632,0.891345159,-0.118555075
7.778563500,104191.237149291,vr_world,57113,104191.225773291,0.011376375,1,0.264899000,-0.417945000,-0.216476000,0.137523968,-0.877250636,0.459001049,-0.028922604,1,0.309139521,-0.232304590,-0.214504432,0.137523968,-0.877250636,0.459001049,-0.028922604,57191,104191.225773291,0.011376375,1,0.295060000,-0.001912390,-0.249238000,0.027366417,-0.436691632,0.891345159,-0.118555075,1,0.322686739,-0.189936104,-0.253718101,0.027366417,-0.436691632,0.891345159,-0.118555075
7.789766209,104191.248352000,vr_world,57114,104191.243518458,0.004833917,1,0.264920000,-0.418285000,-0.217900000,0.139737542,-0.875652359,0.461681253,-0.023596324,1,0.310030830,-0.232874061,-0.214545893,0.139737542,-0.875652359,0.461681253,-0.023596324,57192,104191.243518458,0.004833917,1,0.295085000,-0.002134110,-0.249342000,0.027340981,-0.437953513,0.890775531,-0.118186908,1,0.323227991,-0.190078824,-0.253920635,0.027340981,-0.437953513,0.890775531,-0.118186908
7.801929750,104191.260515541,vr_world,57114,104191.243518458,0.016997333,1,0.264920000,-0.418285000,-0.217900000,0.139737542,-0.875652359,0.461681253,-0.023596324,1,0.310030830,-0.232874061,-0.214545893,0.139737542,-0.875652359,0.461681253,-0.023596324,57192,104191.243518458,0.016997333,1,0.295085000,-0.002134110,-0.249342000,0.027340981,-0.437953513,0.890775531,-0.118186908,1,0.323227991,-0.190078824,-0.253920635,0.027340981,-0.437953513,0.890775531,-0.118186908
7.814299959,104191.272885750,vr_world,57115,104191.262132875,0.010753208,1,0.264754000,-0.418841000,-0.219298000,0.142008450,-0.874240252,0.463907957,-0.018082844,1,0.310556523,-0.233630521,-0.214539724,0.142008450,-0.874240252,0.463907957,-0.018082844,57193,104191.262132875,0.010753208,1,0.295107000,-0.002177310,-0.249554000,0.026678298,-0.437317224,0.891068924,-0.118482429,1,0.322952522,-0.190170263,-0.253966117,0.026678298,-0.437317224,0.891068924,-0.118482429
7.826714959,104191.285300750,vr_world,57116,104191.279849375,0.005451958,1,0.264122000,-0.419538000,-0.222237000,0.147127636,-0.870660641,0.469310550,-0.007149456,1,0.311776227,-0.234897734,-0.214460187,0.147127636,-0.870660641,0.469310550,-0.007149456,57194,104191.279849375,0.005451958,1,0.294426000,-0.002489050,-0.250062000,0.026332576,-0.440674723,0.889091899,-0.120946182,1,0.323683909,-0.190288645,-0.253446339,0.026332576,-0.440674723,0.889091899,-0.120946182
7.839123417,104191.297709208,vr_world,57116,104191.279849375,0.017860416,1,0.264122000,-0.419538000,-0.222237000,0.147127636,-0.870660641,0.469310550,-0.007149456,1,0.311776227,-0.234897734,-0.214460187,0.147127636,-0.870660641,0.469310550,-0.007149456,57194,104191.279849375,0.017860416,1,0.294426000,-0.002489050,-0.250062000,0.026332576,-0.440674723,0.889091899,-0.120946182,1,0.323683909,-0.190288645,-0.253446339,0.026332576,-0.440674723,0.889091899,-0.120946182
7.851507959,104191.310093750,vr_world,57117,104191.298255000,0.011839000,1,0.263579000,-0.419829000,-0.224222000,0.151267907,-0.869047409,0.471034941,-0.000840000,1,0.311780225,-0.235433993,-0.214293545,0.151267907,-0.869047409,0.471034941,-0.000840000,57195,104191.298255000,0.011839000,1,0.294466000,-0.002684490,-0.249914000,0.026704447,-0.440811546,0.889057928,-0.120615313,1,0.323796600,-0.190469938,-0.253457642,0.026704447,-0.440811546,0.889057928,-0.120615313
7.861900167,104191.320485958,vr_world,57118,104191.316587458,0.003898958,1,0.262946000,-0.420769000,-0.225940000,0.152232252,-0.868674220,0.471403648,0.003006881,1,0.311176003,-0.236421372,-0.215297206,0.152232252,-0.868674220,0.471403648,0.003006881,57196,104191.316587458,0.003898958,1,0.294342000,-0.002642100,-0.250021000,0.026912056,-0.441524130,0.888724093,-0.120422883,1,0.323977218,-0.190378371,-0.253639626,0.026912056,-0.441524130,0.888724093,-0.120422883
7.874284875,104191.332870666,vr_world,57118,104191.316587458,0.016283708,1,0.262946000,-0.420769000,-0.225940000,0.152232252,-0.868674220,0.471403648,0.003006881,1,0.311176003,-0.236421372,-0.215297206,0.152232252,-0.868674220,0.471403648,0.003006881,57196,104191.316587458,0.016283708,1,0.294342000,-0.002642100,-0.250021000,0.026912056,-0.441524130,0.888724093,-0.120422883,1,0.323977218,-0.190378371,-0.253639626,0.026912056,-0.441524130,0.888724093,-0.120422883
7.886684250,104191.345270041,vr_world,57119,104191.334930041,0.010340375,1,0.261603000,-0.421427000,-0.230141000,0.159705282,-0.864166805,0.477065315,0.010892284,1,0.312095079,-0.237928970,-0.215911506,0.159705282,-0.864166805,0.477065315,0.010892284,57197,104191.334930041,0.010340375,1,0.293558000,-0.003042210,-0.250222000,0.027103742,-0.446287947,0.886097204,-0.122164645,1,0.325210619,-0.190461674,-0.253098096,0.027103742,-0.446287947,0.886097204,-0.122164645
7.899105250,104191.357691041,vr_world,57120,104191.353311666,0.004379709,1,0.259418000,-0.422799000,-0.231980000,0.163944037,-0.860075653,0.482892198,0.014399608,1,0.312340731,-0.240150767,-0.215785795,0.163944037,-0.860075653,0.482892198,0.014399608,57198,104191.353311666,0.004379709,1,0.293269000,-0.002906340,-0.250293000,0.027056354,-0.448641313,0.885076904,-0.120945442,1,0.325878462,-0.190155441,-0.253549760,0.027056354,-0.448641313,0.885076904,-0.120945442
7.911522042,104191.370107833,vr_world,57120,104191.353311666,0.016796584,1,0.259418000,-0.422799000,-0.231980000,0.163944037,-0.860075653,0.482892198,0.014399608,1,0.312340731,-0.240150767,-0.215785795,0.163944037,-0.860075653,0.482892198,0.014399608,57198,104191.353311666,0.016796584,1,0.293269000,-0.002906340,-0.250293000,0.027056354,-0.448641313,0.885076904,-0.120945442,1,0.325878462,-0.190155441,-0.253549760,0.027056354,-0.448641313,0.885076904,-0.120945442
7.923096875,104191.381682666,vr_world,57121,104191.371633458,0.010049542,1,0.258101000,-0.423501000,-0.234171000,0.169869928,-0.855869616,0.488202024,0.017035014,1,0.313313309,-0.241772461,-0.215468721,0.169869928,-0.855869616,0.488202024,0.017035014,57199,104191.371633458,0.010049542,1,0.293658000,-0.002792820,-0.250327000,0.026894678,-0.445695281,0.886496862,-0.121473065,1,0.325041709,-0.190253563,-0.253449408,0.026894678,-0.445695281,0.886496862,-0.121473065
7.935506167,104191.394091958,vr_world,57122,104191.389597416,0.004495292,1,0.255808000,-0.425586000,-0.237387000,0.176051936,-0.850689247,0.494790512,0.022712757,1,0.313791003,-0.245040346,-0.215830451,0.176051936,-0.850689247,0.494790512,0.022712757,57200,104191.389597416,0.004495292,1,0.293572000,-0.002740190,-0.250509000,0.026588241,-0.445333430,0.886616632,-0.121992418,1,0.324796326,-0.190231012,-0.253416688,0.026588241,-0.445333430,0.886616632,-0.121992418
7.947103125,104191.405688916,vr_world,57122,104191.389597416,0.016092334,1,0.255808000,-0.425586000,-0.237387000,0.176051936,-0.850689247,0.494790512,0.022712757,1,0.313791003,-0.245040346,-0.215830451,0.176051936,-0.850689247,0.494790512,0.022712757,57200,104191.389597416,0.016092334,1,0.293572000,-0.002740190,-0.250509000,0.026588241,-0.445333430,0.886616632,-0.121992418,1,0.324796326,-0.190231012,-0.253416688,0.026588241,-0.445333430,0.886616632,-0.121992418
7.959515209,104191.418101000,vr_world,57123,104191.407469583,0.010631833,1,0.254727000,-0.427074000,-0.239548000,0.180453128,-0.849068200,0.495792368,0.026641855,1,0.313155439,-0.246920435,-0.216005508,0.180453128,-0.849068200,0.495792368,0.026641855,57201,104191.407469583,0.010631833,1,0.293376000,-0.002640890,-0.250687000,0.026132122,-0.445722994,0.886336472,-0.122702006,1,0.324747914,-0.190111702,-0.253273944,0.026132122,-0.445722994,0.886336472,-0.122702006
7.971954459,104191.430540250,vr_world,57124,104191.425729833,0.004810917,1,0.253675000,-0.428005000,-0.241434000,0.185665563,-0.847738055,0.495927112,0.030410340,1,0.312220552,-0.248201065,-0.215619658,0.185665563,-0.847738055,0.495927112,0.030410340,57202,104191.425729833,0.004810917,1,0.293103000,-0.002610290,-0.250687000,0.025598040,-0.447265093,0.885576698,-0.122688992,1,0.325086504,-0.189979092,-0.253180110,0.025598040,-0.447265093,0.885576698,-0.122688992
7.984261459,104191.442847250,vr_world,57124,104191.425729833,0.017117958,1,0.253675000,-0.428005000,-0.241434000,0.185665563,-0.847738055,0.495927112,0.030410340,1,0.312220552,-0.248201065,-0.215619658,0.185665563,-0.847738055,0.495927112,0.030410340,57202,104191.425729833,0.017117958,1,0.293103000,-0.002610290,-0.250687000,0.025598040,-0.447265093,0.885576698,-0.122688992,1,0.325086504,-0.189979092,-0.253180110,0.025598040,-0.447265093,0.885576698,-0.122688992
7.996673417,104191.455259208,vr_world,57125,104191.444011541,0.011248084,1,0.251112000,-0.429131000,-0.244174000,0.191664609,-0.843566168,0.500312059,0.036723860,1,0.311558028,-0.250379817,-0.215578275,0.191664609,-0.843566168,0.500312059,0.036723860,57203,104191.444011541,0.011248084,1,0.292894000,-0.002536080,-0.250736000,0.024794840,-0.448623538,0.884919112,-0.122638906,1,0.325397554,-0.189816708,-0.253124889,0.024794840,-0.448623538,0.884919112,-0.122638906
8.009089500,104191.467675291,vr_world,57126,104191.462194708,0.005480833,1,0.249488000,-0.429556000,-0.245496000,0.192770300,-0.841800992,0.502754749,0.038057387,1,0.310972094,-0.251244289,-0.216374859,0.192770300,-0.841800992,0.502754749,0.038057387,57204,104191.462194708,0.005480833,1,0.292905000,-0.002462890,-0.250674000,0.024938625,-0.448538862,0.885004907,-0.122299916,1,0.325375734,-0.189747270,-0.253205143,0.024938625,-0.448538862,0.885004907,-0.122299916
8.021487750,104191.480073541,vr_world,57126,104191.462194708,0.017879292,1,0.249488000,-0.429556000,-0.245496000,0.192770300,-0.841800992,0.502754749,0.038057387,1,0.310972094,-0.251244289,-0.216374859,0.192770300,-0.841800992,0.502754749,0.038057387,57204,104191.462194708,0.017879292,1,0.292905000,-0.002462890,-0.250674000,0.024938625,-0.448538862,0.885004907,-0.122299916,1,0.325375734,-0.189747270,-0.253205143,0.024938625,-0.448538862,0.885004907,-0.122299916
8.032447459,104191.491033250,vr_world,57127,104191.481193750,0.009839833,1,0.248156000,-0.429925000,-0.247089000,0.197852269,-0.840000717,0.503655966,0.039798787,1,0.310130848,-0.252130644,-0.215916824,0.197852269,-0.840000717,0.503655966,0.039798787,57205,104191.481193750,0.009839833,1,0.292870000,-0.002417810,-0.250706000,0.025131618,-0.448325705,0.885094166,-0.122396006,1,0.325264255,-0.189715697,-0.253228452,0.025131618,-0.448325705,0.885094166,-0.122396006
8.044858375,104191.503444166,vr_world,57128,104191.499011916,0.004432750,1,0.245864000,-0.430396000,-0.249343000,0.202159390,-0.838281537,0.504655587,0.041693924,1,0.308352249,-0.253100945,-0.216401726,0.202159390,-0.838281537,0.504655587,0.041693924,57206,104191.499011916,0.004432750,1,0.292750000,-0.002418490,-0.250632000,0.025174750,-0.448836131,0.884828821,-0.122434949,1,0.325359638,-0.189679283,-0.253131746,0.025174750,-0.448836131,0.884828821,-0.122434949
8.056430167,104191.515015958,vr_world,57128,104191.499011916,0.016004459,1,0.245864000,-0.430396000,-0.249343000,0.202159390,-0.838281537,0.504655587,0.041693924,1,0.308352249,-0.253100945,-0.216401726,0.202159390,-0.838281537,0.504655587,0.041693924,57206,104191.499011916,0.016004459,1,0.292750000,-0.002418490,-0.250632000,0.025174750,-0.448836131,0.884828821,-0.122434949,1,0.325359638,-0.189679283,-0.253131746,0.025174750,-0.448836131,0.884828821,-0.122434949
8.068846917,104191.527432708,vr_world,57129,104191.517085916,0.010347334,1,0.244782000,-0.430255000,-0.250713000,0.205752600,-0.837660136,0.504153456,0.042669155,1,0.307143319,-0.253186421,-0.216344287,0.205752600,-0.837660136,0.504153456,0.042669155,57207,104191.517085916,0.010347334,1,0.292594000,-0.002472530,-0.250388000,0.025369126,-0.450108719,0.884308973,-0.121475055,1,0.325728448,-0.189636279,-0.253229041,0.025369126,-0.450108719,0.884308973,-0.121475055
8.081258292,104191.539844083,vr_world,57130,104191.535652666,0.004191792,1,0.243969000,-0.429736000,-0.252002000,0.208865620,-0.837787354,0.502503933,0.044466826,1,0.305705763,-0.252707747,-0.216322558,0.208865620,-0.837787354,0.502503933,0.044466826,57208,104191.535652666,0.004191792,1,0.292586000,-0.002536390,-0.250382000,0.025266049,-0.450410810,0.884112204,-0.121808617,1,0.325845924,-0.189680072,-0.253081645,0.025266049,-0.450410810,0.884112204,-0.121808617
8.093659000,104191.552244791,vr_world,57130,104191.535652666,0.016592500,1,0.243969000,-0.429736000,-0.252002000,0.208865620,-0.837787354,0.502503933,0.044466826,1,0.305705763,-0.252707747,-0.216322558,0.208865620,-0.837787354,0.502503933,0.044466826,57208,104191.535652666,0.016592500,1,0.292586000,-0.002536390,-0.250382000,0.025266049,-0.450410810,0.884112204,-0.121808617,1,0.325845924,-0.189680072,-0.253081645,0.025266049,-0.450410810,0.884112204,-0.121808617
8.106072667,104191.564658458,vr_world,57131,104191.553802208,0.010856583,1,0.243078000,-0.428707000,-0.253073000,0.211779894,-0.836679802,0.503041191,0.045450471,1,0.305109259,-0.252021888,-0.216222516,0.211779894,-0.836679802,0.503041191,0.045450471,57209,104191.553802208,0.010856583,1,0.292638000,-0.002534010,-0.250315000,0.025451878,-0.450394583,0.884159534,-0.121485968,1,0.325896098,-0.189675918,-0.253153727,0.025451878,-0.450394583,0.884159534,-0.121485968
8.118466625,104191.577052416,vr_world,57132,104191.571604500,0.005448375,1,0.241260000,-0.426536000,-0.254981000,0.215739131,-0.833439381,0.506585998,0.046968620,1,0.304874584,-0.250757029,-0.216530754,0.215739131,-0.833439381,0.506585998,0.046968620,57210,104191.571604500,0.005448375,1,0.293083000,-0.002575920,-0.250249000,0.025543079,-0.448233521,0.885317943,-0.121022319,1,0.325439504,-0.189872072,-0.253322988,0.025543079,-0.448233521,0.885317943,-0.121022319
8.130884792,104191.589470583,vr_world,57133,104191.589462125,0.000008833,1,0.240698000,-0.424317000,-0.255124000,0.214726238,-0.831744889,0.509950394,0.045207058,1,0.305704084,-0.248935094,-0.217191537,0.214726238,-0.831744889,0.509950394,0.045207058,57211,104191.589462125,0.000008833,1,0.293385000,-0.002451180,-0.250215000,0.025157688,-0.445166417,0.886866132,-0.121088461,1,0.324445622,-0.189966401,-0.253300638,0.025157688,-0.445166417,0.886866132,-0.121088461
8.143302875,104191.601888666,vr_world,57133,104191.589462125,0.012427166,1,0.240698000,-0.424317000,-0.255124000,0.214726238,-0.831744889,0.509950394,0.045207058,1,0.305704084,-0.248935094,-0.217191537,0.214726238,-0.831744889,0.509950394,0.045207058,57211,104191.589462125,0.012427166,1,0.293385000,-0.002451180,-0.250215000,0.025157688,-0.445166417,0.886866132,-0.121088461,1,0.324445622,-0.189966401,-0.253300638,0.025157688,-0.445166417,0.886866132,-0.121088461
8.155100084,104191.613685875,vr_world,57134,104191.607669666,0.006016709,1,0.240012000,-0.422198000,-0.254815000,0.210191511,-0.830799439,0.513686220,0.041452240,1,0.306489994,-0.246949548,-0.218869009,0.210191511,-0.830799439,0.513686220,0.041452240,57212,104191.607669666,0.006016709,1,0.293337000,-0.002719920,-0.250211000,0.025011467,-0.445612042,0.886628021,-0.121223290,1,0.324577073,-0.190206548,-0.253219647,0.025011467,-0.445612042,0.886628021,-0.121223290
8.165764084,104191.624349875,vr_world,57134,104191.607669666,0.016680542,1,0.240012000,-0.422198000,-0.254815000,0.210191511,-0.830799439,0.513686220,0.041452240,1,0.306489994,-0.246949548,-0.218869009,0.210191511,-0.830799439,0.513686220,0.041452240,57212,104191.607669666,0.016680542,1,0.293337000,-0.002719920,-0.250211000,0.025011467,-0.445612042,0.886628021,-0.121223290,1,0.324577073,-0.190206548,-0.253219647,0.025011467,-0.445612042,0.886628021,-0.121223290
8.176433834,104191.635019625,vr_world,57135,104191.625630000,0.009390125,1,0.238901000,-0.417933000,-0.254865000,0.205485823,-0.826863390,0.522354586,0.034902673,1,0.308944031,-0.243631021,-0.221156417,0.205485823,-0.826863390,0.522354586,0.034902673,57213,104191.625630000,0.009390125,1,0.293320000,-0.002641660,-0.250200000,0.024607549,-0.445973033,0.886489146,-0.120993868,1,0.324684045,-0.190107044,-0.253239081,0.024607549,-0.445973033,0.886489146,-0.120993868
8.188101542,104191.646687333,vr_world,57136,104191.643918250,0.002769375,1,0.238822000,-0.414953000,-0.253627000,0.197312176,-0.825225243,0.528444776,0.028588859,1,0.311292237,-0.241000282,-0.223428471,0.197312176,-0.825225243,0.528444776,0.028588859,57214,104191.643918250,0.002769375,1,0.293485000,-0.002587740,-0.250243000,0.024588180,-0.445066194,0.886885632,-0.121430558,1,0.324477951,-0.190116980,-0.253142725,0.024588180,-0.445066194,0.886885632,-0.121430558
8.200433917,104191.659019708,vr_world,57136,104191.643918250,0.015101750,1,0.238822000,-0.414953000,-0.253627000,0.197312176,-0.825225243,0.528444776,0.028588859,1,0.311292237,-0.241000282,-0.223428471,0.197312176,-0.825225243,0.528444776,0.028588859,57214,104191.643918250,0.015101750,1,0.293485000,-0.002587740,-0.250243000,0.024588180,-0.445066194,0.886885632,-0.121430558,1,0.324477951,-0.190116980,-0.253142725,0.024588180,-0.445066194,0.886885632,-0.121430558
8.212842584,104191.671428375,vr_world,57137,104191.661564500,0.009864291,1,0.238878000,-0.413014000,-0.252691000,0.187435282,-0.825176778,0.532383774,0.022777542,1,0.312856550,-0.239030260,-0.226609150,0.187435282,-0.825176778,0.532383774,0.022777542,57215,104191.661564500,0.009864291,1,0.293603000,-0.002663190,-0.250253000,0.024543476,-0.444576653,0.887123713,-0.121493762,1,0.324391030,-0.190226583,-0.253136991,0.024543476,-0.444576653,0.887123713,-0.121493762
8.225244042,104191.683829833,vr_world,57138,104191.679383083,0.004447000,1,0.239127000,-0.409387000,-0.252133000,0.179688379,-0.824699927,0.536027973,0.016004002,1,0.314582456,-0.235566302,-0.229411525,0.179688379,-0.824699927,0.536027973,0.016004002,57216,104191.679383083,0.004447000,1,0.293622000,-0.002708570,-0.250234000,0.024380926,-0.445160134,0.886845027,-0.121424556,1,0.324642453,-0.190233709,-0.253110672,0.024380926,-0.445160134,0.886845027,-0.121424556
8.237654542,104191.696240333,vr_world,57138,104191.679383083,0.016857875,1,0.239127000,-0.409387000,-0.252133000,0.179688379,-0.824699927,0.536027973,0.016004002,1,0.314582456,-0.235566302,-0.229411525,0.179688379,-0.824699927,0.536027973,0.016004002,57216,104191.679383083,0.016857875,1,0.293622000,-0.002708570,-0.250234000,0.024380926,-0.445160134,0.886845027,-0.121424556,1,0.324642453,-0.190233709,-0.253110672,0.024380926,-0.445160134,0.886845027,-0.121424556
8.248838417,104191.707424208,vr_world,57139,104191.698784000,0.008641083,1,0.239301000,-0.408001000,-0.251979000,0.179381979,-0.824420829,0.536552091,0.016255956,1,0.314962698,-0.234257201,-0.229355085,0.179381979,-0.824420829,0.536552091,0.016255956,57217,104191.698784000,0.008641083,1,0.293645000,-0.002802780,-0.250261000,0.023992818,-0.446020183,0.886366357,-0.121840150,1,0.325008484,-0.190274012,-0.252920645,0.023992818,-0.446020183,0.886366357,-0.121840150
8.261276875,104191.719862666,vr_world,57140,104191.715730416,0.004132792,1,0.239388000,-0.406854000,-0.251845000,0.179680982,-0.824245576,0.536698377,0.016994936,1,0.315101538,-0.233153891,-0.229059914,0.179680982,-0.824245576,0.536698377,0.016994936,57218,104191.715730416,0.004132792,1,0.293629000,-0.002903950,-0.250274000,0.023868542,-0.446040259,0.886386331,-0.121645600,1,0.324990828,-0.190374678,-0.252990810,0.023868542,-0.446040259,0.886386331,-0.121645600
8.273694375,104191.732280166,vr_world,57140,104191.715730416,0.016550375,1,0.239388000,-0.406854000,-0.251845000,0.179680982,-0.824245576,0.536698377,0.016994936,1,0.315101538,-0.233153891,-0.229059914,0.179680982,-0.824245576,0.536698377,0.016994936,57218,104191.715730416,0.016550375,1,0.293629000,-0.002903950,-0.250274000,0.023868542,-0.446040259,0.886386331,-0.121645600,1,0.324990828,-0.190374678,-0.252990810,0.023868542,-0.446040259,0.886386331,-0.121645600
8.286120500,104191.744706291,vr_world,57141,104191.733694166,0.011012625,1,0.239673000,-0.406064000,-0.251827000,0.181339843,-0.826135233,0.533201688,0.017674768,1,0.313952442,-0.231832415,-0.228388106,0.181339843,-0.826135233,0.533201688,0.017674768,57219,104191.733694166,0.011012625,1,0.293511000,-0.003060770,-0.250384000,0.023417282,-0.446609442,0.886079571,-0.121879574,1,0.325088790,-0.190497361,-0.252951057,0.023417282,-0.446609442,0.886079571,-0.121879574
8.298540959,104191.757126750,vr_world,57142,104191.751076000,0.006051250,1,0.239557000,-0.403962000,-0.251367000,0.182116173,-0.826917413,0.531736113,0.017262611,1,0.313250910,-0.229517080,-0.227668473,0.182116173,-0.826917413,0.531736113,0.017262611,57220,104191.751076000,0.006051250,1,0.293453000,-0.003179800,-0.250435000,0.022995505,-0.446744451,0.885979700,-0.122190727,1,0.325069044,-0.190612201,-0.252838103,0.022995505,-0.446744451,0.885979700,-0.122190727
8.310907417,104191.769493208,vr_world,57143,104191.768720208,0.000773750,1,0.238694000,-0.403207000,-0.251486000,0.184685272,-0.824912619,0.533964300,0.017106959,1,0.313375404,-0.229319008,-0.226806080,0.184685272,-0.824912619,0.533964300,0.017106959,57221,104191.768720208,0.000773750,1,0.293292000,-0.003323330,-0.250417000,0.022814148,-0.446868212,0.885950151,-0.121986253,1,0.324946251,-0.190748495,-0.252872089,0.022814148,-0.446868212,0.885950151,-0.121986253
8.323019334,104191.781605125,vr_world,57143,104191.768720208,0.012886542,1,0.238694000,-0.403207000,-0.251486000,0.184685272,-0.824912619,0.533964300,0.017106959,1,0.313375404,-0.229319008,-0.226806080,0.184685272,-0.824912619,0.533964300,0.017106959,57221,104191.768720208,0.012886542,1,0.293292000,-0.003323330,-0.250417000,0.022814148,-0.446868212,0.885950151,-0.121986253,1,0.324946251,-0.190748495,-0.252872089,0.022814148,-0.446868212,0.885950151,-0.121986253
8.335427125,104191.794012916,vr_world,57144,104191.786067916,0.007946000,1,0.237778000,-0.402322000,-0.251659000,0.187508718,-0.821097658,0.538878545,0.015780702,1,0.314590690,-0.229514041,-0.225955247,0.187508718,-0.821097658,0.538878545,0.015780702,57222,104191.786067916,0.007946000,1,0.292906000,-0.003442440,-0.250498000,0.022845144,-0.447589812,0.885555725,-0.122198681,1,0.324865731,-0.190817038,-0.252860734,0.022845144,-0.447589812,0.885555725,-0.122198681
8.345818250,104191.804404041,vr_world,57145,104191.803205791,0.001199000,1,0.237290000,-0.401782000,-0.251879000,0.190598255,-0.819035554,0.541003367,0.012977764,1,0.315100793,-0.229576852,-0.225152709,0.190598255,-0.819035554,0.541003367,0.012977764,57223,104191.803205791,0.001199000,1,0.292716000,-0.003525790,-0.250598000,0.023172444,-0.447737727,0.885406063,-0.122678724,1,0.324763092,-0.190887220,-0.252816867,0.023172444,-0.447737727,0.885406063,-0.122678724
8.358248084,104191.816833875,vr_world,57145,104191.803205791,0.013629000,1,0.237290000,-0.401782000,-0.251879000,0.190598255,-0.819035554,0.541003367,0.012977764,1,0.315100793,-0.229576852,-0.225152709,0.190598255,-0.819035554,0.541003367,0.012977764,57223,104191.803205791,0.013629000,1,0.292716000,-0.003525790,-0.250598000,0.023172444,-0.447737727,0.885406063,-0.122678724,1,0.324763092,-0.190887220,-0.252816867,0.023172444,-0.447737727,0.885406063,-0.122678724
8.370674167,104191.829259958,vr_world,57146,104191.820347541,0.008913000,1,0.236152000,-0.400726000,-0.251942000,0.192310144,-0.814962020,0.546583319,0.010019483,1,0.316368433,-0.229711198,-0.224689239,0.192310144,-0.814962020,0.546583319,0.010019483,57224,104191.820347541,0.008913000,1,0.292585000,-0.003668590,-0.250659000,0.023465104,-0.447499897,0.885518915,-0.122676335,1,0.324548912,-0.191043784,-0.252916729,0.023465104,-0.447499897,0.885518915,-0.122676335
8.381762417,104191.840348208,vr_world,57147,104191.837711916,0.002637375,1,0.235769000,-0.400749000,-0.252111000,0.192814382,-0.813437769,0.548691332,0.008912483,1,0.316889880,-0.230185213,-0.224709368,0.192814382,-0.813437769,0.548691332,0.008912483,57225,104191.837711916,0.002637375,1,0.292413000,-0.003759600,-0.250651000,0.023550422,-0.447312162,0.885592518,-0.122813272,1,0.324305819,-0.191147164,-0.252872554,0.023550422,-0.447312162,0.885592518,-0.122813272
8.394150750,104191.852736541,vr_world,57147,104191.837711916,0.015025084,1,0.235769000,-0.400749000,-0.252111000,0.192814382,-0.813437769,0.548691332,0.008912483,1,0.316889880,-0.230185213,-0.224709368,0.192814382,-0.813437769,0.548691332,0.008912483,57225,104191.837711916,0.015025084,1,0.292413000,-0.003759600,-0.250651000,0.023550422,-0.447312162,0.885592518,-0.122813272,1,0.324305819,-0.191147164,-0.252872554,0.023550422,-0.447312162,0.885592518,-0.122813272
8.406571792,104191.865157583,vr_world,57148,104191.855485166,0.009672917,1,0.235476000,-0.400791000,-0.252542000,0.195695584,-0.811423669,0.550635073,0.009792050,1,0.317436267,-0.230820898,-0.223974619,0.195695584,-0.811423669,0.550635073,0.009792050,57226,104191.855485166,0.009672917,1,0.292175000,-0.003863040,-0.250617000,0.023462418,-0.447818644,0.885359542,-0.122664011,1,0.324271262,-0.191215578,-0.252871067,0.023462418,-0.447818644,0.885359542,-0.122664011
8.418998084,104191.877583875,vr_world,57149,104191.873173000,0.004413041,1,0.234915000,-0.400948000,-0.252730000,0.196943626,-0.809575432,0.552887848,0.010763665,1,0.317813058,-0.231526423,-0.223614494,0.196943626,-0.809575432,0.552887848,0.010763665,57227,104191.873173000,0.004413041,1,0.292133000,-0.003976170,-0.250614000,0.023399158,-0.447951437,0.885308546,-0.122559244,1,0.324279356,-0.191319825,-0.252896246,0.023399158,-0.447951437,0.885308546,-0.122559244
8.431384334,104191.889970125,vr_world,57149,104191.873173000,0.016798750,1,0.234915000,-0.400948000,-0.252730000,0.196943626,-0.809575432,0.552887848,0.010763665,1,0.317813058,-0.231526423,-0.223614494,0.196943626,-0.809575432,0.552887848,0.010763665,57227,104191.873173000,0.016798750,1,0.292133000,-0.003976170,-0.250614000,0.023399158,-0.447951437,0.885308546,-0.122559244,1,0.324279356,-0.191319825,-0.252896246,0.023399158,-0.447951437,0.885308546,-0.122559244
8.443782917,104191.902368708,vr_world,57150,104191.890425958,0.011943125,1,0.234167000,-0.400797000,-0.253132000,0.200788497,-0.806699608,0.555695082,0.011076924,1,0.318286683,-0.232245520,-0.222509464,0.200788497,-0.806699608,0.555695082,0.011076924,57228,104191.890425958,0.011943125,1,0.292089000,-0.004024320,-0.250621000,0.023359210,-0.448216520,0.885176529,-0.122551259,1,0.324343294,-0.191349426,-0.252895223,0.023359210,-0.448216520,0.885176529,-0.122551259
8.456173792,104191.914759583,vr_world,57151,104191.907681541,0.007078834,1,0.233585000,-0.400831000,-0.252882000,0.199771095,-0.805147862,0.558289759,0.011873286,1,0.318748248,-0.232745071,-0.222587083,0.199771095,-0.805147862,0.558289759,0.011873286,57229,104191.907681541,0.007078834,1,0.292038000,-0.004143570,-0.250594000,0.022892751,-0.448622904,0.884872845,-0.123342855,1,0.324449299,-0.191445562,-0.252516436,0.022892751,-0.448622904,0.884872845,-0.123342855
8.468580459,104191.927166250,vr_world,57152,104191.925430375,0.001737500,1,0.233234000,-0.401134000,-0.252896000,0.199502893,-0.805069657,0.558499105,0.011840278,1,0.318479866,-0.233071414,-0.222703716,0.199502893,-0.805069657,0.558499105,0.011840278,57230,104191.925430375,0.001737500,1,0.291879000,-0.004262520,-0.250198000,0.023054482,-0.450376488,0.884217451,-0.121610074,1,0.325000104,-0.191433031,-0.252731200,0.023054482,-0.450376488,0.884217451,-0.121610074
8.480990084,104191.939575875,vr_world,57152,104191.925430375,0.014146125,1,0.233234000,-0.401134000,-0.252896000,0.199502893,-0.805069657,0.558499105,0.011840278,1,0.318479866,-0.233071414,-0.222703716,0.199502893,-0.805069657,0.558499105,0.011840278,57230,104191.925430375,0.014146125,1,0.291879000,-0.004262520,-0.250198000,0.023054482,-0.450376488,0.884217451,-0.121610074,1,0.325000104,-0.191433031,-0.252731200,0.023054482,-0.450376488,0.884217451,-0.121610074
8.493418625,104191.952004416,vr_world,57153,104191.942983291,0.009023500,1,0.232606000,-0.401319000,-0.253035000,0.199986399,-0.804457024,0.559203145,0.012090450,1,0.318147217,-0.233443025,-0.222640232,0.199986399,-0.804457024,0.559203145,0.012090450,57231,104191.942983291,0.009023500,1,0.291961000,-0.004266670,-0.250361000,0.022964374,-0.449800949,0.884411283,-0.122345521,1,0.324850059,-0.191481435,-0.252628510,0.022964374,-0.449800949,0.884411283,-0.122345521
8.505818500,104191.964404291,vr_world,57154,104191.961045000,0.003359750,1,0.231271000,-0.401344000,-0.253333000,0.200956958,-0.802590900,0.561534129,0.011982130,1,0.317792912,-0.234041087,-0.222556879,0.200956958,-0.802590900,0.561534129,0.011982130,57232,104191.961045000,0.003359750,1,0.292007000,-0.004284940,-0.250370000,0.022975875,-0.449692191,0.884450534,-0.122459364,1,0.324853279,-0.191507651,-0.252599524,0.022975875,-0.449692191,0.884450534,-0.122459364
8.517771167,104191.976356958,vr_world,57154,104191.961045000,0.015312500,1,0.231271000,-0.401344000,-0.253333000,0.200956958,-0.802590900,0.561534129,0.011982130,1,0.317792912,-0.234041087,-0.222556879,0.200956958,-0.802590900,0.561534129,0.011982130,57232,104191.961045000,0.015312500,1,0.292007000,-0.004284940,-0.250370000,0.022975875,-0.449692191,0.884450534,-0.122459364,1,0.324853279,-0.191507651,-0.252599524,0.022975875,-0.449692191,0.884450534,-0.122459364
8.528572209,104191.987158000,vr_world,57155,104191.978866375,0.008297583,1,0.230136000,-0.401174000,-0.253616000,0.202174443,-0.800330922,0.564358906,0.009743467,1,0.317876987,-0.234577058,-0.222464504,0.202174443,-0.800330922,0.564358906,0.009743467,57233,104191.978866375,0.008297583,1,0.291949000,-0.004351510,-0.250257000,0.023476961,-0.450115362,0.884324513,-0.121717493,1,0.324986223,-0.191536630,-0.252803216,0.023476961,-0.450115362,0.884324513,-0.121717493
8.540996000,104191.999581791,vr_world,57156,104191.996809875,0.002772333,1,0.229138000,-0.401267000,-0.253903000,0.202727777,-0.798389653,0.566926219,0.008370913,1,0.317966338,-0.235278525,-0.222585513,0.202727777,-0.798389653,0.566926219,0.008370913,57234,104191.996809875,0.002772333,1,0.291930000,-0.004316330,-0.250281000,0.024077562,-0.450167394,0.884196692,-0.122334778,1,0.325031945,-0.191492167,-0.252664413,0.024077562,-0.450167394,0.884196692,-0.122334778
8.553417625,104192.012003416,vr_world,57156,104191.996809875,0.015193958,1,0.229138000,-0.401267000,-0.253903000,0.202727777,-0.798389653,0.566926219,0.008370913,1,0.317966338,-0.235278525,-0.222585513,0.202727777,-0.798389653,0.566926219,0.008370913,57234,104191.996809875,0.015193958,1,0.291930000,-0.004316330,-0.250281000,0.024077562,-0.450167394,0.884196692,-0.122334778,1,0.325031945,-0.191492167,-0.252664413,0.024077562,-0.450167394,0.884196692,-0.122334778
8.565842125,104192.024427916,vr_world,57157,104192.013922000,0.010506416,1,0.227920000,-0.401108000,-0.254422000,0.206345726,-0.795420112,0.569816634,0.006106523,1,0.318023888,-0.236060789,-0.221800721,0.206345726,-0.795420112,0.569816634,0.006106523,57235,104192.013922000,0.010506416,1,0.291886000,-0.004296350,-0.250189000,0.024298325,-0.450307684,0.884136003,-0.122213376,1,0.325056351,-0.191459325,-0.252637544,0.024298325,-0.450307684,0.884136003,-0.122213376
8.578252250,104192.036838041,vr_world,57158,104192.031503416,0.005334959,1,0.227225000,-0.401230000,-0.254530000,0.206312669,-0.795229797,0.570109359,0.004468834,1,0.317473312,-0.236245148,-0.221992540,0.206312669,-0.795229797,0.570109359,0.004468834,57236,104192.031503416,0.005334959,1,0.291894000,-0.004277310,-0.250143000,0.024400787,-0.450261505,0.884199196,-0.121905540,1,0.325045688,-0.191441812,-0.252716884,0.024400787,-0.450261505,0.884199196,-0.121905540
8.589764542,104192.048350333,vr_world,57158,104192.031503416,0.016847542,1,0.227225000,-0.401230000,-0.254530000,0.206312669,-0.795229797,0.570109359,0.004468834,1,0.317473312,-0.236245148,-0.221992540,0.206312669,-0.795229797,0.570109359,0.004468834,57236,104192.031503416,0.016847542,1,0.291894000,-0.004277310,-0.250143000,0.024400787,-0.450261505,0.884199196,-0.121905540,1,0.325045688,-0.191441812,-0.252716884,0.024400787,-0.450261505,0.884199196,-0.121905540
8.602119334,104192.060705125,vr_world,57159,104192.048997791,0.011707750,1,0.226618000,-0.401212000,-0.254757000,0.205969178,-0.795251481,0.570213488,0.002890910,1,0.316929229,-0.236222127,-0.222420817,0.205969178,-0.795251481,0.570213488,0.002890910,57237,104192.048997791,0.011707750,1,0.291948000,-0.004291150,-0.250130000,0.024209129,-0.449892416,0.884429741,-0.121633738,1,0.324931017,-0.191484247,-0.252792094,0.024209129,-0.449892416,0.884429741,-0.121633738
8.613864792,104192.072450583,vr_world,57160,104192.067414541,0.005036625,1,0.226128000,-0.401335000,-0.255129000,0.207556076,-0.796454646,0.567961408,0.000557157,1,0.315570826,-0.235966664,-0.222315047,0.207556076,-0.796454646,0.567961408,0.000557157,57238,104192.067414541,0.005036625,1,0.291971000,-0.004276770,-0.250138000,0.023529593,-0.449533051,0.884629552,-0.121642717,1,0.324767452,-0.191503599,-0.252731769,0.023529593,-0.449533051,0.884629552,-0.121642717
8.626118625,104192.084704416,vr_world,57160,104192.067414541,0.017290334,1,0.226128000,-0.401335000,-0.255129000,0.207556076,-0.796454646,0.567961408,0.000557157,1,0.315570826,-0.235966664,-0.222315047,0.207556076,-0.796454646,0.567961408,0.000557157,57238,104192.067414541,0.017290334,1,0.291971000,-0.004276770,-0.250138000,0.023529593,-0.449533051,0.884629552,-0.121642717,1,0.324767452,-0.191503599,-0.252731769,0.023529593,-0.449533051,0.884629552,-0.121642717
8.638515500,104192.097101291,vr_world,57161,104192.085958625,0.011142958,1,0.225053000,-0.400321000,-0.255609000,0.210005510,-0.793662600,0.570961517,0.000555337,1,0.315756587,-0.235837633,-0.221822785,0.210005510,-0.793662600,0.570961517,0.000555337,57239,104192.085958625,0.011142958,1,0.291951000,-0.004399830,-0.250098000,0.022791532,-0.449226811,0.884826656,-0.121480889,1,0.324577111,-0.191656549,-0.252678184,0.022791532,-0.449226811,0.884826656,-0.121480889
8.650911417,104192.109497208,vr_world,57162,104192.103545500,0.005952083,1,0.224642000,-0.400056000,-0.255224000,0.207562454,-0.793810389,0.571645898,-0.001964890,1,0.315639433,-0.235524880,-0.222475659,0.207562454,-0.793810389,0.571645898,-0.001964890,57240,104192.103545500,0.005952083,1,0.291913000,-0.004495900,-0.250061000,0.021993923,-0.449357986,0.884853508,-0.120946006,1,0.324541292,-0.191750822,-0.252747162,0.021993923,-0.449357986,0.884853508,-0.120946006
8.661769125,104192.120354916,vr_world,57162,104192.103545500,0.016810000,1,0.224642000,-0.400056000,-0.255224000,0.207562454,-0.793810389,0.571645898,-0.001964890,1,0.315639433,-0.235524880,-0.222475659,0.207562454,-0.793810389,0.571645898,-0.001964890,57240,104192.103545500,0.016810000,1,0.291913000,-0.004495900,-0.250061000,0.021993923,-0.449357986,0.884853508,-0.120946006,1,0.324541292,-0.191750822,-0.252747162,0.021993923,-0.449357986,0.884853508,-0.120946006
8.672951292,104192.131537083,vr_world,57163,104192.121644958,0.009892708,1,0.224014000,-0.399402000,-0.255636000,0.209647841,-0.792565860,0.572605313,-0.003208566,1,0.315447743,-0.235265879,-0.222130024,0.209647841,-0.792565860,0.572605313,-0.003208566,57241,104192.121644958,0.009892708,1,0.291657000,-0.004598540,-0.250124000,0.021346956,-0.450306679,0.884452800,-0.120463467,1,0.324636836,-0.191790640,-0.252893878,0.021346956,-0.450306679,0.884452800,-0.120463467
8.683107834,104192.141693625,vr_world,57164,104192.139932375,0.001761791,1,0.222824000,-0.398771000,-0.255167000,0.207835401,-0.793420007,0.572024952,-0.008751671,1,0.314099995,-0.234358243,-0.222600365,0.207835401,-0.793420007,0.572024952,-0.008751671,57242,104192.139932375,0.001761791,1,0.291132000,-0.004640360,-0.250246000,0.020511993,-0.452565872,0.883351342,-0.120223940,1,0.325003341,-0.191674123,-0.252960010,0.020511993,-0.452565872,0.883351342,-0.120223940
8.695241417,104192.153827208,vr_world,57164,104192.139932375,0.013895250,1,0.222824000,-0.398771000,-0.255167000,0.207835401,-0.793420007,0.572024952,-0.008751671,1,0.314099995,-0.234358243,-0.222600365,0.207835401,-0.793420007,0.572024952,-0.008751671,57242,104192.139932375,0.013895250,1,0.291132000,-0.004640360,-0.250246000,0.020511993,-0.452565872,0.883351342,-0.120223940,1,0.325003341,-0.191674123,-0.252960010,0.020511993,-0.452565872,0.883351342,-0.120223940
8.707614750,104192.166200541,vr_world,57165,104192.158629250,0.007571583,1,0.222046000,-0.398377000,-0.255379000,0.208592316,-0.793600335,0.571421525,-0.012852812,1,0.313160174,-0.233895604,-0.222705520,0.208592316,-0.793600335,0.571421525,-0.012852812,57243,104192.158629250,0.007571583,1,0.291041000,-0.004692860,-0.250222000,0.020227154,-0.452967754,0.883222371,-0.119705133,1,0.325055248,-0.191698348,-0.253086462,0.020227154,-0.452967754,0.883222371,-0.119705133
8.720036750,104192.178622541,vr_world,57166,104192.176897416,0.001725542,1,0.221337000,-0.397550000,-0.255049000,0.208391232,-0.791947923,0.573694615,-0.016311679,1,0.313449727,-0.233590130,-0.222555356,0.208391232,-0.791947923,0.573694615,-0.016311679,57244,104192.176897416,0.001725542,1,0.290617000,-0.004517050,-0.250314000,0.019143647,-0.454264615,0.882620586,-0.119407212,1,0.325108250,-0.191435642,-0.253141188,0.019143647,-0.454264615,0.882620586,-0.119407212
8.732020584,104192.190606375,vr_world,57166,104192.176897416,0.013709750,1,0.221337000,-0.397550000,-0.255049000,0.208391232,-0.791947923,0.573694615,-0.016311679,1,0.313449727,-0.233590130,-0.222555356,0.208391232,-0.791947923,0.573694615,-0.016311679,57244,104192.176897416,0.013709750,1,0.290617000,-0.004517050,-0.250314000,0.019143647,-0.454264615,0.882620586,-0.119407212,1,0.325108250,-0.191435642,-0.253141188,0.019143647,-0.454264615,0.882620586,-0.119407212
8.744450500,104192.203036291,vr_world,57167,104192.194644833,0.008392125,1,0.220528000,-0.396897000,-0.254925000,0.208311308,-0.790641203,0.575384582,-0.020626929,1,0.313422507,-0.233344918,-0.222602171,0.208311308,-0.790641203,0.575384582,-0.020626929,57245,104192.194644833,0.008392125,1,0.290188000,-0.004242270,-0.250742000,0.018210518,-0.454578169,0.882399464,-0.119992716,1,0.324771238,-0.191148517,-0.253246235,0.018210518,-0.454578169,0.882399464,-0.119992716
8.756876500,104192.215462291,vr_world,57168,104192.212686250,0.002776500,1,0.220884000,-0.396845000,-0.254702000,0.208016085,-0.791929119,0.573705682,-0.020961156,1,0.313098890,-0.232877055,-0.222540463,0.208016085,-0.791929119,0.573705682,-0.020961156,57246,104192.212686250,0.002776500,1,0.289808000,-0.003914240,-0.251188000,0.018979550,-0.453701017,0.882714552,-0.120872594,1,0.324082489,-0.190880254,-0.253471637,0.018979550,-0.453701017,0.882714552,-0.120872594
8.769309834,104192.227895625,vr_world,57168,104192.212686250,0.015209833,1,0.220884000,-0.396845000,-0.254702000,0.208016085,-0.791929119,0.573705682,-0.020961156,1,0.313098890,-0.232877055,-0.222540463,0.208016085,-0.791929119,0.573705682,-0.020961156,57246,104192.212686250,0.015209833,1,0.289808000,-0.003914240,-0.251188000,0.018979550,-0.453701017,0.882714552,-0.120872594,1,0.324082489,-0.190880254,-0.253471637,0.018979550,-0.453701017,0.882714552,-0.120872594
8.781730417,104192.240316208,vr_world,57169,104192.231139833,0.009179125,1,0.221174000,-0.397030000,-0.254496000,0.207040447,-0.794489546,0.570572857,-0.019163244,1,0.312062672,-0.232252230,-0.222699838,0.207040447,-0.794489546,0.570572857,-0.019163244,57247,104192.231139833,0.009179125,1,0.288450000,-0.003208060,-0.252130000,0.022134337,-0.455104126,0.881666276,-0.122698341,1,0.323509206,-0.190032618,-0.254048778,0.022134337,-0.455104126,0.881666276,-0.122698341
8.794148042,104192.252733833,vr_world,57170,104192.249297333,0.003438833,1,0.221831000,-0.397271000,-0.254586000,0.208354795,-0.799436822,0.563165813,-0.018256914,1,0.309671838,-0.230924183,-0.222396521,0.208354795,-0.799436822,0.563165813,-0.018256914,57248,104192.249297333,0.003438833,1,0.287160000,-0.002889280,-0.253238000,0.026723220,-0.457583902,0.880284783,-0.122480786,1,0.323498407,-0.189463391,-0.255662166,0.026723220,-0.457583902,0.880284783,-0.122480786
8.806570959,104192.265156750,vr_world,57170,104192.249297333,0.015862292,1,0.221831000,-0.397271000,-0.254586000,0.208354795,-0.799436822,0.563165813,-0.018256914,1,0.309671838,-0.230924183,-0.222396521,0.208354795,-0.799436822,0.563165813,-0.018256914,57248,104192.249297333,0.015862292,1,0.287160000,-0.002889280,-0.253238000,0.026723220,-0.457583902,0.880284783,-0.122480786,1,0.323498407,-0.189463391,-0.255662166,0.026723220,-0.457583902,0.880284783,-0.122480786
8.818982917,104192.277568708,vr_world,57171,104192.267709000,0.009860083,1,0.221781000,-0.397163000,-0.254379000,0.208339997,-0.800249692,0.562015272,-0.018267738,1,0.309149555,-0.230561792,-0.222219409,0.208339997,-0.800249692,0.562015272,-0.018267738,57249,104192.267709000,0.009860083,1,0.286730000,-0.002458940,-0.254156000,0.031061464,-0.458638855,0.879963975,-0.119787266,1,0.323710135,-0.188883023,-0.257999129,0.031061464,-0.458638855,0.879963975,-0.119787266
8.831019042,104192.289604833,vr_world,57172,104192.286273416,0.003335667,1,0.221465000,-0.397275000,-0.254798000,0.207687011,-0.796938341,0.566945340,-0.018120912,1,0.310849049,-0.231718732,-0.222781853,0.207687011,-0.796938341,0.566945340,-0.018120912,57250,104192.286273416,0.003335667,1,0.286959000,-0.001882730,-0.255262000,0.033000645,-0.456683966,0.881125352,-0.118189788,1,0.323214021,-0.188429797,-0.259949796,0.033000645,-0.456683966,0.881125352,-0.118189788
8.843433459,104192.302019250,vr_world,57172,104192.286273416,0.015746417,1,0.221465000,-0.397275000,-0.254798000,0.207687011,-0.796938341,0.566945340,-0.018120912,1,0.310849049,-0.231718732,-0.222781853,0.207687011,-0.796938341,0.566945340,-0.018120912,57250,104192.286273416,0.015746417,1,0.286959000,-0.001882730,-0.255262000,0.033000645,-0.456683966,0.881125352,-0.118189788,1,0.323214021,-0.188429797,-0.259949796,0.033000645,-0.456683966,0.881125352,-0.118189788
8.855861375,104192.314447166,vr_world,57173,104192.304255541,0.010192209,1,0.221566000,-0.397298000,-0.254924000,0.208090550,-0.796641288,0.567207690,-0.018341696,1,0.311065098,-0.231833139,-0.222757292,0.208090550,-0.796641288,0.567207690,-0.018341696,57251,104192.304255541,0.010192209,1,0.286613000,-0.001093490,-0.257367000,0.033615862,-0.455938926,0.881793429,-0.115887955,1,0.322560180,-0.187674473,-0.262987095,0.033615862,-0.455938926,0.881793429,-0.115887955
8.865945000,104192.324530791,vr_world,57174,104192.322565750,0.001965541,1,0.221898000,-0.397644000,-0.254952000,0.208172802,-0.797128564,0.566500165,-0.018102474,1,0.311102258,-0.232025313,-0.222757569,0.208172802,-0.797128564,0.566500165,-0.018102474,57252,104192.322565750,0.001965541,1,0.286738000,-0.000729494,-0.258947000,0.030336270,-0.455667439,0.882078699,-0.115689519,1,0.322375327,-0.187377559,-0.264301925,0.030336270,-0.455667439,0.882078699,-0.115689519
8.877769917,104192.336355708,vr_world,57174,104192.322565750,0.013790333,1,0.221898000,-0.397644000,-0.254952000,0.208172802,-0.797128564,0.566500165,-0.018102474,1,0.311102258,-0.232025313,-0.222757569,0.208172802,-0.797128564,0.566500165,-0.018102474,57252,104192.322565750,0.013790333,1,0.286738000,-0.000729494,-0.258947000,0.030336270,-0.455667439,0.882078699,-0.115689519,1,0.322375327,-0.187377559,-0.264301925,0.030336270,-0.455667439,0.882078699,-0.115689519
8.890150292,104192.348736083,vr_world,57175,104192.340709250,0.008027458,1,0.222952000,-0.398700000,-0.255234000,0.208284826,-0.799354561,0.563388039,-0.015608836,1,0.310826200,-0.232389696,-0.222946702,0.208284826,-0.799354561,0.563388039,-0.015608836,57253,104192.340709250,0.008027458,1,0.286858000,-0.000281744,-0.260142000,0.027165000,-0.455885770,0.882290608,-0.113989081,1,0.322373737,-0.186944715,-0.265780558,0.027165000,-0.455885770,0.882290608,-0.113989081
8.902579375,104192.361165166,vr_world,57176,104192.359116791,0.002049084,1,0.223327000,-0.399117000,-0.255660000,0.209497171,-0.800553972,0.561276790,-0.013879455,1,0.310306073,-0.232435400,-0.222868451,0.209497171,-0.800553972,0.561276790,-0.013879455,57254,104192.359116791,0.002049084,1,0.287348000,0.000398189,-0.261275000,0.024911095,-0.454482701,0.883166479,-0.113322034,1,0.322138830,-0.186400185,-0.266952721,0.024911095,-0.454482701,0.883166479,-0.113322034
8.915005167,104192.373590958,vr_world,57176,104192.359116791,0.014477125,1,0.223327000,-0.399117000,-0.255660000,0.209497171,-0.800553972,0.561276790,-0.013879455,1,0.310306073,-0.232435400,-0.222868451,0.209497171,-0.800553972,0.561276790,-0.013879455,57254,104192.359116791,0.014477125,1,0.287348000,0.000398189,-0.261275000,0.024911095,-0.454482701,0.883166479,-0.113322034,1,0.322138830,-0.186400185,-0.266952721,0.024911095,-0.454482701,0.883166479,-0.113322034
8.927419459,104192.386005250,vr_world,57177,104192.377161333,0.008845792,1,0.223993000,-0.399473000,-0.256135000,0.211578710,-0.802324213,0.558013416,-0.011460141,1,0.309596280,-0.232249702,-0.222491418,0.211578710,-0.802324213,0.558013416,-0.011460141,57255,104192.377161333,0.008845792,1,0.287682000,0.001447890,-0.263169000,0.020316695,-0.455005921,0.883341232,-0.110747969,1,0.322382797,-0.185353205,-0.269286171,0.020316695,-0.455005921,0.883341232,-0.110747969
8.938023917,104192.396609708,vr_world,57178,104192.394663916,0.001946167,1,0.223434000,-0.399443000,-0.256053000,0.210070354,-0.800814750,0.560740589,-0.011669361,1,0.310152298,-0.232687302,-0.222948020,0.210070354,-0.800814750,0.560740589,-0.011669361,57256,104192.394663916,0.001946167,1,0.287725000,0.002229110,-0.264280000,0.017075832,-0.456551290,0.882488300,-0.111730638,1,0.322909669,-0.184504254,-0.269654690,0.017075832,-0.456551290,0.882488300,-0.111730638
8.948967542,104192.407553333,vr_world,57178,104192.394663916,0.012891500,1,0.223434000,-0.399443000,-0.256053000,0.210070354,-0.800814750,0.560740589,-0.011669361,1,0.310152298,-0.232687302,-0.222948020,0.210070354,-0.800814750,0.560740589,-0.011669361,57256,104192.394663916,0.012891500,1,0.287725000,0.002229110,-0.264280000,0.017075832,-0.456551290,0.882488300,-0.111730638,1,0.322909669,-0.184504254,-0.269654690,0.017075832,-0.456551290,0.882488300,-0.111730638
8.961392000,104192.419977791,vr_world,57179,104192.412565375,0.007414791,1,0.223470000,-0.399434000,-0.256304000,0.210989538,-0.799891555,0.561706455,-0.011948807,1,0.310598123,-0.232963321,-0.222842429,0.210989538,-0.799891555,0.561706455,-0.011948807,57257,104192.412565375,0.007414791,1,0.287795000,0.003171210,-0.265356000,0.013636039,-0.457144439,0.881925613,-0.114193840,1,0.323093298,-0.183573465,-0.269443769,0.013636039,-0.457144439,0.881925613,-0.114193840
8.973803375,104192.432389166,vr_world,57180,104192.429900833,0.002489083,1,0.223990000,-0.399758000,-0.256393000,0.211810777,-0.800246003,0.560909319,-0.011102522,1,0.310780271,-0.233179606,-0.222591477,0.211810777,-0.800246003,0.560909319,-0.011102522,57258,104192.429900833,0.002489083,1,0.288317000,0.004713050,-0.267271000,0.008125345,-0.456211851,0.881747108,-0.119694461,1,0.323062729,-0.182173921,-0.268758656,0.008125345,-0.456211851,0.881747108,-0.119694461
8.984442709,104192.443028500,vr_world,57180,104192.429900833,0.013128208,1,0.223990000,-0.399758000,-0.256393000,0.211810777,-0.800246003,0.560909319,-0.011102522,1,0.310780271,-0.233179606,-0.222591477,0.211810777,-0.800246003,0.560909319,-0.011102522,57258,104192.429900833,0.013128208,1,0.288317000,0.004713050,-0.267271000,0.008125345,-0.456211851,0.881747108,-0.119694461,1,0.323062729,-0.182173921,-0.268758656,0.008125345,-0.456211851,0.881747108,-0.119694461
8.994520750,104192.453106541,vr_world,57181,104192.448128625,0.004978375,1,0.224155000,-0.400214000,-0.256255000,0.210312416,-0.801486035,0.559708324,-0.010743167,1,0.310432339,-0.233253162,-0.223031821,0.210312416,-0.801486035,0.559708324,-0.010743167,57259,104192.448128625,0.004978375,1,0.289074000,0.005822990,-0.267618000,0.005059406,-0.452858734,0.883206309,-0.121819481,1,0.322318528,-0.181342270,-0.268048477,0.005059406,-0.452858734,0.883206309,-0.121819481
9.005769167,104192.464354958,vr_world,57181,104192.448128625,0.016226791,1,0.224155000,-0.400214000,-0.256255000,0.210312416,-0.801486035,0.559708324,-0.010743167,1,0.310432339,-0.233253162,-0.223031821,0.210312416,-0.801486035,0.559708324,-0.010743167,57259,104192.448128625,0.016226791,1,0.289074000,0.005822990,-0.267618000,0.005059406,-0.452858734,0.883206309,-0.121819481,1,0.322318528,-0.181342270,-0.268048477,0.005059406,-0.452858734,0.883206309,-0.121819481
9.016318459,104192.474904250,vr_world,57182,104192.467349916,0.007554917,1,0.224228000,-0.400298000,-0.256489000,0.211328955,-0.802317899,0.558135383,-0.010533543,1,0.309861731,-0.233080498,-0.222894151,0.211328955,-0.802317899,0.558135383,-0.010533543,57260,104192.467349916,0.007554917,1,0.289202000,0.006765590,-0.268211000,0.001788521,-0.451899963,0.883271703,-0.124957287,1,0.321964055,-0.180482160,-0.267143227,0.001788521,-0.451899963,0.883271703,-0.124957287
9.028726667,104192.487312458,vr_world,57183,104192.485852083,0.001460833,1,0.224173000,-0.400155000,-0.256452000,0.211215221,-0.802099015,0.558495955,-0.010371539,1,0.309951300,-0.233005703,-0.222886462,0.211215221,-0.802099015,0.558495955,-0.010371539,57261,104192.485852083,0.001460833,1,0.289701000,0.008498000,-0.269392000,0.003319037,0.449760437,-0.883464196,0.131131797,1,0.321486478,-0.178881066,-0.265520685,0.003319037,0.449760437,-0.883464196,0.131131797
9.041151542,104192.499737333,vr_world,57183,104192.485852083,0.013885833,1,0.224173000,-0.400155000,-0.256452000,0.211215221,-0.802099015,0.558495955,-0.010371539,1,0.309951300,-0.233005703,-0.222886462,0.211215221,-0.802099015,0.558495955,-0.010371539,57261,104192.485852083,0.013885833,1,0.289701000,0.008498000,-0.269392000,0.003319037,0.449760437,-0.883464196,0.131131797,1,0.321486478,-0.178881066,-0.265520685,0.003319037,0.449760437,-0.883464196,0.131131797
9.052036167,104192.510621958,vr_world,57184,104192.503506500,0.007116041,1,0.224154000,-0.400192000,-0.256459000,0.211125559,-0.802051079,0.558598093,-0.010403638,1,0.309974226,-0.233057470,-0.222927623,0.211125559,-0.802051079,0.558598093,-0.010403638,57262,104192.503506500,0.007116041,1,0.290347000,0.009018990,-0.269767000,0.005467041,0.447642289,-0.883887769,0.135384285,1,0.321256426,-0.178461704,-0.264124946,0.005467041,0.447642289,-0.883887769,0.135384285
9.064451667,104192.523037458,vr_world,57185,104192.522663041,0.000375125,1,0.224145000,-0.400210000,-0.256515000,0.211190443,-0.802103975,0.558498792,-0.010339679,1,0.309923499,-0.233059128,-0.222957398,0.211190443,-0.802103975,0.558498792,-0.010339679,57263,104192.522663041,0.000375125,1,0.291037000,0.009332490,-0.269777000,0.009177046,0.446901473,-0.883998920,0.136896915,1,0.321527696,-0.178185179,-0.263168424,0.009177046,0.446901473,-0.883998920,0.136896915
9.076880209,104192.535466000,vr_world,57185,104192.522663041,0.012803750,1,0.224145000,-0.400210000,-0.256515000,0.211190443,-0.802103975,0.558498792,-0.010339679,1,0.309923499,-0.233059128,-0.222957398,0.211190443,-0.802103975,0.558498792,-0.010339679,57263,104192.522663041,0.012803750,1,0.291037000,0.009332490,-0.269777000,0.009177046,0.446901473,-0.883998920,0.136896915,1,0.321527696,-0.178185179,-0.263168424,0.009177046,0.446901473,-0.883998920,0.136896915
9.089302209,104192.547888000,vr_world,57186,104192.540264916,0.007623709,1,0.224668000,-0.400194000,-0.256521000,0.211851915,-0.803558978,0.556166422,-0.009520770,1,0.309475259,-0.232599121,-0.222711222,0.211851915,-0.803558978,0.556166422,-0.009520770,57264,104192.540264916,0.007623709,1,0.292470000,0.009852300,-0.270139000,0.015832391,0.443469185,-0.885158463,0.139924664,1,0.321357247,-0.177845502,-0.261698266,0.015832391,0.443469185,-0.885158463,0.139924664
9.101711459,104192.560297250,vr_world,57187,104192.558136291,0.002161292,1,0.225179000,-0.400408000,-0.256476000,0.211281500,-0.806417120,0.552259852,-0.007785364,1,0.308336905,-0.231948898,-0.222864981,0.211281500,-0.806417120,0.552259852,-0.007785364,57265,104192.558136291,0.002161292,1,0.293527000,0.010236100,-0.270690000,0.019331801,0.439521050,-0.886834143,0.141324912,1,0.320680575,-0.177678923,-0.261371750,0.019331801,0.439521050,-0.886834143,0.141324912
9.112435584,104192.571021375,vr_world,57187,104192.558136291,0.012885417,1,0.225179000,-0.400408000,-0.256476000,0.211281500,-0.806417120,0.552259852,-0.007785364,1,0.308336905,-0.231948898,-0.222864981,0.211281500,-0.806417120,0.552259852,-0.007785364,57265,104192.558136291,0.012885417,1,0.293527000,0.010236100,-0.270690000,0.019331801,0.439521050,-0.886834143,0.141324912,1,0.320680575,-0.177678923,-0.261371750,0.019331801,0.439521050,-0.886834143,0.141324912
9.124845625,104192.583431416,vr_world,57188,104192.576776208,0.006656083,1,0.225129000,-0.400218000,-0.256562000,0.212044005,-0.805668790,0.553068110,-0.007127929,1,0.308615258,-0.231989370,-0.222611989,0.212044005,-0.805668790,0.553068110,-0.007127929,57266,104192.576776208,0.006656083,1,0.294275000,0.010042600,-0.270991000,0.022636306,0.439277858,-0.886527271,0.143498988,1,0.321277010,-0.177831924,-0.260489846,0.022636306,0.439277858,-0.886527271,0.143498988
9.137243667,104192.595829458,vr_world,57189,104192.594513541,0.001316209,1,0.225022000,-0.400067000,-0.256510000,0.211496615,-0.804764780,0.554587292,-0.007467711,1,0.309136722,-0.232111214,-0.222761155,0.211496615,-0.804764780,0.554587292,-0.007467711,57267,104192.594513541,0.001316209,1,0.295160000,0.009932970,-0.270977000,0.026622725,0.440664112,-0.885917815,0.142323563,1,0.322589219,-0.177876466,-0.260420324,0.026622725,0.440664112,-0.885917815,0.142323563
9.149687875,104192.608273666,vr_world,57189,104192.594513541,0.013762375,1,0.225022000,-0.400067000,-0.256510000,0.211496615,-0.804764780,0.554587292,-0.007467711,1,0.309136722,-0.232111214,-0.222761155,0.211496615,-0.804764780,0.554587292,-0.007467711,57267,104192.594513541,0.013762375,1,0.295160000,0.009932970,-0.270977000,0.026622725,0.440664112,-0.885917815,0.142323563,1,0.322589219,-0.177876466,-0.260420324,0.026622725,0.440664112,-0.885917815,0.142323563
9.161907042,104192.620492833,vr_world,57190,104192.612377083,0.008116292,1,0.225236000,-0.400059000,-0.256536000,0.210885727,-0.804779493,0.554805417,-0.006937304,1,0.309425316,-0.232099853,-0.222990558,0.210885727,-0.804779493,0.554805417,-0.006937304,57268,104192.612377083,0.008116292,1,0.297166000,0.010239800,-0.271748000,0.034741518,0.436763076,-0.887368205,0.143557344,1,0.322770572,-0.177743737,-0.259795777,0.034741518,0.436763076,-0.887368205,0.143557344
9.173771917,104192.632357708,vr_world,57191,104192.629960458,0.002397833,1,0.225622000,-0.400182000,-0.256694000,0.211237534,-0.805213146,0.554046745,-0.006534294,1,0.309494117,-0.232092593,-0.223006136,0.211237534,-0.805213146,0.554046745,-0.006534294,57269,104192.629960458,0.002397833,1,0.298249000,0.010561500,-0.272556000,0.037869943,0.431807057,-0.889246220,0.146115341,1,0.321777452,-0.177606887,-0.259315882,0.037869943,0.431807057,-0.889246220,0.146115341
9.185428792,104192.644014583,vr_world,57191,104192.629960458,0.014054500,1,0.225622000,-0.400182000,-0.256694000,0.211237534,-0.805213146,0.554046745,-0.006534294,1,0.309494117,-0.232092593,-0.223006136,0.211237534,-0.805213146,0.554046745,-0.006534294,57269,104192.629960458,0.014054500,1,0.298249000,0.010561500,-0.272556000,0.037869943,0.431807057,-0.889246220,0.146115341,1,0.321777452,-0.177606887,-0.259315882,0.037869943,0.431807057,-0.889246220,0.146115341
9.197651417,104192.656237208,vr_world,57192,104192.647951291,0.008286209,1,0.226389000,-0.400488000,-0.257006000,0.212270871,-0.806075081,0.552413832,-0.004795769,1,0.309565330,-0.232145451,-0.222860541,0.212270871,-0.806075081,0.552413832,-0.004795769,57270,104192.647951291,0.008286209,1,0.298912000,0.010716800,-0.273310000,0.040384196,0.429800586,-0.889626955,0.149011591,1,0.321629032,-0.177451138,-0.258715861,0.040384196,0.429800586,-0.889626955,0.149011591
9.210069250,104192.668655041,vr_world,57193,104192.666402708,0.002254250,1,0.227315000,-0.401001000,-0.257276000,0.212283253,-0.807185413,0.550805738,-0.000753544,1,0.309758283,-0.232336883,-0.222939554,0.212283253,-0.807185413,0.550805738,-0.000753544,57271,104192.666402708,0.002254250,1,0.300239000,0.011267200,-0.274677000,0.046691580,0.427706239,-0.889846498,0.151856769,1,0.322035002,-0.176860506,-0.258271670,0.046691580,0.427706239,-0.889846498,0.151856769
9.222486459,104192.681072250,vr_world,57193,104192.666402708,0.014670042,1,0.227315000,-0.401001000,-0.257276000,0.212283253,-0.807185413,0.550805738,-0.000753544,1,0.309758283,-0.232336883,-0.222939554,0.212283253,-0.807185413,0.550805738,-0.000753544,57271,104192.666402708,0.014670042,1,0.300239000,0.011267200,-0.274677000,0.046691580,0.427706239,-0.889846498,0.151856769,1,0.322035002,-0.176860506,-0.258271670,0.046691580,0.427706239,-0.889846498,0.151856769
9.234925417,104192.693511208,vr_world,57194,104192.684649416,0.008862750,1,0.227684000,-0.401314000,-0.257694000,0.213507307,-0.806850420,0.550821921,0.001496869,1,0.310111794,-0.232762748,-0.222771265,0.213507307,-0.806850420,0.550821921,0.001496869,57272,104192.684649416,0.008862750,1,0.300927000,0.011617000,-0.275421000,0.049259606,0.427450937,-0.889640618,0.152966529,1,0.322603296,-0.176460017,-0.258292249,0.049259606,0.427450937,-0.889640618,0.152966529
9.245237750,104192.703823541,vr_world,57195,104192.702787000,0.001037333,1,0.228066000,-0.401275000,-0.257961000,0.213739396,-0.807049115,0.550435330,0.002853915,1,0.310316081,-0.232669250,-0.222882722,0.213739396,-0.807049115,0.550435330,0.002853915,57273,104192.702787000,0.001037333,1,0.301271000,0.012016100,-0.276276000,0.052644708,0.427884350,-0.889078473,0.153892777,1,0.323099900,-0.175972404,-0.258386692,0.052644708,0.427884350,-0.889078473,0.153892777
9.256030042,104192.714615833,vr_world,57195,104192.702787000,0.011829291,1,0.228066000,-0.401275000,-0.257961000,0.213739396,-0.807049115,0.550435330,0.002853915,1,0.310316081,-0.232669250,-0.222882722,0.213739396,-0.807049115,0.550435330,0.002853915,57273,104192.702787000,0.011829291,1,0.301271000,0.012016100,-0.276276000,0.052644708,0.427884350,-0.889078473,0.153892777,1,0.323099900,-0.175972404,-0.258386692,0.052644708,0.427884350,-0.889078473,0.153892777
9.268390834,104192.726976625,vr_world,57196,104192.720335333,0.006641875,1,0.228683000,-0.401421000,-0.258600000,0.214927763,-0.808045672,0.548486781,0.005522582,1,0.310102242,-0.232532321,-0.222949127,0.214927763,-0.808045672,0.548486781,0.005522582,57274,104192.720335333,0.006641875,1,0.302362000,0.012681400,-0.277918000,0.060200734,0.425629930,-0.889055038,0.157468007,1,0.323259087,-0.175185589,-0.257779637,0.060200734,0.425629930,-0.889055038,0.157468007
9.280599250,104192.739185041,vr_world,57197,104192.737928000,0.001257666,1,0.228848000,-0.401336000,-0.258815000,0.216455508,-0.808531097,0.547165440,0.005870214,1,0.309733510,-0.232315636,-0.222578362,0.216455508,-0.808531097,0.547165440,0.005870214,57275,104192.737928000,0.001257666,1,0.302899000,0.013043300,-0.278828000,0.063593903,0.423065518,-0.889610461,0.159889368,1,0.322769122,-0.174789651,-0.257376200,0.063593903,0.423065518,-0.889610461,0.159889368
9.293006959,104192.751592750,vr_world,57197,104192.737928000,0.013665125,1,0.228848000,-0.401336000,-0.258815000,0.216455508,-0.808531097,0.547165440,0.005870214,1,0.309733510,-0.232315636,-0.222578362,0.216455508,-0.808531097,0.547165440,0.005870214,57275,104192.737928000,0.013665125,1,0.302899000,0.013043300,-0.278828000,0.063593903,0.423065518,-0.889610461,0.159889368,1,0.322769122,-0.174789651,-0.257376200,0.063593903,0.423065518,-0.889610461,0.159889368
9.305419417,104192.764005208,vr_world,57198,104192.756085916,0.007919709,1,0.228716000,-0.401446000,-0.258621000,0.215389707,-0.808323007,0.547904282,0.004699853,1,0.309910788,-0.232475562,-0.222845576,0.215389707,-0.808323007,0.547904282,0.004699853,57276,104192.756085916,0.007919709,1,0.303038000,0.013617100,-0.279549000,0.066449479,0.422687325,-0.889272606,0.161598651,1,0.322782872,-0.174114005,-0.257113541,0.066449479,0.422687325,-0.889272606,0.161598651
9.317876125,104192.776461916,vr_world,57199,104192.774342500,0.002119791,1,0.228754000,-0.401686000,-0.258732000,0.215097733,-0.807989891,0.548512260,0.004427346,1,0.310201035,-0.232812131,-0.223075254,0.215097733,-0.807989891,0.548512260,0.004427346,57277,104192.774342500,0.002119791,1,0.303208000,0.014118600,-0.280674000,0.069671323,0.422862606,-0.888426813,0.164410832,1,0.323101768,-0.173421010,-0.256811957,0.069671323,0.422862606,-0.888426813,0.164410832
9.328570125,104192.787155916,vr_world,57199,104192.774342500,0.012814041,1,0.228754000,-0.401686000,-0.258732000,0.215097733,-0.807989891,0.548512260,0.004427346,1,0.310201035,-0.232812131,-0.223075254,0.215097733,-0.807989891,0.548512260,0.004427346,57277,104192.774342500,0.012814041,1,0.303208000,0.014118600,-0.280674000,0.069671323,0.422862606,-0.888426813,0.164410832,1,0.323101768,-0.173421010,-0.256811957,0.069671323,0.422862606,-0.888426813,0.164410832
9.340943084,104192.799528875,vr_world,57200,104192.791744333,0.007784917,1,0.228832000,-0.401650000,-0.258757000,0.215150584,-0.807833077,0.548722605,0.004409946,1,0.310367017,-0.232823159,-0.223078480,0.215150584,-0.807833077,0.548722605,0.004409946,57278,104192.791744333,0.007784917,1,0.303733000,0.014626600,-0.282105000,0.075835322,0.421615374,-0.887491460,0.169848133,1,0.323275271,-0.172578360,-0.255485275,0.075835322,0.421615374,-0.887491460,0.169848133
9.353369250,104192.811955041,vr_world,57201,104192.809853208,0.002102292,1,0.228961000,-0.401557000,-0.258716000,0.214852817,-0.808060201,0.548505267,0.004353327,1,0.310403251,-0.232660217,-0.223156890,0.214852817,-0.808060201,0.548505267,0.004353327,57279,104192.809853208,0.002102292,1,0.303538000,0.014419300,-0.282276000,0.076472747,0.422740627,-0.886919616,0.169752398,1,0.323545887,-0.172730833,-0.255616388,0.076472747,0.422740627,-0.886919616,0.169752398
9.363828334,104192.822414125,vr_world,57201,104192.809853208,0.012561375,1,0.228961000,-0.401557000,-0.258716000,0.214852817,-0.808060201,0.548505267,0.004353327,1,0.310403251,-0.232660217,-0.223156890,0.214852817,-0.808060201,0.548505267,0.004353327,57279,104192.809853208,0.012561375,1,0.303538000,0.014419300,-0.282276000,0.076472747,0.422740627,-0.886919616,0.169752398,1,0.323545887,-0.172730833,-0.255616388,0.076472747,0.422740627,-0.886919616,0.169752398
9.376185084,104192.834770875,vr_world,57202,104192.826910333,0.007860792,1,0.229098000,-0.401526000,-0.258778000,0.214994235,-0.808385846,0.547970219,0.004294361,1,0.310321162,-0.232533031,-0.223174668,0.214994235,-0.808385846,0.547970219,0.004294361,57280,104192.826910333,0.007860792,1,0.303237000,0.014469000,-0.282926000,0.078024374,0.424660036,-0.885870284,0.169734763,1,0.324044550,-0.172568498,-0.256088184,0.078024374,0.424660036,-0.885870284,0.169734763
9.388518250,104192.847104041,vr_world,57203,104192.844691000,0.002413375,1,0.229431000,-0.401559000,-0.259032000,0.216170470,-0.808863778,0.546800547,0.004344983,1,0.310182460,-0.232432516,-0.222992054,0.216170470,-0.808863778,0.546800547,0.004344983,57281,104192.844691000,0.002413375,1,0.303531000,0.014716900,-0.283668000,0.079177745,0.423291190,-0.886080748,0.171511987,1,0.323831221,-0.172260189,-0.256032144,0.079177745,0.423291190,-0.886080748,0.171511987
9.400925042,104192.859510833,vr_world,57203,104192.844691000,0.014820208,1,0.229431000,-0.401559000,-0.259032000,0.216170470,-0.808863778,0.546800547,0.004344983,1,0.310182460,-0.232432516,-0.222992054,0.216170470,-0.808863778,0.546800547,0.004344983,57281,104192.844691000,0.014820208,1,0.303531000,0.014716900,-0.283668000,0.079177745,0.423291190,-0.886080748,0.171511987,1,0.323831221,-0.172260189,-0.256032144,0.079177745,0.423291190,-0.886080748,0.171511987
9.413332959,104192.871918750,vr_world,57204,104192.862129083,0.009790375,1,0.229692000,-0.401456000,-0.258995000,0.215734874,-0.809056996,0.546682932,0.004797253,1,0.310383478,-0.232270641,-0.223097772,0.215734874,-0.809056996,0.546682932,0.004797253,57282,104192.862129083,0.009790375,1,0.303706000,0.014834800,-0.284780000,0.082005964,0.421156768,-0.886341709,0.174070026,1,0.323210900,-0.172030082,-0.255844184,0.082005964,0.421156768,-0.886341709,0.174070026
9.425771375,104192.884357166,vr_world,57205,104192.881001375,0.003356500,1,0.229910000,-0.401345000,-0.258990000,0.215221158,-0.809274210,0.546560206,0.005200646,1,0.310538860,-0.232092518,-0.223267979,0.215221158,-0.809274210,0.546560206,0.005200646,57283,104192.881001375,0.003356500,1,0.303601000,0.015045300,-0.285014000,0.081951286,0.419994726,-0.886965891,0.173723702,1,0.322606598,-0.171889910,-0.256200443,0.081951286,0.419994726,-0.886965891,0.173723702
9.438202292,104192.896788083,vr_world,57205,104192.881001375,0.015787208,1,0.229910000,-0.401345000,-0.258990000,0.215221158,-0.809274210,0.546560206,0.005200646,1,0.310538860,-0.232092518,-0.223267979,0.215221158,-0.809274210,0.546560206,0.005200646,57283,104192.881001375,0.015787208,1,0.303601000,0.015045300,-0.285014000,0.081951286,0.419994726,-0.886965891,0.173723702,1,0.322606598,-0.171889910,-0.256200443,0.081951286,0.419994726,-0.886965891,0.173723702
9.448341959,104192.906927750,vr_world,57206,104192.899524041,0.007404042,1,0.230055000,-0.401239000,-0.259049000,0.215769970,-0.808935580,0.546844243,0.005284105,1,0.310807018,-0.232091465,-0.223109704,0.215769970,-0.808935580,0.546844243,0.005284105,57284,104192.899524041,0.007404042,1,0.303391000,0.015402700,-0.285532000,0.082738076,0.419842903,-0.886675898,0.175191895,1,0.322390305,-0.171434950,-0.256087712,0.082738076,0.419842903,-0.886675898,0.175191895
9.460776834,104192.919362625,vr_world,57207,104192.917029333,0.002333667,1,0.230375000,-0.401268000,-0.259183000,0.215963824,-0.809019491,0.546643636,0.005274902,1,0.311046239,-0.232096826,-0.223172809,0.215963824,-0.809019491,0.546643636,0.005274902,57285,104192.917029333,0.002333667,1,0.303725000,0.015800600,-0.286658000,0.086231603,0.417820377,-0.886827690,0.177558135,1,0.321979654,-0.170898640,-0.255894277,0.086231603,0.417820377,-0.886827690,0.177558135
9.471400375,104192.929986166,vr_world,57207,104192.917029333,0.012957125,1,0.230375000,-0.401268000,-0.259183000,0.215963824,-0.809019491,0.546643636,0.005274902,1,0.311046239,-0.232096826,-0.223172809,0.215963824,-0.809019491,0.546643636,0.005274902,57285,104192.917029333,0.012957125,1,0.303725000,0.015800600,-0.286658000,0.086231603,0.417820377,-0.886827690,0.177558135,1,0.321979654,-0.170898640,-0.255894277,0.086231603,0.417820377,-0.886827690,0.177558135
9.483109792,104192.941695583,vr_world,57208,104192.935605958,0.006090125,1,0.230866000,-0.401436000,-0.259421000,0.216217452,-0.809635054,0.545627557,0.005626917,1,0.311114336,-0.232086013,-0.223307020,0.216217452,-0.809635054,0.545627557,0.005626917,57286,104192.935605958,0.006090125,1,0.304278000,0.016288500,-0.287420000,0.089237837,0.415160385,-0.887537251,0.178762665,1,0.321482289,-0.170368592,-0.255807664,0.089237837,0.415160385,-0.887537251,0.178762665
9.494550292,104192.953136083,vr_world,57208,104192.935605958,0.017531250,1,0.230866000,-0.401436000,-0.259421000,0.216217452,-0.809635054,0.545627557,0.005626917,1,0.311114336,-0.232086013,-0.223307020,0.216217452,-0.809635054,0.545627557,0.005626917,57286,104192.935605958,0.017531250,1,0.304278000,0.016288500,-0.287420000,0.089237837,0.415160385,-0.887537251,0.178762665,1,0.321482289,-0.170368592,-0.255807664,0.089237837,0.415160385,-0.887537251,0.178762665
9.504867709,104192.963453500,vr_world,57209,104192.954661833,0.008793625,1,0.231247000,-0.401341000,-0.259566000,0.216757008,-0.810123761,0.544676662,0.006574613,1,0.311094845,-0.231854629,-0.223205206,0.216757008,-0.810123761,0.544676662,0.006574613,57287,104192.954661833,0.008793625,1,0.304254000,0.016288700,-0.287924000,0.091958555,0.415164750,-0.887018295,0.179945545,1,0.321524260,-0.170228604,-0.255531797,0.091958555,0.415164750,-0.887018295,0.179945545
9.515119959,104192.973705750,vr_world,57210,104192.972870875,0.000835625,1,0.231488000,-0.401278000,-0.259691000,0.217315947,-0.810078481,0.544504872,0.007815291,1,0.311255539,-0.231814159,-0.223049878,0.217315947,-0.810078481,0.544504872,0.007815291,57288,104192.972870875,0.000835625,1,0.303844000,0.016624100,-0.288426000,0.094773479,0.417494025,-0.885597374,0.180094471,1,0.322115356,-0.169728922,-0.255639374,0.094773479,0.417494025,-0.885597374,0.180094471
9.527485834,104192.986071625,vr_world,57210,104192.972870875,0.013201416,1,0.231488000,-0.401278000,-0.259691000,0.217315947,-0.810078481,0.544504872,0.007815291,1,0.311255539,-0.231814159,-0.223049878,0.217315947,-0.810078481,0.544504872,0.007815291,57288,104192.972870875,0.013201416,1,0.303844000,0.016624100,-0.288426000,0.094773479,0.417494025,-0.885597374,0.180094471,1,0.322115356,-0.169728922,-0.255639374,0.094773479,0.417494025,-0.885597374,0.180094471
9.539860375,104192.998446166,vr_world,57211,104192.991273875,0.007172958,1,0.231504000,-0.401308000,-0.259776000,0.217345532,-0.809754171,0.544973886,0.007909806,1,0.311465327,-0.231940138,-0.223112968,0.217345532,-0.809754171,0.544973886,0.007909806,57289,104192.991273875,0.007172958,1,0.303613000,0.016726300,-0.288747000,0.094326318,0.419009542,-0.884788462,0.180784201,1,0.322542690,-0.169530658,-0.255789240,0.094326318,0.419009542,-0.884788462,0.180784201
9.552273709,104193.010859500,vr_world,57212,104193.009120333,0.001739750,1,0.231815000,-0.401270000,-0.260061000,0.218204211,-0.809536181,0.544940912,0.008803187,1,0.311762581,-0.231977581,-0.223021435,0.218204211,-0.809536181,0.544940912,0.008803187,57290,104193.009120333,0.001739750,1,0.303544000,0.016842100,-0.288992000,0.094289573,0.418949098,-0.884708791,0.181332524,1,0.322470364,-0.169381232,-0.255841618,0.094289573,0.418949098,-0.884708791,0.181332524
9.564666000,104193.023251791,vr_world,57212,104193.009120333,0.014132167,1,0.231815000,-0.401270000,-0.260061000,0.218204211,-0.809536181,0.544940912,0.008803187,1,0.311762581,-0.231977581,-0.223021435,0.218204211,-0.809536181,0.544940912,0.008803187,57290,104193.009120333,0.014132167,1,0.303544000,0.016842100,-0.288992000,0.094289573,0.418949098,-0.884708791,0.181332524,1,0.322470364,-0.169381232,-0.255841618,0.094289573,0.418949098,-0.884708791,0.181332524
9.577058125,104193.035643916,vr_world,57213,104193.027081500,0.008562916,1,0.232060000,-0.401531000,-0.260199000,0.218356906,-0.809951290,0.544253894,0.009320311,1,0.311718268,-0.232119760,-0.223079789,0.218356906,-0.809951290,0.544253894,0.009320311,57291,104193.027081500,0.008562916,1,0.302915000,0.017063100,-0.289385000,0.094449559,0.420663458,-0.883834041,0.181545928,1,0.322568839,-0.169071086,-0.256157712,0.094449559,0.420663458,-0.883834041,0.181545928
9.589467459,104193.048053250,vr_world,57214,104193.044890000,0.003163750,1,0.232391000,-0.401609000,-0.260831000,0.220096883,-0.810412361,0.542838725,0.010737126,1,0.311467875,-0.232086326,-0.222984616,0.220096883,-0.810412361,0.542838725,0.010737126,57292,104193.044890000,0.003163750,1,0.301984000,0.017247100,-0.289990000,0.093239336,0.423146565,-0.882423998,0.183252010,1,0.322736325,-0.168690823,-0.256334503,0.093239336,0.423146565,-0.882423998,0.183252010
9.600404167,104193.058989958,vr_world,57214,104193.044890000,0.014100250,1,0.232391000,-0.401609000,-0.260831000,0.220096883,-0.810412361,0.542838725,0.010737126,1,0.311467875,-0.232086326,-0.222984616,0.220096883,-0.810412361,0.542838725,0.010737126,57292,104193.044890000,0.014100250,1,0.301984000,0.017247100,-0.289990000,0.093239336,0.423146565,-0.882423998,0.183252010,1,0.322736325,-0.168690823,-0.256334503,0.093239336,0.423146565,-0.882423998,0.183252010
9.612485459,104193.071071250,vr_world,57215,104193.063966250,0.007105416,1,0.232688000,-0.401325000,-0.261189000,0.221460902,-0.810392514,0.542280759,0.012272757,1,0.311534703,-0.231830306,-0.222741838,0.221460902,-0.810392514,0.542280759,0.012272757,57293,104193.063966250,0.007105416,1,0.300941000,0.017000000,-0.290476000,0.092327472,0.426580348,-0.880518166,0.184912424,1,0.323191302,-0.168683799,-0.256378488,0.092327472,0.426580348,-0.880518166,0.184912424
9.624894625,104193.083480416,vr_world,57216,104193.082258250,0.001222625,1,0.232772000,-0.401506000,-0.261648000,0.221505185,-0.809975528,0.542863711,0.013194228,1,0.311852561,-0.232137300,-0.223125960,0.221505185,-0.809975528,0.542863711,0.013194228,57294,104193.082258250,0.001222625,1,0.299499000,0.016327400,-0.291258000,0.091296191,0.432407421,-0.877101616,0.188099926,1,0.324312035,-0.168853391,-0.256206723,0.091296191,0.432407421,-0.877101616,0.188099926
9.637296459,104193.095882250,vr_world,57216,104193.082258250,0.013624708,1,0.232772000,-0.401506000,-0.261648000,0.221505185,-0.809975528,0.542863711,0.013194228,1,0.311852561,-0.232137300,-0.223125960,0.221505185,-0.809975528,0.542863711,0.013194228,57294,104193.082258250,0.013624708,1,0.299499000,0.016327400,-0.291258000,0.091296191,0.432407421,-0.877101616,0.188099926,1,0.324312035,-0.168853391,-0.256206723,0.091296191,0.432407421,-0.877101616,0.188099926
9.649689917,104193.108275708,vr_world,57217,104193.099915875,0.008360500,1,0.233115000,-0.401456000,-0.262644000,0.224384421,-0.810155374,0.541384407,0.014241712,1,0.311609056,-0.232077683,-0.222981607,0.224384421,-0.810155374,0.541384407,0.014241712,57295,104193.099915875,0.008360500,1,0.298343000,0.016343800,-0.291592000,0.089695101,0.434943495,-0.875932264,0.188471785,1,0.324222184,-0.168708090,-0.256630858,0.089695101,0.434943495,-0.875932264,0.188471785
9.661911959,104193.120497750,vr_world,57218,104193.117563666,0.002934459,1,0.233399000,-0.401197000,-0.263268000,0.225758765,-0.810802355,0.539819871,0.015067481,1,0.311253897,-0.231654709,-0.223050198,0.225758765,-0.810802355,0.539819871,0.015067481,57296,104193.117563666,0.002934459,1,0.297759000,0.016097200,-0.292064000,0.088192272,0.438182647,-0.873875810,0.191204497,1,0.325092502,-0.168598213,-0.256332652,0.088192272,0.438182647,-0.873875810,0.191204497
9.674254042,104193.132839833,vr_world,57218,104193.117563666,0.015276792,1,0.233399000,-0.401197000,-0.263268000,0.225758765,-0.810802355,0.539819871,0.015067481,1,0.311253897,-0.231654709,-0.223050198,0.225758765,-0.810802355,0.539819871,0.015067481,57296,104193.117563666,0.015276792,1,0.297759000,0.016097200,-0.292064000,0.088192272,0.438182647,-0.873875810,0.191204497,1,0.325092502,-0.168598213,-0.256332652,0.088192272,0.438182647,-0.873875810,0.191204497
9.686657542,104193.145243333,vr_world,57219,104193.135830458,0.009413292,1,0.233260000,-0.401012000,-0.263864000,0.227552242,-0.809940476,0.540337917,0.015853636,1,0.311347501,-0.231751905,-0.222915190,0.227552242,-0.809940476,0.540337917,0.015853636,57297,104193.135830458,0.009413292,1,0.296136000,0.015445600,-0.292540000,0.088486859,0.446002113,-0.869509053,0.192889083,1,0.326829832,-0.168610835,-0.256245756,0.088486859,0.446002113,-0.869509053,0.192889083
9.699069250,104193.157655041,vr_world,57220,104193.153520916,0.004134500,1,0.233329000,-0.400712000,-0.265195000,0.231071535,-0.807131833,0.542940564,0.018965607,1,0.312525105,-0.232347478,-0.222711701,0.231071535,-0.807131833,0.542940564,0.018965607,57298,104193.153520916,0.004134500,1,0.294940000,0.015074200,-0.293415000,0.088453454,0.451921253,-0.865627144,0.196552320,1,0.328269278,-0.168270149,-0.255861836,0.088453454,0.451921253,-0.865627144,0.196552320
9.709774209,104193.168360000,vr_world,57220,104193.153520916,0.014839625,1,0.233329000,-0.400712000,-0.265195000,0.231071535,-0.807131833,0.542940564,0.018965607,1,0.312525105,-0.232347478,-0.222711701,0.231071535,-0.807131833,0.542940564,0.018965607,57298,104193.153520916,0.014839625,1,0.294940000,0.015074200,-0.293415000,0.088453454,0.451921253,-0.865627144,0.196552320,1,0.328269278,-0.168270149,-0.255861836,0.088453454,0.451921253,-0.865627144,0.196552320
9.722188417,104193.180774208,vr_world,57221,104193.171709666,0.009065000,1,0.233529000,-0.400301000,-0.266232000,0.232380647,-0.804673472,0.545922184,0.021651955,1,0.313969717,-0.232697945,-0.223082019,0.232380647,-0.804673472,0.545922184,0.021651955,57299,104193.171709666,0.009065000,1,0.295299000,0.014729300,-0.293523000,0.085194703,0.446516239,-0.868640925,0.197048352,1,0.326333845,-0.169046570,-0.256113302,0.085194703,0.446516239,-0.868640925,0.197048352
9.734604792,104193.193190583,vr_world,57222,104193.190037416,0.003153709,1,0.233489000,-0.400138000,-0.267613000,0.234833172,-0.802798762,0.547551068,0.023565997,1,0.314633867,-0.233147476,-0.223419306,0.234833172,-0.802798762,0.547551068,0.023565997,57300,104193.190037416,0.003153709,1,0.294362000,0.014330500,-0.293994000,0.086372906,0.448665183,-0.867198566,0.198004852,1,0.326349663,-0.169186822,-0.256120732,0.086372906,0.448665183,-0.867198566,0.198004852
9.747014167,104193.205599958,vr_world,57222,104193.190037416,0.015563167,1,0.233489000,-0.400138000,-0.267613000,0.234833172,-0.802798762,0.547551068,0.023565997,1,0.314633867,-0.233147476,-0.223419306,0.234833172,-0.802798762,0.547551068,0.023565997,57300,104193.190037416,0.015563167,1,0.294362000,0.014330500,-0.293994000,0.086372906,0.448665183,-0.867198566,0.198004852,1,0.326349663,-0.169186822,-0.256120732,0.086372906,0.448665183,-0.867198566,0.198004852
9.759429917,104193.218015708,vr_world,57223,104193.209172750,0.008843375,1,0.233610000,-0.399639000,-0.270057000,0.241803316,-0.799296187,0.549519608,0.026171771,1,0.315662517,-0.233857234,-0.223075589,0.241803316,-0.799296187,0.549519608,0.026171771,57301,104193.209172750,0.008843375,1,0.293354000,0.013688700,-0.294314000,0.089936447,0.454637741,-0.863483647,0.199027512,1,0.327940277,-0.169207110,-0.255724782,0.089936447,0.454637741,-0.863483647,0.199027512
9.769741875,104193.228327666,vr_world,57224,104193.227552041,0.000776500,1,0.233793000,-0.399593000,-0.271119000,0.242342540,-0.796891570,0.552687422,0.027758478,1,0.317167713,-0.234557312,-0.223839483,0.242342540,-0.796891570,0.552687422,0.027758478,57302,104193.227552041,0.000776500,1,0.293361000,0.013570400,-0.294248000,0.092831220,0.456489326,-0.862585989,0.197345566,1,0.328700652,-0.169245433,-0.255963852,0.092831220,0.456489326,-0.862585989,0.197345566
9.782147375,104193.240733166,vr_world,57224,104193.227552041,0.013181834,1,0.233793000,-0.399593000,-0.271119000,0.242342540,-0.796891570,0.552687422,0.027758478,1,0.317167713,-0.234557312,-0.223839483,0.242342540,-0.796891570,0.552687422,0.027758478,57302,104193.227552041,0.013181834,1,0.293361000,0.013570400,-0.294248000,0.092831220,0.456489326,-0.862585989,0.197345566,1,0.328700652,-0.169245433,-0.255963852,0.092831220,0.456489326,-0.862585989,0.197345566
9.792441167,104193.251026958,vr_world,57225,104193.245478666,0.005548917,1,0.234419000,-0.399701000,-0.272683000,0.244027167,-0.796117289,0.552925741,0.030350113,1,0.317921429,-0.234953279,-0.224631150,0.244027167,-0.796117289,0.552925741,0.030350113,57303,104193.245478666,0.005548917,1,0.293359000,0.013699700,-0.294598000,0.095109309,0.455498263,-0.862822988,0.197514666,1,0.328316438,-0.169119815,-0.255981210,0.095109309,0.455498263,-0.862822988,0.197514666
9.804858125,104193.263443916,vr_world,57226,104193.263026708,0.000417458,1,0.235370000,-0.399727000,-0.274855000,0.245346994,-0.796382291,0.551717445,0.034466801,1,0.318406690,-0.234953565,-0.226089916,0.245346994,-0.796382291,0.551717445,0.034466801,57304,104193.263026708,0.000417458,1,0.293157000,0.013310900,-0.295087000,0.097030009,0.455679935,-0.862038710,0.199575141,1,0.328300020,-0.169267131,-0.255508656,0.097030009,0.455679935,-0.862038710,0.199575141
9.817268959,104193.275854750,vr_world,57226,104193.263026708,0.012828375,1,0.235370000,-0.399727000,-0.274855000,0.245346994,-0.796382291,0.551717445,0.034466801,1,0.318406690,-0.234953565,-0.226089916,0.245346994,-0.796382291,0.551717445,0.034466801,57304,104193.263026708,0.012828375,1,0.293157000,0.013310900,-0.295087000,0.097030009,0.455679935,-0.862038710,0.199575141,1,0.328300020,-0.169267131,-0.255508656,0.097030009,0.455679935,-0.862038710,0.199575141
9.828937084,104193.287522875,vr_world,57227,104193.281303166,0.006220125,1,0.235794000,-0.399857000,-0.275892000,0.243016576,-0.797624594,0.550771627,0.037263457,1,0.318416480,-0.234661521,-0.227856334,0.243016576,-0.797624594,0.550771627,0.037263457,57305,104193.281303166,0.006220125,1,0.293428000,0.013452500,-0.294989000,0.095428306,0.454082435,-0.863195026,0.198989768,1,0.327849703,-0.169343052,-0.255781975,0.095428306,0.454082435,-0.863195026,0.198989768
9.841348084,104193.299933875,vr_world,57228,104193.299486083,0.000448208,1,0.236213000,-0.399646000,-0.277133000,0.243709606,-0.797721884,0.550024986,0.041448026,1,0.318561246,-0.234456343,-0.228609057,0.243709606,-0.797721884,0.550024986,0.041448026,57306,104193.299486083,0.000448208,1,0.292970000,0.013536900,-0.295283000,0.095966879,0.455916557,-0.862102361,0.199273605,1,0.328185505,-0.169077469,-0.255937573,0.095966879,0.455916557,-0.862102361,0.199273605
9.853756709,104193.312342500,vr_world,57228,104193.299486083,0.012856708,1,0.236213000,-0.399646000,-0.277133000,0.243709606,-0.797721884,0.550024986,0.041448026,1,0.318561246,-0.234456343,-0.228609057,0.243709606,-0.797721884,0.550024986,0.041448026,57306,104193.299486083,0.012856708,1,0.292970000,0.013536900,-0.295283000,0.095966879,0.455916557,-0.862102361,0.199273605,1,0.328185505,-0.169077469,-0.255937573,0.095966879,0.455916557,-0.862102361,0.199273605
9.866181584,104193.324767375,vr_world,57229,104193.317279416,0.007488542,1,0.236432000,-0.399440000,-0.278451000,0.244337148,-0.798059253,0.549058603,0.043993605,1,0.318407613,-0.234176514,-0.229548822,0.244337148,-0.798059253,0.549058603,0.043993605,57307,104193.317279416,0.007488542,1,0.292512000,0.013317700,-0.295601000,0.097534106,0.459447764,-0.859611796,0.201152703,1,0.329318088,-0.168807145,-0.255450206,0.097534106,0.459447764,-0.859611796,0.201152703
9.878570750,104193.337156541,vr_world,57230,104193.335063916,0.002092917,1,0.236739000,-0.398741000,-0.280315000,0.245164401,-0.797961443,0.548584119,0.046983157,1,0.318556678,-0.233541129,-0.230935565,0.245164401,-0.797961443,0.548584119,0.046983157,57308,104193.335063916,0.002092917,1,0.292971000,0.013500100,-0.295460000,0.096997329,0.458007893,-0.860542965,0.200713961,1,0.329142531,-0.168795229,-0.255506859,0.096997329,0.458007893,-0.860542965,0.200713961
9.890973875,104193.349559666,vr_world,57230,104193.335063916,0.014496125,1,0.236739000,-0.398741000,-0.280315000,0.245164401,-0.797961443,0.548584119,0.046983157,1,0.318556678,-0.233541129,-0.230935565,0.245164401,-0.797961443,0.548584119,0.046983157,57308,104193.335063916,0.014496125,1,0.292971000,0.013500100,-0.295460000,0.096997329,0.458007893,-0.860542965,0.200713961,1,0.329142531,-0.168795229,-0.255506859,0.096997329,0.458007893,-0.860542965,0.200713961
9.903381792,104193.361967583,vr_world,57231,104193.353396833,0.008571458,1,0.236445000,-0.398316000,-0.280684000,0.241795172,-0.796915082,0.551690436,0.045816041,1,0.319481192,-0.233326931,-0.232652000,0.241795172,-0.796915082,0.551690436,0.045816041,57309,104193.353396833,0.008571458,1,0.293419000,0.013661500,-0.295607000,0.097226885,0.455560838,-0.861814058,0.200718173,1,0.328559930,-0.168821461,-0.255590758,0.097226885,0.455560838,-0.861814058,0.200718173
9.915109667,104193.373695458,vr_world,57232,104193.371575791,0.002120125,1,0.236334000,-0.398135000,-0.281670000,0.240605520,-0.795394223,0.554398330,0.045820358,1,0.320471928,-0.233570681,-0.234100760,0.240605520,-0.795394223,0.554398330,0.045820358,57310,104193.371575791,0.002120125,1,0.294109000,0.013788600,-0.295878000,0.097661418,0.450121741,-0.864520190,0.201140516,1,0.326976071,-0.169056149,-0.255581984,0.097661418,0.450121741,-0.864520190,0.201140516
9.927517292,104193.386103083,vr_world,57232,104193.371575791,0.014527584,1,0.236334000,-0.398135000,-0.281670000,0.240605520,-0.795394223,0.554398330,0.045820358,1,0.320471928,-0.233570681,-0.234100760,0.240605520,-0.795394223,0.554398330,0.045820358,57310,104193.371575791,0.014527584,1,0.294109000,0.013788600,-0.295878000,0.097661418,0.450121741,-0.864520190,0.201140516,1,0.326976071,-0.169056149,-0.255581984,0.097661418,0.450121741,-0.864520190,0.201140516
9.939901834,104193.398487625,vr_world,57233,104193.389248250,0.009240000,1,0.236967000,-0.397549000,-0.283707000,0.242107658,-0.794982069,0.554196768,0.047469309,1,0.321062456,-0.233153289,-0.235483860,0.242107658,-0.794982069,0.554196768,0.047469309,57311,104193.389248250,0.009240000,1,0.293362000,0.013976200,-0.295800000,0.098006444,0.453324939,-0.862996446,0.200320671,1,0.327554591,-0.168691806,-0.255806659,0.098006444,0.453324939,-0.862996446,0.200320671
9.952300625,104193.410886416,vr_world,57234,104193.408532958,0.002354000,1,0.237297000,-0.397270000,-0.284392000,0.242991214,-0.795383414,0.553036229,0.049713428,1,0.320947405,-0.232782606,-0.235709498,0.242991214,-0.795383414,0.553036229,0.049713428,57312,104193.408532958,0.002354000,1,0.293008000,0.014125700,-0.296205000,0.098656157,0.455430651,-0.861420286,0.202002416,1,0.328167485,-0.168214790,-0.255560349,0.098656157,0.455430651,-0.861420286,0.202002416
9.964696542,104193.423282333,vr_world,57234,104193.408532958,0.014749750,1,0.237297000,-0.397270000,-0.284392000,0.242991214,-0.795383414,0.553036229,0.049713428,1,0.320947405,-0.232782606,-0.235709498,0.242991214,-0.795383414,0.553036229,0.049713428,57312,104193.408532958,0.014749750,1,0.293008000,0.014125700,-0.296205000,0.098656157,0.455430651,-0.861420286,0.202002416,1,0.328167485,-0.168214790,-0.255560349,0.098656157,0.455430651,-0.861420286,0.202002416
9.975387542,104193.433973333,vr_world,57235,104193.426849750,0.007124041,1,0.237297000,-0.397031000,-0.285077000,0.243723085,-0.795302970,0.552703357,0.051100322,1,0.320836722,-0.232591944,-0.236042682,0.243723085,-0.795302970,0.552703357,0.051100322,57313,104193.426849750,0.007124041,1,0.293225000,0.014120800,-0.296100000,0.097986592,0.454657719,-0.861925601,0.201913955,1,0.328043581,-0.168306428,-0.255551775,0.097986592,0.454657719,-0.861925601,0.201913955
9.987774709,104193.446360500,vr_world,57236,104193.445251041,0.001109750,1,0.237351000,-0.396757000,-0.286522000,0.246535926,-0.794138546,0.552917497,0.053350244,1,0.321059587,-0.232758834,-0.236312895,0.246535926,-0.794138546,0.552917497,0.053350244,57314,104193.445251041,0.001109750,1,0.293590000,0.014372200,-0.296455000,0.097150913,0.452667827,-0.862940189,0.202454361,1,0.327575984,-0.168183405,-0.255778159,0.097150913,0.452667827,-0.862940189,0.202454361
9.998001292,104193.456587083,vr_world,57236,104193.445251041,0.011336625,1,0.237351000,-0.396757000,-0.286522000,0.246535926,-0.794138546,0.552917497,0.053350244,1,0.321059587,-0.232758834,-0.236312895,0.246535926,-0.794138546,0.552917497,0.053350244,57314,104193.445251041,0.011336625,1,0.293590000,0.014372200,-0.296455000,0.097150913,0.452667827,-0.862940189,0.202454361,1,0.327575984,-0.168183405,-0.255778159,0.097150913,0.452667827,-0.862940189,0.202454361
10.010423542,104193.469009333,vr_world,57237,104193.463460125,0.005549916,1,0.237439000,-0.396695000,-0.287039000,0.248665909,-0.793128493,0.553321490,0.054293540,1,0.321368828,-0.233071573,-0.235984261,0.248665909,-0.793128493,0.553321490,0.054293540,57315,104193.463460125,0.005549916,1,0.293690000,0.014581500,-0.296727000,0.097975266,0.450839239,-0.863704250,0.202878772,1,0.326933604,-0.168049646,-0.255776804,0.097975266,0.450839239,-0.863704250,0.202878772
10.022836209,104193.481422000,vr_world,57237,104193.463460125,0.017962416,1,0.237439000,-0.396695000,-0.287039000,0.248665909,-0.793128493,0.553321490,0.054293540,1,0.321368828,-0.233071573,-0.235984261,0.248665909,-0.793128493,0.553321490,0.054293540,57315,104193.463460125,0.017962416,1,0.293690000,0.014581500,-0.296727000,0.097975266,0.450839239,-0.863704250,0.202878772,1,0.326933604,-0.168049646,-0.255776804,0.097975266,0.450839239,-0.863704250,0.202878772
10.035263959,104193.493849750,vr_world,57238,104193.482434500,0.011415791,1,0.237591000,-0.396465000,-0.287450000,0.250243002,-0.793650289,0.551884254,0.054050236,1,0.320951924,-0.232736205,-0.235803976,0.250243002,-0.793650289,0.551884254,0.054050236,57316,104193.482434500,0.011415791,1,0.293369000,0.014608400,-0.296677000,0.098767932,0.452101231,-0.863029483,0.202557360,1,0.327145771,-0.167934649,-0.255770012,0.098767932,0.452101231,-0.863029483,0.202557360
10.045777334,104193.504363125,vr_world,57239,104193.499658166,0.004705459,1,0.237680000,-0.396179000,-0.288023000,0.250967335,-0.794857641,0.549919375,0.052966103,1,0.320225100,-0.232109946,-0.236147402,0.250967335,-0.794857641,0.549919375,0.052966103,57317,104193.499658166,0.004705459,1,0.293241000,0.014669400,-0.297137000,0.099371131,0.451683668,-0.862948959,0.203534608,1,0.326890290,-0.167800723,-0.255801797,0.099371131,0.451683668,-0.862948959,0.203534608
10.058180084,104193.516765875,vr_world,57239,104193.499658166,0.017108334,1,0.237680000,-0.396179000,-0.288023000,0.250967335,-0.794857641,0.549919375,0.052966103,1,0.320225100,-0.232109946,-0.236147402,0.250967335,-0.794857641,0.549919375,0.052966103,57317,104193.499658166,0.017108334,1,0.293241000,0.014669400,-0.297137000,0.099371131,0.451683668,-0.862948959,0.203534608,1,0.326890290,-0.167800723,-0.255801797,0.099371131,0.451683668,-0.862948959,0.203534608
10.069777167,104193.528362958,vr_world,57240,104193.517446541,0.010916875,1,0.237264000,-0.395727000,-0.288403000,0.253893176,-0.791938195,0.552700200,0.053801850,1,0.321029797,-0.232636759,-0.235409298,0.253893176,-0.791938195,0.552700200,0.053801850,57318,104193.517446541,0.010916875,1,0.293235000,0.014849800,-0.297518000,0.098979369,0.450980140,-0.863236243,0.204066624,1,0.326601718,-0.167636561,-0.256025370,0.098979369,0.450980140,-0.863236243,0.204066624
10.082188417,104193.540774208,vr_world,57241,104193.536614583,0.004160208,1,0.237232000,-0.395898000,-0.287783000,0.251405870,-0.792797753,0.552684801,0.052974736,1,0.320933941,-0.232461340,-0.235764961,0.251405870,-0.792797753,0.552684801,0.052974736,57319,104193.536614583,0.004160208,1,0.293100000,0.015047700,-0.298423000,0.099960971,0.450540113,-0.862860862,0.206137196,1,0.326379839,-0.167255274,-0.256063701,0.099960971,0.450540113,-0.862860862,0.206137196
10.094613084,104193.553198875,vr_world,57241,104193.536614583,0.016584625,1,0.237232000,-0.395898000,-0.287783000,0.251405870,-0.792797753,0.552684801,0.052974736,1,0.320933941,-0.232461340,-0.235764961,0.251405870,-0.792797753,0.552684801,0.052974736,57319,104193.536614583,0.016584625,1,0.293100000,0.015047700,-0.298423000,0.099960971,0.450540113,-0.862860862,0.206137196,1,0.326379839,-0.167255274,-0.256063701,0.099960971,0.450540113,-0.862860862,0.206137196
10.106981459,104193.565567250,vr_world,57242,104193.554460833,0.011106833,1,0.237034000,-0.395426000,-0.288119000,0.253125738,-0.793353861,0.551218492,0.051722199,1,0.320142988,-0.231875606,-0.235511135,0.253125738,-0.793353861,0.551218492,0.051722199,57320,104193.554460833,0.011106833,1,0.292990000,0.015337200,-0.299431000,0.102212669,0.449408375,-0.862732568,0.208031727,1,0.325909361,-0.166805900,-0.256112884,0.102212669,0.449408375,-0.862732568,0.208031727
10.119227417,104193.577813208,vr_world,57243,104193.572792625,0.005020958,1,0.236582000,-0.394696000,-0.288165000,0.254274004,-0.793624059,0.550464258,0.049946814,1,0.319375898,-0.231095702,-0.235216121,0.254274004,-0.793624059,0.550464258,0.049946814,57321,104193.572792625,0.005020958,1,0.292092000,0.015469800,-0.300235000,0.102276476,0.450463722,-0.861956812,0.208931595,1,0.325494073,-0.166509846,-0.256600970,0.102276476,0.450463722,-0.861956812,0.208931595
10.131111375,104193.589697166,vr_world,57243,104193.572792625,0.016905333,1,0.236582000,-0.394696000,-0.288165000,0.254274004,-0.793624059,0.550464258,0.049946814,1,0.319375898,-0.231095702,-0.235216121,0.254274004,-0.793624059,0.550464258,0.049946814,57321,104193.572792625,0.016905333,1,0.292092000,0.015469800,-0.300235000,0.102276476,0.450463722,-0.861956812,0.208931595,1,0.325494073,-0.166509846,-0.256600970,0.102276476,0.450463722,-0.861956812,0.208931595
10.143518292,104193.602104083,vr_world,57244,104193.590527375,0.011577250,1,0.235670000,-0.394087000,-0.287689000,0.253516564,-0.793556789,0.551233188,0.046248747,1,0.318726508,-0.230463695,-0.235225286,0.253516564,-0.793556789,0.551233188,0.046248747,57322,104193.590527375,0.011577250,1,0.291035000,0.015316100,-0.300751000,0.099618576,0.453622248,-0.860846256,0.207958454,1,0.325682301,-0.166597320,-0.257817529,0.099618576,0.453622248,-0.860846256,0.207958454
10.155919625,104193.614505416,vr_world,57245,104193.608988125,0.005517541,1,0.234913000,-0.393287000,-0.287458000,0.253780220,-0.791672341,0.554081271,0.042947067,1,0.319119600,-0.230224882,-0.235080314,0.253780220,-0.791672341,0.554081271,0.042947067,57323,104193.608988125,0.005517541,1,0.290211000,0.015255300,-0.301414000,0.095496848,0.457427058,-0.860041319,0.204865246,1,0.326275781,-0.166761404,-0.260117140,0.095496848,0.457427058,-0.860041319,0.204865246
10.166547625,104193.625133416,vr_world,57245,104193.608988125,0.016145625,1,0.234913000,-0.393287000,-0.287458000,0.253780220,-0.791672341,0.554081271,0.042947067,1,0.319119600,-0.230224882,-0.235080314,0.253780220,-0.791672341,0.554081271,0.042947067,57323,104193.608988125,0.016145625,1,0.290211000,0.015255300,-0.301414000,0.095496848,0.457427058,-0.860041319,0.204865246,1,0.326275781,-0.166761404,-0.260117140,0.095496848,0.457427058,-0.860041319,0.204865246
10.178962792,104193.637548583,vr_world,57246,104193.627246416,0.010302709,1,0.233955000,-0.392068000,-0.286738000,0.252154559,-0.787391130,0.561182064,0.038832673,1,0.321036693,-0.230252490,-0.235201764,0.252154559,-0.787391130,0.561182064,0.038832673,57324,104193.627246416,0.010302709,1,0.288971000,0.015131200,-0.302625000,0.091283251,0.462775289,-0.858582012,0.200856487,1,0.327083529,-0.166909471,-0.263320936,0.091283251,0.462775289,-0.858582012,0.200856487
10.191334209,104193.649920000,vr_world,57247,104193.646114750,0.003805916,1,0.234072000,-0.392399000,-0.286583000,0.250220478,-0.785843990,0.564139352,0.039821201,1,0.322355342,-0.231016340,-0.235738807,0.250220478,-0.785843990,0.564139352,0.039821201,57325,104193.646114750,0.003805916,1,0.288102000,0.014730100,-0.303452000,0.091632548,0.466484154,-0.857666927,0.195967989,1,0.327600782,-0.167392626,-0.265937098,0.091632548,0.466484154,-0.857666927,0.195967989
10.203745834,104193.662331625,vr_world,57247,104193.646114750,0.016217250,1,0.234072000,-0.392399000,-0.286583000,0.250220478,-0.785843990,0.564139352,0.039821201,1,0.322355342,-0.231016340,-0.235738807,0.250220478,-0.785843990,0.564139352,0.039821201,57325,104193.646114750,0.016217250,1,0.288102000,0.014730100,-0.303452000,0.091632548,0.466484154,-0.857666927,0.195967989,1,0.327600782,-0.167392626,-0.265937098,0.091632548,0.466484154,-0.857666927,0.195967989
10.216158917,104193.674744708,vr_world,57248,104193.664789125,0.009956250,1,0.234786000,-0.393107000,-0.287024000,0.250910093,-0.788064013,0.560534631,0.042428335,1,0.321614285,-0.231063017,-0.235779202,0.250910093,-0.788064013,0.560534631,0.042428335,57326,104193.664789125,0.009956250,1,0.286725000,0.014582800,-0.305236000,0.089793074,0.470331520,-0.857109223,0.189971697,1,0.327599227,-0.167722316,-0.270159393,0.089793074,0.470331520,-0.857109223,0.189971697
10.228567375,104193.687153166,vr_world,57249,104193.683900541,0.003253042,1,0.235402000,-0.393203000,-0.287507000,0.252793402,-0.790319513,0.556360588,0.044197960,1,0.320550302,-0.230529011,-0.235446168,0.252793402,-0.790319513,0.556360588,0.044197960,57327,104193.683900541,0.003253042,1,0.286227000,0.014379900,-0.307098000,0.090290940,0.470049970,-0.857314705,0.189504799,1,0.326968562,-0.167976458,-0.272133787,0.090290940,0.470049970,-0.857314705,0.189504799
10.240971417,104193.699557208,vr_world,57249,104193.683900541,0.015657334,1,0.235402000,-0.393203000,-0.287507000,0.252793402,-0.790319513,0.556360588,0.044197960,1,0.320550302,-0.230529011,-0.235446168,0.252793402,-0.790319513,0.556360588,0.044197960,57327,104193.683900541,0.015657334,1,0.286227000,0.014379900,-0.307098000,0.090290940,0.470049970,-0.857314705,0.189504799,1,0.326968562,-0.167976458,-0.272133787,0.090290940,0.470049970,-0.857314705,0.189504799
10.253372959,104193.711958750,vr_world,57250,104193.703008708,0.008950875,1,0.235486000,-0.393312000,-0.287937000,0.254131563,-0.790658477,0.555128184,0.045924069,1,0.320164012,-0.230584375,-0.235279475,0.254131563,-0.790658477,0.555128184,0.045924069,57328,104193.703008708,0.008950875,1,0.286123000,0.014257700,-0.308949000,0.093890311,0.468760542,-0.857258546,0.191196102,1,0.326423529,-0.167997063,-0.272959108,0.093890311,0.468760542,-0.857258546,0.191196102
10.264768292,104193.723354083,vr_world,57251,104193.720528458,0.002826292,1,0.235456000,-0.393492000,-0.288833000,0.255167297,-0.788035762,0.558104307,0.049080249,1,0.321421552,-0.231613761,-0.235646276,0.255167297,-0.788035762,0.558104307,0.049080249,57329,104193.720528458,0.002826292,1,0.285803000,0.013838600,-0.311486000,0.100739946,0.467149630,-0.857066621,0.192508423,1,0.325564600,-0.168283174,-0.274245413,0.100739946,0.467149630,-0.857066621,0.192508423
10.277178792,104193.735764583,vr_world,57251,104193.720528458,0.015236542,1,0.235456000,-0.393492000,-0.288833000,0.255167297,-0.788035762,0.558104307,0.049080249,1,0.321421552,-0.231613761,-0.235646276,0.255167297,-0.788035762,0.558104307,0.049080249,57329,104193.720528458,0.015236542,1,0.285803000,0.013838600,-0.311486000,0.100739946,0.467149630,-0.857066621,0.192508423,1,0.325564600,-0.168283174,-0.274245413,0.100739946,0.467149630,-0.857066621,0.192508423
10.289588542,104193.748174333,vr_world,57252,104193.738313041,0.009861750,1,0.236089000,-0.394005000,-0.289301000,0.256463075,-0.787637779,0.557851625,0.051526542,1,0.322004637,-0.232301993,-0.235504553,0.256463075,-0.787637779,0.557851625,0.051526542,57330,104193.738313041,0.009861750,1,0.285692000,0.013841900,-0.312336000,0.104735750,0.465255634,-0.857562014,0.192756351,1,0.324724064,-0.168321496,-0.274531309,0.104735750,0.465255634,-0.857562014,0.192756351
10.301776417,104193.760362208,vr_world,57253,104193.756350666,0.004011959,1,0.237020000,-0.394907000,-0.289530000,0.256182286,-0.791218842,0.552690331,0.053635604,1,0.320821370,-0.232113311,-0.235687767,0.256182286,-0.791218842,0.552690331,0.053635604,57331,104193.756350666,0.004011959,1,0.284899000,0.014151300,-0.313096000,0.106842660,0.467488633,-0.855837866,0.193857091,1,0.324959317,-0.167666253,-0.274705798,0.106842660,0.467488633,-0.855837866,0.193857091
10.311908250,104193.770494041,vr_world,57253,104193.756350666,0.014144042,1,0.237020000,-0.394907000,-0.289530000,0.256182286,-0.791218842,0.552690331,0.053635604,1,0.320821370,-0.232113311,-0.235687767,0.256182286,-0.791218842,0.552690331,0.053635604,57331,104193.756350666,0.014144042,1,0.284899000,0.014151300,-0.313096000,0.106842660,0.467488633,-0.855837866,0.193857091,1,0.324959317,-0.167666253,-0.274705798,0.106842660,0.467488633,-0.855837866,0.193857091
10.324314375,104193.782900166,vr_world,57254,104193.775120708,0.007780000,1,0.237516000,-0.395194000,-0.289885000,0.257241391,-0.793806682,0.548225873,0.056091095,1,0.319519293,-0.231674255,-0.235477028,0.257241391,-0.793806682,0.548225873,0.056091095,57332,104193.775120708,0.007780000,1,0.284874000,0.014006300,-0.313784000,0.108216953,0.469089127,-0.853985997,0.197363622,1,0.325788970,-0.167321849,-0.274005975,0.108216953,0.469089127,-0.853985997,0.197363622
10.336723292,104193.795309083,vr_world,57255,104193.793201625,0.002108291,1,0.237342000,-0.395292000,-0.290267000,0.258128647,-0.793442456,0.548096398,0.058386710,1,0.319344828,-0.231925068,-0.235401479,0.258128647,-0.793442456,0.548096398,0.058386710,57333,104193.793201625,0.002108291,1,0.284812000,0.013652800,-0.314328000,0.110302644,0.469448382,-0.852998309,0.199613196,1,0.326017930,-0.167379770,-0.273517031,0.110302644,0.469448382,-0.852998309,0.199613196
10.349116959,104193.807702750,vr_world,57255,104193.793201625,0.014501833,1,0.237342000,-0.395292000,-0.290267000,0.258128647,-0.793442456,0.548096398,0.058386710,1,0.319344828,-0.231925068,-0.235401479,0.258128647,-0.793442456,0.548096398,0.058386710,57333,104193.793201625,0.014501833,1,0.284812000,0.013652800,-0.314328000,0.110302644,0.469448382,-0.852998309,0.199613196,1,0.326017930,-0.167379770,-0.273517031,0.110302644,0.469448382,-0.852998309,0.199613196
10.361527500,104193.820113291,vr_world,57256,104193.811687708,0.008426125,1,0.236838000,-0.395126000,-0.290420000,0.257955052,-0.791422777,0.551224985,0.057098118,1,0.320116434,-0.232350363,-0.235719021,0.257955052,-0.791422777,0.551224985,0.057098118,57334,104193.811687708,0.008426125,1,0.284250000,0.013413700,-0.314262000,0.109719176,0.471674868,-0.851954298,0.199144158,1,0.326367081,-0.167472168,-0.273731956,0.109719176,0.471674868,-0.851954298,0.199144158
10.373901584,104193.832487375,vr_world,57257,104193.829935250,0.002552583,1,0.237085000,-0.394879000,-0.290359000,0.257916847,-0.791253157,0.551513175,0.056838009,1,0.320478252,-0.232151705,-0.235688813,0.257916847,-0.791253157,0.551513175,0.056838009,57335,104193.829935250,0.002552583,1,0.284357000,0.013310700,-0.313620000,0.105019707,0.470326406,-0.853565787,0.197963080,1,0.325762734,-0.167939385,-0.273994630,0.105019707,0.470326406,-0.853565787,0.197963080
10.386316750,104193.844902541,vr_world,57257,104193.829935250,0.014967875,1,0.237085000,-0.394879000,-0.290359000,0.257916847,-0.791253157,0.551513175,0.056838009,1,0.320478252,-0.232151705,-0.235688813,0.257916847,-0.791253157,0.551513175,0.056838009,57335,104193.829935250,0.014967875,1,0.284357000,0.013310700,-0.313620000,0.105019707,0.470326406,-0.853565787,0.197963080,1,0.325762734,-0.167939385,-0.273994630,0.105019707,0.470326406,-0.853565787,0.197963080
10.397777792,104193.856363583,vr_world,57258,104193.848041583,0.008322458,1,0.237091000,-0.394924000,-0.290435000,0.257417240,-0.791490425,0.551417050,0.056731901,1,0.320433270,-0.232106432,-0.235956242,0.257417240,-0.791490425,0.551417050,0.056731901,57336,104193.848041583,0.008322458,1,0.283690000,0.012884100,-0.314137000,0.100965700,0.475024781,-0.850942390,0.200136038,1,0.327106538,-0.167835877,-0.274243138,0.100965700,0.475024781,-0.850942390,0.200136038
10.408445834,104193.867031625,vr_world,57259,104193.866517166,0.000514875,1,0.237190000,-0.394726000,-0.290888000,0.258977207,-0.791629469,0.550473730,0.056852984,1,0.320171618,-0.231925524,-0.235810895,0.258977207,-0.791629469,0.550473730,0.056852984,57337,104193.866517166,0.000514875,1,0.283318000,0.012822300,-0.313748000,0.101639485,0.477092535,-0.849886436,0.199361917,1,0.327590705,-0.167744786,-0.274103722,0.101639485,0.477092535,-0.849886436,0.199361917
10.419113000,104193.877698791,vr_world,57259,104193.866517166,0.011182125,1,0.237190000,-0.394726000,-0.290888000,0.258977207,-0.791629469,0.550473730,0.056852984,1,0.320171618,-0.231925524,-0.235810895,0.258977207,-0.791629469,0.550473730,0.056852984,57337,104193.866517166,0.011182125,1,0.283318000,0.012822300,-0.313748000,0.101639485,0.477092535,-0.849886436,0.199361917,1,0.327590705,-0.167744786,-0.274103722,0.101639485,0.477092535,-0.849886436,0.199361917
10.431559625,104193.890145416,vr_world,57260,104193.885415791,0.004732292,1,0.237107000,-0.394795000,-0.291084000,0.258963272,-0.791589046,0.550545740,0.056781985,1,0.320117041,-0.232005748,-0.236016523,0.258963272,-0.791589046,0.550545740,0.056781985,57338,104193.885415791,0.004732292,1,0.283855000,0.012666900,-0.314339000,0.104036745,0.478774794,-0.848606239,0.199545742,1,0.328890685,-0.167648714,-0.274410960,0.104036745,0.478774794,-0.848606239,0.199545742
10.443990542,104193.902576333,vr_world,57260,104193.885415791,0.017164625,1,0.237107000,-0.394795000,-0.291084000,0.258963272,-0.791589046,0.550545740,0.056781985,1,0.320117041,-0.232005748,-0.236016523,0.258963272,-0.791589046,0.550545740,0.056781985,57338,104193.885415791,0.017164625,1,0.283855000,0.012666900,-0.314339000,0.104036745,0.478774794,-0.848606239,0.199545742,1,0.328890685,-0.167648714,-0.274410960,0.104036745,0.478774794,-0.848606239,0.199545742
10.456407250,104193.914993041,vr_world,57261,104193.903312583,0.011681083,1,0.237155000,-0.394695000,-0.292200000,0.260169641,-0.789801759,0.552366297,0.058450093,1,0.320971213,-0.232496658,-0.236612004,0.260169641,-0.789801759,0.552366297,0.058450093,57339,104193.903312583,0.011681083,1,0.284657000,0.012592200,-0.314480000,0.105860726,0.475146936,-0.850353706,0.199818595,1,0.328199442,-0.168009136,-0.274188140,0.105860726,0.475146936,-0.850353706,0.199818595
10.467112084,104193.925697875,vr_world,57262,104193.922099625,0.003598833,1,0.237608000,-0.394950000,-0.293770000,0.262377328,-0.788377898,0.552994602,0.061768914,1,0.321786647,-0.233282522,-0.237192463,0.262377328,-0.788377898,0.552994602,0.061768914,57340,104193.922099625,0.003598833,1,0.284508000,0.012361800,-0.315439000,0.109776655,0.476080493,-0.849387857,0.199591381,1,0.328513033,-0.168057894,-0.274837350,0.109776655,0.476080493,-0.849387857,0.199591381
10.478591917,104193.937177708,vr_world,57262,104193.922099625,0.015080833,1,0.237608000,-0.394950000,-0.293770000,0.262377328,-0.788377898,0.552994602,0.061768914,1,0.321786647,-0.233282522,-0.237192463,0.262377328,-0.788377898,0.552994602,0.061768914,57340,104193.922099625,0.015080833,1,0.284508000,0.012361800,-0.315439000,0.109776655,0.476080493,-0.849387857,0.199591381,1,0.328513033,-0.168057894,-0.274837350,0.109776655,0.476080493,-0.849387857,0.199591381
10.488657459,104193.947243250,vr_world,57263,104193.940324541,0.006919042,1,0.237809000,-0.395118000,-0.295371000,0.265820222,-0.786499440,0.553581015,0.065622410,1,0.322375219,-0.234176851,-0.237319925,0.265820222,-0.786499440,0.553581015,0.065622410,57341,104193.940324541,0.006919042,1,0.284244000,0.011775800,-0.316355000,0.113541353,0.479465707,-0.846075003,0.203416042,1,0.329933047,-0.167832399,-0.274050913,0.113541353,0.479465707,-0.846075003,0.203416042
10.501080875,104193.959666666,vr_world,57264,104193.959406708,0.000260500,1,0.238563000,-0.394975000,-0.297977000,0.271641145,-0.784217350,0.553315220,0.071109096,1,0.323261113,-0.235006798,-0.237480084,0.271641145,-0.784217350,0.553315220,0.071109096,57342,104193.959406708,0.000260500,1,0.284447000,0.011104700,-0.316869000,0.118903444,0.483181731,-0.843219739,0.203415478,1,0.331841430,-0.167952692,-0.274108796,0.118903444,0.483181731,-0.843219739,0.203415478
10.511927750,104193.970513541,vr_world,57264,104193.959406708,0.011109833,1,0.238563000,-0.394975000,-0.297977000,0.271641145,-0.784217350,0.553315220,0.071109096,1,0.323261113,-0.235006798,-0.237480084,0.271641145,-0.784217350,0.553315220,0.071109096,57342,104193.959406708,0.011109833,1,0.284447000,0.011104700,-0.316869000,0.118903444,0.483181731,-0.843219739,0.203415478,1,0.331841430,-0.167952692,-0.274108796,0.118903444,0.483181731,-0.843219739,0.203415478
10.524076625,104193.982662416,vr_world,57265,104193.976966833,0.005696167,1,0.239442000,-0.394491000,-0.299149000,0.272124624,-0.784676089,0.552152825,0.073204388,1,0.323720555,-0.234417126,-0.238346599,0.272124624,-0.784676089,0.552152825,0.073204388,57343,104193.976966833,0.005696167,1,0.284850000,0.011038700,-0.317140000,0.122147092,0.480443361,-0.844265527,0.203641807,1,0.331176460,-0.168180824,-0.273891666,0.122147092,0.480443361,-0.844265527,0.203641807
10.536497750,104193.995083541,vr_world,57265,104193.976966833,0.018117458,1,0.239442000,-0.394491000,-0.299149000,0.272124624,-0.784676089,0.552152825,0.073204388,1,0.323720555,-0.234417126,-0.238346599,0.272124624,-0.784676089,0.552152825,0.073204388,57343,104193.976966833,0.018117458,1,0.284850000,0.011038700,-0.317140000,0.122147092,0.480443361,-0.844265527,0.203641807,1,0.331176460,-0.168180824,-0.273891666,0.122147092,0.480443361,-0.844265527,0.203641807
10.548929375,104194.007515166,vr_world,57266,104193.995434208,0.012081500,1,0.239935000,-0.394540000,-0.299668000,0.265727583,-0.786280790,0.552892481,0.073900442,1,0.324400734,-0.233692140,-0.241213168,0.265727583,-0.786280790,0.552892481,0.073900442,57344,104193.995434208,0.012081500,1,0.284381000,0.010870300,-0.317382000,0.123509880,0.481127186,-0.843263395,0.205350401,1,0.331113718,-0.168063690,-0.273394416,0.123509880,0.481127186,-0.843263395,0.205350401
10.561369167,104194.019954958,vr_world,57267,104194.014067375,0.005890250,1,0.240879000,-0.393936000,-0.301722000,0.260502950,-0.786300907,0.554991609,0.076507589,1,0.326157514,-0.232858057,-0.245110005,0.260502950,-0.786300907,0.554991609,0.076507589,57345,104194.014067375,0.005890250,1,0.283618000,0.010728400,-0.317431000,0.122639675,0.487050950,-0.839963327,0.205432449,1,0.332844607,-0.167591237,-0.273669149,0.122639675,0.487050950,-0.839963327,0.205432449
10.573777125,104194.032362916,vr_world,57267,104194.014067375,0.018296000,1,0.240879000,-0.393936000,-0.301722000,0.260502950,-0.786300907,0.554991609,0.076507589,1,0.326157514,-0.232858057,-0.245110005,0.260502950,-0.786300907,0.554991609,0.076507589,57345,104194.014067375,0.018296000,1,0.283618000,0.010728400,-0.317431000,0.122639675,0.487050950,-0.839963327,0.205432449,1,0.332844607,-0.167591237,-0.273669149,0.122639675,0.487050950,-0.839963327,0.205432449
10.586184042,104194.044769833,vr_world,57268,104194.032813208,0.011957542,1,0.241464000,-0.393571000,-0.302758000,0.255297401,-0.787075985,0.556112951,0.077929561,1,0.327112253,-0.232038860,-0.248029390,0.255297401,-0.787075985,0.556112951,0.077929561,57346,104194.032813208,0.011957542,1,0.283481000,0.010674900,-0.317631000,0.122499276,0.490525955,-0.837663893,0.206633533,1,0.334234465,-0.167136603,-0.273547009,0.122499276,0.490525955,-0.837663893,0.206633533
10.597794250,104194.056380041,vr_world,57269,104194.050776000,0.005606291,1,0.241642000,-0.393140000,-0.304525000,0.254762589,-0.784984666,0.558683457,0.082267202,1,0.328442893,-0.232213596,-0.249828051,0.254762589,-0.784984666,0.558683457,0.082267202,57347,104194.050776000,0.005606291,1,0.283874000,0.010561300,-0.317689000,0.123394862,0.492150991,-0.836532154,0.206821338,1,0.335350862,-0.167015116,-0.273496424,0.123394862,0.492150991,-0.836532154,0.206821338
10.610193084,104194.068778875,vr_world,57270,104194.068643166,0.000136167,1,0.242179000,-0.392587000,-0.307115000,0.254393681,-0.783248744,0.560226009,0.089174431,1,0.329780732,-0.232154475,-0.252244760,0.254393681,-0.783248744,0.560226009,0.089174431,57348,104194.068643166,0.000136167,1,0.284343000,0.010752200,-0.317871000,0.124506752,0.491692579,-0.836744884,0.206384292,1,0.335636161,-0.166886365,-0.273714725,0.124506752,0.491692579,-0.836744884,0.206384292
10.622611334,104194.081197125,vr_world,57270,104194.068643166,0.012554334,1,0.242179000,-0.392587000,-0.307115000,0.254393681,-0.783248744,0.560226009,0.089174431,1,0.329780732,-0.232154475,-0.252244760,0.254393681,-0.783248744,0.560226009,0.089174431,57348,104194.068643166,0.012554334,1,0.284343000,0.010752200,-0.317871000,0.124506752,0.491692579,-0.836744884,0.206384292,1,0.335636161,-0.166886365,-0.273714725,0.124506752,0.491692579,-0.836744884,0.206384292
10.634858834,104194.093444625,vr_world,57271,104194.086329166,0.007115750,1,0.242661000,-0.392541000,-0.308680000,0.258281768,-0.784600588,0.556196765,0.091310484,1,0.328759255,-0.231868874,-0.252155765,0.258281768,-0.784600588,0.556196765,0.091310484,57349,104194.086329166,0.007115750,1,0.285356000,0.011050500,-0.318147000,0.125202431,0.486814020,-0.839300786,0.207148862,1,0.334633412,-0.167035622,-0.273500515,0.125202431,0.486814020,-0.839300786,0.207148862
10.645778667,104194.104364458,vr_world,57271,104194.086329166,0.018036084,1,0.242661000,-0.392541000,-0.308680000,0.258281768,-0.784600588,0.556196765,0.091310484,1,0.328759255,-0.231868874,-0.252155765,0.258281768,-0.784600588,0.556196765,0.091310484,57349,104194.086329166,0.018036084,1,0.285356000,0.011050500,-0.318147000,0.125202431,0.486814020,-0.839300786,0.207148862,1,0.334633412,-0.167035622,-0.273500515,0.125202431,0.486814020,-0.839300786,0.207148862
10.658208542,104194.116794333,vr_world,57272,104194.104763541,0.012033459,1,0.243047000,-0.392307000,-0.309604000,0.261617238,-0.785549949,0.553063246,0.092675478,1,0.327977420,-0.231506777,-0.251693999,0.261617238,-0.785549949,0.553063246,0.092675478,57350,104194.104763541,0.012033459,1,0.285610000,0.011053400,-0.318140000,0.127122960,0.485349503,-0.840085866,0.206231303,1,0.334278289,-0.167224150,-0.273589664,0.127122960,0.485349503,-0.840085866,0.206231303
10.670616334,104194.129202125,vr_world,57273,104194.123088750,0.006113875,1,0.242802000,-0.392308000,-0.310312000,0.262879140,-0.785025116,0.553120141,0.093210702,1,0.327807790,-0.231725994,-0.251909455,0.262879140,-0.785025116,0.553120141,0.093210702,57351,104194.123088750,0.006113875,1,0.285433000,0.010917700,-0.318212000,0.129091115,0.486887476,-0.839017296,0.205732953,1,0.334788536,-0.167178312,-0.273691828,0.129091115,0.486887476,-0.839017296,0.205732953
10.683034292,104194.141620083,vr_world,57273,104194.123088750,0.018531916,1,0.242802000,-0.392308000,-0.310312000,0.262879140,-0.785025116,0.553120141,0.093210702,1,0.327807790,-0.231725994,-0.251909455,0.262879140,-0.785025116,0.553120141,0.093210702,57351,104194.123088750,0.018531916,1,0.285433000,0.010917700,-0.318212000,0.129091115,0.486887476,-0.839017296,0.205732953,1,0.334788536,-0.167178312,-0.273691828,0.129091115,0.486887476,-0.839017296,0.205732953
10.695273584,104194.153859375,vr_world,57274,104194.142104416,0.011755292,1,0.242262000,-0.391638000,-0.311505000,0.267767915,-0.781894526,0.555232222,0.093050921,1,0.328276695,-0.232239483,-0.251363228,0.267767915,-0.781894526,0.555232222,0.093050921,57352,104194.142104416,0.011755292,1,0.285718000,0.010822200,-0.318067000,0.128715698,0.486184451,-0.839503069,0.205649084,1,0.334759803,-0.167371927,-0.273592878,0.128715698,0.486184451,-0.839503069,0.205649084
10.707679875,104194.166265666,vr_world,57275,104194.160607750,0.005658375,1,0.241651000,-0.392057000,-0.311224000,0.269943330,-0.779759839,0.557373452,0.091869619,1,0.328575554,-0.233414117,-0.250396290,0.269943330,-0.779759839,0.557373452,0.091869619,57353,104194.160607750,0.005658375,1,0.285741000,0.010829700,-0.318093000,0.127643856,0.485918899,-0.839787768,0.205782348,1,0.334644828,-0.167415195,-0.273669926,0.127643856,0.485918899,-0.839787768,0.205782348
10.720089209,104194.178675000,vr_world,57275,104194.160607750,0.018067833,1,0.241651000,-0.392057000,-0.311224000,0.269943330,-0.779759839,0.557373452,0.091869619,1,0.328575554,-0.233414117,-0.250396290,0.269943330,-0.779759839,0.557373452,0.091869619,57353,104194.160607750,0.018067833,1,0.285741000,0.010829700,-0.318093000,0.127643856,0.485918899,-0.839787768,0.205782348,1,0.334644828,-0.167415195,-0.273669926,0.127643856,0.485918899,-0.839787768,0.205782348
10.732495417,104194.191081208,vr_world,57276,104194.179109125,0.011972375,1,0.242941000,-0.391299000,-0.310478000,0.268281630,-0.780784808,0.556873272,0.091061570,1,0.329589158,-0.232261480,-0.250289959,0.268281630,-0.780784808,0.556873272,0.091061570,57354,104194.179109125,0.011972375,1,0.285505000,0.010863100,-0.317730000,0.127200064,0.488115988,-0.838907951,0.204441621,1,0.335264821,-0.167292618,-0.273903711,0.127200064,0.488115988,-0.838907951,0.204441621
10.744899375,104194.203485166,vr_world,57277,104194.196474083,0.007011417,1,0.243157000,-0.391361000,-0.309898000,0.265499675,-0.780879457,0.557862650,0.092338832,1,0.330179175,-0.232156817,-0.250698411,0.265499675,-0.780879457,0.557862650,0.092338832,57355,104194.196474083,0.007011417,1,0.285394000,0.010636500,-0.317738000,0.129713072,0.492258521,-0.835723897,0.205965132,1,0.337059604,-0.166809409,-0.273242366,0.129713072,0.492258521,-0.835723897,0.205965132
10.757318292,104194.215904083,vr_world,57278,104194.214633083,0.001271333,1,0.243921000,-0.390059000,-0.308156000,0.262024407,-0.778468545,0.562237577,0.096014802,1,0.332770109,-0.231414044,-0.250181500,0.262024407,-0.778468545,0.562237577,0.096014802,57356,104194.214633083,0.001271333,1,0.285715000,0.010675000,-0.317493000,0.131631780,0.493535898,-0.835306940,0.203365944,1,0.337854690,-0.166830007,-0.273793614,0.131631780,0.493535898,-0.835306940,0.203365944
10.768460250,104194.227046041,vr_world,57278,104194.214633083,0.012416250,1,0.243921000,-0.390059000,-0.308156000,0.262024407,-0.778468545,0.562237577,0.096014802,1,0.332770109,-0.231414044,-0.250181500,0.262024407,-0.778468545,0.562237577,0.096014802,57356,104194.214633083,0.012416250,1,0.285715000,0.010675000,-0.317493000,0.131631780,0.493535898,-0.835306940,0.203365944,1,0.337854690,-0.166830007,-0.273793614,0.131631780,0.493535898,-0.835306940,0.203365944
10.778591667,104194.237177458,vr_world,57279,104194.232894500,0.004285166,1,0.243601000,-0.389329000,-0.307410000,0.257748621,-0.774350336,0.569320742,0.099101452,1,0.335347258,-0.231741304,-0.251087878,0.257748621,-0.774350336,0.569320742,0.099101452,57357,104194.232894500,0.004285166,1,0.285801000,0.010704400,-0.317543000,0.136523157,0.495214177,-0.833655553,0.202836794,1,0.338779311,-0.166496530,-0.273618975,0.136523157,0.495214177,-0.833655553,0.202836794
10.790998167,104194.249583958,vr_world,57279,104194.232894500,0.016690041,1,0.243601000,-0.389329000,-0.307410000,0.257748621,-0.774350336,0.569320742,0.099101452,1,0.335347258,-0.231741304,-0.251087878,0.257748621,-0.774350336,0.569320742,0.099101452,57357,104194.232894500,0.016690041,1,0.285801000,0.010704400,-0.317543000,0.136523157,0.495214177,-0.833655553,0.202836794,1,0.338779311,-0.166496530,-0.273618975,0.136523157,0.495214177,-0.833655553,0.202836794
10.803431334,104194.262017125,vr_world,57280,104194.251305041,0.010712417,1,0.244489000,-0.388041000,-0.306192000,0.256828639,-0.769222954,0.575728678,0.104266901,1,0.339011733,-0.231983821,-0.250200562,0.256828639,-0.769222954,0.575728678,0.104266901,57358,104194.251305041,0.010712417,1,0.286709000,0.010737100,-0.316915000,0.149672677,0.496219189,-0.831618618,0.199436909,1,0.340385504,-0.166253694,-0.272990913,0.149672677,0.496219189,-0.831618618,0.199436909
10.815323709,104194.273909500,vr_world,57281,104194.269728666,0.004183084,1,0.245394000,-0.387386000,-0.305447000,0.255039328,-0.769785195,0.575082504,0.108008377,1,0.339712596,-0.231035326,-0.249932149,0.255039328,-0.769785195,0.575082504,0.108008377,57359,104194.269728666,0.004183084,1,0.287600000,0.011196500,-0.316582000,0.162937242,0.495292848,-0.830392789,0.196428781,1,0.341226497,-0.165750531,-0.272421744,0.162937242,0.495292848,-0.830392789,0.196428781
10.827752625,104194.286338416,vr_world,57281,104194.269728666,0.016610292,1,0.245394000,-0.387386000,-0.305447000,0.255039328,-0.769785195,0.575082504,0.108008377,1,0.339712596,-0.231035326,-0.249932149,0.255039328,-0.769785195,0.575082504,0.108008377,57359,104194.269728666,0.016610292,1,0.287600000,0.011196500,-0.316582000,0.162937242,0.495292848,-0.830392789,0.196428781,1,0.341226497,-0.165750531,-0.272421744,0.162937242,0.495292848,-0.830392789,0.196428781
10.837792250,104194.296378041,vr_world,57282,104194.288235916,0.008145209,1,0.246057000,-0.387347000,-0.305338000,0.256756210,-0.766458573,0.577159042,0.116210781,1,0.341571621,-0.232046847,-0.248926637,0.256756210,-0.766458573,0.577159042,0.116210781,57360,104194.288235916,0.008145209,1,0.288393000,0.011717300,-0.315376000,0.175317547,0.496117385,-0.829186775,0.188628178,1,0.342419165,-0.165511502,-0.272863291,0.175317547,0.496117385,-0.829186775,0.188628178
10.850206625,104194.308792416,vr_world,57283,104194.306553833,0.002239375,1,0.248383000,-0.386879000,-0.303734000,0.257175949,-0.760788331,0.580030469,0.136478210,1,0.345893268,-0.233134308,-0.246482391,0.257175949,-0.760788331,0.580030469,0.136478210,57361,104194.306553833,0.002239375,1,0.289488000,0.012664000,-0.314401000,0.198056242,0.497461525,-0.824780889,0.181775251,1,0.344710168,-0.164279571,-0.272237963,0.198056242,0.497461525,-0.824780889,0.181775251
10.861781500,104194.320367291,vr_world,57283,104194.306553833,0.013813917,1,0.248383000,-0.386879000,-0.303734000,0.257175949,-0.760788331,0.580030469,0.136478210,1,0.345893268,-0.233134308,-0.246482391,0.257175949,-0.760788331,0.580030469,0.136478210,57361,104194.306553833,0.013813917,1,0.289488000,0.012664000,-0.314401000,0.198056242,0.497461525,-0.824780889,0.181775251,1,0.344710168,-0.164279571,-0.272237963,0.198056242,0.497461525,-0.824780889,0.181775251
10.874174542,104194.332760333,vr_world,57284,104194.325128458,0.007632667,1,0.251144000,-0.387194000,-0.301255000,0.250715370,-0.763261886,0.575100074,0.154379406,1,0.347140727,-0.232007029,-0.245352810,0.250715370,-0.763261886,0.575100074,0.154379406,57362,104194.325128458,0.007632667,1,0.289627000,0.013536700,-0.313532000,0.208894104,0.495715297,-0.823968878,0.178058657,1,0.344418725,-0.163581304,-0.271540343,0.208894104,0.495715297,-0.823968878,0.178058657
10.886594875,104194.345180666,vr_world,57285,104194.343419166,0.001761959,1,0.252745000,-0.386839000,-0.298862000,0.240975227,-0.763839086,0.575025709,0.166811944,1,0.348811964,-0.230644352,-0.245968014,0.240975227,-0.763839086,0.575025709,0.166811944,57363,104194.343419166,0.001761959,1,0.288719000,0.013607100,-0.312708000,0.214309481,0.498265634,-0.821449681,0.176134116,1,0.344747821,-0.163206305,-0.271066043,0.214309481,0.498265634,-0.821449681,0.176134116
10.898611834,104194.357197625,vr_world,57285,104194.343419166,0.013781292,1,0.252745000,-0.386839000,-0.298862000,0.240975227,-0.763839086,0.575025709,0.166811944,1,0.348811964,-0.230644352,-0.245968014,0.240975227,-0.763839086,0.575025709,0.166811944,57363,104194.343419166,0.013781292,1,0.288719000,0.013607100,-0.312708000,0.214309481,0.498265634,-0.821449681,0.176134116,1,0.344747821,-0.163206305,-0.271066043,0.214309481,0.498265634,-0.821449681,0.176134116
10.911034125,104194.369619916,vr_world,57286,104194.361797750,0.007822791,1,0.254799000,-0.386103000,-0.295552000,0.224192282,-0.762160667,0.578937775,0.183521091,1,0.352332983,-0.229005537,-0.248319508,0.224192282,-0.762160667,0.578937775,0.183521091,57364,104194.361797750,0.007822791,1,0.287710000,0.014161100,-0.310083000,0.222829213,0.506461862,-0.816047653,0.167062124,1,0.346984638,-0.162284493,-0.271486779,0.222829213,0.506461862,-0.816047653,0.167062124
10.923116292,104194.381702083,vr_world,57287,104194.380380625,0.001321875,1,0.255087000,-0.384697000,-0.295400000,0.221213570,-0.758027769,0.584388982,0.186943777,1,0.354847992,-0.228598257,-0.249526705,0.221213570,-0.758027769,0.584388982,0.186943777,57365,104194.380380625,0.001321875,1,0.286096000,0.014528600,-0.309025000,0.220956074,0.513772381,-0.813245350,0.160774236,1,0.347851218,-0.161692334,-0.273406332,0.220956074,0.513772381,-0.813245350,0.160774236
10.935540459,104194.394126250,vr_world,57287,104194.380380625,0.013746125,1,0.255087000,-0.384697000,-0.295400000,0.221213570,-0.758027769,0.584388982,0.186943777,1,0.354847992,-0.228598257,-0.249526705,0.221213570,-0.758027769,0.584388982,0.186943777,57365,104194.380380625,0.013746125,1,0.286096000,0.014528600,-0.309025000,0.220956074,0.513772381,-0.813245350,0.160774236,1,0.347851218,-0.161692334,-0.273406332,0.220956074,0.513772381,-0.813245350,0.160774236
10.947982542,104194.406568333,vr_world,57288,104194.398902833,0.007667750,1,0.256400000,-0.383156000,-0.293803000,0.215908547,-0.754501154,0.589659129,0.190823529,1,0.358175740,-0.227729494,-0.250125462,0.215908547,-0.754501154,0.589659129,0.190823529,57366,104194.398902833,0.007667750,1,0.283747000,0.014401000,-0.308153000,0.220703872,0.525040398,-0.807094852,0.155628667,1,0.349832108,-0.160782788,-0.275295084,0.220703872,0.525040398,-0.807094852,0.155628667
10.960407334,104194.418993125,vr_world,57289,104194.417115583,0.001879417,1,0.258785000,-0.381631000,-0.291004000,0.197863684,-0.753505444,0.593827115,0.201119035,1,0.361533621,-0.225151749,-0.253849908,0.197863684,-0.753505444,0.593827115,0.201119035,57367,104194.417115583,0.001879417,1,0.281417000,0.014854600,-0.306319000,0.221407886,0.538073916,-0.800217906,0.145280114,1,0.352185345,-0.159319728,-0.278188402,0.221407886,0.538073916,-0.800217906,0.145280114
10.972813750,104194.431399541,vr_world,57289,104194.417115583,0.014284542,1,0.258785000,-0.381631000,-0.291004000,0.197863684,-0.753505444,0.593827115,0.201119035,1,0.361533621,-0.225151749,-0.253849908,0.197863684,-0.753505444,0.593827115,0.201119035,57367,104194.417115583,0.014284542,1,0.281417000,0.014854600,-0.306319000,0.221407886,0.538073916,-0.800217906,0.145280114,1,0.352185345,-0.159319728,-0.278188402,0.221407886,0.538073916,-0.800217906,0.145280114
10.985235084,104194.443820875,vr_world,57290,104194.435489000,0.008333833,1,0.260469000,-0.381248000,-0.291750000,0.192993235,-0.756318220,0.590755634,0.204313834,1,0.361760064,-0.223502103,-0.255975648,0.192993235,-0.756318220,0.590755634,0.204313834,57368,104194.435489000,0.008333833,1,0.279882000,0.015781600,-0.307632000,0.219569356,0.540560803,-0.799229079,0.144278189,1,0.351524487,-0.158149390,-0.280216404,0.219569356,0.540560803,-0.799229079,0.144278189
10.995241584,104194.453827375,vr_world,57290,104194.435489000,0.018338958,1,0.260469000,-0.381248000,-0.291750000,0.192993235,-0.756318220,0.590755634,0.204313834,1,0.361760064,-0.223502103,-0.255975648,0.192993235,-0.756318220,0.590755634,0.204313834,57368,104194.435489000,0.018338958,1,0.279882000,0.015781600,-0.307632000,0.219569356,0.540560803,-0.799229079,0.144278189,1,0.351524487,-0.158149390,-0.280216404,0.219569356,0.540560803,-0.799229079,0.144278189
11.005781667,104194.464367458,vr_world,57291,104194.454302250,0.010066000,1,0.262377000,-0.380483000,-0.291967000,0.189088059,-0.756056955,0.589949467,0.211147371,1,0.363375035,-0.222308271,-0.257273788,0.189088059,-0.756056955,0.589949467,0.211147371,57369,104194.454302250,0.010066000,1,0.277702000,0.015810800,-0.308675000,0.223749566,0.549082553,-0.792168899,0.144612994,1,0.353165468,-0.156543238,-0.281553291,0.223749566,0.549082553,-0.792168899,0.144612994
11.018189959,104194.476775750,vr_world,57292,104194.472106000,0.004670291,1,0.264682000,-0.378576000,-0.291506000,0.173344928,-0.754548340,0.592170753,0.223477378,1,0.365938089,-0.219469106,-0.262254261,0.173344928,-0.754548340,0.592170753,0.223477378,57370,104194.472106000,0.004670291,1,0.274575000,0.015703100,-0.310096000,0.233681351,0.565196828,-0.778501530,0.140999786,1,0.356996500,-0.153753999,-0.285052179,0.233681351,0.565196828,-0.778501530,0.140999786
11.030602375,104194.489188166,vr_world,57292,104194.472106000,0.017082625,1,0.264682000,-0.378576000,-0.291506000,0.173344928,-0.754548340,0.592170753,0.223477378,1,0.365938089,-0.219469106,-0.262254261,0.173344928,-0.754548340,0.592170753,0.223477378,57370,104194.472106000,0.017082625,1,0.274575000,0.015703100,-0.310096000,0.233681351,0.565196828,-0.778501530,0.140999786,1,0.356996500,-0.153753999,-0.285052179,0.233681351,0.565196828,-0.778501530,0.140999786
11.043033667,104194.501619458,vr_world,57293,104194.490923750,0.010697208,1,0.265945000,-0.376354000,-0.292515000,0.173011399,-0.749504532,0.596949140,0.227951173,1,0.369342088,-0.218550354,-0.263696106,0.173011399,-0.749504532,0.596949140,0.227951173,57371,104194.490923750,0.010697208,1,0.274051000,0.015423100,-0.311119000,0.240177851,0.572927656,-0.771750847,0.135901182,1,0.359590054,-0.152791489,-0.288245989,0.240177851,0.572927656,-0.771750847,0.135901182
11.055442250,104194.514028041,vr_world,57294,104194.509197708,0.004831250,1,0.268560000,-0.375199000,-0.292281000,0.161756703,-0.746578957,0.602308913,0.231686433,1,0.373352564,-0.217558782,-0.267959329,0.161756703,-0.746578957,0.602308913,0.231686433,57372,104194.509197708,0.004831250,1,0.273977000,0.014903700,-0.312695000,0.249507496,0.580161008,-0.764526191,0.129069428,1,0.362396877,-0.152155008,-0.292457457,0.249507496,0.580161008,-0.764526191,0.129069428
11.067051250,104194.525637041,vr_world,57294,104194.509197708,0.016439958,1,0.268560000,-0.375199000,-0.292281000,0.161756703,-0.746578957,0.602308913,0.231686433,1,0.373352564,-0.217558782,-0.267959329,0.161756703,-0.746578957,0.602308913,0.231686433,57372,104194.509197708,0.016439958,1,0.273977000,0.014903700,-0.312695000,0.249507496,0.580161008,-0.764526191,0.129069428,1,0.362396877,-0.152155008,-0.292457457,0.249507496,0.580161008,-0.764526191,0.129069428
11.078577584,104194.537163375,vr_world,57295,104194.527329833,0.009834333,1,0.273186000,-0.373487000,-0.293212000,0.140510651,-0.741364605,0.609200282,0.243947322,1,0.379399945,-0.215763106,-0.276925700,0.140510651,-0.741364605,0.609200282,0.243947322,57373,104194.527329833,0.009834333,1,0.273348000,0.014604300,-0.315923000,0.265552132,0.591091729,-0.752540502,0.117368757,1,0.366041654,-0.150613991,-0.300206717,0.265552132,0.591091729,-0.752540502,0.117368757
11.090987459,104194.549573250,vr_world,57296,104194.545025000,0.004549416,1,0.276028000,-0.372889000,-0.295130000,0.130597772,-0.734915012,0.612877415,0.259278656,1,0.383464289,-0.215668377,-0.282379742,0.130597772,-0.734915012,0.612877415,0.259278656,57374,104194.545025000,0.004549416,1,0.274103000,0.014501300,-0.319083000,0.273918815,0.592940036,-0.748175078,0.116724674,1,0.367979129,-0.150050438,-0.303391091,0.273918815,0.592940036,-0.748175078,0.116724674
11.103400709,104194.561986500,vr_world,57296,104194.545025000,0.016962541,1,0.276028000,-0.372889000,-0.295130000,0.130597772,-0.734915012,0.612877415,0.259278656,1,0.383464289,-0.215668377,-0.282379742,0.130597772,-0.734915012,0.612877415,0.259278656,57374,104194.545025000,0.016962541,1,0.274103000,0.014501300,-0.319083000,0.273918815,0.592940036,-0.748175078,0.116724674,1,0.367979129,-0.150050438,-0.303391091,0.273918815,0.592940036,-0.748175078,0.116724674
11.115821250,104194.574407041,vr_world,57297,104194.563976000,0.010431916,1,0.278245000,-0.372033000,-0.297748000,0.128628868,-0.732907091,0.611569394,0.268858116,1,0.385428716,-0.214618949,-0.285261482,0.128628868,-0.732907091,0.611569394,0.268858116,57375,104194.563976000,0.010431916,1,0.275096000,0.014462200,-0.321512000,0.283235482,0.595848725,-0.742687705,0.114703668,1,0.370523798,-0.149253679,-0.306449534,0.283235482,0.595848725,-0.742687705,0.114703668
11.128239334,104194.586825125,vr_world,57298,104194.582044541,0.004781209,1,0.282823000,-0.369987000,-0.300911000,0.121750619,-0.726638862,0.613939987,0.283285090,1,0.390972417,-0.213064070,-0.290794169,0.121750619,-0.726638862,0.613939987,0.283285090,57376,104194.582044541,0.004781209,1,0.275504000,0.014147400,-0.324758000,0.303065023,0.610657250,-0.724674333,0.100480972,1,0.376658589,-0.146554795,-0.315881086,0.303065023,0.610657250,-0.724674333,0.100480972
11.139408334,104194.597994125,vr_world,57298,104194.582044541,0.015950292,1,0.282823000,-0.369987000,-0.300911000,0.121750619,-0.726638862,0.613939987,0.283285090,1,0.390972417,-0.213064070,-0.290794169,0.121750619,-0.726638862,0.613939987,0.283285090,57376,104194.582044541,0.015950292,1,0.275504000,0.014147400,-0.324758000,0.303065023,0.610657250,-0.724674333,0.100480972,1,0.376658589,-0.146554795,-0.315881086,0.303065023,0.610657250,-0.724674333,0.100480972
11.151458667,104194.610044458,vr_world,57299,104194.600186041,0.009862084,1,0.286161000,-0.369355000,-0.302191000,0.112565059,-0.724640915,0.614463626,0.290962376,1,0.393906252,-0.211983513,-0.295218709,0.112565059,-0.724640915,0.614463626,0.290962376,57377,104194.600186041,0.009862084,1,0.277618000,0.014179500,-0.327009000,0.315143799,0.614774792,-0.716955918,0.093330339,1,0.380395469,-0.145616296,-0.320817504,0.315143799,0.614774792,-0.716955918,0.093330339
11.163879459,104194.622465250,vr_world,57300,104194.618917875,0.003549208,1,0.288754000,-0.368598000,-0.303715000,0.102107269,-0.719520134,0.617694199,0.300530795,1,0.397081765,-0.211501442,-0.300678946,0.102107269,-0.719520134,0.617694199,0.300530795,57378,104194.618917875,0.003549208,1,0.280063000,0.014495900,-0.329852000,0.324104785,0.611103263,-0.716454992,0.090560116,1,0.381645573,-0.146066161,-0.323769535,0.324104785,0.611103263,-0.716454992,0.090560116
11.176305334,104194.634891125,vr_world,57300,104194.618917875,0.015974958,1,0.288754000,-0.368598000,-0.303715000,0.102107269,-0.719520134,0.617694199,0.300530795,1,0.397081765,-0.211501442,-0.300678946,0.102107269,-0.719520134,0.617694199,0.300530795,57378,104194.618917875,0.015974958,1,0.280063000,0.014495900,-0.329852000,0.324104785,0.611103263,-0.716454992,0.090560116,1,0.381645573,-0.146066161,-0.323769535,0.324104785,0.611103263,-0.716454992,0.090560116
11.187217667,104194.645803458,vr_world,57301,104194.636708083,0.009096542,1,0.290262000,-0.367536000,-0.305323000,0.094182515,-0.711615763,0.623782321,0.309238219,1,0.400501007,-0.211745962,-0.305802854,0.094182515,-0.711615763,0.623782321,0.309238219,57379,104194.636708083,0.009096542,1,0.281202000,0.014562800,-0.332016000,0.331831151,0.612140249,-0.712437485,0.087207984,1,0.383337130,-0.145685677,-0.327009877,0.331831151,0.612140249,-0.712437485,0.087207984
11.199169834,104194.657755625,vr_world,57302,104194.654895125,0.002861000,1,0.295278000,-0.366124000,-0.309860000,0.093420764,-0.706379458,0.623593737,0.321607638,1,0.406045518,-0.210709159,-0.310340029,0.093420764,-0.706379458,0.623593737,0.321607638,57380,104194.654895125,0.002861000,1,0.282644000,0.014120500,-0.335940000,0.345038345,0.621029386,-0.698868750,0.082785937,1,0.388730722,-0.143601111,-0.333549001,0.345038345,0.621029386,-0.698868750,0.082785937
11.211114000,104194.669699791,vr_world,57302,104194.654895125,0.014805208,1,0.295278000,-0.366124000,-0.309860000,0.093420764,-0.706379458,0.623593737,0.321607638,1,0.406045518,-0.210709159,-0.310340029,0.093420764,-0.706379458,0.623593737,0.321607638,57380,104194.654895125,0.014805208,1,0.282644000,0.014120500,-0.335940000,0.345038345,0.621029386,-0.698868750,0.082785937,1,0.388730722,-0.143601111,-0.333549001,0.345038345,0.621029386,-0.698868750,0.082785937
11.222521959,104194.681107750,vr_world,57303,104194.673318083,0.007790167,1,0.298292000,-0.365106000,-0.310387000,0.083322150,-0.702712390,0.626418162,0.326883774,1,0.409171844,-0.209832718,-0.314778882,0.083322150,-0.702712390,0.626418162,0.326883774,57381,104194.673318083,0.007790167,1,0.285666000,0.013292200,-0.336773000,0.344595686,0.623687213,-0.697310817,0.077625371,1,0.392102643,-0.144211535,-0.336630427,0.344595686,0.623687213,-0.697310817,0.077625371
11.234931959,104194.693517750,vr_world,57304,104194.691067500,0.002450625,1,0.300474000,-0.364042000,-0.311975000,0.074075432,-0.699442376,0.628959556,0.331214536,1,0.411368584,-0.208922457,-0.319958740,0.074075432,-0.699442376,0.628959556,0.331214536,57382,104194.691067500,0.002450625,1,0.286154000,0.013304500,-0.337312000,0.343269350,0.632895185,-0.690865947,0.065681660,1,0.394554804,-0.142753628,-0.342911303,0.343269350,0.632895185,-0.690865947,0.065681660
11.245252417,104194.703838208,vr_world,57304,104194.691067500,0.012771333,1,0.300474000,-0.364042000,-0.311975000,0.074075432,-0.699442376,0.628959556,0.331214536,1,0.411368584,-0.208922457,-0.319958740,0.074075432,-0.699442376,0.628959556,0.331214536,57382,104194.691067500,0.012771333,1,0.286154000,0.013304500,-0.337312000,0.343269350,0.632895185,-0.690865947,0.065681660,1,0.394554804,-0.142753628,-0.342911303,0.343269350,0.632895185,-0.690865947,0.065681660
11.256445209,104194.715031000,vr_world,57305,104194.708958125,0.006073416,1,0.304417000,-0.362244000,-0.314722000,0.062608772,-0.690586515,0.634817259,0.340848139,1,0.416544105,-0.208342083,-0.327571613,0.062608772,-0.690586515,0.634817259,0.340848139,57383,104194.708958125,0.006073416,1,0.288963000,0.013094800,-0.340269000,0.347707636,0.642054808,-0.681080064,0.054726309,1,0.399760318,-0.140986606,-0.351181445,0.347707636,0.642054808,-0.681080064,0.054726309
11.268847042,104194.727432833,vr_world,57305,104194.708958125,0.018475291,1,0.304417000,-0.362244000,-0.314722000,0.062608772,-0.690586515,0.634817259,0.340848139,1,0.416544105,-0.208342083,-0.327571613,0.062608772,-0.690586515,0.634817259,0.340848139,57383,104194.708958125,0.018475291,1,0.288963000,0.013094800,-0.340269000,0.347707636,0.642054808,-0.681080064,0.054726309,1,0.399760318,-0.140986606,-0.351181445,0.347707636,0.642054808,-0.681080064,0.054726309
11.281219709,104194.739805500,vr_world,57306,104194.728021958,0.011784083,1,0.305731000,-0.361581000,-0.316164000,0.060619493,-0.688239981,0.636559705,0.342699210,1,0.418349811,-0.208123010,-0.329987538,0.060619493,-0.688239981,0.636559705,0.342699210,57384,104194.728021958,0.011784083,1,0.290749000,0.013039600,-0.342885000,0.350351694,0.638984589,-0.682239417,0.059175704,1,0.401136233,-0.141471692,-0.351668657,0.350351694,0.638984589,-0.682239417,0.059175704
11.293628167,104194.752213958,vr_world,57307,104194.746287541,0.005926709,1,0.308148000,-0.359986000,-0.317731000,0.061759813,-0.686805830,0.637450541,0.343715412,1,0.421321263,-0.206913666,-0.331299679,0.061759813,-0.686805830,0.637450541,0.343715412,57385,104194.746287541,0.005926709,1,0.291939000,0.012754700,-0.343996000,0.353723035,0.640437059,-0.679222311,0.058115748,1,0.402975906,-0.141256633,-0.353352380,0.353723035,0.640437059,-0.679222311,0.058115748
11.306012000,104194.764597791,vr_world,57308,104194.763954625,0.000643583,1,0.312779000,-0.358805000,-0.319091000,0.046925085,-0.682753273,0.639489541,0.350284358,1,0.424981317,-0.205600249,-0.338126961,0.046925085,-0.682753273,0.639489541,0.350284358,57386,104194.763954625,0.000643583,1,0.294020000,0.012784900,-0.346583000,0.362524473,0.647316192,-0.668466463,0.052060941,1,0.407474280,-0.139220342,-0.359183041,0.362524473,0.647316192,-0.668466463,0.052060941
11.318423500,104194.777009291,vr_world,57308,104194.763954625,0.013055166,1,0.312779000,-0.358805000,-0.319091000,0.046925085,-0.682753273,0.639489541,0.350284358,1,0.424981317,-0.205600249,-0.338126961,0.046925085,-0.682753273,0.639489541,0.350284358,57386,104194.763954625,0.013055166,1,0.294020000,0.012784900,-0.346583000,0.362524473,0.647316192,-0.668466463,0.052060941,1,0.407474280,-0.139220342,-0.359183041,0.362524473,0.647316192,-0.668466463,0.052060941
11.328579375,104194.787165166,vr_world,57309,104194.782131541,0.005038875,1,0.314140000,-0.358703000,-0.320455000,0.044458005,-0.679995564,0.640867703,0.353437555,1,0.426673898,-0.205879422,-0.340567442,0.044458005,-0.679995564,0.640867703,0.353437555,57387,104194.782131541,0.005038875,1,0.295420000,0.012771900,-0.349223000,0.366588504,0.645030002,-0.667994624,0.057726489,1,0.409083096,-0.139258323,-0.359408142,0.366588504,0.645030002,-0.667994624,0.057726489
11.340483000,104194.799068791,vr_world,57309,104194.782131541,0.016938334,1,0.314140000,-0.358703000,-0.320455000,0.044458005,-0.679995564,0.640867703,0.353437555,1,0.426673898,-0.205879422,-0.340567442,0.044458005,-0.679995564,0.640867703,0.353437555,57387,104194.782131541,0.016938334,1,0.295420000,0.012771900,-0.349223000,0.366588504,0.645030002,-0.667994624,0.057726489,1,0.409083096,-0.139258323,-0.359408142,0.366588504,0.645030002,-0.667994624,0.057726489
11.350702584,104194.809288375,vr_world,57310,104194.800139958,0.009149083,1,0.315205000,-0.357636000,-0.321284000,0.044509071,-0.677597913,0.643010103,0.354144065,1,0.428591354,-0.205492292,-0.341760269,0.044509071,-0.677597913,0.643010103,0.354144065,57388,104194.800139958,0.009149083,1,0.296499000,0.012828200,-0.350500000,0.368614744,0.644129961,-0.667527123,0.060227102,1,0.410316878,-0.139152771,-0.359639621,0.368614744,0.644129961,-0.667527123,0.060227102
11.363050334,104194.821636125,vr_world,57311,104194.818562708,0.003076292,1,0.317924000,-0.355822000,-0.322607000,0.041652023,-0.675603362,0.645781947,0.353257530,1,0.431887053,-0.204320053,-0.344585005,0.041652023,-0.675603362,0.645781947,0.353257530,57389,104194.818562708,0.003076292,1,0.298421000,0.012301700,-0.352581000,0.369476004,0.649561873,-0.661871293,0.059019042,1,0.414212292,-0.138086355,-0.363163701,0.369476004,0.649561873,-0.661871293,0.059019042
11.375472209,104194.834058000,vr_world,57311,104194.818562708,0.015497958,1,0.317924000,-0.355822000,-0.322607000,0.041652023,-0.675603362,0.645781947,0.353257530,1,0.431887053,-0.204320053,-0.344585005,0.041652023,-0.675603362,0.645781947,0.353257530,57389,104194.818562708,0.015497958,1,0.298421000,0.012301700,-0.352581000,0.369476004,0.649561873,-0.661871293,0.059019042,1,0.414212292,-0.138086355,-0.363163701,0.369476004,0.649561873,-0.661871293,0.059019042
11.387897417,104194.846483208,vr_world,57312,104194.836926375,0.009560208,1,0.319522000,-0.354446000,-0.322991000,0.039416515,-0.674501349,0.648506672,0.350618546,1,0.434043942,-0.203558853,-0.346255641,0.039416515,-0.674501349,0.648506672,0.350618546,57390,104194.836926375,0.009560208,1,0.300468000,0.012352000,-0.354335000,0.368122386,0.651764975,-0.660583687,0.057597900,1,0.416800663,-0.137550485,-0.365832722,0.368122386,0.651764975,-0.660583687,0.057597900
11.398710417,104194.857296208,vr_world,57313,104194.855353416,0.001943542,1,0.321131000,-0.353859000,-0.322770000,0.031536904,-0.672378930,0.650883350,0.351088114,1,0.435401382,-0.203303427,-0.349204415,0.031536904,-0.672378930,0.650883350,0.351088114,57391,104194.855353416,0.001943542,1,0.302844000,0.013232900,-0.356304000,0.373688292,0.646375936,-0.662921258,0.055593310,1,0.417239622,-0.138180660,-0.367430081,0.373688292,0.646375936,-0.662921258,0.055593310
11.411124375,104194.869710166,vr_world,57313,104194.855353416,0.014357209,1,0.321131000,-0.353859000,-0.322770000,0.031536904,-0.672378930,0.650883350,0.351088114,1,0.435401382,-0.203303427,-0.349204415,0.031536904,-0.672378930,0.650883350,0.351088114,57391,104194.855353416,0.014357209,1,0.302844000,0.013232900,-0.356304000,0.373688292,0.646375936,-0.662921258,0.055593310,1,0.417239622,-0.138180660,-0.367430081,0.373688292,0.646375936,-0.662921258,0.055593310
11.423555709,104194.882141500,vr_world,57314,104194.873518416,0.008623750,1,0.322848000,-0.352416000,-0.323205000,0.023809640,-0.664720218,0.658788399,0.351536596,1,0.438911067,-0.204028934,-0.353767770,0.023809640,-0.664720218,0.658788399,0.351536596,57392,104194.873518416,0.008623750,1,0.305269000,0.014214800,-0.359300000,0.383326241,0.641598592,-0.662098561,0.055115662,1,0.418502863,-0.138127144,-0.369607880,0.383326241,0.641598592,-0.662098561,0.055115662
11.435132125,104194.893717916,vr_world,57315,104194.891610625,0.002109708,1,0.323871000,-0.352070000,-0.324075000,0.024543428,-0.663120447,0.660566235,0.351171102,1,0.440682713,-0.204286456,-0.354710061,0.024543428,-0.663120447,0.660566235,0.351171102,57393,104194.891610625,0.002109708,1,0.305785000,0.013916400,-0.360130000,0.389256859,0.643761408,-0.656413872,0.056313199,1,0.420488387,-0.137321829,-0.370442554,0.389256859,0.643761408,-0.656413872,0.056313199
11.445263917,104194.903849708,vr_world,57315,104194.891610625,0.012241875,1,0.323871000,-0.352070000,-0.324075000,0.024543428,-0.663120447,0.660566235,0.351171102,1,0.440682713,-0.204286456,-0.354710061,0.024543428,-0.663120447,0.660566235,0.351171102,57393,104194.891610625,0.012241875,1,0.305785000,0.013916400,-0.360130000,0.389256859,0.643761408,-0.656413872,0.056313199,1,0.420488387,-0.137321829,-0.370442554,0.389256859,0.643761408,-0.656413872,0.056313199
11.457662375,104194.916248166,vr_world,57316,104194.910056708,0.006192417,1,0.325264000,-0.351324000,-0.325523000,0.029375903,-0.665281730,0.658593961,0.350415854,1,0.442040391,-0.203104169,-0.354116695,0.029375903,-0.665281730,0.658593961,0.350415854,57394,104194.910056708,0.006192417,1,0.305456000,0.014725000,-0.360918000,0.394890606,0.645280592,-0.651849970,0.052592609,1,0.420638030,-0.136033402,-0.372802554,0.394890606,0.645280592,-0.651849970,0.052592609
11.469803375,104194.928389166,vr_world,57316,104194.910056708,0.018333000,1,0.325264000,-0.351324000,-0.325523000,0.029375903,-0.665281730,0.658593961,0.350415854,1,0.442040391,-0.203104169,-0.354116695,0.029375903,-0.665281730,0.658593961,0.350415854,57394,104194.910056708,0.018333000,1,0.305456000,0.014725000,-0.360918000,0.394890606,0.645280592,-0.651849970,0.052592609,1,0.420638030,-0.136033402,-0.372802554,0.394890606,0.645280592,-0.651849970,0.052592609
11.482190000,104194.940775791,vr_world,57317,104194.928894250,0.011881833,1,0.327882000,-0.350537000,-0.327084000,0.029755943,-0.663825176,0.658303769,0.353676218,1,0.444758399,-0.202359807,-0.355489070,0.029755943,-0.663825176,0.658303769,0.353676218,57395,104194.928894250,0.011881833,1,0.307527000,0.013971800,-0.363342000,0.391972879,0.644817506,-0.652981973,0.064669849,1,0.424078150,-0.136004566,-0.371031801,0.391972879,0.644817506,-0.652981973,0.064669849
11.494589875,104194.953175666,vr_world,57318,104194.946615541,0.006560792,1,0.328858000,-0.349958000,-0.327323000,0.024965057,-0.657664542,0.661664679,0.359240794,1,0.446502236,-0.202849910,-0.358022891,0.024965057,-0.657664542,0.661664679,0.359240794,57396,104194.946615541,0.006560792,1,0.308058000,0.014017800,-0.363491000,0.384615553,0.646082185,-0.656347706,0.062099715,1,0.424118150,-0.136277243,-0.372303621,0.384615553,0.646082185,-0.656347706,0.062099715
11.506395625,104194.964981416,vr_world,57319,104194.964945375,0.000036958,1,0.329605000,-0.349708000,-0.327706000,0.023189103,-0.655648458,0.662185896,0.362073479,1,0.447299408,-0.202792357,-0.359126865,0.023189103,-0.655648458,0.662185896,0.362073479,57397,104194.964945375,0.000036958,1,0.307778000,0.013629400,-0.364804000,0.380930536,0.651496745,-0.652901246,0.064528141,1,0.425955296,-0.134991640,-0.373865609,0.380930536,0.651496745,-0.652901246,0.064528141
11.516604584,104194.975190375,vr_world,57319,104194.964945375,0.010246833,1,0.329605000,-0.349708000,-0.327706000,0.023189103,-0.655648458,0.662185896,0.362073479,1,0.447299408,-0.202792357,-0.359126865,0.023189103,-0.655648458,0.662185896,0.362073479,57397,104194.964945375,0.010246833,1,0.307778000,0.013629400,-0.364804000,0.380930536,0.651496745,-0.652901246,0.064528141,1,0.425955296,-0.134991640,-0.373865609,0.380930536,0.651496745,-0.652901246,0.064528141
11.528457125,104194.987042916,vr_world,57320,104194.983568416,0.003475417,1,0.330313000,-0.348840000,-0.328311000,0.025529025,-0.654803384,0.663147309,0.361685561,1,0.448699391,-0.202348363,-0.359105093,0.025529025,-0.654803384,0.663147309,0.361685561,57398,104194.983568416,0.003475417,1,0.307704000,0.013158600,-0.366218000,0.385662743,0.655599817,-0.645940345,0.064916869,1,0.427858994,-0.133822534,-0.375993646,0.385662743,0.655599817,-0.645940345,0.064916869
11.540811542,104194.999397333,vr_world,57320,104194.983568416,0.015829834,1,0.330313000,-0.348840000,-0.328311000,0.025529025,-0.654803384,0.663147309,0.361685561,1,0.448699391,-0.202348363,-0.359105093,0.025529025,-0.654803384,0.663147309,0.361685561,57398,104194.983568416,0.015829834,1,0.307704000,0.013158600,-0.366218000,0.385662743,0.655599817,-0.645940345,0.064916869,1,0.427858994,-0.133822534,-0.375993646,0.385662743,0.655599817,-0.645940345,0.064916869
11.552453750,104195.011039541,vr_world,57321,104195.001701041,0.009339042,1,0.332453000,-0.347361000,-0.329129000,0.022857669,-0.653174320,0.664667660,0.362018973,1,0.450997354,-0.201258242,-0.361139117,0.022857669,-0.653174320,0.664667660,0.362018973,57399,104195.001701041,0.009339042,1,0.309590000,0.012534600,-0.368971000,0.393669047,0.656351105,-0.640009631,0.067938069,1,0.431111547,-0.133370339,-0.377945513,0.393669047,0.656351105,-0.640009631,0.067938069
11.563116125,104195.021701916,vr_world,57322,104195.019936500,0.001766083,1,0.332885000,-0.346483000,-0.329442000,0.019311898,-0.648499900,0.669276440,0.362138064,1,0.452554342,-0.201782235,-0.363565029,0.019311898,-0.648499900,0.669276440,0.362138064,57400,104195.019936500,0.001766083,1,0.311670000,0.013233000,-0.370936000,0.403238965,0.648570717,-0.641953860,0.068188011,1,0.431116280,-0.134465430,-0.378283325,0.403238965,0.648570717,-0.641953860,0.068188011
11.574948750,104195.033534541,vr_world,57322,104195.019936500,0.013598583,1,0.332885000,-0.346483000,-0.329442000,0.019311898,-0.648499900,0.669276440,0.362138064,1,0.452554342,-0.201782235,-0.363565029,0.019311898,-0.648499900,0.669276440,0.362138064,57400,104195.019936500,0.013598583,1,0.311670000,0.013233000,-0.370936000,0.403238965,0.648570717,-0.641953860,0.068188011,1,0.431116280,-0.134465430,-0.378283325,0.403238965,0.648570717,-0.641953860,0.068188011
11.585707375,104195.044293166,vr_world,57323,104195.038050916,0.006242750,1,0.332985000,-0.345984000,-0.329891000,0.016780865,-0.643154816,0.674488377,0.362126656,1,0.454131229,-0.202978825,-0.365898459,0.016780865,-0.643154816,0.674488377,0.362126656,57401,104195.038050916,0.006242750,1,0.313032000,0.013766000,-0.372847000,0.411306988,0.642019694,-0.643316489,0.069145999,1,0.430872942,-0.135288466,-0.378547769,0.411306988,0.642019694,-0.643316489,0.069145999
11.597782459,104195.056368250,vr_world,57324,104195.056198625,0.000170166,1,0.334710000,-0.345196000,-0.331462000,0.015859388,-0.639245172,0.678383680,0.361814417,1,0.457087579,-0.203520031,-0.368544162,0.015859388,-0.639245172,0.678383680,0.361814417,57402,104195.056198625,0.000170166,1,0.313912000,0.013906100,-0.375363000,0.425732367,0.641920419,-0.634193603,0.066997024,1,0.432739256,-0.134327360,-0.381931019,0.425732367,0.641920419,-0.634193603,0.066997024
11.608460667,104195.067046458,vr_world,57324,104195.056198625,0.010848458,1,0.334710000,-0.345196000,-0.331462000,0.015859388,-0.639245172,0.678383680,0.361814417,1,0.457087579,-0.203520031,-0.368544162,0.015859388,-0.639245172,0.678383680,0.361814417,57402,104195.056198625,0.010848458,1,0.313912000,0.013906100,-0.375363000,0.425732367,0.641920419,-0.634193603,0.066997024,1,0.432739256,-0.134327360,-0.381931019,0.425732367,0.641920419,-0.634193603,0.066997024
11.620860667,104195.079446458,vr_world,57325,104195.074934958,0.004511958,1,0.335782000,-0.345362000,-0.332762000,0.014836019,-0.639663918,0.676057094,0.365454197,1,0.457325028,-0.202953212,-0.369782262,0.014836019,-0.639663918,0.676057094,0.365454197,57403,104195.074934958,0.004511958,1,0.314670000,0.013991700,-0.377639000,0.432967802,0.643082380,-0.628035710,0.067491345,1,0.434708872,-0.133252148,-0.384431427,0.432967802,0.643082380,-0.628035710,0.067491345
11.631901959,104195.090487750,vr_world,57325,104195.074934958,0.015553333,1,0.335782000,-0.345362000,-0.332762000,0.014836019,-0.639663918,0.676057094,0.365454197,1,0.457325028,-0.202953212,-0.369782262,0.014836019,-0.639663918,0.676057094,0.365454197,57403,104195.074934958,0.015553333,1,0.314670000,0.013991700,-0.377639000,0.432967802,0.643082380,-0.628035710,0.067491345,1,0.434708872,-0.133252148,-0.384431427,0.432967802,0.643082380,-0.628035710,0.067491345
11.643115500,104195.101701291,vr_world,57326,104195.093337375,0.008364416,1,0.336121000,-0.345111000,-0.333951000,0.014844739,-0.637121898,0.676013962,0.369946543,1,0.457846014,-0.202868773,-0.371013256,0.014844739,-0.637121898,0.676013962,0.369946543,57404,104195.093337375,0.008364416,1,0.315867000,0.014419800,-0.380308000,0.443199202,0.637280508,-0.626544264,0.069930735,1,0.435161873,-0.133503884,-0.385158080,0.443199202,0.637280508,-0.626544264,0.069930735
11.653780417,104195.112366208,vr_world,57327,104195.111469583,0.000897250,1,0.336558000,-0.344554000,-0.335875000,0.016148765,-0.632819040,0.676785518,0.375819961,1,0.459030730,-0.202900164,-0.372727093,0.016148765,-0.632819040,0.676785518,0.375819961,57405,104195.111469583,0.000897250,1,0.317182000,0.014997500,-0.383975000,0.458365081,0.630214152,-0.622360078,0.073481348,1,0.436045097,-0.133333973,-0.386336054,0.458365081,0.630214152,-0.622360078,0.073481348
11.664452709,104195.123038500,vr_world,57327,104195.111469583,0.011569708,1,0.336558000,-0.344554000,-0.335875000,0.016148765,-0.632819040,0.676785518,0.375819961,1,0.459030730,-0.202900164,-0.372727093,0.016148765,-0.632819040,0.676785518,0.375819961,57405,104195.111469583,0.011569708,1,0.317182000,0.014997500,-0.383975000,0.458365081,0.630214152,-0.622360078,0.073481348,1,0.436045097,-0.133333973,-0.386336054,0.458365081,0.630214152,-0.622360078,0.073481348
11.675114084,104195.133699875,vr_world,57328,104195.130220666,0.003479667,1,0.336846000,-0.343907000,-0.336783000,0.018536787,-0.632105764,0.677490707,0.375639497,1,0.459942163,-0.202619513,-0.372957599,0.018536787,-0.632105764,0.677490707,0.375639497,57406,104195.130220666,0.003479667,1,0.316875000,0.015414900,-0.385632000,0.463350260,0.630080268,-0.618895974,0.072616568,1,0.436107602,-0.132613116,-0.388371867,0.463350260,0.630080268,-0.618895974,0.072616568
11.687533375,104195.146119166,vr_world,57328,104195.130220666,0.015900375,1,0.336846000,-0.343907000,-0.336783000,0.018536787,-0.632105764,0.677490707,0.375639497,1,0.459942163,-0.202619513,-0.372957599,0.018536787,-0.632105764,0.677490707,0.375639497,57406,104195.130220666,0.015900375,1,0.316875000,0.015414900,-0.385632000,0.463350260,0.630080268,-0.618895974,0.072616568,1,0.436107602,-0.132613116,-0.388371867,0.463350260,0.630080268,-0.618895974,0.072616568
11.699114042,104195.157699833,vr_world,57329,104195.148646500,0.009054375,1,0.337370000,-0.343365000,-0.337082000,0.013650819,-0.630070061,0.679171673,0.376232921,1,0.460300887,-0.202467872,-0.375284773,0.013650819,-0.630070061,0.679171673,0.376232921,57407,104195.148646500,0.009054375,1,0.316963000,0.015266400,-0.387448000,0.467130365,0.630981114,-0.615105048,0.072786236,1,0.436984835,-0.132117064,-0.390465456,0.467130365,0.630981114,-0.615105048,0.072786236
11.711480334,104195.170066125,vr_world,57330,104195.167118375,0.002948541,1,0.337391000,-0.342332000,-0.338850000,0.011612352,-0.628038820,0.680676045,0.376978138,1,0.460553609,-0.201918378,-0.378072558,0.011612352,-0.628038820,0.680676045,0.376978138,57408,104195.167118375,0.002948541,1,0.318026000,0.015932800,-0.391243000,0.479583703,0.625170027,-0.611525745,0.072098352,1,0.437247844,-0.132113362,-0.393420259,0.479583703,0.625170027,-0.611525745,0.072098352
11.723809709,104195.182395500,vr_world,57330,104195.167118375,0.015277791,1,0.337391000,-0.342332000,-0.338850000,0.011612352,-0.628038820,0.680676045,0.376978138,1,0.460553609,-0.201918378,-0.378072558,0.011612352,-0.628038820,0.680676045,0.376978138,57408,104195.167118375,0.015277791,1,0.318026000,0.015932800,-0.391243000,0.479583703,0.625170027,-0.611525745,0.072098352,1,0.437247844,-0.132113362,-0.393420259,0.479583703,0.625170027,-0.611525745,0.072098352
11.736213375,104195.194799166,vr_world,57331,104195.185275583,0.009524000,1,0.337471000,-0.341708000,-0.339989000,0.013289635,-0.628088098,0.680812450,0.376594124,1,0.460936207,-0.201406648,-0.378658515,0.013289635,-0.628088098,0.680812450,0.376594124,57409,104195.185275583,0.009524000,1,0.317773000,0.016369300,-0.393461000,0.486872022,0.621425825,-0.609374513,0.073812473,1,0.436789816,-0.131854791,-0.394387759,0.486872022,0.621425825,-0.609374513,0.073812473
11.748614084,104195.207199875,vr_world,57332,104195.203835041,0.003365334,1,0.337712000,-0.341517000,-0.341084000,0.014763987,-0.629313105,0.679356066,0.377123821,1,0.460927872,-0.200780304,-0.378958153,0.014763987,-0.629313105,0.679356066,0.377123821,57410,104195.203835041,0.003365334,1,0.316960000,0.016617300,-0.395079000,0.492467961,0.622110520,-0.603911985,0.075789990,1,0.437257233,-0.130570729,-0.395772423,0.492467961,0.622110520,-0.603911985,0.075789990
11.760451209,104195.219037000,vr_world,57332,104195.203835041,0.015202292,1,0.337712000,-0.341517000,-0.341084000,0.014763987,-0.629313105,0.679356066,0.377123821,1,0.460927872,-0.200780304,-0.378958153,0.014763987,-0.629313105,0.679356066,0.377123821,57410,104195.203835041,0.015202292,1,0.316960000,0.016617300,-0.395079000,0.492467961,0.622110520,-0.603911985,0.075789990,1,0.437257233,-0.130570729,-0.395772423,0.492467961,0.622110520,-0.603911985,0.075789990
11.772264334,104195.230850125,vr_world,57333,104195.221941500,0.008909208,1,0.337681000,-0.340709000,-0.342466000,0.013761859,-0.626341641,0.680503702,0.380028251,1,0.461270433,-0.200472099,-0.380972185,0.013761859,-0.626341641,0.680503702,0.380028251,57411,104195.221941500,0.008909208,1,0.317173000,0.017015500,-0.398578000,0.500499806,0.620177702,-0.598834032,0.079229819,1,0.438373217,-0.129430441,-0.398024657,0.500499806,0.620177702,-0.598834032,0.079229819
11.784612417,104195.243198208,vr_world,57334,104195.240098125,0.003100416,1,0.337875000,-0.340103000,-0.342946000,0.012001205,-0.623785784,0.681764642,0.382026490,1,0.461709598,-0.200334052,-0.382355325,0.012001205,-0.623785784,0.681764642,0.382026490,57412,104195.240098125,0.003100416,1,0.317305000,0.017169900,-0.400446000,0.506266878,0.618201868,-0.595806574,0.080838262,1,0.438817354,-0.129012421,-0.399130410,0.506266878,0.618201868,-0.595806574,0.080838262
11.795990917,104195.254576708,vr_world,57334,104195.240098125,0.014478875,1,0.337875000,-0.340103000,-0.342946000,0.012001205,-0.623785784,0.681764642,0.382026490,1,0.461709598,-0.200334052,-0.382355325,0.012001205,-0.623785784,0.681764642,0.382026490,57412,104195.240098125,0.014478875,1,0.317305000,0.017169900,-0.400446000,0.506266878,0.618201868,-0.595806574,0.080838262,1,0.438817354,-0.129012421,-0.399130410,0.506266878,0.618201868,-0.595806574,0.080838262
11.808365500,104195.266951291,vr_world,57335,104195.258430958,0.008520708,1,0.337974000,-0.339622000,-0.343439000,0.010808168,-0.623734754,0.681104928,0.383319993,1,0.461442273,-0.199612388,-0.383142728,0.010808168,-0.623734754,0.681104928,0.383319993,57413,104195.258430958,0.008520708,1,0.317193000,0.017228500,-0.401956000,0.511839481,0.616425454,-0.592579120,0.083005974,1,0.439179926,-0.128547272,-0.399764006,0.511839481,0.616425454,-0.592579120,0.083005974
11.819955167,104195.278540958,vr_world,57336,104195.275527583,0.003013958,1,0.337871000,-0.338746000,-0.344414000,0.011065865,-0.623267564,0.681306788,0.383713632,1,0.461469924,-0.198841216,-0.384080024,0.011065865,-0.623267564,0.681306788,0.383713632,57414,104195.275527583,0.003013958,1,0.316674000,0.017356900,-0.404060000,0.520668858,0.615124221,-0.585948307,0.084798079,1,0.439714147,-0.127523922,-0.401440292,0.520668858,0.615124221,-0.585948307,0.084798079
11.832361209,104195.290947000,vr_world,57336,104195.275527583,0.015419750,1,0.337871000,-0.338746000,-0.344414000,0.011065865,-0.623267564,0.681306788,0.383713632,1,0.461469924,-0.198841216,-0.384080024,0.011065865,-0.623267564,0.681306788,0.383713632,57414,104195.275527583,0.015419750,1,0.316674000,0.017356900,-0.404060000,0.520668858,0.615124221,-0.585948307,0.084798079,1,0.439714147,-0.127523922,-0.401440292,0.520668858,0.615124221,-0.585948307,0.084798079
11.844763334,104195.303349125,vr_world,57337,104195.294322500,0.009027000,1,0.338034000,-0.338180000,-0.344978000,0.012537612,-0.623430148,0.681210364,0.383575415,1,0.461834271,-0.198305279,-0.384118607,0.012537612,-0.623430148,0.681210364,0.383575415,57415,104195.294322500,0.009027000,1,0.315331000,0.016982500,-0.403708000,0.517137192,0.621624504,-0.581985584,0.086283720,1,0.440477533,-0.126099448,-0.402249482,0.517137192,0.621624504,-0.581985584,0.086283720
11.857155125,104195.315740916,vr_world,57338,104195.312511750,0.003229791,1,0.338079000,-0.337500000,-0.345445000,0.013055026,-0.622751268,0.680983011,0.385061766,1,0.461954475,-0.197637607,-0.384391448,0.013055026,-0.622751268,0.680983011,0.385061766,57416,104195.312511750,0.003229791,1,0.315943000,0.015941400,-0.403001000,0.513125414,0.626716527,-0.580350192,0.084394066,1,0.442045313,-0.126306162,-0.403310424,0.513125414,0.626716527,-0.580350192,0.084394066
11.869564417,104195.328150208,vr_world,57338,104195.312511750,0.015638916,1,0.338079000,-0.337500000,-0.345445000,0.013055026,-0.622751268,0.680983011,0.385061766,1,0.461954475,-0.197637607,-0.384391448,0.013055026,-0.622751268,0.680983011,0.385061766,57416,104195.312511750,0.015638916,1,0.315943000,0.015941400,-0.403001000,0.513125414,0.626716527,-0.580350192,0.084394066,1,0.442045313,-0.126306162,-0.403310424,0.513125414,0.626716527,-0.580350192,0.084394066
11.880927959,104195.339513750,vr_world,57339,104195.331015250,0.008498958,1,0.338160000,-0.336689000,-0.345292000,0.011577913,-0.620427374,0.682074333,0.386924321,1,0.462259833,-0.197243775,-0.385012529,0.011577913,-0.620427374,0.682074333,0.386924321,57417,104195.331015250,0.008498958,1,0.315898000,0.015961200,-0.402527000,0.507676271,0.630058979,-0.581727946,0.082964350,1,0.442232892,-0.126073560,-0.403884460,0.507676271,0.630058979,-0.581727946,0.082964350
11.893346625,104195.351932416,vr_world,57340,104195.349040708,0.002892042,1,0.338114000,-0.335974000,-0.345496000,0.011069615,-0.619314765,0.682340820,0.388249521,1,0.462284510,-0.196665871,-0.385475483,0.011069615,-0.619314765,0.682340820,0.388249521,57418,104195.349040708,0.002892042,1,0.315351000,0.015426000,-0.402418000,0.503858108,0.635542865,-0.579153535,0.082422427,1,0.443059152,-0.125353566,-0.405242008,0.503858108,0.635542865,-0.579153535,0.082422427
11.905764709,104195.364350500,vr_world,57340,104195.349040708,0.015310292,1,0.338114000,-0.335974000,-0.345496000,0.011069615,-0.619314765,0.682340820,0.388249521,1,0.462284510,-0.196665871,-0.385475483,0.011069615,-0.619314765,0.682340820,0.388249521,57418,104195.349040708,0.015310292,1,0.315351000,0.015426000,-0.402418000,0.503858108,0.635542865,-0.579153535,0.082422427,1,0.443059152,-0.125353566,-0.405242008,0.503858108,0.635542865,-0.579153535,0.082422427
11.918179459,104195.376765250,vr_world,57341,104195.367344791,0.009421000,1,0.338174000,-0.335730000,-0.345431000,0.012454427,-0.618734887,0.683371478,0.387318280,1,0.462887035,-0.196829253,-0.385138366,0.012454427,-0.618734887,0.683371478,0.387318280,57419,104195.367344791,0.009421000,1,0.315327000,0.015126900,-0.403416000,0.508220198,0.632634782,-0.577728951,0.087833489,1,0.443483100,-0.125271931,-0.404023125,0.508220198,0.632634782,-0.577728951,0.087833489
11.930593875,104195.389179666,vr_world,57342,104195.385741666,0.003438542,1,0.338115000,-0.335485000,-0.345264000,0.012344134,-0.618364079,0.684089813,0.386645336,1,0.463027304,-0.196813740,-0.385146867,0.012344134,-0.618364079,0.684089813,0.386645336,57420,104195.385741666,0.003438542,1,0.315908000,0.015106600,-0.403208000,0.511085980,0.629874157,-0.577530738,0.092238351,1,0.444208367,-0.125155478,-0.401866900,0.511085980,0.629874157,-0.577530738,0.092238351
11.943005750,104195.401591541,vr_world,57342,104195.385741666,0.015850375,1,0.338115000,-0.335485000,-0.345264000,0.012344134,-0.618364079,0.684089813,0.386645336,1,0.463027304,-0.196813740,-0.385146867,0.012344134,-0.618364079,0.684089813,0.386645336,57420,104195.385741666,0.015850375,1,0.315908000,0.015106600,-0.403208000,0.511085980,0.629874157,-0.577530738,0.092238351,1,0.444208367,-0.125155478,-0.401866900,0.511085980,0.629874157,-0.577530738,0.092238351
11.955119584,104195.413705375,vr_world,57343,104195.403733916,0.009971875,1,0.338042000,-0.334618000,-0.345151000,0.012653915,-0.616331701,0.686704693,0.385242490,1,0.463844294,-0.196875729,-0.385453256,0.012653915,-0.616331701,0.686704693,0.385242490,57421,104195.403733916,0.009971875,1,0.316132000,0.015020800,-0.402293000,0.511847072,0.629324021,-0.577389090,0.092658997,1,0.444409600,-0.125259630,-0.400717102,0.511847072,0.629324021,-0.577389090,0.092658997
11.967489834,104195.426075625,vr_world,57344,104195.422357583,0.003718375,1,0.338103000,-0.334155000,-0.344806000,0.010948669,-0.614128128,0.688919321,0.384859636,1,0.464368966,-0.197148507,-0.386152699,0.010948669,-0.614128128,0.688919321,0.384859636,57422,104195.422357583,0.003718375,1,0.316747000,0.015189300,-0.401469000,0.510016572,0.631057693,-0.577595724,0.089624015,1,0.444882332,-0.125229684,-0.401195556,0.510016572,0.631057693,-0.577595724,0.089624015
11.978579917,104195.437165708,vr_world,57344,104195.422357583,0.014808708,1,0.338103000,-0.334155000,-0.344806000,0.010948669,-0.614128128,0.688919321,0.384859636,1,0.464368966,-0.197148507,-0.386152699,0.010948669,-0.614128128,0.688919321,0.384859636,57422,104195.422357583,0.014808708,1,0.316747000,0.015189300,-0.401469000,0.510016572,0.631057693,-0.577595724,0.089624015,1,0.444882332,-0.125229684,-0.401195556,0.510016572,0.631057693,-0.577595724,0.089624015
11.990983292,104195.449569083,vr_world,57345,104195.441432083,0.008137583,1,0.338002000,-0.334080000,-0.344886000,0.011325421,-0.614003691,0.688407231,0.385962028,1,0.464203722,-0.196951228,-0.386022813,0.011325421,-0.614003691,0.688407231,0.385962028,57423,104195.441432083,0.008137583,1,0.317246000,0.014778000,-0.401189000,0.509688120,0.634133940,-0.574804959,0.087700768,1,0.446103591,-0.124973916,-0.402354263,0.509688120,0.634133940,-0.574804959,0.087700768
12.003397042,104195.461982833,vr_world,57346,104195.459544166,0.002439042,1,0.338047000,-0.333488000,-0.344841000,0.013644071,-0.613076608,0.688852318,0.386566160,1,0.464812167,-0.196677420,-0.385299759,0.013644071,-0.613076608,0.688852318,0.386566160,57424,104195.459544166,0.002439042,1,0.317772000,0.014254000,-0.401649000,0.513050209,0.633469717,-0.572115094,0.090442908,1,0.447304038,-0.124877429,-0.402009087,0.513050209,0.633469717,-0.572115094,0.090442908
12.015810792,104195.474396583,vr_world,57346,104195.459544166,0.014852792,1,0.338047000,-0.333488000,-0.344841000,0.013644071,-0.613076608,0.688852318,0.386566160,1,0.464812167,-0.196677420,-0.385299759,0.013644071,-0.613076608,0.688852318,0.386566160,57424,104195.459544166,0.014852792,1,0.317772000,0.014254000,-0.401649000,0.513050209,0.633469717,-0.572115094,0.090442908,1,0.447304038,-0.124877429,-0.402009087,0.513050209,0.633469717,-0.572115094,0.090442908
12.028235125,104195.486820916,vr_world,57347,104195.478140541,0.008680959,1,0.338371000,-0.332948000,-0.344457000,0.012589330,-0.611391497,0.690524993,0.386286396,1,0.465522596,-0.196709508,-0.385627440,0.012589330,-0.611391497,0.690524993,0.386286396,57425,104195.478140541,0.008680959,1,0.318489000,0.013507400,-0.401522000,0.514285650,0.633614154,-0.570288030,0.093887902,1,0.448824477,-0.124870816,-0.400956196,0.514285650,0.633614154,-0.570288030,0.093887902
12.040643042,104195.499228833,vr_world,57348,104195.496143083,0.003086292,1,0.338337000,-0.332343000,-0.344334000,0.010413925,-0.607355296,0.694142529,0.386234699,1,0.466358546,-0.197393277,-0.387024705,0.010413925,-0.607355296,0.694142529,0.386234699,57426,104195.496143083,0.003086292,1,0.319136000,0.013453400,-0.400308000,0.515013754,0.635676998,-0.567978827,0.089864562,1,0.449607140,-0.124791995,-0.401616047,0.515013754,0.635676998,-0.567978827,0.089864562
12.053056459,104195.511642250,vr_world,57348,104195.496143083,0.015499625,1,0.338337000,-0.332343000,-0.344334000,0.010413925,-0.607355296,0.694142529,0.386234699,1,0.466358546,-0.197393277,-0.387024705,0.010413925,-0.607355296,0.694142529,0.386234699,57426,104195.496143083,0.015499625,1,0.319136000,0.013453400,-0.400308000,0.515013754,0.635676998,-0.567978827,0.089864562,1,0.449607140,-0.124791995,-0.401616047,0.515013754,0.635676998,-0.567978827,0.089864562
12.064857709,104195.523443500,vr_world,57349,104195.513522666,0.009921209,1,0.338497000,-0.331493000,-0.344967000,0.013725188,-0.604565873,0.695309127,0.388403068,1,0.467559488,-0.197284418,-0.386852482,0.013725188,-0.604565873,0.695309127,0.388403068,57427,104195.513522666,0.009921209,1,0.319316000,0.012539700,-0.399515000,0.515444455,0.641171381,-0.561852460,0.086822154,1,0.451244935,-0.124266792,-0.403379346,0.515444455,0.641171381,-0.561852460,0.086822154
12.077265167,104195.535850958,vr_world,57350,104195.532200625,0.003650708,1,0.339181000,-0.331104000,-0.344945000,0.013607989,-0.603929018,0.694592065,0.390674323,1,0.468083628,-0.196727693,-0.386784730,0.013607989,-0.603929018,0.694592065,0.390674323,57428,104195.532200625,0.003650708,1,0.319700000,0.011993600,-0.399783000,0.517066611,0.640799279,-0.560254975,0.090181848,1,0.452288822,-0.124198412,-0.402638364,0.517066611,0.640799279,-0.560254975,0.090181848
12.089691209,104195.548277000,vr_world,57350,104195.532200625,0.016076708,1,0.339181000,-0.331104000,-0.344945000,0.013607989,-0.603929018,0.694592065,0.390674323,1,0.468083628,-0.196727693,-0.386784730,0.013607989,-0.603929018,0.694592065,0.390674323,57428,104195.532200625,0.016076708,1,0.319700000,0.011993600,-0.399783000,0.517066611,0.640799279,-0.560254975,0.090181848,1,0.452288822,-0.124198412,-0.402638364,0.517066611,0.640799279,-0.560254975,0.090181848
12.102103792,104195.560689583,vr_world,57351,104195.550748458,0.009941458,1,0.339193000,-0.330892000,-0.344942000,0.013737009,-0.602575253,0.695438663,0.391253658,1,0.468429627,-0.196887334,-0.386943368,0.013737009,-0.602575253,0.695438663,0.391253658,57429,104195.550748458,0.009941458,1,0.320570000,0.011440300,-0.399238000,0.518602820,0.640654859,-0.558777130,0.091545537,1,0.453544577,-0.124381706,-0.401757054,0.518602820,0.640654859,-0.558777130,0.091545537
12.113780959,104195.572366750,vr_world,57352,104195.569393083,0.002975667,1,0.339304000,-0.330273000,-0.345144000,0.014105987,-0.598413376,0.698728074,0.391767190,1,0.469731397,-0.197625270,-0.387767001,0.014105987,-0.598413376,0.698728074,0.391767190,57430,104195.569393083,0.002975667,1,0.322081000,0.010724700,-0.398471000,0.519721947,0.642028281,-0.556306915,0.090616775,1,0.455519184,-0.124625373,-0.401768090,0.519721947,0.642028281,-0.556306915,0.090616775
12.126177584,104195.584763375,vr_world,57352,104195.569393083,0.015370750,1,0.339304000,-0.330273000,-0.345144000,0.014105987,-0.598413376,0.698728074,0.391767190,1,0.469731397,-0.197625270,-0.387767001,0.014105987,-0.598413376,0.698728074,0.391767190,57430,104195.569393083,0.015370750,1,0.322081000,0.010724700,-0.398471000,0.519721947,0.642028281,-0.556306915,0.090616775,1,0.455519184,-0.124625373,-0.401768090,0.519721947,0.642028281,-0.556306915,0.090616775
12.138593959,104195.597179750,vr_world,57353,104195.587138208,0.010042208,1,0.339333000,-0.329969000,-0.345406000,0.016019058,-0.596284955,0.700103588,0.392482621,1,0.470572000,-0.198022813,-0.387713989,0.016019058,-0.596284955,0.700103588,0.392482621,57431,104195.587138208,0.010042208,1,0.323418000,0.010644500,-0.398378000,0.519706113,0.641652412,-0.556791969,0.090390490,1,0.456684756,-0.124875320,-0.401631105,0.519706113,0.641652412,-0.556791969,0.090390490
12.149798792,104195.608384583,vr_world,57354,104195.605577166,0.002807959,1,0.339761000,-0.329991000,-0.345419000,0.016851833,-0.595023205,0.700561475,0.393544179,1,0.471339945,-0.198338936,-0.387587443,0.016851833,-0.595023205,0.700561475,0.393544179,57432,104195.605577166,0.002807959,1,0.324351000,0.010770600,-0.397838000,0.520774271,0.642071587,-0.555692002,0.088003609,1,0.457489490,-0.124849421,-0.402026645,0.520774271,0.642071587,-0.555692002,0.088003609
12.161964875,104195.620550666,vr_world,57354,104195.605577166,0.014973917,1,0.339761000,-0.329991000,-0.345419000,0.016851833,-0.595023205,0.700561475,0.393544179,1,0.471339945,-0.198338936,-0.387587443,0.016851833,-0.595023205,0.700561475,0.393544179,57432,104195.605577166,0.014973917,1,0.324351000,0.010770600,-0.397838000,0.520774271,0.642071587,-0.555692002,0.088003609,1,0.457489490,-0.124849421,-0.402026645,0.520774271,0.642071587,-0.555692002,0.088003609
12.174378209,104195.632964000,vr_world,57355,104195.623726000,0.009238333,1,0.340445000,-0.330097000,-0.345525000,0.016949089,-0.592985028,0.700421106,0.396852313,1,0.472145145,-0.198586181,-0.387755556,0.016949089,-0.592985028,0.700421106,0.396852313,57433,104195.623726000,0.009238333,1,0.325570000,0.010225800,-0.396915000,0.524557965,0.644710584,-0.549713436,0.083679998,1,0.459355527,-0.124659295,-0.403521103,0.524557965,0.644710584,-0.549713436,0.083679998
12.186801459,104195.645387250,vr_world,57356,104195.642017291,0.003371459,1,0.340515000,-0.330152000,-0.345660000,0.017181180,-0.590247603,0.702178128,0.397817106,1,0.472881606,-0.199428892,-0.388250898,0.017181180,-0.590247603,0.702178128,0.397817106,57434,104195.642017291,0.003371459,1,0.327712000,0.010267100,-0.396971000,0.526088331,0.642104466,-0.551494229,0.082383483,1,0.460573457,-0.125541010,-0.403313326,0.526088331,0.642104466,-0.551494229,0.082383483
12.198251375,104195.656837166,vr_world,57356,104195.642017291,0.014821209,1,0.340515000,-0.330152000,-0.345660000,0.017181180,-0.590247603,0.702178128,0.397817106,1,0.472881606,-0.199428892,-0.388250898,0.017181180,-0.590247603,0.702178128,0.397817106,57434,104195.642017291,0.014821209,1,0.327712000,0.010267100,-0.396971000,0.526088331,0.642104466,-0.551494229,0.082383483,1,0.460573457,-0.125541010,-0.403313326,0.526088331,0.642104466,-0.551494229,0.082383483
12.208451250,104195.667037041,vr_world,57357,104195.660434666,0.006603042,1,0.340914000,-0.330251000,-0.345553000,0.015209302,-0.587169426,0.704322329,0.398661258,1,0.473693967,-0.200343200,-0.389334946,0.015209302,-0.587169426,0.704322329,0.398661258,57435,104195.660434666,0.006603042,1,0.329210000,0.010620300,-0.396937000,0.528478633,0.639121672,-0.553217090,0.078642702,1,0.460696047,-0.126499038,-0.403712854,0.528478633,0.639121672,-0.553217090,0.078642702
12.220880334,104195.679466125,vr_world,57358,104195.678697083,0.000769583,1,0.341484000,-0.330362000,-0.345616000,0.013084233,-0.583584749,0.706002330,0.401021637,1,0.474559979,-0.201170759,-0.390603088,0.013084233,-0.583584749,0.706002330,0.401021637,57436,104195.678697083,0.000769583,1,0.331079000,0.010311200,-0.396170000,0.532085885,0.639462306,-0.550214061,0.072367518,1,0.462034403,-0.127182329,-0.405250460,0.532085885,0.639462306,-0.550214061,0.072367518
12.232454584,104195.691040375,vr_world,57358,104195.678697083,0.012343750,1,0.341484000,-0.330362000,-0.345616000,0.013084233,-0.583584749,0.706002330,0.401021637,1,0.474559979,-0.201170759,-0.390603088,0.013084233,-0.583584749,0.706002330,0.401021637,57436,104195.678697083,0.012343750,1,0.331079000,0.010311200,-0.396170000,0.532085885,0.639462306,-0.550214061,0.072367518,1,0.462034403,-0.127182329,-0.405250460,0.532085885,0.639462306,-0.550214061,0.072367518
12.244852917,104195.703438708,vr_world,57359,104195.697241750,0.006197375,1,0.341543000,-0.329998000,-0.345901000,0.012190125,-0.580960787,0.706924780,0.403228620,1,0.474865387,-0.201276880,-0.391502033,0.012190125,-0.580960787,0.706924780,0.403228620,57437,104195.697241750,0.006197375,1,0.332174000,0.010080500,-0.394811000,0.534685054,0.642738797,-0.544863471,0.064206924,1,0.463107208,-0.127139830,-0.407589973,0.534685054,0.642738797,-0.544863471,0.064206924
12.257262667,104195.715848458,vr_world,57360,104195.715348250,0.000500750,1,0.342160000,-0.329407000,-0.346678000,0.011808874,-0.579663942,0.707391624,0.404286230,1,0.475615762,-0.200925982,-0.392565047,0.011808874,-0.579663942,0.707391624,0.404286230,57438,104195.715348250,0.000500750,1,0.333815000,0.010408600,-0.393492000,0.538753611,0.644905551,-0.539271937,0.055019576,1,0.464308322,-0.126822201,-0.410088138,0.538753611,0.644905551,-0.539271937,0.055019576
12.269671875,104195.728257666,vr_world,57360,104195.715348250,0.012909916,1,0.342160000,-0.329407000,-0.346678000,0.011808874,-0.579663942,0.707391624,0.404286230,1,0.475615762,-0.200925982,-0.392565047,0.011808874,-0.579663942,0.707391624,0.404286230,57438,104195.715348250,0.012909916,1,0.333815000,0.010408600,-0.393492000,0.538753611,0.644905551,-0.539271937,0.055019576,1,0.464308322,-0.126822201,-0.410088138,0.538753611,0.644905551,-0.539271937,0.055019576
12.281839750,104195.740425541,vr_world,57361,104195.733549250,0.006876708,1,0.342762000,-0.329536000,-0.347329000,0.009950286,-0.579151291,0.706863722,0.405990705,1,0.475802873,-0.200832399,-0.393793817,0.009950286,-0.579151291,0.706863722,0.405990705,57439,104195.733549250,0.006876708,1,0.335479000,0.011400200,-0.392714000,0.544347277,0.643559663,-0.536040540,0.046664138,1,0.464661213,-0.126727061,-0.411924296,0.544347277,0.643559663,-0.536040540,0.046664138
12.294258667,104195.752844458,vr_world,57362,104195.751026875,0.001818208,1,0.342836000,-0.329496000,-0.348048000,0.008886763,-0.575400749,0.707737905,0.409807347,1,0.476146220,-0.201343041,-0.395256540,0.008886763,-0.575400749,0.707737905,0.409807347,57440,104195.751026875,0.001818208,1,0.337554000,0.012101000,-0.392113000,0.549509237,0.639741995,-0.535620030,0.043370048,1,0.465488578,-0.127147136,-0.411579388,0.549509237,0.639741995,-0.535620030,0.043370048
12.304451167,104195.763036958,vr_world,57362,104195.751026875,0.012010416,1,0.342836000,-0.329496000,-0.348048000,0.008886763,-0.575400749,0.707737905,0.409807347,1,0.476146220,-0.201343041,-0.395256540,0.008886763,-0.575400749,0.707737905,0.409807347,57440,104195.751026875,0.012010416,1,0.337554000,0.012101000,-0.392113000,0.549509237,0.639741995,-0.535620030,0.043370048,1,0.465488578,-0.127147136,-0.411579388,0.549509237,0.639741995,-0.535620030,0.043370048
12.316869625,104195.775455416,vr_world,57363,104195.769602458,0.005853375,1,0.343160000,-0.329006000,-0.348669000,0.011986552,-0.573448824,0.709190642,0.409952926,1,0.477482494,-0.201663427,-0.395195978,0.011986552,-0.573448824,0.709190642,0.409952926,57441,104195.769602458,0.005853375,1,0.339199000,0.012710200,-0.391405000,0.549660058,0.638264802,-0.537296056,0.042483066,1,0.466488511,-0.127153671,-0.410684935,0.549660058,0.638264802,-0.537296056,0.042483066
12.328581875,104195.787167666,vr_world,57363,104195.769602458,0.017570250,1,0.343160000,-0.329006000,-0.348669000,0.011986552,-0.573448824,0.709190642,0.409952926,1,0.477482494,-0.201663427,-0.395195978,0.011986552,-0.573448824,0.709190642,0.409952926,57441,104195.769602458,0.017570250,1,0.339199000,0.012710200,-0.391405000,0.549660058,0.638264802,-0.537296056,0.042483066,1,0.466488511,-0.127153671,-0.410684935,0.549660058,0.638264802,-0.537296056,0.042483066
12.340907334,104195.799493125,vr_world,57364,104195.787855500,0.011638833,1,0.344621000,-0.328923000,-0.348657000,0.007108707,-0.572159097,0.709165738,0.411907015,1,0.478173195,-0.201410885,-0.396905508,0.007108707,-0.572159097,0.709165738,0.411907015,57442,104195.787855500,0.011638833,1,0.340984000,0.013294500,-0.389969000,0.550091843,0.639796874,-0.535742420,0.032233258,1,0.466872622,-0.127287373,-0.412881712,0.550091843,0.639796874,-0.535742420,0.032233258
12.352458250,104195.811044041,vr_world,57365,104195.805781791,0.005262834,1,0.344841000,-0.329245000,-0.349531000,0.002208963,-0.569535884,0.708590343,0.416561788,1,0.477551855,-0.201520459,-0.399508252,0.002208963,-0.569535884,0.708590343,0.416561788,57443,104195.805781791,0.005262834,1,0.343171000,0.014290500,-0.388353000,0.554313749,0.640306941,-0.531434127,0.017918086,1,0.466953803,-0.127275989,-0.416155155,0.554313749,0.640306941,-0.531434127,0.017918086
12.363121959,104195.821707750,vr_world,57365,104195.805781791,0.015926625,1,0.344841000,-0.329245000,-0.349531000,0.002208963,-0.569535884,0.708590343,0.416561788,1,0.477551855,-0.201520459,-0.399508252,0.002208963,-0.569535884,0.708590343,0.416561788,57443,104195.805781791,0.015926625,1,0.343171000,0.014290500,-0.388353000,0.554313749,0.640306941,-0.531434127,0.017918086,1,0.466953803,-0.127275989,-0.416155155,0.554313749,0.640306941,-0.531434127,0.017918086
12.375531917,104195.834117708,vr_world,57366,104195.824317875,0.009800291,1,0.344855000,-0.328593000,-0.350605000,0.007317294,-0.566199167,0.710201015,0.418305485,1,0.479062519,-0.201967583,-0.399367589,0.007317294,-0.566199167,0.710201015,0.418305485,57444,104195.824317875,0.009800291,1,0.344732000,0.015006000,-0.388016000,0.556617832,0.639112986,-0.530541130,0.015404204,1,0.467904270,-0.126976281,-0.416403318,0.556617832,0.639112986,-0.530541130,0.015404204
12.387944750,104195.846530541,vr_world,57367,104195.842575583,0.003955417,1,0.345721000,-0.328654000,-0.350697000,0.005169609,-0.565681405,0.708757209,0.421474840,1,0.479234942,-0.201500394,-0.399986678,0.005169609,-0.565681405,0.708757209,0.421474840,57445,104195.842575583,0.003955417,1,0.346657000,0.015909900,-0.387622000,0.557763712,0.636576620,-0.532441173,0.013275777,1,0.468707960,-0.127050918,-0.415942209,0.557763712,0.636576620,-0.532441173,0.013275777
12.400316542,104195.858902333,vr_world,57367,104195.842575583,0.016327250,1,0.345721000,-0.328654000,-0.350697000,0.005169609,-0.565681405,0.708757209,0.421474840,1,0.479234942,-0.201500394,-0.399986678,0.005169609,-0.565681405,0.708757209,0.421474840,57445,104195.842575583,0.016327250,1,0.346657000,0.015909900,-0.387622000,0.557763712,0.636576620,-0.532441173,0.013275777,1,0.468707960,-0.127050918,-0.415942209,0.557763712,0.636576620,-0.532441173,0.013275777
12.411119125,104195.869704916,vr_world,57368,104195.860268541,0.009437042,1,0.345113000,-0.328486000,-0.351459000,0.008102681,-0.563707318,0.707975595,0.425369208,1,0.479086191,-0.201448997,-0.399793584,0.008102681,-0.563707318,0.707975595,0.425369208,57446,104195.860268541,0.009437042,1,0.349724000,0.017241700,-0.386901000,0.560385960,0.633550249,-0.533419731,0.006711890,1,0.469782015,-0.127146150,-0.416472223,0.560385960,0.633550249,-0.533419731,0.006711890
12.421786250,104195.880372041,vr_world,57369,104195.880013666,0.000358834,1,0.344800000,-0.327748000,-0.351651000,0.012703072,-0.560925344,0.710733616,0.424333733,1,0.480412713,-0.202123051,-0.399095930,0.012703072,-0.560925344,0.710733616,0.424333733,57447,104195.880013666,0.000358834,1,0.351372000,0.018045100,-0.387406000,0.562983049,0.630096064,-0.534778389,0.006411825,1,0.470547003,-0.127232985,-0.416178093,0.562983049,0.630096064,-0.534778389,0.006411825
12.434195375,104195.892781166,vr_world,57369,104195.880013666,0.012768459,1,0.344800000,-0.327748000,-0.351651000,0.012703072,-0.560925344,0.710733616,0.424333733,1,0.480412713,-0.202123051,-0.399095930,0.012703072,-0.560925344,0.710733616,0.424333733,57447,104195.880013666,0.012768459,1,0.351372000,0.018045100,-0.387406000,0.562983049,0.630096064,-0.534778389,0.006411825,1,0.470547003,-0.127232985,-0.416178093,0.562983049,0.630096064,-0.534778389,0.006411825
12.446594084,104195.905179875,vr_world,57370,104195.896655666,0.008524667,1,0.345866000,-0.327146000,-0.351595000,0.011471155,-0.562868031,0.709910867,0.423172014,1,0.480944990,-0.200998188,-0.399174914,0.011471155,-0.562868031,0.709910867,0.423172014,57448,104195.896655666,0.008524667,1,0.352354000,0.018576800,-0.387048000,0.565627720,0.629381661,-0.532859704,0.002131260,1,0.470758408,-0.127069283,-0.417113145,0.565627720,0.629381661,-0.532859704,0.002131260
12.459029375,104195.917615166,vr_world,57371,104195.914376375,0.003241375,1,0.345488000,-0.327106000,-0.350515000,0.001379146,-0.560199527,0.711672187,0.423907168,1,0.479351700,-0.201164825,-0.401922947,0.001379146,-0.560199527,0.711672187,0.423907168,57449,104195.914376375,0.003241375,1,0.353785000,0.019615900,-0.385878000,0.569059958,0.630583788,-0.527697007,-0.008409483,1,0.470854192,-0.126255738,-0.419827028,0.569059958,0.630583788,-0.527697007,-0.008409483
12.471445042,104195.930030833,vr_world,57371,104195.914376375,0.015655000,1,0.345488000,-0.327106000,-0.350515000,0.001379146,-0.560199527,0.711672187,0.423907168,1,0.479351700,-0.201164825,-0.401922947,0.001379146,-0.560199527,0.711672187,0.423907168,57449,104195.914376375,0.015655000,1,0.353785000,0.019615900,-0.385878000,0.569059958,0.630583788,-0.527697007,-0.008409483,1,0.470854192,-0.126255738,-0.419827028,0.569059958,0.630583788,-0.527697007,-0.008409483
12.483896834,104195.942482625,vr_world,57372,104195.933546583,0.008937958,1,0.343506000,-0.326676000,-0.351140000,0.008544486,-0.555261613,0.715402640,0.424040794,1,0.479825211,-0.202812700,-0.401124154,0.008544486,-0.555261613,0.715402640,0.424040794,57450,104195.933546583,0.008937958,1,0.357339000,0.020608300,-0.387357000,0.568829862,0.624408899,-0.535178307,-0.011414667,1,0.471721094,-0.127628852,-0.420200257,0.568829862,0.624408899,-0.535178307,-0.011414667
12.496328750,104195.954914541,vr_world,57373,104195.952160250,0.002755916,1,0.343723000,-0.325812000,-0.352056000,0.015513721,-0.554788595,0.714367535,0.426201787,1,0.481061261,-0.202116214,-0.399606066,0.015513721,-0.554788595,0.714367535,0.426201787,57451,104195.952160250,0.002755916,1,0.357619000,0.021165700,-0.388102000,0.568302935,0.621816644,-0.538823061,-0.006748601,1,0.472031807,-0.127537361,-0.418652485,0.568302935,0.621816644,-0.538823061,-0.006748601
12.507108417,104195.965694208,vr_world,57373,104195.952160250,0.013534458,1,0.343723000,-0.325812000,-0.352056000,0.015513721,-0.554788595,0.714367535,0.426201787,1,0.481061261,-0.202116214,-0.399606066,0.015513721,-0.554788595,0.714367535,0.426201787,57451,104195.952160250,0.013534458,1,0.357619000,0.021165700,-0.388102000,0.568302935,0.621816644,-0.538823061,-0.006748601,1,0.472031807,-0.127537361,-0.418652485,0.568302935,0.621816644,-0.538823061,-0.006748601
12.519516292,104195.978102083,vr_world,57374,104195.970231375,0.007871250,1,0.344099000,-0.325577000,-0.351583000,0.012758778,-0.554808007,0.713567604,0.427605617,1,0.480765971,-0.201445811,-0.399925845,0.012758778,-0.554808007,0.713567604,0.427605617,57452,104195.970231375,0.007871250,1,0.358674000,0.021552500,-0.386864000,0.570238598,0.626571168,-0.531059816,-0.014559698,1,0.473295297,-0.126096388,-0.421476147,0.570238598,0.626571168,-0.531059816,-0.014559698
12.531905334,104195.990491125,vr_world,57375,104195.988182208,0.002309250,1,0.343430000,-0.325042000,-0.351589000,0.011954540,-0.552555158,0.713348013,0.430899640,1,0.480043561,-0.201014668,-0.400347676,0.011954540,-0.552555158,0.713348013,0.430899640,57453,104195.988182208,0.002309250,1,0.361501000,0.023016900,-0.386706000,0.572857206,0.627369067,-0.526834375,-0.026233860,1,0.474259584,-0.125066957,-0.425344043,0.572857206,0.627369067,-0.526834375,-0.026233860
12.544280417,104196.002866208,vr_world,57375,104195.988182208,0.014684333,1,0.343430000,-0.325042000,-0.351589000,0.011954540,-0.552555158,0.713348013,0.430899640,1,0.480043561,-0.201014668,-0.400347676,0.011954540,-0.552555158,0.713348013,0.430899640,57453,104195.988182208,0.014684333,1,0.361501000,0.023016900,-0.386706000,0.572857206,0.627369067,-0.526834375,-0.026233860,1,0.474259584,-0.125066957,-0.425344043,0.572857206,0.627369067,-0.526834375,-0.026233860
12.556622250,104196.015208041,vr_world,57376,104196.005974500,0.009234166,1,0.341738000,-0.324370000,-0.351382000,0.012238009,-0.547123108,0.716905657,0.431917602,1,0.479547563,-0.202033264,-0.401037745,0.012238009,-0.547123108,0.716905657,0.431917602,57454,104196.005974500,0.009234166,1,0.363537000,0.023876800,-0.387676000,0.574074414,0.620501312,-0.533761704,-0.022696530,1,0.474933058,-0.126030508,-0.423101601,0.574074414,0.620501312,-0.533761704,-0.022696530
12.568974417,104196.027560208,vr_world,57377,104196.024264875,0.003295958,1,0.341211000,-0.323814000,-0.352013000,0.018463769,-0.545731922,0.718785778,0.430328669,1,0.480633366,-0.202646036,-0.400004865,0.018463769,-0.545731922,0.718785778,0.430328669,57455,104196.024264875,0.003295958,1,0.363451000,0.024335400,-0.387717000,0.573746560,0.616657507,-0.538630868,-0.020620174,1,0.473964530,-0.126656980,-0.421247411,0.573746560,0.616657507,-0.538630868,-0.020620174
12.579125125,104196.037710916,vr_world,57377,104196.024264875,0.013446583,1,0.341211000,-0.323814000,-0.352013000,0.018463769,-0.545731922,0.718785778,0.430328669,1,0.480633366,-0.202646036,-0.400004865,0.018463769,-0.545731922,0.718785778,0.430328669,57455,104196.024264875,0.013446583,1,0.363451000,0.024335400,-0.387717000,0.573746560,0.616657507,-0.538630868,-0.020620174,1,0.473964530,-0.126656980,-0.421247411,0.573746560,0.616657507,-0.538630868,-0.020620174
12.591528250,104196.050114041,vr_world,57378,104196.042019291,0.008095125,1,0.341135000,-0.323293000,-0.352188000,0.021825147,-0.548359964,0.716237887,0.431078070,1,0.480408383,-0.201287874,-0.398460229,0.021825147,-0.548359964,0.716237887,0.431078070,57456,104196.042019291,0.008095125,1,0.363726000,0.025047500,-0.387619000,0.574790076,0.615467086,-0.539020508,-0.016538641,1,0.474828013,-0.125847842,-0.419605421,0.574790076,0.615467086,-0.539020508,-0.016538641
12.603943292,104196.062529083,vr_world,57379,104196.060659166,0.001870375,1,0.341061000,-0.323019000,-0.351870000,0.021992381,-0.551241702,0.715338383,0.428882175,1,0.479976508,-0.200442370,-0.397705778,0.021992381,-0.551241702,0.715338383,0.428882175,57457,104196.060659166,0.001870375,1,0.364358000,0.024893000,-0.386939000,0.570475484,0.617881557,-0.540934773,-0.013025977,1,0.476440336,-0.125405899,-0.418307508,0.570475484,0.617881557,-0.540934773,-0.013025977
12.614965875,104196.073551666,vr_world,57379,104196.060659166,0.012893042,1,0.341061000,-0.323019000,-0.351870000,0.021992381,-0.551241702,0.715338383,0.428882175,1,0.479976508,-0.200442370,-0.397705778,0.021992381,-0.551241702,0.715338383,0.428882175,57457,104196.060659166,0.012893042,1,0.364358000,0.024893000,-0.386939000,0.570475484,0.617881557,-0.540934773,-0.013025977,1,0.476440336,-0.125405899,-0.418307508,0.570475484,0.617881557,-0.540934773,-0.013025977
12.627378875,104196.085964666,vr_world,57380,104196.079786541,0.006178459,1,0.340492000,-0.323027000,-0.351335000,0.016705326,-0.551532190,0.715550124,0.428393739,1,0.478514167,-0.200114202,-0.398935299,0.016705326,-0.551532190,0.715550124,0.428393739,57458,104196.079786541,0.006178459,1,0.365760000,0.025711400,-0.386560000,0.570470816,0.616373683,-0.542516717,-0.017948330,1,0.476317520,-0.125498283,-0.418946703,0.570470816,0.616373683,-0.542516717,-0.017948330
12.639784209,104196.098370000,vr_world,57381,104196.097807500,0.000562916,1,0.337768000,-0.322104000,-0.351149000,0.022406536,-0.549464829,0.718763638,0.425400025,1,0.477642945,-0.200819441,-0.397500801,0.022406536,-0.549464829,0.718763638,0.425400025,57459,104196.097807500,0.000562916,1,0.365643000,0.026527800,-0.386689000,0.572456718,0.613325740,-0.543852814,-0.018680448,1,0.475280945,-0.125477774,-0.418471314,0.572456718,0.613325740,-0.543852814,-0.018680448
12.652196625,104196.110782416,vr_world,57381,104196.097807500,0.012975250,1,0.337768000,-0.322104000,-0.351149000,0.022406536,-0.549464829,0.718763638,0.425400025,1,0.477642945,-0.200819441,-0.397500801,0.022406536,-0.549464829,0.718763638,0.425400025,57459,104196.097807500,0.012975250,1,0.365643000,0.026527800,-0.386689000,0.572456718,0.613325740,-0.543852814,-0.018680448,1,0.475280945,-0.125477774,-0.418471314,0.572456718,0.613325740,-0.543852814,-0.018680448
12.664612167,104196.123197958,vr_world,57382,104196.116852208,0.006346250,1,0.337932000,-0.321813000,-0.351297000,0.025984266,-0.548740579,0.719800887,0.424376340,1,0.478701491,-0.201194247,-0.396667590,0.025984266,-0.548740579,0.719800887,0.424376340,57460,104196.116852208,0.006346250,1,0.365221000,0.025804700,-0.386680000,0.573142937,0.614782646,-0.541514693,-0.017643945,1,0.475651459,-0.125584153,-0.418660733,0.573142937,0.614782646,-0.541514693,-0.017643945
12.674664042,104196.133249833,vr_world,57382,104196.116852208,0.016398167,1,0.337932000,-0.321813000,-0.351297000,0.025984266,-0.548740579,0.719800887,0.424376340,1,0.478701491,-0.201194247,-0.396667590,0.025984266,-0.548740579,0.719800887,0.424376340,57460,104196.116852208,0.016398167,1,0.365221000,0.025804700,-0.386680000,0.573142937,0.614782646,-0.541514693,-0.017643945,1,0.475651459,-0.125584153,-0.418660733,0.573142937,0.614782646,-0.541514693,-0.017643945
12.687073084,104196.145658875,vr_world,57383,104196.135422708,0.010236708,1,0.338434000,-0.322096000,-0.351248000,0.024929811,-0.552254968,0.717073003,0.424498838,1,0.478184200,-0.200169158,-0.396272412,0.024929811,-0.552254968,0.717073003,0.424498838,57461,104196.135422708,0.010236708,1,0.365439000,0.025805400,-0.385883000,0.573223210,0.616461582,-0.539419204,-0.020425280,1,0.475861293,-0.125289423,-0.419252454,0.573223210,0.616461582,-0.539419204,-0.020425280
12.699484709,104196.158070500,vr_world,57384,104196.153474416,0.004596542,1,0.338119000,-0.321854000,-0.350999000,0.023765835,-0.551205363,0.717847536,0.424620712,1,0.477911736,-0.200195968,-0.396614583,0.023765835,-0.551205363,0.717847536,0.424620712,57462,104196.153474416,0.004596542,1,0.365618000,0.025340800,-0.386168000,0.570541971,0.618721144,-0.539684041,-0.020177738,1,0.476505741,-0.125312305,-0.419987349,0.570541971,0.618721144,-0.539684041,-0.020177738
12.711912292,104196.170498083,vr_world,57384,104196.153474416,0.017024084,1,0.338119000,-0.321854000,-0.350999000,0.023765835,-0.551205363,0.717847536,0.424620712,1,0.477911736,-0.200195968,-0.396614583,0.023765835,-0.551205363,0.717847536,0.424620712,57462,104196.153474416,0.017024084,1,0.365618000,0.025340800,-0.386168000,0.570541971,0.618721144,-0.539684041,-0.020177738,1,0.476505741,-0.125312305,-0.419987349,0.570541971,0.618721144,-0.539684041,-0.020177738
12.724330959,104196.182916750,vr_world,57385,104196.172068291,0.010848959,1,0.337088000,-0.321211000,-0.350803000,0.023226975,-0.546789143,0.720638297,0.425631985,1,0.477692927,-0.200862415,-0.397385303,0.023226975,-0.546789143,0.720638297,0.425631985,57463,104196.172068291,0.010848959,1,0.366050000,0.025442200,-0.386292000,0.572804165,0.617895507,-0.538049692,-0.024557267,1,0.476032293,-0.125591572,-0.421347839,0.572804165,0.617895507,-0.538049692,-0.024557267
12.736759209,104196.195345000,vr_world,57386,104196.190686083,0.004659375,1,0.336278000,-0.321367000,-0.351257000,0.026004983,-0.545511496,0.720727294,0.426957979,1,0.477460154,-0.201388195,-0.397040422,0.026004983,-0.545511496,0.720727294,0.426957979,57464,104196.190686083,0.004659375,1,0.365938000,0.025089300,-0.386306000,0.573186331,0.618107161,-0.537454051,-0.023326189,1,0.476296704,-0.125734130,-0.421083558,0.573186331,0.618107161,-0.537454051,-0.023326189
12.748335000,104196.206920791,vr_world,57386,104196.190686083,0.016235167,1,0.336278000,-0.321367000,-0.351257000,0.026004983,-0.545511496,0.720727294,0.426957979,1,0.477460154,-0.201388195,-0.397040422,0.026004983,-0.545511496,0.720727294,0.426957979,57464,104196.190686083,0.016235167,1,0.365938000,0.025089300,-0.386306000,0.573186331,0.618107161,-0.537454051,-0.023326189,1,0.476296704,-0.125734130,-0.421083558,0.573186331,0.618107161,-0.537454051,-0.023326189
12.760770292,104196.219356083,vr_world,57387,104196.208813666,0.010543875,1,0.336102000,-0.320724000,-0.351529000,0.027675628,-0.542397392,0.723425134,0.426257205,1,0.478362659,-0.202066849,-0.397418236,0.027675628,-0.542397392,0.723425134,0.426257205,57465,104196.208813666,0.010543875,1,0.366464000,0.024917800,-0.386176000,0.572068299,0.619779806,-0.536675684,-0.024291235,1,0.477035651,-0.125574998,-0.421701267,0.572068299,0.619779806,-0.536675684,-0.024291235
12.773190542,104196.231776333,vr_world,57388,104196.228114958,0.003662458,1,0.336733000,-0.320867000,-0.351825000,0.025371511,-0.542719679,0.722956580,0.426784981,1,0.478474246,-0.201850959,-0.398387208,0.025371511,-0.542719679,0.722956580,0.426784981,57466,104196.228114958,0.003662458,1,0.367711000,0.024898300,-0.386061000,0.571777199,0.621277237,-0.534962607,-0.030007310,1,0.477540655,-0.125601821,-0.423788745,0.571777199,0.621277237,-0.534962607,-0.030007310
12.785603209,104196.244189000,vr_world,57388,104196.228114958,0.016074458,1,0.336733000,-0.320867000,-0.351825000,0.025371511,-0.542719679,0.722956580,0.426784981,1,0.478474246,-0.201850959,-0.398387208,0.025371511,-0.542719679,0.722956580,0.426784981,57466,104196.228114958,0.016074458,1,0.367711000,0.024898300,-0.386061000,0.571777199,0.621277237,-0.534962607,-0.030007310,1,0.477540655,-0.125601821,-0.423788745,0.571777199,0.621277237,-0.534962607,-0.030007310
12.798026000,104196.256611791,vr_world,57389,104196.246015791,0.010596542,1,0.336612000,-0.321086000,-0.352093000,0.025416344,-0.543025413,0.721946577,0.428101098,1,0.478117765,-0.201718079,-0.398470566,0.025416344,-0.543025413,0.721946577,0.428101098,57467,104196.246015791,0.010596542,1,0.367073000,0.025110600,-0.385730000,0.572471720,0.621085456,-0.534420074,-0.030400180,1,0.476841475,-0.125406767,-0.423567541,0.572471720,0.621085456,-0.534420074,-0.030400180
12.810463500,104196.269049291,vr_world,57390,104196.265027916,0.004023584,1,0.335373000,-0.320579000,-0.352350000,0.027961620,-0.542374521,0.721220669,0.429986945,1,0.477196225,-0.201245513,-0.397837781,0.027961620,-0.542374521,0.721220669,0.429986945,57468,104196.265027916,0.004023584,1,0.366502000,0.024790900,-0.385903000,0.571603752,0.621510718,-0.535024643,-0.027243531,1,0.476969576,-0.125435734,-0.422849908,0.571603752,0.621510718,-0.535024643,-0.027243531
12.821337917,104196.279923708,vr_world,57390,104196.265027916,0.014896375,1,0.335373000,-0.320579000,-0.352350000,0.027961620,-0.542374521,0.721220669,0.429986945,1,0.477196225,-0.201245513,-0.397837781,0.027961620,-0.542374521,0.721220669,0.429986945,57468,104196.265027916,0.014896375,1,0.366502000,0.024790900,-0.385903000,0.571603752,0.621510718,-0.535024643,-0.027243531,1,0.476969576,-0.125435734,-0.422849908,0.571603752,0.621510718,-0.535024643,-0.027243531
12.833755375,104196.292341166,vr_world,57391,104196.283860541,0.008481084,1,0.334957000,-0.320098000,-0.352435000,0.030898173,-0.541109636,0.722648146,0.428981727,1,0.477676015,-0.201585512,-0.397262161,0.030898173,-0.541109636,0.722648146,0.428981727,57469,104196.283860541,0.008481084,1,0.363373000,0.024559200,-0.384779000,0.574323359,0.622201885,-0.531289665,-0.027363946,1,0.474378259,-0.125154356,-0.422194843,0.574323359,0.622201885,-0.531289665,-0.027363946
12.846164292,104196.304750083,vr_world,57392,104196.302328208,0.002422333,1,0.335551000,-0.320428000,-0.351645000,0.025186625,-0.543433124,0.720253556,0.430442666,1,0.476615446,-0.200461448,-0.397821448,0.025186625,-0.543433124,0.720253556,0.430442666,57470,104196.302328208,0.002422333,1,0.360500000,0.023281200,-0.383989000,0.572668612,0.627068284,-0.527584968,-0.022138884,1,0.473999621,-0.124584915,-0.421267495,0.572668612,0.627068284,-0.527584968,-0.022138884
12.858584584,104196.317170375,vr_world,57392,104196.302328208,0.014842583,1,0.335551000,-0.320428000,-0.351645000,0.025186625,-0.543433124,0.720253556,0.430442666,1,0.476615446,-0.200461448,-0.397821448,0.025186625,-0.543433124,0.720253556,0.430442666,57470,104196.302328208,0.014842583,1,0.360500000,0.023281200,-0.383989000,0.572668612,0.627068284,-0.527584968,-0.022138884,1,0.473999621,-0.124584915,-0.421267495,0.572668612,0.627068284,-0.527584968,-0.022138884
12.869057084,104196.327642875,vr_world,57393,104196.320213791,0.007432000,1,0.333181000,-0.320141000,-0.350543000,0.020290296,-0.543138797,0.719962272,0.431558661,1,0.473345481,-0.199750906,-0.398329848,0.020290296,-0.543138797,0.719962272,0.431558661,57471,104196.320213791,0.007432000,1,0.357827000,0.023189300,-0.382175000,0.570254500,0.628558721,-0.528221082,-0.026574972,1,0.470589225,-0.124818271,-0.421093664,0.570254500,0.628558721,-0.528221082,-0.026574972
12.879970625,104196.338556416,vr_world,57393,104196.320213791,0.018344834,1,0.333181000,-0.320141000,-0.350543000,0.020290296,-0.543138797,0.719962272,0.431558661,1,0.473345481,-0.199750906,-0.398329848,0.020290296,-0.543138797,0.719962272,0.431558661,57471,104196.320213791,0.018344834,1,0.357827000,0.023189300,-0.382175000,0.570254500,0.628558721,-0.528221082,-0.026574972,1,0.470589225,-0.124818271,-0.421093664,0.570254500,0.628558721,-0.528221082,-0.026574972
12.891126917,104196.349712708,vr_world,57394,104196.339716583,0.009998958,1,0.330797000,-0.320511000,-0.350494000,0.025163339,-0.542709650,0.720313460,0.431255795,1,0.471915651,-0.200639728,-0.396752675,0.025163339,-0.542709650,0.720313460,0.431255795,57472,104196.339716583,0.009998958,1,0.353629000,0.022425700,-0.381527000,0.569018349,0.632862977,-0.524296135,-0.028568071,1,0.467226931,-0.124423603,-0.422356133,0.569018349,0.632862977,-0.524296135,-0.028568071
12.903467667,104196.362053458,vr_world,57395,104196.356939416,0.005115125,1,0.328820000,-0.321007000,-0.350219000,0.029403106,-0.543532271,0.719371341,0.431524045,1,0.470409442,-0.201076890,-0.394857794,0.029403106,-0.543532271,0.719371341,0.431524045,57473,104196.356939416,0.005115125,1,0.350239000,0.022140900,-0.382501000,0.573026284,0.631406699,-0.522097973,-0.019497804,1,0.465751436,-0.123990433,-0.420431805,0.573026284,0.631406699,-0.522097973,-0.019497804
12.915316750,104196.373902541,vr_world,57395,104196.356939416,0.016963875,1,0.328820000,-0.321007000,-0.350219000,0.029403106,-0.543532271,0.719371341,0.431524045,1,0.470409442,-0.201076890,-0.394857794,0.029403106,-0.543532271,0.719371341,0.431524045,57473,104196.356939416,0.016963875,1,0.350239000,0.022140900,-0.382501000,0.573026284,0.631406699,-0.522097973,-0.019497804,1,0.465751436,-0.123990433,-0.420431805,0.573026284,0.631406699,-0.522097973,-0.019497804
12.925788917,104196.384374708,vr_world,57396,104196.374650750,0.009724500,1,0.325193000,-0.321369000,-0.349115000,0.033792059,-0.544825333,0.719103948,0.430015075,1,0.467387611,-0.201562981,-0.392134182,0.033792059,-0.544825333,0.719103948,0.430015075,57474,104196.374650750,0.009724500,1,0.344462000,0.021442600,-0.382530000,0.580453178,0.623542373,-0.523705252,-0.001351531,1,0.462131155,-0.124704364,-0.413046532,0.580453178,0.623542373,-0.523705252,-0.001351531
12.936454292,104196.395040083,vr_world,57397,104196.392534291,0.002506292,1,0.323730000,-0.321614000,-0.348162000,0.035577202,-0.547821907,0.719294937,0.425723167,1,0.466069582,-0.201679855,-0.390336515,0.035577202,-0.547821907,0.719294937,0.425723167,57475,104196.392534291,0.002506292,1,0.342253000,0.020440000,-0.379143000,0.579851073,0.626243591,-0.521112712,-0.005765274,1,0.459810034,-0.125327593,-0.411828890,0.579851073,0.626243591,-0.521112712,-0.005765274
12.948166417,104196.406752208,vr_world,57397,104196.392534291,0.014218459,1,0.323730000,-0.321614000,-0.348162000,0.035577202,-0.547821907,0.719294937,0.425723167,1,0.466069582,-0.201679855,-0.390336515,0.035577202,-0.547821907,0.719294937,0.425723167,57475,104196.392534291,0.014218459,1,0.342253000,0.020440000,-0.379143000,0.579851073,0.626243591,-0.521112712,-0.005765274,1,0.459810034,-0.125327593,-0.411828890,0.579851073,0.626243591,-0.521112712,-0.005765274
12.960583750,104196.419169541,vr_world,57398,104196.410105541,0.009064500,1,0.321827000,-0.321909000,-0.347282000,0.032513528,-0.548612729,0.719108105,0.425265185,1,0.463558724,-0.201585223,-0.390383878,0.032513528,-0.548612729,0.719108105,0.425265185,57476,104196.410105541,0.009064500,1,0.340840000,0.019472900,-0.376489000,0.569481505,0.635293550,-0.521425959,-0.014418376,1,0.458250302,-0.125287579,-0.413844817,0.569481505,0.635293550,-0.521425959,-0.014418376
12.972934042,104196.431519833,vr_world,57399,104196.428292458,0.003228000,1,0.320084000,-0.321706000,-0.347734000,0.038327866,-0.548910350,0.719182864,0.424269267,1,0.462784559,-0.201840640,-0.388871569,0.038327866,-0.548910350,0.719182864,0.424269267,57477,104196.428292458,0.003228000,1,0.339094000,0.018759400,-0.376583000,0.560278340,0.640149819,-0.525401025,-0.015816249,1,0.456711999,-0.125512744,-0.415154748,0.560278340,0.640149819,-0.525401025,-0.015816249
12.985336042,104196.443921833,vr_world,57399,104196.428292458,0.015630667,1,0.320084000,-0.321706000,-0.347734000,0.038327866,-0.548910350,0.719182864,0.424269267,1,0.462784559,-0.201840640,-0.388871569,0.038327866,-0.548910350,0.719182864,0.424269267,57477,104196.428292458,0.015630667,1,0.339094000,0.018759400,-0.376583000,0.560278340,0.640149819,-0.525401025,-0.015816249,1,0.456711999,-0.125512744,-0.415154748,0.560278340,0.640149819,-0.525401025,-0.015816249
12.997674959,104196.456260750,vr_world,57400,104196.446620208,0.009641833,1,0.318688000,-0.321819000,-0.346858000,0.040475429,-0.548936468,0.719418001,0.423636912,1,0.461793335,-0.202201551,-0.387305091,0.040475429,-0.548936468,0.719418001,0.423636912,57478,104196.446620208,0.009641833,1,0.336032000,0.016902100,-0.377749000,0.555047182,0.646920490,-0.522825584,-0.008361455,1,0.456784477,-0.124902789,-0.415780875,0.555047182,0.646920490,-0.522825584,-0.008361455
13.009530542,104196.468116333,vr_world,57401,104196.464587333,0.003530333,1,0.318504000,-0.322357000,-0.346289000,0.038146681,-0.549967934,0.718279964,0.424445516,1,0.460903683,-0.202079212,-0.387264787,0.038146681,-0.549967934,0.718279964,0.424445516,57479,104196.464587333,0.003530333,1,0.335663000,0.017122800,-0.380646000,0.567238119,0.640256415,-0.517988948,-0.000299698,1,0.457330646,-0.124801996,-0.415150919,0.567238119,0.640256415,-0.517988948,-0.000299698
13.021684167,104196.480269958,vr_world,57401,104196.464587333,0.015683875,1,0.318504000,-0.322357000,-0.346289000,0.038146681,-0.549967934,0.718279964,0.424445516,1,0.460903683,-0.202079212,-0.387264787,0.038146681,-0.549967934,0.718279964,0.424445516,57479,104196.464587333,0.015683875,1,0.335663000,0.017122800,-0.380646000,0.567238119,0.640256415,-0.517988948,-0.000299698,1,0.457330646,-0.124801996,-0.415150919,0.567238119,0.640256415,-0.517988948,-0.000299698
13.032456417,104196.491042208,vr_world,57402,104196.482603291,0.008439542,1,0.317774000,-0.322251000,-0.345933000,0.040336368,-0.547627109,0.720640091,0.423267512,1,0.461213104,-0.203148665,-0.386716261,0.040336368,-0.547627109,0.720640091,0.423267512,57480,104196.482603291,0.008439542,1,0.335207000,0.016597800,-0.382068000,0.582576845,0.631254977,-0.511920495,0.007666800,1,0.457529660,-0.125653898,-0.412692589,0.582576845,0.631254977,-0.511920495,0.007666800
13.044851209,104196.503437000,vr_world,57403,104196.500991333,0.002446167,1,0.318018000,-0.322822000,-0.345233000,0.042088799,-0.548329470,0.721011470,0.421551639,1,0.461779338,-0.203903103,-0.385412692,0.042088799,-0.548329470,0.721011470,0.421551639,57481,104196.500991333,0.002446167,1,0.334417000,0.015407300,-0.383623000,0.592032632,0.624926923,-0.508519526,0.019276803,1,0.458361449,-0.126350969,-0.409672533,0.592032632,0.624926923,-0.508519526,0.019276803
13.056762042,104196.515347833,vr_world,57403,104196.500991333,0.014357000,1,0.318018000,-0.322822000,-0.345233000,0.042088799,-0.548329470,0.721011470,0.421551639,1,0.461779338,-0.203903103,-0.385412692,0.042088799,-0.548329470,0.721011470,0.421551639,57481,104196.500991333,0.014357000,1,0.334417000,0.015407300,-0.383623000,0.592032632,0.624926923,-0.508519526,0.019276803,1,0.458361449,-0.126350969,-0.409672533,0.592032632,0.624926923,-0.508519526,0.019276803
13.067122250,104196.525708041,vr_world,57404,104196.518879458,0.006829042,1,0.319513000,-0.323461000,-0.345408000,0.040075761,-0.548370673,0.722026072,0.419954629,1,0.463164980,-0.204686841,-0.386398755,0.040075761,-0.548370673,0.722026072,0.419954629,57482,104196.518879458,0.006829042,1,0.335447000,0.013295500,-0.383397000,0.584956850,0.629785800,-0.510684274,0.019922411,1,0.460128100,-0.127685734,-0.410138963,0.584956850,0.629785800,-0.510684274,0.019922411
13.079541584,104196.538127375,vr_world,57405,104196.537048250,0.001079916,1,0.320667000,-0.324607000,-0.345369000,0.033394446,-0.545340578,0.724424527,0.420354100,1,0.463936449,-0.206389757,-0.389209289,0.033394446,-0.545340578,0.724424527,0.420354100,57483,104196.537048250,0.001079916,1,0.337170000,0.013327100,-0.383005000,0.582345927,0.632894924,-0.510172754,0.006402982,1,0.459729659,-0.128520794,-0.414541359,0.582345927,0.632894924,-0.510172754,0.006402982
13.091938042,104196.550523833,vr_world,57405,104196.537048250,0.013476166,1,0.320667000,-0.324607000,-0.345369000,0.033394446,-0.545340578,0.724424527,0.420354100,1,0.463936449,-0.206389757,-0.389209289,0.033394446,-0.545340578,0.724424527,0.420354100,57483,104196.537048250,0.013476166,1,0.337170000,0.013327100,-0.383005000,0.582345927,0.632894924,-0.510172754,0.006402982,1,0.459729659,-0.128520794,-0.414541359,0.582345927,0.632894924,-0.510172754,0.006402982
13.104348292,104196.562934083,vr_world,57406,104196.555020250,0.007914208,1,0.321587000,-0.325731000,-0.346854000,0.036329590,-0.545128144,0.723019727,0.422797755,1,0.465049266,-0.207325194,-0.389539743,0.036329590,-0.545128144,0.723019727,0.422797755,57484,104196.555020250,0.007914208,1,0.334872000,0.011676800,-0.385976000,0.586674791,0.635469259,-0.501912801,0.008663228,1,0.459281535,-0.128393372,-0.418206898,0.586674791,0.635469259,-0.501912801,0.008663228
13.114495500,104196.573081291,vr_world,57407,104196.573064916,0.000016917,1,0.323348000,-0.326122000,-0.347833000,0.041448807,-0.546574090,0.719417347,0.426588140,1,0.466774185,-0.206852927,-0.388172641,0.041448807,-0.546574090,0.719417347,0.426588140,57485,104196.573064916,0.000016917,1,0.332551000,0.010097700,-0.389385000,0.594977014,0.631847335,-0.495746318,0.031731469,1,0.461674023,-0.127119003,-0.414585352,0.594977014,0.631847335,-0.495746318,0.031731469
13.125785834,104196.584371625,vr_world,57407,104196.573064916,0.011307375,1,0.323348000,-0.326122000,-0.347833000,0.041448807,-0.546574090,0.719417347,0.426588140,1,0.466774185,-0.206852927,-0.388172641,0.041448807,-0.546574090,0.719417347,0.426588140,57485,104196.573064916,0.011307375,1,0.332551000,0.010097700,-0.389385000,0.594977014,0.631847335,-0.495746318,0.031731469,1,0.461674023,-0.127119003,-0.414585352,0.594977014,0.631847335,-0.495746318,0.031731469
13.138111917,104196.596697708,vr_world,57408,104196.592142458,0.004556125,1,0.325246000,-0.326766000,-0.347832000,0.036578043,-0.548066586,0.715572796,0.431556066,1,0.466917572,-0.205737349,-0.389119479,0.036578043,-0.548066586,0.715572796,0.431556066,57486,104196.592142458,0.004556125,1,0.331337000,0.008604790,-0.389401000,0.600809949,0.631641233,-0.488227807,0.041114065,1,0.463125792,-0.126411709,-0.412606361,0.600809949,0.631641233,-0.488227807,0.041114065
13.149223625,104196.607809416,vr_world,57408,104196.592142458,0.015667417,1,0.325246000,-0.326766000,-0.347832000,0.036578043,-0.548066586,0.715572796,0.431556066,1,0.466917572,-0.205737349,-0.389119479,0.036578043,-0.548066586,0.715572796,0.431556066,57486,104196.592142458,0.015667417,1,0.331337000,0.008604790,-0.389401000,0.600809949,0.631641233,-0.488227807,0.041114065,1,0.463125792,-0.126411709,-0.412606361,0.600809949,0.631641233,-0.488227807,0.041114065
13.161638125,104196.620223916,vr_world,57409,104196.610134625,0.010090375,1,0.326375000,-0.326939000,-0.348432000,0.035405249,-0.547497993,0.713750052,0.435377169,1,0.467488750,-0.205320432,-0.389896186,0.035405249,-0.547497993,0.713750052,0.435377169,57487,104196.610134625,0.010090375,1,0.331265000,0.007037900,-0.388486000,0.600453841,0.637694429,-0.480506215,0.043758159,1,0.465431623,-0.125361199,-0.413103620,0.600453841,0.637694429,-0.480506215,0.043758159
13.173813792,104196.632399583,vr_world,57410,104196.627745083,0.004668292,1,0.326447000,-0.326563000,-0.348422000,0.038311181,-0.546801199,0.715294030,0.433468745,1,0.468436263,-0.205736229,-0.389206081,0.038311181,-0.546801199,0.715294030,0.433468745,57488,104196.627745083,0.004668292,1,0.331713000,0.006689090,-0.388622000,0.587995522,0.642672342,-0.489215084,0.043613394,1,0.465701180,-0.125873520,-0.413331694,0.587995522,0.642672342,-0.489215084,0.043613394
13.185322834,104196.643908625,vr_world,57410,104196.627745083,0.016164292,1,0.326447000,-0.326563000,-0.348422000,0.038311181,-0.546801199,0.715294030,0.433468745,1,0.468436263,-0.205736229,-0.389206081,0.038311181,-0.546801199,0.715294030,0.433468745,57488,104196.627745083,0.016164292,1,0.331713000,0.006689090,-0.388622000,0.587995522,0.642672342,-0.489215084,0.043613394,1,0.465701180,-0.125873520,-0.413331694,0.587995522,0.642672342,-0.489215084,0.043613394
13.197748250,104196.656334041,vr_world,57411,104196.646104083,0.010230625,1,0.326878000,-0.326068000,-0.347807000,0.037122642,-0.547057580,0.717513479,0.429562942,1,0.469135673,-0.205793479,-0.389282910,0.037122642,-0.547057580,0.717513479,0.429562942,57489,104196.646104083,0.010230625,1,0.330812000,0.006544820,-0.389715000,0.584098982,0.644509141,-0.491447272,0.043771278,1,0.464888319,-0.125912344,-0.414511164,0.584098982,0.644509141,-0.491447272,0.043771278
13.209247792,104196.667833583,vr_world,57412,104196.665135208,0.002698792,1,0.327803000,-0.326227000,-0.347724000,0.033611478,-0.550008832,0.716124451,0.428399725,1,0.468964295,-0.204911422,-0.389907696,0.033611478,-0.550008832,0.716124451,0.428399725,57490,104196.665135208,0.002698792,1,0.328592000,0.005795960,-0.391214000,0.587757531,0.645486679,-0.485143814,0.050234563,1,0.464747664,-0.124711212,-0.414999067,0.587757531,0.645486679,-0.485143814,0.050234563
13.221648417,104196.680234208,vr_world,57412,104196.665135208,0.015099792,1,0.327803000,-0.326227000,-0.347724000,0.033611478,-0.550008832,0.716124451,0.428399725,1,0.468964295,-0.204911422,-0.389907696,0.033611478,-0.550008832,0.716124451,0.428399725,57490,104196.665135208,0.015099792,1,0.328592000,0.005795960,-0.391214000,0.587757531,0.645486679,-0.485143814,0.050234563,1,0.464747664,-0.124711212,-0.414999067,0.587757531,0.645486679,-0.485143814,0.050234563
13.234013959,104196.692599750,vr_world,57413,104196.683707541,0.008892500,1,0.327337000,-0.326061000,-0.348218000,0.035873989,-0.548471532,0.716605518,0.429381610,1,0.469089621,-0.205246353,-0.389852810,0.035873989,-0.548471532,0.716605518,0.429381610,57491,104196.683707541,0.008892500,1,0.326331000,0.004010440,-0.392078000,0.585924313,0.648830911,-0.481147539,0.064870590,1,0.466156506,-0.123121123,-0.412634868,0.585924313,0.648830911,-0.481147539,0.064870590
13.245804042,104196.704389833,vr_world,57414,104196.701897541,0.002493000,1,0.327500000,-0.325571000,-0.348343000,0.040139627,-0.549369267,0.715564863,0.429591837,1,0.469674524,-0.204692472,-0.388320343,0.040139627,-0.549369267,0.715564863,0.429591837,57492,104196.701897541,0.002493000,1,0.326041000,0.003506140,-0.391808000,0.580855262,0.651428316,-0.482981530,0.070548952,1,0.467086192,-0.122494608,-0.410946819,0.580855262,0.651428316,-0.482981530,0.070548952
13.258194042,104196.716779833,vr_world,57414,104196.701897541,0.014882709,1,0.327500000,-0.325571000,-0.348343000,0.040139627,-0.549369267,0.715564863,0.429591837,1,0.469674524,-0.204692472,-0.388320343,0.040139627,-0.549369267,0.715564863,0.429591837,57492,104196.701897541,0.014882709,1,0.326041000,0.003506140,-0.391808000,0.580855262,0.651428316,-0.482981530,0.070548952,1,0.467086192,-0.122494608,-0.410946819,0.580855262,0.651428316,-0.482981530,0.070548952
13.270612334,104196.729198125,vr_world,57415,104196.720154666,0.009043834,1,0.327811000,-0.325122000,-0.347866000,0.041520298,-0.550249416,0.715246540,0.428863652,1,0.470082641,-0.204164669,-0.387255485,0.041520298,-0.550249416,0.715246540,0.428863652,57493,104196.720154666,0.009043834,1,0.325425000,0.003655700,-0.391905000,0.574555074,0.655033878,-0.485534444,0.071227731,1,0.466882249,-0.121853206,-0.411233936,0.574555074,0.655033878,-0.485534444,0.071227731
13.283026875,104196.741612666,vr_world,57416,104196.737918791,0.003694334,1,0.328105000,-0.325138000,-0.347211000,0.038646181,-0.551862765,0.713718805,0.429603805,1,0.469450116,-0.203293499,-0.387197421,0.038646181,-0.551862765,0.713718805,0.429603805,57494,104196.737918791,0.003694334,1,0.324113000,0.002327670,-0.392765000,0.571801094,0.659745134,-0.482071905,0.073393089,1,0.467081204,-0.121349516,-0.412772204,0.571801094,0.659745134,-0.482071905,0.073393089
13.295462459,104196.754048250,vr_world,57416,104196.737918791,0.016129834,1,0.328105000,-0.325138000,-0.347211000,0.038646181,-0.551862765,0.713718805,0.429603805,1,0.469450116,-0.203293499,-0.387197421,0.038646181,-0.551862765,0.713718805,0.429603805,57494,104196.737918791,0.016129834,1,0.324113000,0.002327670,-0.392765000,0.571801094,0.659745134,-0.482071905,0.073393089,1,0.467081204,-0.121349516,-0.412772204,0.571801094,0.659745134,-0.482071905,0.073393089
13.307900792,104196.766486583,vr_world,57417,104196.755713041,0.010776875,1,0.327635000,-0.325280000,-0.347658000,0.039876199,-0.550426510,0.715345508,0.428627284,1,0.469643583,-0.204193552,-0.387596300,0.039876199,-0.550426510,0.715345508,0.428627284,57495,104196.755713041,0.010776875,1,0.324005000,0.001835060,-0.393701000,0.575447042,0.657596167,-0.479973067,0.077806417,1,0.467620450,-0.121323511,-0.412215855,0.575447042,0.657596167,-0.479973067,0.077806417
13.320321417,104196.778907208,vr_world,57418,104196.774291958,0.004617500,1,0.328299000,-0.325450000,-0.347965000,0.040529722,-0.550210785,0.715795678,0.428091089,1,0.470529907,-0.204580166,-0.387768333,0.040529722,-0.550210785,0.715795678,0.428091089,57496,104196.774291958,0.004617500,1,0.324803000,0.003020180,-0.393488000,0.577530695,0.655705750,-0.480426346,0.075490349,1,0.467672281,-0.120960896,-0.412284774,0.577530695,0.655705750,-0.480426346,0.075490349
13.332566834,104196.791152625,vr_world,57418,104196.774291958,0.016861750,1,0.328299000,-0.325450000,-0.347965000,0.040529722,-0.550210785,0.715795678,0.428091089,1,0.470529907,-0.204580166,-0.387768333,0.040529722,-0.550210785,0.715795678,0.428091089,57496,104196.774291958,0.016861750,1,0.324803000,0.003020180,-0.393488000,0.577530695,0.655705750,-0.480426346,0.075490349,1,0.467672281,-0.120960896,-0.412284774,0.577530695,0.655705750,-0.480426346,0.075490349
13.344862209,104196.803448000,vr_world,57419,104196.792598791,0.010855125,1,0.328546000,-0.326778000,-0.348391000,0.036618632,-0.552671086,0.711167668,0.432959923,1,0.468931750,-0.203904521,-0.388608397,0.036618632,-0.552671086,0.711167668,0.432959923,57497,104196.792598791,0.010855125,1,0.324921000,0.003530540,-0.393702000,0.579514357,0.654916748,-0.479285565,0.074380846,1,0.467599184,-0.120620537,-0.412824974,0.579514357,0.654916748,-0.479285565,0.074380846
13.357086167,104196.815671958,vr_world,57420,104196.811190625,0.004481833,1,0.326870000,-0.326119000,-0.349927000,0.047677215,-0.548346969,0.713962707,0.432781398,1,0.470012161,-0.205532489,-0.387245239,0.047677215,-0.548346969,0.713962707,0.432781398,57498,104196.811190625,0.004481833,1,0.324642000,0.004234630,-0.394778000,0.582546136,0.651579724,-0.479179215,0.080443414,1,0.467853032,-0.119658243,-0.411433013,0.582546136,0.651579724,-0.479179215,0.080443414
13.369468125,104196.828053916,vr_world,57420,104196.811190625,0.016864166,1,0.326870000,-0.326119000,-0.349927000,0.047677215,-0.548346969,0.713962707,0.432781398,1,0.470012161,-0.205532489,-0.387245239,0.047677215,-0.548346969,0.713962707,0.432781398,57498,104196.811190625,0.016864166,1,0.324642000,0.004234630,-0.394778000,0.582546136,0.651579724,-0.479179215,0.080443414,1,0.467853032,-0.119658243,-0.411433013,0.582546136,0.651579724,-0.479179215,0.080443414
13.381907167,104196.840492958,vr_world,57421,104196.829566666,0.010927500,1,0.328273000,-0.326423000,-0.350388000,0.047952258,-0.549195179,0.712166686,0.434630704,1,0.471010951,-0.205226786,-0.387276821,0.047952258,-0.549195179,0.712166686,0.434630704,57499,104196.829566666,0.010927500,1,0.324794000,0.005167830,-0.394103000,0.583474223,0.652745527,-0.476649828,0.079284604,1,0.468270723,-0.118292726,-0.411656597,0.583474223,0.652745527,-0.476649828,0.079284604
13.394331709,104196.852917500,vr_world,57422,104196.848012416,0.004905792,1,0.328254000,-0.327546000,-0.350574000,0.041106824,-0.548780704,0.711159584,0.437495159,1,0.469672242,-0.205487831,-0.389639429,0.041106824,-0.548780704,0.711159584,0.437495159,57500,104196.848012416,0.004905792,1,0.324512000,0.005579700,-0.394203000,0.583685881,0.654477803,-0.473444236,0.082584221,1,0.469175519,-0.116523418,-0.411509310,0.583685881,0.654477803,-0.473444236,0.082584221
13.406768292,104196.865354083,vr_world,57422,104196.848012416,0.017343625,1,0.328254000,-0.327546000,-0.350574000,0.041106824,-0.548780704,0.711159584,0.437495159,1,0.469672242,-0.205487831,-0.389639429,0.041106824,-0.548780704,0.711159584,0.437495159,57500,104196.848012416,0.017343625,1,0.324512000,0.005579700,-0.394203000,0.583685881,0.654477803,-0.473444236,0.082584221,1,0.469175519,-0.116523418,-0.411509310,0.583685881,0.654477803,-0.473444236,0.082584221
13.417846709,104196.876432500,vr_world,57423,104196.866465458,0.009967417,1,0.327631000,-0.327312000,-0.351777000,0.048170772,-0.546990704,0.713627614,0.434990086,1,0.470881906,-0.206827836,-0.389008775,0.048170772,-0.546990704,0.713627614,0.434990086,57501,104196.866465458,0.009967417,1,0.324554000,0.005506690,-0.395027000,0.582575007,0.652590861,-0.476629028,0.086926976,1,0.469306714,-0.116768565,-0.410245684,0.582575007,0.652590861,-0.476629028,0.086926976
13.428054875,104196.886640666,vr_world,57424,104196.885025833,0.001615292,1,0.328598000,-0.327637000,-0.351428000,0.044926704,-0.547626028,0.713061283,0.435466337,1,0.471146933,-0.206616765,-0.389603453,0.044926704,-0.547626028,0.713061283,0.435466337,57502,104196.885025833,0.001615292,1,0.325180000,0.005836430,-0.394375000,0.584853772,0.652236415,-0.475109695,0.082489407,1,0.469297913,-0.116995974,-0.411061638,0.584853772,0.652236415,-0.475109695,0.082489407
13.438216084,104196.896801875,vr_world,57424,104196.885025833,0.011776583,1,0.328598000,-0.327637000,-0.351428000,0.044926704,-0.547626028,0.713061283,0.435466337,1,0.471146933,-0.206616765,-0.389603453,0.044926704,-0.547626028,0.713061283,0.435466337,57502,104196.885025833,0.011776583,1,0.325180000,0.005836430,-0.394375000,0.584853772,0.652236415,-0.475109695,0.082489407,1,0.469297913,-0.116995974,-0.411061638,0.584853772,0.652236415,-0.475109695,0.082489407
13.448459209,104196.907045000,vr_world,57425,104196.903240416,0.003804959,1,0.327434000,-0.328578000,-0.352586000,0.044655170,-0.545898321,0.711967046,0.439435848,1,0.469829493,-0.207406121,-0.390852604,0.044655170,-0.545898321,0.711967046,0.439435848,57503,104196.903240416,0.003804959,1,0.324946000,0.006368850,-0.394640000,0.586400090,0.651816617,-0.473801603,0.082353345,1,0.469121560,-0.116378390,-0.411456019,0.586400090,0.651816617,-0.473801603,0.082353345
13.460894334,104196.919480125,vr_world,57425,104196.903240416,0.016241584,1,0.327434000,-0.328578000,-0.352586000,0.044655170,-0.545898321,0.711967046,0.439435848,1,0.469829493,-0.207406121,-0.390852604,0.044655170,-0.545898321,0.711967046,0.439435848,57503,104196.903240416,0.016241584,1,0.324946000,0.006368850,-0.394640000,0.586400090,0.651816617,-0.473801603,0.082353345,1,0.469121560,-0.116378390,-0.411456019,0.586400090,0.651816617,-0.473801603,0.082353345
13.473325959,104196.931911750,vr_world,57426,104196.921608000,0.010304375,1,0.327743000,-0.328070000,-0.353686000,0.051271891,-0.544821710,0.711783721,0.440345809,1,0.471271383,-0.207581909,-0.389820150,0.051271891,-0.544821710,0.711783721,0.440345809,57504,104196.921608000,0.010304375,1,0.325498000,0.005860920,-0.394516000,0.585889936,0.652562872,-0.473419574,0.082271429,1,0.469816570,-0.116687803,-0.411550765,0.585889936,0.652562872,-0.473419574,0.082271429
13.485767500,104196.944353291,vr_world,57427,104196.939791375,0.004564708,1,0.328349000,-0.328002000,-0.353653000,0.049310746,-0.544545706,0.711396290,0.441535664,1,0.471494490,-0.207247409,-0.390411177,0.049310746,-0.544545706,0.711396290,0.441535664,57505,104196.939791375,0.004564708,1,0.326387000,0.006003290,-0.394639000,0.586890396,0.651293788,-0.474222904,0.080552481,1,0.470126392,-0.117201141,-0.411840862,0.586890396,0.651293788,-0.474222904,0.080552481
13.498612084,104196.957197875,vr_world,57427,104196.939791375,0.017730458,1,0.328349000,-0.328002000,-0.353653000,0.049310746,-0.544545706,0.711396290,0.441535664,1,0.471494490,-0.207247409,-0.390411177,0.049310746,-0.544545706,0.711396290,0.441535664,57505,104196.939791375,0.017730458,1,0.326387000,0.006003290,-0.394639000,0.586890396,0.651293788,-0.474222904,0.080552481,1,0.470126392,-0.117201141,-0.411840862,0.586890396,0.651293788,-0.474222904,0.080552481
13.509829917,104196.968415708,vr_world,57428,104196.959926708,0.008490208,1,0.328514000,-0.327748000,-0.353529000,0.047914362,-0.544423599,0.712197934,0.440546548,1,0.471608063,-0.207115050,-0.390881424,0.047914362,-0.544423599,0.712197934,0.440546548,57506,104196.959926708,0.008490208,1,0.326674000,0.005886200,-0.394198000,0.585981283,0.655672089,-0.470192154,0.075095843,1,0.470581219,-0.116662783,-0.414413105,0.585981283,0.655672089,-0.470192154,0.075095843
13.520519250,104196.979105041,vr_world,57429,104196.976327291,0.002779125,1,0.328697000,-0.327690000,-0.353573000,0.046586378,-0.544246132,0.712133780,0.441011719,1,0.471570929,-0.206936186,-0.391375590,0.046586378,-0.544246132,0.712133780,0.441011719,57507,104196.976327291,0.002779125,1,0.327500000,0.005579170,-0.394431000,0.585498555,0.658128924,-0.467658023,0.073169226,1,0.471715612,-0.116369741,-0.416030035,0.585498555,0.658128924,-0.467658023,0.073169226
13.530596000,104196.989181791,vr_world,57429,104196.976327291,0.012856709,1,0.328697000,-0.327690000,-0.353573000,0.046586378,-0.544246132,0.712133780,0.441011719,1,0.471570929,-0.206936186,-0.391375590,0.046586378,-0.544246132,0.712133780,0.441011719,57507,104196.976327291,0.012856709,1,0.327500000,0.005579170,-0.394431000,0.585498555,0.658128924,-0.467658023,0.073169226,1,0.471715612,-0.116369741,-0.416030035,0.585498555,0.658128924,-0.467658023,0.073169226
13.542572792,104197.001158583,vr_world,57430,104196.994646291,0.006513375,1,0.328489000,-0.327417000,-0.353820000,0.045833019,-0.540883888,0.714113971,0.442023971,1,0.471903301,-0.207579601,-0.392482357,0.045833019,-0.540883888,0.714113971,0.442023971,57508,104196.994646291,0.006513375,1,0.328142000,0.005509270,-0.394890000,0.586115479,0.657122839,-0.468241061,0.073542697,1,0.472207481,-0.116684213,-0.416106534,0.586115479,0.657122839,-0.468241061,0.073542697
13.554927459,104197.013513250,vr_world,57431,104197.012197041,0.001316709,1,0.329050000,-0.327247000,-0.354568000,0.049279065,-0.540311742,0.713888048,0.442717347,1,0.473030400,-0.207731149,-0.392105809,0.049279065,-0.540311742,0.713888048,0.442717347,57509,104197.012197041,0.001316709,1,0.328585000,0.005133470,-0.394769000,0.588550380,0.656577750,-0.466154210,0.072210533,1,0.472551076,-0.117077231,-0.416552623,0.588550380,0.656577750,-0.466154210,0.072210533
13.567253917,104197.025839708,vr_world,57431,104197.012197041,0.013643834,1,0.329050000,-0.327247000,-0.354568000,0.049279065,-0.540311742,0.713888048,0.442717347,1,0.473030400,-0.207731149,-0.392105809,0.049279065,-0.540311742,0.713888048,0.442717347,57509,104197.012197041,0.013643834,1,0.328585000,0.005133470,-0.394769000,0.588550380,0.656577750,-0.466154210,0.072210533,1,0.472551076,-0.117077231,-0.416552623,0.588550380,0.656577750,-0.466154210,0.072210533
13.579127084,104197.037712875,vr_world,57432,104197.030254541,0.007459167,1,0.329272000,-0.327481000,-0.354240000,0.047813668,-0.541312827,0.713117014,0.442897731,1,0.472773955,-0.207478813,-0.392057137,0.047813668,-0.541312827,0.713117014,0.442897731,57510,104197.030254541,0.007459167,1,0.328571000,0.004985160,-0.394561000,0.587129338,0.658058314,-0.465453471,0.074776083,1,0.473288847,-0.116403968,-0.415952909,0.587129338,0.658058314,-0.465453471,0.074776083
13.591557709,104197.050143500,vr_world,57433,104197.048134625,0.002011875,1,0.329464000,-0.327271000,-0.354082000,0.045593217,-0.539400143,0.714262005,0.443619807,1,0.472976588,-0.207630640,-0.392988945,0.045593217,-0.539400143,0.714262005,0.443619807,57511,104197.048134625,0.002011875,1,0.329831000,0.005642650,-0.394192000,0.586718681,0.658355666,-0.466244824,0.070319062,1,0.473724733,-0.116489580,-0.416875513,0.586718681,0.658355666,-0.466244824,0.070319062
13.603967292,104197.062553083,vr_world,57433,104197.048134625,0.014419000,1,0.329464000,-0.327271000,-0.354082000,0.045593217,-0.539400143,0.714262005,0.443619807,1,0.472976588,-0.207630640,-0.392988945,0.045593217,-0.539400143,0.714262005,0.443619807,57511,104197.048134625,0.014419000,1,0.329831000,0.005642650,-0.394192000,0.586718681,0.658355666,-0.466244824,0.070319062,1,0.473724733,-0.116489580,-0.416875513,0.586718681,0.658355666,-0.466244824,0.070319062
13.614736084,104197.073321875,vr_world,57434,104197.066580958,0.006742292,1,0.329464000,-0.327418000,-0.354316000,0.046822183,-0.539689348,0.714100693,0.443399697,1,0.473126810,-0.207809147,-0.392762696,0.046822183,-0.539689348,0.714100693,0.443399697,57512,104197.066580958,0.006742292,1,0.329304000,0.005262730,-0.394630000,0.585779361,0.657715994,-0.468045626,0.072149171,1,0.473235662,-0.116989923,-0.416405548,0.585779361,0.657715994,-0.468045626,0.072149171
13.627096084,104197.085681875,vr_world,57435,104197.084901750,0.000781958,1,0.329491000,-0.327323000,-0.354315000,0.046900193,-0.538207450,0.715210114,0.443404562,1,0.473507021,-0.208229874,-0.393040515,0.046900193,-0.538207450,0.715210114,0.443404562,57513,104197.084901750,0.000781958,1,0.329253000,0.004648450,-0.394803000,0.586146546,0.657842358,-0.467040658,0.074489483,1,0.473721492,-0.117066242,-0.416030787,0.586146546,0.657842358,-0.467040658,0.074489483
13.638540959,104197.097126750,vr_world,57435,104197.084901750,0.012229958,1,0.329491000,-0.327323000,-0.354315000,0.046900193,-0.538207450,0.715210114,0.443404562,1,0.473507021,-0.208229874,-0.393040515,0.046900193,-0.538207450,0.715210114,0.443404562,57513,104197.084901750,0.012229958,1,0.329253000,0.004648450,-0.394803000,0.586146546,0.657842358,-0.467040658,0.074489483,1,0.473721492,-0.117066242,-0.416030787,0.586146546,0.657842358,-0.467040658,0.074489483
13.650897209,104197.109483000,vr_world,57436,104197.103383125,0.006103625,1,0.329561000,-0.327220000,-0.354296000,0.047157130,-0.537710605,0.715697865,0.443193047,1,0.473757628,-0.208356564,-0.393054728,0.047157130,-0.537710605,0.715697865,0.443193047,57514,104197.103383125,0.006103625,1,0.329312000,0.004625530,-0.394465000,0.586437520,0.657393068,-0.467257317,0.074806342,1,0.473744397,-0.117168454,-0.415482507,0.586437520,0.657393068,-0.467257317,0.074806342
13.661921625,104197.120507416,vr_world,57436,104197.103383125,0.017125291,1,0.329561000,-0.327220000,-0.354296000,0.047157130,-0.537710605,0.715697865,0.443193047,1,0.473757628,-0.208356564,-0.393054728,0.047157130,-0.537710605,0.715697865,0.443193047,57514,104197.103383125,0.017125291,1,0.329312000,0.004625530,-0.394465000,0.586437520,0.657393068,-0.467257317,0.074806342,1,0.473744397,-0.117168454,-0.415482507,0.586437520,0.657393068,-0.467257317,0.074806342
13.672459917,104197.131045708,vr_world,57437,104197.122282250,0.008763916,1,0.329565000,-0.327268000,-0.354267000,0.047049388,-0.537871461,0.715508766,0.443314620,1,0.473692538,-0.208318506,-0.393018685,0.047049388,-0.537871461,0.715508766,0.443314620,57515,104197.122282250,0.008763916,1,0.329311000,0.003926420,-0.394403000,0.584303695,0.658865105,-0.467491989,0.077053265,1,0.474336013,-0.117234042,-0.414996174,0.584303695,0.658865105,-0.467491989,0.077053265
13.684815459,104197.143401250,vr_world,57438,104197.139916291,0.003485500,1,0.329455000,-0.326981000,-0.353900000,0.048031174,-0.537472998,0.716258487,0.442481143,1,0.473931408,-0.208396515,-0.392471428,0.048031174,-0.537472998,0.716258487,0.442481143,57516,104197.139916291,0.003485500,1,0.329370000,0.003573670,-0.394389000,0.584171333,0.659808366,-0.466344207,0.076940589,1,0.474639859,-0.117230595,-0.415347395,0.584171333,0.659808366,-0.466344207,0.076940589
13.696457084,104197.155042875,vr_world,57438,104197.139916291,0.015127292,1,0.329455000,-0.326981000,-0.353900000,0.048031174,-0.537472998,0.716258487,0.442481143,1,0.473931408,-0.208396515,-0.392471428,0.048031174,-0.537472998,0.716258487,0.442481143,57516,104197.139916291,0.015127292,1,0.329370000,0.003573670,-0.394389000,0.584171333,0.659808366,-0.466344207,0.076940589,1,0.474639859,-0.117230595,-0.415347395,0.584171333,0.659808366,-0.466344207,0.076940589
13.707126625,104197.165712416,vr_world,57439,104197.158100458,0.007613375,1,0.329528000,-0.327407000,-0.353919000,0.046661374,-0.536543405,0.717198969,0.442232438,1,0.474039609,-0.209089327,-0.393171934,0.046661374,-0.536543405,0.717198969,0.442232438,57517,104197.158100458,0.007613375,1,0.329726000,0.003452100,-0.394293000,0.584910067,0.659413836,-0.466018700,0.076682310,1,0.474924815,-0.117429461,-0.415297026,0.584910067,0.659413836,-0.466018700,0.076682310
13.719553584,104197.178139375,vr_world,57440,104197.175923625,0.002216083,1,0.329315000,-0.327453000,-0.354211000,0.047771447,-0.534836784,0.718462546,0.442130155,1,0.474395269,-0.209826361,-0.393442900,0.047771447,-0.534836784,0.718462546,0.442130155,57518,104197.175923625,0.002216083,1,0.330077000,0.003289180,-0.394088000,0.585544239,0.658697562,-0.466285511,0.076375967,1,0.475085262,-0.117834632,-0.415011928,0.585544239,0.658697562,-0.466285511,0.076375967
13.732003125,104197.190588916,vr_world,57440,104197.175923625,0.014668125,1,0.329315000,-0.327453000,-0.354211000,0.047771447,-0.534836784,0.718462546,0.442130155,1,0.474395269,-0.209826361,-0.393442900,0.047771447,-0.534836784,0.718462546,0.442130155,57518,104197.175923625,0.014668125,1,0.330077000,0.003289180,-0.394088000,0.585544239,0.658697562,-0.466285511,0.076375967,1,0.475085262,-0.117834632,-0.415011928,0.585544239,0.658697562,-0.466285511,0.076375967
13.743033667,104197.201619458,vr_world,57441,104197.193283958,0.008335792,1,0.329499000,-0.327409000,-0.354346000,0.050201284,-0.533937688,0.719423688,0.441384110,1,0.475244380,-0.210412802,-0.392993667,0.050201284,-0.533937688,0.719423688,0.441384110,57519,104197.193283958,0.008335792,1,0.330566000,0.002967950,-0.393797000,0.585157089,0.659165809,-0.466183544,0.075924444,1,0.475577653,-0.118110492,-0.414959844,0.585157089,0.659165809,-0.466183544,0.075924444
13.754770334,104197.213356125,vr_world,57442,104197.211232541,0.002123875,1,0.329831000,-0.327684000,-0.354377000,0.047819983,-0.534182361,0.718648077,0.442614275,1,0.475003738,-0.210196793,-0.393684601,0.047819983,-0.534182361,0.718648077,0.442614275,57520,104197.211232541,0.002123875,1,0.331719000,0.002086310,-0.392797000,0.585281974,0.661564860,-0.463336056,0.071390801,1,0.476593212,-0.118752286,-0.416157524,0.585281974,0.661564860,-0.463336056,0.071390801
13.767197292,104197.225783083,vr_world,57442,104197.211232541,0.014550917,1,0.329831000,-0.327684000,-0.354377000,0.047819983,-0.534182361,0.718648077,0.442614275,1,0.475003738,-0.210196793,-0.393684601,0.047819983,-0.534182361,0.718648077,0.442614275,57520,104197.211232541,0.014550917,1,0.331719000,0.002086310,-0.392797000,0.585281974,0.661564860,-0.463336056,0.071390801,1,0.476593212,-0.118752286,-0.416157524,0.585281974,0.661564860,-0.463336056,0.071390801
13.778601709,104197.237187500,vr_world,57443,104197.229387125,0.007802666,1,0.330236000,-0.328015000,-0.355036000,0.047005468,-0.532772723,0.718373642,0.444840445,1,0.475314263,-0.210536800,-0.394717822,0.047005468,-0.532772723,0.718373642,0.444840445,57521,104197.229387125,0.007802666,1,0.332579000,0.001899540,-0.392298000,0.584790079,0.663134417,-0.462302559,0.067451115,1,0.477095802,-0.119043011,-0.417278652,0.584790079,0.663134417,-0.462302559,0.067451115
13.789792917,104197.248378708,vr_world,57444,104197.248093708,0.000285458,1,0.330630000,-0.328285000,-0.355655000,0.046589517,-0.530061137,0.719115434,0.446920127,1,0.475979684,-0.211319765,-0.395855150,0.046589517,-0.530061137,0.719115434,0.446920127,57522,104197.248093708,0.000285458,1,0.333590000,0.001651190,-0.392530000,0.583204127,0.664017183,-0.463347703,0.065291901,1,0.477750463,-0.119573742,-0.418191609,0.583204127,0.664017183,-0.463347703,0.065291901
13.802211750,104197.260797541,vr_world,57444,104197.248093708,0.012704458,1,0.330630000,-0.328285000,-0.355655000,0.046589517,-0.530061137,0.719115434,0.446920127,1,0.475979684,-0.211319765,-0.395855150,0.046589517,-0.530061137,0.719115434,0.446920127,57522,104197.248093708,0.012704458,1,0.333590000,0.001651190,-0.392530000,0.583204127,0.664017183,-0.463347703,0.065291901,1,0.477750463,-0.119573742,-0.418191609,0.583204127,0.664017183,-0.463347703,0.065291901
13.814611667,104197.273197458,vr_world,57445,104197.265845458,0.007352583,1,0.331350000,-0.328927000,-0.356696000,0.044512604,-0.526544655,0.719178070,0.451167661,1,0.476601916,-0.212208746,-0.397953636,0.044512604,-0.526544655,0.719178070,0.451167661,57523,104197.265845458,0.007352583,1,0.334594000,0.001478210,-0.392450000,0.582739719,0.665828659,-0.462040524,0.060043071,1,0.478211494,-0.119929255,-0.420206584,0.582739719,0.665828659,-0.462040524,0.060043071
13.827036500,104197.285622291,vr_world,57446,104197.284234916,0.001387792,1,0.331965000,-0.329207000,-0.358078000,0.046583835,-0.526924818,0.716938645,0.454069557,1,0.477084335,-0.211961033,-0.398292182,0.046583835,-0.526924818,0.716938645,0.454069557,57524,104197.284234916,0.001387792,1,0.334673000,0.001045530,-0.392780000,0.584043712,0.666763990,-0.458943038,0.060745464,1,0.478862925,-0.119595244,-0.420909361,0.584043712,0.666763990,-0.458943038,0.060745464
13.839070459,104197.297656250,vr_world,57446,104197.284234916,0.013422584,1,0.331965000,-0.329207000,-0.358078000,0.046583835,-0.526924818,0.716938645,0.454069557,1,0.477084335,-0.211961033,-0.398292182,0.046583835,-0.526924818,0.716938645,0.454069557,57524,104197.284234916,0.013422584,1,0.334673000,0.001045530,-0.392780000,0.584043712,0.666763990,-0.458943038,0.060745464,1,0.478862925,-0.119595244,-0.420909361,0.584043712,0.666763990,-0.458943038,0.060745464
13.851136959,104197.309722750,vr_world,57447,104197.302395916,0.007327292,1,0.332735000,-0.329193000,-0.358840000,0.048233516,-0.526877673,0.715793473,0.455755581,1,0.477904199,-0.211769081,-0.398349407,0.048233516,-0.526877673,0.715793473,0.455755581,57525,104197.302395916,0.007327292,1,0.335091000,0.000931613,-0.392796000,0.583574436,0.667939883,-0.457814085,0.060856012,1,0.479589563,-0.119259545,-0.421264968,0.583574436,0.667939883,-0.457814085,0.060856012
13.861712000,104197.320297791,vr_world,57447,104197.302395916,0.017902417,1,0.332735000,-0.329193000,-0.358840000,0.048233516,-0.526877673,0.715793473,0.455755581,1,0.477904199,-0.211769081,-0.398349407,0.048233516,-0.526877673,0.715793473,0.455755581,57525,104197.302395916,0.017902417,1,0.335091000,0.000931613,-0.392796000,0.583574436,0.667939883,-0.457814085,0.060856012,1,0.479589563,-0.119259545,-0.421264968,0.583574436,0.667939883,-0.457814085,0.060856012
13.874094792,104197.332680583,vr_world,57448,104197.320775625,0.011905500,1,0.334528000,-0.329397000,-0.360156000,0.047048669,-0.526630312,0.713362371,0.459957676,1,0.479020132,-0.211161046,-0.399725362,0.047048669,-0.526630312,0.713362371,0.459957676,57526,104197.320775625,0.011905500,1,0.335571000,0.000396520,-0.392948000,0.582415457,0.671164871,-0.454740731,0.059504781,1,0.480604735,-0.118800424,-0.422839858,0.582415457,0.671164871,-0.454740731,0.059504781
13.886504000,104197.345089791,vr_world,57449,104197.338834791,0.006255375,1,0.334863000,-0.329320000,-0.360619000,0.046980645,-0.525631348,0.712665922,0.462181554,1,0.479274468,-0.210992907,-0.400210255,0.046980645,-0.525631348,0.712665922,0.462181554,57527,104197.338834791,0.006255375,1,0.335999000,0.000153676,-0.393831000,0.579156705,0.673568211,-0.454970612,0.062330720,1,0.481892550,-0.118097400,-0.423292505,0.579156705,0.673568211,-0.454970612,0.062330720
13.898702084,104197.357287875,vr_world,57450,104197.356821083,0.000467250,1,0.335430000,-0.328709000,-0.360916000,0.049505367,-0.525580082,0.713013496,0.461439651,1,0.480345852,-0.210742871,-0.399734090,0.049505367,-0.525580082,0.713013496,0.461439651,57528,104197.356821083,0.000467250,1,0.336434000,0.000455543,-0.394203000,0.577561555,0.674461875,-0.455788647,0.061486087,1,0.482235110,-0.117831370,-0.423976208,0.577561555,0.674461875,-0.455788647,0.061486087
13.909792792,104197.368378583,vr_world,57450,104197.356821083,0.011558042,1,0.335430000,-0.328709000,-0.360916000,0.049505367,-0.525580082,0.713013496,0.461439651,1,0.480345852,-0.210742871,-0.399734090,0.049505367,-0.525580082,0.713013496,0.461439651,57528,104197.356821083,0.011558042,1,0.336434000,0.000455543,-0.394203000,0.577561555,0.674461875,-0.455788647,0.061486087,1,0.482235110,-0.117831370,-0.423976208,0.577561555,0.674461875,-0.455788647,0.061486087
13.920782167,104197.379367958,vr_world,57451,104197.374844125,0.004524208,1,0.337274000,-0.328079000,-0.360699000,0.044258948,-0.526600801,0.713290545,0.460379561,1,0.481275887,-0.209553053,-0.401177831,0.044258948,-0.526600801,0.713290545,0.460379561,57529,104197.374844125,0.004524208,1,0.336499000,0.001031320,-0.394593000,0.578902414,0.675320702,-0.452873001,0.060991719,1,0.482608375,-0.116696595,-0.425063310,0.578902414,0.675320702,-0.452873001,0.060991719
13.931493625,104197.390079416,vr_world,57451,104197.374844125,0.015235833,1,0.337274000,-0.328079000,-0.360699000,0.044258948,-0.526600801,0.713290545,0.460379561,1,0.481275887,-0.209553053,-0.401177831,0.044258948,-0.526600801,0.713290545,0.460379561,57529,104197.374844125,0.015235833,1,0.336499000,0.001031320,-0.394593000,0.578902414,0.675320702,-0.452873001,0.060991719,1,0.482608375,-0.116696595,-0.425063310,0.578902414,0.675320702,-0.452873001,0.060991719
13.943904125,104197.402489916,vr_world,57452,104197.393107166,0.009383250,1,0.337669000,-0.327740000,-0.361125000,0.044056442,-0.526873410,0.713732124,0.459401671,1,0.481706594,-0.209293345,-0.401708236,0.044056442,-0.526873410,0.713732124,0.459401671,57530,104197.393107166,0.009383250,1,0.336585000,0.000912458,-0.394948000,0.579932583,0.674187037,-0.452609109,0.065536502,1,0.483368577,-0.116364953,-0.423875424,0.579932583,0.674187037,-0.452609109,0.065536502
13.955124834,104197.413710625,vr_world,57453,104197.411872125,0.001838833,1,0.338461000,-0.327454000,-0.361626000,0.046234014,-0.526301849,0.713981989,0.459454567,1,0.482963155,-0.209362822,-0.401588628,0.046234014,-0.526301849,0.713981989,0.459454567,57531,104197.411872125,0.001838833,1,0.337384000,0.000961259,-0.394292000,0.577821376,0.675991203,-0.452592917,0.065711512,1,0.484472552,-0.115863496,-0.423500861,0.577821376,0.675991203,-0.452592917,0.065711512
13.967535000,104197.426120791,vr_world,57453,104197.411872125,0.014249041,1,0.338461000,-0.327454000,-0.361626000,0.046234014,-0.526301849,0.713981989,0.459454567,1,0.482963155,-0.209362822,-0.401588628,0.046234014,-0.526301849,0.713981989,0.459454567,57531,104197.411872125,0.014249041,1,0.337384000,0.000961259,-0.394292000,0.577821376,0.675991203,-0.452592917,0.065711512,1,0.484472552,-0.115863496,-0.423500861,0.577821376,0.675991203,-0.452592917,0.065711512
13.978715584,104197.437301375,vr_world,57454,104197.429113500,0.008188208,1,0.340178000,-0.326861000,-0.361935000,0.042570914,-0.525551132,0.712781502,0.462521627,1,0.483859142,-0.208147553,-0.402999095,0.042570914,-0.525551132,0.712781502,0.462521627,57532,104197.429113500,0.008188208,1,0.338907000,0.001799240,-0.393899000,0.577382846,0.678807379,-0.449692223,0.060220401,1,0.485689065,-0.114741462,-0.425671859,0.577382846,0.678807379,-0.449692223,0.060220401
13.990777209,104197.449363000,vr_world,57455,104197.447052000,0.002311416,1,0.340564000,-0.326292000,-0.362578000,0.044135701,-0.523590511,0.713492317,0.463501597,1,0.484798654,-0.208180381,-0.403437079,0.044135701,-0.523590511,0.713492317,0.463501597,57533,104197.447052000,0.002311416,1,0.339570000,0.002095070,-0.394492000,0.577737976,0.678994468,-0.448958011,0.060183446,1,0.486438505,-0.114297256,-0.426409449,0.577737976,0.678994468,-0.448958011,0.060183446
14.003197542,104197.461783333,vr_world,57455,104197.447052000,0.014731791,1,0.340564000,-0.326292000,-0.362578000,0.044135701,-0.523590511,0.713492317,0.463501597,1,0.484798654,-0.208180381,-0.403437079,0.044135701,-0.523590511,0.713492317,0.463501597,57533,104197.447052000,0.014731791,1,0.339570000,0.002095070,-0.394492000,0.577737976,0.678994468,-0.448958011,0.060183446,1,0.486438505,-0.114297256,-0.426409449,0.577737976,0.678994468,-0.448958011,0.060183446
14.015610334,104197.474196125,vr_world,57456,104197.464746375,0.009450166,1,0.341921000,-0.325580000,-0.363157000,0.045998188,-0.523578081,0.712565948,0.464757926,1,0.486291233,-0.207377693,-0.403268236,0.045998188,-0.523578081,0.712565948,0.464757926,57534,104197.464746375,0.009450166,1,0.340333000,0.002279910,-0.394540000,0.579260364,0.678678165,-0.447274816,0.061632924,1,0.487565734,-0.113723878,-0.426191866,0.579260364,0.678678165,-0.447274816,0.061632924
14.028025584,104197.486611375,vr_world,57457,104197.483753250,0.002858708,1,0.342965000,-0.325350000,-0.363248000,0.043796236,-0.523372515,0.712087504,0.465933994,1,0.486872661,-0.206813769,-0.404029956,0.043796236,-0.523372515,0.712087504,0.465933994,57535,104197.483753250,0.002858708,1,0.341067000,0.002490510,-0.394336000,0.578875196,0.679873547,-0.445744968,0.063141838,1,0.488886140,-0.112772630,-0.425960874,0.578875196,0.679873547,-0.445744968,0.063141838
14.040442792,104197.499028583,vr_world,57457,104197.483753250,0.015275791,1,0.342965000,-0.325350000,-0.363248000,0.043796236,-0.523372515,0.712087504,0.465933994,1,0.486872661,-0.206813769,-0.404029956,0.043796236,-0.523372515,0.712087504,0.465933994,57535,104197.483753250,0.015275791,1,0.341067000,0.002490510,-0.394336000,0.578875196,0.679873547,-0.445744968,0.063141838,1,0.488886140,-0.112772630,-0.425960874,0.578875196,0.679873547,-0.445744968,0.063141838
14.052872959,104197.511458750,vr_world,57458,104197.502080250,0.009378750,1,0.344037000,-0.324265000,-0.364087000,0.044829235,-0.521619315,0.712196692,0.467631801,1,0.488270990,-0.206077661,-0.404729543,0.044829235,-0.521619315,0.712196692,0.467631801,57536,104197.502080250,0.009378750,1,0.342458000,0.003270400,-0.394295000,0.579656677,0.679743339,-0.445033707,0.062386931,1,0.490182736,-0.112030630,-0.426220990,0.579656677,0.679743339,-0.445033707,0.062386931
14.065286792,104197.523872583,vr_world,57459,104197.520645416,0.003227542,1,0.345400000,-0.323442000,-0.364486000,0.046022318,-0.520977447,0.712023999,0.468493620,1,0.489851886,-0.205401663,-0.404779525,0.046022318,-0.520977447,0.712023999,0.468493620,57537,104197.520645416,0.003227542,1,0.342821000,0.003369360,-0.394084000,0.578542893,0.681965280,-0.443118736,0.062106877,1,0.490989838,-0.111149102,-0.426760341,0.578542893,0.681965280,-0.443118736,0.062106877
14.077699750,104197.536285541,vr_world,57459,104197.520645416,0.015640542,1,0.345400000,-0.323442000,-0.364486000,0.046022318,-0.520977447,0.712023999,0.468493620,1,0.489851886,-0.205401663,-0.404779525,0.046022318,-0.520977447,0.712023999,0.468493620,57537,104197.520645416,0.015640542,1,0.342821000,0.003369360,-0.394084000,0.578542893,0.681965280,-0.443118736,0.062106877,1,0.490989838,-0.111149102,-0.426760341,0.578542893,0.681965280,-0.443118736,0.062106877
14.090113125,104197.548698916,vr_world,57460,104197.538846958,0.009852333,1,0.346276000,-0.322978000,-0.364190000,0.042043688,-0.520708072,0.711188996,0.470431338,1,0.489886590,-0.204328654,-0.405684137,0.042043688,-0.520708072,0.711188996,0.470431338,57538,104197.538846958,0.009852333,1,0.343503000,0.003456630,-0.394342000,0.577696040,0.683325464,-0.442025025,0.062828915,1,0.492097263,-0.110457916,-0.427196853,0.577696040,0.683325464,-0.442025025,0.062828915
14.102471292,104197.561057083,vr_world,57461,104197.556459416,0.004598084,1,0.347731000,-0.321639000,-0.364531000,0.043104006,-0.519102090,0.713315590,0.468887975,1,0.492065755,-0.203922599,-0.406169325,0.043104006,-0.519102090,0.713315590,0.468887975,57539,104197.556459416,0.004598084,1,0.343888000,0.004095960,-0.394036000,0.578990876,0.684250364,-0.439009318,0.061982444,1,0.492717498,-0.109264778,-0.427730711,0.578990876,0.684250364,-0.439009318,0.061982444
14.114890292,104197.573476083,vr_world,57461,104197.556459416,0.017017042,1,0.347731000,-0.321639000,-0.364531000,0.043104006,-0.519102090,0.713315590,0.468887975,1,0.492065755,-0.203922599,-0.406169325,0.043104006,-0.519102090,0.713315590,0.468887975,57539,104197.556459416,0.017017042,1,0.343888000,0.004095960,-0.394036000,0.578990876,0.684250364,-0.439009318,0.061982444,1,0.492717498,-0.109264778,-0.427730711,0.578990876,0.684250364,-0.439009318,0.061982444
14.127284875,104197.585870666,vr_world,57462,104197.574897500,0.010973666,1,0.349343000,-0.321576000,-0.364764000,0.039631309,-0.520369120,0.712258844,0.469396077,1,0.492768051,-0.203050912,-0.407243146,0.039631309,-0.520369120,0.712258844,0.469396077,57540,104197.574897500,0.010973666,1,0.344493000,0.004705620,-0.394026000,0.577663089,0.685484605,-0.438640955,0.063327122,1,0.493778269,-0.108093801,-0.427587588,0.577663089,0.685484605,-0.438640955,0.063327122
14.139694209,104197.598280000,vr_world,57463,104197.592937791,0.005342750,1,0.350162000,-0.321120000,-0.365617000,0.040543191,-0.522021573,0.710032645,0.470853874,1,0.493183353,-0.201822160,-0.407287132,0.040543191,-0.522021573,0.710032645,0.470853874,57541,104197.592937791,0.005342750,1,0.345008000,0.005642940,-0.394324000,0.576801235,0.686589739,-0.438425081,0.060649113,1,0.493986738,-0.107250054,-0.428917836,0.576801235,0.686589739,-0.438425081,0.060649113
14.152087667,104197.610673458,vr_world,57463,104197.592937791,0.017736084,1,0.350162000,-0.321120000,-0.365617000,0.040543191,-0.522021573,0.710032645,0.470853874,1,0.493183353,-0.201822160,-0.407287132,0.040543191,-0.522021573,0.710032645,0.470853874,57541,104197.592937791,0.017736084,1,0.345008000,0.005642940,-0.394324000,0.576801235,0.686589739,-0.438425081,0.060649113,1,0.493986738,-0.107250054,-0.428917836,0.576801235,0.686589739,-0.438425081,0.060649113
14.163126125,104197.621711916,vr_world,57464,104197.611556583,0.010155958,1,0.352241000,-0.319377000,-0.366529000,0.040046073,-0.521836834,0.708065862,0.474052071,1,0.494792006,-0.199474482,-0.408074439,0.040046073,-0.521836834,0.708065862,0.474052071,57542,104197.611556583,0.010155958,1,0.345128000,0.006789330,-0.395343000,0.575019957,0.689547321,-0.436000488,0.061482644,1,0.494888159,-0.104874432,-0.430546637,0.575019957,0.689547321,-0.436000488,0.061482644
14.175542584,104197.634128375,vr_world,57465,104197.629782458,0.004346417,1,0.353842000,-0.318587000,-0.366784000,0.034725786,-0.520463520,0.707002902,0.477554960,1,0.495327469,-0.198024721,-0.410028408,0.034725786,-0.520463520,0.707002902,0.477554960,57543,104197.629782458,0.004346417,1,0.345461000,0.007651550,-0.395329000,0.574316225,0.692297891,-0.432835055,0.059483767,1,0.495507334,-0.103132617,-0.432060706,0.574316225,0.692297891,-0.432835055,0.059483767
14.187512375,104197.646098166,vr_world,57465,104197.629782458,0.016316208,1,0.353842000,-0.318587000,-0.366784000,0.034725786,-0.520463520,0.707002902,0.477554960,1,0.495327469,-0.198024721,-0.410028408,0.034725786,-0.520463520,0.707002902,0.477554960,57543,104197.629782458,0.016316208,1,0.345461000,0.007651550,-0.395329000,0.574316225,0.692297891,-0.432835055,0.059483767,1,0.495507334,-0.103132617,-0.432060706,0.574316225,0.692297891,-0.432835055,0.059483767
14.198602625,104197.657188416,vr_world,57466,104197.647967333,0.009221500,1,0.354706000,-0.317882000,-0.367417000,0.033096364,-0.520986801,0.705024402,0.480018725,1,0.495460548,-0.196523170,-0.410817990,0.033096364,-0.520986801,0.705024402,0.480018725,57544,104197.647967333,0.009221500,1,0.345257000,0.008736830,-0.395697000,0.571863955,0.694108127,-0.433249809,0.058992603,1,0.495445911,-0.101719448,-0.432831011,0.571863955,0.694108127,-0.433249809,0.058992603
14.211023834,104197.669609625,vr_world,57467,104197.665780541,0.003829625,1,0.356452000,-0.315753000,-0.368530000,0.036483412,-0.522785249,0.702497245,0.481520680,1,0.497178222,-0.193771649,-0.410244758,0.036483412,-0.522785249,0.702497245,0.481520680,57545,104197.665780541,0.003829625,1,0.344991000,0.010678600,-0.396712000,0.569368178,0.697642699,-0.430615806,0.060700664,1,0.496204726,-0.098212544,-0.434306353,0.569368178,0.697642699,-0.430615806,0.060700664
14.223427250,104197.682013041,vr_world,57467,104197.665780541,0.016233000,1,0.356452000,-0.315753000,-0.368530000,0.036483412,-0.522785249,0.702497245,0.481520680,1,0.497178222,-0.193771649,-0.410244758,0.036483412,-0.522785249,0.702497245,0.481520680,57545,104197.665780541,0.016233000,1,0.344991000,0.010678600,-0.396712000,0.569368178,0.697642699,-0.430615806,0.060700664,1,0.496204726,-0.098212544,-0.434306353,0.569368178,0.697642699,-0.430615806,0.060700664
14.235844250,104197.694430041,vr_world,57468,104197.684084000,0.010346583,1,0.358058000,-0.314478000,-0.368539000,0.035050498,-0.526379523,0.700496602,0.480625188,1,0.497853154,-0.191355994,-0.410032669,0.035050498,-0.526379523,0.700496602,0.480625188,57546,104197.684084000,0.010346583,1,0.344248000,0.011801700,-0.397293000,0.569110204,0.698072508,-0.429583251,0.065319061,1,0.496432735,-0.096132709,-0.433709904,0.569110204,0.698072508,-0.429583251,0.065319061
14.248245292,104197.706831083,vr_world,57469,104197.702004416,0.004826917,1,0.358720000,-0.313711000,-0.368576000,0.032231772,-0.527968383,0.698774880,0.481585056,1,0.497534719,-0.189642939,-0.410540668,0.032231772,-0.527968383,0.698774880,0.481585056,57547,104197.702004416,0.004826917,1,0.343922000,0.013273600,-0.397232000,0.569444595,0.698341750,-0.428502987,0.066609630,1,0.496456803,-0.094229786,-0.433458808,0.569444595,0.698341750,-0.428502987,0.066609630
14.259128417,104197.717714208,vr_world,57469,104197.702004416,0.015710292,1,0.358720000,-0.313711000,-0.368576000,0.032231772,-0.527968383,0.698774880,0.481585056,1,0.497534719,-0.189642939,-0.410540668,0.032231772,-0.527968383,0.698774880,0.481585056,57547,104197.702004416,0.015710292,1,0.343922000,0.013273600,-0.397232000,0.569444595,0.698341750,-0.428502987,0.066609630,1,0.496456803,-0.094229786,-0.433458808,0.569444595,0.698341750,-0.428502987,0.066609630
14.271540459,104197.730126250,vr_world,57470,104197.721997041,0.008129709,1,0.358816000,-0.312094000,-0.369027000,0.032665201,-0.527006025,0.698404080,0.483145294,1,0.497706669,-0.188074212,-0.410882538,0.032665201,-0.527006025,0.698404080,0.483145294,57548,104197.721997041,0.008129709,1,0.344353000,0.014546100,-0.397256000,0.568578998,0.698793572,-0.428664545,0.068206855,1,0.497224253,-0.092623713,-0.433050254,0.568578998,0.698793572,-0.428664545,0.068206855
14.281950084,104197.740535875,vr_world,57471,104197.739329375,0.001206875,1,0.359689000,-0.309322000,-0.369691000,0.035061637,-0.527265092,0.698227631,0.482949666,1,0.498958503,-0.185450103,-0.410717643,0.035061637,-0.527265092,0.698227631,0.482949666,57549,104197.739329375,0.001206875,1,0.344869000,0.017665200,-0.397164000,0.568723567,0.698490043,-0.429274185,0.066248312,1,0.497302810,-0.089973561,-0.433413618,0.568723567,0.698490043,-0.429274185,0.066248312
14.294359000,104197.752944791,vr_world,57471,104197.739329375,0.013615833,1,0.359689000,-0.309322000,-0.369691000,0.035061637,-0.527265092,0.698227631,0.482949666,1,0.498958503,-0.185450103,-0.410717643,0.035061637,-0.527265092,0.698227631,0.482949666,57549,104197.739329375,0.013615833,1,0.344869000,0.017665200,-0.397164000,0.568723567,0.698490043,-0.429274185,0.066248312,1,0.497302810,-0.089973561,-0.433413618,0.568723567,0.698490043,-0.429274185,0.066248312
14.306768000,104197.765353791,vr_world,57472,104197.757158291,0.008195959,1,0.360251000,-0.308125000,-0.369925000,0.032649204,-0.528885326,0.696900428,0.483264042,1,0.498688977,-0.183456547,-0.411351697,0.032649204,-0.528885326,0.696900428,0.483264042,57550,104197.757158291,0.008195959,1,0.345021000,0.019359100,-0.397413000,0.568018398,0.699303548,-0.428952249,0.065799810,1,0.497515559,-0.088086136,-0.433980374,0.568018398,0.699303548,-0.428952249,0.065799810
14.317159292,104197.775745083,vr_world,57473,104197.775539333,0.000206292,1,0.360340000,-0.306599000,-0.370588000,0.033454100,-0.528372852,0.697036749,0.483572872,1,0.498991418,-0.182105578,-0.411826942,0.033454100,-0.528372852,0.697036749,0.483572872,57551,104197.775539333,0.000206292,1,0.345293000,0.020829200,-0.397515000,0.566897039,0.699090074,-0.430530933,0.067408683,1,0.497925068,-0.086673987,-0.433330608,0.566897039,0.699090074,-0.430530933,0.067408683
14.328462459,104197.787048250,vr_world,57473,104197.775539333,0.011509625,1,0.360340000,-0.306599000,-0.370588000,0.033454100,-0.528372852,0.697036749,0.483572872,1,0.498991418,-0.182105578,-0.411826942,0.033454100,-0.528372852,0.697036749,0.483572872,57551,104197.775539333,0.011509625,1,0.345293000,0.020829200,-0.397515000,0.566897039,0.699090074,-0.430530933,0.067408683,1,0.497925068,-0.086673987,-0.433330608,0.566897039,0.699090074,-0.430530933,0.067408683
14.339127500,104197.797713291,vr_world,57474,104197.793766500,0.003947083,1,0.361270000,-0.304672000,-0.372079000,0.033082946,-0.528842163,0.694882216,0.486179176,1,0.499379027,-0.179481686,-0.413026905,0.033082946,-0.528842163,0.694882216,0.486179176,57552,104197.793766500,0.003947083,1,0.345811000,0.024656300,-0.397471000,0.568455133,0.696437910,-0.432735950,0.067620984,1,0.497930837,-0.083839413,-0.432462735,0.568455133,0.696437910,-0.432735950,0.067620984
14.351504542,104197.810090333,vr_world,57474,104197.793766500,0.016324958,1,0.361270000,-0.304672000,-0.372079000,0.033082946,-0.528842163,0.694882216,0.486179176,1,0.499379027,-0.179481686,-0.413026905,0.033082946,-0.528842163,0.694882216,0.486179176,57552,104197.793766500,0.016324958,1,0.345811000,0.024656300,-0.397471000,0.568455133,0.696437910,-0.432735950,0.067620984,1,0.497930837,-0.083839413,-0.432462735,0.568455133,0.696437910,-0.432735950,0.067620984
14.363877292,104197.822463083,vr_world,57475,104197.811725750,0.010738458,1,0.361583000,-0.303827000,-0.373210000,0.035168714,-0.530389157,0.691544962,0.489097198,1,0.499270834,-0.177728025,-0.412764357,0.035168714,-0.530389157,0.691544962,0.489097198,57553,104197.811725750,0.010738458,1,0.346210000,0.027393700,-0.397212000,0.568495322,0.695587037,-0.434373821,0.065506692,1,0.497703635,-0.081889906,-0.432467991,0.568495322,0.695587037,-0.434373821,0.065506692
14.376313959,104197.834899750,vr_world,57476,104197.829191833,0.005708917,1,0.362188000,-0.302303000,-0.373696000,0.036377387,-0.532701375,0.689054332,0.490010264,1,0.499400987,-0.175366877,-0.412209150,0.036377387,-0.532701375,0.689054332,0.490010264,57554,104197.829191833,0.005708917,1,0.346435000,0.031346800,-0.396090000,0.569108210,0.694909262,-0.435490628,0.059706581,1,0.496699082,-0.079138906,-0.432830077,0.569108210,0.694909262,-0.435490628,0.059706581
14.388733542,104197.847319333,vr_world,57477,104197.847098291,0.000221500,1,0.362567000,-0.300529000,-0.373824000,0.033644628,-0.535252182,0.688141004,0.488707582,1,0.498886712,-0.172780647,-0.412820447,0.033644628,-0.535252182,0.688141004,0.488707582,57555,104197.847098291,0.000221500,1,0.345112000,0.038537500,-0.394628000,0.569629678,0.694530871,-0.436098401,0.054470936,1,0.494315635,-0.072895369,-0.432801173,0.569629678,0.694530871,-0.436098401,0.054470936
14.401169167,104197.859754958,vr_world,57477,104197.847098291,0.012657542,1,0.362567000,-0.300529000,-0.373824000,0.033644628,-0.535252182,0.688141004,0.488707582,1,0.498886712,-0.172780647,-0.412820447,0.033644628,-0.535252182,0.688141004,0.488707582,57555,104197.847098291,0.012657542,1,0.345112000,0.038537500,-0.394628000,0.569629678,0.694530871,-0.436098401,0.054470936,1,0.494315635,-0.072895369,-0.432801173,0.569629678,0.694530871,-0.436098401,0.054470936
14.413574125,104197.872159916,vr_world,57478,104197.864696375,0.007464000,1,0.361843000,-0.300419000,-0.373647000,0.033318647,-0.531186807,0.691849599,0.487928864,1,0.499192009,-0.174131738,-0.413774720,0.033318647,-0.531186807,0.691849599,0.487928864,57556,104197.864696375,0.007464000,1,0.344095000,0.042769700,-0.393998000,0.567680834,0.695386749,-0.436224134,0.062323710,1,0.494845327,-0.067320780,-0.429923670,0.567680834,0.695386749,-0.436224134,0.062323710
14.424496375,104197.883082166,vr_world,57478,104197.864696375,0.018386458,1,0.361843000,-0.300419000,-0.373647000,0.033318647,-0.531186807,0.691849599,0.487928864,1,0.499192009,-0.174131738,-0.413774720,0.033318647,-0.531186807,0.691849599,0.487928864,57556,104197.864696375,0.018386458,1,0.344095000,0.042769700,-0.393998000,0.567680834,0.695386749,-0.436224134,0.062323710,1,0.494845327,-0.067320780,-0.429923670,0.567680834,0.695386749,-0.436224134,0.062323710
14.436913917,104197.895499708,vr_world,57479,104197.883473916,0.012026250,1,0.361812000,-0.300635000,-0.374788000,0.037254568,-0.532796557,0.690378392,0.487972952,1,0.499444770,-0.174135470,-0.413239823,0.037254568,-0.532796557,0.690378392,0.487972952,57557,104197.883473916,0.012026250,1,0.344334000,0.048772600,-0.394883000,0.568846811,0.687135265,-0.446841097,0.067760370,1,0.493967169,-0.064196538,-0.426253231,0.568846811,0.687135265,-0.446841097,0.067760370
14.449340500,104197.907926291,vr_world,57480,104197.900092875,0.007834166,1,0.361023000,-0.300829000,-0.374839000,0.040770716,-0.532599179,0.689471743,0.489187673,1,0.499120362,-0.174455301,-0.412017481,0.040770716,-0.532599179,0.689471743,0.489187673,57558,104197.900092875,0.007834166,1,0.344683000,0.053994000,-0.393578000,0.574821768,0.678982743,-0.451568449,0.068178491,1,0.492754882,-0.061597575,-0.422724509,0.574821768,0.678982743,-0.451568449,0.068178491
14.461768334,104197.920354125,vr_world,57481,104197.917874708,0.002479875,1,0.359015000,-0.301736000,-0.375377000,0.051312579,-0.535008830,0.687073259,0.488940597,1,0.498285232,-0.175522096,-0.408502135,0.051312579,-0.535008830,0.687073259,0.488940597,57559,104197.917874708,0.002479875,1,0.343352000,0.063495300,-0.391312000,0.581548240,0.670080411,-0.456999726,0.062810326,1,0.488610759,-0.055793634,-0.419706434,0.581548240,0.670080411,-0.456999726,0.062810326
14.474155834,104197.932741625,vr_world,57481,104197.917874708,0.014867292,1,0.359015000,-0.301736000,-0.375377000,0.051312579,-0.535008830,0.687073259,0.488940597,1,0.498285232,-0.175522096,-0.408502135,0.051312579,-0.535008830,0.687073259,0.488940597,57559,104197.917874708,0.014867292,1,0.343352000,0.063495300,-0.391312000,0.581548240,0.670080411,-0.456999726,0.062810326,1,0.488610759,-0.055793634,-0.419706434,0.581548240,0.670080411,-0.456999726,0.062810326
14.486525917,104197.945111708,vr_world,57482,104197.936242000,0.008870125,1,0.358910000,-0.301560000,-0.374635000,0.058193462,-0.534311642,0.690034784,0.484743835,1,0.500014147,-0.176967961,-0.406097164,0.058193462,-0.534311642,0.690034784,0.484743835,57560,104197.936242000,0.008870125,1,0.340374000,0.066646000,-0.388853000,0.581019236,0.676695479,-0.447901367,0.062323682,1,0.487380036,-0.049821698,-0.419848240,0.581019236,0.676695479,-0.447901367,0.062323682
14.498942875,104197.957528666,vr_world,57483,104197.954034041,0.003495000,1,0.360340000,-0.301672000,-0.373646000,0.052195042,-0.540138703,0.687819090,0.482110733,1,0.499459422,-0.175123602,-0.406122923,0.052195042,-0.540138703,0.687819090,0.482110733,57561,104197.954034041,0.003495000,1,0.337358000,0.070463900,-0.386551000,0.575929981,0.686684588,-0.439704917,0.058553558,1,0.485863149,-0.042907181,-0.421614523,0.575929981,0.686684588,-0.439704917,0.058553558
14.510512625,104197.969098416,vr_world,57483,104197.954034041,0.015064917,1,0.360340000,-0.301672000,-0.373646000,0.052195042,-0.540138703,0.687819090,0.482110733,1,0.499459422,-0.175123602,-0.406122923,0.052195042,-0.540138703,0.687819090,0.482110733,57561,104197.954034041,0.015064917,1,0.337358000,0.070463900,-0.386551000,0.575929981,0.686684588,-0.439704917,0.058553558,1,0.485863149,-0.042907181,-0.421614523,0.575929981,0.686684588,-0.439704917,0.058553558
14.522909125,104197.981494916,vr_world,57484,104197.972333375,0.009161833,1,0.361402000,-0.300408000,-0.370978000,0.037937464,-0.543718046,0.691822751,0.473616634,1,0.498553758,-0.173095823,-0.408453985,0.037937464,-0.543718046,0.691822751,0.473616634,57562,104197.972333375,0.009161833,1,0.332504000,0.078099600,-0.383973000,0.570687399,0.699413629,-0.426498158,0.056884002,1,0.483578987,-0.030259462,-0.423607312,0.570687399,0.699413629,-0.426498158,0.056884002
14.535324959,104197.993910750,vr_world,57485,104197.990353375,0.003557708,1,0.361690000,-0.300774000,-0.370184000,0.024703514,-0.544945548,0.693514820,0.470596728,1,0.496731663,-0.172611039,-0.412153366,0.024703514,-0.544945548,0.693514820,0.470596728,57563,104197.990353375,0.003557708,1,0.330110000,0.082231200,-0.384644000,0.567331472,0.701887626,-0.426202274,0.061970817,1,0.482488586,-0.024683017,-0.423196768,0.567331472,0.701887626,-0.426202274,0.061970817
14.546454542,104198.005040333,vr_world,57485,104197.990353375,0.014687541,1,0.361690000,-0.300774000,-0.370184000,0.024703514,-0.544945548,0.693514820,0.470596728,1,0.496731663,-0.172611039,-0.412153366,0.024703514,-0.544945548,0.693514820,0.470596728,57563,104197.990353375,0.014687541,1,0.330110000,0.082231200,-0.384644000,0.567331472,0.701887626,-0.426202274,0.061970817,1,0.482488586,-0.024683017,-0.423196768,0.567331472,0.701887626,-0.426202274,0.061970817
14.558253750,104198.016839541,vr_world,57486,104198.008336291,0.008503625,1,0.359650000,-0.301233000,-0.371318000,0.026906332,-0.545334742,0.692346465,0.471744042,1,0.494810309,-0.172887116,-0.412335613,0.026906332,-0.545334742,0.692346465,0.471744042,57564,104198.008336291,0.008503625,1,0.327643000,0.086519700,-0.385712000,0.570548685,0.697156977,-0.428103960,0.071925984,1,0.480980624,-0.020415386,-0.420189101,0.570548685,0.697156977,-0.428103960,0.071925984
14.568465834,104198.027051625,vr_world,57487,104198.025895041,0.001157209,1,0.357288000,-0.300977000,-0.372606000,0.037595436,-0.542590813,0.694106462,0.471590937,1,0.494949881,-0.174395349,-0.410681726,0.037595436,-0.542590813,0.694106462,0.471590937,57565,104198.025895041,0.001157209,1,0.323583000,0.093908100,-0.385923000,0.573290684,0.691902279,-0.430964759,0.082936139,1,0.477861956,-0.013066493,-0.415766789,0.573290684,0.691902279,-0.430964759,0.082936139
14.578587709,104198.037173500,vr_world,57487,104198.025895041,0.011279042,1,0.357288000,-0.300977000,-0.372606000,0.037595436,-0.542590813,0.694106462,0.471590937,1,0.494949881,-0.174395349,-0.410681726,0.037595436,-0.542590813,0.694106462,0.471590937,57565,104198.025895041,0.011279042,1,0.323583000,0.093908100,-0.385923000,0.573290684,0.691902279,-0.430964759,0.082936139,1,0.477861956,-0.013066493,-0.415766789,0.573290684,0.691902279,-0.430964759,0.082936139
14.590981084,104198.049566875,vr_world,57488,104198.043678083,0.005889167,1,0.356974000,-0.301728000,-0.373105000,0.039865399,-0.541978791,0.690579880,0.477251684,1,0.494352014,-0.174460161,-0.409896962,0.039865399,-0.541978791,0.690579880,0.477251684,57566,104198.043678083,0.005889167,1,0.321557000,0.098089900,-0.384841000,0.571177268,0.690631099,-0.435707753,0.083330477,1,0.475334142,-0.009884620,-0.413655765,0.571177268,0.690631099,-0.435707753,0.083330477
14.603126625,104198.061712416,vr_world,57488,104198.043678083,0.018034917,1,0.356974000,-0.301728000,-0.373105000,0.039865399,-0.541978791,0.690579880,0.477251684,1,0.494352014,-0.174460161,-0.409896962,0.039865399,-0.541978791,0.690579880,0.477251684,57566,104198.043678083,0.018034917,1,0.321557000,0.098089900,-0.384841000,0.571177268,0.690631099,-0.435707753,0.083330477,1,0.475334142,-0.009884620,-0.413655765,0.571177268,0.690631099,-0.435707753,0.083330477
14.615527584,104198.074113375,vr_world,57489,104198.062209583,0.011904250,1,0.356078000,-0.302095000,-0.373365000,0.042335625,-0.543055767,0.687423413,0.480361510,1,0.493146230,-0.174085976,-0.408712049,0.042335625,-0.543055767,0.687423413,0.480361510,57567,104198.062209583,0.011904250,1,0.318349000,0.101038000,-0.384137000,0.566308943,0.696004420,-0.433575815,0.082970124,1,0.472998628,-0.005320924,-0.414261983,0.566308943,0.696004420,-0.433575815,0.082970124
14.627580834,104198.086166625,vr_world,57490,104198.079934333,0.006232667,1,0.355294000,-0.302611000,-0.373417000,0.043390186,-0.547259649,0.683587571,0.480970063,1,0.491384448,-0.173190847,-0.407376735,0.043390186,-0.547259649,0.683587571,0.480970063,57568,104198.079934333,0.006232667,1,0.315716000,0.104176000,-0.384058000,0.563524004,0.699666866,-0.431115870,0.083940930,1,0.471238977,-0.000710718,-0.414840750,0.563524004,0.699666866,-0.431115870,0.083940930
14.639992417,104198.098578208,vr_world,57491,104198.097785333,0.000793208,1,0.353046000,-0.303197000,-0.372833000,0.043331496,-0.551849239,0.681750035,0.478332194,1,0.488330185,-0.172753248,-0.406090161,0.043331496,-0.551849239,0.681750035,0.478332194,57569,104198.097785333,0.000793208,1,0.310692000,0.109636000,-0.383605000,0.559151391,0.705705796,-0.425643538,0.090314064,1,0.468528030,0.008205289,-0.414196599,0.559151391,0.705705796,-0.425643538,0.090314064
14.652404209,104198.110990000,vr_world,57491,104198.097785333,0.013205167,1,0.353046000,-0.303197000,-0.372833000,0.043331496,-0.551849239,0.681750035,0.478332194,1,0.488330185,-0.172753248,-0.406090161,0.043331496,-0.551849239,0.681750035,0.478332194,57569,104198.097785333,0.013205167,1,0.310692000,0.109636000,-0.383605000,0.559151391,0.705705796,-0.425643538,0.090314064,1,0.468528030,0.008205289,-0.414196599,0.559151391,0.705705796,-0.425643538,0.090314064
14.662454250,104198.121040041,vr_world,57492,104198.115746833,0.005293750,1,0.350444000,-0.302866000,-0.372077000,0.043209974,-0.550137962,0.687561045,0.471954373,1,0.487078500,-0.174153099,-0.406536075,0.043209974,-0.550137962,0.687561045,0.471954373,57570,104198.115746833,0.005293750,1,0.308950000,0.112393000,-0.384121000,0.551530833,0.707136825,-0.431534364,0.097720741,1,0.467722748,0.011575275,-0.411748075,0.551530833,0.707136825,-0.431534364,0.097720741
14.672524042,104198.131109833,vr_world,57492,104198.115746833,0.015383250,1,0.350444000,-0.302866000,-0.372077000,0.043209974,-0.550137962,0.687561045,0.471954373,1,0.487078500,-0.174153099,-0.406536075,0.043209974,-0.550137962,0.687561045,0.471954373,57570,104198.115746833,0.015383250,1,0.308950000,0.112393000,-0.384121000,0.551530833,0.707136825,-0.431534364,0.097720741,1,0.467722748,0.011575275,-0.411748075,0.551530833,0.707136825,-0.431534364,0.097720741
14.684121209,104198.142707000,vr_world,57493,104198.134190083,0.008517583,1,0.348240000,-0.302278000,-0.371723000,0.044505474,-0.546050199,0.694229213,0.466791434,1,0.486845502,-0.175984515,-0.407246458,0.044505474,-0.546050199,0.694229213,0.466791434,57571,104198.134190083,0.008517583,1,0.308084000,0.115596000,-0.385410000,0.543478873,0.706764969,-0.441227453,0.102138766,1,0.466715947,0.013811987,-0.410151716,0.543478873,0.706764969,-0.441227453,0.102138766
14.696547792,104198.155133583,vr_world,57494,104198.152062541,0.003071625,1,0.345526000,-0.301950000,-0.371180000,0.046151839,-0.546684536,0.697404422,0.461121565,1,0.485025771,-0.176622984,-0.406625738,0.046151839,-0.546684536,0.697404422,0.461121565,57572,104198.152062541,0.003071625,1,0.305503000,0.122561000,-0.385701000,0.544056961,0.704884880,-0.444842867,0.096198511,1,0.462647034,0.018748789,-0.411488445,0.544056961,0.704884880,-0.444842867,0.096198511
14.707129959,104198.165715750,vr_world,57494,104198.152062541,0.013653584,1,0.345526000,-0.301950000,-0.371180000,0.046151839,-0.546684536,0.697404422,0.461121565,1,0.485025771,-0.176622984,-0.406625738,0.046151839,-0.546684536,0.697404422,0.461121565,57572,104198.152062541,0.013653584,1,0.305503000,0.122561000,-0.385701000,0.544056961,0.704884880,-0.444842867,0.096198511,1,0.462647034,0.018748789,-0.411488445,0.544056961,0.704884880,-0.444842867,0.096198511
14.719552709,104198.178138500,vr_world,57495,104198.170275333,0.007863833,1,0.344395000,-0.301922000,-0.370392000,0.043523668,-0.551086210,0.695684832,0.458728999,1,0.482719784,-0.175353773,-0.406031333,0.043523668,-0.551086210,0.695684832,0.458728999,57573,104198.170275333,0.007863833,1,0.303349000,0.125124000,-0.385174000,0.553943214,0.703923076,-0.435418909,0.089719522,1,0.460086094,0.021555177,-0.414211955,0.553943214,0.703923076,-0.435418909,0.089719522
14.731946625,104198.190532416,vr_world,57496,104198.188949625,0.001583291,1,0.342745000,-0.301942000,-0.369771000,0.041160538,-0.556882638,0.693613491,0.455069074,1,0.479739383,-0.173918926,-0.405352895,0.041160538,-0.556882638,0.693613491,0.455069074,57574,104198.188949625,0.001583291,1,0.302005000,0.128678000,-0.386257000,0.556038247,0.699837428,-0.438685062,0.092760226,1,0.458395257,0.024033654,-0.413236248,0.556038247,0.699837428,-0.438685062,0.092760226
14.744371667,104198.202957458,vr_world,57496,104198.188949625,0.014008250,1,0.342745000,-0.301942000,-0.369771000,0.041160538,-0.556882638,0.693613491,0.455069074,1,0.479739383,-0.173918926,-0.405352895,0.041160538,-0.556882638,0.693613491,0.455069074,57574,104198.188949625,0.014008250,1,0.302005000,0.128678000,-0.386257000,0.556038247,0.699837428,-0.438685062,0.092760226,1,0.458395257,0.024033654,-0.413236248,0.556038247,0.699837428,-0.438685062,0.092760226
14.755522875,104198.214108666,vr_world,57497,104198.206924708,0.007184667,1,0.339023000,-0.302144000,-0.369163000,0.039566347,-0.562643393,0.692836310,0.449271370,1,0.475093433,-0.173119428,-0.404672566,0.039566347,-0.562643393,0.692836310,0.449271370,57575,104198.206924708,0.007184667,1,0.299220000,0.134974000,-0.387386000,0.555421147,0.693652920,-0.447392941,0.100958075,1,0.455288047,0.028734772,-0.409573145,0.555421147,0.693652920,-0.447392941,0.100958075
14.767945292,104198.226531083,vr_world,57498,104198.224927750,0.001603791,1,0.336392000,-0.302030000,-0.369075000,0.040820027,-0.560625431,0.694683526,0.448829199,1,0.473248604,-0.173854122,-0.404637227,0.040820027,-0.560625431,0.694683526,0.448829199,57576,104198.224927750,0.001603791,1,0.297467000,0.138871000,-0.386916000,0.551701665,0.692096375,-0.454396211,0.100756960,1,0.452643299,0.031093697,-0.407906796,0.551701665,0.692096375,-0.454396211,0.100756960
14.778580167,104198.237165958,vr_world,57498,104198.224927750,0.012238625,1,0.336392000,-0.302030000,-0.369075000,0.040820027,-0.560625431,0.694683526,0.448829199,1,0.473248604,-0.173854122,-0.404637227,0.040820027,-0.560625431,0.694683526,0.448829199,57576,104198.224927750,0.012238625,1,0.297467000,0.138871000,-0.386916000,0.551701665,0.692096375,-0.454396211,0.100756960,1,0.452643299,0.031093697,-0.407906796,0.551701665,0.692096375,-0.454396211,0.100756960
14.790981500,104198.249567291,vr_world,57499,104198.243319833,0.006247917,1,0.334098000,-0.302087000,-0.368817000,0.043217016,-0.558874097,0.694662801,0.450816621,1,0.471501049,-0.174316782,-0.403725409,0.043217016,-0.558874097,0.694662801,0.450816621,57577,104198.243319833,0.006247917,1,0.294946000,0.142255000,-0.385818000,0.546980925,0.696100783,-0.454602511,0.097939391,1,0.450246758,0.034958080,-0.408295757,0.546980925,0.696100783,-0.454602511,0.097939391
14.803394792,104198.261980583,vr_world,57500,104198.261226291,0.000754667,1,0.332202000,-0.302346000,-0.368475000,0.046335985,-0.562505256,0.691595126,0.450707217,1,0.469151941,-0.173603731,-0.401544704,0.046335985,-0.562505256,0.691595126,0.450707217,57578,104198.261226291,0.000754667,1,0.292352000,0.145532000,-0.384807000,0.545319360,0.699846083,-0.451410850,0.095239175,1,0.448058759,0.039239836,-0.409171533,0.545319360,0.699846083,-0.451410850,0.095239175
14.813799334,104198.272385125,vr_world,57500,104198.261226291,0.011159375,1,0.332202000,-0.302346000,-0.368475000,0.046335985,-0.562505256,0.691595126,0.450707217,1,0.469151941,-0.173603731,-0.401544704,0.046335985,-0.562505256,0.691595126,0.450707217,57578,104198.261226291,0.011159375,1,0.292352000,0.145532000,-0.384807000,0.545319360,0.699846083,-0.451410850,0.095239175,1,0.448058759,0.039239836,-0.409171533,0.545319360,0.699846083,-0.451410850,0.095239175
14.826207917,104198.284793708,vr_world,57501,104198.278845041,0.005949042,1,0.328406000,-0.302370000,-0.366860000,0.046632260,-0.569299238,0.688161150,0.447390256,1,0.464055498,-0.171956647,-0.398718704,0.046632260,-0.569299238,0.688161150,0.447390256,57579,104198.278845041,0.005949042,1,0.287745000,0.151609000,-0.383982000,0.540526674,0.703893594,-0.450092512,0.098901228,1,0.444723709,0.047126912,-0.408011316,0.540526674,0.703893594,-0.450092512,0.098901228
14.838629584,104198.297215375,vr_world,57502,104198.296629416,0.000586250,1,0.325888000,-0.302383000,-0.365454000,0.044110569,-0.574328731,0.688015398,0.441401834,1,0.460640351,-0.171149003,-0.397748006,0.044110569,-0.574328731,0.688015398,0.441401834,57580,104198.296629416,0.000586250,1,0.285502000,0.155261000,-0.383578000,0.538728167,0.703315208,-0.451936434,0.104274354,1,0.443058224,0.051199074,-0.405564059,0.538728167,0.703315208,-0.451936434,0.104274354
14.851031959,104198.309617750,vr_world,57502,104198.296629416,0.012988792,1,0.325888000,-0.302383000,-0.365454000,0.044110569,-0.574328731,0.688015398,0.441401834,1,0.460640351,-0.171149003,-0.397748006,0.044110569,-0.574328731,0.688015398,0.441401834,57580,104198.296629416,0.012988792,1,0.285502000,0.155261000,-0.383578000,0.538728167,0.703315208,-0.451936434,0.104274354,1,0.443058224,0.051199074,-0.405564059,0.538728167,0.703315208,-0.451936434,0.104274354
14.863433125,104198.322018916,vr_world,57503,104198.314598583,0.007420750,1,0.323601000,-0.302323000,-0.364405000,0.042797837,-0.577807775,0.689649396,0.434384887,1,0.458199003,-0.171044399,-0.397157594,0.042797837,-0.577807775,0.689649396,0.434384887,57581,104198.314598583,0.007420750,1,0.283176000,0.158611000,-0.382687000,0.536596616,0.703444462,-0.453331890,0.108259676,1,0.441224163,0.055001974,-0.403233317,0.536596616,0.703444462,-0.453331890,0.108259676
14.875847584,104198.334433375,vr_world,57504,104198.333481791,0.000952000,1,0.318795000,-0.302788000,-0.362456000,0.038404739,-0.580683266,0.692134523,0.426944753,1,0.452993955,-0.171530935,-0.396889614,0.038404739,-0.580683266,0.692134523,0.426944753,57582,104198.333481791,0.000952000,1,0.278836000,0.166042000,-0.380003000,0.531901545,0.705075014,-0.456585121,0.107144754,1,0.436663972,0.062122671,-0.400674138,0.531901545,0.705075014,-0.456585121,0.107144754
14.888274375,104198.346860166,vr_world,57504,104198.333481791,0.013380875,1,0.318795000,-0.302788000,-0.362456000,0.038404739,-0.580683266,0.692134523,0.426944753,1,0.452993955,-0.171530935,-0.396889614,0.038404739,-0.580683266,0.692134523,0.426944753,57582,104198.333481791,0.013380875,1,0.278836000,0.166042000,-0.380003000,0.531901545,0.705075014,-0.456585121,0.107144754,1,0.436663972,0.062122671,-0.400674138,0.531901545,0.705075014,-0.456585121,0.107144754
14.900702042,104198.359287833,vr_world,57505,104198.352128125,0.007161958,1,0.315183000,-0.303324000,-0.361783000,0.041328407,-0.579161310,0.693294294,0.426857309,1,0.450255915,-0.172787148,-0.395530639,0.041328407,-0.579161310,0.693294294,0.426857309,57583,104198.352128125,0.007161958,1,0.276259000,0.170190000,-0.378347000,0.526900552,0.707241316,-0.459226713,0.106284314,1,0.434040182,0.066242200,-0.399231911,0.526900552,0.707241316,-0.459226713,0.106284314
14.911945209,104198.370531000,vr_world,57505,104198.352128125,0.018462750,1,0.315183000,-0.303324000,-0.361783000,0.041328407,-0.579161310,0.693294294,0.426857309,1,0.450255915,-0.172787148,-0.395530639,0.041328407,-0.579161310,0.693294294,0.426857309,57583,104198.352128125,0.018462750,1,0.276259000,0.170190000,-0.378347000,0.526900552,0.707241316,-0.459226713,0.106284314,1,0.434040182,0.066242200,-0.399231911,0.526900552,0.707241316,-0.459226713,0.106284314
14.924335375,104198.382921166,vr_world,57506,104198.371017708,0.011903833,1,0.311442000,-0.304176000,-0.361345000,0.050824910,-0.581668534,0.690443698,0.427043375,1,0.447174423,-0.173387809,-0.391255016,0.050824910,-0.581668534,0.690443698,0.427043375,57584,104198.371017708,0.011903833,1,0.272975000,0.174140000,-0.376541000,0.521625888,0.709977748,-0.460644344,0.107911158,1,0.431269578,0.070910293,-0.397100116,0.521625888,0.709977748,-0.460644344,0.107911158
14.936355334,104198.394941125,vr_world,57507,104198.388054375,0.006887041,1,0.305488000,-0.305261000,-0.359910000,0.065336644,-0.592376729,0.683873547,0.420877542,1,0.440965205,-0.172854351,-0.383101424,0.065336644,-0.592376729,0.683873547,0.420877542,57585,104198.388054375,0.006887041,1,0.266449000,0.180760000,-0.373245000,0.514441461,0.715373822,-0.459327714,0.112286814,1,0.426275429,0.079825277,-0.393342349,0.514441461,0.715373822,-0.459327714,0.112286814
14.948769292,104198.407355083,vr_world,57508,104198.406393375,0.000961958,1,0.302758000,-0.305724000,-0.358365000,0.069239895,-0.601147870,0.680449202,0.413298874,1,0.437153271,-0.171815936,-0.379100981,0.069239895,-0.601147870,0.680449202,0.413298874,57586,104198.406393375,0.000961958,1,0.261893000,0.183156000,-0.371324000,0.508127684,0.718697785,-0.459197071,0.120074147,1,0.423291344,0.084357026,-0.389367962,0.508127684,0.718697785,-0.459197071,0.120074147
14.961181834,104198.419767625,vr_world,57508,104198.406393375,0.013374750,1,0.302758000,-0.305724000,-0.358365000,0.069239895,-0.601147870,0.680449202,0.413298874,1,0.437153271,-0.171815936,-0.379100981,0.069239895,-0.601147870,0.680449202,0.413298874,57586,104198.406393375,0.013374750,1,0.261893000,0.183156000,-0.371324000,0.508127684,0.718697785,-0.459197071,0.120074147,1,0.423291344,0.084357026,-0.389367962,0.508127684,0.718697785,-0.459197071,0.120074147
14.973589125,104198.432174916,vr_world,57509,104198.424179666,0.007995709,1,0.299932000,-0.306375000,-0.356135000,0.065056098,-0.606469841,0.679705583,0.407384777,1,0.433003641,-0.171305980,-0.377854829,0.065056098,-0.606469841,0.679705583,0.407384777,57587,104198.424179666,0.007995709,1,0.257718000,0.185879000,-0.368313000,0.499644946,0.720554643,-0.464422799,0.124367992,1,0.419496743,0.087370721,-0.384438551,0.499644946,0.720554643,-0.464422799,0.124367992
14.985988709,104198.444574500,vr_world,57510,104198.442879458,0.001695417,1,0.292794000,-0.307221000,-0.353012000,0.065842129,-0.611534385,0.681171229,0.397109892,1,0.425819289,-0.172056100,-0.374416693,0.065842129,-0.611534385,0.681171229,0.397109892,57588,104198.442879458,0.001695417,1,0.250299000,0.191847000,-0.362078000,0.480654104,0.725239372,-0.477488253,0.122492671,1,0.411348280,0.092046709,-0.377545715,0.480654104,0.725239372,-0.477488253,0.122492671
14.998269375,104198.456855166,vr_world,57510,104198.442879458,0.013976250,1,0.292794000,-0.307221000,-0.353012000,0.065842129,-0.611534385,0.681171229,0.397109892,1,0.425819289,-0.172056100,-0.374416693,0.065842129,-0.611534385,0.681171229,0.397109892,57588,104198.442879458,0.013976250,1,0.250299000,0.191847000,-0.362078000,0.480654104,0.725239372,-0.477488253,0.122492671,1,0.411348280,0.092046709,-0.377545715,0.480654104,0.725239372,-0.477488253,0.122492671
15.008467167,104198.467052958,vr_world,57511,104198.461231583,0.005821875,1,0.288414000,-0.307887000,-0.352239000,0.076290529,-0.615116851,0.680316926,0.391126443,1,0.422342637,-0.173050014,-0.369719297,0.076290529,-0.615116851,0.680316926,0.391126443,57589,104198.461231583,0.005821875,1,0.245343000,0.194618000,-0.358746000,0.464366668,0.731301926,-0.485195957,0.118936849,1,0.406170138,0.094594083,-0.375057800,0.464366668,0.731301926,-0.485195957,0.118936849
15.020861667,104198.479447458,vr_world,57511,104198.461231583,0.018216208,1,0.288414000,-0.307887000,-0.352239000,0.076290529,-0.615116851,0.680316926,0.391126443,1,0.422342637,-0.173050014,-0.369719297,0.076290529,-0.615116851,0.680316926,0.391126443,57589,104198.461231583,0.018216208,1,0.245343000,0.194618000,-0.358746000,0.464366668,0.731301926,-0.485195957,0.118936849,1,0.406170138,0.094594083,-0.375057800,0.464366668,0.731301926,-0.485195957,0.118936849
15.033270417,104198.491856208,vr_world,57512,104198.480935958,0.010920500,1,0.284282000,-0.308916000,-0.351141000,0.087600457,-0.622356613,0.674939000,0.386595077,1,0.417682049,-0.172991150,-0.363482966,0.087600457,-0.622356613,0.674939000,0.386595077,57590,104198.480935958,0.010920500,1,0.239544000,0.197092000,-0.355960000,0.452411678,0.737153003,-0.488253274,0.116352329,1,0.400691952,0.097774892,-0.373386734,0.452411678,0.737153003,-0.488253274,0.116352329
15.045682334,104198.504268125,vr_world,57513,104198.499930458,0.004338167,1,0.277052000,-0.310531000,-0.348385000,0.102703156,-0.638949528,0.664259007,0.374106313,1,0.407882133,-0.171659475,-0.353032967,0.102703156,-0.638949528,0.664259007,0.374106313,57591,104198.499930458,0.004338167,1,0.228841000,0.200193000,-0.351168000,0.432361604,0.748428957,-0.487930329,0.121825837,1,0.392466038,0.104891180,-0.367920092,0.432361604,0.748428957,-0.487930329,0.121825837
15.058082500,104198.516668291,vr_world,57513,104198.499930458,0.016738083,1,0.277052000,-0.310531000,-0.348385000,0.102703156,-0.638949528,0.664259007,0.374106313,1,0.407882133,-0.171659475,-0.353032967,0.102703156,-0.638949528,0.664259007,0.374106313,57591,104198.499930458,0.016738083,1,0.228841000,0.200193000,-0.351168000,0.432361604,0.748428957,-0.487930329,0.121825837,1,0.392466038,0.104891180,-0.367920092,0.432361604,0.748428957,-0.487930329,0.121825837
15.070493584,104198.529079375,vr_world,57514,104198.520927458,0.008152625,1,0.272950000,-0.310966000,-0.346361000,0.111670141,-0.653512659,0.656265357,0.360231544,1,0.401068339,-0.169512568,-0.346104595,0.111670141,-0.653512659,0.656265357,0.360231544,57592,104198.520927458,0.008152625,1,0.222754000,0.200785000,-0.348649000,0.423235751,0.750863237,-0.490424067,0.128686184,1,0.387344334,0.106749097,-0.362914005,0.423235751,0.750863237,-0.490424067,0.128686184
15.082909000,104198.541494791,vr_world,57515,104198.540003916,0.001491334,1,0.265795000,-0.311290000,-0.341459000,0.113320697,-0.668911212,0.652559194,0.337465123,1,0.391188972,-0.167426327,-0.339709347,0.113320697,-0.668911212,0.652559194,0.337465123,57593,104198.540003916,0.001491334,1,0.212231000,0.203531000,-0.343751000,0.402701348,0.751816479,-0.503941816,0.136551281,1,0.376638205,0.108602869,-0.353505983,0.402701348,0.751816479,-0.503941816,0.136551281
15.095325709,104198.553911500,vr_world,57515,104198.540003916,0.013908042,1,0.265795000,-0.311290000,-0.341459000,0.113320697,-0.668911212,0.652559194,0.337465123,1,0.391188972,-0.167426327,-0.339709347,0.113320697,-0.668911212,0.652559194,0.337465123,57593,104198.540003916,0.013908042,1,0.212231000,0.203531000,-0.343751000,0.402701348,0.751816479,-0.503941816,0.136551281,1,0.376638205,0.108602869,-0.353505983,0.402701348,0.751816479,-0.503941816,0.136551281
15.107750167,104198.566335958,vr_world,57516,104198.558277791,0.008058750,1,0.260665000,-0.310216000,-0.337354000,0.101501960,-0.663959573,0.665204041,0.326126694,1,0.388615139,-0.168681620,-0.341850101,0.101501960,-0.663959573,0.665204041,0.326126694,57594,104198.558277791,0.008058750,1,0.207095000,0.204615000,-0.340658000,0.383340834,0.752945282,-0.517225693,0.136384708,1,0.370455085,0.107746503,-0.348795736,0.383340834,0.752945282,-0.517225693,0.136384708
15.120017542,104198.578603333,vr_world,57516,104198.558277791,0.020325834,1,0.260665000,-0.310216000,-0.337354000,0.101501960,-0.663959573,0.665204041,0.326126694,1,0.388615139,-0.168681620,-0.341850101,0.101501960,-0.663959573,0.665204041,0.326126694,57594,104198.558277791,0.020325834,1,0.207095000,0.204615000,-0.340658000,0.383340834,0.752945282,-0.517225693,0.136384708,1,0.370455085,0.107746503,-0.348795736,0.383340834,0.752945282,-0.517225693,0.136384708
15.132433000,104198.591018791,vr_world,57517,104198.579954791,0.011064792,1,0.255667000,-0.309846000,-0.335089000,0.098810273,-0.664381602,0.671145008,0.313684548,1,0.384823763,-0.169483401,-0.341436552,0.098810273,-0.664381602,0.671145008,0.313684548,57595,104198.579954791,0.011064792,1,0.201542000,0.205111000,-0.336472000,0.364168893,0.760004375,-0.523868933,0.123837424,1,0.364254348,0.107586115,-0.348711698,0.364168893,0.760004375,-0.523868933,0.123837424
15.144830500,104198.603416291,vr_world,57518,104198.599168000,0.004249000,1,0.247238000,-0.309733000,-0.331207000,0.103896368,-0.677285648,0.667905593,0.290502691,1,0.374676145,-0.167720143,-0.335117218,0.103896368,-0.677285648,0.667905593,0.290502691,57596,104198.599168000,0.004249000,1,0.189723000,0.205864000,-0.330336000,0.333862551,0.773313552,-0.527639981,0.110081775,1,0.353138754,0.110324629,-0.347764297,0.333862551,0.773313552,-0.527639981,0.110081775
15.157245667,104198.615831458,vr_world,57518,104198.599168000,0.016663916,1,0.247238000,-0.309733000,-0.331207000,0.103896368,-0.677285648,0.667905593,0.290502691,1,0.374676145,-0.167720143,-0.335117218,0.103896368,-0.677285648,0.667905593,0.290502691,57596,104198.599168000,0.016663916,1,0.189723000,0.205864000,-0.330336000,0.333862551,0.773313552,-0.527639981,0.110081775,1,0.353138754,0.110324629,-0.347764297,0.333862551,0.773313552,-0.527639981,0.110081775
15.168465167,104198.627050958,vr_world,57519,104198.617488500,0.009562875,1,0.242692000,-0.309509000,-0.329483000,0.109338587,-0.686678816,0.662507621,0.278569433,1,0.368174275,-0.165716494,-0.330652542,0.109338587,-0.686678816,0.662507621,0.278569433,57597,104198.617488500,0.009562875,1,0.182399000,0.205330000,-0.329543000,0.317884364,0.779641317,-0.527173903,0.114876560,1,0.347521420,0.112507037,-0.345502175,0.317884364,0.779641317,-0.527173903,0.114876560
15.178593459,104198.637179250,vr_world,57520,104198.635191583,0.001988208,1,0.238065000,-0.308806000,-0.327051000,0.109134759,-0.690579948,0.662458647,0.268956280,1,0.363098045,-0.164623616,-0.328320484,0.109134759,-0.690579948,0.662458647,0.268956280,57598,104198.635191583,0.001988208,1,0.175704000,0.205922000,-0.329578000,0.303127436,0.778763338,-0.534725428,0.125340086,1,0.341078075,0.112837715,-0.340665025,0.303127436,0.778763338,-0.534725428,0.125340086
15.190804334,104198.649390125,vr_world,57520,104198.635191583,0.014199167,1,0.238065000,-0.308806000,-0.327051000,0.109134759,-0.690579948,0.662458647,0.268956280,1,0.363098045,-0.164623616,-0.328320484,0.109134759,-0.690579948,0.662458647,0.268956280,57598,104198.635191583,0.014199167,1,0.175704000,0.205922000,-0.329578000,0.303127436,0.778763338,-0.534725428,0.125340086,1,0.341078075,0.112837715,-0.340665025,0.303127436,0.778763338,-0.534725428,0.125340086
15.203204167,104198.661789958,vr_world,57521,104198.652628833,0.009161792,1,0.229148000,-0.307439000,-0.322191000,0.104989957,-0.693709291,0.667272025,0.249985148,1,0.354866982,-0.163891487,-0.325695238,0.104989957,-0.693709291,0.667272025,0.249985148,57599,104198.652628833,0.009161792,1,0.164015000,0.206754000,-0.328093000,0.270450743,0.777930881,-0.549835441,0.139143553,1,0.329145933,0.112664571,-0.331987551,0.270450743,0.777930881,-0.549835441,0.139143553
15.215245750,104198.673831541,vr_world,57522,104198.670640375,0.003191750,1,0.223886000,-0.306398000,-0.319666000,0.101250110,-0.695162109,0.670294999,0.239170799,1,0.350030322,-0.163279397,-0.324970644,0.101250110,-0.695162109,0.670294999,0.239170799,57600,104198.670640375,0.003191750,1,0.157799000,0.206082000,-0.325960000,0.254935985,0.779776354,-0.555440818,0.135801250,1,0.322594696,0.111428331,-0.330348805,0.254935985,0.779776354,-0.555440818,0.135801250
15.227626000,104198.686211791,vr_world,57522,104198.670640375,0.015571791,1,0.223886000,-0.306398000,-0.319666000,0.101250110,-0.695162109,0.670294999,0.239170799,1,0.350030322,-0.163279397,-0.324970644,0.101250110,-0.695162109,0.670294999,0.239170799,57600,104198.670640375,0.015571791,1,0.157799000,0.206082000,-0.325960000,0.254935985,0.779776354,-0.555440818,0.135801250,1,0.322594696,0.111428331,-0.330348805,0.254935985,0.779776354,-0.555440818,0.135801250
15.240036959,104198.698622750,vr_world,57523,104198.689622875,0.009000291,1,0.218649000,-0.305569000,-0.317779000,0.100799490,-0.699896782,0.670141206,0.225598586,1,0.344327430,-0.162050086,-0.323319018,0.100799490,-0.699896782,0.670141206,0.225598586,57601,104198.689622875,0.009000291,1,0.151564000,0.204756000,-0.323655000,0.236186586,0.786271161,-0.557183587,0.124659569,1,0.316744358,0.111034216,-0.331896074,0.236186586,0.786271161,-0.557183587,0.124659569
15.251135834,104198.709721625,vr_world,57524,104198.707151875,0.002570208,1,0.209022000,-0.304444000,-0.314967000,0.103629523,-0.707011375,0.669992769,0.201259849,1,0.334399238,-0.160631783,-0.319661101,0.103629523,-0.707011375,0.669992769,0.201259849,57602,104198.707151875,0.002570208,1,0.140020000,0.203400000,-0.321500000,0.198063811,0.795461871,-0.561256802,0.114026052,1,0.306218624,0.111807626,-0.332685175,0.198063811,0.795461871,-0.561256802,0.114026052
15.263542459,104198.722128250,vr_world,57524,104198.707151875,0.014976958,1,0.209022000,-0.304444000,-0.314967000,0.103629523,-0.707011375,0.669992769,0.201259849,1,0.334399238,-0.160631783,-0.319661101,0.103629523,-0.707011375,0.669992769,0.201259849,57602,104198.707151875,0.014976958,1,0.140020000,0.203400000,-0.321500000,0.198063811,0.795461871,-0.561256802,0.114026052,1,0.306218624,0.111807626,-0.332685175,0.198063811,0.795461871,-0.561256802,0.114026052
15.275957459,104198.734543250,vr_world,57525,104198.724810791,0.009732875,1,0.203640000,-0.303639000,-0.314182000,0.107928252,-0.708243478,0.670690441,0.192137972,1,0.329517509,-0.160224773,-0.317447196,0.107928252,-0.708243478,0.670690441,0.192137972,57603,104198.724810791,0.009732875,1,0.133878000,0.202129000,-0.321113000,0.182691806,0.800603894,-0.560546632,0.106979354,1,0.300824499,0.112228608,-0.334641009,0.182691806,0.800603894,-0.560546632,0.106979354
15.288358709,104198.746944500,vr_world,57526,104198.742409750,0.004535166,1,0.198704000,-0.302554000,-0.313202000,0.111398850,-0.708440794,0.671949500,0.184894043,1,0.325253591,-0.159711608,-0.315371761,0.111398850,-0.708440794,0.671949500,0.184894043,57604,104198.742409750,0.004535166,1,0.127844000,0.201440000,-0.321936000,0.169142684,0.801058774,-0.563952922,0.107947651,1,0.294871025,0.111536768,-0.334410234,0.169142684,0.801058774,-0.563952922,0.107947651
15.300759834,104198.759345625,vr_world,57526,104198.742409750,0.016936416,1,0.198704000,-0.302554000,-0.313202000,0.111398850,-0.708440794,0.671949500,0.184894043,1,0.325253591,-0.159711608,-0.315371761,0.111398850,-0.708440794,0.671949500,0.184894043,57604,104198.742409750,0.016936416,1,0.127844000,0.201440000,-0.321936000,0.169142684,0.801058774,-0.563952922,0.107947651,1,0.294871025,0.111536768,-0.334410234,0.169142684,0.801058774,-0.563952922,0.107947651
15.312469834,104198.771055625,vr_world,57527,104198.760261833,0.010795333,1,0.194109000,-0.301300000,-0.311793000,0.112250218,-0.708725566,0.673112652,0.178961780,1,0.321092208,-0.158840767,-0.313807277,0.112250218,-0.708725566,0.673112652,0.178961780,57605,104198.760261833,0.010795333,1,0.122093000,0.200722000,-0.322464000,0.155981971,0.798621166,-0.570988200,0.108840867,1,0.288360140,0.109251361,-0.333625268,0.155981971,0.798621166,-0.570988200,0.108840867
15.324875459,104198.783461250,vr_world,57528,104198.777893583,0.005567958,1,0.185508000,-0.299160000,-0.308987000,0.110162448,-0.711514099,0.674031000,0.165209361,1,0.312518957,-0.156742616,-0.311976861,0.110162448,-0.711514099,0.674031000,0.165209361,57606,104198.777893583,0.005567958,1,0.111496000,0.198658000,-0.322852000,0.125524525,0.798790693,-0.578572866,0.106913334,1,0.277588523,0.106772640,-0.333175363,0.125524525,0.798790693,-0.578572866,0.106913334
15.337268959,104198.795854750,vr_world,57529,104198.795410791,0.000444459,1,0.181189000,-0.297683000,-0.307881000,0.106693845,-0.716095198,0.671754739,0.156747125,1,0.306990428,-0.154225622,-0.312057788,0.106693845,-0.716095198,0.671754739,0.156747125,57607,104198.795410791,0.000444459,1,0.105724000,0.196369000,-0.322419000,0.113263050,0.803348435,-0.576352613,0.098083834,1,0.272638576,0.106380524,-0.335755430,0.113263050,0.803348435,-0.576352613,0.098083834
15.348324667,104198.806910458,vr_world,57529,104198.795410791,0.011500250,1,0.181189000,-0.297683000,-0.307881000,0.106693845,-0.716095198,0.671754739,0.156747125,1,0.306990428,-0.154225622,-0.312057788,0.106693845,-0.716095198,0.671754739,0.156747125,57607,104198.795410791,0.011500250,1,0.105724000,0.196369000,-0.322419000,0.113263050,0.803348435,-0.576352613,0.098083834,1,0.272638576,0.106380524,-0.335755430,0.113263050,0.803348435,-0.576352613,0.098083834
15.360724584,104198.819310375,vr_world,57530,104198.814044791,0.005266209,1,0.176530000,-0.296333000,-0.307122000,0.103494109,-0.718993730,0.671206620,0.147711403,1,0.301838589,-0.152486887,-0.312551470,0.103494109,-0.718993730,0.671206620,0.147711403,57608,104198.814044791,0.005266209,1,0.100206000,0.194284000,-0.323202000,0.097215802,0.807567868,-0.574646937,0.090355545,1,0.267992198,0.106314283,-0.338866464,0.097215802,0.807567868,-0.574646937,0.090355545
15.373100667,104198.831686458,vr_world,57531,104198.831322833,0.000364292,1,0.167229000,-0.293534000,-0.306062000,0.101627299,-0.719840949,0.674165397,0.130391403,1,0.293551337,-0.150623168,-0.312588011,0.101627299,-0.719840949,0.674165397,0.130391403,57609,104198.831322833,0.000364292,1,0.090502400,0.191372000,-0.324072000,0.066883569,0.812676148,-0.573450248,0.078986572,1,0.259509410,0.106342728,-0.342589532,0.066883569,0.812676148,-0.573450248,0.078986572
15.385501750,104198.844087541,vr_world,57531,104198.831322833,0.012765333,1,0.167229000,-0.293534000,-0.306062000,0.101627299,-0.719840949,0.674165397,0.130391403,1,0.293551337,-0.150623168,-0.312588011,0.101627299,-0.719840949,0.674165397,0.130391403,57609,104198.831322833,0.012765333,1,0.090502400,0.191372000,-0.324072000,0.066883569,0.812676148,-0.573450248,0.078986572,1,0.259509410,0.106342728,-0.342589532,0.066883569,0.812676148,-0.573450248,0.078986572
15.397804750,104198.856390541,vr_world,57532,104198.848997166,0.007393875,1,0.161834000,-0.291772000,-0.306484000,0.104106077,-0.717747800,0.677472834,0.122599267,1,0.289635382,-0.150153896,-0.312363722,0.104106077,-0.717747800,0.677472834,0.122599267,57610,104198.848997166,0.007393875,1,0.085445100,0.189836000,-0.324979000,0.057478369,0.814910859,-0.572207334,0.072078401,1,0.254867327,0.106133907,-0.345626001,0.057478369,0.814910859,-0.572207334,0.072078401
15.410202709,104198.868788500,vr_world,57533,104198.866764541,0.002024292,1,0.156983000,-0.289962000,-0.307534000,0.109576653,-0.717694747,0.678040189,0.114754992,1,0.285420995,-0.148852771,-0.311448525,0.109576653,-0.717694747,0.678040189,0.114754992,57611,104198.866764541,0.002024292,1,0.080791300,0.189080000,-0.327128000,0.048644847,0.812558606,-0.576266205,0.072797336,1,0.249788089,0.104313098,-0.346899708,0.048644847,0.812558606,-0.576266205,0.072797336
15.421798625,104198.880384416,vr_world,57533,104198.866764541,0.013620209,1,0.156983000,-0.289962000,-0.307534000,0.109576653,-0.717694747,0.678040189,0.114754992,1,0.285420995,-0.148852771,-0.311448525,0.109576653,-0.717694747,0.678040189,0.114754992,57611,104198.866764541,0.013620209,1,0.080791300,0.189080000,-0.327128000,0.048644847,0.812558606,-0.576266205,0.072797336,1,0.249788089,0.104313098,-0.346899708,0.048644847,0.812558606,-0.576266205,0.072797336
15.434180084,104198.892765875,vr_world,57534,104198.885129708,0.007636458,1,0.152871000,-0.288526000,-0.308182000,0.111812702,-0.720887276,0.675561061,0.106942545,1,0.280561594,-0.146717572,-0.311171790,0.111812702,-0.720887276,0.675561061,0.106942545,57612,104198.885129708,0.007636458,1,0.076391700,0.188325000,-0.329375000,0.041644578,0.808670638,-0.582103755,0.073978011,1,0.244502329,0.101597115,-0.348171434,0.041644578,0.808670638,-0.582103755,0.073978011
15.445259750,104198.903845541,vr_world,57535,104198.902963583,0.000889208,1,0.144794000,-0.285745000,-0.309032000,0.114277693,-0.724932924,0.673068375,0.091606910,1,0.271827046,-0.143330774,-0.311092697,0.114277693,-0.724932924,0.673068375,0.091606910,57613,104198.902963583,0.000889208,1,0.068077200,0.185372000,-0.332331000,0.027813424,0.807445490,-0.585139782,0.069782726,1,0.235971789,0.098393944,-0.351886535,0.027813424,0.807445490,-0.585139782,0.069782726
15.457648084,104198.916233875,vr_world,57535,104198.902963583,0.013271250,1,0.144794000,-0.285745000,-0.309032000,0.114277693,-0.724932924,0.673068375,0.091606910,1,0.271827046,-0.143330774,-0.311092697,0.114277693,-0.724932924,0.673068375,0.091606910,57613,104198.902963583,0.013271250,1,0.068077200,0.185372000,-0.332331000,0.027813424,0.807445490,-0.585139782,0.069782726,1,0.235971789,0.098393944,-0.351886535,0.027813424,0.807445490,-0.585139782,0.069782726
15.470042584,104198.928628375,vr_world,57536,104198.921093541,0.007535334,1,0.140291000,-0.283904000,-0.309580000,0.112181763,-0.725445407,0.673713985,0.085168533,1,0.267529975,-0.141689186,-0.312518801,0.112181763,-0.725445407,0.673713985,0.085168533,57614,104198.921093541,0.007535334,1,0.063801900,0.182746000,-0.333716000,0.022316397,0.810478131,-0.582055849,0.061952941,1,0.232316708,0.097629880,-0.355946250,0.022316397,0.810478131,-0.582055849,0.061952941
15.482451917,104198.941037708,vr_world,57537,104198.939386583,0.001651375,1,0.136054000,-0.282036000,-0.310281000,0.111250435,-0.725798437,0.674414789,0.077489757,1,0.263623020,-0.140127037,-0.313662584,0.111250435,-0.725798437,0.674414789,0.077489757,57615,104198.939386583,0.001651375,1,0.059868400,0.180844000,-0.336178000,0.011811155,0.810769538,-0.582430301,0.057342805,1,0.228561410,0.096379140,-0.359513598,0.011811155,0.810769538,-0.582430301,0.057342805
15.494871042,104198.953456833,vr_world,57537,104198.939386583,0.014070750,1,0.136054000,-0.282036000,-0.310281000,0.111250435,-0.725798437,0.674414789,0.077489757,1,0.263623020,-0.140127037,-0.313662584,0.111250435,-0.725798437,0.674414789,0.077489757,57615,104198.939386583,0.014070750,1,0.059868400,0.180844000,-0.336178000,0.011811155,0.810769538,-0.582430301,0.057342805,1,0.228561410,0.096379140,-0.359513598,0.011811155,0.810769538,-0.582430301,0.057342805
15.505095667,104198.963681458,vr_world,57538,104198.957125291,0.006556625,1,0.128291000,-0.278961000,-0.311829000,0.109559239,-0.729578985,0.672317009,0.060836813,1,0.255277193,-0.136548554,-0.315905852,0.109559239,-0.729578985,0.672317009,0.060836813,57616,104198.957125291,0.006556625,1,0.052268500,0.177211000,-0.340591000,0.006606196,-0.809732169,0.584568851,-0.050689564,1,0.220992652,0.093195765,-0.365286201,0.006606196,-0.809732169,0.584568851,-0.050689564
15.517508875,104198.976094666,vr_world,57539,104198.976029541,0.000065542,1,0.124174000,-0.276847000,-0.313062000,0.108549932,-0.730479366,0.672277253,0.051576191,1,0.251303833,-0.134576261,-0.317589002,0.108549932,-0.730479366,0.672277253,0.051576191,57617,104198.976029541,0.000065542,1,0.049271700,0.175279000,-0.343207000,0.018213738,-0.806947139,0.588687511,-0.044176805,1,0.217347598,0.090491403,-0.369622380,0.018213738,-0.806947139,0.588687511,-0.044176805
15.528592917,104198.987178708,vr_world,57539,104198.976029541,0.011149792,1,0.124174000,-0.276847000,-0.313062000,0.108549932,-0.730479366,0.672277253,0.051576191,1,0.251303833,-0.134576261,-0.317589002,0.108549932,-0.730479366,0.672277253,0.051576191,57617,104198.976029541,0.011149792,1,0.049271700,0.175279000,-0.343207000,0.018213738,-0.806947139,0.588687511,-0.044176805,1,0.217347598,0.090491403,-0.369622380,0.018213738,-0.806947139,0.588687511,-0.044176805
15.539275917,104198.997861708,vr_world,57540,104198.994550708,0.003311792,1,0.120142000,-0.274636000,-0.313906000,0.105827977,-0.729255475,0.674610818,0.043441179,1,0.248238028,-0.133275759,-0.319575731,0.105827977,-0.729255475,0.674610818,0.043441179,57618,104198.994550708,0.003311792,1,0.046048300,0.173245000,-0.345192000,0.025179111,-0.807003111,0.588941677,-0.035492151,1,0.214011637,0.089153663,-0.374401381,0.025179111,-0.807003111,0.588941677,-0.035492151
15.549353084,104199.007938875,vr_world,57540,104198.994550708,0.013390708,1,0.120142000,-0.274636000,-0.313906000,0.105827977,-0.729255475,0.674610818,0.043441179,1,0.248238028,-0.133275759,-0.319575731,0.105827977,-0.729255475,0.674610818,0.043441179,57618,104198.994550708,0.013390708,1,0.046048300,0.173245000,-0.345192000,0.025179111,-0.807003111,0.588941677,-0.035492151,1,0.214011637,0.089153663,-0.374401381,0.025179111,-0.807003111,0.588941677,-0.035492151
15.561622375,104199.020208166,vr_world,57541,104199.012642083,0.007572208,1,0.112308000,-0.270926000,-0.315953000,0.101042209,-0.727334690,0.678202596,0.028565015,1,0.241984337,-0.131106498,-0.323568146,0.101042209,-0.727334690,0.678202596,0.028565015,57619,104199.012642083,0.007572208,1,0.039695800,0.169267000,-0.349765000,0.035242769,-0.808339738,0.587176188,-0.023852460,1,0.207919760,0.087061647,-0.382615693,0.035242769,-0.808339738,0.587176188,-0.023852460
15.573806209,104199.032392000,vr_world,57542,104199.030658666,0.001735375,1,0.108398000,-0.268826000,-0.318379000,0.103957167,-0.726780015,0.678580085,0.022644745,1,0.238534365,-0.129378668,-0.324892362,0.103957167,-0.726780015,0.678580085,0.022644745,57620,104199.030658666,0.001735375,1,0.036702900,0.167006000,-0.351992000,0.031502888,-0.810115426,0.585134214,-0.018398813,1,0.204937450,0.085746088,-0.387065972,0.031502888,-0.810115426,0.585134214,-0.018398813
15.586192250,104199.044778041,vr_world,57542,104199.030658666,0.014120125,1,0.108398000,-0.268826000,-0.318379000,0.103957167,-0.726780015,0.678580085,0.022644745,1,0.238534365,-0.129378668,-0.324892362,0.103957167,-0.726780015,0.678580085,0.022644745,57620,104199.030658666,0.014120125,1,0.036702900,0.167006000,-0.351992000,0.031502888,-0.810115426,0.585134214,-0.018398813,1,0.204937450,0.085746088,-0.387065972,0.031502888,-0.810115426,0.585134214,-0.018398813
15.598604834,104199.057190625,vr_world,57543,104199.048783625,0.008407375,1,0.105136000,-0.267000000,-0.320070000,0.103847229,-0.729092573,0.676282719,0.016776675,1,0.234595353,-0.126925127,-0.326608092,0.103847229,-0.729092573,0.676282719,0.016776675,57621,104199.048783625,0.008407375,1,0.034117000,0.165393000,-0.354708000,0.026906601,-0.808443029,0.587717475,-0.016854466,1,0.201559134,0.082896842,-0.390676372,0.026906601,-0.808443029,0.587717475,-0.016854466
15.608743042,104199.067328833,vr_world,57543,104199.048783625,0.018545666,1,0.105136000,-0.267000000,-0.320070000,0.103847229,-0.729092573,0.676282719,0.016776675,1,0.234595353,-0.126925127,-0.326608092,0.103847229,-0.729092573,0.676282719,0.016776675,57621,104199.048783625,0.018545666,1,0.034117000,0.165393000,-0.354708000,0.026906601,-0.808443029,0.587717475,-0.016854466,1,0.201559134,0.082896842,-0.390676372,0.026906601,-0.808443029,0.587717475,-0.016854466
15.621169000,104199.079754791,vr_world,57544,104199.067675416,0.012079875,1,0.098584300,-0.263407000,-0.322600000,0.099587863,-0.730327404,0.675766056,0.006661738,1,0.228045691,-0.123419946,-0.330774158,0.099587863,-0.730327404,0.675766056,0.006661738,57622,104199.067675416,0.012079875,1,0.028995600,0.162898000,-0.359682000,0.022766246,-0.801623222,0.597260679,-0.012711783,1,0.194027012,0.076475794,-0.397524220,0.022766246,-0.801623222,0.597260679,-0.012711783
15.633602000,104199.092187791,vr_world,57545,104199.085431791,0.006757125,1,0.095270800,-0.261796000,-0.323879000,0.094375018,-0.729393141,0.677531301,0.005508003,1,0.225238554,-0.122410585,-0.334054479,0.094375018,-0.729393141,0.677531301,0.005508003,57623,104199.085431791,0.006757125,1,0.026674000,0.161599000,-0.362858000,0.021316306,-0.795826088,0.604960607,-0.015136584,1,0.190067845,0.071809766,-0.399960083,0.021316306,-0.795826088,0.604960607,-0.015136584
15.645259000,104199.103844791,vr_world,57546,104199.103658000,0.000187583,1,0.092175000,-0.260155000,-0.325562000,0.091062183,-0.727615303,0.679883530,0.006483507,1,0.222855010,-0.121536611,-0.337013461,0.091062183,-0.727615303,0.679883530,0.006483507,57624,104199.103658000,0.000187583,1,0.024260300,0.159883000,-0.365331000,0.020288550,-0.791766919,0.610286397,-0.015621610,1,0.186410775,0.067835908,-0.402355116,0.020288550,-0.791766919,0.610286397,-0.015621610
15.657669875,104199.116255666,vr_world,57546,104199.103658000,0.012598208,1,0.092175000,-0.260155000,-0.325562000,0.091062183,-0.727615303,0.679883530,0.006483507,1,0.222855010,-0.121536611,-0.337013461,0.091062183,-0.727615303,0.679883530,0.006483507,57624,104199.103658000,0.012598208,1,0.024260300,0.159883000,-0.365331000,0.020288550,-0.791766919,0.610286397,-0.015621610,1,0.186410775,0.067835908,-0.402355116,0.020288550,-0.791766919,0.610286397,-0.015621610
15.670057667,104199.128643458,vr_world,57547,104199.121744250,0.006899583,1,0.089401100,-0.258805000,-0.327509000,0.090000454,-0.727510126,0.680118627,0.008221190,1,0.220055749,-0.120197157,-0.339369553,0.090000454,-0.727510126,0.680118627,0.008221190,57625,104199.121744250,0.006899583,1,0.022031200,0.157930000,-0.367189000,0.023032857,-0.789110724,0.613683509,-0.012895867,1,0.183363417,0.064815742,-0.405108468,0.023032857,-0.789110724,0.613683509,-0.012895867
15.682476084,104199.141061875,vr_world,57548,104199.139697416,0.001365250,1,0.084258500,-0.256307000,-0.330929000,0.088371538,-0.731163078,0.676422344,0.006620959,1,0.213519035,-0.116451004,-0.343396793,0.088371538,-0.731163078,0.676422344,0.006620959,57626,104199.139697416,0.001365250,1,0.017305200,0.153945000,-0.371024000,0.026738739,-0.788988999,0.613785383,-0.006993157,1,0.178457278,0.061349849,-0.410929016,0.026738739,-0.788988999,0.613785383,-0.006993157
15.694915167,104199.153500958,vr_world,57548,104199.139697416,0.013807084,1,0.084258500,-0.256307000,-0.330929000,0.088371538,-0.731163078,0.676422344,0.006620959,1,0.213519035,-0.116451004,-0.343396793,0.088371538,-0.731163078,0.676422344,0.006620959,57626,104199.139697416,0.013807084,1,0.017305200,0.153945000,-0.371024000,0.026738739,-0.788988999,0.613785383,-0.006993157,1,0.178457278,0.061349849,-0.410929016,0.026738739,-0.788988999,0.613785383,-0.006993157
15.707153250,104199.165739041,vr_world,57549,104199.157835666,0.007906084,1,0.081919500,-0.254837000,-0.332340000,0.088013092,-0.734024181,0.673377894,0.004940572,1,0.210084923,-0.113988256,-0.344937771,0.088013092,-0.734024181,0.673377894,0.004940572,57627,104199.157835666,0.007906084,1,0.014916000,0.151490000,-0.372584000,0.029860759,-0.794062900,0.607093803,-0.003092009,1,0.177536680,0.062032246,-0.413669942,0.029860759,-0.794062900,0.607093803,-0.003092009
15.719557625,104199.178143416,vr_world,57550,104199.177201125,0.000942625,1,0.079426200,-0.252931000,-0.333718000,0.087665143,-0.732548551,0.675041670,0.002487206,1,0.208310031,-0.112751793,-0.346454488,0.087665143,-0.732548551,0.675041670,0.002487206,57628,104199.177201125,0.000942625,1,0.013089800,0.149760000,-0.374193000,0.031904133,-0.797385732,0.602625536,-0.000763840,1,0.176667829,0.062384527,-0.415954016,0.031904133,-0.797385732,0.602625536,-0.000763840
15.731136417,104199.189722208,vr_world,57550,104199.177201125,0.012521375,1,0.079426200,-0.252931000,-0.333718000,0.087665143,-0.732548551,0.675041670,0.002487206,1,0.208310031,-0.112751793,-0.346454488,0.087665143,-0.732548551,0.675041670,0.002487206,57628,104199.177201125,0.012521375,1,0.013089800,0.149760000,-0.374193000,0.031904133,-0.797385732,0.602625536,-0.000763840,1,0.176667829,0.062384527,-0.415954016,0.031904133,-0.797385732,0.602625536,-0.000763840
15.742700875,104199.201286666,vr_world,57551,104199.195084916,0.006202334,1,0.074809900,-0.250291000,-0.336794000,0.084816978,-0.729485639,0.678715400,-0.001479810,1,0.205133507,-0.111553566,-0.350617481,0.084816978,-0.729485639,0.678715400,-0.001479810,57629,104199.195084916,0.006202334,1,0.010211800,0.147389000,-0.377238000,0.035748992,-0.796498482,0.603578203,0.002351448,1,0.173565075,0.060043864,-0.419932123,0.035748992,-0.796498482,0.603578203,0.002351448
15.754483417,104199.213069208,vr_world,57551,104199.195084916,0.017984709,1,0.074809900,-0.250291000,-0.336794000,0.084816978,-0.729485639,0.678715400,-0.001479810,1,0.205133507,-0.111553566,-0.350617481,0.084816978,-0.729485639,0.678715400,-0.001479810,57629,104199.195084916,0.017984709,1,0.010211800,0.147389000,-0.377238000,0.035748992,-0.796498482,0.603578203,0.002351448,1,0.173565075,0.060043864,-0.419932123,0.035748992,-0.796498482,0.603578203,0.002351448
15.765804000,104199.224389791,vr_world,57552,104199.213705833,0.010684417,1,0.072645600,-0.248945000,-0.338259000,0.082329625,-0.725115701,0.683685759,-0.001683869,1,0.204736414,-0.111987805,-0.353029616,0.082329625,-0.725115701,0.683685759,-0.001683869,57630,104199.213705833,0.010684417,1,0.009317550,0.146883000,-0.377970000,0.036701754,-0.793555178,0.607377251,0.004004509,1,0.171759122,0.058151067,-0.421278489,0.036701754,-0.793555178,0.607377251,0.004004509
15.775925459,104199.234511250,vr_world,57553,104199.232667500,0.001843958,1,0.071145300,-0.248013000,-0.339544000,0.081969120,-0.723379116,0.685567200,-0.001154305,1,0.203898426,-0.111712836,-0.354454418,0.081969120,-0.723379116,0.685567200,-0.001154305,57631,104199.232667500,0.001843958,1,0.008119760,0.145936000,-0.378692000,0.036609933,-0.793134418,0.607921186,0.005416578,1,0.170344069,0.057067409,-0.422531187,0.036609933,-0.793134418,0.607921186,0.005416578
15.787551625,104199.246137416,vr_world,57553,104199.232667500,0.013470416,1,0.071145300,-0.248013000,-0.339544000,0.081969120,-0.723379116,0.685567200,-0.001154305,1,0.203898426,-0.111712836,-0.354454418,0.081969120,-0.723379116,0.685567200,-0.001154305,57631,104199.232667500,0.013470416,1,0.008119760,0.145936000,-0.378692000,0.036609933,-0.793134418,0.607921186,0.005416578,1,0.170344069,0.057067409,-0.422531187,0.036609933,-0.793134418,0.607921186,0.005416578
15.799928792,104199.258514583,vr_world,57554,104199.250783875,0.007731041,1,0.068311700,-0.246262000,-0.341394000,0.078564957,-0.723939240,0.685374570,-0.001105756,1,0.200848838,-0.109900042,-0.357603851,0.078564957,-0.723939240,0.685374570,-0.001105756,57632,104199.250783875,0.007731041,1,0.005730230,0.144051000,-0.380590000,0.037008498,-0.794766800,0.605757264,0.005851685,1,0.168434660,0.056113832,-0.424528110,0.037008498,-0.794766800,0.605757264,0.005851685
15.811421542,104199.270007333,vr_world,57555,104199.269111041,0.000896709,1,0.067213600,-0.245564000,-0.342167000,0.075769508,-0.726528878,0.682945143,-0.000838576,1,0.198714747,-0.108332792,-0.359444168,0.075769508,-0.726528878,0.682945143,-0.000838576,57633,104199.269111041,0.000896709,1,0.004757170,0.143578000,-0.381235000,0.036899645,-0.795527072,0.604781260,0.003836795,1,0.167802997,0.055903504,-0.424426299,0.036899645,-0.795527072,0.604781260,0.003836795
15.821801459,104199.280387250,vr_world,57555,104199.269111041,0.011276667,1,0.067213600,-0.245564000,-0.342167000,0.075769508,-0.726528878,0.682945143,-0.000838576,1,0.198714747,-0.108332792,-0.359444168,0.075769508,-0.726528878,0.682945143,-0.000838576,57633,104199.269111041,0.011276667,1,0.004757170,0.143578000,-0.381235000,0.036899645,-0.795527072,0.604781260,0.003836795,1,0.167802997,0.055903504,-0.424426299,0.036899645,-0.795527072,0.604781260,0.003836795
15.834195375,104199.292781166,vr_world,57556,104199.287882333,0.004899167,1,0.066009700,-0.244651000,-0.343091000,0.074142002,-0.726656195,0.682988678,-0.000451039,1,0.197438854,-0.107430549,-0.360989756,0.074142002,-0.726656195,0.682988678,-0.000451039,57634,104199.287882333,0.004899167,1,0.003796150,0.142983000,-0.381907000,0.038127232,-0.796354627,0.603621100,0.002681280,1,0.167229200,0.055779404,-0.424584762,0.038127232,-0.796354627,0.603621100,0.002681280
15.846589792,104199.305175583,vr_world,57556,104199.287882333,0.017294083,1,0.066009700,-0.244651000,-0.343091000,0.074142002,-0.726656195,0.682988678,-0.000451039,1,0.197438854,-0.107430549,-0.360989756,0.074142002,-0.726656195,0.682988678,-0.000451039,57634,104199.287882333,0.017294083,1,0.003796150,0.142983000,-0.381907000,0.038127232,-0.796354627,0.603621100,0.002681280,1,0.167229200,0.055779404,-0.424584762,0.038127232,-0.796354627,0.603621100,0.002681280
15.856835125,104199.315420916,vr_world,57557,104199.305847166,0.009574209,1,0.063482500,-0.242522000,-0.344771000,0.070777883,-0.724117273,0.686035467,-0.000055378,1,0.195879013,-0.106409378,-0.363953663,0.070777883,-0.724117273,0.686035467,-0.000055378,57635,104199.305847166,0.009574209,1,0.002067680,0.142045000,-0.383414000,0.042157687,-0.796601958,0.603031654,0.000934877,1,0.165919888,0.055199951,-0.425206578,0.042157687,-0.796601958,0.603031654,0.000934877
15.869216375,104199.327802166,vr_world,57558,104199.324884750,0.002917666,1,0.062800700,-0.241069000,-0.345171000,0.071763429,-0.722178220,0.687974034,-0.000598225,1,0.195985273,-0.105674395,-0.363976129,0.071763429,-0.722178220,0.687974034,-0.000598225,57636,104199.324884750,0.002917666,1,0.001783260,0.141877000,-0.383900000,0.047445499,-0.795931290,0.603524256,0.000882269,1,0.165763018,0.055118868,-0.425371048,0.047445499,-0.795931290,0.603524256,0.000882269
15.880486167,104199.339071958,vr_world,57558,104199.324884750,0.014187791,1,0.062800700,-0.241069000,-0.345171000,0.071763429,-0.722178220,0.687974034,-0.000598225,1,0.195985273,-0.105674395,-0.363976129,0.071763429,-0.722178220,0.687974034,-0.000598225,57636,104199.324884750,0.014187791,1,0.001783260,0.141877000,-0.383900000,0.047445499,-0.795931290,0.603524256,0.000882269,1,0.165763018,0.055118868,-0.425371048,0.047445499,-0.795931290,0.603524256,0.000882269
15.892875209,104199.351461000,vr_world,57559,104199.343104458,0.008357083,1,0.062373100,-0.239652000,-0.345368000,0.071225914,-0.722596168,0.687584221,-0.003096128,1,0.195507453,-0.104234521,-0.364362548,0.071225914,-0.722596168,0.687584221,-0.003096128,57637,104199.343104458,0.008357083,1,0.001485280,0.141581000,-0.384152000,0.050140452,-0.796544356,0.602492729,0.002352568,1,0.165724753,0.055486063,-0.425976375,0.050140452,-0.796544356,0.602492729,0.002352568
15.902962250,104199.361548041,vr_world,57560,104199.361095583,0.000453042,1,0.060895900,-0.237059000,-0.345963000,0.067620831,-0.720179164,0.690437058,-0.008127941,1,0.195171246,-0.102967404,-0.366286208,0.067620831,-0.720179164,0.690437058,-0.008127941,57638,104199.361095583,0.000453042,1,0.000728317,0.141129000,-0.384558000,0.054179071,-0.798415768,0.599634314,0.005964718,1,0.165552614,0.056660051,-0.427384899,0.054179071,-0.798415768,0.599634314,0.005964718
15.915136750,104199.373722541,vr_world,57560,104199.361095583,0.012627375,1,0.060895900,-0.237059000,-0.345963000,0.067620831,-0.720179164,0.690437058,-0.008127941,1,0.195171246,-0.102967404,-0.366286208,0.067620831,-0.720179164,0.690437058,-0.008127941,57638,104199.361095583,0.012627375,1,0.000728317,0.141129000,-0.384558000,0.054179071,-0.798415768,0.599634314,0.005964718,1,0.165552614,0.056660051,-0.427384899,0.054179071,-0.798415768,0.599634314,0.005964718
15.927515959,104199.386101750,vr_world,57561,104199.379949625,0.006162583,1,0.059894200,-0.235305000,-0.345455000,0.062829021,-0.717170387,0.693965308,-0.011458676,1,0.195423645,-0.102764768,-0.367552870,0.062829021,-0.717170387,0.693965308,-0.011458676,57639,104199.379949625,0.006162583,1,0.000158623,0.141047000,-0.384664000,0.054272902,-0.800931989,0.596235129,0.008128437,1,0.165582278,0.058119644,-0.428187394,0.054272902,-0.800931989,0.596235129,0.008128437
15.939019167,104199.397604958,vr_world,57561,104199.379949625,0.017656541,1,0.059894200,-0.235305000,-0.345455000,0.062829021,-0.717170387,0.693965308,-0.011458676,1,0.195423645,-0.102764768,-0.367552870,0.062829021,-0.717170387,0.693965308,-0.011458676,57639,104199.379949625,0.017656541,1,0.000158623,0.141047000,-0.384664000,0.054272902,-0.800931989,0.596235129,0.008128437,1,0.165582278,0.058119644,-0.428187394,0.054272902,-0.800931989,0.596235129,0.008128437
15.951328750,104199.409914541,vr_world,57562,104199.398440291,0.011474834,1,0.058778100,-0.233883000,-0.344896000,0.059888879,-0.715461690,0.695866371,-0.017259379,1,0.195177052,-0.102415963,-0.368029996,0.059888879,-0.715461690,0.695866371,-0.017259379,57640,104199.398440291,0.011474834,1,-0.000373501,0.141309000,-0.385100000,0.054359766,-0.802581425,0.594023707,0.006626214,1,0.165611243,0.059189672,-0.428015087,0.054359766,-0.802581425,0.594023707,0.006626214
15.963138334,104199.421724125,vr_world,57563,104199.417363708,0.004361125,1,0.056406900,-0.231143000,-0.344652000,0.056918763,-0.711073350,0.700267259,-0.027581009,1,0.194839056,-0.101987927,-0.368713581,0.056918763,-0.711073350,0.700267259,-0.027581009,57641,104199.417363708,0.004361125,1,-0.001013500,0.142212000,-0.385694000,0.055633395,-0.801806963,0.594965125,0.005198008,1,0.164914385,0.059678562,-0.428030754,0.055633395,-0.801806963,0.594965125,0.005198008
15.975502125,104199.434087916,vr_world,57563,104199.417363708,0.016724542,1,0.056406900,-0.231143000,-0.344652000,0.056918763,-0.711073350,0.700267259,-0.027581009,1,0.194839056,-0.101987927,-0.368713581,0.056918763,-0.711073350,0.700267259,-0.027581009,57641,104199.417363708,0.016724542,1,-0.001013500,0.142212000,-0.385694000,0.055633395,-0.801806963,0.594965125,0.005198008,1,0.164914385,0.059678562,-0.428030754,0.055633395,-0.801806963,0.594965125,0.005198008
15.987149084,104199.445734875,vr_world,57564,104199.439151583,0.006583750,1,0.054852100,-0.229895000,-0.345214000,0.059154584,-0.706062015,0.704848580,-0.034141552,1,0.195385583,-0.102836899,-0.368235854,0.059154584,-0.706062015,0.704848580,-0.034141552,57642,104199.439151583,0.006583750,1,-0.001278090,0.142977000,-0.385741000,0.055164712,-0.799930791,0.597539838,0.003704789,1,0.164172087,0.059264029,-0.427629036,0.055164712,-0.799930791,0.597539838,0.003704789
15.999561000,104199.458146791,vr_world,57564,104199.439151583,0.018995750,1,0.054852100,-0.229895000,-0.345214000,0.059154584,-0.706062015,0.704848580,-0.034141552,1,0.195385583,-0.102836899,-0.368235854,0.059154584,-0.706062015,0.704848580,-0.034141552,57642,104199.439151583,0.018995750,1,-0.001278090,0.142977000,-0.385741000,0.055164712,-0.799930791,0.597539838,0.003704789,1,0.164172087,0.059264029,-0.427629036,0.055164712,-0.799930791,0.597539838,0.003704789
16.011145000,104199.469730791,vr_world,57565,104199.458741791,0.010989584,1,0.052286900,-0.227907000,-0.345690000,0.059919070,-0.703069115,0.707086164,-0.046180965,1,0.194334966,-0.102435077,-0.368108700,0.059919070,-0.703069115,0.707086164,-0.046180965,57643,104199.458741791,0.010989584,1,-0.002372930,0.143507000,-0.385978000,0.053797273,-0.801140837,0.596048344,0.002363067,1,0.163414326,0.060242733,-0.427425728,0.053797273,-0.801140837,0.596048344,0.002363067
16.022301542,104199.480887333,vr_world,57566,104199.477124666,0.003763209,1,0.051927900,-0.226672000,-0.345190000,0.060135918,-0.703238519,0.706549004,-0.051261693,1,0.194092389,-0.101297480,-0.367414483,0.060135918,-0.703238519,0.706549004,-0.051261693,57644,104199.477124666,0.003763209,1,-0.003142310,0.143904000,-0.385930000,0.052972047,-0.803310207,0.593198107,0.001636883,1,0.163251052,0.061716017,-0.427096026,0.052972047,-0.803310207,0.593198107,0.001636883
16.034698834,104199.493284625,vr_world,57566,104199.477124666,0.016160417,1,0.051927900,-0.226672000,-0.345190000,0.060135918,-0.703238519,0.706549004,-0.051261693,1,0.194092389,-0.101297480,-0.367414483,0.060135918,-0.703238519,0.706549004,-0.051261693,57644,104199.477124666,0.016160417,1,-0.003142310,0.143904000,-0.385930000,0.052972047,-0.803310207,0.593198107,0.001636883,1,0.163251052,0.061716017,-0.427096026,0.052972047,-0.803310207,0.593198107,0.001636883
16.045259959,104199.503845750,vr_world,57567,104199.495272875,0.008573416,1,0.051440500,-0.225469000,-0.344691000,0.058945109,-0.702089940,0.707525638,-0.054796545,1,0.194121713,-0.100743205,-0.367251534,0.058945109,-0.702089940,0.707525638,-0.054796545,57645,104199.495272875,0.008573416,1,-0.003735410,0.144448000,-0.386140000,0.053050367,-0.804666806,0.591351832,0.000011060,1,0.163137020,0.062914607,-0.426663047,0.053050367,-0.804666806,0.591351832,0.000011060
16.057655459,104199.516241250,vr_world,57568,104199.512886875,0.003355000,1,0.049543300,-0.222793000,-0.344704000,0.058909275,-0.695215094,0.713894735,-0.059665552,1,0.194749905,-0.100959877,-0.366956839,0.058909275,-0.695215094,0.713894735,-0.059665552,57646,104199.512886875,0.003355000,1,-0.004748210,0.145414000,-0.386652000,0.053875634,-0.805195622,0.590550271,-0.002793514,1,0.162478743,0.064069059,-0.426077270,0.053875634,-0.805195622,0.590550271,-0.002793514
16.070059834,104199.528645625,vr_world,57568,104199.512886875,0.015759291,1,0.049543300,-0.222793000,-0.344704000,0.058909275,-0.695215094,0.713894735,-0.059665552,1,0.194749905,-0.100959877,-0.366956839,0.058909275,-0.695215094,0.713894735,-0.059665552,57646,104199.512886875,0.015759291,1,-0.004748210,0.145414000,-0.386652000,0.053875634,-0.805195622,0.590550271,-0.002793514,1,0.162478743,0.064069059,-0.426077270,0.053875634,-0.805195622,0.590550271,-0.002793514
16.081756709,104199.540342500,vr_world,57569,104199.532083125,0.008259708,1,0.048271800,-0.221969000,-0.344334000,0.055613820,-0.689370648,0.719663147,-0.061320204,1,0.195467609,-0.102741382,-0.367606807,0.055613820,-0.689370648,0.719663147,-0.061320204,57647,104199.532083125,0.008259708,1,-0.004915830,0.146094000,-0.386754000,0.053857322,-0.803985384,0.592197020,-0.003095330,1,0.161986587,0.064051973,-0.426110100,0.053857322,-0.803985384,0.592197020,-0.003095330
16.094118917,104199.552704708,vr_world,57570,104199.550482541,0.002222792,1,0.047594500,-0.221120000,-0.344796000,0.058586415,-0.683767955,0.724851506,-0.060160696,1,0.196594099,-0.103913835,-0.366824994,0.058586415,-0.683767955,0.724851506,-0.060160696,57648,104199.550482541,0.002222792,1,-0.005227970,0.146366000,-0.386710000,0.053141252,-0.804131311,0.592067715,-0.002159442,1,0.161621047,0.064401305,-0.426451700,0.053141252,-0.804131311,0.592067715,-0.002159442
16.104848542,104199.563434333,vr_world,57570,104199.550482541,0.012952334,1,0.047594500,-0.221120000,-0.344796000,0.058586415,-0.683767955,0.724851506,-0.060160696,1,0.196594099,-0.103913835,-0.366824994,0.058586415,-0.683767955,0.724851506,-0.060160696,57648,104199.550482541,0.012952334,1,-0.005227970,0.146366000,-0.386710000,0.053141252,-0.804131311,0.592067715,-0.002159442,1,0.161621047,0.064401305,-0.426451700,0.053141252,-0.804131311,0.592067715,-0.002159442
16.115144459,104199.573730250,vr_world,57571,104199.568725666,0.005005125,1,0.047544700,-0.220600000,-0.345579000,0.063154910,-0.686021622,0.722341122,-0.060075747,1,0.195827502,-0.102191620,-0.365953406,0.063154910,-0.686021622,0.722341122,-0.060075747,57649,104199.568725666,0.005005125,1,-0.006592280,0.147034000,-0.387273000,0.051865854,-0.807067917,0.588172194,-0.002186495,1,0.161004905,0.066601177,-0.426996971,0.051865854,-0.807067917,0.588172194,-0.002186495
16.125802125,104199.584387916,vr_world,57571,104199.568725666,0.015662542,1,0.047544700,-0.220600000,-0.345579000,0.063154910,-0.686021622,0.722341122,-0.060075747,1,0.195827502,-0.102191620,-0.365953406,0.063154910,-0.686021622,0.722341122,-0.060075747,57649,104199.568725666,0.015662542,1,-0.006592280,0.147034000,-0.387273000,0.051865854,-0.807067917,0.588172194,-0.002186495,1,0.161004905,0.066601177,-0.426996971,0.051865854,-0.807067917,0.588172194,-0.002186495
16.138201667,104199.596787458,vr_world,57572,104199.586548083,0.010240250,1,0.047458800,-0.221391000,-0.344475000,0.060630701,-0.691590786,0.716943818,-0.063385049,1,0.194001782,-0.101011573,-0.365861738,0.060630701,-0.691590786,0.716943818,-0.063385049,57650,104199.586548083,0.010240250,1,-0.007549820,0.147463000,-0.387951000,0.051597246,-0.809369447,0.585019439,-0.003328302,1,0.160732848,0.068239338,-0.427203287,0.051597246,-0.809369447,0.585019439,-0.003328302
