t,host_monotonic_s,coordinate_frame,right_frame_counter,right_receive_monotonic_s,right_age_s,right_controller_valid,right_controller_pos_x,right_controller_pos_y,right_controller_pos_z,right_controller_quat_w,right_controller_quat_x,right_controller_quat_y,right_controller_quat_z,right_tcp_valid,right_tcp_pos_x,right_tcp_pos_y,right_tcp_pos_z,right_tcp_quat_w,right_tcp_quat_x,right_tcp_quat_y,right_tcp_quat_z,left_frame_counter,left_receive_monotonic_s,left_age_s,left_controller_valid,left_controller_pos_x,left_controller_pos_y,left_controller_pos_z,left_controller_quat_w,left_controller_quat_x,left_controller_quat_y,left_controller_quat_z,left_tcp_valid,left_tcp_pos_x,left_tcp_pos_y,left_tcp_pos_z,left_tcp_quat_w,left_tcp_quat_x,left_tcp_quat_y,left_tcp_quat_z
0.000000000,104603.726831500,vr_world,9530,104603.712940625,0.013891208,1,0.071239800,-0.227762000,-0.530031000,0.138181519,0.709950197,-0.688582784,-0.052252607,1,0.184515919,-0.106995705,-0.624938737,0.138181519,0.709950197,-0.688582784,-0.052252607,9530,104603.712940625,0.013891208,1,0.050525000,0.182876000,-0.563014000,0.061669513,0.739284577,-0.658954560,-0.124233945,1,0.177954521,0.073379263,-0.651943285,0.061669513,0.739284577,-0.658954560,-0.124233945
0.012374541,104603.739206041,vr_world,9531,104603.732288583,0.006917792,1,0.070378800,-0.227310000,-0.530256000,0.139337623,0.707167208,-0.691348503,-0.050366800,1,0.184658226,-0.107857581,-0.625622523,0.139337623,0.707167208,-0.691348503,-0.050366800,9531,104603.732288583,0.006917792,1,0.050646800,0.182617000,-0.562962000,0.061221694,0.739177908,-0.659152522,-0.124039823,1,0.178096996,0.073084468,-0.651817380,0.061221694,0.739177908,-0.659152522,-0.124039823
0.024202333,104603.751033833,vr_world,9531,104603.732288583,0.018745792,1,0.070378800,-0.227310000,-0.530256000,0.139337623,0.707167208,-0.691348503,-0.050366800,1,0.184658226,-0.107857581,-0.625622523,0.139337623,0.707167208,-0.691348503,-0.050366800,9531,104603.732288583,0.018745792,1,0.050646800,0.182617000,-0.562962000,0.061221694,0.739177908,-0.659152522,-0.124039823,1,0.178096996,0.073084468,-0.651817380,0.061221694,0.739177908,-0.659152522,-0.124039823
0.036597166,104603.763428666,vr_world,9532,104603.752366416,0.011062834,1,0.070083200,-0.226992000,-0.530984000,0.138771013,0.706163358,-0.692729617,-0.046921157,1,0.185219040,-0.108236797,-0.626190993,0.138771013,0.706163358,-0.692729617,-0.046921157,9532,104603.752366416,0.011062834,1,0.050899800,0.182295000,-0.562773000,0.060589548,0.739052711,-0.659253643,-0.124557745,1,0.178295889,0.072834559,-0.651794841,0.060589548,0.739052711,-0.659253643,-0.124557745
0.049003125,104603.775834625,vr_world,9533,104603.771972708,0.003862250,1,0.068363500,-0.226883000,-0.531442000,0.139611735,0.705237634,-0.693827479,-0.041855374,1,0.184250773,-0.109100206,-0.626945084,0.139611735,0.705237634,-0.693827479,-0.041855374,9533,104603.771972708,0.003862250,1,0.051326900,0.181878000,-0.562492000,0.060015045,0.738433700,-0.659815594,-0.125527875,1,0.178446026,0.072345452,-0.651820329,0.060015045,0.738433700,-0.659815594,-0.125527875
0.061417833,104603.788249333,vr_world,9533,104603.771972708,0.016277167,1,0.068363500,-0.226883000,-0.531442000,0.139611735,0.705237634,-0.693827479,-0.041855374,1,0.184250773,-0.109100206,-0.626945084,0.139611735,0.705237634,-0.693827479,-0.041855374,9533,104603.771972708,0.016277167,1,0.051326900,0.181878000,-0.562492000,0.060015045,0.738433700,-0.659815594,-0.125527875,1,0.178446026,0.072345452,-0.651820329,0.060015045,0.738433700,-0.659815594,-0.125527875
0.073835000,104603.800666500,vr_world,9534,104603.791719750,0.008947291,1,0.067043800,-0.227078000,-0.531889000,0.134806576,0.704429753,-0.695904477,-0.036371268,1,0.184687056,-0.109753163,-0.625795146,0.134806576,0.704429753,-0.695904477,-0.036371268,9534,104603.791719750,0.008947291,1,0.051564900,0.181802000,-0.562326000,0.059731539,0.738062310,-0.660169839,-0.125983937,1,0.178528059,0.072204080,-0.651796003,0.059731539,0.738062310,-0.660169839,-0.125983937
0.084358833,104603.811190333,vr_world,9534,104603.791719750,0.019471041,1,0.067043800,-0.227078000,-0.531889000,0.134806576,0.704429753,-0.695904477,-0.036371268,1,0.184687056,-0.109753163,-0.625795146,0.134806576,0.704429753,-0.695904477,-0.036371268,9534,104603.791719750,0.019471041,1,0.051564900,0.181802000,-0.562326000,0.059731539,0.738062310,-0.660169839,-0.125983937,1,0.178528059,0.072204080,-0.651796003,0.059731539,0.738062310,-0.660169839,-0.125983937
0.096729583,104603.823561083,vr_world,9535,104603.811756083,0.011805333,1,0.067360700,-0.227085000,-0.533298000,0.126992782,0.705443678,-0.696509576,-0.033112851,1,0.186355557,-0.109036755,-0.624557287,0.126992782,0.705443678,-0.696509576,-0.033112851,9535,104603.811756083,0.011805333,1,0.051756500,0.181723000,-0.562092000,0.059745523,0.737852022,-0.660323842,-0.126401305,1,0.178599251,0.072096739,-0.651698022,0.059745523,0.737852022,-0.660323842,-0.126401305
0.109141583,104603.835973083,vr_world,9536,104603.831131291,0.004842125,1,0.069201800,-0.227340000,-0.532920000,0.131132881,0.707251835,-0.693523964,-0.040292919,1,0.186061695,-0.108237557,-0.625558106,0.131132881,0.707251835,-0.693523964,-0.040292919,9536,104603.831131291,0.004842125,1,0.051801700,0.181714000,-0.562071000,0.059814061,0.737980815,-0.660220147,-0.126158442,1,0.178710601,0.072100552,-0.651598825,0.059814061,0.737980815,-0.660220147,-0.126158442
0.121551958,104603.848383458,vr_world,9536,104603.831131291,0.017252459,1,0.069201800,-0.227340000,-0.532920000,0.131132881,0.707251835,-0.693523964,-0.040292919,1,0.186061695,-0.108237557,-0.625558106,0.131132881,0.707251835,-0.693523964,-0.040292919,9536,104603.831131291,0.017252459,1,0.051801700,0.181714000,-0.562071000,0.059814061,0.737980815,-0.660220147,-0.126158442,1,0.178710601,0.072100552,-0.651598825,0.059814061,0.737980815,-0.660220147,-0.126158442
0.133638333,104603.860469833,vr_world,9537,104603.850857666,0.009612625,1,0.070871700,-0.228164000,-0.534097000,0.128492888,0.711407210,-0.689257972,-0.048091664,1,0.185831673,-0.106482792,-0.625755771,0.128492888,0.711407210,-0.689257972,-0.048091664,9537,104603.850857666,0.009612625,1,0.052009600,0.181849000,-0.562061000,0.059838798,0.737780851,-0.660497546,-0.125863918,1,0.178883749,0.072108987,-0.651482940,0.059838798,0.737780851,-0.660497546,-0.125863918
0.146047041,104603.872878541,vr_world,9538,104603.870450875,0.002428000,1,0.073221500,-0.228594000,-0.535080000,0.126336796,0.716730809,-0.683396197,-0.057494338,1,0.185532591,-0.103790809,-0.625820546,0.126336796,0.716730809,-0.683396197,-0.057494338,9538,104603.870450875,0.002428000,1,0.052117300,0.182189000,-0.561932000,0.059905603,0.737411618,-0.661008517,-0.125312270,1,0.178926101,0.072212549,-0.651156129,0.059905603,0.737411618,-0.661008517,-0.125312270
0.157510875,104603.884342375,vr_world,9538,104603.870450875,0.013892083,1,0.073221500,-0.228594000,-0.535080000,0.126336796,0.716730809,-0.683396197,-0.057494338,1,0.185532591,-0.103790809,-0.625820546,0.126336796,0.716730809,-0.683396197,-0.057494338,9538,104603.870450875,0.013892083,1,0.052117300,0.182189000,-0.561932000,0.059905603,0.737411618,-0.661008517,-0.125312270,1,0.178926101,0.072212549,-0.651156129,0.059905603,0.737411618,-0.661008517,-0.125312270
0.169907625,104603.896739125,vr_world,9539,104603.889553250,0.007186125,1,0.074827200,-0.228546000,-0.535379000,0.126559656,0.718671884,-0.680689568,-0.064459974,1,0.185560742,-0.102300328,-0.626062810,0.126559656,0.718671884,-0.680689568,-0.064459974,9539,104603.889553250,0.007186125,1,0.052081600,0.182513000,-0.561810000,0.060010932,0.737365649,-0.661143492,-0.124819349,1,0.178923951,0.072439090,-0.650865872,0.060010932,0.737365649,-0.661143492,-0.124819349
0.182318791,104603.909150291,vr_world,9540,104603.908383500,0.000767083,1,0.077191200,-0.228574000,-0.536395000,0.126492825,0.723430918,-0.674676873,-0.073880913,1,0.185000506,-0.099588531,-0.626746107,0.126492825,0.723430918,-0.674676873,-0.073880913,9540,104603.908383500,0.000767083,1,0.051914300,0.183044000,-0.561668000,0.060447766,0.737799035,-0.660705712,-0.124364837,1,0.178921989,0.073049102,-0.650585829,0.060447766,0.737799035,-0.660705712,-0.124364837
0.194687916,104603.921519416,vr_world,9540,104603.908383500,0.013136291,1,0.077191200,-0.228574000,-0.536395000,0.126492825,0.723430918,-0.674676873,-0.073880913,1,0.185000506,-0.099588531,-0.626746107,0.126492825,0.723430918,-0.674676873,-0.073880913,9540,104603.908383500,0.013136291,1,0.051914300,0.183044000,-0.561668000,0.060447766,0.737799035,-0.660705712,-0.124364837,1,0.178921989,0.073049102,-0.650585829,0.060447766,0.737799035,-0.660705712,-0.124364837
0.207099708,104603.933931208,vr_world,9541,104603.927085583,0.006845958,1,0.078858200,-0.228150000,-0.537161000,0.126127575,0.726898276,-0.670851718,-0.075290790,1,0.185215732,-0.097765412,-0.627224236,0.126127575,0.726898276,-0.670851718,-0.075290790,9541,104603.927085583,0.006845958,1,0.051872200,0.183573000,-0.561725000,0.060751411,0.738198532,-0.660251925,-0.124256144,1,0.179004004,0.073703245,-0.650620433,0.060751411,0.738198532,-0.660251925,-0.124256144
0.219513500,104603.946345000,vr_world,9541,104603.927085583,0.019259875,1,0.078858200,-0.228150000,-0.537161000,0.126127575,0.726898276,-0.670851718,-0.075290790,1,0.185215732,-0.097765412,-0.627224236,0.126127575,0.726898276,-0.670851718,-0.075290790,9541,104603.927085583,0.019259875,1,0.051872200,0.183573000,-0.561725000,0.060751411,0.738198532,-0.660251925,-0.124256144,1,0.179004004,0.073703245,-0.650620433,0.060751411,0.738198532,-0.660251925,-0.124256144
0.231927625,104603.958759125,vr_world,9542,104603.946935625,0.011824875,1,0.080379600,-0.227456000,-0.537226000,0.127960099,0.730800732,-0.666371004,-0.074203697,1,0.184998407,-0.095996284,-0.627761669,0.127960099,0.730800732,-0.666371004,-0.074203697,9542,104603.946935625,0.011824875,1,0.051844000,0.184141000,-0.561824000,0.060778309,0.738119886,-0.660316564,-0.124366663,1,0.178934267,0.074252213,-0.650755001,0.060778309,0.738119886,-0.660316564,-0.124366663
0.244291500,104603.971123000,vr_world,9543,104603.966131000,0.004992916,1,0.083220400,-0.225809000,-0.537554000,0.131948616,0.733694276,-0.662481277,-0.073490343,1,0.186038944,-0.093777138,-0.629311328,0.131948616,0.733694276,-0.662481277,-0.073490343,9543,104603.966131000,0.004992916,1,0.051401200,0.185173000,-0.561786000,0.060759330,0.738198945,-0.660211569,-0.124464072,1,0.178508184,0.075332134,-0.650752293,0.060759330,0.738198945,-0.660211569,-0.124464072
0.256668833,104603.983500333,vr_world,9543,104603.966131000,0.017369791,1,0.083220400,-0.225809000,-0.537554000,0.131948616,0.733694276,-0.662481277,-0.073490343,1,0.186038944,-0.093777138,-0.629311328,0.131948616,0.733694276,-0.662481277,-0.073490343,9543,104603.966131000,0.017369791,1,0.051401200,0.185173000,-0.561786000,0.060759330,0.738198945,-0.660211569,-0.124464072,1,0.178508184,0.075332134,-0.650752293,0.060759330,0.738198945,-0.660211569,-0.124464072
0.269062166,104603.995893666,vr_world,9544,104603.985321125,0.010573083,1,0.084353600,-0.224925000,-0.537507000,0.131051849,0.736675805,-0.659686564,-0.070340660,1,0.186518198,-0.092148285,-0.628919233,0.131051849,0.736675805,-0.659686564,-0.070340660,9544,104603.985321125,0.010573083,1,0.050735900,0.186350000,-0.561945000,0.060746498,0.738831767,-0.659531624,-0.124320228,1,0.178073393,0.076751708,-0.650880920,0.060746498,0.738831767,-0.659531624,-0.124320228
0.281471875,104604.008303375,vr_world,9545,104604.004701208,0.003602875,1,0.086123500,-0.223822000,-0.537585000,0.130730437,0.739638462,-0.656664131,-0.068093444,1,0.187408897,-0.090257227,-0.628827286,0.130730437,0.739638462,-0.656664131,-0.068093444,9545,104604.004701208,0.003602875,1,0.050139300,0.187531000,-0.562307000,0.060765272,0.739676898,-0.658601646,-0.124215702,1,0.177771304,0.078267198,-0.651232493,0.060765272,0.739676898,-0.658601646,-0.124215702
0.293860166,104604.020691666,vr_world,9545,104604.004701208,0.015991125,1,0.086123500,-0.223822000,-0.537585000,0.130730437,0.739638462,-0.656664131,-0.068093444,1,0.187408897,-0.090257227,-0.628827286,0.130730437,0.739638462,-0.656664131,-0.068093444,9545,104604.004701208,0.015991125,1,0.050139300,0.187531000,-0.562307000,0.060765272,0.739676898,-0.658601646,-0.124215702,1,0.177771304,0.078267198,-0.651232493,0.060765272,0.739676898,-0.658601646,-0.124215702
0.306264250,104604.033095750,vr_world,9546,104604.024187125,0.008909166,1,0.089227000,-0.222069000,-0.537200000,0.130242256,0.743888780,-0.651998360,-0.067561647,1,0.188898069,-0.087081287,-0.628125464,0.130242256,0.743888780,-0.651998360,-0.067561647,9546,104604.024187125,0.008909166,1,0.049326900,0.189129000,-0.562932000,0.061190543,0.740804760,-0.657340470,-0.123965848,1,0.177333551,0.080265864,-0.651810152,0.061190543,0.740804760,-0.657340470,-0.123965848
0.318673750,104604.045505250,vr_world,9547,104604.043406416,0.002099250,1,0.091388100,-0.221661000,-0.537095000,0.128879235,0.750621180,-0.644314911,-0.069399442,1,0.188209741,-0.084099331,-0.627238245,0.128879235,0.750621180,-0.644314911,-0.069399442,9547,104604.043406416,0.002099250,1,0.048820700,0.190105000,-0.563446000,0.062186729,0.741693992,-0.656246694,-0.123948013,1,0.177051310,0.081531629,-0.652355761,0.062186729,0.741693992,-0.656246694,-0.123948013
0.331080750,104604.057912250,vr_world,9547,104604.043406416,0.014506167,1,0.091388100,-0.221661000,-0.537095000,0.128879235,0.750621180,-0.644314911,-0.069399442,1,0.188209741,-0.084099331,-0.627238245,0.128879235,0.750621180,-0.644314911,-0.069399442,9547,104604.043406416,0.014506167,1,0.048820700,0.190105000,-0.563446000,0.062186729,0.741693992,-0.656246694,-0.123948013,1,0.177051310,0.081531629,-0.652355761,0.062186729,0.741693992,-0.656246694,-0.123948013
0.343496791,104604.070328291,vr_world,9547,104604.043406416,0.026922209,1,0.091388100,-0.221661000,-0.537095000,0.128879235,0.750621180,-0.644314911,-0.069399442,1,0.188209741,-0.084099331,-0.627238245,0.128879235,0.750621180,-0.644314911,-0.069399442,9547,104604.043406416,0.026922209,1,0.048820700,0.190105000,-0.563446000,0.062186729,0.741693992,-0.656246694,-0.123948013,1,0.177051310,0.081531629,-0.652355761,0.062186729,0.741693992,-0.656246694,-0.123948013
0.354837708,104604.081669208,vr_world,9548,104604.071690500,0.009979166,1,0.096091000,-0.219321000,-0.537739000,0.125019419,0.760732791,-0.632753528,-0.072654930,1,0.188729973,-0.077743551,-0.626041191,0.125019419,0.760732791,-0.632753528,-0.072654930,9548,104604.071690500,0.009979166,1,0.047869200,0.191806000,-0.564410000,0.063998846,0.743392478,-0.654263227,-0.123334509,1,0.176601947,0.083716642,-0.653183767,0.063998846,0.743392478,-0.654263227,-0.123334509
0.367237791,104604.094069291,vr_world,9549,104604.086551000,0.007518833,1,0.098160600,-0.218029000,-0.537612000,0.124028189,0.766289366,-0.626295605,-0.071912671,1,0.188530442,-0.074650053,-0.625357249,0.124028189,0.766289366,-0.626295605,-0.071912671,9549,104604.086551000,0.007518833,1,0.047461900,0.192947000,-0.565380000,0.066478632,0.744434678,-0.652926650,-0.122818531,1,0.176417699,0.085030889,-0.654040799,0.066478632,0.744434678,-0.652926650,-0.122818531
0.379668541,104604.106500041,vr_world,9549,104604.086551000,0.019949416,1,0.098160600,-0.218029000,-0.537612000,0.124028189,0.766289366,-0.626295605,-0.071912671,1,0.188530442,-0.074650053,-0.625357249,0.124028189,0.766289366,-0.626295605,-0.071912671,9549,104604.086551000,0.019949416,1,0.047461900,0.192947000,-0.565380000,0.066478632,0.744434678,-0.652926650,-0.122818531,1,0.176417699,0.085030889,-0.654040799,0.066478632,0.744434678,-0.652926650,-0.122818531
0.392117041,104604.118948541,vr_world,9550,104604.108399916,0.010551334,1,0.101877000,-0.215454000,-0.537875000,0.118557516,0.773161842,-0.618985200,-0.070867502,1,0.190118387,-0.069500448,-0.623516489,0.118557516,0.773161842,-0.618985200,-0.070867502,9550,104604.108399916,0.010551334,1,0.046752000,0.194820000,-0.566880000,0.070287492,0.746067073,-0.650802209,-0.122065864,1,0.176059201,0.087197380,-0.655385668,0.070287492,0.746067073,-0.650802209,-0.122065864
0.404530125,104604.131361625,vr_world,9551,104604.128793000,0.002569125,1,0.104827000,-0.213254000,-0.538866000,0.107604580,0.782065296,-0.610117411,-0.067467563,1,0.191029625,-0.063860888,-0.620562112,0.107604580,0.782065296,-0.610117411,-0.067467563,9551,104604.128793000,0.002569125,1,0.045929000,0.196432000,-0.568222000,0.074412780,0.747723711,-0.648599197,-0.121206735,1,0.175589419,0.089085283,-0.656545744,0.074412780,0.747723711,-0.648599197,-0.121206735
0.416942458,104604.143773958,vr_world,9551,104604.128793000,0.014981541,1,0.104827000,-0.213254000,-0.538866000,0.107604580,0.782065296,-0.610117411,-0.067467563,1,0.191029625,-0.063860888,-0.620562112,0.107604580,0.782065296,-0.610117411,-0.067467563,9551,104604.128793000,0.014981541,1,0.045929000,0.196432000,-0.568222000,0.074412780,0.747723711,-0.648599197,-0.121206735,1,0.175589419,0.089085283,-0.656545744,0.074412780,0.747723711,-0.648599197,-0.121206735
0.429331375,104604.156162875,vr_world,9552,104604.148351000,0.007813833,1,0.107018000,-0.212748000,-0.539644000,0.100947799,0.788775913,-0.602702171,-0.066273633,1,0.191083986,-0.060807800,-0.618830582,0.100947799,0.788775913,-0.602702171,-0.066273633,9552,104604.148351000,0.007813833,1,0.045488900,0.197120000,-0.568910000,0.076892565,0.748669041,-0.647260444,-0.120979823,1,0.175312262,0.089962011,-0.657223657,0.076892565,0.748669041,-0.647260444,-0.120979823
0.441734041,104604.168565541,vr_world,9552,104604.148351000,0.020215041,1,0.107018000,-0.212748000,-0.539644000,0.100947799,0.788775913,-0.602702171,-0.066273633,1,0.191083986,-0.060807800,-0.618830582,0.100947799,0.788775913,-0.602702171,-0.066273633,9552,104604.148351000,0.020215041,1,0.045488900,0.197120000,-0.568910000,0.076892565,0.748669041,-0.647260444,-0.120979823,1,0.175312262,0.089962011,-0.657223657,0.076892565,0.748669041,-0.647260444,-0.120979823
0.454164291,104604.180995791,vr_world,9553,104604.172782375,0.008213916,1,0.111423000,-0.213344000,-0.543126000,0.077564243,0.809660101,-0.577908229,-0.066756190,1,0.187828857,-0.053137633,-0.613265263,0.077564243,0.809660101,-0.577908229,-0.066756190,9553,104604.172782375,0.008213916,1,0.044686000,0.198455000,-0.570197000,0.080238418,0.750397389,-0.644904619,-0.120679689,1,0.174879304,0.091754704,-0.658520180,0.080238418,0.750397389,-0.644904619,-0.120679689
0.466594916,104604.193426416,vr_world,9554,104604.193070416,0.000356542,1,0.115508000,-0.214906000,-0.545763000,0.066398912,0.828620807,-0.550601623,-0.076266604,1,0.181286138,-0.047802053,-0.610361274,0.066398912,0.828620807,-0.550601623,-0.076266604,9554,104604.193070416,0.000356542,1,0.044137700,0.199047000,-0.570747000,0.081111211,0.751193470,-0.643881924,-0.120604357,1,0.174540828,0.092618339,-0.659088384,0.081111211,0.751193470,-0.643881924,-0.120604357
0.476618916,104604.203450416,vr_world,9554,104604.193070416,0.010380375,1,0.115508000,-0.214906000,-0.545763000,0.066398912,0.828620807,-0.550601623,-0.076266604,1,0.181286138,-0.047802053,-0.610361274,0.066398912,0.828620807,-0.550601623,-0.076266604,9554,104604.193070416,0.010380375,1,0.044137700,0.199047000,-0.570747000,0.081111211,0.751193470,-0.643881924,-0.120604357,1,0.174540828,0.092618339,-0.659088384,0.081111211,0.751193470,-0.643881924,-0.120604357
0.488173166,104604.215004666,vr_world,9555,104604.213118958,0.001886250,1,0.120422000,-0.210681000,-0.549516000,0.036966863,0.828702820,-0.550406791,-0.094538093,1,0.187423556,-0.039959736,-0.602322343,0.036966863,0.828702820,-0.550406791,-0.094538093,9555,104604.213118958,0.001886250,1,0.042979900,0.200129000,-0.571713000,0.083103326,0.753021191,-0.641643864,-0.119775097,1,0.173945533,0.094243284,-0.659874463,0.083103326,0.753021191,-0.641643864,-0.119775097
0.498838541,104604.225670041,vr_world,9555,104604.213118958,0.012551542,1,0.120422000,-0.210681000,-0.549516000,0.036966863,0.828702820,-0.550406791,-0.094538093,1,0.187423556,-0.039959736,-0.602322343,0.036966863,0.828702820,-0.550406791,-0.094538093,9555,104604.213118958,0.012551542,1,0.042979900,0.200129000,-0.571713000,0.083103326,0.753021191,-0.641643864,-0.119775097,1,0.173945533,0.094243284,-0.659874463,0.083103326,0.753021191,-0.641643864,-0.119775097
0.511258666,104604.238090166,vr_world,9556,104604.232052000,0.006038666,1,0.125195000,-0.209229000,-0.548080000,0.056846356,0.829002097,-0.546302580,-0.105249730,1,0.188246839,-0.038988073,-0.606952187,0.056846356,0.829002097,-0.546302580,-0.105249730,9556,104604.232052000,0.006038666,1,0.042256700,0.200539000,-0.572162000,0.083213250,0.753939939,-0.640757860,-0.118657017,1,0.173652691,0.094902027,-0.659980754,0.083213250,0.753939939,-0.640757860,-0.118657017
0.523698291,104604.250529791,vr_world,9556,104604.232052000,0.018478166,1,0.125195000,-0.209229000,-0.548080000,0.056846356,0.829002097,-0.546302580,-0.105249730,1,0.188246839,-0.038988073,-0.606952187,0.056846356,0.829002097,-0.546302580,-0.105249730,9556,104604.232052000,0.018478166,1,0.042256700,0.200539000,-0.572162000,0.083213250,0.753939939,-0.640757860,-0.118657017,1,0.173652691,0.094902027,-0.659980754,0.083213250,0.753939939,-0.640757860,-0.118657017
0.536073791,104604.262905291,vr_world,9557,104604.251120541,0.011785209,1,0.127645000,-0.207699000,-0.550787000,0.056235327,0.829815877,-0.543468967,-0.113510705,1,0.189156034,-0.036550412,-0.608648753,0.056235327,0.829815877,-0.543468967,-0.113510705,9557,104604.251120541,0.011785209,1,0.041697500,0.200910000,-0.572424000,0.083568489,0.754709018,-0.639912186,-0.118080480,1,0.173391173,0.095511221,-0.660083097,0.083568489,0.754709018,-0.639912186,-0.118080480
0.548507416,104604.275338916,vr_world,9558,104604.270539166,0.004800209,1,0.132678000,-0.204216000,-0.553947000,0.050104262,0.833460584,-0.535872707,-0.125193691,1,0.191085299,-0.030833193,-0.608264922,0.050104262,0.833460584,-0.535872707,-0.125193691,9558,104604.270539166,0.004800209,1,0.040596200,0.201736000,-0.572906000,0.084537040,0.756177776,-0.638136124,-0.117605048,1,0.172760396,0.096856398,-0.660479563,0.084537040,0.756177776,-0.638136124,-0.117605048
0.560948333,104604.287779833,vr_world,9558,104604.270539166,0.017241959,1,0.132678000,-0.204216000,-0.553947000,0.050104262,0.833460584,-0.535872707,-0.125193691,1,0.191085299,-0.030833193,-0.608264922,0.050104262,0.833460584,-0.535872707,-0.125193691,9558,104604.270539166,0.017241959,1,0.040596200,0.201736000,-0.572906000,0.084537040,0.756177776,-0.638136124,-0.117605048,1,0.172760396,0.096856398,-0.660479563,0.084537040,0.756177776,-0.638136124,-0.117605048
0.570985500,104604.297817000,vr_world,9559,104604.289683000,0.008134583,1,0.134998000,-0.201002000,-0.554592000,0.057535607,0.830281822,-0.539814826,-0.126181235,1,0.194267284,-0.028806459,-0.611682235,0.057535607,0.830281822,-0.539814826,-0.126181235,9559,104604.289683000,0.008134583,1,0.039971400,0.202233000,-0.573002000,0.084682774,0.756662042,-0.637545518,-0.117588663,1,0.172285026,0.097556264,-0.660592973,0.084682774,0.756662042,-0.637545518,-0.117588663
0.581507583,104604.308339083,vr_world,9559,104604.289683000,0.018656583,1,0.134998000,-0.201002000,-0.554592000,0.057535607,0.830281822,-0.539814826,-0.126181235,1,0.194267284,-0.028806459,-0.611682235,0.057535607,0.830281822,-0.539814826,-0.126181235,9559,104604.289683000,0.018656583,1,0.039971400,0.202233000,-0.573002000,0.084682774,0.756662042,-0.637545518,-0.117588663,1,0.172285026,0.097556264,-0.660592973,0.084682774,0.756662042,-0.637545518,-0.117588663
0.593929500,104604.320761000,vr_world,9560,104604.309473833,0.011289083,1,0.137207000,-0.198180000,-0.556333000,0.061934267,0.829689376,-0.540449022,-0.125277856,1,0.196366058,-0.026505567,-0.615082911,0.061934267,0.829689376,-0.540449022,-0.125277856,9560,104604.309473833,0.011289083,1,0.039314700,0.202774000,-0.573243000,0.085024119,0.757181984,-0.636975071,-0.117085867,1,0.171835852,0.098239480,-0.660689540,0.085024119,0.757181984,-0.636975071,-0.117085867
0.606364041,104604.333195541,vr_world,9561,104604.328567375,0.004630125,1,0.142140000,-0.191919000,-0.558144000,0.072531114,0.828016757,-0.541437818,-0.126382662,1,0.200635216,-0.021319944,-0.620576056,0.072531114,0.828016757,-0.541437818,-0.126382662,9561,104604.328567375,0.004630125,1,0.038186000,0.203702000,-0.573738000,0.086237353,0.758364141,-0.635640133,-0.115795379,1,0.171168055,0.099443740,-0.660813832,0.086237353,0.758364141,-0.635640133,-0.115795379
0.618780000,104604.345611500,vr_world,9561,104604.328567375,0.017044625,1,0.142140000,-0.191919000,-0.558144000,0.072531114,0.828016757,-0.541437818,-0.126382662,1,0.200635216,-0.021319944,-0.620576056,0.072531114,0.828016757,-0.541437818,-0.126382662,9561,104604.328567375,0.017044625,1,0.038186000,0.203702000,-0.573738000,0.086237353,0.758364141,-0.635640133,-0.115795379,1,0.171168055,0.099443740,-0.660813832,0.086237353,0.758364141,-0.635640133,-0.115795379
0.631197291,104604.358028791,vr_world,9562,104604.347350625,0.010678708,1,0.144342000,-0.189247000,-0.558894000,0.082648282,0.827764944,-0.540664397,-0.125125809,1,0.201618313,-0.019584418,-0.624904993,0.082648282,0.827764944,-0.540664397,-0.125125809,9562,104604.347350625,0.010678708,1,0.037612700,0.204165000,-0.573997000,0.087239006,0.759132467,-0.634688419,-0.115229613,1,0.170846127,0.100108674,-0.660929942,0.087239006,0.759132467,-0.634688419,-0.115229613
0.643629166,104604.370460666,vr_world,9563,104604.366657291,0.003805500,1,0.148570000,-0.183726000,-0.561778000,0.089252310,0.828850256,-0.537393208,-0.127474775,1,0.203757384,-0.014116878,-0.629678906,0.089252310,0.828850256,-0.537393208,-0.127474775,9563,104604.366657291,0.003805500,1,0.036617300,0.205050000,-0.574514000,0.088911582,0.760434782,-0.633078680,-0.114214967,1,0.170286014,0.101335148,-0.661186586,0.088911582,0.760434782,-0.633078680,-0.114214967
0.655572083,104604.382403583,vr_world,9563,104604.366657291,0.015749084,1,0.148570000,-0.183726000,-0.561778000,0.089252310,0.828850256,-0.537393208,-0.127474775,1,0.203757384,-0.014116878,-0.629678906,0.089252310,0.828850256,-0.537393208,-0.127474775,9563,104604.366657291,0.015749084,1,0.036617300,0.205050000,-0.574514000,0.088911582,0.760434782,-0.633078680,-0.114214967,1,0.170286014,0.101335148,-0.661186586,0.088911582,0.760434782,-0.633078680,-0.114214967
0.666840958,104604.393672458,vr_world,9564,104604.386142791,0.007530375,1,0.150331000,-0.180554000,-0.562241000,0.097400922,0.828300612,-0.536887929,-0.127210486,1,0.204524687,-0.011768844,-0.632938024,0.097400922,0.828300612,-0.536887929,-0.127210486,9564,104604.386142791,0.007530375,1,0.036176100,0.205523000,-0.574760000,0.090106890,0.760834299,-0.632446329,-0.114120808,1,0.169906500,0.101893881,-0.661440035,0.090106890,0.760834299,-0.632446329,-0.114120808
0.679272083,104604.406103583,vr_world,9565,104604.404123833,0.001981708,1,0.151479000,-0.178094000,-0.563392000,0.102673338,0.828145719,-0.536184989,-0.127037441,1,0.204875333,-0.009809109,-0.635865933,0.102673338,0.828145719,-0.536184989,-0.127037441,9565,104604.404123833,0.001981708,1,0.035753500,0.206035000,-0.575076000,0.091005381,0.760953154,-0.632211665,-0.113915446,1,0.169488657,0.102371620,-0.661707525,0.091005381,0.760953154,-0.632211665,-0.113915446
0.690838375,104604.417669875,vr_world,9565,104604.404123833,0.013546583,1,0.151479000,-0.178094000,-0.563392000,0.102673338,0.828145719,-0.536184989,-0.127037441,1,0.204875333,-0.009809109,-0.635865933,0.102673338,0.828145719,-0.536184989,-0.127037441,9565,104604.404123833,0.013546583,1,0.035753500,0.206035000,-0.575076000,0.091005381,0.760953154,-0.632211665,-0.113915446,1,0.169488657,0.102371620,-0.661707525,0.091005381,0.760953154,-0.632211665,-0.113915446
0.703163250,104604.429994750,vr_world,9566,104604.423398833,0.006596333,1,0.154410000,-0.172609000,-0.565645000,0.109733542,0.827639380,-0.535437457,-0.127586582,1,0.206761941,-0.005009922,-0.640432842,0.109733542,0.827639380,-0.535437457,-0.127586582,9566,104604.423398833,0.006596333,1,0.034944500,0.206942000,-0.575674000,0.092324679,0.761364971,-0.631607914,-0.113450328,1,0.168784372,0.103316515,-0.662189149,0.092324679,0.761364971,-0.631607914,-0.113450328
0.715584208,104604.442415708,vr_world,9567,104604.442369083,0.000047167,1,0.156089000,-0.169032000,-0.565777000,0.119223600,0.825807313,-0.536813761,-0.125135935,1,0.208174551,-0.002960732,-0.644076839,0.119223600,0.825807313,-0.536813761,-0.125135935,9567,104604.442369083,0.000047167,1,0.034574500,0.207353000,-0.575973000,0.092625377,0.761590681,-0.631211293,-0.113896785,1,0.168411307,0.103865106,-0.662657463,0.092625377,0.761590681,-0.631211293,-0.113896785
0.728002500,104604.454834000,vr_world,9567,104604.442369083,0.012465458,1,0.156089000,-0.169032000,-0.565777000,0.119223600,0.825807313,-0.536813761,-0.125135935,1,0.208174551,-0.002960732,-0.644076839,0.119223600,0.825807313,-0.536813761,-0.125135935,9567,104604.442369083,0.012465458,1,0.034574500,0.207353000,-0.575973000,0.092625377,0.761590681,-0.631211293,-0.113896785,1,0.168411307,0.103865106,-0.662657463,0.092625377,0.761590681,-0.631211293,-0.113896785
0.738841083,104604.465672583,vr_world,9568,104604.461511041,0.004161917,1,0.158479000,-0.164716000,-0.566230000,0.131258292,0.823628047,-0.538465078,-0.120264132,1,0.210306998,-0.000789664,-0.649087949,0.131258292,0.823628047,-0.538465078,-0.120264132,9568,104604.461511041,0.004161917,1,0.034236700,0.207785000,-0.576257000,0.092765477,0.761871592,-0.630769431,-0.114351076,1,0.168097299,0.104472199,-0.663113186,0.092765477,0.761871592,-0.630769431,-0.114351076
0.749503708,104604.476335208,vr_world,9568,104604.461511041,0.014824750,1,0.158479000,-0.164716000,-0.566230000,0.131258292,0.823628047,-0.538465078,-0.120264132,1,0.210306998,-0.000789664,-0.649087949,0.131258292,0.823628047,-0.538465078,-0.120264132,9568,104604.461511041,0.014824750,1,0.034236700,0.207785000,-0.576257000,0.092765477,0.761871592,-0.630769431,-0.114351076,1,0.168097299,0.104472199,-0.663113186,0.092765477,0.761871592,-0.630769431,-0.114351076
0.761918041,104604.488749541,vr_world,9569,104604.480201750,0.008548250,1,0.162517000,-0.158714000,-0.566791000,0.155476122,0.823086028,-0.534043701,-0.114690418,1,0.210491406,0.001998266,-0.657859478,0.155476122,0.823086028,-0.534043701,-0.114690418,9569,104604.480201750,0.008548250,1,0.033420900,0.208630000,-0.576836000,0.093427252,0.762823309,-0.629412686,-0.114941801,1,0.167468854,0.105779946,-0.663952335,0.093427252,0.762823309,-0.629412686,-0.114941801
0.773414583,104604.500246083,vr_world,9570,104604.498825541,0.001420750,1,0.164395000,-0.154903000,-0.568313000,0.165743544,0.822392578,-0.533283064,-0.108667839,1,0.211477592,0.003861072,-0.663184621,0.165743544,0.822392578,-0.533283064,-0.108667839,9570,104604.498825541,0.001420750,1,0.033018900,0.209082000,-0.577198000,0.093593996,0.763583406,-0.628474038,-0.114895298,1,0.167304745,0.106562649,-0.664337544,0.093593996,0.763583406,-0.628474038,-0.114895298
0.785638666,104604.512470166,vr_world,9570,104604.498825541,0.013644917,1,0.164395000,-0.154903000,-0.568313000,0.165743544,0.822392578,-0.533283064,-0.108667839,1,0.211477592,0.003861072,-0.663184621,0.165743544,0.822392578,-0.533283064,-0.108667839,9570,104604.498825541,0.013644917,1,0.033018900,0.209082000,-0.577198000,0.093593996,0.763583406,-0.628474038,-0.114895298,1,0.167304745,0.106562649,-0.664337544,0.093593996,0.763583406,-0.628474038,-0.114895298
0.797516125,104604.524347625,vr_world,9571,104604.517767666,0.006580625,1,0.166695000,-0.150826000,-0.568534000,0.183067659,0.819083795,-0.533838249,-0.102979087,1,0.212642247,0.004490802,-0.669474554,0.183067659,0.819083795,-0.533838249,-0.102979087,9571,104604.517767666,0.006580625,1,0.032671300,0.209529000,-0.577596000,0.094093801,0.764328501,-0.627499290,-0.114860523,1,0.167166886,0.107313205,-0.664768992,0.094093801,0.764328501,-0.627499290,-0.114860523
0.808132333,104604.534963833,vr_world,9571,104604.517767666,0.017196584,1,0.166695000,-0.150826000,-0.568534000,0.183067659,0.819083795,-0.533838249,-0.102979087,1,0.212642247,0.004490802,-0.669474554,0.183067659,0.819083795,-0.533838249,-0.102979087,9571,104604.517767666,0.017196584,1,0.032671300,0.209529000,-0.577596000,0.094093801,0.764328501,-0.627499290,-0.114860523,1,0.167166886,0.107313205,-0.664768992,0.094093801,0.764328501,-0.627499290,-0.114860523
0.820323791,104604.547155291,vr_world,9572,104604.537243208,0.009912375,1,0.170403000,-0.145469000,-0.570494000,0.202051593,0.819374949,-0.527863693,-0.095706681,1,0.212695812,0.006677664,-0.677667456,0.202051593,0.819374949,-0.527863693,-0.095706681,9572,104604.537243208,0.009912375,1,0.032020500,0.210392000,-0.578367000,0.095920461,0.765646351,-0.625630317,-0.114767755,1,0.166828774,0.108647994,-0.665608689,0.095920461,0.765646351,-0.625630317,-0.114767755
0.832627375,104604.559458875,vr_world,9573,104604.557748791,0.001710542,1,0.171783000,-0.142962000,-0.571965000,0.206230705,0.820909588,-0.524429595,-0.092465915,1,0.212633823,0.008603718,-0.680512064,0.206230705,0.820909588,-0.524429595,-0.092465915,9573,104604.557748791,0.001710542,1,0.031760600,0.210918000,-0.578971000,0.097409575,0.766082982,-0.625016372,-0.113941975,1,0.166717410,0.109172798,-0.665981496,0.097409575,0.766082982,-0.625016372,-0.113941975
0.845012125,104604.571843625,vr_world,9573,104604.557748791,0.014095417,1,0.171783000,-0.142962000,-0.571965000,0.206230705,0.820909588,-0.524429595,-0.092465915,1,0.212633823,0.008603718,-0.680512064,0.206230705,0.820909588,-0.524429595,-0.092465915,9573,104604.557748791,0.014095417,1,0.031760600,0.210918000,-0.578971000,0.097409575,0.766082982,-0.625016372,-0.113941975,1,0.166717410,0.109172798,-0.665981496,0.097409575,0.766082982,-0.625016372,-0.113941975
0.856325208,104604.583156708,vr_world,9574,104604.577175250,0.005981875,1,0.173458000,-0.138217000,-0.574467000,0.215884429,0.820324321,-0.523079084,-0.082765892,1,0.213765087,0.010776334,-0.686715731,0.215884429,0.820324321,-0.523079084,-0.082765892,9574,104604.577175250,0.005981875,1,0.031323600,0.211783000,-0.579899000,0.100159256,0.767152772,-0.623376091,-0.113344594,1,0.166521362,0.110277541,-0.666815598,0.100159256,0.767152772,-0.623376091,-0.113344594
0.866852208,104604.593683708,vr_world,9574,104604.577175250,0.016509000,1,0.173458000,-0.138217000,-0.574467000,0.215884429,0.820324321,-0.523079084,-0.082765892,1,0.213765087,0.010776334,-0.686715731,0.215884429,0.820324321,-0.523079084,-0.082765892,9574,104604.577175250,0.016509000,1,0.031323600,0.211783000,-0.579899000,0.100159256,0.767152772,-0.623376091,-0.113344594,1,0.166521362,0.110277541,-0.666815598,0.100159256,0.767152772,-0.623376091,-0.113344594
0.877299000,104604.604130500,vr_world,9575,104604.596680000,0.007450958,1,0.174559000,-0.135236000,-0.576061000,0.219221770,0.819757705,-0.523776370,-0.074816003,1,0.215636590,0.012248100,-0.690010481,0.219221770,0.819757705,-0.523776370,-0.074816003,9575,104604.596680000,0.007450958,1,0.031169300,0.212201000,-0.580441000,0.101698936,0.767788652,-0.622375936,-0.113164068,1,0.166494335,0.110868319,-0.667360835,0.101698936,0.767788652,-0.622375936,-0.113164068
0.889624375,104604.616455875,vr_world,9576,104604.616185125,0.000271125,1,0.177061000,-0.130271000,-0.578624000,0.230630722,0.818919608,-0.521763117,-0.062796464,1,0.217550648,0.013954882,-0.696873421,0.230630722,0.818919608,-0.521763117,-0.062796464,9576,104604.616185125,0.000271125,1,0.030866500,0.213006000,-0.581360000,0.104445699,0.768751968,-0.620762081,-0.112986492,1,0.166347134,0.111923189,-0.668328222,0.104445699,0.768751968,-0.620762081,-0.112986492
0.901525166,104604.628356666,vr_world,9576,104604.616185125,0.012178000,1,0.177061000,-0.130271000,-0.578624000,0.230630722,0.818919608,-0.521763117,-0.062796464,1,0.217550648,0.013954882,-0.696873421,0.230630722,0.818919608,-0.521763117,-0.062796464,9576,104604.616185125,0.012178000,1,0.030866500,0.213006000,-0.581360000,0.104445699,0.768751968,-0.620762081,-0.112986492,1,0.166347134,0.111923189,-0.668328222,0.104445699,0.768751968,-0.620762081,-0.112986492
0.913931583,104604.640763083,vr_world,9577,104604.635197541,0.005565959,1,0.178768000,-0.127932000,-0.580313000,0.236104958,0.820118255,-0.518066715,-0.057160960,1,0.217970584,0.015067395,-0.700470294,0.236104958,0.820118255,-0.518066715,-0.057160960,9577,104604.635197541,0.005565959,1,0.030748200,0.213425000,-0.581786000,0.105948606,0.768936294,-0.620193796,-0.113452739,1,0.166133190,0.112388110,-0.668956385,0.105948606,0.768936294,-0.620193796,-0.113452739
0.924335958,104604.651167458,vr_world,9577,104604.635197541,0.015970417,1,0.178768000,-0.127932000,-0.580313000,0.236104958,0.820118255,-0.518066715,-0.057160960,1,0.217970584,0.015067395,-0.700470294,0.236104958,0.820118255,-0.518066715,-0.057160960,9577,104604.635197541,0.015970417,1,0.030748200,0.213425000,-0.581786000,0.105948606,0.768936294,-0.620193796,-0.113452739,1,0.166133190,0.112388110,-0.668956385,0.105948606,0.768936294,-0.620193796,-0.113452739
0.936173875,104604.663005375,vr_world,9578,104604.655332208,0.007673458,1,0.179978000,-0.125636000,-0.582465000,0.238839216,0.820318476,-0.517027168,-0.052118470,1,0.219124191,0.016397365,-0.703781003,0.238839216,0.820318476,-0.517027168,-0.052118470,9578,104604.655332208,0.007673458,1,0.030495400,0.213810000,-0.582230000,0.107053970,0.769252375,-0.619614237,-0.113439097,1,0.165913479,0.112848722,-0.669436688,0.107053970,0.769252375,-0.619614237,-0.113439097
0.948539958,104604.675371458,vr_world,9579,104604.674571541,0.000800334,1,0.183644000,-0.121093000,-0.585878000,0.248286433,0.821628468,-0.511048992,-0.045928595,1,0.220372998,0.018976885,-0.710195702,0.248286433,0.821628468,-0.511048992,-0.045928595,9579,104604.674571541,0.000800334,1,0.030120000,0.214474000,-0.583141000,0.109264164,0.770084644,-0.618262733,-0.113058292,1,0.165714111,0.113717928,-0.670311468,0.109264164,0.770084644,-0.618262733,-0.113058292
0.960888125,104604.687719625,vr_world,9579,104604.674571541,0.013148625,1,0.183644000,-0.121093000,-0.585878000,0.248286433,0.821628468,-0.511048992,-0.045928595,1,0.220372998,0.018976885,-0.710195702,0.248286433,0.821628468,-0.511048992,-0.045928595,9579,104604.674571541,0.013148625,1,0.030120000,0.214474000,-0.583141000,0.109264164,0.770084644,-0.618262733,-0.113058292,1,0.165714111,0.113717928,-0.670311468,0.109264164,0.770084644,-0.618262733,-0.113058292
0.973301083,104604.700132583,vr_world,9580,104604.694126291,0.006006709,1,0.185362000,-0.118897000,-0.587993000,0.252793601,0.821910518,-0.508431489,-0.045342216,1,0.220737053,0.020411027,-0.713553056,0.252793601,0.821910518,-0.508431489,-0.045342216,9580,104604.694126291,0.006006709,1,0.029993600,0.214796000,-0.583647000,0.110000337,0.770227490,-0.618008205,-0.112762573,1,0.165626630,0.114025515,-0.670740112,0.110000337,0.770227490,-0.618008205,-0.112762573
0.985717333,104604.712548833,vr_world,9580,104604.694126291,0.018423000,1,0.185362000,-0.118897000,-0.587993000,0.252793601,0.821910518,-0.508431489,-0.045342216,1,0.220737053,0.020411027,-0.713553056,0.252793601,0.821910518,-0.508431489,-0.045342216,9580,104604.694126291,0.018423000,1,0.029993600,0.214796000,-0.583647000,0.110000337,0.770227490,-0.618008205,-0.112762573,1,0.165626630,0.114025515,-0.670740112,0.110000337,0.770227490,-0.618008205,-0.112762573
0.997533791,104604.724365291,vr_world,9581,104604.714312625,0.010053166,1,0.188403000,-0.114399000,-0.591713000,0.261785774,0.820996322,-0.505767578,-0.040403026,1,0.222532068,0.022601095,-0.720125120,0.261785774,0.820996322,-0.505767578,-0.040403026,9581,104604.714312625,0.010053166,1,0.029759000,0.215404000,-0.584575000,0.111570841,0.770294068,-0.617663150,-0.112655361,1,0.165332074,0.114553810,-0.671669335,0.111570841,0.770294068,-0.617663150,-0.112655361
1.009779083,104604.736610583,vr_world,9582,104604.734905708,0.001705292,1,0.190266000,-0.112104000,-0.594047000,0.266365595,0.821984675,-0.501882996,-0.038781734,1,0.222714173,0.024107491,-0.723727526,0.266365595,0.821984675,-0.501882996,-0.038781734,9582,104604.734905708,0.001705292,1,0.029670700,0.215572000,-0.585085000,0.111918752,0.770194477,-0.617645660,-0.113086249,1,0.165134692,0.114704494,-0.672328842,0.111918752,0.770194477,-0.617645660,-0.113086249
1.022077666,104604.748909166,vr_world,9582,104604.734905708,0.014003917,1,0.190266000,-0.112104000,-0.594047000,0.266365595,0.821984675,-0.501882996,-0.038781734,1,0.222714173,0.024107491,-0.723727526,0.266365595,0.821984675,-0.501882996,-0.038781734,9582,104604.734905708,0.014003917,1,0.029670700,0.215572000,-0.585085000,0.111918752,0.770194477,-0.617645660,-0.113086249,1,0.165134692,0.114704494,-0.672328842,0.111918752,0.770194477,-0.617645660,-0.113086249
1.033276541,104604.760108041,vr_world,9583,104604.754893083,0.005215375,1,0.193561000,-0.107607000,-0.597490000,0.278340659,0.823203515,-0.493642531,-0.034343878,1,0.222385585,0.026155498,-0.730532008,0.278340659,0.823203515,-0.493642531,-0.034343878,9583,104604.754893083,0.005215375,1,0.029507400,0.216006000,-0.585989000,0.113339634,0.770507540,-0.616790000,-0.114203123,1,0.164835662,0.115331187,-0.673664874,0.113339634,0.770507540,-0.616790000,-0.114203123
1.045047416,104604.771878916,vr_world,9583,104604.754893083,0.016986208,1,0.193561000,-0.107607000,-0.597490000,0.278340659,0.823203515,-0.493642531,-0.034343878,1,0.222385585,0.026155498,-0.730532008,0.278340659,0.823203515,-0.493642531,-0.034343878,9583,104604.754893083,0.016986208,1,0.029507400,0.216006000,-0.585989000,0.113339634,0.770507540,-0.616790000,-0.114203123,1,0.164835662,0.115331187,-0.673664874,0.113339634,0.770507540,-0.616790000,-0.114203123
1.056815333,104604.783646833,vr_world,9584,104604.775490375,0.008156708,1,0.194270000,-0.105034000,-0.599214000,0.282119398,0.822651624,-0.492735874,-0.029399137,1,0.223084980,0.027324901,-0.733654529,0.282119398,0.822651624,-0.492735874,-0.029399137,9584,104604.775490375,0.008156708,1,0.029455700,0.216284000,-0.586632000,0.114259213,0.770642402,-0.616395449,-0.114506636,1,0.164730512,0.115652188,-0.674439740,0.114259213,0.770642402,-0.616395449,-0.114506636
1.066872791,104604.793704291,vr_world,9584,104604.775490375,0.018214416,1,0.194270000,-0.105034000,-0.599214000,0.282119398,0.822651624,-0.492735874,-0.029399137,1,0.223084980,0.027324901,-0.733654529,0.282119398,0.822651624,-0.492735874,-0.029399137,9584,104604.775490375,0.018214416,1,0.029455700,0.216284000,-0.586632000,0.114259213,0.770642402,-0.616395449,-0.114506636,1,0.164730512,0.115652188,-0.674439740,0.114259213,0.770642402,-0.616395449,-0.114506636
1.079253000,104604.806084500,vr_world,9585,104604.796005750,0.010079000,1,0.195673000,-0.100451000,-0.601848000,0.291303772,0.820655099,-0.491278706,-0.017679163,1,0.224762543,0.028356520,-0.739637330,0.291303772,0.820655099,-0.491278706,-0.017679163,9585,104604.796005750,0.010079000,1,0.029362500,0.216832000,-0.587552000,0.116108031,0.770427634,-0.616178302,-0.115258341,1,0.164358699,0.116074578,-0.675644074,0.116108031,0.770427634,-0.616178302,-0.115258341
1.090905125,104604.817736625,vr_world,9586,104604.815761291,0.001975834,1,0.196103000,-0.098136400,-0.603632000,0.290088192,0.821766968,-0.490323701,-0.011426288,1,0.225895306,0.030377384,-0.741545302,0.290088192,0.821766968,-0.490323701,-0.011426288,9586,104604.815761291,0.001975834,1,0.029285600,0.217104000,-0.587940000,0.116716116,0.770058591,-0.616461192,-0.115597207,1,0.164084304,0.116175616,-0.676138637,0.116716116,0.770058591,-0.616461192,-0.115597207
1.101008333,104604.827839833,vr_world,9586,104604.815761291,0.012082000,1,0.196103000,-0.098136400,-0.603632000,0.290088192,0.821766968,-0.490323701,-0.011426288,1,0.225895306,0.030377384,-0.741545302,0.290088192,0.821766968,-0.490323701,-0.011426288,9586,104604.815761291,0.012082000,1,0.029285600,0.217104000,-0.587940000,0.116716116,0.770058591,-0.616461192,-0.115597207,1,0.164084304,0.116175616,-0.676138637,0.116716116,0.770058591,-0.616461192,-0.115597207
1.111301041,104604.838132541,vr_world,9587,104604.836275833,0.001857750,1,0.197100000,-0.095595000,-0.604666000,0.294178962,0.822786578,-0.486245173,-0.006827712,1,0.225720267,0.031762753,-0.743893659,0.294178962,0.822786578,-0.486245173,-0.006827712,9587,104604.836275833,0.001857750,1,0.029181500,0.217290000,-0.588235000,0.116818797,0.770022871,-0.616393351,-0.116092131,1,0.163896424,0.116397879,-0.676602962,0.116818797,0.770022871,-0.616393351,-0.116092131
1.123295875,104604.850127375,vr_world,9587,104604.836275833,0.013852000,1,0.197100000,-0.095595000,-0.604666000,0.294178962,0.822786578,-0.486245173,-0.006827712,1,0.225720267,0.031762753,-0.743893659,0.294178962,0.822786578,-0.486245173,-0.006827712,9587,104604.836275833,0.013852000,1,0.029181500,0.217290000,-0.588235000,0.116818797,0.770022871,-0.616393351,-0.116092131,1,0.163896424,0.116397879,-0.676602962,0.116818797,0.770022871,-0.616393351,-0.116092131
1.135662583,104604.862494083,vr_world,9588,104604.856271416,0.006223000,1,0.198420000,-0.091104900,-0.607299000,0.298550059,0.824372641,-0.480906911,0.002480674,1,0.226146499,0.034564984,-0.748230819,0.298550059,0.824372641,-0.480906911,0.002480674,9588,104604.856271416,0.006223000,1,0.028942700,0.217749000,-0.588919000,0.117549830,0.770243150,-0.615808473,-0.116993383,1,0.163561425,0.117024592,-0.677624183,0.117549830,0.770243150,-0.615808473,-0.116993383
1.147119125,104604.873950625,vr_world,9588,104604.856271416,0.017679709,1,0.198420000,-0.091104900,-0.607299000,0.298550059,0.824372641,-0.480906911,0.002480674,1,0.226146499,0.034564984,-0.748230819,0.298550059,0.824372641,-0.480906911,0.002480674,9588,104604.856271416,0.017679709,1,0.028942700,0.217749000,-0.588919000,0.117549830,0.770243150,-0.615808473,-0.116993383,1,0.163561425,0.117024592,-0.677624183,0.117549830,0.770243150,-0.615808473,-0.116993383
1.158479625,104604.885311125,vr_world,9589,104604.875964375,0.009347166,1,0.198673000,-0.088558400,-0.608258000,0.302021436,0.824111170,-0.479123749,0.008016515,1,0.226321709,0.035689513,-0.750460170,0.302021436,0.824111170,-0.479123749,0.008016515,9589,104604.875964375,0.009347166,1,0.028748000,0.218061000,-0.589350000,0.117659164,0.770289891,-0.615696855,-0.117163084,1,0.163352073,0.117372519,-0.678118332,0.117659164,0.770289891,-0.615696855,-0.117163084
1.170843541,104604.897675041,vr_world,9590,104604.896724625,0.000950958,1,0.198782000,-0.084134900,-0.610785000,0.304004711,0.824475774,-0.476890640,0.019903558,1,0.227385648,0.038359288,-0.754313501,0.304004711,0.824475774,-0.476890640,0.019903558,9590,104604.896724625,0.000950958,1,0.028350600,0.218692000,-0.590370000,0.118446941,0.770370383,-0.615435552,-0.117212958,1,0.162925834,0.117999064,-0.679177042,0.118446941,0.770370383,-0.615435552,-0.117212958
1.183061166,104604.909892666,vr_world,9590,104604.896724625,0.013168708,1,0.198782000,-0.084134900,-0.610785000,0.304004711,0.824475774,-0.476890640,0.019903558,1,0.227385648,0.038359288,-0.754313501,0.304004711,0.824475774,-0.476890640,0.019903558,9590,104604.896724625,0.013168708,1,0.028350600,0.218692000,-0.590370000,0.118446941,0.770370383,-0.615435552,-0.117212958,1,0.162925834,0.117999064,-0.679177042,0.118446941,0.770370383,-0.615435552,-0.117212958
1.194839625,104604.921671125,vr_world,9591,104604.916680666,0.004991042,1,0.198590000,-0.081865300,-0.612136000,0.305890008,0.823764912,-0.476548801,0.027274767,1,0.228136638,0.039229066,-0.756657843,0.305890008,0.823764912,-0.476548801,0.027274767,9591,104604.916680666,0.004991042,1,0.028230400,0.219130000,-0.591258000,0.119169995,0.770283996,-0.615372967,-0.117376274,1,0.162713260,0.118371748,-0.680130875,0.119169995,0.770283996,-0.615372967,-0.117376274
1.205509708,104604.932341208,vr_world,9591,104604.916680666,0.015661000,1,0.198590000,-0.081865300,-0.612136000,0.305890008,0.823764912,-0.476548801,0.027274767,1,0.228136638,0.039229066,-0.756657843,0.305890008,0.823764912,-0.476548801,0.027274767,9591,104604.916680666,0.015661000,1,0.028230400,0.219130000,-0.591258000,0.119169995,0.770283996,-0.615372967,-0.117376274,1,0.162713260,0.118371748,-0.680130875,0.119169995,0.770283996,-0.615372967,-0.117376274
1.216180416,104604.943011916,vr_world,9592,104604.936943375,0.006069041,1,0.198647000,-0.078207100,-0.615334000,0.307391076,0.823889407,-0.474537904,0.039124790,1,0.229364820,0.041204081,-0.761007723,0.307391076,0.823889407,-0.474537904,0.039124790,9592,104604.936943375,0.006069041,1,0.028278500,0.219839000,-0.592657000,0.120594545,0.770193894,-0.614878489,-0.119091417,1,0.162414925,0.119159144,-0.682140001,0.120594545,0.770193894,-0.614878489,-0.119091417
1.226885541,104604.953717041,vr_world,9592,104604.936943375,0.016778083,1,0.198647000,-0.078207100,-0.615334000,0.307391076,0.823889407,-0.474537904,0.039124790,1,0.229364820,0.041204081,-0.761007723,0.307391076,0.823889407,-0.474537904,0.039124790,9592,104604.936943375,0.016778083,1,0.028278500,0.219839000,-0.592657000,0.120594545,0.770193894,-0.614878489,-0.119091417,1,0.162414925,0.119159144,-0.682140001,0.120594545,0.770193894,-0.614878489,-0.119091417
1.239224791,104604.966056291,vr_world,9593,104604.956245208,0.009812000,1,0.198775000,-0.076610100,-0.617414000,0.307343722,0.824478273,-0.473226486,0.042803124,1,0.229664295,0.042494867,-0.763301925,0.307343722,0.824478273,-0.473226486,0.042803124,9593,104604.956245208,0.009812000,1,0.028354900,0.220123000,-0.593112000,0.121939858,0.770433477,-0.613868696,-0.121359600,1,0.162174999,0.119751964,-0.683411804,0.121939858,0.770433477,-0.613868696,-0.121359600
1.251550208,104604.978381708,vr_world,9594,104604.975704458,0.002677875,1,0.198874000,-0.075261200,-0.619368000,0.307603822,0.825089972,-0.471857173,0.044240644,1,0.229502449,0.043734126,-0.765400259,0.307603822,0.825089972,-0.471857173,0.044240644,9594,104604.975704458,0.002677875,1,0.028309600,0.220506000,-0.593680000,0.123045414,0.770455967,-0.613341823,-0.122756819,1,0.161877579,0.120250594,-0.684480110,0.123045414,0.770455967,-0.613341823,-0.122756819
1.263923291,104604.990754791,vr_world,9594,104604.975704458,0.015050792,1,0.198874000,-0.075261200,-0.619368000,0.307603822,0.825089972,-0.471857173,0.044240644,1,0.229502449,0.043734126,-0.765400259,0.307603822,0.825089972,-0.471857173,0.044240644,9594,104604.975704458,0.015050792,1,0.028309600,0.220506000,-0.593680000,0.123045414,0.770455967,-0.613341823,-0.122756819,1,0.161877579,0.120250594,-0.684480110,0.123045414,0.770455967,-0.613341823,-0.122756819
1.276287291,104605.003118791,vr_world,9595,104604.993916125,0.009203291,1,0.198516000,-0.073192700,-0.622783000,0.306189580,0.826771979,-0.469473695,0.047859017,1,0.229037522,0.046005927,-0.768671980,0.306189580,0.826771979,-0.469473695,0.047859017,9595,104604.993916125,0.009203291,1,0.028228800,0.221140000,-0.594920000,0.124747937,0.770250357,-0.612962182,-0.124216357,1,0.161427958,0.120864802,-0.686238563,0.124747937,0.770250357,-0.612962182,-0.124216357
1.288690791,104605.015522291,vr_world,9595,104604.993916125,0.021606958,1,0.198516000,-0.073192700,-0.622783000,0.306189580,0.826771979,-0.469473695,0.047859017,1,0.229037522,0.046005927,-0.768671980,0.306189580,0.826771979,-0.469473695,0.047859017,9595,104604.993916125,0.021606958,1,0.028228800,0.221140000,-0.594920000,0.124747937,0.770250357,-0.612962182,-0.124216357,1,0.161427958,0.120864802,-0.686238563,0.124747937,0.770250357,-0.612962182,-0.124216357
1.298842375,104605.025673875,vr_world,9596,104605.016925583,0.008748708,1,0.197075000,-0.073203000,-0.624934000,0.300096031,0.827717443,-0.471580254,0.049378861,1,0.229095794,0.047330737,-0.769397541,0.300096031,0.827717443,-0.471580254,0.049378861,9596,104605.016925583,0.008748708,1,0.028320000,0.221395000,-0.595825000,0.124848735,0.769835473,-0.613527099,-0.123897687,1,0.161428311,0.120878135,-0.687010284,0.124848735,0.769835473,-0.613527099,-0.123897687
1.310228875,104605.037060375,vr_world,9596,104605.016925583,0.020135292,1,0.197075000,-0.073203000,-0.624934000,0.300096031,0.827717443,-0.471580254,0.049378861,1,0.229095794,0.047330737,-0.769397541,0.300096031,0.827717443,-0.471580254,0.049378861,9596,104605.016925583,0.020135292,1,0.028320000,0.221395000,-0.595825000,0.124848735,0.769835473,-0.613527099,-0.123897687,1,0.161428311,0.120878135,-0.687010284,0.124848735,0.769835473,-0.613527099,-0.123897687
1.322598458,104605.049429958,vr_world,9597,104605.037907416,0.011523000,1,0.196002000,-0.071484300,-0.629444000,0.292521558,0.828452633,-0.474500283,0.054284939,1,0.230511644,0.050275926,-0.772296946,0.292521558,0.828452633,-0.474500283,0.054284939,9597,104605.037907416,0.011523000,1,0.028774800,0.221790000,-0.597030000,0.125415720,0.769587816,-0.613305806,-0.125942365,1,0.161487071,0.121377902,-0.688905337,0.125415720,0.769587816,-0.613305806,-0.125942365
1.333519041,104605.060350541,vr_world,9598,104605.058312541,0.002038625,1,0.196011000,-0.070319400,-0.631423000,0.295986319,0.826919799,-0.474864874,0.055669534,1,0.230629390,0.050250639,-0.775255795,0.295986319,0.826919799,-0.474864874,0.055669534,9598,104605.058312541,0.002038625,1,0.029293600,0.222023000,-0.597232000,0.125903194,0.769626892,-0.612457214,-0.129301951,1,0.161517278,0.122027235,-0.690258672,0.125903194,0.769626892,-0.612457214,-0.129301951
1.345907291,104605.072738791,vr_world,9598,104605.058312541,0.014426667,1,0.196011000,-0.070319400,-0.631423000,0.295986319,0.826919799,-0.474864874,0.055669534,1,0.230629390,0.050250639,-0.775255795,0.295986319,0.826919799,-0.474864874,0.055669534,9598,104605.058312541,0.014426667,1,0.029293600,0.222023000,-0.597232000,0.125903194,0.769626892,-0.612457214,-0.129301951,1,0.161517278,0.122027235,-0.690258672,0.125903194,0.769626892,-0.612457214,-0.129301951
1.358268791,104605.085100291,vr_world,9599,104605.077860250,0.007240541,1,0.195096000,-0.069188000,-0.635626000,0.292348583,0.826390856,-0.477835226,0.057305800,1,0.231346999,0.051881347,-0.778634912,0.292348583,0.826390856,-0.477835226,0.057305800,9599,104605.077860250,0.007240541,1,0.029664200,0.222490000,-0.597780000,0.126668693,0.769271241,-0.611912314,-0.133192039,1,0.161179999,0.122785110,-0.692113412,0.126668693,0.769271241,-0.611912314,-0.133192039
1.370689333,104605.097520833,vr_world,9600,104605.096663791,0.000857709,1,0.194721000,-0.068573500,-0.637501000,0.292969298,0.826700027,-0.477014273,0.056510517,1,0.230490128,0.052510403,-0.780618902,0.292969298,0.826700027,-0.477014273,0.056510517,9600,104605.096663791,0.000857709,1,0.029680900,0.222866000,-0.597891000,0.126688588,0.768602939,-0.612541546,-0.134135671,1,0.160853859,0.122970317,-0.692499329,0.126688588,0.768602939,-0.612541546,-0.134135671
1.383092875,104605.109924375,vr_world,9600,104605.096663791,0.013260959,1,0.194721000,-0.068573500,-0.637501000,0.292969298,0.826700027,-0.477014273,0.056510517,1,0.230490128,0.052510403,-0.780618902,0.292969298,0.826700027,-0.477014273,0.056510517,9600,104605.096663791,0.013260959,1,0.029680900,0.222866000,-0.597891000,0.126688588,0.768602939,-0.612541546,-0.134135671,1,0.160853859,0.122970317,-0.692499329,0.126688588,0.768602939,-0.612541546,-0.134135671
1.395539208,104605.122370708,vr_world,9601,104605.115758250,0.006614958,1,0.193541000,-0.067407400,-0.641764000,0.289023624,0.827591552,-0.477641434,0.058448521,1,0.230172933,0.054478519,-0.783979826,0.289023624,0.827591552,-0.477641434,0.058448521,9601,104605.115758250,0.006614958,1,0.029611700,0.223387000,-0.598190000,0.126143603,0.767944003,-0.613339308,-0.134776459,1,0.160522685,0.123301958,-0.692960758,0.126143603,0.767944003,-0.613339308,-0.134776459
1.407541125,104605.134372625,vr_world,9601,104605.115758250,0.018614833,1,0.193541000,-0.067407400,-0.641764000,0.289023624,0.827591552,-0.477641434,0.058448521,1,0.230172933,0.054478519,-0.783979826,0.289023624,0.827591552,-0.477641434,0.058448521,9601,104605.115758250,0.018614833,1,0.029611700,0.223387000,-0.598190000,0.126143603,0.767944003,-0.613339308,-0.134776459,1,0.160522685,0.123301958,-0.692960758,0.126143603,0.767944003,-0.613339308,-0.134776459
1.419949125,104605.146780625,vr_world,9602,104605.134938625,0.011842708,1,0.193022000,-0.066132000,-0.643983000,0.290149524,0.826972532,-0.477750022,0.060700912,1,0.230002398,0.055147720,-0.786626491,0.290149524,0.826972532,-0.477750022,0.060700912,9602,104605.134938625,0.011842708,1,0.029561600,0.223659000,-0.598277000,0.125145123,0.767896599,-0.613698446,-0.134341836,1,0.160582272,0.123557645,-0.692878980,0.125145123,0.767896599,-0.613698446,-0.134341836
1.432366625,104605.159198125,vr_world,9603,104605.154354416,0.004844084,1,0.192206000,-0.064627000,-0.646202000,0.291948567,0.826554657,-0.476762076,0.065355615,1,0.229517762,0.055677258,-0.789583189,0.291948567,0.826554657,-0.476762076,0.065355615,9603,104605.154354416,0.004844084,1,0.029476300,0.224078000,-0.598440000,0.123908364,0.767924273,-0.613738839,-0.135143129,1,0.160469676,0.124175803,-0.693289961,0.123908364,0.767924273,-0.613738839,-0.135143129
1.444796125,104605.171627625,vr_world,9603,104605.154354416,0.017275292,1,0.192206000,-0.064627000,-0.646202000,0.291948567,0.826554657,-0.476762076,0.065355615,1,0.229517762,0.055677258,-0.789583189,0.291948567,0.826554657,-0.476762076,0.065355615,9603,104605.154354416,0.017275292,1,0.029476300,0.224078000,-0.598440000,0.123908364,0.767924273,-0.613738839,-0.135143129,1,0.160469676,0.124175803,-0.693289961,0.123908364,0.767924273,-0.613738839,-0.135143129
1.457219666,104605.184051166,vr_world,9604,104605.173116166,0.010937459,1,0.190361000,-0.062327000,-0.650279000,0.293383688,0.825356888,-0.476393305,0.075904133,1,0.229326503,0.056288736,-0.794623851,0.293383688,0.825356888,-0.476393305,0.075904133,9604,104605.173116166,0.010937459,1,0.029227100,0.224769000,-0.598665000,0.121725409,0.768013251,-0.613565759,-0.137388611,1,0.160068592,0.125353928,-0.694233678,0.121725409,0.768013251,-0.613565759,-0.137388611
1.469613583,104605.196445083,vr_world,9605,104605.192054375,0.004391208,1,0.189806000,-0.060792700,-0.652466000,0.295233715,0.825029370,-0.474878522,0.081571940,1,0.229131136,0.056743142,-0.797594517,0.295233715,0.825029370,-0.474878522,0.081571940,9605,104605.192054375,0.004391208,1,0.029040300,0.225283000,-0.598897000,0.120595704,0.768094827,-0.613335638,-0.138947504,1,0.159758503,0.126194585,-0.694972386,0.120595704,0.768094827,-0.613335638,-0.138947504
1.482047250,104605.208878750,vr_world,9605,104605.192054375,0.016824750,1,0.189806000,-0.060792700,-0.652466000,0.295233715,0.825029370,-0.474878522,0.081571940,1,0.229131136,0.056743142,-0.797594517,0.295233715,0.825029370,-0.474878522,0.081571940,9605,104605.192054375,0.016824750,1,0.029040300,0.225283000,-0.598897000,0.120595704,0.768094827,-0.613335638,-0.138947504,1,0.159758503,0.126194585,-0.694972386,0.120595704,0.768094827,-0.613335638,-0.138947504
1.493508791,104605.220340291,vr_world,9606,104605.211604791,0.008739667,1,0.189449000,-0.056969900,-0.652833000,0.299024572,0.826027348,-0.470616331,0.082361369,1,0.227131975,0.059831712,-0.798986428,0.299024572,0.826027348,-0.470616331,0.082361369,9606,104605.211604791,0.008739667,1,0.028923700,0.225878000,-0.599204000,0.120010259,0.768249975,-0.612820742,-0.140855429,1,0.159456241,0.127166094,-0.695917233,0.120010259,0.768249975,-0.612820742,-0.140855429
1.505753375,104605.232584875,vr_world,9607,104605.230336125,0.002249166,1,0.188184000,-0.055738300,-0.659285000,0.302581722,0.821065059,-0.475085430,0.092683897,1,0.229138336,0.058191409,-0.806818654,0.302581722,0.821065059,-0.475085430,0.092683897,9607,104605.230336125,0.002249166,1,0.028598100,0.226872000,-0.599654000,0.119780533,0.768621236,-0.611752656,-0.143640898,1,0.158861367,0.128741768,-0.697317511,0.119780533,0.768621236,-0.611752656,-0.143640898
1.518134583,104605.244966083,vr_world,9607,104605.230336125,0.014630416,1,0.188184000,-0.055738300,-0.659285000,0.302581722,0.821065059,-0.475085430,0.092683897,1,0.229138336,0.058191409,-0.806818654,0.302581722,0.821065059,-0.475085430,0.092683897,9607,104605.230336125,0.014630416,1,0.028598100,0.226872000,-0.599654000,0.119780533,0.768621236,-0.611752656,-0.143640898,1,0.158861367,0.128741768,-0.697317511,0.119780533,0.768621236,-0.611752656,-0.143640898
1.530474250,104605.257305750,vr_world,9608,104605.249269208,0.008036792,1,0.183551000,-0.056576100,-0.654893000,0.298157912,0.817006496,-0.482531561,0.103757110,1,0.229545844,0.056343585,-0.801716287,0.298157912,0.817006496,-0.482531561,0.103757110,9608,104605.249269208,0.008036792,1,0.028261600,0.227554000,-0.600021000,0.121492266,0.768919284,-0.610750248,-0.144868554,1,0.158326223,0.129622352,-0.698147558,0.121492266,0.768919284,-0.610750248,-0.144868554
1.542852000,104605.269683500,vr_world,9609,104605.269229875,0.000454166,1,0.184091000,-0.055060900,-0.659218000,0.291797713,0.819255918,-0.480425587,0.113424388,1,0.231602538,0.058740224,-0.804873056,0.291797713,0.819255918,-0.480425587,0.113424388,9609,104605.269229875,0.000454166,1,0.027753600,0.228643000,-0.600601000,0.123846246,0.769154165,-0.609674790,-0.146152757,1,0.157548207,0.130845993,-0.699218042,0.123846246,0.769154165,-0.609674790,-0.146152757
1.554860833,104605.281692333,vr_world,9609,104605.269229875,0.012464833,1,0.184091000,-0.055060900,-0.659218000,0.291797713,0.819255918,-0.480425587,0.113424388,1,0.231602538,0.058740224,-0.804873056,0.291797713,0.819255918,-0.480425587,0.113424388,9609,104605.269229875,0.012464833,1,0.027753600,0.228643000,-0.600601000,0.123846246,0.769154165,-0.609674790,-0.146152757,1,0.157548207,0.130845993,-0.699218042,0.123846246,0.769154165,-0.609674790,-0.146152757
1.567268708,104605.294100208,vr_world,9610,104605.288973458,0.005127250,1,0.183950000,-0.054054100,-0.658114000,0.294221685,0.818208397,-0.479854330,0.117083052,1,0.231811330,0.058617650,-0.804530699,0.294221685,0.818208397,-0.479854330,0.117083052,9610,104605.288973458,0.005127250,1,0.027566900,0.229236000,-0.601049000,0.125624523,0.769160056,-0.609168339,-0.146714768,1,0.157163949,0.131402658,-0.699889620,0.125624523,0.769160056,-0.609168339,-0.146714768
1.577500541,104605.304332041,vr_world,9610,104605.288973458,0.015359583,1,0.183950000,-0.054054100,-0.658114000,0.294221685,0.818208397,-0.479854330,0.117083052,1,0.231811330,0.058617650,-0.804530699,0.294221685,0.818208397,-0.479854330,0.117083052,9610,104605.288973458,0.015359583,1,0.027566900,0.229236000,-0.601049000,0.125624523,0.769160056,-0.609168339,-0.146714768,1,0.157163949,0.131402658,-0.699889620,0.125624523,0.769160056,-0.609168339,-0.146714768
1.589513166,104605.316344666,vr_world,9611,104605.307542166,0.008803084,1,0.184378000,-0.052975200,-0.658315000,0.296043122,0.818638361,-0.477557953,0.118861706,1,0.231658351,0.059194984,-0.805304401,0.296043122,0.818638361,-0.477557953,0.118861706,9611,104605.307542166,0.008803084,1,0.027294700,0.229667000,-0.601417000,0.126777398,0.769401442,-0.608401917,-0.147634751,1,0.156754964,0.132001976,-0.700602656,0.126777398,0.769401442,-0.608401917,-0.147634751
1.601933750,104605.328765250,vr_world,9612,104605.325890541,0.002875042,1,0.183606000,-0.050873100,-0.659155000,0.302196389,0.812418822,-0.480950274,0.131680806,1,0.234229130,0.057306929,-0.808009963,0.302196389,0.812418822,-0.480950274,0.131680806,9612,104605.325890541,0.002875042,1,0.026614400,0.230386000,-0.602090000,0.128181236,0.769764830,-0.607314595,-0.148998856,1,0.155892389,0.132994768,-0.701781457,0.128181236,0.769764830,-0.607314595,-0.148998856
1.613711916,104605.340543416,vr_world,9612,104605.325890541,0.014653375,1,0.183606000,-0.050873100,-0.659155000,0.302196389,0.812418822,-0.480950274,0.131680806,1,0.234229130,0.057306929,-0.808009963,0.302196389,0.812418822,-0.480950274,0.131680806,9612,104605.325890541,0.014653375,1,0.026614400,0.230386000,-0.602090000,0.128181236,0.769764830,-0.607314595,-0.148998856,1,0.155892389,0.132994768,-0.701781457,0.128181236,0.769764830,-0.607314595,-0.148998856
1.626137875,104605.352969375,vr_world,9613,104605.344898833,0.008070875,1,0.183018000,-0.049279300,-0.661289000,0.302194762,0.805342254,-0.489512918,0.143105842,1,0.238929453,0.056227968,-0.810170040,0.302194762,0.805342254,-0.489512918,0.143105842,9613,104605.344898833,0.008070875,1,0.026279400,0.230496000,-0.602589000,0.128336435,0.770176172,-0.606609026,-0.149612544,1,0.155581829,0.133377543,-0.702514531,0.128336435,0.770176172,-0.606609026,-0.149612544
1.638519708,104605.365351208,vr_world,9614,104605.364054833,0.001296917,1,0.184124000,-0.048445900,-0.660020000,0.310770640,0.803436782,-0.486316232,0.146312917,1,0.239054588,0.054361641,-0.811137978,0.310770640,0.803436782,-0.486316232,0.146312917,9614,104605.364054833,0.001296917,1,0.026184800,0.230532000,-0.603014000,0.128758592,0.770506792,-0.605770421,-0.150939414,1,0.155362971,0.133734436,-0.703410470,0.128758592,0.770506792,-0.605770421,-0.150939414
1.650842625,104605.377674125,vr_world,9614,104605.364054833,0.013619917,1,0.184124000,-0.048445900,-0.660020000,0.310770640,0.803436782,-0.486316232,0.146312917,1,0.239054588,0.054361641,-0.811137978,0.310770640,0.803436782,-0.486316232,0.146312917,9614,104605.364054833,0.013619917,1,0.026184800,0.230532000,-0.603014000,0.128758592,0.770506792,-0.605770421,-0.150939414,1,0.155362971,0.133734436,-0.703410470,0.128758592,0.770506792,-0.605770421,-0.150939414
1.663258375,104605.390089875,vr_world,9615,104605.383511666,0.006578500,1,0.186026000,-0.049230400,-0.659693000,0.308508708,0.810866007,-0.474910721,0.147575415,1,0.237393136,0.055569218,-0.810695902,0.308508708,0.810866007,-0.474910721,0.147575415,9615,104605.383511666,0.006578500,1,0.026038700,0.230651000,-0.603760000,0.130022406,0.770864852,-0.604431694,-0.153374971,1,0.154877635,0.134294995,-0.705013629,0.130022406,0.770864852,-0.604431694,-0.153374971
1.674175041,104605.401006541,vr_world,9615,104605.383511666,0.017495375,1,0.186026000,-0.049230400,-0.659693000,0.308508708,0.810866007,-0.474910721,0.147575415,1,0.237393136,0.055569218,-0.810695902,0.308508708,0.810866007,-0.474910721,0.147575415,9615,104605.383511666,0.017495375,1,0.026038700,0.230651000,-0.603760000,0.130022406,0.770864852,-0.604431694,-0.153374971,1,0.154877635,0.134294995,-0.705013629,0.130022406,0.770864852,-0.604431694,-0.153374971
1.686596083,104605.413427583,vr_world,9616,104605.402330875,0.011098291,1,0.187605000,-0.049386200,-0.658693000,0.309076522,0.816420593,-0.467361626,0.139650381,1,0.234680230,0.057206263,-0.809839959,0.309076522,0.816420593,-0.467361626,0.139650381,9616,104605.402330875,0.011098291,1,0.026093000,0.230558000,-0.604135000,0.130990882,0.770375816,-0.604665490,-0.154084834,1,0.154612318,0.134009484,-0.705611098,0.130990882,0.770375816,-0.604665490,-0.154084834
1.698842666,104605.425674166,vr_world,9617,104605.421919333,0.003755167,1,0.188190000,-0.048142900,-0.657707000,0.312989942,0.816353125,-0.463816868,0.143104102,1,0.234519351,0.057149654,-0.809991172,0.312989942,0.816353125,-0.463816868,0.143104102,9617,104605.421919333,0.003755167,1,0.026064100,0.230439000,-0.604851000,0.132313118,0.769612202,-0.605141399,-0.154900563,1,0.154140662,0.133560835,-0.706572527,0.132313118,0.769612202,-0.605141399,-0.154900563
1.711288958,104605.438120458,vr_world,9617,104605.421919333,0.016203792,1,0.188190000,-0.048142900,-0.657707000,0.312989942,0.816353125,-0.463816868,0.143104102,1,0.234519351,0.057149654,-0.809991172,0.312989942,0.816353125,-0.463816868,0.143104102,9617,104605.421919333,0.016203792,1,0.026064100,0.230439000,-0.604851000,0.132313118,0.769612202,-0.605141399,-0.154900563,1,0.154140662,0.133560835,-0.706572527,0.132313118,0.769612202,-0.605141399,-0.154900563
1.723697291,104605.450528791,vr_world,9618,104605.441172708,0.009357708,1,0.188680000,-0.047241200,-0.656761000,0.318158282,0.815082957,-0.461149804,0.147498944,1,0.234709811,0.056103790,-0.810463833,0.318158282,0.815082957,-0.461149804,0.147498944,9618,104605.441172708,0.009357708,1,0.026164300,0.230003000,-0.605150000,0.132566238,0.769333441,-0.605374641,-0.155157318,1,0.154100460,0.133014127,-0.706942707,0.132566238,0.769333441,-0.605374641,-0.155157318
1.736121750,104605.462953250,vr_world,9619,104605.460982541,0.001971042,1,0.188554000,-0.045863700,-0.655436000,0.324088448,0.812431921,-0.458438500,0.157337829,1,0.235411057,0.054500989,-0.810854013,0.324088448,0.812431921,-0.458438500,0.157337829,9619,104605.460982541,0.001971042,1,0.026397500,0.229480000,-0.605375000,0.132640101,0.769208357,-0.605307383,-0.155974611,1,0.154167080,0.132548261,-0.707430892,0.132640101,0.769208357,-0.605307383,-0.155974611
1.748498125,104605.475329625,vr_world,9619,104605.460982541,0.014347625,1,0.188554000,-0.045863700,-0.655436000,0.324088448,0.812431921,-0.458438500,0.157337829,1,0.235411057,0.054500989,-0.810854013,0.324088448,0.812431921,-0.458438500,0.157337829,9619,104605.460982541,0.014347625,1,0.026397500,0.229480000,-0.605375000,0.132640101,0.769208357,-0.605307383,-0.155974611,1,0.154167080,0.132548261,-0.707430892,0.132640101,0.769208357,-0.605307383,-0.155974611
1.760911666,104605.487743166,vr_world,9620,104605.479894625,0.007848958,1,0.188652000,-0.043807700,-0.654793000,0.333782979,0.808467694,-0.452827626,0.172962573,1,0.236490944,0.051755839,-0.812914782,0.333782979,0.808467694,-0.452827626,0.172962573,9620,104605.479894625,0.007848958,1,0.026878000,0.228709000,-0.606011000,0.133137898,0.768648031,-0.605434500,-0.157808652,1,0.154165790,0.131753178,-0.708644303,0.133137898,0.768648031,-0.605434500,-0.157808652
1.773321916,104605.500153416,vr_world,9621,104605.499737708,0.000416208,1,0.187855000,-0.041900700,-0.653962000,0.337019957,0.805821544,-0.451471141,0.182326620,1,0.237166399,0.051372830,-0.812996293,0.337019957,0.805821544,-0.451471141,0.182326620,9621,104605.499737708,0.000416208,1,0.027452200,0.228077000,-0.606256000,0.133491920,0.767879474,-0.606039328,-0.158925626,1,0.154312524,0.130903659,-0.709212456,0.133491920,0.767879474,-0.606039328,-0.158925626
1.785736416,104605.512567916,vr_world,9621,104605.499737708,0.012830542,1,0.187855000,-0.041900700,-0.653962000,0.337019957,0.805821544,-0.451471141,0.182326620,1,0.237166399,0.051372830,-0.812996293,0.337019957,0.805821544,-0.451471141,0.182326620,9621,104605.499737708,0.012830542,1,0.027452200,0.228077000,-0.606256000,0.133491920,0.767879474,-0.606039328,-0.158925626,1,0.154312524,0.130903659,-0.709212456,0.133491920,0.767879474,-0.606039328,-0.158925626
1.798150875,104605.524982375,vr_world,9622,104605.519139333,0.005843542,1,0.195881000,-0.043007700,-0.651474000,0.336771292,0.824386551,-0.429869296,0.148943949,1,0.230455267,0.057085937,-0.810248541,0.336771292,0.824386551,-0.429869296,0.148943949,9622,104605.519139333,0.005843542,1,0.028136300,0.227118000,-0.606617000,0.133743535,0.767016403,-0.606767247,-0.160100007,1,0.154537596,0.129700208,-0.709906567,0.133743535,0.767016403,-0.606767247,-0.160100007
1.810540333,104605.537371833,vr_world,9622,104605.519139333,0.018233250,1,0.195881000,-0.043007700,-0.651474000,0.336771292,0.824386551,-0.429869296,0.148943949,1,0.230455267,0.057085937,-0.810248541,0.336771292,0.824386551,-0.429869296,0.148943949,9622,104605.519139333,0.018233250,1,0.028136300,0.227118000,-0.606617000,0.133743535,0.767016403,-0.606767247,-0.160100007,1,0.154537596,0.129700208,-0.709906567,0.133743535,0.767016403,-0.606767247,-0.160100007
1.822915833,104605.549747333,vr_world,9623,104605.538120083,0.011627583,1,0.193017000,-0.036872900,-0.648696000,0.356204313,0.811795660,-0.431386067,0.167368919,1,0.231204272,0.053965280,-0.812139027,0.356204313,0.811795660,-0.431386067,0.167368919,9623,104605.538120083,0.011627583,1,0.028550800,0.226588000,-0.606703000,0.133888101,0.766537190,-0.607298731,-0.160259055,1,0.154771886,0.128960590,-0.710015096,0.133888101,0.766537190,-0.607298731,-0.160259055
1.835326291,104605.562157791,vr_world,9624,104605.556960791,0.005197334,1,0.193734000,-0.038473100,-0.647647000,0.364912440,0.803370370,-0.435168662,0.179061987,1,0.235420083,0.047283786,-0.812969188,0.364912440,0.803370370,-0.435168662,0.179061987,9624,104605.556960791,0.005197334,1,0.029008900,0.226097000,-0.606707000,0.133831297,0.766061849,-0.608062855,-0.159680908,1,0.155176183,0.128164152,-0.709795257,0.133831297,0.766061849,-0.608062855,-0.159680908
1.847747541,104605.574579041,vr_world,9624,104605.556960791,0.017620042,1,0.193734000,-0.038473100,-0.647647000,0.364912440,0.803370370,-0.435168662,0.179061987,1,0.235420083,0.047283786,-0.812969188,0.364912440,0.803370370,-0.435168662,0.179061987,9624,104605.556960791,0.017620042,1,0.029008900,0.226097000,-0.606707000,0.133831297,0.766061849,-0.608062855,-0.159680908,1,0.155176183,0.128164152,-0.709795257,0.133831297,0.766061849,-0.608062855,-0.159680908
1.860195125,104605.587026625,vr_world,9625,104605.575958041,0.011070959,1,0.192400000,-0.037811600,-0.648168000,0.357239430,0.810290782,-0.428511391,0.179406871,1,0.232345865,0.051170459,-0.812210588,0.357239430,0.810290782,-0.428511391,0.179406871,9625,104605.575958041,0.011070959,1,0.029847400,0.225144000,-0.606792000,0.133901119,0.765207127,-0.609284652,-0.159062115,1,0.155841786,0.126715683,-0.709619402,0.133901119,0.765207127,-0.609284652,-0.159062115
1.872633500,104605.599465000,vr_world,9626,104605.595809166,0.003658500,1,0.192751000,-0.039054400,-0.644006000,0.356813507,0.809938337,-0.427683084,0.183769398,1,0.233457717,0.049511295,-0.808086920,0.356813507,0.809938337,-0.427683084,0.183769398,9626,104605.595809166,0.003658500,1,0.030390900,0.224535000,-0.606736000,0.133859057,0.764672848,-0.610166233,-0.158285682,1,0.156341159,0.125745145,-0.709270337,0.133859057,0.764672848,-0.610166233,-0.158285682
1.885056208,104605.611887708,vr_world,9626,104605.595809166,0.016079042,1,0.192751000,-0.039054400,-0.644006000,0.356813507,0.809938337,-0.427683084,0.183769398,1,0.233457717,0.049511295,-0.808086920,0.356813507,0.809938337,-0.427683084,0.183769398,9626,104605.595809166,0.016079042,1,0.030390900,0.224535000,-0.606736000,0.133859057,0.764672848,-0.610166233,-0.158285682,1,0.156341159,0.125745145,-0.709270337,0.133859057,0.764672848,-0.610166233,-0.158285682
1.897480916,104605.624312416,vr_world,9627,104605.615147791,0.009165000,1,0.194460000,-0.034031200,-0.646293000,0.355067155,0.807357084,-0.429699245,0.193546928,1,0.238211132,0.053537067,-0.810125480,0.355067155,0.807357084,-0.429699245,0.193546928,9627,104605.615147791,0.009165000,1,0.031297800,0.223457000,-0.606491000,0.133397376,0.763742236,-0.611608067,-0.157602377,1,0.157094910,0.124165890,-0.708728757,0.133397376,0.763742236,-0.611608067,-0.157602377
1.907512208,104605.634343708,vr_world,9627,104605.615147791,0.019196417,1,0.194460000,-0.034031200,-0.646293000,0.355067155,0.807357084,-0.429699245,0.193546928,1,0.238211132,0.053537067,-0.810125480,0.355067155,0.807357084,-0.429699245,0.193546928,9627,104605.615147791,0.019196417,1,0.031297800,0.223457000,-0.606491000,0.133397376,0.763742236,-0.611608067,-0.157602377,1,0.157094910,0.124165890,-0.708728757,0.133397376,0.763742236,-0.611608067,-0.157602377
1.918891500,104605.645723000,vr_world,9628,104605.634698416,0.011025542,1,0.195159000,-0.032062000,-0.644274000,0.375416682,0.800512162,-0.423519303,0.197164889,1,0.236790206,0.048280980,-0.812307640,0.375416682,0.800512162,-0.423519303,0.197164889,9628,104605.634698416,0.011025542,1,0.031715900,0.222933000,-0.606179000,0.132733021,0.763278774,-0.612302484,-0.157712164,1,0.157397592,0.123489704,-0.708411022,0.132733021,0.763278774,-0.612302484,-0.157712164
1.931299375,104605.658130875,vr_world,9629,104605.653867083,0.004272167,1,0.194497000,-0.033759200,-0.644327000,0.362793291,0.807769090,-0.421259867,0.196036347,1,0.235700129,0.051452461,-0.810051856,0.362793291,0.807769090,-0.421259867,0.196036347,9629,104605.653867083,0.004272167,1,0.031961900,0.222473000,-0.605921000,0.131837764,0.763079327,-0.612889552,-0.157146880,1,0.157726580,0.122914253,-0.707938389,0.131837764,0.763079327,-0.612889552,-0.157146880
1.943720458,104605.670551958,vr_world,9629,104605.653867083,0.016685542,1,0.194497000,-0.033759200,-0.644327000,0.362793291,0.807769090,-0.421259867,0.196036347,1,0.235700129,0.051452461,-0.810051856,0.362793291,0.807769090,-0.421259867,0.196036347,9629,104605.653867083,0.016685542,1,0.031961900,0.222473000,-0.605921000,0.131837764,0.763079327,-0.612889552,-0.157146880,1,0.157726580,0.122914253,-0.707938389,0.131837764,0.763079327,-0.612889552,-0.157146880
1.954843916,104605.681675416,vr_world,9630,104605.672792166,0.008883834,1,0.194479000,-0.033561200,-0.643650000,0.361363048,0.808895431,-0.419298518,0.198226340,1,0.235623834,0.051993669,-0.809212507,0.361363048,0.808895431,-0.419298518,0.198226340,9630,104605.672792166,0.008883834,1,0.032388800,0.221697000,-0.605491000,0.131194826,0.762608256,-0.613927108,-0.155916873,1,0.158234208,0.121782325,-0.707059899,0.131194826,0.762608256,-0.613927108,-0.155916873
1.967224291,104605.694055791,vr_world,9631,104605.692319750,0.001736416,1,0.194838000,-0.033989000,-0.644188000,0.355627231,0.812567850,-0.418958867,0.194258150,1,0.235172928,0.054185139,-0.808571252,0.355627231,0.812567850,-0.418958867,0.194258150,9631,104605.692319750,0.001736416,1,0.032336100,0.221473000,-0.605286000,0.131298930,0.762433615,-0.614293828,-0.155237454,1,0.158221493,0.121370355,-0.706619829,0.131298930,0.762433615,-0.614293828,-0.155237454
1.979598791,104605.706430291,vr_world,9631,104605.692319750,0.014112500,1,0.194838000,-0.033989000,-0.644188000,0.355627231,0.812567850,-0.418958867,0.194258150,1,0.235172928,0.054185139,-0.808571252,0.355627231,0.812567850,-0.418958867,0.194258150,9631,104605.692319750,0.014112500,1,0.032336100,0.221473000,-0.605286000,0.131298930,0.762433615,-0.614293828,-0.155237454,1,0.158221493,0.121370355,-0.706619829,0.131298930,0.762433615,-0.614293828,-0.155237454
1.990857666,104605.717689166,vr_world,9632,104605.711580625,0.006110708,1,0.194764000,-0.033712000,-0.644165000,0.359622159,0.811159942,-0.419604799,0.191372058,1,0.234451920,0.053433844,-0.809252547,0.359622159,0.811159942,-0.419604799,0.191372058,9632,104605.711580625,0.006110708,1,0.032321300,0.221244000,-0.605142000,0.131402219,0.762101732,-0.614898275,-0.154384323,1,0.158223532,0.120856525,-0.706172681,0.131402219,0.762101732,-0.614898275,-0.154384323
2.002848458,104605.729679958,vr_world,9632,104605.711580625,0.018100000,1,0.194764000,-0.033712000,-0.644165000,0.359622159,0.811159942,-0.419604799,0.191372058,1,0.234451920,0.053433844,-0.809252547,0.359622159,0.811159942,-0.419604799,0.191372058,9632,104605.711580625,0.018100000,1,0.032321300,0.221244000,-0.605142000,0.131402219,0.762101732,-0.614898275,-0.154384323,1,0.158223532,0.120856525,-0.706172681,0.131402219,0.762101732,-0.614898275,-0.154384323
2.015273583,104605.742105083,vr_world,9633,104605.730839708,0.011266083,1,0.194115000,-0.034480900,-0.644380000,0.357329240,0.811324785,-0.421600680,0.190580098,1,0.234378952,0.053421331,-0.808926010,0.357329240,0.811324785,-0.421600680,0.190580098,9633,104605.730839708,0.011266083,1,0.032424000,0.220764000,-0.604932000,0.131334484,0.761329902,-0.616145477,-0.153273559,1,0.158254840,0.119865328,-0.705541498,0.131334484,0.761329902,-0.616145477,-0.153273559
2.026854500,104605.753686000,vr_world,9634,104605.749974000,0.003712625,1,0.193505000,-0.036064400,-0.645097000,0.351020428,0.811945692,-0.426860790,0.187932749,1,0.235180837,0.053974198,-0.808129587,0.351020428,0.811945692,-0.426860790,0.187932749,9634,104605.749974000,0.003712625,1,0.032387600,0.220556000,-0.604934000,0.130896164,0.761124923,-0.616513010,-0.153188624,1,0.158195813,0.119580828,-0.705495043,0.130896164,0.761124923,-0.616513010,-0.153188624
2.039275208,104605.766106708,vr_world,9634,104605.749974000,0.016133291,1,0.193505000,-0.036064400,-0.645097000,0.351020428,0.811945692,-0.426860790,0.187932749,1,0.235180837,0.053974198,-0.808129587,0.351020428,0.811945692,-0.426860790,0.187932749,9634,104605.749974000,0.016133291,1,0.032387600,0.220556000,-0.604934000,0.130896164,0.761124923,-0.616513010,-0.153188624,1,0.158195813,0.119580828,-0.705495043,0.130896164,0.761124923,-0.616513010,-0.153188624
2.051709458,104605.778540958,vr_world,9635,104605.769405875,0.009137250,1,0.193083000,-0.038553800,-0.645768000,0.344079760,0.813075383,-0.433056453,0.181602998,1,0.235688681,0.054233980,-0.807008887,0.344079760,0.813075383,-0.433056453,0.181602998,9635,104605.769405875,0.009137250,1,0.032357600,0.220179000,-0.604850000,0.130059379,0.760778883,-0.617041712,-0.153491282,1,0.158068321,0.119147130,-0.705476078,0.130059379,0.760778883,-0.617041712,-0.153491282
2.064128458,104605.790959958,vr_world,9636,104605.787840125,0.003122000,1,0.192618000,-0.040065900,-0.646380000,0.341451276,0.812887624,-0.437632473,0.176359166,1,0.235693842,0.053946794,-0.806784217,0.341451276,0.812887624,-0.437632473,0.176359166,9636,104605.787840125,0.003122000,1,0.032313100,0.219998000,-0.604763000,0.129509320,0.760426021,-0.617351950,-0.154454435,1,0.157807634,0.118984652,-0.705677041,0.129509320,0.760426021,-0.617351950,-0.154454435
2.076202708,104605.803034208,vr_world,9636,104605.787840125,0.015194666,1,0.192618000,-0.040065900,-0.646380000,0.341451276,0.812887624,-0.437632473,0.176359166,1,0.235693842,0.053946794,-0.806784217,0.341451276,0.812887624,-0.437632473,0.176359166,9636,104605.787840125,0.015194666,1,0.032313100,0.219998000,-0.604763000,0.129509320,0.760426021,-0.617351950,-0.154454435,1,0.157807634,0.118984652,-0.705677041,0.129509320,0.760426021,-0.617351950,-0.154454435
2.088540416,104605.815371916,vr_world,9637,104605.807341000,0.008031291,1,0.191686000,-0.041482200,-0.646945000,0.338061988,0.812047129,-0.443584502,0.171832309,1,0.235921495,0.053751687,-0.806309839,0.338061988,0.812047129,-0.443584502,0.171832309,9637,104605.807341000,0.008031291,1,0.032210100,0.219872000,-0.604659000,0.128488381,0.759527922,-0.618343864,-0.155752809,1,0.157299963,0.118713576,-0.705929716,0.128488381,0.759527922,-0.618343864,-0.155752809
2.100960708,104605.827792208,vr_world,9638,104605.826431166,0.001361625,1,0.189982000,-0.044434700,-0.647481000,0.329898614,0.811553943,-0.452594412,0.166449392,1,0.236506187,0.053368769,-0.804622402,0.329898614,0.811553943,-0.452594412,0.166449392,9638,104605.826431166,0.001361625,1,0.031886200,0.219865000,-0.604642000,0.127211692,0.758312723,-0.619725785,-0.157222618,1,0.156463981,0.118465970,-0.706302375,0.127211692,0.758312723,-0.619725785,-0.157222618
2.112189416,104605.839020916,vr_world,9638,104605.826431166,0.012590459,1,0.189982000,-0.044434700,-0.647481000,0.329898614,0.811553943,-0.452594412,0.166449392,1,0.236506187,0.053368769,-0.804622402,0.329898614,0.811553943,-0.452594412,0.166449392,9638,104605.826431166,0.012590459,1,0.031886200,0.219865000,-0.604642000,0.127211692,0.758312723,-0.619725785,-0.157222618,1,0.156463981,0.118465970,-0.706302375,0.127211692,0.758312723,-0.619725785,-0.157222618
2.124193166,104605.851024666,vr_world,9639,104605.844966083,0.006060583,1,0.189358000,-0.046364800,-0.647602000,0.324884706,0.814213391,-0.453390627,0.161069617,1,0.235245476,0.053755232,-0.803466509,0.324884706,0.814213391,-0.453390627,0.161069617,9639,104605.844966083,0.006060583,1,0.031310600,0.219982000,-0.604811000,0.126094045,0.758004450,-0.620247014,-0.157553757,1,0.155818746,0.118572230,-0.706545895,0.126094045,0.758004450,-0.620247014,-0.157553757
2.136180208,104605.863011708,vr_world,9639,104605.844966083,0.018046042,1,0.189358000,-0.046364800,-0.647602000,0.324884706,0.814213391,-0.453390627,0.161069617,1,0.235245476,0.053755232,-0.803466509,0.324884706,0.814213391,-0.453390627,0.161069617,9639,104605.844966083,0.018046042,1,0.031310600,0.219982000,-0.604811000,0.126094045,0.758004450,-0.620247014,-0.157553757,1,0.155818746,0.118572230,-0.706545895,0.126094045,0.758004450,-0.620247014,-0.157553757
2.147142083,104605.873973583,vr_world,9640,104605.863639083,0.010334750,1,0.188585000,-0.048276600,-0.647685000,0.319469762,0.816826658,-0.454376249,0.155805988,1,0.233965288,0.054223548,-0.802144755,0.319469762,0.816826658,-0.454376249,0.155805988,9640,104605.863639083,0.010334750,1,0.030629400,0.220163000,-0.605213000,0.124763915,0.757941654,-0.620624014,-0.157430140,1,0.155226784,0.118799793,-0.706884851,0.124763915,0.757941654,-0.620624014,-0.157430140
2.157505166,104605.884336666,vr_world,9641,104605.882524541,0.001812375,1,0.187641000,-0.051541700,-0.648088000,0.310288525,0.820024705,-0.459052035,0.143358794,1,0.232517217,0.055080317,-0.799881621,0.310288525,0.820024705,-0.459052035,0.143358794,9641,104605.882524541,0.001812375,1,0.029955400,0.220533000,-0.606026000,0.123229086,0.757521168,-0.621340139,-0.157837589,1,0.154466190,0.119151194,-0.707785481,0.123229086,0.757521168,-0.621340139,-0.157837589
2.169918125,104605.896749625,vr_world,9641,104605.882524541,0.014225459,1,0.187641000,-0.051541700,-0.648088000,0.310288525,0.820024705,-0.459052035,0.143358794,1,0.232517217,0.055080317,-0.799881621,0.310288525,0.820024705,-0.459052035,0.143358794,9641,104605.882524541,0.014225459,1,0.029955400,0.220533000,-0.606026000,0.123229086,0.757521168,-0.621340139,-0.157837589,1,0.154466190,0.119151194,-0.707785481,0.123229086,0.757521168,-0.621340139,-0.157837589
2.182348333,104605.909179833,vr_world,9642,104605.902281083,0.006899333,1,0.186734000,-0.052522700,-0.648320000,0.306326382,0.819522810,-0.463578232,0.140148973,1,0.232747900,0.055279487,-0.798934946,0.306326382,0.819522810,-0.463578232,0.140148973,9642,104605.902281083,0.006899333,1,0.029726500,0.220789000,-0.606562000,0.123176261,0.757301481,-0.621328604,-0.158974342,1,0.154005264,0.119485522,-0.708682737,0.123176261,0.757301481,-0.621328604,-0.158974342
2.194757166,104605.921588666,vr_world,9642,104605.902281083,0.019307833,1,0.186734000,-0.052522700,-0.648320000,0.306326382,0.819522810,-0.463578232,0.140148973,1,0.232747900,0.055279487,-0.798934946,0.306326382,0.819522810,-0.463578232,0.140148973,9642,104605.902281083,0.019307833,1,0.029726500,0.220789000,-0.606562000,0.123176261,0.757301481,-0.621328604,-0.158974342,1,0.154005264,0.119485522,-0.708682737,0.123176261,0.757301481,-0.621328604,-0.158974342
2.207190333,104605.934021833,vr_world,9643,104605.922064708,0.011957792,1,0.184486000,-0.055411700,-0.648516000,0.297318380,0.819437077,-0.471094655,0.134886933,1,0.232579702,0.055014380,-0.796558211,0.297318380,0.819437077,-0.471094655,0.134886933,9643,104605.922064708,0.011957792,1,0.029118600,0.221222000,-0.607434000,0.123977247,0.757028962,-0.620641818,-0.162297650,1,0.152765874,0.120250547,-0.710643973,0.123977247,0.757028962,-0.620641818,-0.162297650
2.219591916,104605.946423416,vr_world,9644,104605.940938416,0.005485334,1,0.182956000,-0.053955600,-0.651424000,0.289457060,0.816242698,-0.479185220,0.142632371,1,0.235896195,0.056851788,-0.797514797,0.289457060,0.816242698,-0.479185220,0.142632371,9644,104605.940938416,0.005485334,1,0.028729300,0.221467000,-0.607660000,0.126514119,0.756737931,-0.619589383,-0.165683065,1,0.151603701,0.120710840,-0.711997407,0.126514119,0.756737931,-0.619589383,-0.165683065
2.232003541,104605.958835041,vr_world,9644,104605.940938416,0.017897042,1,0.182956000,-0.053955600,-0.651424000,0.289457060,0.816242698,-0.479185220,0.142632371,1,0.235896195,0.056851788,-0.797514797,0.289457060,0.816242698,-0.479185220,0.142632371,9644,104605.940938416,0.017897042,1,0.028729300,0.221467000,-0.607660000,0.126514119,0.756737931,-0.619589383,-0.165683065,1,0.151603701,0.120710840,-0.711997407,0.126514119,0.756737931,-0.619589383,-0.165683065
2.243541666,104605.970373166,vr_world,9645,104605.959972291,0.010402000,1,0.184726000,-0.055863400,-0.646037000,0.312521281,0.812581297,-0.471358279,0.140937777,1,0.233255700,0.049012620,-0.797923058,0.312521281,0.812581297,-0.471358279,0.140937777,9645,104605.959972291,0.010402000,1,0.028244900,0.221805000,-0.607747000,0.128226348,0.756319350,-0.619194083,-0.167743052,1,0.150558615,0.121062813,-0.712754585,0.128226348,0.756319350,-0.619194083,-0.167743052
2.255546166,104605.982377666,vr_world,9646,104605.979061666,0.003316500,1,0.183513000,-0.060850600,-0.651685000,0.283796628,0.825607037,-0.472164990,0.122035717,1,0.230233060,0.055164538,-0.795841751,0.283796628,0.825607037,-0.472164990,0.122035717,9646,104605.979061666,0.003316500,1,0.027058800,0.222385000,-0.608033000,0.129934759,0.756022482,-0.618783510,-0.169274726,1,0.148928027,0.121629943,-0.713543766,0.129934759,0.756022482,-0.618783510,-0.169274726
2.267976000,104605.994807500,vr_world,9646,104605.979061666,0.015747584,1,0.183513000,-0.060850600,-0.651685000,0.283796628,0.825607037,-0.472164990,0.122035717,1,0.230233060,0.055164538,-0.795841751,0.283796628,0.825607037,-0.472164990,0.122035717,9646,104605.979061666,0.015747584,1,0.027058800,0.222385000,-0.608033000,0.129934759,0.756022482,-0.618783510,-0.169274726,1,0.148928027,0.121629943,-0.713543766,0.129934759,0.756022482,-0.618783510,-0.169274726
2.280197583,104606.007029083,vr_world,9647,104605.999003083,0.008029667,1,0.181764000,-0.058098900,-0.652208000,0.283507353,0.826338261,-0.472706183,0.115488195,1,0.227433483,0.058776278,-0.796006240,0.283507353,0.826338261,-0.472706183,0.115488195,9647,104605.999003083,0.008029667,1,0.026073400,0.222562000,-0.608046000,0.129853216,0.756662663,-0.618276055,-0.168328478,1,0.148292096,0.121949152,-0.713288028,0.129853216,0.756662663,-0.618276055,-0.168328478
2.290227833,104606.017059333,vr_world,9647,104605.999003083,0.018058000,1,0.181764000,-0.058098900,-0.652208000,0.283507353,0.826338261,-0.472706183,0.115488195,1,0.227433483,0.058776278,-0.796006240,0.283507353,0.826338261,-0.472706183,0.115488195,9647,104605.999003083,0.018058000,1,0.026073400,0.222562000,-0.608046000,0.129853216,0.756662663,-0.618276055,-0.168328478,1,0.148292096,0.121949152,-0.713288028,0.129853216,0.756662663,-0.618276055,-0.168328478
2.301666041,104606.028497541,vr_world,9648,104606.018090416,0.010426000,1,0.180006000,-0.056065400,-0.651154000,0.300679726,0.812445116,-0.482016301,0.131091268,1,0.230978704,0.052524810,-0.799590369,0.300679726,0.812445116,-0.482016301,0.131091268,9648,104606.018090416,0.010426000,1,0.025083400,0.222591000,-0.607946000,0.129262515,0.757772651,-0.617166460,-0.167861173,1,0.147760693,0.122445163,-0.713099750,0.129262515,0.757772651,-0.617166460,-0.167861173
2.313295291,104606.040126791,vr_world,9649,104606.035618291,0.004510959,1,0.178442000,-0.059262200,-0.651785000,0.294647543,0.814908489,-0.479683377,0.137879796,1,0.230310413,0.050546435,-0.799009814,0.294647543,0.814908489,-0.479683377,0.137879796,9649,104606.035618291,0.004510959,1,0.023557600,0.222784000,-0.607783000,0.129164750,0.759110906,-0.615390112,-0.168410538,1,0.146574910,0.123336610,-0.713201858,0.129164750,0.759110906,-0.615390112,-0.168410538
2.324252708,104606.051084208,vr_world,9649,104606.035618291,0.015470042,1,0.178442000,-0.059262200,-0.651785000,0.294647543,0.814908489,-0.479683377,0.137879796,1,0.230310413,0.050546435,-0.799009814,0.294647543,0.814908489,-0.479683377,0.137879796,9649,104606.035618291,0.015470042,1,0.023557600,0.222784000,-0.607783000,0.129164750,0.759110906,-0.615390112,-0.168410538,1,0.146574910,0.123336610,-0.713201858,0.129164750,0.759110906,-0.615390112,-0.168410538
2.336322083,104606.063153583,vr_world,9650,104606.054495625,0.008659458,1,0.178395000,-0.059142600,-0.653220000,0.283726546,0.819947134,-0.478919328,0.133499898,1,0.229754294,0.054612426,-0.797599519,0.283726546,0.819947134,-0.478919328,0.133499898,9650,104606.054495625,0.008659458,1,0.022776200,0.222876000,-0.607618000,0.128872348,0.759315162,-0.615086509,-0.168822361,1,0.145815046,0.123607681,-0.713180567,0.128872348,0.759315162,-0.615086509,-0.168822361
2.348655708,104606.075487208,vr_world,9651,104606.073674708,0.001813125,1,0.177719000,-0.058269400,-0.651525000,0.293008449,0.814902013,-0.482214880,0.132474781,1,0.229500743,0.052439719,-0.798104667,0.293008449,0.814902013,-0.482214880,0.132474781,9651,104606.073674708,0.001813125,1,0.021964700,0.222958000,-0.607523000,0.128894371,0.759204294,-0.615099494,-0.169256294,1,0.144901654,0.123706998,-0.713220511,0.128894371,0.759204294,-0.615099494,-0.169256294
2.359909458,104606.086740958,vr_world,9651,104606.073674708,0.013067458,1,0.177719000,-0.058269400,-0.651525000,0.293008449,0.814902013,-0.482214880,0.132474781,1,0.229500743,0.052439719,-0.798104667,0.293008449,0.814902013,-0.482214880,0.132474781,9651,104606.073674708,0.013067458,1,0.021964700,0.222958000,-0.607523000,0.128894371,0.759204294,-0.615099494,-0.169256294,1,0.144901654,0.123706998,-0.713220511,0.128894371,0.759204294,-0.615099494,-0.169256294
2.372198625,104606.099030125,vr_world,9652,104606.093138166,0.005892792,1,0.175441000,-0.059259600,-0.652940000,0.284842097,0.816339689,-0.484117518,0.134479443,1,0.228770260,0.053386912,-0.797474505,0.284842097,0.816339689,-0.484117518,0.134479443,9652,104606.093138166,0.005892792,1,0.020376400,0.222958000,-0.607467000,0.128734038,0.759720612,-0.614333244,-0.169843471,1,0.143395353,0.124046660,-0.713387347,0.128734038,0.759720612,-0.614333244,-0.169843471
2.384583875,104606.111415375,vr_world,9652,104606.093138166,0.018279042,1,0.175441000,-0.059259600,-0.652940000,0.284842097,0.816339689,-0.484117518,0.134479443,1,0.228770260,0.053386912,-0.797474505,0.284842097,0.816339689,-0.484117518,0.134479443,9652,104606.093138166,0.018279042,1,0.020376400,0.222958000,-0.607467000,0.128734038,0.759720612,-0.614333244,-0.169843471,1,0.143395353,0.124046660,-0.713387347,0.128734038,0.759720612,-0.614333244,-0.169843471
2.394848708,104606.121680208,vr_world,9653,104606.112220833,0.009460917,1,0.175563000,-0.059069700,-0.652957000,0.286503124,0.816739936,-0.482065105,0.135886242,1,0.228346764,0.053157035,-0.798017235,0.286503124,0.816739936,-0.482065105,0.135886242,9653,104606.112220833,0.009460917,1,0.019524300,0.222885000,-0.607639000,0.128835956,0.760327529,-0.613457018,-0.170217016,1,0.142666899,0.124302072,-0.713721904,0.128835956,0.760327529,-0.613457018,-0.170217016
2.407218166,104606.134049666,vr_world,9654,104606.131553708,0.002496833,1,0.174048000,-0.060697400,-0.653764000,0.279843607,0.817441471,-0.484754932,0.135976659,1,0.228183301,0.053149289,-0.797052984,0.279843607,0.817441471,-0.484754932,0.135976659,9654,104606.131553708,0.002496833,1,0.018101400,0.222856000,-0.608097000,0.129453482,0.761038843,-0.612350671,-0.170553017,1,0.141368267,0.124606579,-0.714344692,0.129453482,0.761038843,-0.612350671,-0.170553017
2.418240208,104606.145071708,vr_world,9654,104606.131553708,0.013519417,1,0.174048000,-0.060697400,-0.653764000,0.279843607,0.817441471,-0.484754932,0.135976659,1,0.228183301,0.053149289,-0.797052984,0.279843607,0.817441471,-0.484754932,0.135976659,9654,104606.131553708,0.013519417,1,0.018101400,0.222856000,-0.608097000,0.129453482,0.761038843,-0.612350671,-0.170553017,1,0.141368267,0.124606579,-0.714344692,0.129453482,0.761038843,-0.612350671,-0.170553017
2.430604250,104606.157435750,vr_world,9655,104606.150419958,0.007016750,1,0.173558000,-0.060964100,-0.654404000,0.278546912,0.816971796,-0.487011855,0.133372243,1,0.228061840,0.053312078,-0.797210539,0.278546912,0.816971796,-0.487011855,0.133372243,9655,104606.150419958,0.007016750,1,0.017591000,0.222825000,-0.608565000,0.130365193,0.760672978,-0.612466745,-0.171073151,1,0.140600792,0.124426288,-0.714972368,0.130365193,0.760672978,-0.612466745,-0.171073151
2.442985166,104606.169816666,vr_world,9655,104606.150419958,0.019397958,1,0.173558000,-0.060964100,-0.654404000,0.278546912,0.816971796,-0.487011855,0.133372243,1,0.228061840,0.053312078,-0.797210539,0.278546912,0.816971796,-0.487011855,0.133372243,9655,104606.150419958,0.019397958,1,0.017591000,0.222825000,-0.608565000,0.130365193,0.760672978,-0.612466745,-0.171073151,1,0.140600792,0.124426288,-0.714972368,0.130365193,0.760672978,-0.612466745,-0.171073151
2.455355958,104606.182187458,vr_world,9656,104606.170645416,0.011543750,1,0.172962000,-0.062290700,-0.654959000,0.275065700,0.817227472,-0.488744576,0.132690839,1,0.228150803,0.052864099,-0.796793497,0.275065700,0.817227472,-0.488744576,0.132690839,9656,104606.170645416,0.011543750,1,0.017178700,0.222743000,-0.609142000,0.131225162,0.759945534,-0.612879804,-0.172165872,1,0.139735345,0.124126796,-0.715870500,0.131225162,0.759945534,-0.612879804,-0.172165872
2.467717833,104606.194549333,vr_world,9657,104606.189558958,0.004991625,1,0.171930000,-0.063580300,-0.656180000,0.268171600,0.817063700,-0.493209164,0.131284518,1,0.228838579,0.053150498,-0.796032632,0.268171600,0.817063700,-0.493209164,0.131284518,9657,104606.189558958,0.004991625,1,0.016213800,0.222523000,-0.610033000,0.132303961,0.759101325,-0.613153729,-0.174078561,1,0.138138130,0.123755073,-0.717343585,0.132303961,0.759101325,-0.613153729,-0.174078561
2.478677750,104606.205509250,vr_world,9657,104606.189558958,0.015952792,1,0.171930000,-0.063580300,-0.656180000,0.268171600,0.817063700,-0.493209164,0.131284518,1,0.228838579,0.053150498,-0.796032632,0.268171600,0.817063700,-0.493209164,0.131284518,9657,104606.189558958,0.015952792,1,0.016213800,0.222523000,-0.610033000,0.132303961,0.759101325,-0.613153729,-0.174078561,1,0.138138130,0.123755073,-0.717343585,0.132303961,0.759101325,-0.613153729,-0.174078561
2.488942208,104606.215773708,vr_world,9658,104606.208830875,0.006943916,1,0.171365000,-0.064618600,-0.656680000,0.266235129,0.816148895,-0.496431183,0.128747498,1,0.229057341,0.052550153,-0.795843562,0.266235129,0.816148895,-0.496431183,0.128747498,9658,104606.208830875,0.006943916,1,0.015857000,0.222271000,-0.610470000,0.132660401,0.758300340,-0.613531145,-0.175958363,1,0.137217390,0.123421329,-0.718343133,0.132660401,0.758300340,-0.613531145,-0.175958363
2.501366875,104606.228198375,vr_world,9658,104606.208830875,0.019370000,1,0.171365000,-0.064618600,-0.656680000,0.266235129,0.816148895,-0.496431183,0.128747498,1,0.229057341,0.052550153,-0.795843562,0.266235129,0.816148895,-0.496431183,0.128747498,9658,104606.208830875,0.019370000,1,0.015857000,0.222271000,-0.610470000,0.132660401,0.758300340,-0.613531145,-0.175958363,1,0.137217390,0.123421329,-0.718343133,0.132660401,0.758300340,-0.613531145,-0.175958363
2.512306416,104606.239137916,vr_world,9659,104606.230067666,0.009072084,1,0.169739000,-0.066689300,-0.658347000,0.257958741,0.813680237,-0.505976234,0.123975042,1,0.230453950,0.052060742,-0.794859168,0.257958741,0.813680237,-0.505976234,0.123975042,9659,104606.230067666,0.009072084,1,0.015115600,0.221751000,-0.611304000,0.132625822,0.757177251,-0.613917230,-0.179439786,1,0.135590127,0.122972486,-0.720230294,0.132625822,0.757177251,-0.613917230,-0.179439786
2.524275708,104606.251107208,vr_world,9660,104606.247808750,0.003299583,1,0.169626000,-0.067346100,-0.659258000,0.255660837,0.813472111,-0.508434360,0.119979844,1,0.230631563,0.052184404,-0.794956968,0.255660837,0.813472111,-0.508434360,0.119979844,9660,104606.247808750,0.003299583,1,0.014897700,0.221463000,-0.611711000,0.131284637,0.756537520,-0.614374044,-0.181548504,1,0.134942848,0.122849984,-0.721259386,0.131284637,0.756537520,-0.614374044,-0.181548504
2.536371500,104606.263203000,vr_world,9660,104606.247808750,0.015395500,1,0.169626000,-0.067346100,-0.659258000,0.255660837,0.813472111,-0.508434360,0.119979844,1,0.230631563,0.052184404,-0.794956968,0.255660837,0.813472111,-0.508434360,0.119979844,9660,104606.247808750,0.015395500,1,0.014897700,0.221463000,-0.611711000,0.131284637,0.756537520,-0.614374044,-0.181548504,1,0.134942848,0.122849984,-0.721259386,0.131284637,0.756537520,-0.614374044,-0.181548504
2.546533625,104606.273365125,vr_world,9661,104606.267452291,0.005913750,1,0.169194000,-0.067560700,-0.659391000,0.254438308,0.812121062,-0.511408874,0.119086070,1,0.231183170,0.051973361,-0.794640424,0.254438308,0.812121062,-0.511408874,0.119086070,9661,104606.267452291,0.005913750,1,0.014624800,0.221194000,-0.611996000,0.129888396,0.755887674,-0.614949755,-0.183302013,1,0.134297753,0.122691705,-0.722050049,0.129888396,0.755887674,-0.614949755,-0.183302013
2.558911500,104606.285743000,vr_world,9661,104606.267452291,0.018291542,1,0.169194000,-0.067560700,-0.659391000,0.254438308,0.812121062,-0.511408874,0.119086070,1,0.231183170,0.051973361,-0.794640424,0.254438308,0.812121062,-0.511408874,0.119086070,9661,104606.267452291,0.018291542,1,0.014624800,0.221194000,-0.611996000,0.129888396,0.755887674,-0.614949755,-0.183302013,1,0.134297753,0.122691705,-0.722050049,0.129888396,0.755887674,-0.614949755,-0.183302013
2.571314666,104606.298146166,vr_world,9662,104606.287234125,0.010912541,1,0.168196000,-0.068248700,-0.659587000,0.254446374,0.808602704,-0.517640247,0.116048631,1,0.231879688,0.050702530,-0.794562561,0.254446374,0.808602704,-0.517640247,0.116048631,9662,104606.287234125,0.010912541,1,0.013897200,0.220780000,-0.612460000,0.127626696,0.755000313,-0.615800377,-0.185676735,1,0.133093155,0.122461086,-0.723193591,0.127626696,0.755000313,-0.615800377,-0.185676735
2.583721458,104606.310552958,vr_world,9663,104606.307152916,0.003400959,1,0.167416000,-0.068287100,-0.659930000,0.254479410,0.807698842,-0.519450971,0.114164350,1,0.231411140,0.050606493,-0.794809217,0.254479410,0.807698842,-0.519450971,0.114164350,9663,104606.307152916,0.003400959,1,0.013522600,0.220658000,-0.612654000,0.126481722,0.754948674,-0.616120091,-0.185609556,1,0.132799214,0.122392903,-0.723348807,0.126481722,0.754948674,-0.616120091,-0.185609556
2.596142500,104606.322974000,vr_world,9663,104606.307152916,0.015822000,1,0.167416000,-0.068287100,-0.659930000,0.254479410,0.807698842,-0.519450971,0.114164350,1,0.231411140,0.050606493,-0.794809217,0.254479410,0.807698842,-0.519450971,0.114164350,9663,104606.307152916,0.015822000,1,0.013522600,0.220658000,-0.612654000,0.126481722,0.754948674,-0.616120091,-0.185609556,1,0.132799214,0.122392903,-0.723348807,0.126481722,0.754948674,-0.616120091,-0.185609556
2.608534625,104606.335366125,vr_world,9664,104606.326460083,0.008906833,1,0.165718000,-0.068940200,-0.660883000,0.251977540,0.806828483,-0.522153488,0.113537895,1,0.230735659,0.050284339,-0.794978848,0.251977540,0.806828483,-0.522153488,0.113537895,9664,104606.326460083,0.008906833,1,0.013122300,0.220581000,-0.612940000,0.125337560,0.754859200,-0.616297288,-0.186160516,1,0.132371682,0.122460378,-0.723792135,0.125337560,0.754859200,-0.616297288,-0.186160516
2.620917208,104606.347748708,vr_world,9665,104606.346287666,0.001463000,1,0.164750000,-0.068909500,-0.661953000,0.246017890,0.808527455,-0.521646395,0.116805786,1,0.230544626,0.051606720,-0.794506270,0.246017890,0.808527455,-0.521646395,0.116805786,9665,104606.346287666,0.001463000,1,0.013297100,0.220735000,-0.612826000,0.126030553,0.755198278,-0.615683547,-0.186348143,1,0.132569670,0.122744333,-0.723767824,0.126030553,0.755198278,-0.615683547,-0.186348143
2.632180458,104606.359011958,vr_world,9665,104606.346287666,0.012725542,1,0.164750000,-0.068909500,-0.661953000,0.246017890,0.808527455,-0.521646395,0.116805786,1,0.230544626,0.051606720,-0.794506270,0.246017890,0.808527455,-0.521646395,0.116805786,9665,104606.346287666,0.012725542,1,0.013297100,0.220735000,-0.612826000,0.126030553,0.755198278,-0.615683547,-0.186348143,1,0.132569670,0.122744333,-0.723767824,0.126030553,0.755198278,-0.615683547,-0.186348143
2.642849541,104606.369681041,vr_world,9666,104606.366127708,0.003555042,1,0.163720000,-0.068499600,-0.661976000,0.246236927,0.807086351,-0.523445750,0.118252040,1,0.230407580,0.051482768,-0.794567374,0.246236927,0.807086351,-0.523445750,0.118252040,9666,104606.366127708,0.003555042,1,0.013050000,0.220710000,-0.612813000,0.126831124,0.755434912,-0.614858959,-0.187564441,1,0.132145155,0.122974379,-0.724169720,0.126831124,0.755434912,-0.614858959,-0.187564441
2.655219958,104606.382051458,vr_world,9666,104606.366127708,0.015924667,1,0.163720000,-0.068499600,-0.661976000,0.246236927,0.807086351,-0.523445750,0.118252040,1,0.230407580,0.051482768,-0.794567374,0.246236927,0.807086351,-0.523445750,0.118252040,9666,104606.366127708,0.015924667,1,0.013050000,0.220710000,-0.612813000,0.126831124,0.755434912,-0.614858959,-0.187564441,1,0.132145155,0.122974379,-0.724169720,0.126831124,0.755434912,-0.614858959,-0.187564441
2.667612333,104606.394443833,vr_world,9667,104606.385063041,0.009381334,1,0.163358000,-0.068010100,-0.661723000,0.247517737,0.805540131,-0.525222667,0.118242198,1,0.230603908,0.051332765,-0.794609134,0.247517737,0.805540131,-0.525222667,0.118242198,9667,104606.385063041,0.009381334,1,0.012782100,0.220748000,-0.612774000,0.127949487,0.755776736,-0.614092704,-0.187937769,1,0.131839614,0.123143477,-0.724285807,0.127949487,0.755776736,-0.614092704,-0.187937769
2.680017000,104606.406848500,vr_world,9668,104606.403872416,0.002976375,1,0.163028000,-0.067473200,-0.661515000,0.249604209,0.804978420,-0.525025881,0.118555074,1,0.230126739,0.051293852,-0.794990023,0.249604209,0.804978420,-0.525025881,0.118555074,9668,104606.403872416,0.002976375,1,0.012643300,0.220863000,-0.612664000,0.129085774,0.756260961,-0.613304383,-0.187786995,1,0.131788142,0.123361296,-0.724172565,0.129085774,0.756260961,-0.613304383,-0.187786995
2.690861958,104606.417693458,vr_world,9668,104606.403872416,0.013821750,1,0.163028000,-0.067473200,-0.661515000,0.249604209,0.804978420,-0.525025881,0.118555074,1,0.230126739,0.051293852,-0.794990023,0.249604209,0.804978420,-0.525025881,0.118555074,9668,104606.403872416,0.013821750,1,0.012643300,0.220863000,-0.612664000,0.129085774,0.756260961,-0.613304383,-0.187786995,1,0.131788142,0.123361296,-0.724172565,0.129085774,0.756260961,-0.613304383,-0.187786995
2.702845416,104606.429676916,vr_world,9669,104606.423198375,0.006478875,1,0.162083000,-0.066810500,-0.661458000,0.249209637,0.806428609,-0.522117284,0.122315155,1,0.228834010,0.052065976,-0.795009911,0.249209637,0.806428609,-0.522117284,0.122315155,9669,104606.423198375,0.006478875,1,0.012392400,0.221015000,-0.612484000,0.130643447,0.757029092,-0.612208752,-0.187188909,1,0.131751157,0.123635191,-0.723870278,0.130643447,0.757029092,-0.612208752,-0.187188909
2.714648041,104606.441479541,vr_world,9669,104606.423198375,0.018281458,1,0.162083000,-0.066810500,-0.661458000,0.249209637,0.806428609,-0.522117284,0.122315155,1,0.228834010,0.052065976,-0.795009911,0.249209637,0.806428609,-0.522117284,0.122315155,9669,104606.423198375,0.018281458,1,0.012392400,0.221015000,-0.612484000,0.130643447,0.757029092,-0.612208752,-0.187188909,1,0.131751157,0.123635191,-0.723870278,0.130643447,0.757029092,-0.612208752,-0.187188909
2.727021583,104606.453853083,vr_world,9670,104606.442043208,0.011810458,1,0.162289000,-0.066185600,-0.660884000,0.251620399,0.806418197,-0.520119758,0.125905931,1,0.228822962,0.051895533,-0.795247318,0.251620399,0.806418197,-0.520119758,0.125905931,9670,104606.442043208,0.011810458,1,0.012235900,0.220969000,-0.612412000,0.131061753,0.757320591,-0.611872553,-0.186816268,1,0.131711640,0.123624058,-0.723703048,0.131061753,0.757320591,-0.611872553,-0.186816268
2.739436666,104606.466268166,vr_world,9671,104606.461807416,0.004461334,1,0.162298000,-0.066020400,-0.660345000,0.255434507,0.805538159,-0.519938106,0.124602783,1,0.228294336,0.051199633,-0.795723682,0.255434507,0.805538159,-0.519938106,0.124602783,9671,104606.461807416,0.004461334,1,0.012114600,0.220944000,-0.612350000,0.131146530,0.757437693,-0.611707590,-0.186822251,1,0.131619259,0.123646487,-0.723651776,0.131146530,0.757437693,-0.611707590,-0.186822251
2.751851458,104606.478682958,vr_world,9671,104606.461807416,0.016876834,1,0.162298000,-0.066020400,-0.660345000,0.255434507,0.805538159,-0.519938106,0.124602783,1,0.228294336,0.051199633,-0.795723682,0.255434507,0.805538159,-0.519938106,0.124602783,9671,104606.461807416,0.016876834,1,0.012114600,0.220944000,-0.612350000,0.131146530,0.757437693,-0.611707590,-0.186822251,1,0.131619259,0.123646487,-0.723651776,0.131146530,0.757437693,-0.611707590,-0.186822251
2.764789375,104606.491620875,vr_world,9672,104606.480864458,0.013602958,1,0.161828000,-0.065944200,-0.660383000,0.255934000,0.805273141,-0.519958423,0.125204614,1,0.227910261,0.051056194,-0.795909652,0.255934000,0.805273141,-0.519958423,0.125204614,9672,104606.480864458,0.013602958,1,0.012123400,0.220963000,-0.612252000,0.131079840,0.757495507,-0.611582115,-0.187045315,1,0.131615481,0.123735254,-0.723628139,0.131079840,0.757495507,-0.611582115,-0.187045315
2.775939750,104606.502771250,vr_world,9673,104606.500537041,0.002237584,1,0.161892000,-0.066206400,-0.660785000,0.253961802,0.805468421,-0.520623043,0.125202526,1,0.228334511,0.051235129,-0.795752923,0.253961802,0.805468421,-0.520623043,0.125202526,9673,104606.500537041,0.002237584,1,0.012213400,0.220955000,-0.612136000,0.130701854,0.757470411,-0.611567702,-0.187458123,1,0.131660715,0.123816287,-0.723637758,0.130701854,0.757470411,-0.611567702,-0.187458123
2.787802750,104606.514634250,vr_world,9673,104606.500537041,0.014098667,1,0.161892000,-0.066206400,-0.660785000,0.253961802,0.805468421,-0.520623043,0.125202526,1,0.228334511,0.051235129,-0.795752923,0.253961802,0.805468421,-0.520623043,0.125202526,9673,104606.500537041,0.014098667,1,0.012213400,0.220955000,-0.612136000,0.130701854,0.757470411,-0.611567702,-0.187458123,1,0.131660715,0.123816287,-0.723637758,0.130701854,0.757470411,-0.611567702,-0.187458123
2.801056083,104606.527887583,vr_world,9674,104606.520249458,0.007643500,1,0.161891000,-0.066222000,-0.660882000,0.253424834,0.805579177,-0.520882740,0.124495844,1,0.228331390,0.051416724,-0.795679037,0.253424834,0.805579177,-0.520882740,0.124495844,9674,104606.520249458,0.007643500,1,0.012151800,0.220685000,-0.611953000,0.129486484,0.757263590,-0.611771612,-0.188469098,1,0.131466885,0.123722272,-0.723749042,0.129486484,0.757263590,-0.611771612,-0.188469098
2.812572875,104606.539404375,vr_world,9675,104606.538497250,0.000908125,1,0.161661000,-0.066429100,-0.660969000,0.253438363,0.805340439,-0.521288327,0.124315137,1,0.228213297,0.051163068,-0.795751476,0.253438363,0.805340439,-0.521288327,0.124315137,9675,104606.538497250,0.000908125,1,0.012116000,0.220500000,-0.611876000,0.128331061,0.757096931,-0.611909772,-0.189477724,1,0.131307754,0.123728302,-0.723968776,0.128331061,0.757096931,-0.611909772,-0.189477724
2.826378125,104606.553209625,vr_world,9675,104606.538497250,0.014714541,1,0.161661000,-0.066429100,-0.660969000,0.253438363,0.805340439,-0.521288327,0.124315137,1,0.228213297,0.051163068,-0.795751476,0.253438363,0.805340439,-0.521288327,0.124315137,9675,104606.538497250,0.014714541,1,0.012116000,0.220500000,-0.611876000,0.128331061,0.757096931,-0.611909772,-0.189477724,1,0.131307754,0.123728302,-0.723968776,0.128331061,0.757096931,-0.611909772,-0.189477724
2.838375916,104606.565207416,vr_world,9676,104606.557586291,0.007626042,1,0.161669000,-0.066716800,-0.661053000,0.252693445,0.805754005,-0.521025348,0.124254148,1,0.228162091,0.051132005,-0.795640310,0.252693445,0.805754005,-0.521025348,0.124254148,9676,104606.557586291,0.007626042,1,0.012153100,0.220515000,-0.611889000,0.127759012,0.756996293,-0.612007107,-0.189951438,1,0.131282516,0.123825951,-0.724119029,0.127759012,0.756996293,-0.612007107,-0.189951438
2.861841541,104606.588673041,vr_world,9676,104606.557586291,0.031090792,1,0.161669000,-0.066716800,-0.661053000,0.252693445,0.805754005,-0.521025348,0.124254148,1,0.228162091,0.051132005,-0.795640310,0.252693445,0.805754005,-0.521025348,0.124254148,9676,104606.557586291,0.031090792,1,0.012153100,0.220515000,-0.611889000,0.127759012,0.756996293,-0.612007107,-0.189951438,1,0.131282516,0.123825951,-0.724119029,0.127759012,0.756996293,-0.612007107,-0.189951438
2.872241666,104606.599073166,vr_world,9678,104606.598710875,0.000363791,1,0.162028000,-0.067009200,-0.660980000,0.253144350,0.805167909,-0.522038516,0.122875400,1,0.228606826,0.050726263,-0.795624282,0.253144350,0.805167909,-0.522038516,0.122875400,9678,104606.598710875,0.000363791,1,0.012318300,0.220717000,-0.611994000,0.127256460,0.756879579,-0.612112508,-0.190413694,1,0.131377245,0.124096174,-0.724357802,0.127256460,0.756879579,-0.612112508,-0.190413694
2.882898750,104606.609730250,vr_world,9678,104606.598710875,0.011021291,1,0.162028000,-0.067009200,-0.660980000,0.253144350,0.805167909,-0.522038516,0.122875400,1,0.228606826,0.050726263,-0.795624282,0.253144350,0.805167909,-0.522038516,0.122875400,9678,104606.598710875,0.011021291,1,0.012318300,0.220717000,-0.611994000,0.127256460,0.756879579,-0.612112508,-0.190413694,1,0.131377245,0.124096174,-0.724357802,0.127256460,0.756879579,-0.612112508,-0.190413694
2.895179333,104606.622010833,vr_world,9679,104606.615522625,0.006489625,1,0.162123000,-0.067109200,-0.660916000,0.253765016,0.805098092,-0.521856546,0.122825581,1,0.228588634,0.050490583,-0.795734652,0.253765016,0.805098092,-0.521856546,0.122825581,9679,104606.615522625,0.006489625,1,0.012331600,0.220686000,-0.612019000,0.127106694,0.756815689,-0.612191580,-0.190513439,1,0.131366570,0.124065814,-0.724408641,0.127106694,0.756815689,-0.612191580,-0.190513439
2.905985125,104606.632816625,vr_world,9679,104606.615522625,0.017295041,1,0.162123000,-0.067109200,-0.660916000,0.253765016,0.805098092,-0.521856546,0.122825581,1,0.228588634,0.050490583,-0.795734652,0.253765016,0.805098092,-0.521856546,0.122825581,9679,104606.615522625,0.017295041,1,0.012331600,0.220686000,-0.612019000,0.127106694,0.756815689,-0.612191580,-0.190513439,1,0.131366570,0.124065814,-0.724408641,0.127106694,0.756815689,-0.612191580,-0.190513439
2.918966666,104606.645798166,vr_world,9680,104606.634947041,0.010852209,1,0.162169000,-0.067416100,-0.661133000,0.252550120,0.805457947,-0.522001495,0.122353471,1,0.228677298,0.050556240,-0.795604695,0.252550120,0.805457947,-0.522001495,0.122353471,9680,104606.634947041,0.010852209,1,0.012361400,0.220696000,-0.612054000,0.127075218,0.756766400,-0.612271047,-0.190474856,1,0.131389798,0.124049248,-0.724427858,0.127075218,0.756766400,-0.612271047,-0.190474856
2.980421916,104606.707253416,vr_world,9680,104606.634947041,0.072310167,1,0.162169000,-0.067416100,-0.661133000,0.252550120,0.805457947,-0.522001495,0.122353471,1,0.228677298,0.050556240,-0.795604695,0.252550120,0.805457947,-0.522001495,0.122353471,9680,104606.634947041,0.072310167,1,0.012361400,0.220696000,-0.612054000,0.127075218,0.756766400,-0.612271047,-0.190474856,1,0.131389798,0.124049248,-0.724427858,0.127075218,0.756766400,-0.612271047,-0.190474856
3.006640166,104606.733471666,vr_world,9683,104606.709825166,0.023648667,1,0.163505000,-0.067071400,-0.659866000,0.257571196,0.803935914,-0.523320283,0.116103431,1,0.229037920,0.050094708,-0.795516224,0.257571196,0.803935914,-0.523320283,0.116103431,9683,104606.709825166,0.023648667,1,0.012575200,0.221018000,-0.612080000,0.128001152,0.756507693,-0.612336352,-0.190672512,1,0.131422494,0.124217365,-0.724513084,0.128001152,0.756507693,-0.612336352,-0.190672512
3.019203875,104606.746035375,vr_world,9685,104606.736462541,0.009574834,1,0.163150000,-0.066964700,-0.659941000,0.256167348,0.804546270,-0.522721606,0.117667804,1,0.228841167,0.050488506,-0.795266029,0.256167348,0.804546270,-0.522721606,0.117667804,9685,104606.736462541,0.009574834,1,0.012575800,0.221186000,-0.612165000,0.127727531,0.756673825,-0.612145229,-0.190810429,1,0.131472936,0.124505899,-0.724648986,0.127727531,0.756673825,-0.612145229,-0.190810429
3.031472541,104606.758304041,vr_world,9686,104606.749654958,0.008650292,1,0.163403000,-0.066976900,-0.659492000,0.257878144,0.804008483,-0.523239727,0.115279703,1,0.228738703,0.050222761,-0.795208399,0.257878144,0.804008483,-0.523239727,0.115279703,9686,104606.749654958,0.008650292,1,0.012599200,0.221294000,-0.612228000,0.127699853,0.756772245,-0.612035240,-0.190791461,1,0.131531723,0.124657004,-0.724711741,0.127699853,0.756772245,-0.612035240,-0.190791461
3.042845833,104606.769677333,vr_world,9687,104606.769375416,0.000302584,1,0.163377000,-0.066893500,-0.659543000,0.256861337,0.804192562,-0.523561423,0.114804238,1,0.228809393,0.050596253,-0.794961649,0.256861337,0.804192562,-0.523561423,0.114804238,9687,104606.769375416,0.000302584,1,0.012742400,0.221581000,-0.612561000,0.128197486,0.756534808,-0.612173989,-0.190954173,1,0.131538327,0.124826911,-0.725088372,0.128197486,0.756534808,-0.612173989,-0.190954173
3.055244833,104606.782076333,vr_world,9687,104606.769375416,0.012701375,1,0.163377000,-0.066893500,-0.659543000,0.256861337,0.804192562,-0.523561423,0.114804238,1,0.228809393,0.050596253,-0.794961649,0.256861337,0.804192562,-0.523561423,0.114804238,9687,104606.769375416,0.012701375,1,0.012742400,0.221581000,-0.612561000,0.128197486,0.756534808,-0.612173989,-0.190954173,1,0.131538327,0.124826911,-0.725088372,0.128197486,0.756534808,-0.612173989,-0.190954173
3.067660208,104606.794491708,vr_world,9688,104606.788331041,0.006161334,1,0.163473000,-0.066881600,-0.659468000,0.256738889,0.804384411,-0.523336559,0.114759347,1,0.228824723,0.050684671,-0.794859172,0.256738889,0.804384411,-0.523336559,0.114759347,9688,104606.788331041,0.006161334,1,0.012946900,0.221825000,-0.612883000,0.128992392,0.756098885,-0.612357429,-0.191556302,1,0.131453068,0.124919562,-0.725585380,0.128992392,0.756098885,-0.612357429,-0.191556302
3.080062000,104606.806893500,vr_world,9688,104606.788331041,0.018563417,1,0.163473000,-0.066881600,-0.659468000,0.256738889,0.804384411,-0.523336559,0.114759347,1,0.228824723,0.050684671,-0.794859172,0.256738889,0.804384411,-0.523336559,0.114759347,9688,104606.788331041,0.018563417,1,0.012946900,0.221825000,-0.612883000,0.128992392,0.756098885,-0.612357429,-0.191556302,1,0.131453068,0.124919562,-0.725585380,0.128992392,0.756098885,-0.612357429,-0.191556302
3.092454250,104606.819285750,vr_world,9689,104606.807631416,0.011655042,1,0.163333000,-0.066811300,-0.659440000,0.256640802,0.804178484,-0.523707461,0.114729947,1,0.228818932,0.050725098,-0.794792203,0.256640802,0.804178484,-0.523707461,0.114729947,9689,104606.807631416,0.011655042,1,0.013024200,0.221907000,-0.613015000,0.129321996,0.755875224,-0.612374661,-0.192160719,1,0.131340579,0.124982433,-0.725900190,0.129321996,0.755875224,-0.612374661,-0.192160719
3.104854333,104606.831685833,vr_world,9690,104606.826606250,0.005080416,1,0.163299000,-0.066788900,-0.658923000,0.257327239,0.803574907,-0.524520078,0.113704656,1,0.228847557,0.050554916,-0.794412058,0.257327239,0.803574907,-0.524520078,0.113704656,9690,104606.826606250,0.005080416,1,0.013100000,0.222033000,-0.613215000,0.129274082,0.755670926,-0.612470086,-0.192691612,1,0.131273093,0.125115007,-0.726255929,0.129274082,0.755670926,-0.612470086,-0.192691612
3.115125583,104606.841957083,vr_world,9690,104606.826606250,0.015352250,1,0.163299000,-0.066788900,-0.658923000,0.257327239,0.803574907,-0.524520078,0.113704656,1,0.228847557,0.050554916,-0.794412058,0.257327239,0.803574907,-0.524520078,0.113704656,9690,104606.826606250,0.015352250,1,0.013100000,0.222033000,-0.613215000,0.129274082,0.755670926,-0.612470086,-0.192691612,1,0.131273093,0.125115007,-0.726255929,0.129274082,0.755670926,-0.612470086,-0.192691612
3.126111500,104606.852943000,vr_world,9691,104606.846614750,0.006329500,1,0.163406000,-0.067351500,-0.658148000,0.256205849,0.803837062,-0.525447923,0.110040992,1,0.228708573,0.050616539,-0.793213043,0.256205849,0.803837062,-0.525447923,0.110040992,9691,104606.846614750,0.006329500,1,0.013193900,0.222142000,-0.613420000,0.129007445,0.755550402,-0.612624754,-0.192851186,1,0.131324783,0.125219301,-0.726500757,0.129007445,0.755550402,-0.612624754,-0.192851186
3.138476833,104606.865308333,vr_world,9692,104606.864602875,0.000705958,1,0.163194000,-0.068111600,-0.657786000,0.251864464,0.805041176,-0.526256659,0.107363522,1,0.228604974,0.051250134,-0.791567943,0.251864464,0.805041176,-0.526256659,0.107363522,9692,104606.864602875,0.000705958,1,0.013329700,0.222268000,-0.613639000,0.128813942,0.755434420,-0.612767194,-0.192982308,1,0.131418975,0.125331889,-0.726751922,0.128813942,0.755434420,-0.612767194,-0.192982308
3.149951750,104606.876783250,vr_world,9692,104606.864602875,0.012180958,1,0.163194000,-0.068111600,-0.657786000,0.251864464,0.805041176,-0.526256659,0.107363522,1,0.228604974,0.051250134,-0.791567943,0.251864464,0.805041176,-0.526256659,0.107363522,9692,104606.864602875,0.012180958,1,0.013329700,0.222268000,-0.613639000,0.128813942,0.755434420,-0.612767194,-0.192982308,1,0.131418975,0.125331889,-0.726751922,0.128813942,0.755434420,-0.612767194,-0.192982308
3.162358291,104606.889189791,vr_world,9693,104606.883467625,0.005722708,1,0.163790000,-0.068543200,-0.656250000,0.249991050,0.807609888,-0.523568364,0.105578942,1,0.228042154,0.051991585,-0.789540839,0.249991050,0.807609888,-0.523568364,0.105578942,9693,104606.883467625,0.005722708,1,0.013565700,0.222328000,-0.613701000,0.128967685,0.755155449,-0.612959560,-0.193360189,1,0.131497542,0.125322348,-0.726918462,0.128967685,0.755155449,-0.612959560,-0.193360189
3.174184625,104606.901016125,vr_world,9693,104606.883467625,0.017549166,1,0.163790000,-0.068543200,-0.656250000,0.249991050,0.807609888,-0.523568364,0.105578942,1,0.228042154,0.051991585,-0.789540839,0.249991050,0.807609888,-0.523568364,0.105578942,9693,104606.883467625,0.017549166,1,0.013565700,0.222328000,-0.613701000,0.128967685,0.755155449,-0.612959560,-0.193360189,1,0.131497542,0.125322348,-0.726918462,0.128967685,0.755155449,-0.612959560,-0.193360189
3.186603583,104606.913435083,vr_world,9694,104606.902948500,0.010486916,1,0.156744000,-0.081099300,-0.635578000,0.249273895,0.823086550,-0.498899212,0.107194372,1,0.212380801,0.043121159,-0.769358755,0.249273895,0.823086550,-0.498899212,0.107194372,9694,104606.902948500,0.010486916,1,0.013860500,0.222320000,-0.613598000,0.129549283,0.754808480,-0.613069915,-0.193975310,1,0.131543305,0.125223347,-0.726996577,0.129549283,0.754808480,-0.613069915,-0.193975310
3.198998000,104606.925829500,vr_world,9695,104606.922422708,0.003407167,1,0.151013000,-0.077942700,-0.656064000,0.239182151,0.761494276,-0.578591302,0.167781021,1,0.246554136,0.026503468,-0.784072867,0.239182151,0.761494276,-0.578591302,0.167781021,9695,104606.922422708,0.003407167,1,0.014124400,0.222445000,-0.613724000,0.130106873,0.754494525,-0.613258248,-0.194228046,1,0.131627730,0.125209513,-0.727189734,0.130106873,0.754494525,-0.613258248,-0.194228046
3.211388333,104606.938219833,vr_world,9695,104606.922422708,0.015797667,1,0.151013000,-0.077942700,-0.656064000,0.239182151,0.761494276,-0.578591302,0.167781021,1,0.246554136,0.026503468,-0.784072867,0.239182151,0.761494276,-0.578591302,0.167781021,9695,104606.922422708,0.015797667,1,0.014124400,0.222445000,-0.613724000,0.130106873,0.754494525,-0.613258248,-0.194228046,1,0.131627730,0.125209513,-0.727189734,0.130106873,0.754494525,-0.613258248,-0.194228046
3.223795833,104606.950627333,vr_world,9696,104606.942844458,0.007783458,1,0.143479000,-0.089736800,-0.657793000,0.266343211,0.765090156,-0.555337681,0.187878703,1,0.233203591,0.009068713,-0.794212893,0.266343211,0.765090156,-0.555337681,0.187878703,9696,104606.942844458,0.007783458,1,0.014264400,0.222501000,-0.613821000,0.130125295,0.754389945,-0.613426390,-0.194090914,1,0.131756006,0.125192901,-0.727236545,0.130125295,0.754389945,-0.613426390,-0.194090914
3.234851791,104606.961683291,vr_world,9696,104606.942844458,0.018839292,1,0.143479000,-0.089736800,-0.657793000,0.266343211,0.765090156,-0.555337681,0.187878703,1,0.233203591,0.009068713,-0.794212893,0.266343211,0.765090156,-0.555337681,0.187878703,9696,104606.942844458,0.018839292,1,0.014264400,0.222501000,-0.613821000,0.130125295,0.754389945,-0.613426390,-0.194090914,1,0.131756006,0.125192901,-0.727236545,0.130125295,0.754389945,-0.613426390,-0.194090914
3.247251875,104606.974083375,vr_world,9697,104606.963282458,0.010801792,1,0.126902000,-0.108311000,-0.662266000,0.012569918,0.746424726,-0.653023501,0.127485029,1,0.253684075,0.025239234,-0.712406684,0.012569918,0.746424726,-0.653023501,0.127485029,9697,104606.963282458,0.010801792,1,0.014386600,0.222467000,-0.613909000,0.130087818,0.754345262,-0.613574172,-0.193822396,1,0.131910063,0.125094133,-0.727235815,0.130087818,0.754345262,-0.613574172,-0.193822396
3.258864291,104606.985695791,vr_world,9698,104606.983455958,0.002241333,1,0.162953000,-0.087255700,-0.643108000,0.158363684,0.794463915,-0.571212774,0.132151421,1,0.254351541,0.043533303,-0.747817061,0.158363684,0.794463915,-0.571212774,0.132151421,9698,104606.983455958,0.002241333,1,0.014532900,0.222356000,-0.614099000,0.130061518,0.754429642,-0.613604031,-0.193416674,1,0.132148883,0.124950435,-0.727301689,0.130061518,0.754429642,-0.613604031,-0.193416674
3.271213166,104606.998044666,vr_world,9698,104606.983455958,0.014589375,1,0.162953000,-0.087255700,-0.643108000,0.158363684,0.794463915,-0.571212774,0.132151421,1,0.254351541,0.043533303,-0.747817061,0.158363684,0.794463915,-0.571212774,0.132151421,9698,104606.983455958,0.014589375,1,0.014532900,0.222356000,-0.614099000,0.130061518,0.754429642,-0.613604031,-0.193416674,1,0.132148883,0.124950435,-0.727301689,0.130061518,0.754429642,-0.613604031,-0.193416674
3.283622041,104607.010453541,vr_world,9699,104607.002810791,0.007643334,1,0.157606000,-0.091473100,-0.643823000,0.195399388,0.803357488,-0.551183540,0.112394528,1,0.236500493,0.037230624,-0.760589522,0.195399388,0.803357488,-0.551183540,0.112394528,9699,104607.002810791,0.007643334,1,0.014950900,0.222291000,-0.614521000,0.130442269,0.754106869,-0.613923177,-0.193406247,1,0.132440196,0.124709898,-0.727704241,0.130442269,0.754106869,-0.613923177,-0.193406247
3.296023750,104607.022855250,vr_world,9700,104607.022205333,0.000650583,1,0.148283000,-0.086319600,-0.642852000,0.223360205,0.804340849,-0.541281060,0.100800947,1,0.219914648,0.038737050,-0.767964649,0.223360205,0.804340849,-0.541281060,0.100800947,9700,104607.022205333,0.000650583,1,0.015955900,0.222042000,-0.615149000,0.131749808,0.752895417,-0.614571422,-0.195172861,1,0.132690210,0.124135558,-0.728831179,0.131749808,0.752895417,-0.614571422,-0.195172861
3.307514291,104607.034345791,vr_world,9700,104607.022205333,0.012141083,1,0.148283000,-0.086319600,-0.642852000,0.223360205,0.804340849,-0.541281060,0.100800947,1,0.219914648,0.038737050,-0.767964649,0.223360205,0.804340849,-0.541281060,0.100800947,9700,104607.022205333,0.012141083,1,0.015955900,0.222042000,-0.615149000,0.131749808,0.752895417,-0.614571422,-0.195172861,1,0.132690210,0.124135558,-0.728831179,0.131749808,0.752895417,-0.614571422,-0.195172861
3.319889875,104607.046721375,vr_world,9701,104607.042191000,0.004530916,1,0.163643000,-0.090106700,-0.621938000,0.166500466,0.812563897,-0.546641083,0.114895752,1,0.242842446,0.045770894,-0.730049709,0.166500466,0.812563897,-0.546641083,0.114895752,9701,104607.042191000,0.004530916,1,0.016256400,0.221722000,-0.615423000,0.132544407,0.752526350,-0.614539510,-0.196156222,1,0.132659004,0.123765938,-0.729402385,0.132544407,0.752526350,-0.614539510,-0.196156222
3.332308166,104607.059139666,vr_world,9701,104607.042191000,0.016949416,1,0.163643000,-0.090106700,-0.621938000,0.166500466,0.812563897,-0.546641083,0.114895752,1,0.242842446,0.045770894,-0.730049709,0.166500466,0.812563897,-0.546641083,0.114895752,9701,104607.042191000,0.016949416,1,0.016256400,0.221722000,-0.615423000,0.132544407,0.752526350,-0.614539510,-0.196156222,1,0.132659004,0.123765938,-0.729402385,0.132544407,0.752526350,-0.614539510,-0.196156222
3.344152750,104607.070984250,vr_world,9702,104607.065517041,0.005467792,1,0.165671000,-0.088789000,-0.613536000,0.180941703,0.812319701,-0.541923679,0.117113320,1,0.242708365,0.044475746,-0.726359763,0.180941703,0.812319701,-0.541923679,0.117113320,9702,104607.065517041,0.005467792,1,0.016560900,0.221244000,-0.615849000,0.133014983,0.752398011,-0.614771109,-0.195603507,1,0.132976471,0.123095232,-0.729649244,0.133014983,0.752398011,-0.614771109,-0.195603507
3.356551000,104607.083382500,vr_world,9703,104607.082038250,0.001344875,1,0.167294000,-0.087150300,-0.614731000,0.172725000,0.817720249,-0.536012699,0.119122018,1,0.242872692,0.048807959,-0.725305302,0.172725000,0.817720249,-0.536012699,0.119122018,9703,104607.082038250,0.001344875,1,0.016976500,0.220860000,-0.616298000,0.133100924,0.751958547,-0.615593945,-0.194644759,1,0.133402670,0.122339294,-0.729765260,0.133100924,0.751958547,-0.615593945,-0.194644759
3.368963083,104607.095794583,vr_world,9703,104607.082038250,0.013756958,1,0.167294000,-0.087150300,-0.614731000,0.172725000,0.817720249,-0.536012699,0.119122018,1,0.242872692,0.048807959,-0.725305302,0.172725000,0.817720249,-0.536012699,0.119122018,9703,104607.082038250,0.013756958,1,0.016976500,0.220860000,-0.616298000,0.133100924,0.751958547,-0.615593945,-0.194644759,1,0.133402670,0.122339294,-0.729765260,0.133100924,0.751958547,-0.615593945,-0.194644759
3.381319666,104607.108151166,vr_world,9704,104607.101581458,0.006570042,1,0.166354000,-0.084595300,-0.614183000,0.184883728,0.811484235,-0.540773220,0.121965850,1,0.243537934,0.047419186,-0.728368346,0.184883728,0.811484235,-0.540773220,0.121965850,9704,104607.101581458,0.006570042,1,0.017649200,0.220356000,-0.616609000,0.132401196,0.751110547,-0.616687911,-0.194933042,1,0.133819821,0.121567813,-0.730105658,0.132401196,0.751110547,-0.616687911,-0.194933042
3.393733125,104607.120564625,vr_world,9704,104607.101581458,0.018983625,1,0.166354000,-0.084595300,-0.614183000,0.184883728,0.811484235,-0.540773220,0.121965850,1,0.243537934,0.047419186,-0.728368346,0.184883728,0.811484235,-0.540773220,0.121965850,9704,104607.101581458,0.018983625,1,0.017649200,0.220356000,-0.616609000,0.132401196,0.751110547,-0.616687911,-0.194933042,1,0.133819821,0.121567813,-0.730105658,0.132401196,0.751110547,-0.616687911,-0.194933042
3.406149291,104607.132980791,vr_world,9705,104607.121096291,0.011885084,1,0.164770000,-0.088387800,-0.621364000,0.182605325,0.805886909,-0.549661457,0.122775684,1,0.245490963,0.042409084,-0.734499865,0.182605325,0.805886909,-0.549661457,0.122775684,9705,104607.121096291,0.011885084,1,0.018671400,0.219367000,-0.616854000,0.130569696,0.749779624,-0.617838192,-0.197631065,1,0.134139526,0.120624095,-0.731104572,0.130569696,0.749779624,-0.617838192,-0.197631065
3.418553708,104607.145385208,vr_world,9706,104607.140440541,0.004945250,1,0.166194000,-0.091545000,-0.629233000,0.184734763,0.803330386,-0.553224927,0.120314329,1,0.247718893,0.038353539,-0.742826394,0.184734763,0.803330386,-0.553224927,0.120314329,9706,104607.140440541,0.004945250,1,0.018887200,0.218832000,-0.616793000,0.129040387,0.749384115,-0.617996935,-0.199629194,1,0.134032699,0.120401878,-0.731637543,0.129040387,0.749384115,-0.617996935,-0.199629194
3.430960375,104607.157791875,vr_world,9706,104607.140440541,0.017351709,1,0.166194000,-0.091545000,-0.629233000,0.184734763,0.803330386,-0.553224927,0.120314329,1,0.247718893,0.038353539,-0.742826394,0.184734763,0.803330386,-0.553224927,0.120314329,9706,104607.140440541,0.017351709,1,0.018887200,0.218832000,-0.616793000,0.129040387,0.749384115,-0.617996935,-0.199629194,1,0.134032699,0.120401878,-0.731637543,0.129040387,0.749384115,-0.617996935,-0.199629194
3.443253041,104607.170084541,vr_world,9707,104607.159264708,0.010820375,1,0.166534000,-0.093953400,-0.633801000,0.182223718,0.803145695,-0.555449136,0.115012028,1,0.248176181,0.036699477,-0.746441473,0.182223718,0.803145695,-0.555449136,0.115012028,9707,104607.159264708,0.010820375,1,0.019246800,0.218431000,-0.616963000,0.126943707,0.748762083,-0.618764202,-0.200926607,1,0.134156950,0.120137555,-0.732159845,0.126943707,0.748762083,-0.618764202,-0.200926607
3.455672041,104607.182503541,vr_world,9708,104607.179393166,0.003110750,1,0.166606000,-0.094055700,-0.634600000,0.183614964,0.806956350,-0.550600456,0.109298362,1,0.245476260,0.037864110,-0.747737370,0.183614964,0.806956350,-0.550600456,0.109298362,9708,104607.179393166,0.003110750,1,0.019037900,0.218722000,-0.617139000,0.126903076,0.749035190,-0.618907467,-0.199487945,1,0.134264761,0.120286562,-0.731897404,0.126903076,0.749035190,-0.618907467,-0.199487945
3.468082500,104607.194914000,vr_world,9708,104607.179393166,0.015521917,1,0.166606000,-0.094055700,-0.634600000,0.183614964,0.806956350,-0.550600456,0.109298362,1,0.245476260,0.037864110,-0.747737370,0.183614964,0.806956350,-0.550600456,0.109298362,9708,104607.179393166,0.015521917,1,0.019037900,0.218722000,-0.617139000,0.126903076,0.749035190,-0.618907467,-0.199487945,1,0.134264761,0.120286562,-0.731897404,0.126903076,0.749035190,-0.618907467,-0.199487945
3.480188083,104607.207019583,vr_world,9709,104607.198762583,0.008257417,1,0.166933000,-0.093639500,-0.636589000,0.186646271,0.810893773,-0.545374631,0.100900795,1,0.242372712,0.039505789,-0.750626662,0.186646271,0.810893773,-0.545374631,0.100900795,9709,104607.198762583,0.008257417,1,0.019195900,0.218685000,-0.617514000,0.125179302,0.749165354,-0.619044553,-0.199662856,1,0.134571144,0.120478826,-0.732319647,0.125179302,0.749165354,-0.619044553,-0.199662856
3.492600125,104607.219431625,vr_world,9710,104607.217355416,0.002076584,1,0.167652000,-0.092336300,-0.637232000,0.193521160,0.812829532,-0.540583089,0.098120520,1,0.240467096,0.040399276,-0.753433017,0.193521160,0.812829532,-0.540583089,0.098120520,9710,104607.217355416,0.002076584,1,0.019290300,0.218628000,-0.617970000,0.123178193,0.750437459,-0.617331459,-0.201426469,1,0.134939231,0.121468851,-0.733389664,0.123178193,0.750437459,-0.617331459,-0.201426469
3.505013708,104607.231845208,vr_world,9710,104607.217355416,0.014490334,1,0.167652000,-0.092336300,-0.637232000,0.193521160,0.812829532,-0.540583089,0.098120520,1,0.240467096,0.040399276,-0.753433017,0.193521160,0.812829532,-0.540583089,0.098120520,9710,104607.217355416,0.014490334,1,0.019290300,0.218628000,-0.617970000,0.123178193,0.750437459,-0.617331459,-0.201426469,1,0.134939231,0.121468851,-0.733389664,0.123178193,0.750437459,-0.617331459,-0.201426469
3.517429333,104607.244260833,vr_world,9711,104607.236805625,0.007455708,1,0.166489000,-0.091605700,-0.638192000,0.197998466,0.811410368,-0.541140205,0.097862663,1,0.239199053,0.040011666,-0.755723059,0.197998466,0.811410368,-0.541140205,0.097862663,9711,104607.236805625,0.007455708,1,0.019433100,0.218999000,-0.618777000,0.121904199,0.752266152,-0.614428999,-0.204235180,1,0.135299755,0.123277284,-0.735175122,0.121904199,0.752266152,-0.614428999,-0.204235180
3.527525291,104607.254356791,vr_world,9711,104607.236805625,0.017551875,1,0.166489000,-0.091605700,-0.638192000,0.197998466,0.811410368,-0.541140205,0.097862663,1,0.239199053,0.040011666,-0.755723059,0.197998466,0.811410368,-0.541140205,0.097862663,9711,104607.236805625,0.017551875,1,0.019433100,0.218999000,-0.618777000,0.121904199,0.752266152,-0.614428999,-0.204235180,1,0.135299755,0.123277284,-0.735175122,0.121904199,0.752266152,-0.614428999,-0.204235180
3.539707666,104607.266539166,vr_world,9712,104607.256115750,0.010424000,1,0.163807000,-0.090235000,-0.640716000,0.194227243,0.813996059,-0.538215309,0.100052364,1,0.236006064,0.042537152,-0.757259155,0.194227243,0.813996059,-0.538215309,0.100052364,9712,104607.256115750,0.010424000,1,0.019674100,0.220423000,-0.620613000,0.123904433,0.753026852,-0.612640771,-0.205595568,1,0.135393256,0.125127995,-0.737506803,0.123904433,0.753026852,-0.612640771,-0.205595568
3.550243041,104607.277074541,vr_world,9713,104607.275020291,0.002054584,1,0.162390000,-0.088753000,-0.641920000,0.193233589,0.815340542,-0.535861128,0.103602277,1,0.234337757,0.044262799,-0.758340889,0.193233589,0.815340542,-0.535861128,0.103602277,9713,104607.275020291,0.002054584,1,0.019860800,0.221731000,-0.622110000,0.128508990,0.752555302,-0.612638678,-0.204498918,1,0.135243629,0.125639981,-0.738684042,0.128508990,0.752555302,-0.612638678,-0.204498918
3.562635333,104607.289466833,vr_world,9713,104607.275020291,0.014447167,1,0.162390000,-0.088753000,-0.641920000,0.193233589,0.815340542,-0.535861128,0.103602277,1,0.234337757,0.044262799,-0.758340889,0.193233589,0.815340542,-0.535861128,0.103602277,9713,104607.275020291,0.014447167,1,0.019860800,0.221731000,-0.622110000,0.128508990,0.752555302,-0.612638678,-0.204498918,1,0.135243629,0.125639981,-0.738684042,0.128508990,0.752555302,-0.612638678,-0.204498918
3.575045500,104607.301877000,vr_world,9714,104607.294733500,0.007144041,1,0.161915000,-0.086728400,-0.642595000,0.192935318,0.816026008,-0.534438805,0.106078657,1,0.233747803,0.046324104,-0.759044532,0.192935318,0.816026008,-0.534438805,0.106078657,9714,104607.294733500,0.007144041,1,0.020025100,0.222672000,-0.623364000,0.133139779,0.753066826,-0.611262641,-0.203769817,1,0.135317860,0.126296904,-0.739792745,0.133139779,0.753066826,-0.611262641,-0.203769817
3.587461666,104607.314293166,vr_world,9715,104607.313306041,0.000987667,1,0.160141000,-0.083562300,-0.643778000,0.197008500,0.817953190,-0.529370084,0.109121696,1,0.230354700,0.049047034,-0.761711222,0.197008500,0.817953190,-0.529370084,0.109121696,9715,104607.313306041,0.000987667,1,0.020344700,0.224422000,-0.625318000,0.141060677,0.754032866,-0.607875759,-0.204996061,1,0.135117506,0.128077309,-0.742284291,0.141060677,0.754032866,-0.607875759,-0.204996061
3.599876708,104607.326708208,vr_world,9715,104607.313306041,0.013402709,1,0.160141000,-0.083562300,-0.643778000,0.197008500,0.817953190,-0.529370084,0.109121696,1,0.230354700,0.049047034,-0.761711222,0.197008500,0.817953190,-0.529370084,0.109121696,9715,104607.313306041,0.013402709,1,0.020344700,0.224422000,-0.625318000,0.141060677,0.754032866,-0.607875759,-0.204996061,1,0.135117506,0.128077309,-0.742284291,0.141060677,0.754032866,-0.607875759,-0.204996061
3.612109958,104607.338941458,vr_world,9716,104607.332630416,0.006311500,1,0.158905000,-0.081938400,-0.645017000,0.194434580,0.818618472,-0.529088317,0.110111513,1,0.229318045,0.051215283,-0.762215809,0.194434580,0.818618472,-0.529088317,0.110111513,9716,104607.332630416,0.006311500,1,0.020483700,0.225362000,-0.626392000,0.145606781,0.754952966,-0.605573797,-0.205243905,1,0.135148740,0.129123219,-0.743551156,0.145606781,0.754952966,-0.605573797,-0.205243905
3.624212041,104607.351043541,vr_world,9716,104607.332630416,0.018413667,1,0.158905000,-0.081938400,-0.645017000,0.194434580,0.818618472,-0.529088317,0.110111513,1,0.229318045,0.051215283,-0.762215809,0.194434580,0.818618472,-0.529088317,0.110111513,9716,104607.332630416,0.018413667,1,0.020483700,0.225362000,-0.626392000,0.145606781,0.754952966,-0.605573797,-0.205243905,1,0.135148740,0.129123219,-0.743551156,0.145606781,0.754952966,-0.605573797,-0.205243905
3.636232000,104607.363063500,vr_world,9717,104607.352026166,0.011037917,1,0.157697000,-0.078667900,-0.646581000,0.192848824,0.820970753,-0.526017503,0.110099686,1,0.227053538,0.055368331,-0.763403208,0.192848824,0.820970753,-0.526017503,0.110099686,9717,104607.352026166,0.011037917,1,0.020722400,0.227114000,-0.628162000,0.152313508,0.755790809,-0.602695537,-0.205764277,1,0.135050633,0.130840139,-0.745620886,0.152313508,0.755790809,-0.602695537,-0.205764277
3.648228958,104607.375060458,vr_world,9718,104607.371059583,0.004001375,1,0.158577000,-0.076680000,-0.646513000,0.191529805,0.823393742,-0.523506947,0.106205256,1,0.226439712,0.058505609,-0.762887387,0.191529805,0.823393742,-0.523506947,0.106205256,9718,104607.371059583,0.004001375,1,0.020663300,0.227947000,-0.628761000,0.155509498,0.755766120,-0.602143548,-0.205079292,1,0.134864643,0.131301003,-0.746037726,0.155509498,0.755766120,-0.602143548,-0.205079292
3.660398083,104607.387229583,vr_world,9718,104607.371059583,0.016170625,1,0.158577000,-0.076680000,-0.646513000,0.191529805,0.823393742,-0.523506947,0.106205256,1,0.226439712,0.058505609,-0.762887387,0.191529805,0.823393742,-0.523506947,0.106205256,9718,104607.371059583,0.016170625,1,0.020663300,0.227947000,-0.628761000,0.155509498,0.755766120,-0.602143548,-0.205079292,1,0.134864643,0.131301003,-0.746037726,0.155509498,0.755766120,-0.602143548,-0.205079292
3.672769875,104607.399601375,vr_world,9719,104607.390286500,0.009315250,1,0.159212000,-0.074228400,-0.646829000,0.191006495,0.824682643,-0.522546739,0.101783906,1,0.226034701,0.061719890,-0.762916193,0.191006495,0.824682643,-0.522546739,0.101783906,9719,104607.390286500,0.009315250,1,0.020590800,0.228705000,-0.629367000,0.157674693,0.755717220,-0.602057557,-0.203855027,1,0.134827719,0.131658577,-0.746277724,0.157674693,0.755717220,-0.602057557,-0.203855027
3.685151958,104607.411983458,vr_world,9720,104607.409318208,0.002665917,1,0.159651000,-0.069163700,-0.648782000,0.192370329,0.825922138,-0.521198362,0.095909049,1,0.224957044,0.067325711,-0.765097299,0.192370329,0.825922138,-0.521198362,0.095909049,9720,104607.409318208,0.002665917,1,0.020796300,0.230097000,-0.630483000,0.160675220,0.755868069,-0.601587828,-0.202333934,1,0.135122196,0.132632017,-0.746957839,0.160675220,0.755868069,-0.601587828,-0.202333934
3.697570041,104607.424401541,vr_world,9720,104607.409318208,0.015083750,1,0.159651000,-0.069163700,-0.648782000,0.192370329,0.825922138,-0.521198362,0.095909049,1,0.224957044,0.067325711,-0.765097299,0.192370329,0.825922138,-0.521198362,0.095909049,9720,104607.409318208,0.015083750,1,0.020796300,0.230097000,-0.630483000,0.160675220,0.755868069,-0.601587828,-0.202333934,1,0.135122196,0.132632017,-0.746957839,0.160675220,0.755868069,-0.601587828,-0.202333934
3.709522041,104607.436353541,vr_world,9721,104607.429382333,0.006971625,1,0.160441000,-0.065196700,-0.650495000,0.192576412,0.824514232,-0.523898149,0.092851152,1,0.226261500,0.071152472,-0.766684506,0.192576412,0.824514232,-0.523898149,0.092851152,9721,104607.429382333,0.006971625,1,0.020985000,0.230510000,-0.630706000,0.159819978,0.756028699,-0.601425800,-0.202892062,1,0.135325581,0.133277610,-0.747360834,0.159819978,0.756028699,-0.601425800,-0.202892062
3.721938291,104607.448769791,vr_world,9722,104607.448629500,0.000141000,1,0.163331000,-0.058442300,-0.651641000,0.198640322,0.824224621,-0.523419191,0.085018508,1,0.227380134,0.077436412,-0.769361661,0.198640322,0.824224621,-0.523419191,0.085018508,9722,104607.448629500,0.000141000,1,0.021296900,0.231388000,-0.631303000,0.159010703,0.756777490,-0.600264202,-0.204172270,1,0.135703103,0.134781292,-0.748412295,0.159010703,0.756777490,-0.600264202,-0.204172270
3.732633041,104607.459464541,vr_world,9722,104607.448629500,0.010835625,1,0.163331000,-0.058442300,-0.651641000,0.198640322,0.824224621,-0.523419191,0.085018508,1,0.227380134,0.077436412,-0.769361661,0.198640322,0.824224621,-0.523419191,0.085018508,9722,104607.448629500,0.010835625,1,0.021296900,0.231388000,-0.631303000,0.159010703,0.756777490,-0.600264202,-0.204172270,1,0.135703103,0.134781292,-0.748412295,0.159010703,0.756777490,-0.600264202,-0.204172270
3.744188291,104607.471019791,vr_world,9723,104607.467612250,0.003407916,1,0.167984000,-0.052833100,-0.652429000,0.205479415,0.826439167,-0.518392925,0.077751452,1,0.228590237,0.083022060,-0.771985334,0.205479415,0.826439167,-0.518392925,0.077751452,9723,104607.467612250,0.003407916,1,0.021469200,0.231799000,-0.631584000,0.157818446,0.757390605,-0.599554272,-0.204908480,1,0.136020405,0.135689099,-0.748959969,0.157818446,0.757390605,-0.599554272,-0.204908480
3.756619750,104607.483451250,vr_world,9723,104607.467612250,0.015839625,1,0.167984000,-0.052833100,-0.652429000,0.205479415,0.826439167,-0.518392925,0.077751452,1,0.228590237,0.083022060,-0.771985334,0.205479415,0.826439167,-0.518392925,0.077751452,9723,104607.467612250,0.015839625,1,0.021469200,0.231799000,-0.631584000,0.157818446,0.757390605,-0.599554272,-0.204908480,1,0.136020405,0.135689099,-0.748959969,0.157818446,0.757390605,-0.599554272,-0.204908480
3.768516625,104607.495348125,vr_world,9724,104607.486704000,0.008644583,1,0.172399000,-0.046151500,-0.652763000,0.224750272,0.826179113,-0.511791811,0.070601208,1,0.228156564,0.086849810,-0.777763818,0.224750272,0.826179113,-0.511791811,0.070601208,9724,104607.486704000,0.008644583,1,0.021735300,0.232345000,-0.631948000,0.157619751,0.757586601,-0.599340347,-0.204962691,1,0.136350597,0.136348279,-0.749354097,0.157619751,0.757586601,-0.599340347,-0.204962691
3.778921041,104607.505752541,vr_world,9725,104607.505743041,0.000010625,1,0.177317000,-0.036834200,-0.655366000,0.242579716,0.825677743,-0.505713145,0.060543876,1,0.227965999,0.093720764,-0.785033082,0.242579716,0.825677743,-0.505713145,0.060543876,9725,104607.505743041,0.000010625,1,0.022229600,0.233498000,-0.632574000,0.158961558,0.757725125,-0.598566853,-0.205673480,1,0.136667076,0.137595477,-0.750230403,0.158961558,0.757725125,-0.598566853,-0.205673480
3.791339375,104607.518170875,vr_world,9725,104607.505743041,0.012428375,1,0.177317000,-0.036834200,-0.655366000,0.242579716,0.825677743,-0.505713145,0.060543876,1,0.227965999,0.093720764,-0.785033082,0.242579716,0.825677743,-0.505713145,0.060543876,9725,104607.505743041,0.012428375,1,0.022229600,0.233498000,-0.632574000,0.158961558,0.757725125,-0.598566853,-0.205673480,1,0.136667076,0.137595477,-0.750230403,0.158961558,0.757725125,-0.598566853,-0.205673480
3.802311666,104607.529143166,vr_world,9726,104607.524823958,0.004319792,1,0.180258000,-0.031566900,-0.655873000,0.249146378,0.825417261,-0.503360799,0.056923929,1,0.228976122,0.098050140,-0.787210085,0.249146378,0.825417261,-0.503360799,0.056923929,9726,104607.524823958,0.004319792,1,0.022367200,0.234138000,-0.632679000,0.160913101,0.757837012,-0.597795031,-0.205988201,1,0.136642378,0.138202646,-0.750466205,0.160913101,0.757837012,-0.597795031,-0.205988201
3.814712500,104607.541544000,vr_world,9726,104607.524823958,0.016721333,1,0.180258000,-0.031566900,-0.655873000,0.249146378,0.825417261,-0.503360799,0.056923929,1,0.228976122,0.098050140,-0.787210085,0.249146378,0.825417261,-0.503360799,0.056923929,9726,104607.524823958,0.016721333,1,0.022367200,0.234138000,-0.632679000,0.160913101,0.757837012,-0.597795031,-0.205988201,1,0.136642378,0.138202646,-0.750466205,0.160913101,0.757837012,-0.597795031,-0.205988201
3.826863166,104607.553694666,vr_world,9727,104607.544142250,0.009553583,1,0.183356000,-0.025940500,-0.656875000,0.253180087,0.825380775,-0.501813183,0.053197259,1,0.230600843,0.103277419,-0.789140320,0.253180087,0.825380775,-0.501813183,0.053197259,9727,104607.544142250,0.009553583,1,0.022153900,0.234713000,-0.632842000,0.162301645,0.758371402,-0.596836123,-0.205712506,1,0.136536333,0.138872576,-0.750602281,0.162301645,0.758371402,-0.596836123,-0.205712506
3.839238833,104607.566070333,vr_world,9728,104607.562767000,0.003304166,1,0.187975000,-0.014437700,-0.659887000,0.266366477,0.823442354,-0.498511381,0.049779427,1,0.232446413,0.112161439,-0.795601479,0.266366477,0.823442354,-0.498511381,0.049779427,9728,104607.562767000,0.003304166,1,0.021807000,0.235748000,-0.633347000,0.163899061,0.759746727,-0.594964227,-0.204791546,1,0.136644625,0.140259397,-0.750949957,0.163899061,0.759746727,-0.594964227,-0.204791546
3.851583583,104607.578415083,vr_world,9728,104607.562767000,0.015649291,1,0.187975000,-0.014437700,-0.659887000,0.266366477,0.823442354,-0.498511381,0.049779427,1,0.232446413,0.112161439,-0.795601479,0.266366477,0.823442354,-0.498511381,0.049779427,9728,104607.562767000,0.015649291,1,0.021807000,0.235748000,-0.633347000,0.163899061,0.759746727,-0.594964227,-0.204791546,1,0.136644625,0.140259397,-0.750949957,0.163899061,0.759746727,-0.594964227,-0.204791546
3.864007958,104607.590839458,vr_world,9729,104607.582346375,0.008495875,1,0.189938000,-0.007337960,-0.661787000,0.275081230,0.821668038,-0.496298261,0.053665518,1,0.233572699,0.116739805,-0.800077226,0.275081230,0.821668038,-0.496298261,0.053665518,9729,104607.582346375,0.008495875,1,0.021246400,0.236241000,-0.633624000,0.164121897,0.761152695,-0.593432428,-0.203834567,1,0.136652107,0.141213819,-0.751044589,0.164121897,0.761152695,-0.593432428,-0.203834567
3.876420166,104607.603251666,vr_world,9730,104607.601202875,0.002051000,1,0.191665000,-0.000266486,-0.663818000,0.283992174,0.821257479,-0.491054473,0.061238089,1,0.234004071,0.121096364,-0.804892168,0.283992174,0.821257479,-0.491054473,0.061238089,9730,104607.601202875,0.002051000,1,0.020607300,0.236933000,-0.634016000,0.164275017,0.762458620,-0.592108094,-0.202678504,1,0.136589673,0.142294893,-0.751182303,0.164275017,0.762458620,-0.592108094,-0.202678504
3.888838958,104607.615670458,vr_world,9730,104607.601202875,0.014468083,1,0.191665000,-0.000266486,-0.663818000,0.283992174,0.821257479,-0.491054473,0.061238089,1,0.234004071,0.121096364,-0.804892168,0.283992174,0.821257479,-0.491054473,0.061238089,9730,104607.601202875,0.014468083,1,0.020607300,0.236933000,-0.634016000,0.164275017,0.762458620,-0.592108094,-0.202678504,1,0.136589673,0.142294893,-0.751182303,0.164275017,0.762458620,-0.592108094,-0.202678504
3.901262791,104607.628094291,vr_world,9731,104607.620256833,0.007837750,1,0.194485000,0.013538200,-0.667430000,0.301864156,0.816887456,-0.485433539,0.076988281,1,0.236255599,0.128489814,-0.813938697,0.301864156,0.816887456,-0.485433539,0.076988281,9731,104607.620256833,0.007837750,1,0.019642100,0.238346000,-0.634764000,0.166003157,0.764173401,-0.589962290,-0.201063327,1,0.136289097,0.144103480,-0.751588797,0.166003157,0.764173401,-0.589962290,-0.201063327
3.912185916,104607.639017416,vr_world,9731,104607.620256833,0.018761042,1,0.194485000,0.013538200,-0.667430000,0.301864156,0.816887456,-0.485433539,0.076988281,1,0.236255599,0.128489814,-0.813938697,0.301864156,0.816887456,-0.485433539,0.076988281,9731,104607.620256833,0.018761042,1,0.019642100,0.238346000,-0.634764000,0.166003157,0.764173401,-0.589962290,-0.201063327,1,0.136289097,0.144103480,-0.751588797,0.166003157,0.764173401,-0.589962290,-0.201063327
3.924595791,104607.651427291,vr_world,9732,104607.639456041,0.011971667,1,0.194912000,0.019906600,-0.669646000,0.305822900,0.817243359,-0.480423574,0.088197713,1,0.236686780,0.132834116,-0.817719212,0.305822900,0.817243359,-0.480423574,0.088197713,9732,104607.639456041,0.011971667,1,0.018953400,0.239180000,-0.635301000,0.167653820,0.764843986,-0.588929984,-0.200168298,1,0.135837857,0.144982906,-0.751924883,0.167653820,0.764843986,-0.588929984,-0.200168298
3.936990291,104607.663821791,vr_world,9733,104607.658864916,0.004957459,1,0.195857000,0.031737400,-0.674400000,0.306881751,0.819187023,-0.473485985,0.102797058,1,0.237881630,0.143237889,-0.823480476,0.306881751,0.819187023,-0.473485985,0.102797058,9733,104607.658864916,0.004957459,1,0.017654700,0.240724000,-0.636325000,0.171055743,0.766385650,-0.586484719,-0.198566467,1,0.135035754,0.146748593,-0.752628714,0.171055743,0.766385650,-0.586484719,-0.198566467
3.948999500,104607.675831000,vr_world,9733,104607.658864916,0.016966500,1,0.195857000,0.031737400,-0.674400000,0.306881751,0.819187023,-0.473485985,0.102797058,1,0.237881630,0.143237889,-0.823480476,0.306881751,0.819187023,-0.473485985,0.102797058,9733,104607.658864916,0.016966500,1,0.017654700,0.240724000,-0.636325000,0.171055743,0.766385650,-0.586484719,-0.198566467,1,0.135035754,0.146748593,-0.752628714,0.171055743,0.766385650,-0.586484719,-0.198566467
3.961418875,104607.688250375,vr_world,9734,104607.678307333,0.009943500,1,0.196438000,0.038378300,-0.677227000,0.305397634,0.821165468,-0.469655022,0.108828854,1,0.238377921,0.149963879,-0.826267752,0.305397634,0.821165468,-0.469655022,0.108828854,9734,104607.678307333,0.009943500,1,0.016914300,0.241745000,-0.636956000,0.173897113,0.767067831,-0.584905057,-0.198123222,1,0.134378448,0.147831383,-0.753225652,0.173897113,0.767067831,-0.584905057,-0.198123222
3.973532625,104607.700364125,vr_world,9735,104607.697563125,0.002801458,1,0.197674000,0.045815300,-0.679875000,0.311126885,0.821899968,-0.463482365,0.113422225,1,0.237977264,0.155719030,-0.830607485,0.311126885,0.821899968,-0.463482365,0.113422225,9735,104607.697563125,0.002801458,1,0.015965300,0.242811000,-0.637694000,0.176722169,0.768064949,-0.582933790,-0.197569495,1,0.133626362,0.149096268,-0.753924972,0.176722169,0.768064949,-0.582933790,-0.197569495
3.985938416,104607.712769916,vr_world,9735,104607.697563125,0.015207208,1,0.197674000,0.045815300,-0.679875000,0.311126885,0.821899968,-0.463482365,0.113422225,1,0.237977264,0.155719030,-0.830607485,0.311126885,0.821899968,-0.463482365,0.113422225,9735,104607.697563125,0.015207208,1,0.015965300,0.242811000,-0.637694000,0.176722169,0.768064949,-0.582933790,-0.197569495,1,0.133626362,0.149096268,-0.753924972,0.176722169,0.768064949,-0.582933790,-0.197569495
3.997522000,104607.724353500,vr_world,9736,104607.716155791,0.008198042,1,0.199918000,0.059539800,-0.684666000,0.322007331,0.824420000,-0.449039079,0.122502442,1,0.236331796,0.166297931,-0.838614649,0.322007331,0.824420000,-0.449039079,0.122502442,9736,104607.716155791,0.008198042,1,0.013975900,0.244545000,-0.639024000,0.181406260,0.770447505,-0.579092447,-0.195331384,1,0.132412186,0.151302868,-0.754847031,0.181406260,0.770447505,-0.579092447,-0.195331384
4.009941041,104607.736772541,vr_world,9737,104607.735113916,0.001658959,1,0.201167000,0.067192100,-0.687584000,0.329256981,0.824929877,-0.441869854,0.125823567,1,0.235349380,0.171861390,-0.843466640,0.329256981,0.824929877,-0.441869854,0.125823567,9737,104607.735113916,0.001658959,1,0.012768100,0.245538000,-0.639766000,0.184141740,0.771525793,-0.577311029,-0.193782730,1,0.131612199,0.152393951,-0.755249808,0.184141740,0.771525793,-0.577311029,-0.193782730
4.021520625,104607.748352125,vr_world,9737,104607.735113916,0.013238917,1,0.201167000,0.067192100,-0.687584000,0.329256981,0.824929877,-0.441869854,0.125823567,1,0.235349380,0.171861390,-0.843466640,0.329256981,0.824929877,-0.441869854,0.125823567,9737,104607.735113916,0.013238917,1,0.012768100,0.245538000,-0.639766000,0.184141740,0.771525793,-0.577311029,-0.193782730,1,0.131612199,0.152393951,-0.755249808,0.184141740,0.771525793,-0.577311029,-0.193782730
4.033942625,104607.760774125,vr_world,9738,104607.754458166,0.006318792,1,0.201962000,0.074852400,-0.690855000,0.335528262,0.822876125,-0.439584912,0.130616900,1,0.235994869,0.177054750,-0.848398275,0.335528262,0.822876125,-0.439584912,0.130616900,9738,104607.754458166,0.006318792,1,0.011603700,0.246498000,-0.640432000,0.186885124,0.772324380,-0.575635022,-0.192959385,1,0.130647110,0.153444473,-0.755783233,0.186885124,0.772324380,-0.575635022,-0.192959385
4.046355875,104607.773187375,vr_world,9738,104607.754458166,0.018729459,1,0.201962000,0.074852400,-0.690855000,0.335528262,0.822876125,-0.439584912,0.130616900,1,0.235994869,0.177054750,-0.848398275,0.335528262,0.822876125,-0.439584912,0.130616900,9738,104607.754458166,0.018729459,1,0.011603700,0.246498000,-0.640432000,0.186885124,0.772324380,-0.575635022,-0.192959385,1,0.130647110,0.153444473,-0.755783233,0.186885124,0.772324380,-0.575635022,-0.192959385
4.057518250,104607.784349750,vr_world,9739,104607.773805416,0.010544875,1,0.203903000,0.090526500,-0.697294000,0.352185245,0.814998587,-0.436379556,0.145999106,1,0.239199751,0.185361842,-0.859108257,0.352185245,0.814998587,-0.436379556,0.145999106,9739,104607.773805416,0.010544875,1,0.009351080,0.248201000,-0.641835000,0.190983902,0.774414043,-0.572124693,-0.191000979,1,0.129082530,0.155615244,-0.756850208,0.190983902,0.774414043,-0.572124693,-0.191000979
4.069208625,104607.796040125,vr_world,9740,104607.792742041,0.003298542,1,0.205672000,0.099116400,-0.700810000,0.366388057,0.807831386,-0.433960022,0.157629131,1,0.241946114,0.187627653,-0.865956493,0.366388057,0.807831386,-0.433960022,0.157629131,9740,104607.792742041,0.003298542,1,0.008038110,0.248977000,-0.642647000,0.192722190,0.775685996,-0.570103126,-0.190136317,1,0.128177473,0.156781966,-0.757550650,0.192722190,0.775685996,-0.570103126,-0.190136317
4.081623166,104607.808454666,vr_world,9740,104607.792742041,0.015713000,1,0.205672000,0.099116400,-0.700810000,0.366388057,0.807831386,-0.433960022,0.157629131,1,0.241946114,0.187627653,-0.865956493,0.366388057,0.807831386,-0.433960022,0.157629131,9740,104607.792742041,0.015713000,1,0.008038110,0.248977000,-0.642647000,0.192722190,0.775685996,-0.570103126,-0.190136317,1,0.128177473,0.156781966,-0.757550650,0.192722190,0.775685996,-0.570103126,-0.190136317
4.093844875,104607.820676375,vr_world,9741,104607.811440125,0.009236666,1,0.208958000,0.111722000,-0.707354000,0.381834186,0.802914450,-0.424624227,0.170954105,1,0.244366113,0.193605477,-0.876069195,0.381834186,0.802914450,-0.424624227,0.170954105,9741,104607.811440125,0.009236666,1,0.005660400,0.250303000,-0.644337000,0.196530393,0.777860191,-0.566767638,-0.187306628,1,0.126690166,0.158531632,-0.758643625,0.196530393,0.777860191,-0.566767638,-0.187306628
4.104187458,104607.831018958,vr_world,9742,104607.830579541,0.000439750,1,0.211294000,0.117201000,-0.711826000,0.379944041,0.803482081,-0.425145730,0.171202157,1,0.247034651,0.199680687,-0.880180296,0.379944041,0.803482081,-0.425145730,0.171202157,9742,104607.830579541,0.000439750,1,0.004672260,0.250955000,-0.645302000,0.199173728,0.778257969,-0.565663627,-0.186196188,1,0.125854823,0.159070824,-0.759355966,0.199173728,0.778257969,-0.565663627,-0.186196188
4.116596583,104607.843428083,vr_world,9742,104607.830579541,0.012848875,1,0.211294000,0.117201000,-0.711826000,0.379944041,0.803482081,-0.425145730,0.171202157,1,0.247034651,0.199680687,-0.880180296,0.379944041,0.803482081,-0.425145730,0.171202157,9742,104607.830579541,0.012848875,1,0.004672260,0.250955000,-0.645302000,0.199173728,0.778257969,-0.565663627,-0.186196188,1,0.125854823,0.159070824,-0.759355966,0.199173728,0.778257969,-0.565663627,-0.186196188
4.129043916,104607.855875416,vr_world,9743,104607.849964041,0.005913084,1,0.213718000,0.124080000,-0.715991000,0.386536540,0.798364476,-0.428155381,0.172877518,1,0.250473393,0.203677575,-0.885510049,0.386536540,0.798364476,-0.428155381,0.172877518,9743,104607.849964041,0.005913084,1,0.003780180,0.251561000,-0.646181000,0.201999653,0.778409760,-0.564751723,-0.185283232,1,0.125001970,0.159467876,-0.760024528,0.201999653,0.778409760,-0.564751723,-0.185283232
4.141462208,104607.868293708,vr_world,9743,104607.849964041,0.018330250,1,0.213718000,0.124080000,-0.715991000,0.386536540,0.798364476,-0.428155381,0.172877518,1,0.250473393,0.203677575,-0.885510049,0.386536540,0.798364476,-0.428155381,0.172877518,9743,104607.849964041,0.018330250,1,0.003780180,0.251561000,-0.646181000,0.201999653,0.778409760,-0.564751723,-0.185283232,1,0.125001970,0.159467876,-0.760024528,0.201999653,0.778409760,-0.564751723,-0.185283232
4.151768000,104607.878599500,vr_world,9744,104607.869386458,0.009213583,1,0.218411000,0.137675000,-0.723856000,0.405427832,0.785291925,-0.430686588,0.182904152,1,0.257301609,0.208525192,-0.896746856,0.405427832,0.785291925,-0.430686588,0.182904152,9744,104607.869386458,0.009213583,1,0.002031610,0.252710000,-0.647983000,0.205570698,0.778800200,-0.563455172,-0.183655128,1,0.123449513,0.160387440,-0.761431044,0.205570698,0.778800200,-0.563455172,-0.183655128
4.164089666,104607.890921166,vr_world,9745,104607.889089208,0.001832500,1,0.222075000,0.143228000,-0.727435000,0.417893410,0.779842182,-0.428119194,0.184188016,1,0.259719465,0.209387530,-0.902447202,0.417893410,0.779842182,-0.428119194,0.184188016,9745,104607.889089208,0.001832500,1,0.001440590,0.252988000,-0.648965000,0.206122693,0.779031100,-0.562843341,-0.183933015,1,0.122840001,0.160797780,-0.762540488,0.206122693,0.779031100,-0.562843341,-0.183933015
4.176513708,104607.903345208,vr_world,9745,104607.889089208,0.014256375,1,0.222075000,0.143228000,-0.727435000,0.417893410,0.779842182,-0.428119194,0.184188016,1,0.259719465,0.209387530,-0.902447202,0.417893410,0.779842182,-0.428119194,0.184188016,9745,104607.889089208,0.014256375,1,0.001440590,0.252988000,-0.648965000,0.206122693,0.779031100,-0.562843341,-0.183933015,1,0.122840001,0.160797780,-0.762540488,0.206122693,0.779031100,-0.562843341,-0.183933015
4.188930166,104607.915761666,vr_world,9746,104607.908598583,0.007163667,1,0.228501000,0.153053000,-0.735023000,0.429515916,0.774876861,-0.426502212,0.182147717,1,0.264413934,0.215211907,-0.911856190,0.429515916,0.774876861,-0.426502212,0.182147717,9746,104607.908598583,0.007163667,1,0.000178002,0.253639000,-0.650997000,0.206253130,0.780793055,-0.560223710,-0.184312904,1,0.121990427,0.162390701,-0.764890371,0.206253130,0.780793055,-0.560223710,-0.184312904
4.201355375,104607.928186875,vr_world,9747,104607.927247250,0.000940208,1,0.232086000,0.158440000,-0.738782000,0.438449217,0.770386682,-0.427875308,0.176605110,1,0.266471683,0.217894091,-0.916844614,0.438449217,0.770386682,-0.427875308,0.176605110,9747,104607.927247250,0.000940208,1,-0.000198245,0.254108000,-0.652171000,0.206279589,0.781831887,-0.558493328,-0.185129235,1,0.121749531,0.163512329,-0.766440106,0.206279589,0.781831887,-0.558493328,-0.185129235
4.213524750,104607.940356250,vr_world,9747,104607.927247250,0.013109541,1,0.232086000,0.158440000,-0.738782000,0.438449217,0.770386682,-0.427875308,0.176605110,1,0.266471683,0.217894091,-0.916844614,0.438449217,0.770386682,-0.427875308,0.176605110,9747,104607.927247250,0.013109541,1,-0.000198245,0.254108000,-0.652171000,0.206279589,0.781831887,-0.558493328,-0.185129235,1,0.121749531,0.163512329,-0.766440106,0.206279589,0.781831887,-0.558493328,-0.185129235
4.225944458,104607.952775958,vr_world,9748,104607.946949500,0.005827083,1,0.235364000,0.164423000,-0.743269000,0.448815986,0.764666471,-0.427528599,0.176263141,1,0.268854345,0.219872181,-0.922788383,0.448815986,0.764666471,-0.427528599,0.176263141,9748,104607.946949500,0.005827083,1,-0.000396153,0.254723000,-0.653439000,0.206494069,0.782691687,-0.557124342,-0.185381740,1,0.121728843,0.164595260,-0.767888638,0.206494069,0.782691687,-0.557124342,-0.185381740
4.237521833,104607.964353333,vr_world,9748,104607.946949500,0.017404291,1,0.235364000,0.164423000,-0.743269000,0.448815986,0.764666471,-0.427528599,0.176263141,1,0.268854345,0.219872181,-0.922788383,0.448815986,0.764666471,-0.427528599,0.176263141,9748,104607.946949500,0.017404291,1,-0.000396153,0.254723000,-0.653439000,0.206494069,0.782691687,-0.557124342,-0.185381740,1,0.121728843,0.164595260,-0.767888638,0.206494069,0.782691687,-0.557124342,-0.185381740
4.249939708,104607.976771208,vr_world,9749,104607.966208583,0.010565250,1,0.241364000,0.174485000,-0.749858000,0.472768882,0.751885704,-0.424155787,0.176774830,1,0.272251825,0.220482880,-0.932487591,0.472768882,0.751885704,-0.424155787,0.176774830,9749,104607.966208583,0.010565250,1,-0.000901349,0.255809000,-0.655473000,0.207834320,0.784174981,-0.554408378,-0.185757490,1,0.121480132,0.166438022,-0.770241542,0.207834320,0.784174981,-0.554408378,-0.185757490
4.261554583,104607.988386083,vr_world,9750,104607.986691958,0.001694708,1,0.243507000,0.177320000,-0.754258000,0.473892182,0.751200809,-0.424323886,0.176274741,1,0.274234669,0.222926799,-0.937012650,0.473892182,0.751200809,-0.424323886,0.176274741,9750,104607.986691958,0.001694708,1,-0.001101250,0.256711000,-0.656447000,0.208982560,0.784967297,-0.552863395,-0.185727486,1,0.121433180,0.167691207,-0.771325242,0.208982560,0.784967297,-0.552863395,-0.185727486
4.273976416,104608.000807916,vr_world,9750,104607.986691958,0.014120250,1,0.243507000,0.177320000,-0.754258000,0.473892182,0.751200809,-0.424323886,0.176274741,1,0.274234669,0.222926799,-0.937012650,0.473892182,0.751200809,-0.424323886,0.176274741,9750,104607.986691958,0.014120250,1,-0.001101250,0.256711000,-0.656447000,0.208982560,0.784967297,-0.552863395,-0.185727486,1,0.121433180,0.167691207,-0.771325242,0.208982560,0.784967297,-0.552863395,-0.185727486
4.286359041,104608.013190541,vr_world,9751,104608.005468541,0.007722417,1,0.249349000,0.185161000,-0.761779000,0.492591779,0.745880910,-0.414771368,0.170234306,1,0.274274524,0.224927833,-0.946767523,0.492591779,0.745880910,-0.414771368,0.170234306,9751,104608.005468541,0.007722417,1,-0.001813530,0.258376000,-0.658318000,0.211831197,0.786775078,-0.549955163,-0.183471629,1,0.121463932,0.169820692,-0.772759385,0.211831197,0.786775078,-0.549955163,-0.183471629
4.298756208,104608.025587708,vr_world,9752,104608.024313916,0.001274334,1,0.238854000,0.190201000,-0.757498000,0.479241138,0.739771538,-0.426622197,0.202631451,1,0.276713918,0.228751942,-0.940538759,0.479241138,0.739771538,-0.426622197,0.202631451,9752,104608.024313916,0.001274334,1,-0.002280310,0.259574000,-0.659132000,0.213563999,0.788456580,-0.547733201,-0.180872832,1,0.121835160,0.171431629,-0.772985031,0.213563999,0.788456580,-0.547733201,-0.180872832
4.311172125,104608.038003625,vr_world,9752,104608.024313916,0.013690042,1,0.238854000,0.190201000,-0.757498000,0.479241138,0.739771538,-0.426622197,0.202631451,1,0.276713918,0.228751942,-0.940538759,0.479241138,0.739771538,-0.426622197,0.202631451,9752,104608.024313916,0.013690042,1,-0.002280310,0.259574000,-0.659132000,0.213563999,0.788456580,-0.547733201,-0.180872832,1,0.121835160,0.171431629,-0.772985031,0.213563999,0.788456580,-0.547733201,-0.180872832
4.323578791,104608.050410291,vr_world,9753,104608.043824166,0.006586500,1,0.242372000,0.196077000,-0.765378000,0.476326139,0.742096950,-0.422498615,0.209524331,1,0.281041672,0.235050519,-0.948159768,0.476326139,0.742096950,-0.422498615,0.209524331,9753,104608.043824166,0.006586500,1,-0.002688690,0.260608000,-0.659880000,0.215969139,0.790233110,-0.544944465,-0.178674265,1,0.122175484,0.172976730,-0.773308062,0.215969139,0.790233110,-0.544944465,-0.178674265
4.335993375,104608.062824875,vr_world,9753,104608.043824166,0.019001000,1,0.242372000,0.196077000,-0.765378000,0.476326139,0.742096950,-0.422498615,0.209524331,1,0.281041672,0.235050519,-0.948159768,0.476326139,0.742096950,-0.422498615,0.209524331,9753,104608.043824166,0.019001000,1,-0.002688690,0.260608000,-0.659880000,0.215969139,0.790233110,-0.544944465,-0.178674265,1,0.122175484,0.172976730,-0.773308062,0.215969139,0.790233110,-0.544944465,-0.178674265
4.348382541,104608.075214041,vr_world,9754,104608.063250125,0.011964250,1,0.236579000,0.205509000,-0.767993000,0.487661496,0.723389067,-0.425000196,0.241390464,1,0.283812648,0.233673784,-0.950747410,0.487661496,0.723389067,-0.425000196,0.241390464,9754,104608.063250125,0.011964250,1,-0.003282020,0.262635000,-0.661101000,0.221094834,0.792787341,-0.540465670,-0.174648694,1,0.122727758,0.175582893,-0.773705322,0.221094834,0.792787341,-0.540465670,-0.174648694
4.360203083,104608.087034583,vr_world,9755,104608.082409583,0.004625625,1,0.239183000,0.208819000,-0.774424000,0.477609355,0.725929590,-0.419343371,0.262805387,1,0.291348675,0.238065430,-0.955660901,0.477609355,0.725929590,-0.419343371,0.262805387,9755,104608.082409583,0.004625625,1,-0.003630820,0.263844000,-0.661353000,0.223813647,0.793446896,-0.538680643,-0.173702734,1,0.122581259,0.176914038,-0.773824862,0.223813647,0.793446896,-0.538680643,-0.173702734
4.371834291,104608.098665791,vr_world,9755,104608.082409583,0.016256542,1,0.239183000,0.208819000,-0.774424000,0.477609355,0.725929590,-0.419343371,0.262805387,1,0.291348675,0.238065430,-0.955660901,0.477609355,0.725929590,-0.419343371,0.262805387,9755,104608.082409583,0.016256542,1,-0.003630820,0.263844000,-0.661353000,0.223813647,0.793446896,-0.538680643,-0.173702734,1,0.122581259,0.176914038,-0.773824862,0.223813647,0.793446896,-0.538680643,-0.173702734
4.384190166,104608.111021666,vr_world,9756,104608.101709291,0.009312875,1,0.241383000,0.218307000,-0.779254000,0.515137314,0.697629400,-0.414119606,0.276499043,1,0.293691685,0.228891121,-0.962489378,0.515137314,0.697629400,-0.414119606,0.276499043,9756,104608.101709291,0.009312875,1,-0.004294780,0.265807000,-0.662686000,0.226877440,0.795150551,-0.536104051,-0.169866641,1,0.122922172,0.179158316,-0.774239137,0.226877440,0.795150551,-0.536104051,-0.169866641
4.396558000,104608.123389500,vr_world,9757,104608.120597833,0.002792083,1,0.245919000,0.217383000,-0.783891000,0.518987772,0.699349793,-0.414682451,0.263818166,1,0.294480620,0.228558520,-0.968120076,0.518987772,0.699349793,-0.414682451,0.263818166,9757,104608.120597833,0.002792083,1,-0.004504030,0.266878000,-0.662832000,0.227379112,0.795375375,-0.535469484,-0.170144597,1,0.122692031,0.180373685,-0.774520873,0.227379112,0.795375375,-0.535469484,-0.170144597
4.408186541,104608.135018041,vr_world,9757,104608.120597833,0.014420792,1,0.245919000,0.217383000,-0.783891000,0.518987772,0.699349793,-0.414682451,0.263818166,1,0.294480620,0.228558520,-0.968120076,0.518987772,0.699349793,-0.414682451,0.263818166,9757,104608.120597833,0.014420792,1,-0.004504030,0.266878000,-0.662832000,0.227379112,0.795375375,-0.535469484,-0.170144597,1,0.122692031,0.180373685,-0.774520873,0.227379112,0.795375375,-0.535469484,-0.170144597
4.419253208,104608.146084708,vr_world,9758,104608.140723166,0.005362000,1,0.246452000,0.219684000,-0.783202000,0.528866767,0.699604511,-0.412239780,0.246803231,1,0.288804537,0.229849522,-0.969014731,0.528866767,0.699604511,-0.412239780,0.246803231,9758,104608.140723166,0.005362000,1,-0.004864000,0.267722000,-0.663176000,0.226524639,0.796292099,-0.534429604,-0.170265909,1,0.122592110,0.181761825,-0.774988291,0.226524639,0.796292099,-0.534429604,-0.170265909
4.431659083,104608.158490583,vr_world,9758,104608.140723166,0.017767875,1,0.246452000,0.219684000,-0.783202000,0.528866767,0.699604511,-0.412239780,0.246803231,1,0.288804537,0.229849522,-0.969014731,0.528866767,0.699604511,-0.412239780,0.246803231,9758,104608.140723166,0.017767875,1,-0.004864000,0.267722000,-0.663176000,0.226524639,0.796292099,-0.534429604,-0.170265909,1,0.122592110,0.181761825,-0.774988291,0.226524639,0.796292099,-0.534429604,-0.170265909
4.444071541,104608.170903041,vr_world,9759,104608.159749333,0.011154375,1,0.248240000,0.220987000,-0.789530000,0.513955110,0.704046204,-0.418975717,0.254221234,1,0.295584061,0.235790670,-0.973820007,0.513955110,0.704046204,-0.418975717,0.254221234,9759,104608.159749333,0.011154375,1,-0.005435100,0.269467000,-0.663999000,0.226006986,0.797904660,-0.532452793,-0.169596635,1,0.122591016,0.184314424,-0.775778121,0.226006986,0.797904660,-0.532452793,-0.169596635
4.456478791,104608.183310291,vr_world,9760,104608.179136583,0.004174125,1,0.248761000,0.226683000,-0.791057000,0.531792028,0.685210789,-0.421584976,0.264479718,1,0.298444998,0.231075730,-0.975273339,0.531792028,0.685210789,-0.421584976,0.264479718,9760,104608.179136583,0.004174125,1,-0.005598120,0.270473000,-0.664550000,0.225591531,0.798027617,-0.532404259,-0.169723564,1,0.122457835,0.185419068,-0.776370035,0.225591531,0.798027617,-0.532404259,-0.169723564
4.468890666,104608.195722166,vr_world,9760,104608.179136583,0.016586458,1,0.248761000,0.226683000,-0.791057000,0.531792028,0.685210789,-0.421584976,0.264479718,1,0.298444998,0.231075730,-0.975273339,0.531792028,0.685210789,-0.421584976,0.264479718,9760,104608.179136583,0.016586458,1,-0.005598120,0.270473000,-0.664550000,0.225591531,0.798027617,-0.532404259,-0.169723564,1,0.122457835,0.185419068,-0.776370035,0.225591531,0.798027617,-0.532404259,-0.169723564
4.481274000,104608.208105500,vr_world,9761,104608.198653708,0.009452417,1,0.252827000,0.224681000,-0.791384000,0.525204011,0.699052171,-0.410732826,0.258428627,1,0.298354262,0.234465343,-0.976465019,0.525204011,0.699052171,-0.410732826,0.258428627,9761,104608.198653708,0.009452417,1,-0.005627590,0.271558000,-0.665060000,0.225991971,0.797656478,-0.532645839,-0.170176916,1,0.122225678,0.186349993,-0.776994755,0.225991971,0.797656478,-0.532645839,-0.170176916
4.493674541,104608.220506041,vr_world,9762,104608.217337041,0.003169584,1,0.257669000,0.227505000,-0.796323000,0.541625040,0.688288228,-0.413786876,0.248358717,1,0.299926340,0.231344971,-0.982395547,0.541625040,0.688288228,-0.413786876,0.248358717,9762,104608.217337041,0.003169584,1,-0.005950340,0.273382000,-0.665889000,0.226271119,0.798119980,-0.531592383,-0.170925179,1,0.121864131,0.188523978,-0.778133231,0.226271119,0.798119980,-0.531592383,-0.170925179
4.504192833,104608.231024333,vr_world,9762,104608.217337041,0.013687750,1,0.257669000,0.227505000,-0.796323000,0.541625040,0.688288228,-0.413786876,0.248358717,1,0.299926340,0.231344971,-0.982395547,0.541625040,0.688288228,-0.413786876,0.248358717,9762,104608.217337041,0.013687750,1,-0.005950340,0.273382000,-0.665889000,0.226271119,0.798119980,-0.531592383,-0.170925179,1,0.121864131,0.188523978,-0.778133231,0.226271119,0.798119980,-0.531592383,-0.170925179
4.514857166,104608.241688666,vr_world,9763,104608.236343416,0.005345709,1,0.258293000,0.227621000,-0.798318000,0.538438961,0.690570419,-0.416492449,0.244397260,1,0.300382578,0.233405415,-0.984378298,0.538438961,0.690570419,-0.416492449,0.244397260,9763,104608.236343416,0.005345709,1,-0.006092510,0.274267000,-0.666539000,0.226382091,0.798091048,-0.531456653,-0.171334919,1,0.121630501,0.189446645,-0.778915794,0.226382091,0.798091048,-0.531456653,-0.171334919
4.527258166,104608.254089666,vr_world,9763,104608.236343416,0.017746584,1,0.258293000,0.227621000,-0.798318000,0.538438961,0.690570419,-0.416492449,0.244397260,1,0.300382578,0.233405415,-0.984378298,0.538438961,0.690570419,-0.416492449,0.244397260,9763,104608.236343416,0.017746584,1,-0.006092510,0.274267000,-0.666539000,0.226382091,0.798091048,-0.531456653,-0.171334919,1,0.121630501,0.189446645,-0.778915794,0.226382091,0.798091048,-0.531456653,-0.171334919
4.538715041,104608.265546541,vr_world,9764,104608.255753708,0.009793500,1,0.262658000,0.230942000,-0.801206000,0.545035450,0.688320226,-0.413922716,0.240457086,1,0.302426477,0.234717379,-0.987827837,0.545035450,0.688320226,-0.413922716,0.240457086,9764,104608.255753708,0.009793500,1,-0.006467970,0.276009000,-0.667771000,0.226819366,0.798643225,-0.530413941,-0.171414777,1,0.121356992,0.191490226,-0.780259095,0.226819366,0.798643225,-0.530413941,-0.171414777
4.550555000,104608.277386500,vr_world,9765,104608.274312666,0.003074167,1,0.264583000,0.231795000,-0.802797000,0.551679647,0.689110202,-0.412798252,0.224442197,1,0.298965545,0.235715817,-0.990482743,0.551679647,0.689110202,-0.412798252,0.224442197,9765,104608.274312666,0.003074167,1,-0.006598680,0.276886000,-0.668484000,0.227268796,0.799282355,-0.529385959,-0.171017886,1,0.121440139,0.192650878,-0.780941812,0.227268796,0.799282355,-0.529385959,-0.171017886
4.562859458,104608.289690958,vr_world,9765,104608.274312666,0.015378750,1,0.264583000,0.231795000,-0.802797000,0.551679647,0.689110202,-0.412798252,0.224442197,1,0.298965545,0.235715817,-0.990482743,0.551679647,0.689110202,-0.412798252,0.224442197,9765,104608.274312666,0.015378750,1,-0.006598680,0.276886000,-0.668484000,0.227268796,0.799282355,-0.529385959,-0.171017886,1,0.121440139,0.192650878,-0.780941812,0.227268796,0.799282355,-0.529385959,-0.171017886
4.575276666,104608.302108166,vr_world,9766,104608.293009541,0.009099042,1,0.266803000,0.230470000,-0.800688000,0.549895521,0.690287227,-0.415847472,0.219520707,1,0.300757764,0.235847124,-0.988415519,0.549895521,0.690287227,-0.415847472,0.219520707,9766,104608.293009541,0.009099042,1,-0.006612350,0.277832000,-0.669078000,0.228794558,0.799501094,-0.528337925,-0.171201892,1,0.121363711,0.193696001,-0.781681208,0.228794558,0.799501094,-0.528337925,-0.171201892
4.587690750,104608.314522250,vr_world,9767,104608.312059625,0.002462958,1,0.269370000,0.231864000,-0.800282000,0.545396565,0.691564419,-0.425789100,0.207327961,1,0.302984391,0.240579505,-0.987945405,0.545396565,0.691564419,-0.425789100,0.207327961,9767,104608.312059625,0.002462958,1,-0.006662640,0.279649000,-0.670102000,0.231270869,0.799549343,-0.527042751,-0.171640819,1,0.121107513,0.195525554,-0.782948307,0.231270869,0.799549343,-0.527042751,-0.171640819
4.600110166,104608.326941666,vr_world,9767,104608.312059625,0.014882666,1,0.269370000,0.231864000,-0.800282000,0.545396565,0.691564419,-0.425789100,0.207327961,1,0.302984391,0.240579505,-0.987945405,0.545396565,0.691564419,-0.425789100,0.207327961,9767,104608.312059625,0.014882666,1,-0.006662640,0.279649000,-0.670102000,0.231270869,0.799549343,-0.527042751,-0.171640819,1,0.121107513,0.195525554,-0.782948307,0.231270869,0.799549343,-0.527042751,-0.171640819
4.610929708,104608.337761208,vr_world,9768,104608.331774750,0.005986750,1,0.271097000,0.232380000,-0.799717000,0.544519170,0.690520112,-0.431183096,0.201895981,1,0.304754178,0.241929303,-0.987332174,0.544519170,0.690520112,-0.431183096,0.201895981,9768,104608.331774750,0.005986750,1,-0.006626310,0.280548000,-0.670507000,0.232805739,0.799540052,-0.526299500,-0.171889587,1,0.121010656,0.196408511,-0.783491746,0.232805739,0.799540052,-0.526299500,-0.171889587
4.623342166,104608.350173666,vr_world,9768,104608.331774750,0.018399208,1,0.271097000,0.232380000,-0.799717000,0.544519170,0.690520112,-0.431183096,0.201895981,1,0.304754178,0.241929303,-0.987332174,0.544519170,0.690520112,-0.431183096,0.201895981,9768,104608.331774750,0.018399208,1,-0.006626310,0.280548000,-0.670507000,0.232805739,0.799540052,-0.526299500,-0.171889587,1,0.121010656,0.196408511,-0.783491746,0.232805739,0.799540052,-0.526299500,-0.171889587
4.635754125,104608.362585625,vr_world,9769,104608.350592666,0.011993542,1,0.272405000,0.232518000,-0.799430000,0.546520710,0.690342113,-0.431369931,0.196628746,1,0.304490714,0.242150165,-0.987316091,0.546520710,0.690342113,-0.431369931,0.196628746,9769,104608.350592666,0.011993542,1,-0.006851700,0.281268000,-0.670968000,0.233496041,0.800308932,-0.524976242,-0.171420992,1,0.121032125,0.197471760,-0.783928956,0.233496041,0.800308932,-0.524976242,-0.171420992
4.648154416,104608.374985916,vr_world,9770,104608.369854250,0.005132125,1,0.274889000,0.232750000,-0.799313000,0.546146709,0.690232809,-0.435396604,0.189029732,1,0.306039884,0.243549798,-0.987292872,0.546146709,0.690232809,-0.435396604,0.189029732,9770,104608.369854250,0.005132125,1,-0.007269720,0.282600000,-0.671864000,0.235032795,0.801900876,-0.522315191,-0.170004152,1,0.121203536,0.199457775,-0.784639156,0.235032795,0.801900876,-0.522315191,-0.170004152
4.658858625,104608.385690125,vr_world,9770,104608.369854250,0.015836375,1,0.274889000,0.232750000,-0.799313000,0.546146709,0.690232809,-0.435396604,0.189029732,1,0.306039884,0.243549798,-0.987292872,0.546146709,0.690232809,-0.435396604,0.189029732,9770,104608.369854250,0.015836375,1,-0.007269720,0.282600000,-0.671864000,0.235032795,0.801900876,-0.522315191,-0.170004152,1,0.121203536,0.199457775,-0.784639156,0.235032795,0.801900876,-0.522315191,-0.170004152
4.671268291,104608.398099791,vr_world,9771,104608.389241791,0.008858334,1,0.278275000,0.232962000,-0.796620000,0.550475936,0.688422080,-0.437112250,0.178841169,1,0.306729562,0.243558661,-0.985038359,0.550475936,0.688422080,-0.437112250,0.178841169,9771,104608.389241791,0.008858334,1,-0.007270730,0.283229000,-0.672147000,0.236412204,0.802418361,-0.521099098,-0.169380558,1,0.121378395,0.200256154,-0.784846229,0.236412204,0.802418361,-0.521099098,-0.169380558
4.683679000,104608.410510500,vr_world,9772,104608.408424541,0.002086250,1,0.282886000,0.232884000,-0.791390000,0.552268969,0.689652380,-0.438410763,0.164847151,1,0.307789079,0.245218576,-0.980205151,0.552268969,0.689652380,-0.438410763,0.164847151,9772,104608.408424541,0.002086250,1,-0.007106010,0.284438000,-0.672829000,0.238929795,0.802649970,-0.520046719,-0.167979131,1,0.121739949,0.201342194,-0.785212473,0.238929795,0.802649970,-0.520046719,-0.167979131
4.693916291,104608.420747791,vr_world,9772,104608.408424541,0.012323875,1,0.282886000,0.232884000,-0.791390000,0.552268969,0.689652380,-0.438410763,0.164847151,1,0.307789079,0.245218576,-0.980205151,0.552268969,0.689652380,-0.438410763,0.164847151,9772,104608.408424541,0.012323875,1,-0.007106010,0.284438000,-0.672829000,0.238929795,0.802649970,-0.520046719,-0.167979131,1,0.121739949,0.201342194,-0.785212473,0.238929795,0.802649970,-0.520046719,-0.167979131
4.706328000,104608.433159500,vr_world,9773,104608.427601833,0.005558125,1,0.285112000,0.232083000,-0.791944000,0.553413248,0.692809767,-0.436188628,0.153257576,1,0.306241681,0.246391442,-0.981079449,0.553413248,0.692809767,-0.436188628,0.153257576,9773,104608.427601833,0.005558125,1,-0.006871770,0.284738000,-0.673024000,0.240225150,0.802447184,-0.519924548,-0.167477934,1,0.121953803,0.201428797,-0.785272701,0.240225150,0.802447184,-0.519924548,-0.167477934
4.718738791,104608.445570291,vr_world,9773,104608.427601833,0.017968792,1,0.285112000,0.232083000,-0.791944000,0.553413248,0.692809767,-0.436188628,0.153257576,1,0.306241681,0.246391442,-0.981079449,0.553413248,0.692809767,-0.436188628,0.153257576,9773,104608.427601833,0.017968792,1,-0.006871770,0.284738000,-0.673024000,0.240225150,0.802447184,-0.519924548,-0.167477934,1,0.121953803,0.201428797,-0.785272701,0.240225150,0.802447184,-0.519924548,-0.167477934
4.731152375,104608.457983875,vr_world,9774,104608.447047083,0.010937042,1,0.283337000,0.233235000,-0.792856000,0.561243185,0.688771170,-0.429857475,0.160695099,1,0.303897230,0.243278543,-0.982328604,0.561243185,0.688771170,-0.429857475,0.160695099,9774,104608.447047083,0.010937042,1,-0.006839080,0.284874000,-0.673300000,0.240589047,0.802407570,-0.519930215,-0.167127419,1,0.122026016,0.201486914,-0.785445425,0.240589047,0.802407570,-0.519930215,-0.167127419
4.743565625,104608.470397125,vr_world,9775,104608.465926625,0.004470791,1,0.280963000,0.230903000,-0.792103000,0.553033202,0.693184472,-0.431821755,0.164862175,1,0.303998594,0.243649116,-0.981127696,0.553033202,0.693184472,-0.431821755,0.164862175,9775,104608.465926625,0.004470791,1,-0.006743070,0.285052000,-0.673705000,0.241016489,0.802169311,-0.520212580,-0.166776259,1,0.122109120,0.201473542,-0.785722635,0.241016489,0.802169311,-0.520212580,-0.166776259
4.754858000,104608.481689500,vr_world,9775,104608.465926625,0.015763333,1,0.280963000,0.230903000,-0.792103000,0.553033202,0.693184472,-0.431821755,0.164862175,1,0.303998594,0.243649116,-0.981127696,0.553033202,0.693184472,-0.431821755,0.164862175,9775,104608.465926625,0.015763333,1,-0.006743070,0.285052000,-0.673705000,0.241016489,0.802169311,-0.520212580,-0.166776259,1,0.122109120,0.201473542,-0.785722635,0.241016489,0.802169311,-0.520212580,-0.166776259
4.767263125,104608.494094625,vr_world,9776,104608.485234625,0.008860250,1,0.278806000,0.230410000,-0.791881000,0.546791524,0.694830905,-0.435222432,0.169736493,1,0.304686664,0.244652167,-0.980430267,0.546791524,0.694830905,-0.435222432,0.169736493,9776,104608.485234625,0.008860250,1,-0.006363680,0.284922000,-0.673740000,0.240209712,0.801884581,-0.520883781,-0.167213934,1,0.122374653,0.201260520,-0.785826742,0.240209712,0.801884581,-0.520883781,-0.167213934
4.777551750,104608.504383250,vr_world,9776,104608.485234625,0.019149000,1,0.278806000,0.230410000,-0.791881000,0.546791524,0.694830905,-0.435222432,0.169736493,1,0.304686664,0.244652167,-0.980430267,0.546791524,0.694830905,-0.435222432,0.169736493,9776,104608.485234625,0.019149000,1,-0.006363680,0.284922000,-0.673740000,0.240209712,0.801884581,-0.520883781,-0.167213934,1,0.122374653,0.201260520,-0.785826742,0.240209712,0.801884581,-0.520883781,-0.167213934
4.789928083,104608.516759583,vr_world,9777,104608.504987583,0.011772500,1,0.276072000,0.228378000,-0.790413000,0.541337470,0.696403228,-0.438054277,0.173449527,1,0.304251102,0.244034254,-0.978520063,0.541337470,0.696403228,-0.438054277,0.173449527,9777,104608.504987583,0.011772500,1,-0.005706680,0.284939000,-0.674031000,0.240314991,0.801296342,-0.521485035,-0.168006653,1,0.122725884,0.201049688,-0.786297873,0.240314991,0.801296342,-0.521485035,-0.168006653
4.800191875,104608.527023375,vr_world,9778,104608.523059708,0.003964208,1,0.275267000,0.226977000,-0.789906000,0.535097177,0.699541600,-0.439542575,0.176394121,1,0.305241444,0.244692226,-0.977552287,0.535097177,0.699541600,-0.439542575,0.176394121,9778,104608.523059708,0.003964208,1,-0.005287130,0.284823000,-0.674200000,0.240210533,0.800185646,-0.522766556,-0.169460787,1,0.122591117,0.200508870,-0.786781072,0.240210533,0.800185646,-0.522766556,-0.169460787
4.810714208,104608.537545708,vr_world,9778,104608.523059708,0.014486625,1,0.275267000,0.226977000,-0.789906000,0.535097177,0.699541600,-0.439542575,0.176394121,1,0.305241444,0.244692226,-0.977552287,0.535097177,0.699541600,-0.439542575,0.176394121,9778,104608.523059708,0.014486625,1,-0.005287130,0.284823000,-0.674200000,0.240210533,0.800185646,-0.522766556,-0.169460787,1,0.122591117,0.200508870,-0.786781072,0.240210533,0.800185646,-0.522766556,-0.169460787
4.823108375,104608.549939875,vr_world,9779,104608.542227041,0.007713250,1,0.273793000,0.225770000,-0.789387000,0.533377654,0.700180466,-0.440680563,0.176227791,1,0.304204474,0.244149319,-0.976899113,0.533377654,0.700180466,-0.440680563,0.176227791,9779,104608.542227041,0.007713250,1,-0.005040440,0.284567000,-0.674184000,0.239392996,0.798941472,-0.524660753,-0.170630046,1,0.122340998,0.199738296,-0.786941685,0.239392996,0.798941472,-0.524660753,-0.170630046
4.835518500,104608.562350000,vr_world,9780,104608.560902500,0.001448000,1,0.271210000,0.223348000,-0.788878000,0.522698173,0.705057830,-0.444170697,0.179979077,1,0.304595059,0.245339009,-0.975493304,0.522698173,0.705057830,-0.444170697,0.179979077,9780,104608.560902500,0.001448000,1,-0.004640540,0.284233000,-0.674129000,0.237780693,0.797625657,-0.527168298,-0.171310358,1,0.122360655,0.198811096,-0.786867750,0.237780693,0.797625657,-0.527168298,-0.171310358
4.847928333,104608.574759833,vr_world,9780,104608.560902500,0.013857625,1,0.271210000,0.223348000,-0.788878000,0.522698173,0.705057830,-0.444170697,0.179979077,1,0.304595059,0.245339009,-0.975493304,0.522698173,0.705057830,-0.444170697,0.179979077,9780,104608.560902500,0.013857625,1,-0.004640540,0.284233000,-0.674129000,0.237780693,0.797625657,-0.527168298,-0.171310358,1,0.122360655,0.198811096,-0.786867750,0.237780693,0.797625657,-0.527168298,-0.171310358
4.860340708,104608.587172208,vr_world,9781,104608.580384708,0.006787875,1,0.270175000,0.223333000,-0.787772000,0.522929791,0.704435522,-0.444234371,0.181578780,1,0.303976284,0.244912546,-0.974360476,0.522929791,0.704435522,-0.444234371,0.181578780,9781,104608.580384708,0.006787875,1,-0.004461240,0.283911000,-0.674071000,0.235779048,0.797488010,-0.528354863,-0.171062131,1,0.122657988,0.198435139,-0.786635732,0.235779048,0.797488010,-0.528354863,-0.171062131
4.872753625,104608.599585125,vr_world,9782,104608.599418000,0.000167583,1,0.269156000,0.222625000,-0.787015000,0.519834466,0.705592722,-0.445568003,0.182702474,1,0.303914880,0.245197216,-0.973309773,0.519834466,0.705592722,-0.445568003,0.182702474,9782,104608.599418000,0.000167583,1,-0.004571830,0.283538000,-0.674158000,0.234296043,0.797874289,-0.528511938,-0.170813097,1,0.122771660,0.198283524,-0.786636951,0.234296043,0.797874289,-0.528511938,-0.170813097
4.885164625,104608.611996125,vr_world,9782,104608.599418000,0.012578416,1,0.269156000,0.222625000,-0.787015000,0.519834466,0.705592722,-0.445568003,0.182702474,1,0.303914880,0.245197216,-0.973309773,0.519834466,0.705592722,-0.445568003,0.182702474,9782,104608.599418000,0.012578416,1,-0.004571830,0.283538000,-0.674158000,0.234296043,0.797874289,-0.528511938,-0.170813097,1,0.122771660,0.198283524,-0.786636951,0.234296043,0.797874289,-0.528511938,-0.170813097
4.897550458,104608.624381958,vr_world,9783,104608.619001208,0.005381000,1,0.266626000,0.221782000,-0.785290000,0.517127223,0.707021215,-0.445476351,0.185070954,1,0.302229980,0.245113479,-0.971331561,0.517127223,0.707021215,-0.445476351,0.185070954,9783,104608.619001208,0.005381000,1,-0.004635730,0.283128000,-0.674254000,0.233465805,0.797677915,-0.529043150,-0.171222099,1,0.122622989,0.197845646,-0.786807762,0.233465805,0.797677915,-0.529043150,-0.171222099
4.909961333,104608.636792833,vr_world,9783,104608.619001208,0.017791958,1,0.266626000,0.221782000,-0.785290000,0.517127223,0.707021215,-0.445476351,0.185070954,1,0.302229980,0.245113479,-0.971331561,0.517127223,0.707021215,-0.445476351,0.185070954,9783,104608.619001208,0.017791958,1,-0.004635730,0.283128000,-0.674254000,0.233465805,0.797677915,-0.529043150,-0.171222099,1,0.122622989,0.197845646,-0.786807762,0.233465805,0.797677915,-0.529043150,-0.171222099
4.922373750,104608.649205250,vr_world,9784,104608.638484083,0.010721625,1,0.265082000,0.220140000,-0.783719000,0.512585357,0.707230767,-0.449891092,0.186222713,1,0.302650406,0.244701337,-0.969215057,0.512585357,0.707230767,-0.449891092,0.186222713,9784,104608.638484083,0.010721625,1,-0.004543690,0.283117000,-0.674294000,0.234097907,0.797447340,-0.528967225,-0.171667075,1,0.122537175,0.197750397,-0.786984746,0.234097907,0.797447340,-0.528967225,-0.171667075
4.934788875,104608.661620375,vr_world,9785,104608.657739416,0.003881375,1,0.261921000,0.217177000,-0.781793000,0.501617055,0.711087537,-0.455906901,0.186771899,1,0.302343175,0.245646256,-0.966126895,0.501617055,0.711087537,-0.455906901,0.186771899,9785,104608.657739416,0.003881375,1,-0.004438830,0.282943000,-0.674416000,0.234667257,0.797036151,-0.529316121,-0.171723895,1,0.122496170,0.197341126,-0.787092668,0.234667257,0.797036151,-0.529316121,-0.171723895
4.947236833,104608.674068333,vr_world,9785,104608.657739416,0.016329459,1,0.261921000,0.217177000,-0.781793000,0.501617055,0.711087537,-0.455906901,0.186771899,1,0.302343175,0.245646256,-0.966126895,0.501617055,0.711087537,-0.455906901,0.186771899,9785,104608.657739416,0.016329459,1,-0.004438830,0.282943000,-0.674416000,0.234667257,0.797036151,-0.529316121,-0.171723895,1,0.122496170,0.197341126,-0.787092668,0.234667257,0.797036151,-0.529316121,-0.171723895
4.957553166,104608.684384666,vr_world,9786,104608.676484583,0.007900750,1,0.260021000,0.215321000,-0.779748000,0.495049689,0.712667650,-0.460292264,0.187514421,1,0.302486900,0.245910477,-0.963281038,0.495049689,0.712667650,-0.460292264,0.187514421,9786,104608.676484583,0.007900750,1,-0.004654030,0.282746000,-0.674612000,0.235557633,0.796788146,-0.529394254,-0.171414631,1,0.122230273,0.196939485,-0.787189978,0.235557633,0.796788146,-0.529394254,-0.171414631
4.969915833,104608.696747333,vr_world,9787,104608.694978625,0.001769000,1,0.256671000,0.213685000,-0.777378000,0.486898870,0.713563720,-0.464849340,0.194091213,1,0.302866107,0.245940061,-0.959721320,0.486898870,0.713563720,-0.464849340,0.194091213,9787,104608.694978625,0.001769000,1,-0.005021120,0.282513000,-0.674899000,0.236359468,0.796711982,-0.529272914,-0.171039184,1,0.121874261,0.196590140,-0.787376130,0.236359468,0.796711982,-0.529272914,-0.171039184
4.982328333,104608.709159833,vr_world,9787,104608.694978625,0.014181500,1,0.256671000,0.213685000,-0.777378000,0.486898870,0.713563720,-0.464849340,0.194091213,1,0.302866107,0.245940061,-0.959721320,0.486898870,0.713563720,-0.464849340,0.194091213,9787,104608.694978625,0.014181500,1,-0.005021120,0.282513000,-0.674899000,0.236359468,0.796711982,-0.529272914,-0.171039184,1,0.121874261,0.196590140,-0.787376130,0.236359468,0.796711982,-0.529272914,-0.171039184
4.994187375,104608.721018875,vr_world,9788,104608.713794541,0.007224875,1,0.251851000,0.211400000,-0.771712000,0.473023114,0.714734503,-0.472075210,0.206273411,1,0.304459172,0.246303089,-0.951816489,0.473023114,0.714734503,-0.472075210,0.206273411,9788,104608.713794541,0.007224875,1,-0.005490800,0.282237000,-0.675333000,0.237381881,0.796713100,-0.528908096,-0.170746317,1,0.121407970,0.196246082,-0.787754084,0.237381881,0.796713100,-0.528908096,-0.170746317
5.005527333,104608.732358833,vr_world,9788,104608.713794541,0.018564792,1,0.251851000,0.211400000,-0.771712000,0.473023114,0.714734503,-0.472075210,0.206273411,1,0.304459172,0.246303089,-0.951816489,0.473023114,0.714734503,-0.472075210,0.206273411,9788,104608.713794541,0.018564792,1,-0.005490800,0.282237000,-0.675333000,0.237381881,0.796713100,-0.528908096,-0.170746317,1,0.121407970,0.196246082,-0.787754084,0.237381881,0.796713100,-0.528908096,-0.170746317
5.017929416,104608.744760916,vr_world,9789,104608.732894166,0.011867000,1,0.249329000,0.207337000,-0.762771000,0.456295212,0.729404328,-0.471625185,0.193219281,1,0.299902241,0.251665112,-0.941378992,0.456295212,0.729404328,-0.471625185,0.193219281,9789,104608.732894166,0.011867000,1,-0.005612990,0.282135000,-0.675546000,0.238098545,0.796518726,-0.528796278,-0.171001458,1,0.121149613,0.196052040,-0.788050310,0.238098545,0.796518726,-0.528796278,-0.171001458
5.030299041,104608.757130541,vr_world,9790,104608.752119000,0.005012041,1,0.244700000,0.206710000,-0.762284000,0.438072356,0.729580328,-0.482720623,0.206847665,1,0.303453463,0.254443881,-0.937478042,0.438072356,0.729580328,-0.482720623,0.206847665,9790,104608.752119000,0.005012041,1,-0.005961040,0.282013000,-0.675900000,0.238629048,0.796374126,-0.528761841,-0.171041939,1,0.120729197,0.195841468,-0.788417808,0.238629048,0.796374126,-0.528761841,-0.171041939
5.042713750,104608.769545250,vr_world,9790,104608.752119000,0.017426625,1,0.244700000,0.206710000,-0.762284000,0.438072356,0.729580328,-0.482720623,0.206847665,1,0.303453463,0.254443881,-0.937478042,0.438072356,0.729580328,-0.482720623,0.206847665,9790,104608.752119000,0.017426625,1,-0.005961040,0.282013000,-0.675900000,0.238629048,0.796374126,-0.528761841,-0.171041939,1,0.120729197,0.195841468,-0.788417808,0.238629048,0.796374126,-0.528761841,-0.171041939
5.055126208,104608.781957708,vr_world,9791,104608.770886416,0.011072000,1,0.240506000,0.204848000,-0.756231000,0.431011982,0.734826242,-0.478650102,0.212492695,1,0.299963395,0.255054120,-0.930494092,0.431011982,0.734826242,-0.478650102,0.212492695,9791,104608.770886416,0.011072000,1,-0.006717050,0.281830000,-0.676648000,0.239460876,0.796338763,-0.528467243,-0.170954486,1,0.119938127,0.195604540,-0.789164043,0.239460876,0.796338763,-0.528467243,-0.170954486
5.067535916,104608.794367416,vr_world,9792,104608.789440166,0.004927584,1,0.233441000,0.201075000,-0.747107000,0.406915869,0.739713138,-0.486518015,0.224820305,1,0.300048006,0.257525315,-0.916813583,0.406915869,0.739713138,-0.486518015,0.224820305,9792,104608.789440166,0.004927584,1,-0.007187140,0.281692000,-0.677412000,0.240595055,0.796344310,-0.527971069,-0.170869278,1,0.119427470,0.195427606,-0.789943803,0.240595055,0.796344310,-0.527971069,-0.170869278
5.079938166,104608.806769666,vr_world,9792,104608.789440166,0.017330042,1,0.233441000,0.201075000,-0.747107000,0.406915869,0.739713138,-0.486518015,0.224820305,1,0.300048006,0.257525315,-0.916813583,0.406915869,0.739713138,-0.486518015,0.224820305,9792,104608.789440166,0.017330042,1,-0.007187140,0.281692000,-0.677412000,0.240595055,0.796344310,-0.527971069,-0.170869278,1,0.119427470,0.195427606,-0.789943803,0.240595055,0.796344310,-0.527971069,-0.170869278
5.090899666,104608.817731166,vr_world,9793,104608.808664333,0.009067292,1,0.227302000,0.196942000,-0.738671000,0.374981089,0.748506949,-0.493607890,0.235537218,1,0.300739457,0.262734226,-0.902077819,0.374981089,0.748506949,-0.493607890,0.235537218,9793,104608.808664333,0.009067292,1,-0.007447130,0.281348000,-0.678343000,0.242197703,0.796005929,-0.527781402,-0.170767749,1,0.119018728,0.194841855,-0.790856451,0.242197703,0.796005929,-0.527781402,-0.170767749
5.103259166,104608.830090666,vr_world,9794,104608.827260250,0.002830875,1,0.223698000,0.190793000,-0.747637000,0.296684918,0.758289082,-0.512098414,0.273369608,1,0.315688320,0.275321768,-0.891914970,0.296684918,0.758289082,-0.512098414,0.273369608,9794,104608.827260250,0.002830875,1,-0.007531460,0.280951000,-0.679640000,0.245252888,0.794694795,-0.528049424,-0.171682873,1,0.118266296,0.193771278,-0.792382571,0.245252888,0.794694795,-0.528049424,-0.171682873
5.115646500,104608.842478000,vr_world,9794,104608.827260250,0.015218166,1,0.223698000,0.190793000,-0.747637000,0.296684918,0.758289082,-0.512098414,0.273369608,1,0.315688320,0.275321768,-0.891914970,0.296684918,0.758289082,-0.512098414,0.273369608,9794,104608.827260250,0.015218166,1,-0.007531460,0.280951000,-0.679640000,0.245252888,0.794694795,-0.528049424,-0.171682873,1,0.118266296,0.193771278,-0.792382571,0.245252888,0.794694795,-0.528049424,-0.171682873
5.126987458,104608.853818958,vr_world,9795,104608.846459166,0.007361584,1,0.223748000,0.206121000,-0.742720000,0.311868455,0.758020838,-0.510802661,0.259274213,1,0.311486978,0.287919052,-0.891159871,0.311868455,0.758020838,-0.510802661,0.259274213,9795,104608.846459166,0.007361584,1,-0.007334040,0.280732000,-0.680108000,0.247027419,0.793536371,-0.528421565,-0.173343969,1,0.117752766,0.193099728,-0.793289699,0.247027419,0.793536371,-0.528421565,-0.173343969
5.137417708,104608.864249208,vr_world,9795,104608.846459166,0.017792584,1,0.223748000,0.206121000,-0.742720000,0.311868455,0.758020838,-0.510802661,0.259274213,1,0.311486978,0.287919052,-0.891159871,0.311868455,0.758020838,-0.510802661,0.259274213,9795,104608.846459166,0.017792584,1,-0.007334040,0.280732000,-0.680108000,0.247027419,0.793536371,-0.528421565,-0.173343969,1,0.117752766,0.193099728,-0.793289699,0.247027419,0.793536371,-0.528421565,-0.173343969
5.149598375,104608.876429875,vr_world,9796,104608.866310250,0.010120833,1,0.242861000,0.218836000,-0.746022000,0.431694416,0.737479995,-0.462369146,0.236596618,1,0.303432139,0.266852704,-0.920518320,0.431694416,0.737479995,-0.462369146,0.236596618,9796,104608.866310250,0.010120833,1,-0.007144530,0.280511000,-0.680520000,0.248178654,0.792654640,-0.528870517,-0.174361558,1,0.117458469,0.192508397,-0.793947707,0.248178654,0.792654640,-0.528870517,-0.174361558
5.160192750,104608.887024250,vr_world,9797,104608.883738625,0.003286041,1,0.241223000,0.204032000,-0.746186000,0.483161259,0.725635243,-0.440785994,0.213813937,1,0.285884700,0.237364366,-0.928717530,0.483161259,0.725635243,-0.440785994,0.213813937,9797,104608.883738625,0.003286041,1,-0.006974810,0.279970000,-0.681318000,0.249362647,0.791006671,-0.530422880,-0.175437410,1,0.116932383,0.191191696,-0.794903424,0.249362647,0.791006671,-0.530422880,-0.175437410
5.170858541,104608.897690041,vr_world,9797,104608.883738625,0.013951791,1,0.241223000,0.204032000,-0.746186000,0.483161259,0.725635243,-0.440785994,0.213813937,1,0.285884700,0.237364366,-0.928717530,0.483161259,0.725635243,-0.440785994,0.213813937,9797,104608.883738625,0.013951791,1,-0.006974810,0.279970000,-0.681318000,0.249362647,0.791006671,-0.530422880,-0.175437410,1,0.116932383,0.191191696,-0.794903424,0.249362647,0.791006671,-0.530422880,-0.175437410
5.183217166,104608.910048666,vr_world,9798,104608.902844750,0.007204500,1,0.239462000,0.188141000,-0.759466000,0.424027202,0.765210188,-0.441956586,0.198314590,1,0.284570947,0.248236884,-0.934900127,0.424027202,0.765210188,-0.441956586,0.198314590,9798,104608.902844750,0.007204500,1,-0.006844150,0.279608000,-0.681453000,0.249123795,0.790332708,-0.531621814,-0.175185023,1,0.116949529,0.190438196,-0.794855430,0.249123795,0.790332708,-0.531621814,-0.175185023
5.195616708,104608.922448208,vr_world,9799,104608.922218083,0.000230542,1,0.238144000,0.179868000,-0.746362000,0.411456018,0.789384014,-0.428449004,0.154946038,1,0.269238145,0.253059026,-0.919854694,0.411456018,0.789384014,-0.428449004,0.154946038,9799,104608.922218083,0.000230542,1,-0.006503970,0.279127000,-0.681362000,0.248223816,0.789782302,-0.532736750,-0.175557421,1,0.117118197,0.189735596,-0.794776892,0.248223816,0.789782302,-0.532736750,-0.175557421
5.207525416,104608.934356916,vr_world,9799,104608.922218083,0.012139375,1,0.238144000,0.179868000,-0.746362000,0.411456018,0.789384014,-0.428449004,0.154946038,1,0.269238145,0.253059026,-0.919854694,0.411456018,0.789384014,-0.428449004,0.154946038,9799,104608.922218083,0.012139375,1,-0.006503970,0.279127000,-0.681362000,0.248223816,0.789782302,-0.532736750,-0.175557421,1,0.117118197,0.189735596,-0.794776892,0.248223816,0.789782302,-0.532736750,-0.175557421
5.219779666,104608.946611166,vr_world,9800,104608.941741833,0.004869833,1,0.238860000,0.189113000,-0.756336000,0.415212337,0.768578678,-0.451944112,0.180643436,1,0.283345121,0.254416264,-0.930059829,0.415212337,0.768578678,-0.451944112,0.180643436,9800,104608.941741833,0.004869833,1,-0.006090810,0.278778000,-0.680766000,0.246554517,0.789548390,-0.533497306,-0.176648900,1,0.117340815,0.189456003,-0.794443015,0.246554517,0.789548390,-0.533497306,-0.176648900
5.232148083,104608.958979583,vr_world,9800,104608.941741833,0.017238333,1,0.238860000,0.189113000,-0.756336000,0.415212337,0.768578678,-0.451944112,0.180643436,1,0.283345121,0.254416264,-0.930059829,0.415212337,0.768578678,-0.451944112,0.180643436,9800,104608.941741833,0.017238333,1,-0.006090810,0.278778000,-0.680766000,0.246554517,0.789548390,-0.533497306,-0.176648900,1,0.117340815,0.189456003,-0.794443015,0.246554517,0.789548390,-0.533497306,-0.176648900
5.244209541,104608.971041041,vr_world,9801,104608.961316958,0.009724500,1,0.237138000,0.186272000,-0.752367000,0.438546968,0.765887692,-0.435650003,0.176922794,1,0.274012011,0.244882208,-0.930211346,0.438546968,0.765887692,-0.435650003,0.176922794,9801,104608.961316958,0.009724500,1,-0.005792510,0.278462000,-0.679729000,0.244232995,0.788903582,-0.535082595,-0.177955048,1,0.117333120,0.189041869,-0.793660384,0.244232995,0.788903582,-0.535082595,-0.177955048
5.256203458,104608.983034958,vr_world,9802,104608.980651500,0.002384291,1,0.230031000,0.183322000,-0.751845000,0.424375350,0.769141826,-0.445476795,0.172849179,1,0.269962485,0.247098355,-0.927234540,0.424375350,0.769141826,-0.445476795,0.172849179,9802,104608.980651500,0.002384291,1,-0.005841230,0.278059000,-0.678525000,0.239820133,0.788983987,-0.537118616,-0.177465954,1,0.117627628,0.188743977,-0.792166969,0.239820133,0.788983987,-0.537118616,-0.177465954
5.266559958,104608.993391458,vr_world,9802,104608.980651500,0.012740541,1,0.230031000,0.183322000,-0.751845000,0.424375350,0.769141826,-0.445476795,0.172849179,1,0.269962485,0.247098355,-0.927234540,0.424375350,0.769141826,-0.445476795,0.172849179,9802,104608.980651500,0.012740541,1,-0.005841230,0.278059000,-0.678525000,0.239820133,0.788983987,-0.537118616,-0.177465954,1,0.117627628,0.188743977,-0.792166969,0.239820133,0.788983987,-0.537118616,-0.177465954
5.277525125,104609.004356625,vr_world,9803,104609.000203291,0.004160709,1,0.225194000,0.181519000,-0.751343000,0.422700386,0.760824813,-0.456700980,0.184103781,1,0.271498767,0.242807095,-0.926051585,0.422700386,0.760824813,-0.456700980,0.184103781,9803,104609.000203291,0.004160709,1,-0.006144010,0.278135000,-0.678132000,0.236963807,0.789822169,-0.537780284,-0.175560422,1,0.118061482,0.189087671,-0.791179685,0.236963807,0.789822169,-0.537780284,-0.175560422
5.289904458,104609.016735958,vr_world,9803,104609.000203291,0.016533209,1,0.225194000,0.181519000,-0.751343000,0.422700386,0.760824813,-0.456700980,0.184103781,1,0.271498767,0.242807095,-0.926051585,0.422700386,0.760824813,-0.456700980,0.184103781,9803,104609.000203291,0.016533209,1,-0.006144010,0.278135000,-0.678132000,0.236963807,0.789822169,-0.537780284,-0.175560422,1,0.118061482,0.189087671,-0.791179685,0.236963807,0.789822169,-0.537780284,-0.175560422
5.301903458,104609.028734958,vr_world,9804,104609.019427708,0.009307875,1,0.220968000,0.176106000,-0.751952000,0.408022977,0.765762055,-0.458678727,0.191675639,1,0.270729062,0.241558620,-0.924182154,0.408022977,0.765762055,-0.458678727,0.191675639,9804,104609.019427708,0.009307875,1,-0.006312270,0.278338000,-0.677701000,0.233297367,0.791302170,-0.538142293,-0.172673351,1,0.119026551,0.189795252,-0.789890960,0.233297367,0.791302170,-0.538142293,-0.172673351
5.314281875,104609.041113375,vr_world,9805,104609.038482791,0.002630959,1,0.219323000,0.174553000,-0.751585000,0.412990596,0.761893852,-0.458647217,0.196466932,1,0.269911451,0.237311755,-0.924575153,0.412990596,0.761893852,-0.458647217,0.196466932,9805,104609.038482791,0.002630959,1,-0.006071830,0.278700000,-0.677761000,0.232455584,0.792306058,-0.537437422,-0.171395826,1,0.119817904,0.190546355,-0.789640052,0.232455584,0.792306058,-0.537437422,-0.171395826
5.326665458,104609.053496958,vr_world,9805,104609.038482791,0.015014625,1,0.219323000,0.174553000,-0.751585000,0.412990596,0.761893852,-0.458647217,0.196466932,1,0.269911451,0.237311755,-0.924575153,0.412990596,0.761893852,-0.458647217,0.196466932,9805,104609.038482791,0.015014625,1,-0.006071830,0.278700000,-0.677761000,0.232455584,0.792306058,-0.537437422,-0.171395826,1,0.119817904,0.190546355,-0.789640052,0.232455584,0.792306058,-0.537437422,-0.171395826
5.338477333,104609.065308833,vr_world,9806,104609.057511500,0.007797666,1,0.218189000,0.171264000,-0.749752000,0.413055604,0.762095596,-0.458628643,0.195589210,1,0.268553121,0.234145242,-0.922763108,0.413055604,0.762095596,-0.458628643,0.195589210,9806,104609.057511500,0.007797666,1,-0.005501210,0.279055000,-0.677959000,0.233935573,0.792766056,-0.536030574,-0.171660573,1,0.120381521,0.191139824,-0.790033510,0.233935573,0.792766056,-0.536030574,-0.171660573
5.350861750,104609.077693250,vr_world,9807,104609.076555833,0.001137792,1,0.215574000,0.164297000,-0.746917000,0.413011472,0.763371990,-0.459106938,0.189487597,1,0.264608235,0.228145590,-0.919955927,0.413011472,0.763371990,-0.459106938,0.189487597,9807,104609.076555833,0.001137792,1,-0.004416170,0.280170000,-0.678359000,0.235283676,0.793682451,-0.534315778,-0.170928081,1,0.121775415,0.192609375,-0.790363566,0.235283676,0.793682451,-0.534315778,-0.170928081
5.363243625,104609.090075125,vr_world,9807,104609.076555833,0.013519625,1,0.215574000,0.164297000,-0.746917000,0.413011472,0.763371990,-0.459106938,0.189487597,1,0.264608235,0.228145590,-0.919955927,0.413011472,0.763371990,-0.459106938,0.189487597,9807,104609.076555833,0.013519625,1,-0.004416170,0.280170000,-0.678359000,0.235283676,0.793682451,-0.534315778,-0.170928081,1,0.121775415,0.192609375,-0.790363566,0.235283676,0.793682451,-0.534315778,-0.170928081
5.374208916,104609.101040416,vr_world,9808,104609.096307750,0.004733041,1,0.214179000,0.158895000,-0.745562000,0.404168445,0.768088613,-0.463316229,0.178957599,1,0.262625868,0.227318032,-0.917010682,0.404168445,0.768088613,-0.463316229,0.178957599,9808,104609.096307750,0.004733041,1,-0.002897370,0.281489000,-0.679116000,0.236901691,0.793491710,-0.533818826,-0.171131398,1,0.123122193,0.193805404,-0.791217976,0.236901691,0.793491710,-0.533818826,-0.171131398
5.386590166,104609.113421666,vr_world,9808,104609.096307750,0.017114375,1,0.214179000,0.158895000,-0.745562000,0.404168445,0.768088613,-0.463316229,0.178957599,1,0.262625868,0.227318032,-0.917010682,0.404168445,0.768088613,-0.463316229,0.178957599,9808,104609.096307750,0.017114375,1,-0.002897370,0.281489000,-0.679116000,0.236901691,0.793491710,-0.533818826,-0.171131398,1,0.123122193,0.193805404,-0.791217976,0.236901691,0.793491710,-0.533818826,-0.171131398
5.399010375,104609.125841875,vr_world,9809,104609.115520166,0.010322167,1,0.211429000,0.150323000,-0.743725000,0.398167596,0.769827968,-0.469725804,0.167884290,1,0.259752003,0.221977774,-0.913883476,0.398167596,0.769827968,-0.469725804,0.167884290,9809,104609.115520166,0.010322167,1,-0.000280526,0.283124000,-0.680002000,0.236934648,0.794884680,-0.531381717,-0.172202752,1,0.125891798,0.196343574,-0.792633917,0.236934648,0.794884680,-0.531381717,-0.172202752
5.410585500,104609.137417000,vr_world,9810,104609.134813083,0.002604375,1,0.209326000,0.146342000,-0.743082000,0.395729152,0.763827059,-0.481337830,0.168168238,1,0.261626079,0.217308869,-0.912350661,0.395729152,0.763827059,-0.481337830,0.168168238,9810,104609.134813083,0.002604375,1,0.001946140,0.284319000,-0.680307000,0.237060865,0.796231074,-0.528923968,-0.173371447,1,0.128231093,0.198433103,-0.793496916,0.237060865,0.796231074,-0.528923968,-0.173371447
5.422995333,104609.149826833,vr_world,9810,104609.134813083,0.015014250,1,0.209326000,0.146342000,-0.743082000,0.395729152,0.763827059,-0.481337830,0.168168238,1,0.261626079,0.217308869,-0.912350661,0.395729152,0.763827059,-0.481337830,0.168168238,9810,104609.134813083,0.015014250,1,0.001946140,0.284319000,-0.680307000,0.237060865,0.796231074,-0.528923968,-0.173371447,1,0.128231093,0.198433103,-0.793496916,0.237060865,0.796231074,-0.528923968,-0.173371447
5.435411500,104609.162243000,vr_world,9811,104609.154365791,0.007877875,1,0.208617000,0.141656000,-0.741799000,0.397316337,0.762556018,-0.482805456,0.165972705,1,0.260765251,0.212183641,-0.911297856,0.397316337,0.762556018,-0.482805456,0.165972705,9811,104609.154365791,0.007877875,1,0.004411490,0.285791000,-0.680984000,0.237589876,0.796724903,-0.528181742,-0.172639878,1,0.130936205,0.200060411,-0.794023759,0.237589876,0.796724903,-0.528181742,-0.172639878
5.447798791,104609.174630291,vr_world,9812,104609.172868166,0.001762417,1,0.207313000,0.133172000,-0.740544000,0.395984268,0.760179320,-0.490358398,0.157710184,1,0.260109222,0.204452304,-0.909526636,0.395984268,0.760179320,-0.490358398,0.157710184,9812,104609.172868166,0.001762417,1,0.009353580,0.288321000,-0.682272000,0.238434323,0.797974473,-0.526478629,-0.170897825,1,0.136488898,0.203017854,-0.794949384,0.238434323,0.797974473,-0.526478629,-0.170897825
5.459956458,104609.186787958,vr_world,9812,104609.172868166,0.013920375,1,0.207313000,0.133172000,-0.740544000,0.395984268,0.760179320,-0.490358398,0.157710184,1,0.260109222,0.204452304,-0.909526636,0.395984268,0.760179320,-0.490358398,0.157710184,9812,104609.172868166,0.013920375,1,0.009353580,0.288321000,-0.682272000,0.238434323,0.797974473,-0.526478629,-0.170897825,1,0.136488898,0.203017854,-0.794949384,0.238434323,0.797974473,-0.526478629,-0.170897825
5.470127333,104609.196958833,vr_world,9813,104609.192604958,0.004354458,1,0.207769000,0.129171000,-0.739537000,0.399711775,0.757932382,-0.493654521,0.148573939,1,0.259267940,0.200068552,-0.909080075,0.399711775,0.757932382,-0.493654521,0.148573939,9813,104609.192604958,0.004354458,1,0.013381500,0.289663000,-0.682820000,0.240496306,0.797838627,-0.525266914,-0.172365081,1,0.140089778,0.204429977,-0.796030274,0.240496306,0.797838627,-0.525266914,-0.172365081
5.480193583,104609.207025083,vr_world,9813,104609.192604958,0.014420792,1,0.207769000,0.129171000,-0.739537000,0.399711775,0.757932382,-0.493654521,0.148573939,1,0.259267940,0.200068552,-0.909080075,0.399711775,0.757932382,-0.493654521,0.148573939,9813,104609.192604958,0.014420792,1,0.013381500,0.289663000,-0.682820000,0.240496306,0.797838627,-0.525266914,-0.172365081,1,0.140089778,0.204429977,-0.796030274,0.240496306,0.797838627,-0.525266914,-0.172365081
5.492566166,104609.219397666,vr_world,9814,104609.212160875,0.007237166,1,0.208308000,0.123875000,-0.738824000,0.400861160,0.758849882,-0.494997350,0.135774853,1,0.257297564,0.196224616,-0.908497296,0.400861160,0.758849882,-0.494997350,0.135774853,9814,104609.212160875,0.007237166,1,0.018529600,0.291023000,-0.683897000,0.243855295,0.796832994,-0.525036469,-0.172998498,1,0.144685885,0.205233165,-0.797303051,0.243855295,0.796832994,-0.525036469,-0.172998498
5.504195625,104609.231027125,vr_world,9814,104609.212160875,0.018866708,1,0.208308000,0.123875000,-0.738824000,0.400861160,0.758849882,-0.494997350,0.135774853,1,0.257297564,0.196224616,-0.908497296,0.400861160,0.758849882,-0.494997350,0.135774853,9814,104609.212160875,0.018866708,1,0.018529600,0.291023000,-0.683897000,0.243855295,0.796832994,-0.525036469,-0.172998498,1,0.144685885,0.205233165,-0.797303051,0.243855295,0.796832994,-0.525036469,-0.172998498
5.514861291,104609.241692791,vr_world,9815,104609.231531958,0.010161292,1,0.208251000,0.114202000,-0.736721000,0.401672487,0.762802366,-0.494107956,0.112468178,1,0.251810937,0.190122979,-0.906314666,0.401672487,0.762802366,-0.494107956,0.112468178,9815,104609.231531958,0.010161292,1,0.027983300,0.293871000,-0.686338000,0.252144002,0.793155872,-0.526093302,-0.174794170,1,0.152431287,0.206104109,-0.800118025,0.252144002,0.793155872,-0.526093302,-0.174794170
5.525528666,104609.252360166,vr_world,9816,104609.250264208,0.002096375,1,0.207070000,0.108203000,-0.736268000,0.396814003,0.767565411,-0.492669337,0.103242000,1,0.248640161,0.187535606,-0.904796024,0.396814003,0.767565411,-0.492669337,0.103242000,9816,104609.250264208,0.002096375,1,0.034805800,0.294995000,-0.688613000,0.258855919,0.789863097,-0.526272814,-0.179295364,1,0.157183120,0.205901673,-0.803601727,0.258855919,0.789863097,-0.526272814,-0.179295364
5.537943583,104609.264775083,vr_world,9816,104609.250264208,0.014511417,1,0.207070000,0.108203000,-0.736268000,0.396814003,0.767565411,-0.492669337,0.103242000,1,0.248640161,0.187535606,-0.904796024,0.396814003,0.767565411,-0.492669337,0.103242000,9816,104609.250264208,0.014511417,1,0.034805800,0.294995000,-0.688613000,0.258855919,0.789863097,-0.526272814,-0.179295364,1,0.157183120,0.205901673,-0.803601727,0.258855919,0.789863097,-0.526272814,-0.179295364
5.548182125,104609.275013625,vr_world,9817,104609.269398000,0.005616000,1,0.204669000,0.098893200,-0.735744000,0.391500500,0.767492708,-0.498769934,0.094397323,1,0.246890929,0.180616629,-0.902962461,0.391500500,0.767492708,-0.498769934,0.094397323,9817,104609.269398000,0.005616000,1,0.046558300,0.296959000,-0.692401000,0.269458550,0.785957776,-0.523420400,-0.188927363,1,0.165459035,0.206884375,-0.810237282,0.269458550,0.785957776,-0.523420400,-0.188927363
5.560204250,104609.287035750,vr_world,9817,104609.269398000,0.017638291,1,0.204669000,0.098893200,-0.735744000,0.391500500,0.767492708,-0.498769934,0.094397323,1,0.246890929,0.180616629,-0.902962461,0.391500500,0.767492708,-0.498769934,0.094397323,9817,104609.269398000,0.017638291,1,0.046558300,0.296959000,-0.692401000,0.269458550,0.785957776,-0.523420400,-0.188927363,1,0.165459035,0.206884375,-0.810237282,0.269458550,0.785957776,-0.523420400,-0.188927363
5.572552416,104609.299383916,vr_world,9818,104609.288233291,0.011150959,1,0.203053000,0.094022900,-0.735941000,0.389015558,0.766880749,-0.501422555,0.095583649,1,0.246627873,0.176048354,-0.902663750,0.389015558,0.766880749,-0.501422555,0.095583649,9818,104609.288233291,0.011150959,1,0.053321800,0.297317000,-0.694997000,0.272025444,0.785340960,-0.519774175,-0.197677873,1,0.170120507,0.208135976,-0.815583181,0.272025444,0.785340960,-0.519774175,-0.197677873
5.584620041,104609.311451541,vr_world,9819,104609.307850875,0.003601208,1,0.202015000,0.089411000,-0.736024000,0.388494301,0.766235712,-0.502787444,0.095706828,1,0.246114556,0.171397524,-0.902627981,0.388494301,0.766235712,-0.502787444,0.095706828,9819,104609.307850875,0.003601208,1,0.059068700,0.296930000,-0.698443000,0.268737184,0.789815315,-0.513164572,-0.201579303,1,0.176333805,0.210841182,-0.820810543,0.268737184,0.789815315,-0.513164572,-0.201579303
5.596981666,104609.323813166,vr_world,9819,104609.307850875,0.015962875,1,0.202015000,0.089411000,-0.736024000,0.388494301,0.766235712,-0.502787444,0.095706828,1,0.246114556,0.171397524,-0.902627981,0.388494301,0.766235712,-0.502787444,0.095706828,9819,104609.307850875,0.015962875,1,0.059068700,0.296930000,-0.698443000,0.268737184,0.789815315,-0.513164572,-0.201579303,1,0.176333805,0.210841182,-0.820810543,0.268737184,0.789815315,-0.513164572,-0.201579303
5.609054000,104609.335885500,vr_world,9820,104609.327360833,0.008524917,1,0.199659000,0.079840500,-0.736223000,0.383100661,0.766980352,-0.507087185,0.088530278,1,0.244227893,0.164168626,-0.901528255,0.383100661,0.766980352,-0.507087185,0.088530278,9820,104609.327360833,0.008524917,1,0.071368400,0.297617000,-0.704240000,0.266036531,0.795559818,-0.502375425,-0.209590248,1,0.188446964,0.216054738,-0.829844247,0.266036531,0.795559818,-0.502375425,-0.209590248
5.621455541,104609.348287041,vr_world,9821,104609.347519541,0.000767834,1,0.198913000,0.075658700,-0.737206000,0.381535098,0.766271087,-0.510289495,0.082850593,1,0.243554528,0.160904887,-0.902019982,0.381535098,0.766271087,-0.510289495,0.082850593,9821,104609.347519541,0.000767834,1,0.078885900,0.298932000,-0.708164000,0.265988486,0.797199966,-0.499489826,-0.210314653,1,0.196191508,0.218416676,-0.834230948,0.265988486,0.797199966,-0.499489826,-0.210314653
5.632185708,104609.359017208,vr_world,9821,104609.347519541,0.011498084,1,0.198913000,0.075658700,-0.737206000,0.381535098,0.766271087,-0.510289495,0.082850593,1,0.243554528,0.160904887,-0.902019982,0.381535098,0.766271087,-0.510289495,0.082850593,9821,104609.347519541,0.011498084,1,0.078885900,0.298932000,-0.708164000,0.265988486,0.797199966,-0.499489826,-0.210314653,1,0.196191508,0.218416676,-0.834230948,0.265988486,0.797199966,-0.499489826,-0.210314653
5.644585708,104609.371417208,vr_world,9822,104609.367449166,0.003968584,1,0.197790000,0.068451800,-0.739255000,0.387170595,0.764530268,-0.510393597,0.071349666,1,0.239620895,0.153490341,-0.904911583,0.387170595,0.764530268,-0.510393597,0.071349666,9822,104609.367449166,0.003968584,1,0.092568800,0.301380000,-0.714896000,0.267593559,0.798020778,-0.496193465,-0.212952039,1,0.209389284,0.221731031,-0.841959797,0.267593559,0.798020778,-0.496193465,-0.212952039
5.656236375,104609.383067875,vr_world,9822,104609.367449166,0.015619084,1,0.197790000,0.068451800,-0.739255000,0.387170595,0.764530268,-0.510393597,0.071349666,1,0.239620895,0.153490341,-0.904911583,0.387170595,0.764530268,-0.510393597,0.071349666,9822,104609.367449166,0.015619084,1,0.092568800,0.301380000,-0.714896000,0.267593559,0.798020778,-0.496193465,-0.212952039,1,0.209389284,0.221731031,-0.841959797,0.267593559,0.798020778,-0.496193465,-0.212952039
5.666862541,104609.393694041,vr_world,9823,104609.387070125,0.006624541,1,0.196748000,0.066840700,-0.741257000,0.396686908,0.757560165,-0.513280598,0.072698834,1,0.238825805,0.147897505,-0.908836014,0.396686908,0.757560165,-0.513280598,0.072698834,9823,104609.387070125,0.006624541,1,0.099829300,0.302586000,-0.718561000,0.269327368,0.799924154,-0.491535276,-0.214422921,1,0.216649551,0.224236619,-0.846430604,0.269327368,0.799924154,-0.491535276,-0.214422921
5.678005583,104609.404837083,vr_world,9823,104609.387070125,0.017767333,1,0.196748000,0.066840700,-0.741257000,0.396686908,0.757560165,-0.513280598,0.072698834,1,0.238825805,0.147897505,-0.908836014,0.396686908,0.757560165,-0.513280598,0.072698834,9823,104609.387070125,0.017767333,1,0.099829300,0.302586000,-0.718561000,0.269327368,0.799924154,-0.491535276,-0.214422921,1,0.216649551,0.224236619,-0.846430604,0.269327368,0.799924154,-0.491535276,-0.214422921
5.689760791,104609.416592291,vr_world,9824,104609.406592625,0.010000125,1,0.195776000,0.063991400,-0.742555000,0.402725447,0.752689061,-0.515557911,0.073969133,1,0.238221257,0.142344117,-0.911323085,0.402725447,0.752689061,-0.515557911,0.073969133,9824,104609.406592625,0.010000125,1,0.107054000,0.303544000,-0.722248000,0.270859341,0.803612572,-0.484686854,-0.214291169,1,0.224621678,0.227289205,-0.850697475,0.270859341,0.803612572,-0.484686854,-0.214291169
5.702148458,104609.428979958,vr_world,9825,104609.425521916,0.003458542,1,0.194290000,0.058246100,-0.745586000,0.406119009,0.748813702,-0.518815923,0.071940452,1,0.237024891,0.135172590,-0.914936168,0.406119009,0.748813702,-0.518815923,0.071940452,9825,104609.425521916,0.003458542,1,0.121899000,0.305869000,-0.729458000,0.274276761,0.807115369,-0.476422264,-0.215311092,1,0.239766549,0.231805750,-0.858911101,0.274276761,0.807115369,-0.476422264,-0.215311092
5.712574625,104609.439406125,vr_world,9825,104609.425521916,0.013884834,1,0.194290000,0.058246100,-0.745586000,0.406119009,0.748813702,-0.518815923,0.071940452,1,0.237024891,0.135172590,-0.914936168,0.406119009,0.748813702,-0.518815923,0.071940452,9825,104609.425521916,0.013884834,1,0.121899000,0.305869000,-0.729458000,0.274276761,0.807115369,-0.476422264,-0.215311092,1,0.239766549,0.231805750,-0.858911101,0.274276761,0.807115369,-0.476422264,-0.215311092
5.723679291,104609.450510791,vr_world,9826,104609.444236416,0.006274792,1,0.194084000,0.056124100,-0.747461000,0.405815255,0.747549471,-0.521243059,0.069205783,1,0.237091936,0.133187994,-0.916679595,0.405815255,0.747549471,-0.521243059,0.069205783,9826,104609.444236416,0.006274792,1,0.130575000,0.308104000,-0.733234000,0.278373678,0.805639164,-0.474667500,-0.219418317,1,0.246934154,0.233792366,-0.863903606,0.278373678,0.805639164,-0.474667500,-0.219418317
5.736058166,104609.462889666,vr_world,9826,104609.444236416,0.018653834,1,0.194084000,0.056124100,-0.747461000,0.405815255,0.747549471,-0.521243059,0.069205783,1,0.237091936,0.133187994,-0.916679595,0.405815255,0.747549471,-0.521243059,0.069205783,9826,104609.444236416,0.018653834,1,0.130575000,0.308104000,-0.733234000,0.278373678,0.805639164,-0.474667500,-0.219418317,1,0.246934154,0.233792366,-0.863903606,0.278373678,0.805639164,-0.474667500,-0.219418317
5.748466000,104609.475297500,vr_world,9827,104609.463536416,0.011761459,1,0.191370000,0.050645200,-0.752410000,0.396546813,0.740469232,-0.536897665,0.078720007,1,0.242372196,0.126745265,-0.919834629,0.396546813,0.740469232,-0.536897665,0.078720007,9827,104609.463536416,0.011761459,1,0.145393000,0.312296000,-0.739923000,0.288920075,0.803747266,-0.469234818,-0.224352865,1,0.259541110,0.237559126,-0.872289247,0.288920075,0.803747266,-0.469234818,-0.224352865
5.760367500,104609.487199000,vr_world,9828,104609.482683958,0.004515583,1,0.192493000,0.052347300,-0.750977000,0.406036467,0.736129726,-0.535039210,0.083549136,1,0.242818576,0.124600795,-0.920299839,0.406036467,0.736129726,-0.535039210,0.083549136,9828,104609.482683958,0.004515583,1,0.152856000,0.315461000,-0.743809000,0.297997253,0.801610965,-0.468597993,-0.221434908,1,0.266685505,0.238856548,-0.875379758,0.297997253,0.801610965,-0.468597993,-0.221434908
5.772770916,104609.499602416,vr_world,9828,104609.482683958,0.016918917,1,0.192493000,0.052347300,-0.750977000,0.406036467,0.736129726,-0.535039210,0.083549136,1,0.242818576,0.124600795,-0.920299839,0.406036467,0.736129726,-0.535039210,0.083549136,9828,104609.482683958,0.016918917,1,0.152856000,0.315461000,-0.743809000,0.297997253,0.801610965,-0.468597993,-0.221434908,1,0.266685505,0.238856548,-0.875379758,0.297997253,0.801610965,-0.468597993,-0.221434908
5.784194583,104609.511026083,vr_world,9829,104609.502473750,0.008552791,1,0.192619000,0.053291200,-0.750196000,0.400604898,0.737364881,-0.536979706,0.086380228,1,0.244738794,0.126692762,-0.918478987,0.400604898,0.737364881,-0.536979706,0.086380228,9829,104609.502473750,0.008552791,1,0.159672000,0.317890000,-0.747499000,0.305419806,0.802590290,-0.463593269,-0.218286162,1,0.273996290,0.241311508,-0.878655089,0.305419806,0.802590290,-0.463593269,-0.218286162
5.794346750,104609.521178250,vr_world,9829,104609.502473750,0.018708250,1,0.192619000,0.053291200,-0.750196000,0.400604898,0.737364881,-0.536979706,0.086380228,1,0.244738794,0.126692762,-0.918478987,0.400604898,0.737364881,-0.536979706,0.086380228,9829,104609.502473750,0.018708250,1,0.159672000,0.317890000,-0.747499000,0.305419806,0.802590290,-0.463593269,-0.218286162,1,0.273996290,0.241311508,-0.878655089,0.305419806,0.802590290,-0.463593269,-0.218286162
5.806756666,104609.533588166,vr_world,9830,104609.521934708,0.011654208,1,0.198835000,0.049715900,-0.759733000,0.390107580,0.752265589,-0.528484577,0.051152813,1,0.242422787,0.133877633,-0.925384279,0.390107580,0.752265589,-0.528484577,0.051152813,9830,104609.521934708,0.011654208,1,0.172902000,0.322284000,-0.754345000,0.317749286,0.803557989,-0.453064648,-0.219231327,1,0.286451392,0.246472922,-0.886615315,0.317749286,0.803557989,-0.453064648,-0.219231327
5.818863458,104609.545694958,vr_world,9831,104609.541670833,0.004024833,1,0.199027000,0.052408700,-0.746857000,0.401241001,0.749518700,-0.524885299,0.041506620,1,0.238326602,0.134804794,-0.914457445,0.401241001,0.749518700,-0.524885299,0.041506620,9831,104609.541670833,0.004024833,1,0.178603000,0.324694000,-0.758363000,0.319436461,0.804156609,-0.449717646,-0.221464522,1,0.291621215,0.249630673,-0.891511803,0.319436461,0.804156609,-0.449717646,-0.221464522
5.831278083,104609.558109583,vr_world,9831,104609.541670833,0.016439167,1,0.199027000,0.052408700,-0.746857000,0.401241001,0.749518700,-0.524885299,0.041506620,1,0.238326602,0.134804794,-0.914457445,0.401241001,0.749518700,-0.524885299,0.041506620,9831,104609.541670833,0.016439167,1,0.178603000,0.324694000,-0.758363000,0.319436461,0.804156609,-0.449717646,-0.221464522,1,0.291621215,0.249630673,-0.891511803,0.319436461,0.804156609,-0.449717646,-0.221464522
5.843700916,104609.570532416,vr_world,9832,104609.560789458,0.009743250,1,0.201697000,0.054964800,-0.746247000,0.408351051,0.744503307,-0.525890137,0.049028654,1,0.241951224,0.133519282,-0.915457708,0.408351051,0.744503307,-0.525890137,0.049028654,9832,104609.560789458,0.009743250,1,0.190014000,0.329413000,-0.765350000,0.320168030,0.806436820,-0.441999662,-0.227570620,1,0.301902237,0.256808382,-0.900796743,0.320168030,0.806436820,-0.441999662,-0.227570620
5.856112000,104609.582943500,vr_world,9833,104609.580591000,0.002352875,1,0.202233000,0.058142100,-0.746326000,0.416924248,0.737493152,-0.527952069,0.059536829,1,0.244224166,0.131592724,-0.917396621,0.416924248,0.737493152,-0.527952069,0.059536829,9833,104609.580591000,0.002352875,1,0.195524000,0.333098000,-0.769148000,0.326052265,0.806590079,-0.435273492,-0.231601709,1,0.306040254,0.261348648,-0.906167662,0.326052265,0.806590079,-0.435273492,-0.231601709
5.868525666,104609.595357166,vr_world,9833,104609.580591000,0.014766833,1,0.202233000,0.058142100,-0.746326000,0.416924248,0.737493152,-0.527952069,0.059536829,1,0.244224166,0.131592724,-0.917396621,0.416924248,0.737493152,-0.527952069,0.059536829,9833,104609.580591000,0.014766833,1,0.195524000,0.333098000,-0.769148000,0.326052265,0.806590079,-0.435273492,-0.231601709,1,0.306040254,0.261348648,-0.906167662,0.326052265,0.806590079,-0.435273492,-0.231601709
5.880195791,104609.607027291,vr_world,9834,104609.600166416,0.006861292,1,0.204219000,0.058837600,-0.746562000,0.417743356,0.742822608,-0.520364411,0.054091979,1,0.242590733,0.134160628,-0.917668783,0.417743356,0.742822608,-0.520364411,0.054091979,9834,104609.600166416,0.006861292,1,0.200087000,0.337776000,-0.773371000,0.339089631,0.801625064,-0.435810969,-0.229094475,1,0.309521977,0.262653556,-0.909447472,0.339089631,0.801625064,-0.435810969,-0.229094475
5.892560291,104609.619391791,vr_world,9834,104609.600166416,0.019225917,1,0.204219000,0.058837600,-0.746562000,0.417743356,0.742822608,-0.520364411,0.054091979,1,0.242590733,0.134160628,-0.917668783,0.417743356,0.742822608,-0.520364411,0.054091979,9834,104609.600166416,0.019225917,1,0.200087000,0.337776000,-0.773371000,0.339089631,0.801625064,-0.435810969,-0.229094475,1,0.309521977,0.262653556,-0.909447472,0.339089631,0.801625064,-0.435810969,-0.229094475
5.904947208,104609.631778708,vr_world,9835,104609.619899208,0.011880125,1,0.206532000,0.059734200,-0.744586000,0.423121902,0.744951289,-0.513139856,0.051989634,1,0.241535447,0.134622020,-0.916603611,0.423121902,0.744951289,-0.513139856,0.051989634,9835,104609.619899208,0.011880125,1,0.209241000,0.344758000,-0.781507000,0.360867792,0.794457252,-0.434947620,-0.222334613,1,0.317807335,0.264580725,-0.915376965,0.360867792,0.794457252,-0.434947620,-0.222334613
5.917360000,104609.644191500,vr_world,9836,104609.638310083,0.005881667,1,0.206058000,0.060007000,-0.743687000,0.422888546,0.743909509,-0.514398350,0.056198378,1,0.242335710,0.134104979,-0.915782437,0.422888546,0.743909509,-0.514398350,0.056198378,9836,104609.638310083,0.005881667,1,0.213533000,0.349040000,-0.786841000,0.378776398,0.786326777,-0.438829362,-0.213652592,1,0.321837919,0.263204268,-0.917372587,0.378776398,0.786326777,-0.438829362,-0.213652592
5.929772666,104609.656604166,vr_world,9836,104609.638310083,0.018294750,1,0.206058000,0.060007000,-0.743687000,0.422888546,0.743909509,-0.514398350,0.056198378,1,0.242335710,0.134104979,-0.915782437,0.422888546,0.743909509,-0.514398350,0.056198378,9836,104609.638310083,0.018294750,1,0.213533000,0.349040000,-0.786841000,0.378776398,0.786326777,-0.438829362,-0.213652592,1,0.321837919,0.263204268,-0.917372587,0.378776398,0.786326777,-0.438829362,-0.213652592
5.940858625,104609.667690125,vr_world,9837,104609.658020166,0.009670500,1,0.206832000,0.061280300,-0.743552000,0.426710012,0.742728945,-0.512565660,0.059571171,1,0.242764208,0.133733549,-0.916418617,0.426710012,0.742728945,-0.512565660,0.059571171,9837,104609.658020166,0.009670500,1,0.222600000,0.357477000,-0.796363000,0.412138361,0.767328164,-0.448860249,-0.199684594,1,0.329210755,0.260209988,-0.920094604,0.412138361,0.767328164,-0.448860249,-0.199684594
5.953256458,104609.680087958,vr_world,9838,104609.677425333,0.002663375,1,0.207052000,0.060543500,-0.743361000,0.425733696,0.744649726,-0.510781059,0.057881908,1,0.242180692,0.133909982,-0.916007404,0.425733696,0.744649726,-0.510781059,0.057881908,9838,104609.677425333,0.002663375,1,0.227698000,0.361351000,-0.802146000,0.432298842,0.752603079,-0.458368688,-0.191322926,1,0.332604472,0.256131582,-0.920719801,0.432298842,0.752603079,-0.458368688,-0.191322926
5.965667666,104609.692499166,vr_world,9838,104609.677425333,0.015074208,1,0.207052000,0.060543500,-0.743361000,0.425733696,0.744649726,-0.510781059,0.057881908,1,0.242180692,0.133909982,-0.916007404,0.425733696,0.744649726,-0.510781059,0.057881908,9838,104609.677425333,0.015074208,1,0.227698000,0.361351000,-0.802146000,0.432298842,0.752603079,-0.458368688,-0.191322926,1,0.332604472,0.256131582,-0.920719801,0.432298842,0.752603079,-0.458368688,-0.191322926
5.978077625,104609.704909125,vr_world,9839,104609.696967958,0.007941542,1,0.206599000,0.059535200,-0.743283000,0.425706017,0.744259977,-0.511455274,0.057139971,1,0.241797836,0.132924417,-0.915905476,0.425706017,0.744259977,-0.511455274,0.057139971,9839,104609.696967958,0.007941542,1,0.232622000,0.364101000,-0.806809000,0.448935747,0.739234854,-0.463163970,-0.193565655,1,0.333595594,0.253052627,-0.923465748,0.448935747,0.739234854,-0.463163970,-0.193565655
5.990490625,104609.717322125,vr_world,9840,104609.715525250,0.001797250,1,0.206184000,0.059144200,-0.743435000,0.423490031,0.744284432,-0.513291732,0.056819682,1,0.242161551,0.133101208,-0.915654118,0.423490031,0.744284432,-0.513291732,0.056819682,9840,104609.715525250,0.001797250,1,0.241869000,0.369209000,-0.815427000,0.475707816,0.718515857,-0.468943876,-0.193723202,1,0.337627088,0.249528010,-0.927868474,0.475707816,0.718515857,-0.468943876,-0.193723202
6.002898708,104609.729730208,vr_world,9840,104609.715525250,0.014205375,1,0.206184000,0.059144200,-0.743435000,0.423490031,0.744284432,-0.513291732,0.056819682,1,0.242161551,0.133101208,-0.915654118,0.423490031,0.744284432,-0.513291732,0.056819682,9840,104609.715525250,0.014205375,1,0.241869000,0.369209000,-0.815427000,0.475707816,0.718515857,-0.468943876,-0.193723202,1,0.337627088,0.249528010,-0.927868474,0.475707816,0.718515857,-0.468943876,-0.193723202
6.015302416,104609.742133916,vr_world,9841,104609.735164750,0.006969583,1,0.205977000,0.058864100,-0.743245000,0.422726525,0.744405653,-0.513825717,0.056086022,1,0.242066328,0.133131125,-0.915307183,0.422726525,0.744405653,-0.513825717,0.056086022,9841,104609.735164750,0.006969583,1,0.246204000,0.370556000,-0.820178000,0.485907793,0.708794482,-0.472783748,-0.194883367,1,0.339263319,0.247051611,-0.930734999,0.485907793,0.708794482,-0.472783748,-0.194883367
6.027435041,104609.754266541,vr_world,9842,104609.753791791,0.000475375,1,0.205708000,0.058456000,-0.743140000,0.421631333,0.745078399,-0.513757179,0.056024623,1,0.241887696,0.133142084,-0.915001850,0.421631333,0.745078399,-0.513757179,0.056024623,9842,104609.753791791,0.000475375,1,0.250844000,0.372153000,-0.824662000,0.498890272,0.694159036,-0.480330407,-0.196301884,1,0.339888812,0.243018666,-0.932047209,0.498890272,0.694159036,-0.480330407,-0.196301884
6.037529625,104609.764361125,vr_world,9842,104609.753791791,0.010569667,1,0.205708000,0.058456000,-0.743140000,0.421631333,0.745078399,-0.513757179,0.056024623,1,0.241887696,0.133142084,-0.915001850,0.421631333,0.745078399,-0.513757179,0.056024623,9842,104609.753791791,0.010569667,1,0.250844000,0.372153000,-0.824662000,0.498890272,0.694159036,-0.480330407,-0.196301884,1,0.339888812,0.243018666,-0.932047209,0.498890272,0.694159036,-0.480330407,-0.196301884
6.048517416,104609.775348916,vr_world,9843,104609.773214000,0.002135291,1,0.205730000,0.057929200,-0.742921000,0.420788234,0.745919317,-0.513189669,0.056373737,1,0.241892446,0.132956146,-0.914637752,0.420788234,0.745919317,-0.513189669,0.056373737,9843,104609.773214000,0.002135291,1,0.258790000,0.373811000,-0.831986000,0.521659967,0.669086171,-0.491304063,-0.197014955,1,0.341407041,0.235718613,-0.933184338,0.521659967,0.669086171,-0.491304063,-0.197014955
6.060938916,104609.787770416,vr_world,9843,104609.773214000,0.014556750,1,0.205730000,0.057929200,-0.742921000,0.420788234,0.745919317,-0.513189669,0.056373737,1,0.241892446,0.132956146,-0.914637752,0.420788234,0.745919317,-0.513189669,0.056373737,9843,104609.773214000,0.014556750,1,0.258790000,0.373811000,-0.831986000,0.521659967,0.669086171,-0.491304063,-0.197014955,1,0.341407041,0.235718613,-0.933184338,0.521659967,0.669086171,-0.491304063,-0.197014955
6.071230458,104609.798061958,vr_world,9844,104609.792148083,0.005914458,1,0.205644000,0.057766700,-0.742758000,0.420924560,0.745830693,-0.513185768,0.056563768,1,0.241827877,0.132714589,-0.914504938,0.420924560,0.745830693,-0.513185768,0.056563768,9844,104609.792148083,0.005914458,1,0.262929000,0.372255000,-0.834064000,0.523675494,0.662893335,-0.494494802,-0.204478102,1,0.342011617,0.232447114,-0.935729746,0.523675494,0.662893335,-0.494494802,-0.204478102
6.083634166,104609.810465666,vr_world,9844,104609.792148083,0.018317917,1,0.205644000,0.057766700,-0.742758000,0.420924560,0.745830693,-0.513185768,0.056563768,1,0.241827877,0.132714589,-0.914504938,0.420924560,0.745830693,-0.513185768,0.056563768,9844,104609.792148083,0.018317917,1,0.262929000,0.372255000,-0.834064000,0.523675494,0.662893335,-0.494494802,-0.204478102,1,0.342011617,0.232447114,-0.935729746,0.523675494,0.662893335,-0.494494802,-0.204478102
6.096038625,104609.822870125,vr_world,9845,104609.811472500,0.011398083,1,0.205601000,0.058028800,-0.742478000,0.420167366,0.746301345,-0.513068168,0.057050341,1,0.241930074,0.133192507,-0.914099856,0.420167366,0.746301345,-0.513068168,0.057050341,9845,104609.811472500,0.011398083,1,0.270873000,0.370857000,-0.838262000,0.529721649,0.646628871,-0.501490355,-0.223099757,1,0.340875905,0.226918367,-0.940816771,0.529721649,0.646628871,-0.501490355,-0.223099757
6.107523333,104609.834354833,vr_world,9846,104609.831007375,0.003352083,1,0.205557000,0.058406900,-0.742123000,0.420311462,0.746578969,-0.512447045,0.057932241,1,0.241846223,0.133476484,-0.913794498,0.420311462,0.746578969,-0.512447045,0.057932241,9846,104609.831007375,0.003352083,1,0.274320000,0.368330000,-0.839795000,0.527129310,0.643602723,-0.501139636,-0.238263070,1,0.339520785,0.224670344,-0.945847015,0.527129310,0.643602723,-0.501139636,-0.238263070
6.119923541,104609.846755041,vr_world,9846,104609.831007375,0.015748333,1,0.205557000,0.058406900,-0.742123000,0.420311462,0.746578969,-0.512447045,0.057932241,1,0.241846223,0.133476484,-0.913794498,0.420311462,0.746578969,-0.512447045,0.057932241,9846,104609.831007375,0.015748333,1,0.274320000,0.368330000,-0.839795000,0.527129310,0.643602723,-0.501139636,-0.238263070,1,0.339520785,0.224670344,-0.945847015,0.527129310,0.643602723,-0.501139636,-0.238263070
6.132339125,104609.859170625,vr_world,9847,104609.850203375,0.008967750,1,0.205383000,0.058527800,-0.741942000,0.420182390,0.746958302,-0.511853162,0.059214813,1,0.241752704,0.133533751,-0.913624222,0.420182390,0.746958302,-0.511853162,0.059214813,9847,104609.850203375,0.008967750,1,0.274932000,0.365755000,-0.838553000,0.517835288,0.658542799,-0.489714526,-0.241552641,1,0.343220838,0.227510357,-0.949734273,0.517835288,0.658542799,-0.489714526,-0.241552641
6.144751750,104609.871583250,vr_world,9848,104609.868699833,0.002883625,1,0.205318000,0.058516000,-0.741455000,0.419923655,0.747311666,-0.511406860,0.060435264,1,0.241818277,0.133491875,-0.913122865,0.419923655,0.747311666,-0.511406860,0.060435264,9848,104609.868699833,0.002883625,1,0.280209000,0.363779000,-0.838487000,0.513799360,0.654750218,-0.486039062,-0.266605325,1,0.340852772,0.226972588,-0.955715716,0.513799360,0.654750218,-0.486039062,-0.266605325
6.154871416,104609.881702916,vr_world,9848,104609.868699833,0.013003667,1,0.205318000,0.058516000,-0.741455000,0.419923655,0.747311666,-0.511406860,0.060435264,1,0.241818277,0.133491875,-0.913122865,0.419923655,0.747311666,-0.511406860,0.060435264,9848,104609.868699833,0.013003667,1,0.280209000,0.363779000,-0.838487000,0.513799360,0.654750218,-0.486039062,-0.266605325,1,0.340852772,0.226972588,-0.955715716,0.513799360,0.654750218,-0.486039062,-0.266605325
6.167236291,104609.894067791,vr_world,9849,104609.887556041,0.006512292,1,0.205267000,0.058440300,-0.741152000,0.419950964,0.747388865,-0.511144768,0.061498761,1,0.241894100,0.133277764,-0.912853054,0.419950964,0.747388865,-0.511144768,0.061498761,9849,104609.887556041,0.006512292,1,0.281715000,0.361435000,-0.839430000,0.510722395,0.660595449,-0.480267602,-0.268550403,1,0.343380598,0.226991092,-0.958838700,0.510722395,0.660595449,-0.480267602,-0.268550403
6.177258625,104609.904090125,vr_world,9849,104609.887556041,0.016534667,1,0.205267000,0.058440300,-0.741152000,0.419950964,0.747388865,-0.511144768,0.061498761,1,0.241894100,0.133277764,-0.912853054,0.419950964,0.747388865,-0.511144768,0.061498761,9849,104609.887556041,0.016534667,1,0.281715000,0.361435000,-0.839430000,0.510722395,0.660595449,-0.480267602,-0.268550403,1,0.343380598,0.226991092,-0.958838700,0.510722395,0.660595449,-0.480267602,-0.268550403
6.189671208,104609.916502708,vr_world,9850,104609.906803458,0.009699708,1,0.205369000,0.058165100,-0.741225000,0.419541702,0.747833120,-0.510914340,0.060802322,1,0.241826911,0.133298568,-0.912832752,0.419541702,0.747833120,-0.510914340,0.060802322,9850,104609.906803458,0.009699708,1,0.284120000,0.360785000,-0.840252000,0.510696979,0.657688326,-0.482142968,-0.272346874,1,0.343996734,0.225749046,-0.959902585,0.510696979,0.657688326,-0.482142968,-0.272346874
6.202080750,104609.928912250,vr_world,9851,104609.925618875,0.003293750,1,0.204843000,0.056468900,-0.741035000,0.415240537,0.750248300,-0.510984508,0.059980144,1,0.241635725,0.133276312,-0.911828315,0.415240537,0.750248300,-0.510984508,0.059980144,9851,104609.925618875,0.003293750,1,0.289042000,0.359432000,-0.840984000,0.510666753,0.652526835,-0.480725455,-0.286934196,1,0.343651951,0.224526177,-0.963272101,0.510666753,0.652526835,-0.480725455,-0.286934196
6.213780416,104609.940611916,vr_world,9851,104609.925618875,0.014993375,1,0.204843000,0.056468900,-0.741035000,0.415240537,0.750248300,-0.510984508,0.059980144,1,0.241635725,0.133276312,-0.911828315,0.415240537,0.750248300,-0.510984508,0.059980144,9851,104609.925618875,0.014993375,1,0.289042000,0.359432000,-0.840984000,0.510666753,0.652526835,-0.480725455,-0.286934196,1,0.343651951,0.224526177,-0.963272101,0.510666753,0.652526835,-0.480725455,-0.286934196
6.226177833,104609.953009333,vr_world,9852,104609.945361041,0.007648667,1,0.204452000,0.055542300,-0.741475000,0.414258465,0.751158087,-0.510429252,0.060111817,1,0.241199024,0.132769218,-0.912088949,0.414258465,0.751158087,-0.510429252,0.060111817,9852,104609.945361041,0.007648667,1,0.290213000,0.359180000,-0.841545000,0.511488957,0.654328281,-0.478318648,-0.285385387,1,0.345732118,0.224736094,-0.963932433,0.511488957,0.654328281,-0.478318648,-0.285385387
6.237190708,104609.964022208,vr_world,9853,104609.964016541,0.000006000,1,0.203726000,0.054268300,-0.740938000,0.411098263,0.752540121,-0.510920495,0.060347601,1,0.241026891,0.132514074,-0.910966457,0.411098263,0.752540121,-0.510920495,0.060347601,9853,104609.964016541,0.000006000,1,0.293912000,0.358433000,-0.842091000,0.519012286,0.646816583,-0.476933320,-0.291185788,1,0.345978169,0.222244494,-0.964066510,0.519012286,0.646816583,-0.476933320,-0.291185788
6.248345458,104609.975176958,vr_world,9853,104609.964016541,0.011160834,1,0.203726000,0.054268300,-0.740938000,0.411098263,0.752540121,-0.510920495,0.060347601,1,0.241026891,0.132514074,-0.910966457,0.411098263,0.752540121,-0.510920495,0.060347601,9853,104609.964016541,0.011160834,1,0.293912000,0.358433000,-0.842091000,0.519012286,0.646816583,-0.476933320,-0.291185788,1,0.345978169,0.222244494,-0.964066510,0.519012286,0.646816583,-0.476933320,-0.291185788
6.260736666,104609.987568166,vr_world,9854,104609.982930250,0.004638791,1,0.202754000,0.054157500,-0.741106000,0.410776262,0.752095592,-0.511530415,0.062862691,1,0.240791435,0.132026787,-0.911144226,0.410776262,0.752095592,-0.511530415,0.062862691,9854,104609.982930250,0.004638791,1,0.293725000,0.358203000,-0.840869000,0.518503678,0.647139947,-0.481022060,-0.284572667,1,0.347639545,0.221166707,-0.961079167,0.518503678,0.647139947,-0.481022060,-0.284572667
6.273133291,104609.999964791,vr_world,9854,104609.982930250,0.017034958,1,0.202754000,0.054157500,-0.741106000,0.410776262,0.752095592,-0.511530415,0.062862691,1,0.240791435,0.132026787,-0.911144226,0.410776262,0.752095592,-0.511530415,0.062862691,9854,104609.982930250,0.017034958,1,0.293725000,0.358203000,-0.840869000,0.518503678,0.647139947,-0.481022060,-0.284572667,1,0.347639545,0.221166707,-0.961079167,0.518503678,0.647139947,-0.481022060,-0.284572667
6.285542208,104610.012373708,vr_world,9855,104610.003012958,0.009361125,1,0.201990000,0.053413900,-0.741221000,0.410257478,0.752905185,-0.510626352,0.063900805,1,0.239997514,0.131447076,-0.911190656,0.410257478,0.752905185,-0.510626352,0.063900805,9855,104610.003012958,0.009361125,1,0.295176000,0.358940000,-0.840623000,0.516282337,0.643511875,-0.488364178,-0.284333335,1,0.348117468,0.220521477,-0.959676515,0.516282337,0.643511875,-0.488364178,-0.284333335
6.295984291,104610.022815791,vr_world,9856,104610.022221666,0.000594625,1,0.200920000,0.051895500,-0.741057000,0.408488470,0.754474851,-0.509520011,0.065530354,1,0.239084496,0.130477127,-0.910738490,0.408488470,0.754474851,-0.509520011,0.065530354,9856,104610.022221666,0.000594625,1,0.296316000,0.358742000,-0.839428000,0.513192303,0.642066247,-0.492313437,-0.286377503,1,0.348255610,0.220046394,-0.958600233,0.513192303,0.642066247,-0.492313437,-0.286377503
6.307557500,104610.034389000,vr_world,9856,104610.022221666,0.012167667,1,0.200920000,0.051895500,-0.741057000,0.408488470,0.754474851,-0.509520011,0.065530354,1,0.239084496,0.130477127,-0.910738490,0.408488470,0.754474851,-0.509520011,0.065530354,9856,104610.022221666,0.012167667,1,0.296316000,0.358742000,-0.839428000,0.513192303,0.642066247,-0.492313437,-0.286377503,1,0.348255610,0.220046394,-0.958600233,0.513192303,0.642066247,-0.492313437,-0.286377503
6.319917791,104610.046749291,vr_world,9857,104610.041425125,0.005324625,1,0.199778000,0.051258300,-0.740797000,0.405674745,0.754322141,-0.511723249,0.067567936,1,0.239371607,0.130179142,-0.909993014,0.405674745,0.754322141,-0.511723249,0.067567936,9857,104610.041425125,0.005324625,1,0.294306000,0.360552000,-0.839007000,0.511376738,0.643596064,-0.494954534,-0.281598913,1,0.347886924,0.221685932,-0.957250432,0.511376738,0.643596064,-0.494954534,-0.281598913
6.330535666,104610.057367166,vr_world,9857,104610.041425125,0.015942541,1,0.199778000,0.051258300,-0.740797000,0.405674745,0.754322141,-0.511723249,0.067567936,1,0.239371607,0.130179142,-0.909993014,0.405674745,0.754322141,-0.511723249,0.067567936,9857,104610.041425125,0.015942541,1,0.294306000,0.360552000,-0.839007000,0.511376738,0.643596064,-0.494954534,-0.281598913,1,0.347886924,0.221685932,-0.957250432,0.511376738,0.643596064,-0.494954534,-0.281598913
6.341531750,104610.068363250,vr_world,9858,104610.061227541,0.007136042,1,0.198218000,0.050543400,-0.740832000,0.404077990,0.754300083,-0.512685318,0.070043756,1,0.238792565,0.129492072,-0.909782413,0.404077990,0.754300083,-0.512685318,0.070043756,9858,104610.061227541,0.007136042,1,0.291997000,0.361884000,-0.838907000,0.514740208,0.648925666,-0.495381274,-0.261792649,1,0.352295709,0.222371960,-0.953085428,0.514740208,0.648925666,-0.495381274,-0.261792649
6.353477208,104610.080308708,vr_world,9858,104610.061227541,0.019081584,1,0.198218000,0.050543400,-0.740832000,0.404077990,0.754300083,-0.512685318,0.070043756,1,0.238792565,0.129492072,-0.909782413,0.404077990,0.754300083,-0.512685318,0.070043756,9858,104610.061227541,0.019081584,1,0.291997000,0.361884000,-0.838907000,0.514740208,0.648925666,-0.495381274,-0.261792649,1,0.352295709,0.222371960,-0.953085428,0.514740208,0.648925666,-0.495381274,-0.261792649
6.365868458,104610.092699958,vr_world,9859,104610.080914166,0.011786250,1,0.197333000,0.049976400,-0.740358000,0.405693777,0.754638169,-0.510767315,0.071067173,1,0.237316017,0.128490910,-0.909651380,0.405693777,0.754638169,-0.510767315,0.071067173,9859,104610.080914166,0.011786250,1,0.290569000,0.363119000,-0.838948000,0.522843742,0.650421511,-0.492541614,-0.246959588,1,0.355343779,0.222657930,-0.949451966,0.522843742,0.650421511,-0.492541614,-0.246959588
6.376397708,104610.103229208,vr_world,9860,104610.099903291,0.003326375,1,0.195508000,0.048509400,-0.740533000,0.401541974,0.755664792,-0.512109475,0.074017910,1,0.236960646,0.127827970,-0.909096613,0.401541974,0.755664792,-0.512109475,0.074017910,9860,104610.099903291,0.003326375,1,0.290127000,0.364967000,-0.840124000,0.533217940,0.647971851,-0.491178098,-0.233570513,1,0.358010095,0.222636393,-0.946284715,0.533217940,0.647971851,-0.491178098,-0.233570513
6.387797333,104610.114628833,vr_world,9860,104610.099903291,0.014725792,1,0.195508000,0.048509400,-0.740533000,0.401541974,0.755664792,-0.512109475,0.074017910,1,0.236960646,0.127827970,-0.909096613,0.401541974,0.755664792,-0.512109475,0.074017910,9860,104610.099903291,0.014725792,1,0.290127000,0.364967000,-0.840124000,0.533217940,0.647971851,-0.491178098,-0.233570513,1,0.358010095,0.222636393,-0.946284715,0.533217940,0.647971851,-0.491178098,-0.233570513
6.400185000,104610.127016500,vr_world,9861,104610.118754125,0.008262833,1,0.192275000,0.047141600,-0.740926000,0.394590197,0.756876929,-0.514931082,0.079258253,1,0.236427000,0.127651609,-0.908234612,0.394590197,0.756876929,-0.514931082,0.079258253,9861,104610.118754125,0.008262833,1,0.289074000,0.367067000,-0.841092000,0.550902764,0.637955447,-0.495419437,-0.209948980,1,0.360907308,0.220035777,-0.937828963,0.550902764,0.637955447,-0.495419437,-0.209948980
6.410406833,104610.137238333,vr_world,9861,104610.118754125,0.018484875,1,0.192275000,0.047141600,-0.740926000,0.394590197,0.756876929,-0.514931082,0.079258253,1,0.236427000,0.127651609,-0.908234612,0.394590197,0.756876929,-0.514931082,0.079258253,9861,104610.118754125,0.018484875,1,0.289074000,0.367067000,-0.841092000,0.550902764,0.637955447,-0.495419437,-0.209948980,1,0.360907308,0.220035777,-0.937828963,0.550902764,0.637955447,-0.495419437,-0.209948980
6.422767208,104610.149598708,vr_world,9862,104610.138635750,0.010963541,1,0.190604000,0.047331800,-0.740532000,0.392569531,0.757316138,-0.515505637,0.081334921,1,0.235569001,0.128137384,-0.907481184,0.392569531,0.757316138,-0.515505637,0.081334921,9862,104610.138635750,0.010963541,1,0.288055000,0.369372000,-0.841809000,0.555511455,0.631738500,-0.497973492,-0.210560899,1,0.358187818,0.220495613,-0.936958503,0.555511455,0.631738500,-0.497973492,-0.210560899
6.435167375,104610.161998875,vr_world,9863,104610.157253708,0.004745417,1,0.189194000,0.046823600,-0.739985000,0.391908743,0.757932255,-0.514415086,0.085576588,1,0.234723554,0.127376418,-0.906903342,0.391908743,0.757932255,-0.514415086,0.085576588,9863,104610.157253708,0.004745417,1,0.286887000,0.366510000,-0.841261000,0.563972112,0.631520674,-0.492472556,-0.201464333,1,0.359765207,0.217432013,-0.934001264,0.563972112,0.631520674,-0.492472556,-0.201464333
6.445532541,104610.172364041,vr_world,9863,104610.157253708,0.015111000,1,0.189194000,0.046823600,-0.739985000,0.391908743,0.757932255,-0.514415086,0.085576588,1,0.234723554,0.127376418,-0.906903342,0.391908743,0.757932255,-0.514415086,0.085576588,9863,104610.157253708,0.015111000,1,0.286887000,0.366510000,-0.841261000,0.563972112,0.631520674,-0.492472556,-0.201464333,1,0.359765207,0.217432013,-0.934001264,0.563972112,0.631520674,-0.492472556,-0.201464333
6.457930000,104610.184761500,vr_world,9864,104610.176424208,0.008337708,1,0.185775000,0.045947700,-0.740294000,0.385680006,0.758270356,-0.516879898,0.095457696,1,0.234737332,0.126750530,-0.906116290,0.385680006,0.758270356,-0.516879898,0.095457696,9864,104610.176424208,0.008337708,1,0.285265000,0.367152000,-0.840116000,0.566084569,0.630419919,-0.491474694,-0.201423961,1,0.357969806,0.217823556,-0.932588911,0.566084569,0.630419919,-0.491474694,-0.201423961
6.469534666,104610.196366166,vr_world,9865,104610.195425416,0.000941459,1,0.184108000,0.046174700,-0.739971000,0.386121745,0.757033801,-0.517691480,0.099021986,1,0.234021612,0.126130432,-0.905920270,0.386121745,0.757033801,-0.517691480,0.099021986,9865,104610.195425416,0.000941459,1,0.284337000,0.366140000,-0.839021000,0.557130095,0.633434522,-0.495127981,-0.207882288,1,0.355734844,0.217741226,-0.933975897,0.557130095,0.633434522,-0.495127981,-0.207882288
6.480199791,104610.207031291,vr_world,9865,104610.195425416,0.011606542,1,0.184108000,0.046174700,-0.739971000,0.386121745,0.757033801,-0.517691480,0.099021986,1,0.234021612,0.126130432,-0.905920270,0.386121745,0.757033801,-0.517691480,0.099021986,9865,104610.195425416,0.011606542,1,0.284337000,0.366140000,-0.839021000,0.557130095,0.633434522,-0.495127981,-0.207882288,1,0.355734844,0.217741226,-0.933975897,0.557130095,0.633434522,-0.495127981,-0.207882288
6.490855458,104610.217686958,vr_world,9866,104610.214853125,0.002834250,1,0.181631000,0.045662400,-0.739816000,0.384829078,0.758333322,-0.515489283,0.105394274,1,0.232255134,0.125437957,-0.905636705,0.384829078,0.758333322,-0.515489283,0.105394274,9866,104610.214853125,0.002834250,1,0.281986000,0.364947000,-0.837544000,0.547235692,0.638361305,-0.498485524,-0.211045317,1,0.353459781,0.217944580,-0.934590403,0.547235692,0.638361305,-0.498485524,-0.211045317
6.503253750,104610.230085250,vr_world,9866,104610.214853125,0.015232666,1,0.181631000,0.045662400,-0.739816000,0.384829078,0.758333322,-0.515489283,0.105394274,1,0.232255134,0.125437957,-0.905636705,0.384829078,0.758333322,-0.515489283,0.105394274,9866,104610.214853125,0.015232666,1,0.281986000,0.364947000,-0.837544000,0.547235692,0.638361305,-0.498485524,-0.211045317,1,0.353459781,0.217944580,-0.934590403,0.547235692,0.638361305,-0.498485524,-0.211045317
6.515653000,104610.242484500,vr_world,9867,104610.234343833,0.008140958,1,0.180256000,0.044866100,-0.739665000,0.386067107,0.758074245,-0.514419655,0.107926116,1,0.230936319,0.123980301,-0.905784986,0.386067107,0.758074245,-0.514419655,0.107926116,9867,104610.234343833,0.008140958,1,0.281709000,0.364320000,-0.836920000,0.542689548,0.639259476,-0.499672789,-0.217169243,1,0.351669119,0.217878528,-0.935898216,0.542689548,0.639259476,-0.499672789,-0.217169243
6.528072416,104610.254903916,vr_world,9868,104610.253777416,0.001126959,1,0.178994000,0.044032500,-0.740346000,0.385165404,0.758411822,-0.513954929,0.110947966,1,0.230234449,0.123066519,-0.906332308,0.385165404,0.758411822,-0.513954929,0.110947966,9868,104610.253777416,0.001126959,1,0.283038000,0.363759000,-0.836486000,0.536946498,0.638848192,-0.500328785,-0.230721810,1,0.349187931,0.218093895,-0.939160730,0.536946498,0.638848192,-0.500328785,-0.230721810
6.540453625,104610.267285125,vr_world,9868,104610.253777416,0.013508125,1,0.178994000,0.044032500,-0.740346000,0.385165404,0.758411822,-0.513954929,0.110947966,1,0.230234449,0.123066519,-0.906332308,0.385165404,0.758411822,-0.513954929,0.110947966,9868,104610.253777416,0.013508125,1,0.283038000,0.363759000,-0.836486000,0.536946498,0.638848192,-0.500328785,-0.230721810,1,0.349187931,0.218093895,-0.939160730,0.536946498,0.638848192,-0.500328785,-0.230721810
6.552198833,104610.279030333,vr_world,9869,104610.273073041,0.005957875,1,0.176390000,0.042639500,-0.740796000,0.379774112,0.760271649,-0.514193495,0.115601439,1,0.229173522,0.122810366,-0.905750468,0.379774112,0.760271649,-0.514193495,0.115601439,9869,104610.273073041,0.005957875,1,0.284560000,0.362804000,-0.834624000,0.524461804,0.640341939,-0.499421333,-0.255891286,1,0.344234976,0.219837095,-0.944785635,0.524461804,0.640341939,-0.499421333,-0.255891286
6.564607166,104610.291438666,vr_world,9869,104610.273073041,0.018366125,1,0.176390000,0.042639500,-0.740796000,0.379774112,0.760271649,-0.514193495,0.115601439,1,0.229173522,0.122810366,-0.905750468,0.379774112,0.760271649,-0.514193495,0.115601439,9869,104610.273073041,0.018366125,1,0.284560000,0.362804000,-0.834624000,0.524461804,0.640341939,-0.499421333,-0.255891286,1,0.344234976,0.219837095,-0.944785635,0.524461804,0.640341939,-0.499421333,-0.255891286
6.577012458,104610.303843958,vr_world,9870,104610.293481541,0.010362792,1,0.176090000,0.042851700,-0.739826000,0.379824712,0.758172517,-0.516771402,0.117707012,1,0.230154378,0.122248155,-0.904740249,0.379824712,0.758172517,-0.516771402,0.117707012,9870,104610.293481541,0.010362792,1,0.285028000,0.363457000,-0.832875000,0.514853566,0.644821320,-0.497415304,-0.267785896,1,0.342624660,0.223246748,-0.947591755,0.514853566,0.644821320,-0.497415304,-0.267785896
6.589414708,104610.316246208,vr_world,9871,104610.312966833,0.003279792,1,0.175710000,0.042544300,-0.740163000,0.377345192,0.757123605,-0.520926413,0.114061938,1,0.230610065,0.122688201,-0.904438319,0.377345192,0.757123605,-0.520926413,0.114061938,9871,104610.312966833,0.003279792,1,0.286976000,0.364463000,-0.831870000,0.504932076,0.647936936,-0.495610062,-0.282120527,1,0.341507845,0.227090277,-0.951415823,0.504932076,0.647936936,-0.495610062,-0.282120527
6.601820458,104610.328651958,vr_world,9871,104610.312966833,0.015685333,1,0.175710000,0.042544300,-0.740163000,0.377345192,0.757123605,-0.520926413,0.114061938,1,0.230610065,0.122688201,-0.904438319,0.377345192,0.757123605,-0.520926413,0.114061938,9871,104610.312966833,0.015685333,1,0.286976000,0.364463000,-0.831870000,0.504932076,0.647936936,-0.495610062,-0.282120527,1,0.341507845,0.227090277,-0.951415823,0.504932076,0.647936936,-0.495610062,-0.282120527
6.614218833,104610.341050333,vr_world,9872,104610.332116291,0.008934584,1,0.177247000,0.042565000,-0.739373000,0.380838134,0.753647649,-0.523936843,0.111658949,1,0.232311111,0.121338311,-0.904255167,0.380838134,0.753647649,-0.523936843,0.111658949,9872,104610.332116291,0.008934584,1,0.292229000,0.363738000,-0.833162000,0.504603996,0.642529448,-0.490386910,-0.303399729,1,0.339656630,0.227646134,-0.957120929,0.504603996,0.642529448,-0.490386910,-0.303399729
6.626637083,104610.353468583,vr_world,9873,104610.351310375,0.002158625,1,0.179278000,0.042135700,-0.739279000,0.382298977,0.753925142,-0.523872081,0.104892399,1,0.232790677,0.121471760,-0.904402054,0.382298977,0.753925142,-0.523872081,0.104892399,9873,104610.351310375,0.002158625,1,0.298106000,0.362120000,-0.832825000,0.498962192,0.631831530,-0.483295039,-0.343877238,1,0.331693311,0.229356269,-0.964665326,0.498962192,0.631831530,-0.483295039,-0.343877238
6.639031541,104610.365863041,vr_world,9873,104610.351310375,0.014553125,1,0.179278000,0.042135700,-0.739279000,0.382298977,0.753925142,-0.523872081,0.104892399,1,0.232790677,0.121471760,-0.904402054,0.382298977,0.753925142,-0.523872081,0.104892399,9873,104610.351310375,0.014553125,1,0.298106000,0.362120000,-0.832825000,0.498962192,0.631831530,-0.483295039,-0.343877238,1,0.331693311,0.229356269,-0.964665326,0.498962192,0.631831530,-0.483295039,-0.343877238
6.650152583,104610.376984083,vr_world,9874,104610.370737125,0.006247375,1,0.182274000,0.041453400,-0.738515000,0.383504118,0.752609330,-0.526549461,0.096174076,1,0.234771906,0.121270901,-0.903731751,0.383504118,0.752609330,-0.526549461,0.096174076,9874,104610.370737125,0.006247375,1,0.299523000,0.359333000,-0.833552000,0.471040207,0.631857302,-0.481101416,-0.383951691,1,0.322317964,0.235345253,-0.975832197,0.471040207,0.631857302,-0.481101416,-0.383951691
6.662567291,104610.389398791,vr_world,9874,104610.370737125,0.018662041,1,0.182274000,0.041453400,-0.738515000,0.383504118,0.752609330,-0.526549461,0.096174076,1,0.234771906,0.121270901,-0.903731751,0.383504118,0.752609330,-0.526549461,0.096174076,9874,104610.370737125,0.018662041,1,0.299523000,0.359333000,-0.833552000,0.471040207,0.631857302,-0.481101416,-0.383951691,1,0.322317964,0.235345253,-0.975832197,0.471040207,0.631857302,-0.481101416,-0.383951691
6.674867416,104610.401698916,vr_world,9875,104610.389817166,0.011882334,1,0.184546000,0.040862800,-0.737944000,0.384638548,0.751553478,-0.528365815,0.089722472,1,0.236226121,0.120975513,-0.903275626,0.384638548,0.751553478,-0.528365815,0.089722472,9875,104610.389817166,0.011882334,1,0.298366000,0.358783000,-0.834433000,0.456978446,0.629576944,-0.489280306,-0.394218662,1,0.318036062,0.236851005,-0.978938604,0.456978446,0.629576944,-0.489280306,-0.394218662
6.687278416,104610.414109916,vr_world,9876,104610.408641583,0.005468625,1,0.187699000,0.040562300,-0.738316000,0.385302326,0.751190472,-0.530114434,0.078953660,1,0.237741485,0.121816412,-0.903594474,0.385302326,0.751190472,-0.530114434,0.078953660,9876,104610.408641583,0.005468625,1,0.291805000,0.362976000,-0.839995000,0.459687258,0.625661260,-0.514760192,-0.363672320,1,0.318598732,0.232910476,-0.976014356,0.459687258,0.625661260,-0.514760192,-0.363672320
6.698867375,104610.425698875,vr_world,9876,104610.408641583,0.017057833,1,0.187699000,0.040562300,-0.738316000,0.385302326,0.751190472,-0.530114434,0.078953660,1,0.237741485,0.121816412,-0.903594474,0.385302326,0.751190472,-0.530114434,0.078953660,9876,104610.408641583,0.017057833,1,0.291805000,0.362976000,-0.839995000,0.459687258,0.625661260,-0.514760192,-0.363672320,1,0.318598732,0.232910476,-0.976014356,0.459687258,0.625661260,-0.514760192,-0.363672320
6.711285041,104610.438116541,vr_world,9877,104610.427823791,0.010293125,1,0.187265000,0.041937500,-0.738736000,0.382547542,0.751299997,-0.530925005,0.085582315,1,0.239173159,0.122976087,-0.903544159,0.382547542,0.751299997,-0.530925005,0.085582315,9877,104610.427823791,0.010293125,1,0.295107000,0.364634000,-0.839153000,0.488205931,0.612950635,-0.501051169,-0.367279477,1,0.317243506,0.230561960,-0.972084889,0.488205931,0.612950635,-0.501051169,-0.367279477
6.723700625,104610.450532125,vr_world,9878,104610.446423666,0.004109000,1,0.189756000,0.042861800,-0.737693000,0.392374492,0.757133655,-0.515739738,0.082482776,1,0.235048909,0.123519380,-0.904625276,0.392374492,0.757133655,-0.515739738,0.082482776,9878,104610.446423666,0.004109000,1,0.294145000,0.366080000,-0.838983000,0.499789631,0.612133375,-0.496396172,-0.359296391,1,0.318227431,0.229919036,-0.969430235,0.499789631,0.612133375,-0.496396172,-0.359296391
6.736117916,104610.462949416,vr_world,9878,104610.446423666,0.016526000,1,0.189756000,0.042861800,-0.737693000,0.392374492,0.757133655,-0.515739738,0.082482776,1,0.235048909,0.123519380,-0.904625276,0.392374492,0.757133655,-0.515739738,0.082482776,9878,104610.446423666,0.016526000,1,0.294145000,0.366080000,-0.838983000,0.499789631,0.612133375,-0.496396172,-0.359296391,1,0.318227431,0.229919036,-0.969430235,0.499789631,0.612133375,-0.496396172,-0.359296391
6.748533166,104610.475364666,vr_world,9879,104610.465753416,0.009611584,1,0.189058000,0.042125900,-0.735108000,0.393839715,0.755550893,-0.516122324,0.087469275,1,0.235337277,0.121422761,-0.902421097,0.393839715,0.755550893,-0.516122324,0.087469275,9879,104610.465753416,0.009611584,1,0.291065000,0.367123000,-0.842292000,0.524528777,0.600517918,-0.496656147,-0.342900080,1,0.316672092,0.224128408,-0.964901391,0.524528777,0.600517918,-0.496656147,-0.342900080
6.760950875,104610.487782375,vr_world,9880,104610.484904750,0.002878000,1,0.188101000,0.042546900,-0.738332000,0.389367398,0.755545257,-0.518846048,0.091340969,1,0.236508483,0.122369754,-0.904790734,0.389367398,0.755545257,-0.518846048,0.091340969,9880,104610.484904750,0.002878000,1,0.289223000,0.368289000,-0.844425000,0.537975039,0.596461208,-0.499313581,-0.324811995,1,0.318876244,0.221066559,-0.960968887,0.537975039,0.596461208,-0.499313581,-0.324811995
6.773386750,104610.500218250,vr_world,9880,104610.484904750,0.015313791,1,0.188101000,0.042546900,-0.738332000,0.389367398,0.755545257,-0.518846048,0.091340969,1,0.236508483,0.122369754,-0.904790734,0.389367398,0.755545257,-0.518846048,0.091340969,9880,104610.484904750,0.015313791,1,0.289223000,0.368289000,-0.844425000,0.537975039,0.596461208,-0.499313581,-0.324811995,1,0.318876244,0.221066559,-0.960968887,0.537975039,0.596461208,-0.499313581,-0.324811995
6.784087291,104610.510918791,vr_world,9881,104610.504672833,0.006246458,1,0.187579000,0.041928900,-0.738789000,0.387252655,0.757429129,-0.517866499,0.090281696,1,0.235660330,0.122824500,-0.904823708,0.387252655,0.757429129,-0.517866499,0.090281696,9881,104610.504672833,0.006246458,1,0.289513000,0.366207000,-0.848545000,0.544070198,0.603242226,-0.488998742,-0.317752526,1,0.323154082,0.219916291,-0.965179154,0.544070198,0.603242226,-0.488998742,-0.317752526
6.794879541,104610.521711041,vr_world,9881,104610.504672833,0.017038500,1,0.187579000,0.041928900,-0.738789000,0.387252655,0.757429129,-0.517866499,0.090281696,1,0.235660330,0.122824500,-0.904823708,0.387252655,0.757429129,-0.517866499,0.090281696,9881,104610.504672833,0.017038500,1,0.289513000,0.366207000,-0.848545000,0.544070198,0.603242226,-0.488998742,-0.317752526,1,0.323154082,0.219916291,-0.965179154,0.544070198,0.603242226,-0.488998742,-0.317752526
6.805533125,104610.532364625,vr_world,9882,104610.523263416,0.009101625,1,0.187225000,0.041394000,-0.738659000,0.384962170,0.758246071,-0.518278744,0.090852449,1,0.235783951,0.122935995,-0.904237864,0.384962170,0.758246071,-0.518278744,0.090852449,9882,104610.523263416,0.009101625,1,0.292689000,0.374155000,-0.852942000,0.559843883,0.582287020,-0.486186546,-0.333375606,1,0.316908453,0.224304836,-0.967373467,0.559843883,0.582287020,-0.486186546,-0.333375606
6.817947708,104610.544779208,vr_world,9883,104610.542689916,0.002089584,1,0.186171000,0.040711500,-0.738391000,0.379791047,0.758964477,-0.520758406,0.092424917,1,0.236372941,0.123401827,-0.902907039,0.379791047,0.758964477,-0.520758406,0.092424917,9883,104610.542689916,0.002089584,1,0.289560000,0.374657000,-0.857430000,0.574698511,0.584481463,-0.476257802,-0.318247619,1,0.319155133,0.223310483,-0.968581255,0.574698511,0.584481463,-0.476257802,-0.318247619
6.830365875,104610.557197375,vr_world,9883,104610.542689916,0.014507875,1,0.186171000,0.040711500,-0.738391000,0.379791047,0.758964477,-0.520758406,0.092424917,1,0.236372941,0.123401827,-0.902907039,0.379791047,0.758964477,-0.520758406,0.092424917,9883,104610.542689916,0.014507875,1,0.289560000,0.374657000,-0.857430000,0.574698511,0.584481463,-0.476257802,-0.318247619,1,0.319155133,0.223310483,-0.968581255,0.574698511,0.584481463,-0.476257802,-0.318247619
6.841412500,104610.568244000,vr_world,9884,104610.561916375,0.006328125,1,0.185905000,0.040981900,-0.738557000,0.380611674,0.757833755,-0.521669265,0.093187614,1,0.236480822,0.123115379,-0.903237431,0.380611674,0.757833755,-0.521669265,0.093187614,9884,104610.561916375,0.006328125,1,0.288850000,0.375761000,-0.865362000,0.601662439,0.572975301,-0.462916505,-0.308884967,1,0.319388985,0.220501457,-0.970709542,0.601662439,0.572975301,-0.462916505,-0.308884967
6.853817208,104610.580648708,vr_world,9884,104610.561916375,0.018732708,1,0.185905000,0.040981900,-0.738557000,0.380611674,0.757833755,-0.521669265,0.093187614,1,0.236480822,0.123115379,-0.903237431,0.380611674,0.757833755,-0.521669265,0.093187614,9884,104610.561916375,0.018732708,1,0.288850000,0.375761000,-0.865362000,0.601662439,0.572975301,-0.462916505,-0.308884967,1,0.319388985,0.220501457,-0.970709542,0.601662439,0.572975301,-0.462916505,-0.308884967
6.866222625,104610.593054125,vr_world,9885,104610.581723833,0.011330875,1,0.185322000,0.040768700,-0.739193000,0.377528534,0.758515467,-0.522787263,0.093914691,1,0.236714650,0.123672438,-0.903233356,0.377528534,0.758515467,-0.522787263,0.093914691,9885,104610.581723833,0.011330875,1,0.288926000,0.380235000,-0.867734000,0.624352845,0.559252857,-0.453241453,-0.303301751,1,0.318905305,0.221273553,-0.967577650,0.624352845,0.559252857,-0.453241453,-0.303301751
6.877484583,104610.604316083,vr_world,9886,104610.600996208,0.003320417,1,0.185317000,0.040925900,-0.739143000,0.378637999,0.758803731,-0.521453549,0.094532326,1,0.236285092,0.123574122,-0.903444532,0.378637999,0.758803731,-0.521453549,0.094532326,9886,104610.600996208,0.003320417,1,0.284710000,0.373353000,-0.875844000,0.640578733,0.552746468,-0.450698936,-0.284606216,1,0.319438238,0.211343080,-0.969026404,0.640578733,0.552746468,-0.450698936,-0.284606216
6.889883625,104610.616715125,vr_world,9886,104610.600996208,0.015719583,1,0.185317000,0.040925900,-0.739143000,0.378637999,0.758803731,-0.521453549,0.094532326,1,0.236285092,0.123574122,-0.903444532,0.378637999,0.758803731,-0.521453549,0.094532326,9886,104610.600996208,0.015719583,1,0.284710000,0.373353000,-0.875844000,0.640578733,0.552746468,-0.450698936,-0.284606216,1,0.319438238,0.211343080,-0.969026404,0.640578733,0.552746468,-0.450698936,-0.284606216
6.902286250,104610.629117750,vr_world,9887,104610.620042875,0.009075291,1,0.184450000,0.040466600,-0.738880000,0.374945643,0.761326911,-0.520023247,0.096813850,1,0.235759677,0.124281997,-0.902482475,0.374945643,0.761326911,-0.520023247,0.096813850,9887,104610.620042875,0.009075291,1,0.282206000,0.373937000,-0.884545000,0.665910379,0.535209522,-0.446408577,-0.266145669,1,0.319796102,0.207197244,-0.967738206,0.665910379,0.535209522,-0.446408577,-0.266145669
6.914666666,104610.641498166,vr_world,9888,104610.640008541,0.001489959,1,0.183909000,0.040645600,-0.739872000,0.372924930,0.765902665,-0.515275564,0.093867981,1,0.233240295,0.126386746,-0.903084610,0.372924930,0.765902665,-0.515275564,0.093867981,9888,104610.640008541,0.001489959,1,0.283090000,0.371984000,-0.883390000,0.667286152,0.534721672,-0.442860441,-0.269585893,1,0.319771424,0.205463482,-0.967423510,0.667286152,0.534721672,-0.442860441,-0.269585893
6.927083291,104610.653914791,vr_world,9888,104610.640008541,0.013906875,1,0.183909000,0.040645600,-0.739872000,0.372924930,0.765902665,-0.515275564,0.093867981,1,0.233240295,0.126386746,-0.903084610,0.372924930,0.765902665,-0.515275564,0.093867981,9888,104610.640008541,0.013906875,1,0.283090000,0.371984000,-0.883390000,0.667286152,0.534721672,-0.442860441,-0.269585893,1,0.319771424,0.205463482,-0.967423510,0.667286152,0.534721672,-0.442860441,-0.269585893
6.938883958,104610.665715458,vr_world,9889,104610.658386291,0.007329542,1,0.180610000,0.042994500,-0.740784000,0.370190406,0.762732686,-0.518296396,0.112101558,1,0.234893808,0.126383706,-0.903642679,0.370190406,0.762732686,-0.518296396,0.112101558,9889,104610.658386291,0.007329542,1,0.279420000,0.370585000,-0.882443000,0.654557423,0.555163691,-0.440898310,-0.262595765,1,0.322180212,0.208057206,-0.971283044,0.654557423,0.555163691,-0.440898310,-0.262595765
6.951288250,104610.678119750,vr_world,9890,104610.677894916,0.000225292,1,0.181337000,0.043546600,-0.741941000,0.370270803,0.765258734,-0.514574594,0.111765781,1,0.234310531,0.127571840,-0.904904110,0.370270803,0.765258734,-0.514574594,0.111765781,9890,104610.677894916,0.000225292,1,0.278663000,0.367550000,-0.883227000,0.645413038,0.567783260,-0.443538802,-0.253648402,1,0.326378818,0.207265050,-0.973604830,0.645413038,0.567783260,-0.443538802,-0.253648402
6.963707708,104610.690539208,vr_world,9890,104610.677894916,0.012644792,1,0.181337000,0.043546600,-0.741941000,0.370270803,0.765258734,-0.514574594,0.111765781,1,0.234310531,0.127571840,-0.904904110,0.370270803,0.765258734,-0.514574594,0.111765781,9890,104610.677894916,0.012644792,1,0.278663000,0.367550000,-0.883227000,0.645413038,0.567783260,-0.443538802,-0.253648402,1,0.326378818,0.207265050,-0.973604830,0.645413038,0.567783260,-0.443538802,-0.253648402
6.975850583,104610.702682083,vr_world,9891,104610.697397875,0.005284625,1,0.181577000,0.043992200,-0.740377000,0.374289836,0.764862664,-0.512519261,0.110527059,1,0.233253580,0.127145905,-0.904201418,0.374289836,0.764862664,-0.512519261,0.110527059,9891,104610.697397875,0.005284625,1,0.280270000,0.368831000,-0.883185000,0.647173950,0.560871512,-0.444247943,-0.263121249,1,0.323697786,0.207452786,-0.973779491,0.647173950,0.560871512,-0.444247943,-0.263121249
6.986865666,104610.713697166,vr_world,9891,104610.697397875,0.016299708,1,0.181577000,0.043992200,-0.740377000,0.374289836,0.764862664,-0.512519261,0.110527059,1,0.233253580,0.127145905,-0.904201418,0.374289836,0.764862664,-0.512519261,0.110527059,9891,104610.697397875,0.016299708,1,0.280270000,0.368831000,-0.883185000,0.647173950,0.560871512,-0.444247943,-0.263121249,1,0.323697786,0.207452786,-0.973779491,0.647173950,0.560871512,-0.444247943,-0.263121249
6.999251166,104610.726082666,vr_world,9892,104610.716156625,0.009926458,1,0.180509000,0.044901800,-0.740340000,0.375971632,0.762698498,-0.513586627,0.114739311,1,0.233257242,0.126642590,-0.904533463,0.375971632,0.762698498,-0.513586627,0.114739311,9892,104610.716156625,0.009926458,1,0.278551000,0.368699000,-0.882561000,0.645762982,0.564777506,-0.444845293,-0.257155994,1,0.324528737,0.207850724,-0.972838912,0.645762982,0.564777506,-0.444845293,-0.257155994
7.010875791,104610.737707291,vr_world,9893,104610.735488250,0.002219375,1,0.180470000,0.044827800,-0.741383000,0.375417321,0.761734112,-0.515361459,0.115002370,1,0.233908490,0.126431811,-0.905421382,0.375417321,0.761734112,-0.515361459,0.115002370,9893,104610.735488250,0.002219375,1,0.276533000,0.370130000,-0.883496000,0.645938795,0.564802606,-0.448821056,-0.249641241,1,0.324572135,0.208737951,-0.971706618,0.645938795,0.564802606,-0.448821056,-0.249641241
7.023029458,104610.749860958,vr_world,9893,104610.735488250,0.014373166,1,0.180470000,0.044827800,-0.741383000,0.375417321,0.761734112,-0.515361459,0.115002370,1,0.233908490,0.126431811,-0.905421382,0.375417321,0.761734112,-0.515361459,0.115002370,9893,104610.735488250,0.014373166,1,0.276533000,0.370130000,-0.883496000,0.645938795,0.564802606,-0.448821056,-0.249641241,1,0.324572135,0.208737951,-0.971706618,0.645938795,0.564802606,-0.448821056,-0.249641241
7.035445250,104610.762276750,vr_world,9894,104610.754305500,0.007971666,1,0.181003000,0.044383800,-0.742005000,0.375129234,0.762633027,-0.515134944,0.110927511,1,0.233551471,0.126759489,-0.905945139,0.375129234,0.762633027,-0.515134944,0.110927511,9894,104610.754305500,0.007971666,1,0.273046000,0.370660000,-0.883603000,0.646811536,0.565761838,-0.452361716,-0.238573379,1,0.324416085,0.208849806,-0.969129709,0.646811536,0.565761838,-0.452361716,-0.238573379
7.047839083,104610.774670583,vr_world,9895,104610.773339750,0.001331416,1,0.181093000,0.043658000,-0.741317000,0.375669242,0.762364703,-0.515354341,0.109920804,1,0.233457554,0.125965598,-0.905349963,0.375669242,0.762364703,-0.515354341,0.109920804,9895,104610.773339750,0.001331416,1,0.269657000,0.370340000,-0.883315000,0.643977086,0.571475492,-0.454724793,-0.227891724,1,0.325178533,0.209313180,-0.967718299,0.643977086,0.571475492,-0.454724793,-0.227891724
7.060253625,104610.787085125,vr_world,9895,104610.773339750,0.013746083,1,0.181093000,0.043658000,-0.741317000,0.375669242,0.762364703,-0.515354341,0.109920804,1,0.233457554,0.125965598,-0.905349963,0.375669242,0.762364703,-0.515354341,0.109920804,9895,104610.773339750,0.013746083,1,0.269657000,0.370340000,-0.883315000,0.643977086,0.571475492,-0.454724793,-0.227891724,1,0.325178533,0.209313180,-0.967718299,0.643977086,0.571475492,-0.454724793,-0.227891724
7.072242708,104610.799074208,vr_world,9896,104610.793454875,0.005620000,1,0.180840000,0.042694900,-0.741522000,0.374762138,0.762329433,-0.516172766,0.109420526,1,0.233455256,0.125262295,-0.905344212,0.374762138,0.762329433,-0.516172766,0.109420526,9896,104610.793454875,0.005620000,1,0.268580000,0.369602000,-0.883201000,0.638709655,0.571859817,-0.462977044,-0.225119042,1,0.324400003,0.208154100,-0.966597136,0.638709655,0.571859817,-0.462977044,-0.225119042
7.083873791,104610.810705291,vr_world,9896,104610.793454875,0.017250708,1,0.180840000,0.042694900,-0.741522000,0.374762138,0.762329433,-0.516172766,0.109420526,1,0.233455256,0.125262295,-0.905344212,0.374762138,0.762329433,-0.516172766,0.109420526,9896,104610.793454875,0.017250708,1,0.268580000,0.369602000,-0.883201000,0.638709655,0.571859817,-0.462977044,-0.225119042,1,0.324400003,0.208154100,-0.966597136,0.638709655,0.571859817,-0.462977044,-0.225119042
7.096256250,104610.823087750,vr_world,9897,104610.811948416,0.011139667,1,0.180652000,0.040770300,-0.742585000,0.371653346,0.764116669,-0.516039028,0.108181457,1,0.233252918,0.124630716,-0.905753629,0.371653346,0.764116669,-0.516039028,0.108181457,9897,104610.811948416,0.011139667,1,0.265442000,0.368935000,-0.881686000,0.627877531,0.578043775,-0.470984696,-0.223178443,1,0.322442634,0.208406950,-0.966053627,0.627877531,0.578043775,-0.470984696,-0.223178443
7.106899250,104610.833730750,vr_world,9898,104610.831413416,0.002318000,1,0.181117000,0.039935500,-0.743022000,0.369311977,0.766518580,-0.514230834,0.107817344,1,0.233254853,0.124954256,-0.905739221,0.369311977,0.766518580,-0.514230834,0.107817344,9898,104610.831413416,0.002318000,1,0.264173000,0.367618000,-0.880217000,0.621131046,0.584074072,-0.470989306,-0.226324492,1,0.321432111,0.208587159,-0.967204681,0.621131046,0.584074072,-0.470989306,-0.226324492
7.117307166,104610.844138666,vr_world,9898,104610.831413416,0.012725834,1,0.181117000,0.039935500,-0.743022000,0.369311977,0.766518580,-0.514230834,0.107817344,1,0.233254853,0.124954256,-0.905739221,0.369311977,0.766518580,-0.514230834,0.107817344,9898,104610.831413416,0.012725834,1,0.264173000,0.367618000,-0.880217000,0.621131046,0.584074072,-0.470989306,-0.226324492,1,0.321432111,0.208587159,-0.967204681,0.621131046,0.584074072,-0.470989306,-0.226324492
7.127467458,104610.854298958,vr_world,9899,104610.850345750,0.003953625,1,0.181648000,0.039500000,-0.742421000,0.371044145,0.765511829,-0.514773111,0.106426155,1,0.233525832,0.124047392,-0.905466722,0.371044145,0.765511829,-0.514773111,0.106426155,9899,104610.850345750,0.003953625,1,0.263494000,0.366404000,-0.879252000,0.616034839,0.588417088,-0.472123364,-0.226640545,1,0.321447830,0.208352886,-0.967555053,0.616034839,0.588417088,-0.472123364,-0.226640545
7.139719916,104610.866551416,vr_world,9899,104610.850345750,0.016206083,1,0.181648000,0.039500000,-0.742421000,0.371044145,0.765511829,-0.514773111,0.106426155,1,0.233525832,0.124047392,-0.905466722,0.371044145,0.765511829,-0.514773111,0.106426155,9899,104610.850345750,0.016206083,1,0.263494000,0.366404000,-0.879252000,0.616034839,0.588417088,-0.472123364,-0.226640545,1,0.321447830,0.208352886,-0.967555053,0.616034839,0.588417088,-0.472123364,-0.226640545
7.150544000,104610.877375500,vr_world,9900,104610.869642666,0.007734542,1,0.181533000,0.038673300,-0.742542000,0.370126039,0.766089784,-0.515079690,0.103952251,1,0.233093248,0.123866726,-0.905351787,0.370126039,0.766089784,-0.515079690,0.103952251,9900,104610.869642666,0.007734542,1,0.261731000,0.365099000,-0.879201000,0.611033607,0.589362141,-0.481167654,-0.218558658,1,0.321608185,0.206518410,-0.965242469,0.611033607,0.589362141,-0.481167654,-0.218558658
7.162222666,104610.889054166,vr_world,9900,104610.869642666,0.019412459,1,0.181533000,0.038673300,-0.742542000,0.370126039,0.766089784,-0.515079690,0.103952251,1,0.233093248,0.123866726,-0.905351787,0.370126039,0.766089784,-0.515079690,0.103952251,9900,104610.869642666,0.019412459,1,0.261731000,0.365099000,-0.879201000,0.611033607,0.589362141,-0.481167654,-0.218558658,1,0.321608185,0.206518410,-0.965242469,0.611033607,0.589362141,-0.481167654,-0.218558658
7.174195000,104610.901026500,vr_world,9901,104610.890200333,0.010826958,1,0.181856000,0.038735600,-0.743157000,0.370476832,0.767348459,-0.512563556,0.105838841,1,0.232930670,0.123923757,-0.906122522,0.370476832,0.767348459,-0.512563556,0.105838841,9901,104610.890200333,0.010826958,1,0.261586000,0.364911000,-0.877040000,0.607470821,0.590596346,-0.481824440,-0.223652335,1,0.320189262,0.206790910,-0.964789125,0.607470821,0.590596346,-0.481824440,-0.223652335
7.185007500,104610.911839000,vr_world,9902,104610.908448416,0.003391292,1,0.182650000,0.038306300,-0.743021000,0.372809462,0.767297610,-0.510727945,0.106885211,1,0.233117642,0.122820090,-0.906525932,0.372809462,0.767297610,-0.510727945,0.106885211,9902,104610.908448416,0.003391292,1,0.259568000,0.362966000,-0.875127000,0.600519236,0.595491922,-0.486057088,-0.220260132,1,0.319872429,0.205680432,-0.963222602,0.600519236,0.595491922,-0.486057088,-0.220260132
7.197242500,104610.924074000,vr_world,9902,104610.908448416,0.015625959,1,0.182650000,0.038306300,-0.743021000,0.372809462,0.767297610,-0.510727945,0.106885211,1,0.233117642,0.122820090,-0.906525932,0.372809462,0.767297610,-0.510727945,0.106885211,9902,104610.908448416,0.015625959,1,0.259568000,0.362966000,-0.875127000,0.600519236,0.595491922,-0.486057088,-0.220260132,1,0.319872429,0.205680432,-0.963222602,0.600519236,0.595491922,-0.486057088,-0.220260132
7.209637166,104610.936468666,vr_world,9903,104610.927116583,0.009352417,1,0.183207000,0.037702900,-0.742694000,0.373768886,0.767624100,-0.509931562,0.104975536,1,0.232932575,0.122303167,-0.906381478,0.373768886,0.767624100,-0.509931562,0.104975536,9903,104610.927116583,0.009352417,1,0.259382000,0.362355000,-0.873858000,0.595878843,0.596235459,-0.489101236,-0.224079589,1,0.318537737,0.205279388,-0.963099727,0.595878843,0.596235459,-0.489101236,-0.224079589
7.221460666,104610.948292166,vr_world,9904,104610.946757125,0.001535583,1,0.183497000,0.037095000,-0.742415000,0.374402711,0.767985788,-0.509288002,0.103180281,1,0.232584236,0.121852175,-0.906214066,0.374402711,0.767985788,-0.509288002,0.103180281,9904,104610.946757125,0.001535583,1,0.258610000,0.362582000,-0.872978000,0.591919168,0.597259847,-0.492594358,-0.224194496,1,0.317715511,0.205607434,-0.962430569,0.591919168,0.597259847,-0.492594358,-0.224194496
7.232204250,104610.959035750,vr_world,9904,104610.946757125,0.012279083,1,0.183497000,0.037095000,-0.742415000,0.374402711,0.767985788,-0.509288002,0.103180281,1,0.232584236,0.121852175,-0.906214066,0.374402711,0.767985788,-0.509288002,0.103180281,9904,104610.946757125,0.012279083,1,0.258610000,0.362582000,-0.872978000,0.591919168,0.597259847,-0.492594358,-0.224194496,1,0.317715511,0.205607434,-0.962430569,0.591919168,0.597259847,-0.492594358,-0.224194496
7.243561500,104610.970393000,vr_world,9905,104610.965852333,0.004541125,1,0.183385000,0.036303800,-0.742538000,0.374253444,0.768496567,-0.508797956,0.102332918,1,0.232149818,0.121318633,-0.906299734,0.374253444,0.768496567,-0.508797956,0.102332918,9905,104610.965852333,0.004541125,1,0.257593000,0.361992000,-0.869814000,0.585825993,0.599647081,-0.496086437,-0.226118400,1,0.316430363,0.205553951,-0.960376263,0.585825993,0.599647081,-0.496086437,-0.226118400
7.255937041,104610.982768541,vr_world,9905,104610.965852333,0.016916458,1,0.183385000,0.036303800,-0.742538000,0.374253444,0.768496567,-0.508797956,0.102332918,1,0.232149818,0.121318633,-0.906299734,0.374253444,0.768496567,-0.508797956,0.102332918,9905,104610.965852333,0.016916458,1,0.257593000,0.361992000,-0.869814000,0.585825993,0.599647081,-0.496086437,-0.226118400,1,0.316430363,0.205553951,-0.960376263,0.585825993,0.599647081,-0.496086437,-0.226118400
7.268217416,104610.995048916,vr_world,9906,104610.984970916,0.010079167,1,0.182900000,0.036046500,-0.742869000,0.373677412,0.768571769,-0.508855377,0.103580080,1,0.231990687,0.121060586,-0.906533748,0.373677412,0.768571769,-0.508855377,0.103580080,9906,104610.984970916,0.010079167,1,0.256442000,0.360968000,-0.867770000,0.582442966,0.601099732,-0.499230942,-0.224070905,1,0.315968997,0.204651980,-0.958091969,0.582442966,0.601099732,-0.499230942,-0.224070905
7.280108500,104611.006940000,vr_world,9907,104611.004386375,0.002554125,1,0.182833000,0.035695500,-0.742774000,0.373424574,0.768695253,-0.508859235,0.103556624,1,0.231943055,0.120799881,-0.906386006,0.373424574,0.768695253,-0.508859235,0.103556624,9907,104611.004386375,0.002554125,1,0.255466000,0.359801000,-0.866664000,0.577024380,0.604786629,-0.501741625,-0.222556377,1,0.316062827,0.204225402,-0.957551097,0.577024380,0.604786629,-0.501741625,-0.222556377
7.292471416,104611.019302916,vr_world,9907,104611.004386375,0.014917250,1,0.182833000,0.035695500,-0.742774000,0.373424574,0.768695253,-0.508859235,0.103556624,1,0.231943055,0.120799881,-0.906386006,0.373424574,0.768695253,-0.508859235,0.103556624,9907,104611.004386375,0.014917250,1,0.255466000,0.359801000,-0.866664000,0.577024380,0.604786629,-0.501741625,-0.222556377,1,0.316062827,0.204225402,-0.957551097,0.577024380,0.604786629,-0.501741625,-0.222556377
7.304210791,104611.031042291,vr_world,9908,104611.024843166,0.006199500,1,0.182546000,0.035070000,-0.742088000,0.373262278,0.769361035,-0.507946747,0.103677251,1,0.231391679,0.120353494,-0.905685924,0.373262278,0.769361035,-0.507946747,0.103677251,9908,104611.024843166,0.006199500,1,0.253605000,0.358182000,-0.865282000,0.567939103,0.608013360,-0.508255360,-0.222354264,1,0.314560011,0.203151995,-0.956859190,0.567939103,0.608013360,-0.508255360,-0.222354264
7.316568125,104611.043399625,vr_world,9908,104611.024843166,0.018556917,1,0.182546000,0.035070000,-0.742088000,0.373262278,0.769361035,-0.507946747,0.103677251,1,0.231391679,0.120353494,-0.905685924,0.373262278,0.769361035,-0.507946747,0.103677251,9908,104611.024843166,0.018556917,1,0.253605000,0.358182000,-0.865282000,0.567939103,0.608013360,-0.508255360,-0.222354264,1,0.314560011,0.203151995,-0.956859190,0.567939103,0.608013360,-0.508255360,-0.222354264
7.328202583,104611.055034083,vr_world,9909,104611.044013333,0.011021125,1,0.181443000,0.035287300,-0.742277000,0.374030959,0.768945076,-0.507524571,0.106033586,1,0.230561600,0.120009517,-0.906084651,0.374030959,0.768945076,-0.507524571,0.106033586,9909,104611.044013333,0.011021125,1,0.252551000,0.357725000,-0.863760000,0.563733333,0.610919173,-0.509317573,-0.222661411,1,0.314008878,0.203420398,-0.956222179,0.563733333,0.610919173,-0.509317573,-0.222661411
7.340366583,104611.067198083,vr_world,9910,104611.063068750,0.004129916,1,0.180344000,0.035064400,-0.741615000,0.371953854,0.769613464,-0.506928402,0.111216198,1,0.230514778,0.119803220,-0.905094894,0.371953854,0.769613464,-0.506928402,0.111216198,9910,104611.063068750,0.004129916,1,0.251822000,0.356982000,-0.862381000,0.557778224,0.612725698,-0.513300414,-0.223547215,1,0.313204642,0.203050798,-0.955512996,0.557778224,0.612725698,-0.513300414,-0.223547215
7.352675458,104611.079506958,vr_world,9910,104611.063068750,0.016438708,1,0.180344000,0.035064400,-0.741615000,0.371953854,0.769613464,-0.506928402,0.111216198,1,0.230514778,0.119803220,-0.905094894,0.371953854,0.769613464,-0.506928402,0.111216198,9910,104611.063068750,0.016438708,1,0.251822000,0.356982000,-0.862381000,0.557778224,0.612725698,-0.513300414,-0.223547215,1,0.313204642,0.203050798,-0.955512996,0.557778224,0.612725698,-0.513300414,-0.223547215
7.365012166,104611.091843666,vr_world,9911,104611.081961625,0.009882416,1,0.180515000,0.035684200,-0.741158000,0.374970631,0.769126019,-0.504988300,0.113265217,1,0.230200941,0.119358910,-0.905332569,0.374970631,0.769126019,-0.504988300,0.113265217,9911,104611.081961625,0.009882416,1,0.251773000,0.357657000,-0.861636000,0.557514430,0.611163237,-0.514402563,-0.225936188,1,0.312073441,0.203427008,-0.954980482,0.557514430,0.611163237,-0.514402563,-0.225936188
7.377199500,104611.104031000,vr_world,9912,104611.101247291,0.002784084,1,0.179357000,0.035381700,-0.740340000,0.376089644,0.768314275,-0.504535037,0.117022016,1,0.229578026,0.118155291,-0.904808434,0.376089644,0.768314275,-0.504535037,0.117022016,9912,104611.101247291,0.002784084,1,0.250878000,0.357530000,-0.861450000,0.558684773,0.612132162,-0.513440128,-0.222586557,1,0.312380792,0.203379382,-0.954138854,0.558684773,0.612132162,-0.513440128,-0.222586557
7.387786791,104611.114618291,vr_world,9912,104611.101247291,0.013371500,1,0.179357000,0.035381700,-0.740340000,0.376089644,0.768314275,-0.504535037,0.117022016,1,0.229578026,0.118155291,-0.904808434,0.376089644,0.768314275,-0.504535037,0.117022016,9912,104611.101247291,0.013371500,1,0.250878000,0.357530000,-0.861450000,0.558684773,0.612132162,-0.513440128,-0.222586557,1,0.312380792,0.203379382,-0.954138854,0.558684773,0.612132162,-0.513440128,-0.222586557
7.400191625,104611.127023125,vr_world,9913,104611.120348208,0.006675375,1,0.177074000,0.035262900,-0.740001000,0.373979021,0.768759731,-0.504011852,0.122964302,1,0.228549022,0.117934990,-0.904132284,0.373979021,0.768759731,-0.504011852,0.122964302,9913,104611.120348208,0.006675375,1,0.250007000,0.357321000,-0.859948000,0.558516681,0.610118969,-0.517369313,-0.219415029,1,0.311676737,0.202312440,-0.951082247,0.558516681,0.610118969,-0.517369313,-0.219415029
7.410502708,104611.137334208,vr_world,9913,104611.120348208,0.016986542,1,0.177074000,0.035262900,-0.740001000,0.373979021,0.768759731,-0.504011852,0.122964302,1,0.228549022,0.117934990,-0.904132284,0.373979021,0.768759731,-0.504011852,0.122964302,9913,104611.120348208,0.016986542,1,0.250007000,0.357321000,-0.859948000,0.558516681,0.610118969,-0.517369313,-0.219415029,1,0.311676737,0.202312440,-0.951082247,0.558516681,0.610118969,-0.517369313,-0.219415029
7.422907000,104611.149738500,vr_world,9914,104611.139276833,0.010462167,1,0.176089000,0.034624700,-0.740569000,0.371756729,0.770136328,-0.502511438,0.127158270,1,0.228137911,0.117654234,-0.904338586,0.371756729,0.770136328,-0.502511438,0.127158270,9914,104611.139276833,0.010462167,1,0.248746000,0.356392000,-0.858294000,0.555016942,0.610436882,-0.521074729,-0.218641564,1,0.310466532,0.201283685,-0.949223684,0.555016942,0.610436882,-0.521074729,-0.218641564
7.435315833,104611.162147333,vr_world,9915,104611.158332750,0.003815125,1,0.173557000,0.033875200,-0.739702000,0.369353465,0.769858127,-0.502803061,0.134482579,1,0.227451574,0.116566636,-0.903044992,0.369353465,0.769858127,-0.502803061,0.134482579,9915,104611.158332750,0.003815125,1,0.246733000,0.355337000,-0.856401000,0.546269782,0.614850806,-0.524388658,-0.220373200,1,0.308808355,0.201369551,-0.949012516,0.546269782,0.614850806,-0.524388658,-0.220373200
7.446701000,104611.173532500,vr_world,9915,104611.158332750,0.015200375,1,0.173557000,0.033875200,-0.739702000,0.369353465,0.769858127,-0.502803061,0.134482579,1,0.227451574,0.116566636,-0.903044992,0.369353465,0.769858127,-0.502803061,0.134482579,9915,104611.158332750,0.015200375,1,0.246733000,0.355337000,-0.856401000,0.546269782,0.614850806,-0.524388658,-0.220373200,1,0.308808355,0.201369551,-0.949012516,0.546269782,0.614850806,-0.524388658,-0.220373200
7.458883375,104611.185714875,vr_world,9916,104611.177150500,0.008564833,1,0.171811000,0.033063700,-0.739723000,0.366446067,0.768710552,-0.506452255,0.135305135,1,0.227324363,0.116077280,-0.902359056,0.366446067,0.768710552,-0.506452255,0.135305135,9916,104611.177150500,0.008564833,1,0.245379000,0.354524000,-0.855855000,0.540850415,0.619119725,-0.525121486,-0.220043222,1,0.308508918,0.201646465,-0.949552751,0.540850415,0.619119725,-0.525121486,-0.220043222
7.469586041,104611.196417541,vr_world,9917,104611.196398750,0.000019250,1,0.170677000,0.032213900,-0.740254000,0.362615809,0.769740136,-0.507714748,0.135039377,1,0.226862913,0.116401084,-0.902053519,0.362615809,0.769740136,-0.507714748,0.135039377,9917,104611.196398750,0.000019250,1,0.244379000,0.353636000,-0.854993000,0.537386279,0.621398477,-0.525885706,-0.220281965,1,0.307944075,0.201364251,-0.949380579,0.537386279,0.621398477,-0.525885706,-0.220281965
7.481543875,104611.208375375,vr_world,9917,104611.196398750,0.011977166,1,0.170677000,0.032213900,-0.740254000,0.362615809,0.769740136,-0.507714748,0.135039377,1,0.226862913,0.116401084,-0.902053519,0.362615809,0.769740136,-0.507714748,0.135039377,9917,104611.196398750,0.011977166,1,0.244379000,0.353636000,-0.854993000,0.537386279,0.621398477,-0.525885706,-0.220281965,1,0.307944075,0.201364251,-0.949380579,0.537386279,0.621398477,-0.525885706,-0.220281965
7.493538375,104611.220369875,vr_world,9918,104611.215169458,0.005200958,1,0.168901000,0.031758000,-0.740194000,0.361621814,0.768353421,-0.509996300,0.136990723,1,0.226335821,0.115625404,-0.901720848,0.361621814,0.768353421,-0.509996300,0.136990723,9918,104611.215169458,0.005200958,1,0.242545000,0.352780000,-0.852235000,0.530888092,0.625942466,-0.526791185,-0.221008847,1,0.306958688,0.201776245,-0.948073372,0.530888092,0.625942466,-0.526791185,-0.221008847
7.505917708,104611.232749208,vr_world,9918,104611.215169458,0.017580083,1,0.168901000,0.031758000,-0.740194000,0.361621814,0.768353421,-0.509996300,0.136990723,1,0.226335821,0.115625404,-0.901720848,0.361621814,0.768353421,-0.509996300,0.136990723,9918,104611.215169458,0.017580083,1,0.242545000,0.352780000,-0.852235000,0.530888092,0.625942466,-0.526791185,-0.221008847,1,0.306958688,0.201776245,-0.948073372,0.530888092,0.625942466,-0.526791185,-0.221008847
7.518302500,104611.245134000,vr_world,9919,104611.234214625,0.010919833,1,0.168635000,0.031599200,-0.740251000,0.361954610,0.768633996,-0.509525101,0.136289444,1,0.225738820,0.115535250,-0.901859718,0.361954610,0.768633996,-0.509525101,0.136289444,9919,104611.234214625,0.010919833,1,0.241572000,0.352599000,-0.851337000,0.530828874,0.625693735,-0.528755229,-0.217131214,1,0.306849306,0.201194356,-0.945950706,0.530828874,0.625693735,-0.528755229,-0.217131214
7.530681833,104611.257513333,vr_world,9920,104611.253963333,0.003550625,1,0.168738000,0.031560400,-0.740224000,0.364934054,0.767154281,-0.509949198,0.135089828,1,0.225487237,0.114579293,-0.902430059,0.364934054,0.767154281,-0.509949198,0.135089828,9920,104611.253963333,0.003550625,1,0.240294000,0.351921000,-0.850356000,0.530152687,0.626532895,-0.530510131,-0.212022784,1,0.307027313,0.200352689,-0.943682901,0.530152687,0.626532895,-0.530510131,-0.212022784
7.542749208,104611.269580708,vr_world,9920,104611.253963333,0.015617625,1,0.168738000,0.031560400,-0.740224000,0.364934054,0.767154281,-0.509949198,0.135089828,1,0.225487237,0.114579293,-0.902430059,0.364934054,0.767154281,-0.509949198,0.135089828,9920,104611.253963333,0.015617625,1,0.240294000,0.351921000,-0.850356000,0.530152687,0.626532895,-0.530510131,-0.212022784,1,0.307027313,0.200352689,-0.943682901,0.530152687,0.626532895,-0.530510131,-0.212022784
7.554063791,104611.280895291,vr_world,9921,104611.272911666,0.007983917,1,0.167615000,0.030495500,-0.740166000,0.363560181,0.766116092,-0.512719067,0.134198683,1,0.225207020,0.113682107,-0.901988613,0.363560181,0.766116092,-0.512719067,0.134198683,9921,104611.272911666,0.007983917,1,0.239108000,0.350885000,-0.848093000,0.524707890,0.628296048,-0.533435131,-0.213008611,1,0.305848225,0.199769155,-0.942145984,0.524707890,0.628296048,-0.533435131,-0.213008611
7.566453416,104611.293284916,vr_world,9922,104611.292836458,0.000449250,1,0.167768000,0.029793000,-0.740797000,0.363036724,0.765945098,-0.514051437,0.131466971,1,0.225272677,0.113366423,-0.902451347,0.363036724,0.765945098,-0.514051437,0.131466971,9922,104611.292836458,0.000449250,1,0.238342000,0.350325000,-0.845911000,0.520191500,0.630988175,-0.532910852,-0.217395378,1,0.304621787,0.200284213,-0.941988765,0.520191500,0.630988175,-0.532910852,-0.217395378
7.577806541,104611.304638041,vr_world,9922,104611.292836458,0.011802125,1,0.167768000,0.029793000,-0.740797000,0.363036724,0.765945098,-0.514051437,0.131466971,1,0.225272677,0.113366423,-0.902451347,0.363036724,0.765945098,-0.514051437,0.131466971,9922,104611.292836458,0.011802125,1,0.238342000,0.350325000,-0.845911000,0.520191500,0.630988175,-0.532910852,-0.217395378,1,0.304621787,0.200284213,-0.941988765,0.520191500,0.630988175,-0.532910852,-0.217395378
7.589653208,104611.316484708,vr_world,9923,104611.312138333,0.004347250,1,0.167181000,0.028393000,-0.740786000,0.362486583,0.764763246,-0.517188008,0.127503801,1,0.224947295,0.112250802,-0.902199685,0.362486583,0.764763246,-0.517188008,0.127503801,9923,104611.312138333,0.004347250,1,0.237085000,0.349610000,-0.844289000,0.517192473,0.635028595,-0.531185802,-0.217007543,1,0.304551487,0.200746414,-0.941367066,0.517192473,0.635028595,-0.531185802,-0.217007543
7.600203916,104611.327035416,vr_world,9923,104611.312138333,0.014897708,1,0.167181000,0.028393000,-0.740786000,0.362486583,0.764763246,-0.517188008,0.127503801,1,0.224947295,0.112250802,-0.902199685,0.362486583,0.764763246,-0.517188008,0.127503801,9923,104611.312138333,0.014897708,1,0.237085000,0.349610000,-0.844289000,0.517192473,0.635028595,-0.531185802,-0.217007543,1,0.304551487,0.200746414,-0.941367066,0.517192473,0.635028595,-0.531185802,-0.217007543
7.612590375,104611.339421875,vr_world,9924,104611.331807041,0.007615334,1,0.167317000,0.028320900,-0.741042000,0.359898246,0.764996069,-0.519035988,0.125920252,1,0.225589781,0.113005216,-0.901840900,0.359898246,0.764996069,-0.519035988,0.125920252,9924,104611.331807041,0.007615334,1,0.236846000,0.349138000,-0.844200000,0.519568236,0.634721125,-0.530369037,-0.214211637,1,0.305007626,0.200013671,-0.940388135,0.519568236,0.634721125,-0.530369037,-0.214211637
7.624149375,104611.350980875,vr_world,9924,104611.331807041,0.019174209,1,0.167317000,0.028320900,-0.741042000,0.359898246,0.764996069,-0.519035988,0.125920252,1,0.225589781,0.113005216,-0.901840900,0.359898246,0.764996069,-0.519035988,0.125920252,9924,104611.331807041,0.019174209,1,0.236846000,0.349138000,-0.844200000,0.519568236,0.634721125,-0.530369037,-0.214211637,1,0.305007626,0.200013671,-0.940388135,0.519568236,0.634721125,-0.530369037,-0.214211637
7.634870125,104611.361701625,vr_world,9925,104611.351584416,0.010117750,1,0.168604000,0.026885200,-0.740461000,0.361620656,0.763551296,-0.522038123,0.117030414,1,0.225903062,0.111837869,-0.901468208,0.361620656,0.763551296,-0.522038123,0.117030414,9925,104611.351584416,0.010117750,1,0.236128000,0.347823000,-0.843413000,0.517416009,0.637289122,-0.528739589,-0.215818664,1,0.304582834,0.199604183,-0.940785143,0.517416009,0.637289122,-0.528739589,-0.215818664
7.645539125,104611.372370625,vr_world,9926,104611.370878625,0.001492625,1,0.169170000,0.027092700,-0.741044000,0.361466767,0.762362606,-0.523963587,0.116649870,1,0.227045401,0.111826589,-0.901960292,0.361466767,0.762362606,-0.523963587,0.116649870,9926,104611.370878625,0.001492625,1,0.235124000,0.347069000,-0.841970000,0.514589411,0.642579323,-0.523975140,-0.218493945,1,0.304407492,0.200754327,-0.941609721,0.514589411,0.642579323,-0.523975140,-0.218493945
7.657538125,104611.384369625,vr_world,9926,104611.370878625,0.013496875,1,0.169170000,0.027092700,-0.741044000,0.361466767,0.762362606,-0.523963587,0.116649870,1,0.227045401,0.111826589,-0.901960292,0.361466767,0.762362606,-0.523963587,0.116649870,9926,104611.370878625,0.013496875,1,0.235124000,0.347069000,-0.841970000,0.514589411,0.642579323,-0.523975140,-0.218493945,1,0.304407492,0.200754327,-0.941609721,0.514589411,0.642579323,-0.523975140,-0.218493945
7.669936791,104611.396768291,vr_world,9927,104611.390223000,0.006545875,1,0.169991000,0.027172200,-0.740874000,0.363601995,0.763080919,-0.522057664,0.113828358,1,0.226468384,0.111934108,-0.902271605,0.363601995,0.763080919,-0.522057664,0.113828358,9927,104611.390223000,0.006545875,1,0.234010000,0.346542000,-0.840890000,0.515828835,0.648016404,-0.515010540,-0.220815527,1,0.304404331,0.202344469,-0.942811313,0.515828835,0.648016404,-0.515010540,-0.220815527
7.680425166,104611.407256666,vr_world,9927,104611.390223000,0.017034166,1,0.169991000,0.027172200,-0.740874000,0.363601995,0.763080919,-0.522057664,0.113828358,1,0.226468384,0.111934108,-0.902271605,0.363601995,0.763080919,-0.522057664,0.113828358,9927,104611.390223000,0.017034166,1,0.234010000,0.346542000,-0.840890000,0.515828835,0.648016404,-0.515010540,-0.220815527,1,0.304404331,0.202344469,-0.942811313,0.515828835,0.648016404,-0.515010540,-0.220815527
7.690859041,104611.417690541,vr_world,9928,104611.409163833,0.008527000,1,0.171196000,0.027782900,-0.740662000,0.365257925,0.762614307,-0.521663940,0.113458368,1,0.227318698,0.112099647,-0.902416186,0.365257925,0.762614307,-0.521663940,0.113458368,9928,104611.409163833,0.008527000,1,0.231528000,0.345376000,-0.840115000,0.517558457,0.659235026,-0.501156304,-0.215371269,1,0.306616017,0.204801529,-0.943733662,0.517558457,0.659235026,-0.501156304,-0.215371269
7.703235500,104611.430067000,vr_world,9929,104611.428779000,0.001288625,1,0.171517000,0.028275500,-0.740748000,0.364057629,0.763050673,-0.522081164,0.112458750,1,0.227682962,0.113087618,-0.902227921,0.364057629,0.763050673,-0.522081164,0.112458750,9929,104611.428779000,0.001288625,1,0.230511000,0.345361000,-0.839804000,0.517304746,0.660614839,-0.502274332,-0.209055806,1,0.307552935,0.204749265,-0.941926942,0.517304746,0.660614839,-0.502274332,-0.209055806
7.715644500,104611.442476000,vr_world,9929,104611.428779000,0.013697458,1,0.171517000,0.028275500,-0.740748000,0.364057629,0.763050673,-0.522081164,0.112458750,1,0.227682962,0.113087618,-0.902227921,0.364057629,0.763050673,-0.522081164,0.112458750,9929,104611.428779000,0.013697458,1,0.230511000,0.345361000,-0.839804000,0.517304746,0.660614839,-0.502274332,-0.209055806,1,0.307552935,0.204749265,-0.941926942,0.517304746,0.660614839,-0.502274332,-0.209055806
7.726986833,104611.453818333,vr_world,9930,104611.448090958,0.005727708,1,0.171891000,0.029187200,-0.740884000,0.365264423,0.764122611,-0.519760601,0.112015422,1,0.227086870,0.114044493,-0.902674178,0.365264423,0.764122611,-0.519760601,0.112015422,9930,104611.448090958,0.005727708,1,0.227673000,0.345339000,-0.837106000,0.512051887,0.664386182,-0.503824841,-0.206287168,1,0.306290149,0.205671832,-0.939324736,0.512051887,0.664386182,-0.503824841,-0.206287168
7.738622208,104611.465453708,vr_world,9930,104611.448090958,0.017363167,1,0.171891000,0.029187200,-0.740884000,0.365264423,0.764122611,-0.519760601,0.112015422,1,0.227086870,0.114044493,-0.902674178,0.365264423,0.764122611,-0.519760601,0.112015422,9930,104611.448090958,0.017363167,1,0.227673000,0.345339000,-0.837106000,0.512051887,0.664386182,-0.503824841,-0.206287168,1,0.306290149,0.205671832,-0.939324736,0.512051887,0.664386182,-0.503824841,-0.206287168
7.751011208,104611.477842708,vr_world,9931,104611.467187291,0.010656042,1,0.172047000,0.030783100,-0.740476000,0.365950106,0.763032248,-0.519532071,0.118104765,1,0.228350874,0.114504444,-0.902476174,0.365950106,0.763032248,-0.519532071,0.118104765,9931,104611.467187291,0.010656042,1,0.224249000,0.343379000,-0.836484000,0.501056852,0.678588640,-0.500876408,-0.193861584,1,0.309614640,0.207703195,-0.938665155,0.501056852,0.678588640,-0.500876408,-0.193861584
7.763399541,104611.490231041,vr_world,9932,104611.486538875,0.003692500,1,0.172882000,0.032186400,-0.740374000,0.371007789,0.762478775,-0.516512856,0.119137770,1,0.227951285,0.114496782,-0.903517604,0.371007789,0.762478775,-0.516512856,0.119137770,9932,104611.486538875,0.003692500,1,0.224190000,0.343185000,-0.837447000,0.501245884,0.672501745,-0.505473949,-0.202460006,1,0.305718550,0.205815320,-0.940495078,0.501245884,0.672501745,-0.505473949,-0.202460006
7.773429041,104611.500260541,vr_world,9932,104611.486538875,0.013722250,1,0.172882000,0.032186400,-0.740374000,0.371007789,0.762478775,-0.516512856,0.119137770,1,0.227951285,0.114496782,-0.903517604,0.371007789,0.762478775,-0.516512856,0.119137770,9932,104611.486538875,0.013722250,1,0.224190000,0.343185000,-0.837447000,0.501245884,0.672501745,-0.505473949,-0.202460006,1,0.305718550,0.205815320,-0.940495078,0.501245884,0.672501745,-0.505473949,-0.202460006
7.784214625,104611.511046125,vr_world,9933,104611.505938083,0.005108500,1,0.173580000,0.032492100,-0.739394000,0.374581339,0.762527761,-0.514114252,0.118011736,1,0.227306059,0.114124021,-0.903324414,0.374581339,0.762527761,-0.514114252,0.118011736,9933,104611.505938083,0.005108500,1,0.221340000,0.342230000,-0.839286000,0.495572935,0.673286470,-0.511397925,-0.198909420,1,0.303774715,0.204624697,-0.941293345,0.495572935,0.673286470,-0.511397925,-0.198909420
7.796629833,104611.523461333,vr_world,9933,104611.505938083,0.017524000,1,0.173580000,0.032492100,-0.739394000,0.374581339,0.762527761,-0.514114252,0.118011736,1,0.227306059,0.114124021,-0.903324414,0.374581339,0.762527761,-0.514114252,0.118011736,9933,104611.505938083,0.017524000,1,0.221340000,0.342230000,-0.839286000,0.495572935,0.673286470,-0.511397925,-0.198909420,1,0.303774715,0.204624697,-0.941293345,0.495572935,0.673286470,-0.511397925,-0.198909420
7.807528125,104611.534359625,vr_world,9934,104611.524956666,0.009403417,1,0.172899000,0.031943800,-0.739993000,0.372669041,0.761560366,-0.516970128,0.117836674,1,0.227702010,0.113801291,-0.903453781,0.372669041,0.761560366,-0.516970128,0.117836674,9934,104611.524956666,0.009403417,1,0.219854000,0.341768000,-0.839509000,0.493171434,0.673513280,-0.515231875,-0.194159503,1,0.303416947,0.203768685,-0.940055627,0.493171434,0.673513280,-0.515231875,-0.194159503
7.819926333,104611.546757833,vr_world,9935,104611.543926750,0.002831416,1,0.172372000,0.031295200,-0.740610000,0.371380519,0.761844014,-0.517649647,0.117085658,1,0.227359422,0.113605853,-0.903780892,0.371380519,0.761844014,-0.517649647,0.117085658,9935,104611.543926750,0.002831416,1,0.219293000,0.342074000,-0.839086000,0.490163132,0.672817092,-0.518700595,-0.194953733,1,0.302362616,0.203748191,-0.939593047,0.490163132,0.672817092,-0.518700595,-0.194953733
7.832205041,104611.559036541,vr_world,9935,104611.543926750,0.015110250,1,0.172372000,0.031295200,-0.740610000,0.371380519,0.761844014,-0.517649647,0.117085658,1,0.227359422,0.113605853,-0.903780892,0.371380519,0.761844014,-0.517649647,0.117085658,9935,104611.543926750,0.015110250,1,0.219293000,0.342074000,-0.839086000,0.490163132,0.672817092,-0.518700595,-0.194953733,1,0.302362616,0.203748191,-0.939593047,0.490163132,0.672817092,-0.518700595,-0.194953733
7.842467791,104611.569299291,vr_world,9936,104611.562970916,0.006328834,1,0.171736000,0.030317500,-0.740834000,0.369386010,0.762337682,-0.518510475,0.116370622,1,0.227039245,0.113289047,-0.903563061,0.369386010,0.762337682,-0.518510475,0.116370622,9936,104611.562970916,0.006328834,1,0.218289000,0.343396000,-0.840628000,0.486180216,0.672946452,-0.522683493,-0.193839718,1,0.301532898,0.204875984,-0.940722317,0.486180216,0.672946452,-0.522683493,-0.193839718
7.854858000,104611.581689500,vr_world,9936,104611.562970916,0.018719125,1,0.171736000,0.030317500,-0.740834000,0.369386010,0.762337682,-0.518510475,0.116370622,1,0.227039245,0.113289047,-0.903563061,0.369386010,0.762337682,-0.518510475,0.116370622,9936,104611.562970916,0.018719125,1,0.218289000,0.343396000,-0.840628000,0.486180216,0.672946452,-0.522683493,-0.193839718,1,0.301532898,0.204875984,-0.940722317,0.486180216,0.672946452,-0.522683493,-0.193839718
7.867270125,104611.594101625,vr_world,9937,104611.582862000,0.011239916,1,0.171001000,0.028951600,-0.741284000,0.364824186,0.763151535,-0.520972994,0.114412356,1,0.227127612,0.113387656,-0.902974525,0.364824186,0.763151535,-0.520972994,0.114412356,9937,104611.582862000,0.011239916,1,0.218300000,0.344941000,-0.841934000,0.492243091,0.668493189,-0.524612521,-0.188667162,1,0.301638268,0.204590167,-0.939364093,0.492243091,0.668493189,-0.524612521,-0.188667162
7.877518958,104611.604350458,vr_world,9938,104611.602386333,0.001964542,1,0.170645000,0.027981100,-0.741631000,0.362353383,0.763545323,-0.522327504,0.113457239,1,0.227248481,0.113182032,-0.902753018,0.362353383,0.763545323,-0.522327504,0.113457239,9938,104611.602386333,0.001964542,1,0.218318000,0.346718000,-0.842966000,0.499567298,0.662435399,-0.528556168,-0.179555656,1,0.302251651,0.203821822,-0.936089835,0.499567298,0.662435399,-0.528556168,-0.179555656
7.889945791,104611.616777291,vr_world,9938,104611.602386333,0.014391542,1,0.170645000,0.027981100,-0.741631000,0.362353383,0.763545323,-0.522327504,0.113457239,1,0.227248481,0.113182032,-0.902753018,0.362353383,0.763545323,-0.522327504,0.113457239,9938,104611.602386333,0.014391542,1,0.218318000,0.346718000,-0.842966000,0.499567298,0.662435399,-0.528556168,-0.179555656,1,0.302251651,0.203821822,-0.936089835,0.499567298,0.662435399,-0.528556168,-0.179555656
7.901486375,104611.628317875,vr_world,9939,104611.622054500,0.006263958,1,0.170819000,0.027907100,-0.741789000,0.363246531,0.763642022,-0.521510515,0.113708411,1,0.227121890,0.112902115,-0.903124835,0.363246531,0.763642022,-0.521510515,0.113708411,9939,104611.622054500,0.006263958,1,0.219140000,0.347450000,-0.842807000,0.503184184,0.658778348,-0.529955204,-0.178785480,1,0.302298186,0.203345414,-0.934756995,0.503184184,0.658778348,-0.529955204,-0.178785480
7.913884208,104611.640715708,vr_world,9939,104611.622054500,0.018661666,1,0.170819000,0.027907100,-0.741789000,0.363246531,0.763642022,-0.521510515,0.113708411,1,0.227121890,0.112902115,-0.903124835,0.363246531,0.763642022,-0.521510515,0.113708411,9939,104611.622054500,0.018661666,1,0.219140000,0.347450000,-0.842807000,0.503184184,0.658778348,-0.529955204,-0.178785480,1,0.302298186,0.203345414,-0.934756995,0.503184184,0.658778348,-0.529955204,-0.178785480
7.924195416,104611.651026916,vr_world,9940,104611.641447416,0.009580042,1,0.170979000,0.028144200,-0.741698000,0.363629644,0.763744022,-0.521052135,0.113900060,1,0.227134208,0.113056124,-0.903129090,0.363629644,0.763744022,-0.521052135,0.113900060,9940,104611.641447416,0.009580042,1,0.220103000,0.348562000,-0.843081000,0.505308995,0.654150620,-0.533278065,-0.179900784,1,0.301678171,0.202980241,-0.934117488,0.505308995,0.654150620,-0.533278065,-0.179900784
7.934665333,104611.661496833,vr_world,9941,104611.660159000,0.001338333,1,0.170984000,0.028156800,-0.741617000,0.364167694,0.763558929,-0.520905757,0.114091388,1,0.227081373,0.112879260,-0.903167627,0.364167694,0.763558929,-0.520905757,0.114091388,9941,104611.660159000,0.001338333,1,0.221032000,0.350266000,-0.843610000,0.508503626,0.648110695,-0.538032854,-0.178597978,1,0.301195833,0.202654639,-0.932609209,0.508503626,0.648110695,-0.538032854,-0.178597978
7.947080708,104611.673912208,vr_world,9941,104611.660159000,0.013753708,1,0.170984000,0.028156800,-0.741617000,0.364167694,0.763558929,-0.520905757,0.114091388,1,0.227081373,0.112879260,-0.903167627,0.364167694,0.763558929,-0.520905757,0.114091388,9941,104611.660159000,0.013753708,1,0.221032000,0.350266000,-0.843610000,0.508503626,0.648110695,-0.538032854,-0.178597978,1,0.301195833,0.202654639,-0.932609209,0.508503626,0.648110695,-0.538032854,-0.178597978
7.957527375,104611.684358875,vr_world,9942,104611.679090791,0.005268500,1,0.170983000,0.028554700,-0.741609000,0.365009175,0.763195315,-0.520771751,0.114446475,1,0.227033169,0.112955804,-0.903344120,0.365009175,0.763195315,-0.520771751,0.114446475,9942,104611.679090791,0.005268500,1,0.221153000,0.350397000,-0.843456000,0.509272824,0.645755692,-0.540506090,-0.177465332,1,0.300883352,0.201954690,-0.931456958,0.509272824,0.645755692,-0.540506090,-0.177465332
7.969941333,104611.696772833,vr_world,9942,104611.679090791,0.017682459,1,0.170983000,0.028554700,-0.741609000,0.365009175,0.763195315,-0.520771751,0.114446475,1,0.227033169,0.112955804,-0.903344120,0.365009175,0.763195315,-0.520771751,0.114446475,9942,104611.679090791,0.017682459,1,0.221153000,0.350397000,-0.843456000,0.509272824,0.645755692,-0.540506090,-0.177465332,1,0.300883352,0.201954690,-0.931456958,0.509272824,0.645755692,-0.540506090,-0.177465332
7.981538583,104611.708370083,vr_world,9943,104611.698341666,0.010028792,1,0.170844000,0.028737300,-0.741727000,0.366157946,0.762829901,-0.520383667,0.114977131,1,0.226770966,0.112726399,-0.903719112,0.366157946,0.762829901,-0.520383667,0.114977131,9943,104611.698341666,0.010028792,1,0.220689000,0.349769000,-0.843401000,0.507937346,0.646308795,-0.541374061,-0.176631596,1,0.300714056,0.201409739,-0.931274283,0.507937346,0.646308795,-0.541374061,-0.176631596
7.993935000,104611.720766500,vr_world,9944,104611.717360916,0.003406042,1,0.170157000,0.028912100,-0.741878000,0.365244389,0.763269783,-0.520054005,0.116445723,1,0.226356220,0.113045193,-0.903701079,0.365244389,0.763269783,-0.520054005,0.116445723,9944,104611.717360916,0.003406042,1,0.220404000,0.349646000,-0.844524000,0.506448823,0.646125276,-0.543492533,-0.175064518,1,0.300652749,0.201074716,-0.931833355,0.506448823,0.646125276,-0.543492533,-0.175064518
8.006345333,104611.733176833,vr_world,9944,104611.717360916,0.015816250,1,0.170157000,0.028912100,-0.741878000,0.365244389,0.763269783,-0.520054005,0.116445723,1,0.226356220,0.113045193,-0.903701079,0.365244389,0.763269783,-0.520054005,0.116445723,9944,104611.717360916,0.015816250,1,0.220404000,0.349646000,-0.844524000,0.506448823,0.646125276,-0.543492533,-0.175064518,1,0.300652749,0.201074716,-0.931833355,0.506448823,0.646125276,-0.543492533,-0.175064518
8.018737833,104611.745569333,vr_world,9945,104611.736637166,0.008932667,1,0.168980000,0.029402600,-0.741911000,0.363852250,0.763821566,-0.519491645,0.119651940,1,0.225772648,0.113615760,-0.903485089,0.363852250,0.763821566,-0.519491645,0.119651940,9945,104611.736637166,0.008932667,1,0.220166000,0.350131000,-0.845813000,0.506334107,0.647067614,-0.543466664,-0.171968778,1,0.301416635,0.201699022,-0.932430288,0.506334107,0.647067614,-0.543466664,-0.171968778
8.031157916,104611.757989416,vr_world,9946,104611.755800041,0.002189709,1,0.168205000,0.029151300,-0.741694000,0.362545210,0.767105490,-0.515401262,0.120298284,1,0.223883986,0.114393563,-0.903116019,0.362545210,0.767105490,-0.515401262,0.120298284,9946,104611.755800041,0.002189709,1,0.220941000,0.351190000,-0.849944000,0.513178001,0.642765546,-0.545290629,-0.161737198,1,0.303560646,0.201113978,-0.932329779,0.513178001,0.642765546,-0.545290629,-0.161737198
8.042874583,104611.769706083,vr_world,9946,104611.755800041,0.013906584,1,0.168205000,0.029151300,-0.741694000,0.362545210,0.767105490,-0.515401262,0.120298284,1,0.223883986,0.114393563,-0.903116019,0.362545210,0.767105490,-0.515401262,0.120298284,9946,104611.755800041,0.013906584,1,0.220941000,0.351190000,-0.849944000,0.513178001,0.642765546,-0.545290629,-0.161737198,1,0.303560646,0.201113978,-0.932329779,0.513178001,0.642765546,-0.545290629,-0.161737198
8.053542916,104611.780374416,vr_world,9947,104611.774981458,0.005393458,1,0.166619000,0.028885000,-0.741512000,0.359323827,0.768893236,-0.514033488,0.124334842,1,0.222947513,0.114837122,-0.902331101,0.359323827,0.768893236,-0.514033488,0.124334842,9947,104611.774981458,0.005393458,1,0.221989000,0.352332000,-0.852546000,0.523706742,0.637679776,-0.543454895,-0.154118556,1,0.305400389,0.200789543,-0.931372633,0.523706742,0.637679776,-0.543454895,-0.154118556
8.064710375,104611.791541875,vr_world,9947,104611.774981458,0.016560833,1,0.166619000,0.028885000,-0.741512000,0.359323827,0.768893236,-0.514033488,0.124334842,1,0.222947513,0.114837122,-0.902331101,0.359323827,0.768893236,-0.514033488,0.124334842,9947,104611.774981458,0.016560833,1,0.221989000,0.352332000,-0.852546000,0.523706742,0.637679776,-0.543454895,-0.154118556,1,0.305400389,0.200789543,-0.931372633,0.523706742,0.637679776,-0.543454895,-0.154118556
8.077093666,104611.803925166,vr_world,9948,104611.794133875,0.009791791,1,0.165676000,0.028990500,-0.741496000,0.356031251,0.770361435,-0.513238950,0.127948381,1,0.222758856,0.115645207,-0.901670679,0.356031251,0.770361435,-0.513238950,0.127948381,9948,104611.794133875,0.009791791,1,0.223523000,0.353335000,-0.855384000,0.533410757,0.635767630,-0.537409084,-0.149879823,1,0.307974370,0.201552752,-0.932626173,0.533410757,0.635767630,-0.537409084,-0.149879823
8.089507333,104611.816338833,vr_world,9949,104611.813087708,0.003251667,1,0.164677000,0.029529500,-0.741341000,0.352866124,0.772712807,-0.511308193,0.130247255,1,0.221846524,0.117222863,-0.900918341,0.352866124,0.772712807,-0.511308193,0.130247255,9949,104611.813087708,0.003251667,1,0.225958000,0.355242000,-0.860863000,0.548695236,0.629479598,-0.531895384,-0.140628140,1,0.311717081,0.202123179,-0.933912861,0.548695236,0.629479598,-0.531895384,-0.140628140
8.101919916,104611.828751416,vr_world,9949,104611.813087708,0.015664042,1,0.164677000,0.029529500,-0.741341000,0.352866124,0.772712807,-0.511308193,0.130247255,1,0.221846524,0.117222863,-0.900918341,0.352866124,0.772712807,-0.511308193,0.130247255,9949,104611.813087708,0.015664042,1,0.225958000,0.355242000,-0.860863000,0.548695236,0.629479598,-0.531895384,-0.140628140,1,0.311717081,0.202123179,-0.933912861,0.548695236,0.629479598,-0.531895384,-0.140628140
8.114322875,104611.841154375,vr_world,9950,104611.831956125,0.009198458,1,0.164629000,0.029898900,-0.741232000,0.352182875,0.773978464,-0.510112634,0.129265852,1,0.221249733,0.118163165,-0.900690410,0.352182875,0.773978464,-0.510112634,0.129265852,9950,104611.831956125,0.009198458,1,0.227232000,0.356085000,-0.864233000,0.556877977,0.627185980,-0.527033035,-0.136970237,1,0.313794190,0.202718219,-0.935800155,0.556877977,0.627185980,-0.527033035,-0.136970237
8.126738833,104611.853570333,vr_world,9951,104611.851563083,0.002007583,1,0.164751000,0.030580400,-0.741683000,0.353059087,0.772726180,-0.511211163,0.130025684,1,0.221826680,0.118257397,-0.901303046,0.353059087,0.772726180,-0.511211163,0.130025684,9951,104611.851563083,0.002007583,1,0.228115000,0.356341000,-0.867157000,0.562577759,0.626369826,-0.523004120,-0.132792303,1,0.315884372,0.203075774,-0.937460103,0.562577759,0.626369826,-0.523004120,-0.132792303
8.139131333,104611.865962833,vr_world,9951,104611.851563083,0.014400208,1,0.164751000,0.030580400,-0.741683000,0.353059087,0.772726180,-0.511211163,0.130025684,1,0.221826680,0.118257397,-0.901303046,0.353059087,0.772726180,-0.511211163,0.130025684,9951,104611.851563083,0.014400208,1,0.228115000,0.356341000,-0.867157000,0.562577759,0.626369826,-0.523004120,-0.132792303,1,0.315884372,0.203075774,-0.937460103,0.562577759,0.626369826,-0.523004120,-0.132792303
8.149541708,104611.876373208,vr_world,9952,104611.870474541,0.005899292,1,0.164530000,0.031670500,-0.740742000,0.357420866,0.770393531,-0.511115678,0.132306070,1,0.221695037,0.117526707,-0.901316895,0.357420866,0.770393531,-0.511115678,0.132306070,9952,104611.870474541,0.005899292,1,0.228842000,0.357365000,-0.872364000,0.572677738,0.627430615,-0.513147304,-0.122682015,1,0.320210973,0.205220682,-0.940481805,0.572677738,0.627430615,-0.513147304,-0.122682015
8.160728916,104611.887560416,vr_world,9952,104611.870474541,0.017086250,1,0.164530000,0.031670500,-0.740742000,0.357420866,0.770393531,-0.511115678,0.132306070,1,0.221695037,0.117526707,-0.901316895,0.357420866,0.770393531,-0.511115678,0.132306070,9952,104611.870474541,0.017086250,1,0.228842000,0.357365000,-0.872364000,0.572677738,0.627430615,-0.513147304,-0.122682015,1,0.320210973,0.205220682,-0.940481805,0.572677738,0.627430615,-0.513147304,-0.122682015
8.173136916,104611.899968416,vr_world,9953,104611.890067458,0.009901625,1,0.164662000,0.029305000,-0.738716000,0.355694368,0.773678195,-0.508327583,0.128478148,1,0.220239165,0.116776884,-0.898976064,0.355694368,0.773678195,-0.508327583,0.128478148,9953,104611.890067458,0.009901625,1,0.229444000,0.357657000,-0.874372000,0.575485844,0.630661390,-0.505656160,-0.124072975,1,0.321746269,0.206834713,-0.944151372,0.575485844,0.630661390,-0.505656160,-0.124072975
8.184211250,104611.911042750,vr_world,9954,104611.909073125,0.001970125,1,0.164516000,0.029348000,-0.741638000,0.338569037,0.776908799,-0.516228574,0.123659952,1,0.223144632,0.122018765,-0.897837349,0.338569037,0.776908799,-0.516228574,0.123659952,9954,104611.909073125,0.001970125,1,0.231873000,0.358011000,-0.880191000,0.585778008,0.624883251,-0.500485489,-0.126092516,1,0.322899348,0.206139060,-0.949366853,0.585778008,0.624883251,-0.500485489,-0.126092516
8.196596000,104611.923427500,vr_world,9954,104611.909073125,0.014354916,1,0.164516000,0.029348000,-0.741638000,0.338569037,0.776908799,-0.516228574,0.123659952,1,0.223144632,0.122018765,-0.897837349,0.338569037,0.776908799,-0.516228574,0.123659952,9954,104611.909073125,0.014354916,1,0.231873000,0.358011000,-0.880191000,0.585778008,0.624883251,-0.500485489,-0.126092516,1,0.322899348,0.206139060,-0.949366853,0.585778008,0.624883251,-0.500485489,-0.126092516
8.208818083,104611.935649583,vr_world,9955,104611.928273916,0.007375917,1,0.165845000,0.030565400,-0.739971000,0.349755503,0.774131980,-0.514986646,0.114802096,1,0.221353127,0.121041601,-0.898578596,0.349755503,0.774131980,-0.514986646,0.114802096,9955,104611.928273916,0.007375917,1,0.229715000,0.358198000,-0.881426000,0.586816650,0.629513125,-0.495433328,-0.117920574,1,0.324184149,0.208062640,-0.949771943,0.586816650,0.629513125,-0.495433328,-0.117920574
8.218873375,104611.945704875,vr_world,9955,104611.928273916,0.017431459,1,0.165845000,0.030565400,-0.739971000,0.349755503,0.774131980,-0.514986646,0.114802096,1,0.221353127,0.121041601,-0.898578596,0.349755503,0.774131980,-0.514986646,0.114802096,9955,104611.928273916,0.017431459,1,0.229715000,0.358198000,-0.881426000,0.586816650,0.629513125,-0.495433328,-0.117920574,1,0.324184149,0.208062640,-0.949771943,0.586816650,0.629513125,-0.495433328,-0.117920574
8.230513541,104611.957345041,vr_world,9956,104611.947628791,0.009716750,1,0.165550000,0.030202800,-0.740216000,0.343546417,0.775092331,-0.517949150,0.113738361,1,0.222366482,0.122419271,-0.897351162,0.343546417,0.775092331,-0.517949150,0.113738361,9956,104611.947628791,0.009716750,1,0.230129000,0.358295000,-0.883786000,0.593595814,0.627216755,-0.491509518,-0.112523533,1,0.325847784,0.208112132,-0.950263449,0.593595814,0.627216755,-0.491509518,-0.112523533
8.242798416,104611.969629916,vr_world,9957,104611.966764041,0.002866167,1,0.166579000,0.031463700,-0.739201000,0.349877665,0.771528140,-0.519034142,0.113725584,1,0.223224326,0.121398581,-0.897714329,0.349877665,0.771528140,-0.519034142,0.113725584,9957,104611.966764041,0.002866167,1,0.228920000,0.358810000,-0.887296000,0.599567869,0.627726473,-0.484859876,-0.106718074,1,0.326776138,0.209548497,-0.952728255,0.599567869,0.627726473,-0.484859876,-0.106718074
8.255170208,104611.982001708,vr_world,9957,104611.966764041,0.015238292,1,0.166579000,0.031463700,-0.739201000,0.349877665,0.771528140,-0.519034142,0.113725584,1,0.223224326,0.121398581,-0.897714329,0.349877665,0.771528140,-0.519034142,0.113725584,9957,104611.966764041,0.015238292,1,0.228920000,0.358810000,-0.887296000,0.599567869,0.627726473,-0.484859876,-0.106718074,1,0.326776138,0.209548497,-0.952728255,0.599567869,0.627726473,-0.484859876,-0.106718074
8.267212125,104611.994043625,vr_world,9958,104611.986160333,0.007883833,1,0.166773000,0.031816000,-0.739534000,0.348777837,0.771444332,-0.519978743,0.113356824,1,0.223756510,0.122016856,-0.897774706,0.348777837,0.771444332,-0.519978743,0.113356824,9958,104611.986160333,0.007883833,1,0.227518000,0.359742000,-0.889221000,0.599342825,0.628853487,-0.483865487,-0.105856798,1,0.325892613,0.210873045,-0.954770098,0.599342825,0.628853487,-0.483865487,-0.105856798
8.279601416,104612.006432916,vr_world,9959,104612.005333791,0.001099917,1,0.167483000,0.032275600,-0.739137000,0.360784805,0.760576526,-0.526501500,0.118969928,1,0.226734042,0.116444582,-0.899848931,0.360784805,0.760576526,-0.526501500,0.118969928,9959,104612.005333791,0.001099917,1,0.224112000,0.360631000,-0.893290000,0.605834876,0.628180067,-0.478820929,-0.095312248,1,0.325463281,0.212568125,-0.956071345,0.605834876,0.628180067,-0.478820929,-0.095312248
8.290893250,104612.017724750,vr_world,9959,104612.005333791,0.012391625,1,0.167483000,0.032275600,-0.739137000,0.360784805,0.760576526,-0.526501500,0.118969928,1,0.226734042,0.116444582,-0.899848931,0.360784805,0.760576526,-0.526501500,0.118969928,9959,104612.005333791,0.012391625,1,0.224112000,0.360631000,-0.893290000,0.605834876,0.628180067,-0.478820929,-0.095312248,1,0.325463281,0.212568125,-0.956071345,0.605834876,0.628180067,-0.478820929,-0.095312248
8.303262041,104612.030093541,vr_world,9960,104612.025454375,0.004639750,1,0.168508000,0.028633700,-0.739452000,0.351641434,0.765712897,-0.528028942,0.105912692,1,0.226466182,0.117624702,-0.898023506,0.351641434,0.765712897,-0.528028942,0.105912692,9960,104612.025454375,0.004639750,1,0.220944000,0.359394000,-0.893859000,0.606581707,0.630927982,-0.476863362,-0.081177878,1,0.326517931,0.212985433,-0.953482013,0.606581707,0.630927982,-0.476863362,-0.081177878
8.314031333,104612.040862833,vr_world,9960,104612.025454375,0.015408791,1,0.168508000,0.028633700,-0.739452000,0.351641434,0.765712897,-0.528028942,0.105912692,1,0.226466182,0.117624702,-0.898023506,0.351641434,0.765712897,-0.528028942,0.105912692,9960,104612.025454375,0.015408791,1,0.220944000,0.359394000,-0.893859000,0.606581707,0.630927982,-0.476863362,-0.081177878,1,0.326517931,0.212985433,-0.953482013,0.606581707,0.630927982,-0.476863362,-0.081177878
8.325538083,104612.052369583,vr_world,9961,104612.045167166,0.007202875,1,0.169531000,0.026517300,-0.738185000,0.352629500,0.761067145,-0.535371901,0.099026077,1,0.228507005,0.114910232,-0.896715644,0.352629500,0.761067145,-0.535371901,0.099026077,9961,104612.045167166,0.007202875,1,0.217326000,0.358962000,-0.894009000,0.602371595,0.634188731,-0.478745735,-0.075865917,1,0.324648765,0.213475517,-0.952760310,0.602371595,0.634188731,-0.478745735,-0.075865917
8.336209541,104612.063041041,vr_world,9961,104612.045167166,0.017874459,1,0.169531000,0.026517300,-0.738185000,0.352629500,0.761067145,-0.535371901,0.099026077,1,0.228507005,0.114910232,-0.896715644,0.352629500,0.761067145,-0.535371901,0.099026077,9961,104612.045167166,0.017874459,1,0.217326000,0.358962000,-0.894009000,0.602371595,0.634188731,-0.478745735,-0.075865917,1,0.324648765,0.213475517,-0.952760310,0.602371595,0.634188731,-0.478745735,-0.075865917
8.347814041,104612.074645541,vr_world,9962,104612.064417250,0.010228791,1,0.170660000,0.023640200,-0.737848000,0.351495097,0.759924466,-0.538733425,0.093446778,1,0.229786438,0.112636684,-0.895984466,0.351495097,0.759924466,-0.538733425,0.093446778,9962,104612.064417250,0.010228791,1,0.214166000,0.360134000,-0.893711000,0.595625294,0.637226921,-0.483155757,-0.075715752,1,0.321708146,0.214940384,-0.952784942,0.595625294,0.637226921,-0.483155757,-0.075715752
8.360189125,104612.087020625,vr_world,9963,104612.083481625,0.003539458,1,0.172424000,0.022005100,-0.739425000,0.351137533,0.761394536,-0.538209039,0.085509200,1,0.229883791,0.112404501,-0.897379928,0.351137533,0.761394536,-0.538209039,0.085509200,9963,104612.083481625,0.003539458,1,0.214642000,0.356864000,-0.891553000,0.598041792,0.636025758,-0.483757560,-0.061610658,1,0.325312438,0.212296479,-0.946220141,0.598041792,0.636025758,-0.483757560,-0.061610658
8.370877541,104612.097709041,vr_world,9963,104612.083481625,0.014227958,1,0.172424000,0.022005100,-0.739425000,0.351137533,0.761394536,-0.538209039,0.085509200,1,0.229883791,0.112404501,-0.897379928,0.351137533,0.761394536,-0.538209039,0.085509200,9963,104612.083481625,0.014227958,1,0.214642000,0.356864000,-0.891553000,0.598041792,0.636025758,-0.483757560,-0.061610658,1,0.325312438,0.212296479,-0.946220141,0.598041792,0.636025758,-0.483757560,-0.061610658
8.383290000,104612.110121500,vr_world,9964,104612.103480875,0.006641083,1,0.175083000,0.017521700,-0.739019000,0.351653335,0.766566062,-0.532959309,0.068343102,1,0.227475266,0.111224377,-0.896811018,0.351653335,0.766566062,-0.532959309,0.068343102,9964,104612.103480875,0.006641083,1,0.209492000,0.354265000,-0.889629000,0.583751217,0.638660736,-0.498671741,-0.051705671,1,0.321605158,0.209515823,-0.940761765,0.583751217,0.638660736,-0.498671741,-0.051705671
8.394095041,104612.120926541,vr_world,9964,104612.103480875,0.017446166,1,0.175083000,0.017521700,-0.739019000,0.351653335,0.766566062,-0.532959309,0.068343102,1,0.227475266,0.111224377,-0.896811018,0.351653335,0.766566062,-0.532959309,0.068343102,9964,104612.103480875,0.017446166,1,0.209492000,0.354265000,-0.889629000,0.583751217,0.638660736,-0.498671741,-0.051705671,1,0.321605158,0.209515823,-0.940761765,0.583751217,0.638660736,-0.498671741,-0.051705671
8.406505250,104612.133336750,vr_world,9965,104612.122885916,0.010451500,1,0.174621000,0.015863500,-0.737240000,0.352930113,0.764924855,-0.534549271,0.067730186,1,0.227309647,0.108960410,-0.895291669,0.352930113,0.764924855,-0.534549271,0.067730186,9965,104612.122885916,0.010451500,1,0.206826000,0.353849000,-0.887383000,0.574180181,0.641428211,-0.506660895,-0.046708753,1,0.319850183,0.209293148,-0.937035886,0.574180181,0.641428211,-0.506660895,-0.046708753
8.418085833,104612.144917333,vr_world,9966,104612.142933666,0.001983917,1,0.176257000,0.012360100,-0.736425000,0.356933438,0.763769389,-0.534192822,0.062392871,1,0.227423001,0.104994182,-0.895246898,0.356933438,0.763769389,-0.534192822,0.062392871,9966,104612.142933666,0.001983917,1,0.204078000,0.352264000,-0.884054000,0.562353516,0.643506264,-0.517690298,-0.040681290,1,0.317783615,0.207508403,-0.931520902,0.562353516,0.643506264,-0.517690298,-0.040681290
8.430466708,104612.157298208,vr_world,9966,104612.142933666,0.014365042,1,0.176257000,0.012360100,-0.736425000,0.356933438,0.763769389,-0.534192822,0.062392871,1,0.227423001,0.104994182,-0.895246898,0.356933438,0.763769389,-0.534192822,0.062392871,9966,104612.142933666,0.014365042,1,0.204078000,0.352264000,-0.884054000,0.562353516,0.643506264,-0.517690298,-0.040681290,1,0.317783615,0.207508403,-0.931520902,0.562353516,0.643506264,-0.517690298,-0.040681290
8.442878375,104612.169709875,vr_world,9967,104612.162016416,0.007694084,1,0.177188000,0.011117900,-0.736568000,0.358375698,0.764696868,-0.532251801,0.059275454,1,0.226969597,0.104076144,-0.895640353,0.358375698,0.764696868,-0.532251801,0.059275454,9967,104612.162016416,0.007694084,1,0.202481000,0.350768000,-0.881417000,0.556661993,0.643609680,-0.523818024,-0.038841771,1,0.316003453,0.205547587,-0.927891715,0.556661993,0.643609680,-0.523818024,-0.038841771
8.455286000,104612.182117500,vr_world,9968,104612.181951500,0.000166375,1,0.177390000,0.009773210,-0.736458000,0.362160928,0.762999158,-0.532258747,0.058072144,1,0.226557610,0.101663778,-0.896339525,0.362160928,0.762999158,-0.532258747,0.058072144,9968,104612.181951500,0.000166375,1,0.201061000,0.349131000,-0.878954000,0.551575589,0.642153801,-0.531130530,-0.036100206,1,0.314147835,0.203040200,-0.923731991,0.551575589,0.642153801,-0.531130530,-0.036100206
8.467700208,104612.194531708,vr_world,9968,104612.181951500,0.012580666,1,0.177390000,0.009773210,-0.736458000,0.362160928,0.762999158,-0.532258747,0.058072144,1,0.226557610,0.101663778,-0.896339525,0.362160928,0.762999158,-0.532258747,0.058072144,9968,104612.181951500,0.012580666,1,0.201061000,0.349131000,-0.878954000,0.551575589,0.642153801,-0.531130530,-0.036100206,1,0.314147835,0.203040200,-0.923731991,0.551575589,0.642153801,-0.531130530,-0.036100206
8.478174500,104612.205006000,vr_world,9969,104612.201424750,0.003581583,1,0.177248000,0.006014730,-0.736417000,0.357916711,0.761160273,-0.538431901,0.051203076,1,0.227679725,0.099214148,-0.895142943,0.357916711,0.761160273,-0.538431901,0.051203076,9969,104612.201424750,0.003581583,1,0.199410000,0.345907000,-0.874406000,0.539004262,0.641644861,-0.544803378,-0.030912077,1,0.312072579,0.198711231,-0.916558080,0.539004262,0.641644861,-0.544803378,-0.030912077
8.490561625,104612.217393125,vr_world,9969,104612.201424750,0.015968791,1,0.177248000,0.006014730,-0.736417000,0.357916711,0.761160273,-0.538431901,0.051203076,1,0.227679725,0.099214148,-0.895142943,0.357916711,0.761160273,-0.538431901,0.051203076,9969,104612.201424750,0.015968791,1,0.199410000,0.345907000,-0.874406000,0.539004262,0.641644861,-0.544803378,-0.030912077,1,0.312072579,0.198711231,-0.916558080,0.539004262,0.641644861,-0.544803378,-0.030912077
8.502970958,104612.229802458,vr_world,9970,104612.220847666,0.008955292,1,0.179810000,0.003435390,-0.737673000,0.354446324,0.763923983,-0.537994723,0.036737300,1,0.227859319,0.099926159,-0.895166603,0.354446324,0.763923983,-0.537994723,0.036737300,9970,104612.220847666,0.008955292,1,0.197077000,0.344507000,-0.869357000,0.526387303,0.645207066,-0.553003622,-0.028482339,1,0.310120169,0.197476976,-0.911065874,0.526387303,0.645207066,-0.553003622,-0.028482339
8.515384666,104612.242216166,vr_world,9971,104612.239641208,0.002575417,1,0.180536000,0.001208060,-0.737799000,0.352716631,0.764596199,-0.538824702,0.025525896,1,0.227086726,0.099697993,-0.894503193,0.352716631,0.764596199,-0.538824702,0.025525896,9971,104612.239641208,0.002575417,1,0.198018000,0.342880000,-0.865186000,0.513670424,0.648726280,-0.560316057,-0.036644578,1,0.309366222,0.195422979,-0.909842737,0.513670424,0.648726280,-0.560316057,-0.036644578
8.527801250,104612.254632750,vr_world,9971,104612.239641208,0.014991958,1,0.180536000,0.001208060,-0.737799000,0.352716631,0.764596199,-0.538824702,0.025525896,1,0.227086726,0.099697993,-0.894503193,0.352716631,0.764596199,-0.538824702,0.025525896,9971,104612.239641208,0.014991958,1,0.198018000,0.342880000,-0.865186000,0.513670424,0.648726280,-0.560316057,-0.036644578,1,0.309366222,0.195422979,-0.909842737,0.513670424,0.648726280,-0.560316057,-0.036644578
8.539788875,104612.266620375,vr_world,9972,104612.258805333,0.007815458,1,0.181751000,-0.003523730,-0.737585000,0.342532912,0.770731489,-0.537212182,0.006873662,1,0.225715711,0.100998470,-0.891096191,0.342532912,0.770731489,-0.537212182,0.006873662,9972,104612.258805333,0.007815458,1,0.196741000,0.340234000,-0.858666000,0.497143132,0.650213322,-0.573031323,-0.041309146,1,0.306165980,0.191710961,-0.904527655,0.497143132,0.650213322,-0.573031323,-0.041309146
8.552218666,104612.279050166,vr_world,9973,104612.278075375,0.000975166,1,0.182224000,-0.006630890,-0.736915000,0.333803123,0.776351471,-0.534651622,-0.001229469,1,0.224950669,0.102043665,-0.887871050,0.333803123,0.776351471,-0.534651622,-0.001229469,9973,104612.278075375,0.000975166,1,0.196676000,0.338634000,-0.855327000,0.490162893,0.649708932,-0.579434010,-0.043299769,1,0.304934215,0.189338556,-0.901449273,0.490162893,0.649708932,-0.579434010,-0.043299769
8.564619125,104612.291450625,vr_world,9973,104612.278075375,0.013375583,1,0.182224000,-0.006630890,-0.736915000,0.333803123,0.776351471,-0.534651622,-0.001229469,1,0.224950669,0.102043665,-0.887871050,0.333803123,0.776351471,-0.534651622,-0.001229469,9973,104612.278075375,0.013375583,1,0.196676000,0.338634000,-0.855327000,0.490162893,0.649708932,-0.579434010,-0.043299769,1,0.304934215,0.189338556,-0.901449273,0.490162893,0.649708932,-0.579434010,-0.043299769
8.577006125,104612.303837625,vr_world,9974,104612.297442583,0.006395500,1,0.183450000,-0.011156500,-0.735786000,0.318934835,0.784791724,-0.531172924,-0.015422240,1,0.224370758,0.104252967,-0.882174671,0.318934835,0.784791724,-0.531172924,-0.015422240,9974,104612.297442583,0.006395500,1,0.196594000,0.336076000,-0.847780000,0.475058332,0.648320521,-0.592494773,-0.054314151,1,0.300996227,0.184938161,-0.896706473,0.475058332,0.648320521,-0.592494773,-0.054314151
8.589419958,104612.316251458,vr_world,9974,104612.297442583,0.018809292,1,0.183450000,-0.011156500,-0.735786000,0.318934835,0.784791724,-0.531172924,-0.015422240,1,0.224370758,0.104252967,-0.882174671,0.318934835,0.784791724,-0.531172924,-0.015422240,9974,104612.297442583,0.018809292,1,0.196594000,0.336076000,-0.847780000,0.475058332,0.648320521,-0.592494773,-0.054314151,1,0.300996227,0.184938161,-0.896706473,0.475058332,0.648320521,-0.592494773,-0.054314151
8.601813250,104612.328644750,vr_world,9975,104612.316723333,0.011922042,1,0.183606000,-0.012732600,-0.734086000,0.314920139,0.782936648,-0.536171773,-0.018850505,1,0.226224886,0.103425374,-0.879393860,0.314920139,0.782936648,-0.536171773,-0.018850505,9975,104612.316723333,0.011922042,1,0.195465000,0.333776000,-0.843167000,0.465825169,0.648855269,-0.598657615,-0.060023424,1,0.298251080,0.182136082,-0.893926501,0.465825169,0.648855269,-0.598657615,-0.060023424
8.613543833,104612.340375333,vr_world,9976,104612.336256916,0.004119000,1,0.183515000,-0.014792600,-0.732396000,0.309985357,0.782844111,-0.539144290,-0.019687825,1,0.227617980,0.102351702,-0.876464086,0.309985357,0.782844111,-0.539144290,-0.019687825,9976,104612.336256916,0.004119000,1,0.194002000,0.330490000,-0.839149000,0.454946445,0.649812362,-0.605936224,-0.060074280,1,0.296332104,0.178581457,-0.890026882,0.454946445,0.649812362,-0.605936224,-0.060074280
8.624197333,104612.351028833,vr_world,9976,104612.336256916,0.014772292,1,0.183515000,-0.014792600,-0.732396000,0.309985357,0.782844111,-0.539144290,-0.019687825,1,0.227617980,0.102351702,-0.876464086,0.309985357,0.782844111,-0.539144290,-0.019687825,9976,104612.336256916,0.014772292,1,0.194002000,0.330490000,-0.839149000,0.454946445,0.649812362,-0.605936224,-0.060074280,1,0.296332104,0.178581457,-0.890026882,0.454946445,0.649812362,-0.605936224,-0.060074280
8.634877291,104612.361708791,vr_world,9977,104612.355137000,0.006572291,1,0.184122000,-0.019136700,-0.729896000,0.291410749,0.789542726,-0.539460327,-0.026165144,1,0.229450756,0.103783702,-0.868674064,0.291410749,0.789542726,-0.539460327,-0.026165144,9977,104612.355137000,0.006572291,1,0.190509000,0.326492000,-0.832011000,0.432746826,0.649657060,-0.622178329,-0.059749607,1,0.291366219,0.173516416,-0.882632394,0.432746826,0.649657060,-0.622178329,-0.059749607
8.645568333,104612.372399833,vr_world,9977,104612.355137000,0.017263166,1,0.184122000,-0.019136700,-0.729896000,0.291410749,0.789542726,-0.539460327,-0.026165144,1,0.229450756,0.103783702,-0.868674064,0.291410749,0.789542726,-0.539460327,-0.026165144,9977,104612.355137000,0.017263166,1,0.190509000,0.326492000,-0.832011000,0.432746826,0.649657060,-0.622178329,-0.059749607,1,0.291366219,0.173516416,-0.882632394,0.432746826,0.649657060,-0.622178329,-0.059749607
8.657952041,104612.384783541,vr_world,9978,104612.374301291,0.010482917,1,0.185285000,-0.021305900,-0.727487000,0.284229299,0.795513509,-0.534206195,-0.031554775,1,0.228732298,0.104988972,-0.863815141,0.284229299,0.795513509,-0.534206195,-0.031554775,9978,104612.374301291,0.010482917,1,0.186997000,0.323203000,-0.828433000,0.420164959,0.651483589,-0.629096220,-0.057170681,1,0.288209633,0.170322847,-0.878631551,0.420164959,0.651483589,-0.629096220,-0.057170681
8.668698875,104612.395530375,vr_world,9979,104612.394148875,0.001382041,1,0.186414000,-0.025163800,-0.723148000,0.271305513,0.801184451,-0.531700928,-0.042319220,1,0.228872534,0.106020053,-0.855100777,0.271305513,0.801184451,-0.531700928,-0.042319220,9979,104612.394148875,0.001382041,1,0.183517000,0.318004000,-0.822548000,0.397439645,0.648297207,-0.647614264,-0.048458486,1,0.283803302,0.163435763,-0.869319145,0.397439645,0.648297207,-0.647614264,-0.048458486
8.680650583,104612.407482083,vr_world,9979,104612.394148875,0.013333666,1,0.186414000,-0.025163800,-0.723148000,0.271305513,0.801184451,-0.531700928,-0.042319220,1,0.228872534,0.106020053,-0.855100777,0.271305513,0.801184451,-0.531700928,-0.042319220,9979,104612.394148875,0.013333666,1,0.183517000,0.318004000,-0.822548000,0.397439645,0.648297207,-0.647614264,-0.048458486,1,0.283803302,0.163435763,-0.869319145,0.397439645,0.648297207,-0.647614264,-0.048458486
8.693030416,104612.419861916,vr_world,9980,104612.413455041,0.006407250,1,0.186508000,-0.026786500,-0.720857000,0.265641913,0.803708980,-0.530417530,-0.046297862,1,0.228579122,0.106422903,-0.850890489,0.265641913,0.803708980,-0.530417530,-0.046297862,9980,104612.413455041,0.006407250,1,0.182398000,0.314672000,-0.818616000,0.390390514,0.643434488,-0.657012981,-0.043832067,1,0.281285173,0.158486769,-0.862930171,0.390390514,0.643434488,-0.657012981,-0.043832067
8.704207708,104612.431039208,vr_world,9980,104612.413455041,0.017584667,1,0.186508000,-0.026786500,-0.720857000,0.265641913,0.803708980,-0.530417530,-0.046297862,1,0.228579122,0.106422903,-0.850890489,0.265641913,0.803708980,-0.530417530,-0.046297862,9980,104612.413455041,0.017584667,1,0.182398000,0.314672000,-0.818616000,0.390390514,0.643434488,-0.657012981,-0.043832067,1,0.281285173,0.158486769,-0.862930171,0.390390514,0.643434488,-0.657012981,-0.043832067
8.716614791,104612.443446291,vr_world,9981,104612.432707208,0.010739458,1,0.186044000,-0.028072300,-0.718686000,0.259185463,0.805568890,-0.530792582,-0.046269785,1,0.228947807,0.106629910,-0.846896780,0.259185463,0.805568890,-0.530792582,-0.046269785,9981,104612.432707208,0.010739458,1,0.181776000,0.310293000,-0.815205000,0.385968324,0.636597038,-0.666641297,-0.036905894,1,0.279012021,0.152096023,-0.855888565,0.385968324,0.636597038,-0.666641297,-0.036905894
8.729026875,104612.455858375,vr_world,9982,104612.451705000,0.004153625,1,0.186222000,-0.030595200,-0.713704000,0.249841356,0.810204144,-0.528235700,-0.045995507,1,0.229195086,0.106671515,-0.839141739,0.249841356,0.810204144,-0.528235700,-0.045995507,9982,104612.451705000,0.004153625,1,0.180103000,0.302295000,-0.808161000,0.372340870,0.624214521,-0.686201115,-0.029095330,1,0.273136730,0.140478870,-0.844168178,0.372340870,0.624214521,-0.686201115,-0.029095330
8.740055166,104612.466886666,vr_world,9982,104612.451705000,0.015181916,1,0.186222000,-0.030595200,-0.713704000,0.249841356,0.810204144,-0.528235700,-0.045995507,1,0.229195086,0.106671515,-0.839141739,0.249841356,0.810204144,-0.528235700,-0.045995507,9982,104612.451705000,0.015181916,1,0.180103000,0.302295000,-0.808161000,0.372340870,0.624214521,-0.686201115,-0.029095330,1,0.273136730,0.140478870,-0.844168178,0.372340870,0.624214521,-0.686201115,-0.029095330
8.752211958,104612.479043458,vr_world,9983,104612.471160000,0.007884041,1,0.186659000,-0.033067800,-0.710931000,0.244800486,0.815618375,-0.522158789,-0.046793030,1,0.227784049,0.106346166,-0.834607572,0.244800486,0.815618375,-0.522158789,-0.046793030,9983,104612.471160000,0.007884041,1,0.178737000,0.295807000,-0.802799000,0.356240315,0.623842927,-0.694879190,-0.032492336,1,0.270265154,0.133507254,-0.840450650,0.356240315,0.623842927,-0.694879190,-0.032492336
8.764598291,104612.491429791,vr_world,9984,104612.490751041,0.000679125,1,0.183422000,-0.034781100,-0.702781000,0.244834742,0.803198916,-0.541877598,-0.036001667,1,0.233263499,0.100424041,-0.827916269,0.244834742,0.803198916,-0.541877598,-0.036001667,9984,104612.490751041,0.000679125,1,0.173371000,0.289074000,-0.792629000,0.322841228,0.634393098,-0.700305471,-0.053769745,1,0.264425220,0.129274869,-0.840687302,0.322841228,0.634393098,-0.700305471,-0.053769745
8.776210875,104612.503042375,vr_world,9984,104612.490751041,0.012292000,1,0.183422000,-0.034781100,-0.702781000,0.244834742,0.803198916,-0.541877598,-0.036001667,1,0.233263499,0.100424041,-0.827916269,0.244834742,0.803198916,-0.541877598,-0.036001667,9984,104612.490751041,0.012292000,1,0.173371000,0.289074000,-0.792629000,0.322841228,0.634393098,-0.700305471,-0.053769745,1,0.264425220,0.129274869,-0.840687302,0.322841228,0.634393098,-0.700305471,-0.053769745
8.786895833,104612.513727333,vr_world,9985,104612.511255458,0.002472292,1,0.184344000,-0.036638700,-0.704500000,0.234113985,0.808026021,-0.539152955,-0.039983539,1,0.233765550,0.101881749,-0.826126772,0.234113985,0.808026021,-0.539152955,-0.039983539,9985,104612.511255458,0.002472292,1,0.172200000,0.280320000,-0.790594000,0.298589481,0.630082129,-0.715060305,-0.050295055,1,0.261483462,0.119280990,-0.837828849,0.298589481,0.630082129,-0.715060305,-0.050295055
8.799317333,104612.526148833,vr_world,9985,104612.511255458,0.014893750,1,0.184344000,-0.036638700,-0.704500000,0.234113985,0.808026021,-0.539152955,-0.039983539,1,0.233765550,0.101881749,-0.826126772,0.234113985,0.808026021,-0.539152955,-0.039983539,9985,104612.511255458,0.014893750,1,0.172200000,0.280320000,-0.790594000,0.298589481,0.630082129,-0.715060305,-0.050295055,1,0.261483462,0.119280990,-0.837828849,0.298589481,0.630082129,-0.715060305,-0.050295055
8.811718458,104612.538549958,vr_world,9986,104612.529600458,0.008950250,1,0.185024000,-0.041840600,-0.703530000,0.232316695,0.811826291,-0.534329661,-0.038194758,1,0.233044543,0.097673984,-0.824580051,0.232316695,0.811826291,-0.534329661,-0.038194758,9986,104612.529600458,0.008950250,1,0.171505000,0.275937000,-0.787447000,0.288944897,0.624607295,-0.724342900,-0.041278779,1,0.259714338,0.113331549,-0.831205866,0.288944897,0.624607295,-0.724342900,-0.041278779
8.824050583,104612.550882083,vr_world,9987,104612.548375375,0.002507708,1,0.186194000,-0.049814600,-0.698502000,0.225721435,0.818838991,-0.526359312,-0.038709383,1,0.231805159,0.092435881,-0.817278460,0.225721435,0.818838991,-0.526359312,-0.038709383,9987,104612.548375375,0.002507708,1,0.168798000,0.265948000,-0.779918000,0.262848372,0.621057623,-0.736746027,-0.049025034,1,0.254160041,0.102832363,-0.827276758,0.262848372,0.621057623,-0.736746027,-0.049025034
8.835687000,104612.562518500,vr_world,9987,104612.548375375,0.014144541,1,0.186194000,-0.049814600,-0.698502000,0.225721435,0.818838991,-0.526359312,-0.038709383,1,0.231805159,0.092435881,-0.817278460,0.225721435,0.818838991,-0.526359312,-0.038709383,9987,104612.548375375,0.014144541,1,0.168798000,0.265948000,-0.779918000,0.262848372,0.621057623,-0.736746027,-0.049025034,1,0.254160041,0.102832363,-0.827276758,0.262848372,0.621057623,-0.736746027,-0.049025034
8.848065791,104612.574897291,vr_world,9988,104612.567542791,0.007355167,1,0.186716000,-0.054628000,-0.696263000,0.225551845,0.820352316,-0.523822438,-0.041934417,1,0.230989883,0.088354765,-0.814665662,0.225551845,0.820352316,-0.523822438,-0.041934417,9988,104612.567542791,0.007355167,1,0.167608000,0.260950000,-0.776726000,0.248447240,0.616518132,-0.745303816,-0.051976769,1,0.250690428,0.097038591,-0.825373734,0.248447240,0.616518132,-0.745303816,-0.051976769
8.860406041,104612.587237541,vr_world,9989,104612.586414750,0.000823291,1,0.187040000,-0.059275100,-0.695856000,0.225909789,0.817851925,-0.527702816,-0.040158860,1,0.232960289,0.082877217,-0.814630797,0.225909789,0.817851925,-0.527702816,-0.040158860,9989,104612.586414750,0.000823291,1,0.167120000,0.256480000,-0.774288000,0.238186187,0.610730315,-0.753299136,-0.053068212,1,0.247742389,0.091439636,-0.823256862,0.238186187,0.610730315,-0.753299136,-0.053068212
8.872760916,104612.599592416,vr_world,9989,104612.586414750,0.013178208,1,0.187040000,-0.059275100,-0.695856000,0.225909789,0.817851925,-0.527702816,-0.040158860,1,0.232960289,0.082877217,-0.814630797,0.225909789,0.817851925,-0.527702816,-0.040158860,9989,104612.586414750,0.013178208,1,0.167120000,0.256480000,-0.774288000,0.238186187,0.610730315,-0.753299136,-0.053068212,1,0.247742389,0.091439636,-0.823256862,0.238186187,0.610730315,-0.753299136,-0.053068212
8.885169208,104612.612000708,vr_world,9990,104612.605858833,0.006142250,1,0.187895000,-0.068504000,-0.692179000,0.225748540,0.816691723,-0.529544875,-0.040428344,1,0.234491960,0.073431386,-0.810949818,0.225748540,0.816691723,-0.529544875,-0.040428344,9990,104612.605858833,0.006142250,1,0.164677000,0.247724000,-0.769389000,0.218954708,0.602032978,-0.765805276,-0.056190824,1,0.241509655,0.081299809,-0.819747330,0.218954708,0.602032978,-0.765805276,-0.056190824
8.897557958,104612.624389458,vr_world,9990,104612.605858833,0.018531042,1,0.187895000,-0.068504000,-0.692179000,0.225748540,0.816691723,-0.529544875,-0.040428344,1,0.234491960,0.073431386,-0.810949818,0.225748540,0.816691723,-0.529544875,-0.040428344,9990,104612.605858833,0.018531042,1,0.164677000,0.247724000,-0.769389000,0.218954708,0.602032978,-0.765805276,-0.056190824,1,0.241509655,0.081299809,-0.819747330,0.218954708,0.602032978,-0.765805276,-0.056190824
8.909948833,104612.636780333,vr_world,9991,104612.624903208,0.011877750,1,0.188122000,-0.074420300,-0.692043000,0.221942923,0.816914869,-0.530546332,-0.043726704,1,0.235069560,0.068514578,-0.809469561,0.221942923,0.816914869,-0.530546332,-0.043726704,9991,104612.624903208,0.011877750,1,0.164811000,0.242807000,-0.769445000,0.212542141,0.595968938,-0.772496017,-0.053821623,1,0.239543091,0.075126537,-0.818786862,0.212542141,0.595968938,-0.772496017,-0.053821623
8.922360041,104612.649191541,vr_world,9992,104612.644010666,0.005181209,1,0.189003000,-0.083958500,-0.690661000,0.216461338,0.818901362,-0.529387276,-0.047897401,1,0.235554365,0.060726944,-0.806084344,0.216461338,0.818901362,-0.529387276,-0.047897401,9992,104612.644010666,0.005181209,1,0.163060000,0.233719000,-0.764743000,0.198058720,0.585140731,-0.783969570,-0.061439251,1,0.232726006,0.064672199,-0.816762735,0.198058720,0.585140731,-0.783969570,-0.061439251
8.933357250,104612.660188750,vr_world,9992,104612.644010666,0.016178417,1,0.189003000,-0.083958500,-0.690661000,0.216461338,0.818901362,-0.529387276,-0.047897401,1,0.235554365,0.060726944,-0.806084344,0.216461338,0.818901362,-0.529387276,-0.047897401,9992,104612.644010666,0.016178417,1,0.163060000,0.233719000,-0.764743000,0.198058720,0.585140731,-0.783969570,-0.061439251,1,0.232726006,0.064672199,-0.816762735,0.198058720,0.585140731,-0.783969570,-0.061439251
8.944210708,104612.671042208,vr_world,9993,104612.663553666,0.007488959,1,0.190370000,-0.089029600,-0.690512000,0.219119979,0.820177459,-0.525770718,-0.053483857,1,0.234631377,0.056172002,-0.806187610,0.219119979,0.820177459,-0.525770718,-0.053483857,9993,104612.663553666,0.007488959,1,0.162673000,0.228497000,-0.763487000,0.189797425,0.577933272,-0.791359653,-0.060991557,1,0.229618701,0.058300470,-0.815329181,0.189797425,0.577933272,-0.791359653,-0.060991557
8.954881666,104612.681713166,vr_world,9993,104612.663553666,0.018160042,1,0.190370000,-0.089029600,-0.690512000,0.219119979,0.820177459,-0.525770718,-0.053483857,1,0.234631377,0.056172002,-0.806187610,0.219119979,0.820177459,-0.525770718,-0.053483857,9993,104612.663553666,0.018160042,1,0.162673000,0.228497000,-0.763487000,0.189797425,0.577933272,-0.791359653,-0.060991557,1,0.229618701,0.058300470,-0.815329181,0.189797425,0.577933272,-0.791359653,-0.060991557
8.965553083,104612.692384583,vr_world,9994,104612.683037416,0.009347542,1,0.190934000,-0.093941200,-0.689924000,0.217742131,0.822002106,-0.523111465,-0.057055203,1,0.233909543,0.052278057,-0.804799782,0.217742131,0.822002106,-0.523111465,-0.057055203,9994,104612.683037416,0.009347542,1,0.161829000,0.224644000,-0.762495000,0.179359229,0.573513311,-0.796726360,-0.064341716,1,0.226837906,0.054200370,-0.815964700,0.179359229,0.573513311,-0.796726360,-0.064341716
8.976820291,104612.703651791,vr_world,9995,104612.702020666,0.001631584,1,0.191486000,-0.102655000,-0.688518000,0.217324539,0.823396206,-0.520708170,-0.060429579,1,0.233203334,0.044313603,-0.802900411,0.217324539,0.823396206,-0.520708170,-0.060429579,9995,104612.702020666,0.001631584,1,0.161225000,0.215933000,-0.760513000,0.163322757,0.560702886,-0.808702346,-0.070274216,1,0.220843768,0.044286485,-0.816363752,0.163322757,0.560702886,-0.808702346,-0.070274216
8.989201333,104612.716032833,vr_world,9995,104612.702020666,0.014012417,1,0.191486000,-0.102655000,-0.688518000,0.217324539,0.823396206,-0.520708170,-0.060429579,1,0.233203334,0.044313603,-0.802900411,0.217324539,0.823396206,-0.520708170,-0.060429579,9995,104612.702020666,0.014012417,1,0.161225000,0.215933000,-0.760513000,0.163322757,0.560702886,-0.808702346,-0.070274216,1,0.220843768,0.044286485,-0.816363752,0.163322757,0.560702886,-0.808702346,-0.070274216
9.000210291,104612.727041791,vr_world,9996,104612.721645750,0.005396375,1,0.191298000,-0.106995000,-0.687992000,0.216228318,0.824489475,-0.519327349,-0.061331277,1,0.232497558,0.040479913,-0.801909571,0.216228318,0.824489475,-0.519327349,-0.061331277,9996,104612.721645750,0.005396375,1,0.161989000,0.211193000,-0.758829000,0.157575930,0.547116054,-0.817924593,-0.082663230,1,0.215007365,0.038650683,-0.818448056,0.157575930,0.547116054,-0.817924593,-0.082663230
9.012592083,104612.739423583,vr_world,9996,104612.721645750,0.017778166,1,0.191298000,-0.106995000,-0.687992000,0.216228318,0.824489475,-0.519327349,-0.061331277,1,0.232497558,0.040479913,-0.801909571,0.216228318,0.824489475,-0.519327349,-0.061331277,9996,104612.721645750,0.017778166,1,0.161989000,0.211193000,-0.758829000,0.157575930,0.547116054,-0.817924593,-0.082663230,1,0.215007365,0.038650683,-0.818448056,0.157575930,0.547116054,-0.817924593,-0.082663230
9.024210833,104612.751042333,vr_world,9997,104612.741446833,0.009595917,1,0.191847000,-0.115055000,-0.686090000,0.209679332,0.832615473,-0.507928665,-0.069242500,1,0.228467863,0.036003688,-0.796831222,0.209679332,0.832615473,-0.507928665,-0.069242500,9997,104612.741446833,0.009595917,1,0.160216000,0.202137000,-0.756579000,0.137698548,0.537753217,-0.825992739,-0.097962151,1,0.208738437,0.030628284,-0.822659064,0.137698548,0.537753217,-0.825992739,-0.097962151
9.036268083,104612.763099583,vr_world,9998,104612.762618000,0.000481958,1,0.191318000,-0.117431000,-0.687248000,0.211430610,0.830773724,-0.510762409,-0.065068257,1,0.229309942,0.032530462,-0.799014002,0.211430610,0.830773724,-0.510762409,-0.065068257,9998,104612.762618000,0.000481958,1,0.154741000,0.201901000,-0.756450000,0.122709822,0.538688401,-0.829717539,-0.079535599,1,0.206123742,0.029434153,-0.817697369,0.122709822,0.538688401,-0.829717539,-0.079535599
9.047862458,104612.774693958,vr_world,9998,104612.762618000,0.012076500,1,0.191318000,-0.117431000,-0.687248000,0.211430610,0.830773724,-0.510762409,-0.065068257,1,0.229309942,0.032530462,-0.799014002,0.211430610,0.830773724,-0.510762409,-0.065068257,9998,104612.762618000,0.012076500,1,0.154741000,0.201901000,-0.756450000,0.122709822,0.538688401,-0.829717539,-0.079535599,1,0.206123742,0.029434153,-0.817697369,0.122709822,0.538688401,-0.829717539,-0.079535599
9.059935416,104612.786766916,vr_world,9999,104612.780455125,0.006312041,1,0.191328000,-0.119554000,-0.687901000,0.209986071,0.833646044,-0.505845845,-0.071134410,1,0.226915510,0.031876378,-0.798471155,0.209986071,0.833646044,-0.505845845,-0.071134410,9999,104612.780455125,0.006312041,1,0.154962000,0.197104000,-0.754582000,0.111544004,0.533002328,-0.835363047,-0.075066853,1,0.204995174,0.023957003,-0.815022223,0.111544004,0.533002328,-0.835363047,-0.075066853
9.072222000,104612.799053500,vr_world,9999,104612.780455125,0.018598875,1,0.191328000,-0.119554000,-0.687901000,0.209986071,0.833646044,-0.505845845,-0.071134410,1,0.226915510,0.031876378,-0.798471155,0.209986071,0.833646044,-0.505845845,-0.071134410,9999,104612.780455125,0.018598875,1,0.154962000,0.197104000,-0.754582000,0.111544004,0.533002328,-0.835363047,-0.075066853,1,0.204995174,0.023957003,-0.815022223,0.111544004,0.533002328,-0.835363047,-0.075066853
9.083353041,104612.810184541,vr_world,10000,104612.799647750,0.010537208,1,0.194440000,-0.118434000,-0.691959000,0.221237031,0.841701489,-0.487923973,-0.067253073,1,0.222524178,0.032433374,-0.805421620,0.221237031,0.841701489,-0.487923973,-0.067253073,10000,104612.799647750,0.010537208,1,0.152333000,0.189696000,-0.749763000,0.082786822,0.533355871,-0.836778872,-0.092081360,1,0.202777699,0.019913196,-0.818794470,0.082786822,0.533355871,-0.836778872,-0.092081360
9.095728708,104612.822560208,vr_world,10001,104612.818855666,0.003705084,1,0.190304000,-0.124205000,-0.689609000,0.217826750,0.843260515,-0.487492744,-0.061757884,1,0.219176933,0.026910139,-0.802542843,0.217826750,0.843260515,-0.487492744,-0.061757884,10001,104612.818855666,0.003705084,1,0.150098000,0.188931000,-0.748163000,0.069957511,0.536262681,-0.835421763,-0.097973271,1,0.202140302,0.021016778,-0.820499805,0.069957511,0.536262681,-0.835421763,-0.097973271
9.107533125,104612.834364625,vr_world,10001,104612.818855666,0.015509375,1,0.190304000,-0.124205000,-0.689609000,0.217826750,0.843260515,-0.487492744,-0.061757884,1,0.219176933,0.026910139,-0.802542843,0.217826750,0.843260515,-0.487492744,-0.061757884,10001,104612.818855666,0.015509375,1,0.150098000,0.188931000,-0.748163000,0.069957511,0.536262681,-0.835421763,-0.097973271,1,0.202140302,0.021016778,-0.820499805,0.069957511,0.536262681,-0.835421763,-0.097973271
9.119908166,104612.846739666,vr_world,10002,104612.838570291,0.008169834,1,0.188684000,-0.126762000,-0.688822000,0.219304417,0.845385439,-0.483713705,-0.057009502,1,0.216529642,0.024007283,-0.802473527,0.219304417,0.845385439,-0.483713705,-0.057009502,10002,104612.838570291,0.008169834,1,0.148711000,0.186024000,-0.746865000,0.049699403,0.530125320,-0.841025340,-0.095778344,1,0.200012327,0.018251879,-0.820055878,0.049699403,0.530125320,-0.841025340,-0.095778344
9.130883208,104612.857714708,vr_world,10002,104612.838570291,0.019144875,1,0.188684000,-0.126762000,-0.688822000,0.219304417,0.845385439,-0.483713705,-0.057009502,1,0.216529642,0.024007283,-0.802473527,0.219304417,0.845385439,-0.483713705,-0.057009502,10002,104612.838570291,0.019144875,1,0.148711000,0.186024000,-0.746865000,0.049699403,0.530125320,-0.841025340,-0.095778344,1,0.200012327,0.018251879,-0.820055878,0.049699403,0.530125320,-0.841025340,-0.095778344
9.143272750,104612.870104250,vr_world,10003,104612.858450458,0.011654333,1,0.187701000,-0.127503000,-0.689445000,0.219731704,0.845354523,-0.484204090,-0.051381976,1,0.216358829,0.022602337,-0.803771594,0.219731704,0.845354523,-0.484204090,-0.051381976,10003,104612.858450458,0.011654333,1,0.149188000,0.185611000,-0.745040000,0.042290975,0.524827786,-0.843881143,-0.103111032,1,0.198426462,0.018558483,-0.821232329,0.042290975,0.524827786,-0.843881143,-0.103111032
9.155682833,104612.882514333,vr_world,10004,104612.877906000,0.004608791,1,0.187828000,-0.128197000,-0.690725000,0.216727622,0.847672216,-0.481452566,-0.051811001,1,0.215660210,0.022862408,-0.803994063,0.216727622,0.847672216,-0.481452566,-0.051811001,10004,104612.877906000,0.004608791,1,0.147891000,0.185376000,-0.743668000,0.037709806,0.525945623,-0.843193217,-0.104806353,1,0.197852726,0.019005305,-0.820874632,0.037709806,0.525945623,-0.843193217,-0.104806353
9.167729583,104612.894561083,vr_world,10004,104612.877906000,0.016659541,1,0.187828000,-0.128197000,-0.690725000,0.216727622,0.847672216,-0.481452566,-0.051811001,1,0.215660210,0.022862408,-0.803994063,0.216727622,0.847672216,-0.481452566,-0.051811001,10004,104612.877906000,0.016659541,1,0.147891000,0.185376000,-0.743668000,0.037709806,0.525945623,-0.843193217,-0.104806353,1,0.197852726,0.019005305,-0.820874632,0.037709806,0.525945623,-0.843193217,-0.104806353
9.178881208,104612.905712708,vr_world,10005,104612.897285958,0.008427958,1,0.186434000,-0.129930000,-0.693067000,0.213318791,0.851700667,-0.476077782,-0.049507712,1,0.212794082,0.022160104,-0.805304177,0.213318791,0.851700667,-0.476077782,-0.049507712,10005,104612.897285958,0.008427958,1,0.145855000,0.184943000,-0.741185000,0.024803156,0.525696196,-0.843533793,-0.107140345,1,0.196717338,0.019749707,-0.820307950,0.024803156,0.525696196,-0.843533793,-0.107140345
9.190888166,104612.917719666,vr_world,10006,104612.916311166,0.001409292,1,0.185320000,-0.130342000,-0.693525000,0.209790371,0.852361281,-0.476765394,-0.046508139,1,0.212608428,0.022135440,-0.805012523,0.209790371,0.852361281,-0.476765394,-0.046508139,10006,104612.916311166,0.001409292,1,0.144685000,0.185354000,-0.740084000,0.016280537,0.530783664,-0.840265574,-0.109349949,1,0.198242438,0.021777218,-0.820771532,0.016280537,0.530783664,-0.840265574,-0.109349949
9.202814708,104612.929646208,vr_world,10006,104612.916311166,0.013335709,1,0.185320000,-0.130342000,-0.693525000,0.209790371,0.852361281,-0.476765394,-0.046508139,1,0.212608428,0.022135440,-0.805012523,0.209790371,0.852361281,-0.476765394,-0.046508139,10006,104612.916311166,0.013335709,1,0.144685000,0.185354000,-0.740084000,0.016280537,0.530783664,-0.840265574,-0.109349949,1,0.198242438,0.021777218,-0.820771532,0.016280537,0.530783664,-0.840265574,-0.109349949
9.215170000,104612.942001500,vr_world,10007,104612.935560625,0.006441500,1,0.185093000,-0.131201000,-0.694676000,0.206509891,0.852737694,-0.477739280,-0.044241042,1,0.213307756,0.021646721,-0.805423116,0.206509891,0.852737694,-0.477739280,-0.044241042,10007,104612.935560625,0.006441500,1,0.143406000,0.186370000,-0.738794000,0.003418828,0.534623052,-0.837202051,-0.115148730,1,0.199383856,0.025149592,-0.822523749,0.003418828,0.534623052,-0.837202051,-0.115148730
9.227578041,104612.954409541,vr_world,10007,104612.935560625,0.018849708,1,0.185093000,-0.131201000,-0.694676000,0.206509891,0.852737694,-0.477739280,-0.044241042,1,0.213307756,0.021646721,-0.805423116,0.206509891,0.852737694,-0.477739280,-0.044241042,10007,104612.935560625,0.018849708,1,0.143406000,0.186370000,-0.738794000,0.003418828,0.534623052,-0.837202051,-0.115148730,1,0.199383856,0.025149592,-0.822523749,0.003418828,0.534623052,-0.837202051,-0.115148730
9.239960791,104612.966792291,vr_world,10008,104612.954888458,0.011904542,1,0.185173000,-0.130833000,-0.695973000,0.203168530,0.852833467,-0.478728359,-0.047082735,1,0.213721305,0.022849249,-0.805473102,0.203168530,0.852833467,-0.478728359,-0.047082735,10008,104612.954888458,0.011904542,1,0.143942000,0.187736000,-0.737948000,0.001204356,-0.533968664,0.836754132,0.121319983,1,0.199726907,0.027725125,-0.824092129,0.001204356,-0.533968664,0.836754132,0.121319983
9.252358083,104612.979189583,vr_world,10009,104612.974107291,0.005082875,1,0.185453000,-0.130949000,-0.696321000,0.203269667,0.853779746,-0.476855196,-0.048484116,1,0.213110932,0.023021880,-0.805643618,0.203269667,0.853779746,-0.476855196,-0.048484116,10009,104612.974107291,0.005082875,1,0.144896000,0.189394000,-0.737099000,0.000128614,-0.530647694,0.837777110,0.128617739,1,0.198755216,0.029978718,-0.825542183,0.000128614,-0.530647694,0.837777110,0.128617739
9.264771916,104612.991603416,vr_world,10009,104612.974107291,0.017496417,1,0.185453000,-0.130949000,-0.696321000,0.203269667,0.853779746,-0.476855196,-0.048484116,1,0.213110932,0.023021880,-0.805643618,0.203269667,0.853779746,-0.476855196,-0.048484116,10009,104612.974107291,0.017496417,1,0.144896000,0.189394000,-0.737099000,0.000128614,-0.530647694,0.837777110,0.128617739,1,0.198755216,0.029978718,-0.825542183,0.000128614,-0.530647694,0.837777110,0.128617739
9.275987083,104613.002818583,vr_world,10010,104612.993262333,0.009556875,1,0.185926000,-0.130420000,-0.697661000,0.202731909,0.855315641,-0.474336647,-0.048370161,1,0.212677915,0.023890807,-0.806729490,0.202731909,0.855315641,-0.474336647,-0.048370161,10010,104612.993262333,0.009556875,1,0.145810000,0.191915000,-0.736535000,0.002403392,-0.528350435,0.837462010,0.139633173,1,0.198254344,0.034174698,-0.828751175,0.002403392,-0.528350435,0.837462010,0.139633173
9.288381000,104613.015212500,vr_world,10011,104613.012544458,0.002668583,1,0.185534000,-0.129777000,-0.698436000,0.202500227,0.854714930,-0.475762045,-0.045896873,1,0.213141212,0.024224283,-0.807728753,0.202500227,0.854714930,-0.475762045,-0.045896873,10011,104613.012544458,0.002668583,1,0.146673000,0.192685000,-0.737515000,0.001018121,-0.529238382,0.836098701,0.144376802,1,0.198984623,0.035756975,-0.831180975,0.001018121,-0.529238382,0.836098701,0.144376802
9.300769583,104613.027601083,vr_world,10011,104613.012544458,0.015057417,1,0.185534000,-0.129777000,-0.698436000,0.202500227,0.854714930,-0.475762045,-0.045896873,1,0.213141212,0.024224283,-0.807728753,0.202500227,0.854714930,-0.475762045,-0.045896873,10011,104613.012544458,0.015057417,1,0.146673000,0.192685000,-0.737515000,0.001018121,-0.529238382,0.836098701,0.144376802,1,0.198984623,0.035756975,-0.831180975,0.001018121,-0.529238382,0.836098701,0.144376802
9.312213416,104613.039044916,vr_world,10012,104613.032280166,0.006765750,1,0.185302000,-0.128760000,-0.700286000,0.199710660,0.855332372,-0.475998565,-0.044131088,1,0.213444743,0.025620509,-0.808905109,0.199710660,0.855332372,-0.475998565,-0.044131088,10012,104613.032280166,0.006765750,1,0.148636000,0.194076000,-0.738602000,0.002262697,-0.525239662,0.835838684,0.159661745,1,0.198430591,0.039396469,-0.837247698,0.002262697,-0.525239662,0.835838684,0.159661745
9.324590125,104613.051421625,vr_world,10012,104613.032280166,0.019142167,1,0.185302000,-0.128760000,-0.700286000,0.199710660,0.855332372,-0.475998565,-0.044131088,1,0.213444743,0.025620509,-0.808905109,0.199710660,0.855332372,-0.475998565,-0.044131088,10012,104613.032280166,0.019142167,1,0.148636000,0.194076000,-0.738602000,0.002262697,-0.525239662,0.835838684,0.159661745,1,0.198430591,0.039396469,-0.837247698,0.002262697,-0.525239662,0.835838684,0.159661745
9.336214000,104613.063045500,vr_world,10013,104613.051965666,0.011080250,1,0.184693000,-0.128159000,-0.701242000,0.196886728,0.856105075,-0.475970714,-0.042090330,1,0.213302570,0.026606181,-0.809189521,0.196886728,0.856105075,-0.475970714,-0.042090330,10013,104613.051965666,0.011080250,1,0.150174000,0.193995000,-0.739776000,0.005939036,-0.520214941,0.837004155,0.169603029,1,0.197720503,0.040812076,-0.841808256,0.005939036,-0.520214941,0.837004155,0.169603029
9.348618166,104613.075449666,vr_world,10014,104613.070919625,0.004530625,1,0.184562000,-0.127628000,-0.702234000,0.195094224,0.858501657,-0.472555774,-0.040052331,1,0.212247023,0.027638601,-0.809701546,0.195094224,0.858501657,-0.472555774,-0.040052331,10014,104613.070919625,0.004530625,1,0.150822000,0.194442000,-0.741402000,0.010994870,-0.516287098,0.837777151,0.177358933,1,0.196898008,0.042702498,-0.846227290,0.010994870,-0.516287098,0.837777151,0.177358933
9.358642583,104613.085474083,vr_world,10014,104613.070919625,0.014554875,1,0.184562000,-0.127628000,-0.702234000,0.195094224,0.858501657,-0.472555774,-0.040052331,1,0.212247023,0.027638601,-0.809701546,0.195094224,0.858501657,-0.472555774,-0.040052331,10014,104613.070919625,0.014554875,1,0.150822000,0.194442000,-0.741402000,0.010994870,-0.516287098,0.837777151,0.177358933,1,0.196898008,0.042702498,-0.846227290,0.010994870,-0.516287098,0.837777151,0.177358933
9.371052375,104613.097883875,vr_world,10015,104613.090478875,0.007405666,1,0.184140000,-0.126409000,-0.704211000,0.190832692,0.861707805,-0.468665013,-0.037358376,1,0.210992051,0.029818611,-0.810490464,0.190832692,0.861707805,-0.468665013,-0.037358376,10015,104613.090478875,0.007405666,1,0.152344000,0.194816000,-0.745764000,0.024605828,-0.510035858,0.840644465,0.180485070,1,0.197499630,0.044195128,-0.852584134,0.024605828,-0.510035858,0.840644465,0.180485070
9.381545541,104613.108377041,vr_world,10015,104613.090478875,0.017898583,1,0.184140000,-0.126409000,-0.704211000,0.190832692,0.861707805,-0.468665013,-0.037358376,1,0.210992051,0.029818611,-0.810490464,0.190832692,0.861707805,-0.468665013,-0.037358376,10015,104613.090478875,0.017898583,1,0.152344000,0.194816000,-0.745764000,0.024605828,-0.510035858,0.840644465,0.180485070,1,0.197499630,0.044195128,-0.852584134,0.024605828,-0.510035858,0.840644465,0.180485070
9.393515833,104613.120347333,vr_world,10016,104613.109491791,0.010856125,1,0.183875000,-0.125320000,-0.705781000,0.186841598,0.863937587,-0.466196522,-0.036917014,1,0.210146805,0.031865048,-0.810786254,0.186841598,0.863937587,-0.466196522,-0.036917014,10016,104613.109491791,0.010856125,1,0.153737000,0.194465000,-0.747476000,0.031649657,-0.506049386,0.842433865,0.182256693,1,0.198154848,0.044395134,-0.855375602,0.031649657,-0.506049386,0.842433865,0.182256693
9.405921666,104613.132753166,vr_world,10017,104613.129360291,0.003393584,1,0.182991000,-0.123076000,-0.707576000,0.184700513,0.866175246,-0.463168143,-0.033187859,1,0.208699903,0.034465725,-0.812185191,0.184700513,0.866175246,-0.463168143,-0.033187859,10017,104613.129360291,0.003393584,1,0.156075000,0.194979000,-0.752344000,0.036915548,-0.499102998,0.846784287,0.180249303,1,0.198634778,0.044206180,-0.860011994,0.036915548,-0.499102998,0.846784287,0.180249303
9.416212791,104613.143044291,vr_world,10017,104613.129360291,0.013684584,1,0.182991000,-0.123076000,-0.707576000,0.184700513,0.866175246,-0.463168143,-0.033187859,1,0.208699903,0.034465725,-0.812185191,0.184700513,0.866175246,-0.463168143,-0.033187859,10017,104613.129360291,0.013684584,1,0.156075000,0.194979000,-0.752344000,0.036915548,-0.499102998,0.846784287,0.180249303,1,0.198634778,0.044206180,-0.860011994,0.036915548,-0.499102998,0.846784287,0.180249303
9.428640791,104613.155472291,vr_world,10018,104613.148901708,0.006571083,1,0.182468000,-0.121400000,-0.708976000,0.183399444,0.867992161,-0.460555513,-0.029032238,1,0.207760632,0.036258392,-0.813510778,0.183399444,0.867992161,-0.460555513,-0.029032238,10018,104613.148901708,0.006571083,1,0.158493000,0.195101000,-0.754867000,0.034531958,-0.496792254,0.849466742,0.174388227,1,0.200201739,0.042670894,-0.860515798,0.034531958,-0.496792254,0.849466742,0.174388227
9.440475041,104613.167306541,vr_world,10018,104613.148901708,0.018405333,1,0.182468000,-0.121400000,-0.708976000,0.183399444,0.867992161,-0.460555513,-0.029032238,1,0.207760632,0.036258392,-0.813510778,0.183399444,0.867992161,-0.460555513,-0.029032238,10018,104613.148901708,0.018405333,1,0.158493000,0.195101000,-0.754867000,0.034531958,-0.496792254,0.849466742,0.174388227,1,0.200201739,0.042670894,-0.860515798,0.034531958,-0.496792254,0.849466742,0.174388227
9.452854958,104613.179686458,vr_world,10019,104613.169474083,0.010212958,1,0.181863000,-0.119079000,-0.710042000,0.184535994,0.869055366,-0.458380161,-0.024018032,1,0.206833201,0.038109425,-0.815359249,0.184535994,0.869055366,-0.458380161,-0.024018032,10019,104613.169474083,0.010212958,1,0.161546000,0.196149000,-0.757000000,0.029922636,-0.486296201,0.856216147,0.171797996,1,0.198722752,0.041692947,-0.861390800,0.029922636,-0.486296201,0.856216147,0.171797996
9.464217041,104613.191048541,vr_world,10020,104613.189713125,0.001335916,1,0.180856000,-0.115941000,-0.711780000,0.185856883,0.870706108,-0.455148335,-0.012964763,1,0.205850002,0.040292369,-0.818503408,0.185856883,0.870706108,-0.455148335,-0.012964763,10020,104613.189713125,0.001335916,1,0.165305000,0.195339000,-0.761572000,0.027160687,-0.474978908,0.863085503,0.169530964,1,0.197850871,0.039145458,-0.864918922,0.027160687,-0.474978908,0.863085503,0.169530964
9.474881916,104613.201713416,vr_world,10020,104613.189713125,0.012000875,1,0.180856000,-0.115941000,-0.711780000,0.185856883,0.870706108,-0.455148335,-0.012964763,1,0.205850002,0.040292369,-0.818503408,0.185856883,0.870706108,-0.455148335,-0.012964763,10020,104613.189713125,0.012000875,1,0.165305000,0.195339000,-0.761572000,0.027160687,-0.474978908,0.863085503,0.169530964,1,0.197850871,0.039145458,-0.864918922,0.027160687,-0.474978908,0.863085503,0.169530964
9.487291083,104613.214122583,vr_world,10021,104613.210272708,0.003850542,1,0.179717000,-0.114128000,-0.713321000,0.188379595,0.870045092,-0.455556825,-0.001626352,1,0.206142781,0.040569720,-0.821919870,0.188379595,0.870045092,-0.455556825,-0.001626352,10021,104613.210272708,0.003850542,1,0.167690000,0.194723000,-0.762603000,0.023604389,-0.470554762,0.865453522,0.170326893,1,0.198004094,0.037992881,-0.865816203,0.023604389,-0.470554762,0.865453522,0.170326893
9.499701083,104613.226532583,vr_world,10021,104613.210272708,0.016260458,1,0.179717000,-0.114128000,-0.713321000,0.188379595,0.870045092,-0.455556825,-0.001626352,1,0.206142781,0.040569720,-0.821919870,0.188379595,0.870045092,-0.455556825,-0.001626352,10021,104613.210272708,0.016260458,1,0.167690000,0.194723000,-0.762603000,0.023604389,-0.470554762,0.865453522,0.170326893,1,0.198004094,0.037992881,-0.865816203,0.023604389,-0.470554762,0.865453522,0.170326893
9.510254333,104613.237085833,vr_world,10022,104613.230355333,0.006730958,1,0.178459000,-0.111470000,-0.715793000,0.191556755,0.868773556,-0.456351499,0.016787740,1,0.207445791,0.040844236,-0.827074762,0.191556755,0.868773556,-0.456351499,0.016787740,10022,104613.230355333,0.006730958,1,0.171329000,0.194837000,-0.766351000,0.019123025,-0.456806441,0.873070338,0.169441347,1,0.195768465,0.036508702,-0.868679408,0.019123025,-0.456806441,0.873070338,0.169441347
9.522574708,104613.249406208,vr_world,10022,104613.230355333,0.019051208,1,0.178459000,-0.111470000,-0.715793000,0.191556755,0.868773556,-0.456351499,0.016787740,1,0.207445791,0.040844236,-0.827074762,0.191556755,0.868773556,-0.456351499,0.016787740,10022,104613.230355333,0.019051208,1,0.171329000,0.194837000,-0.766351000,0.019123025,-0.456806441,0.873070338,0.169441347,1,0.195768465,0.036508702,-0.868679408,0.019123025,-0.456806441,0.873070338,0.169441347
9.533845333,104613.260676833,vr_world,10023,104613.249966166,0.010711000,1,0.178323000,-0.111332000,-0.716751000,0.191857210,0.872220028,-0.449380744,0.021908456,1,0.205339230,0.041005808,-0.828495265,0.191857210,0.872220028,-0.449380744,0.021908456,10023,104613.249966166,0.010711000,1,0.171860000,0.194417000,-0.768160000,0.020277638,-0.452945367,0.875742907,0.165842313,1,0.195153939,0.035247255,-0.869444863,0.020277638,-0.452945367,0.875742907,0.165842313
9.546233250,104613.273064750,vr_world,10024,104613.269324333,0.003740875,1,0.178687000,-0.109570000,-0.719794000,0.189189608,0.875295019,-0.443950526,0.031206616,1,0.205109142,0.042884771,-0.831520913,0.189189608,0.875295019,-0.443950526,0.031206616,10024,104613.269324333,0.003740875,1,0.173376000,0.192843000,-0.771508000,0.024828520,-0.444614622,0.879723992,0.166694570,1,0.193973258,0.033712252,-0.873436383,0.024828520,-0.444614622,0.879723992,0.166694570
9.558023833,104613.284855333,vr_world,10024,104613.269324333,0.015531292,1,0.178687000,-0.109570000,-0.719794000,0.189189608,0.875295019,-0.443950526,0.031206616,1,0.205109142,0.042884771,-0.831520913,0.189189608,0.875295019,-0.443950526,0.031206616,10024,104613.269324333,0.015531292,1,0.173376000,0.192843000,-0.771508000,0.024828520,-0.444614622,0.879723992,0.166694570,1,0.193973258,0.033712252,-0.873436383,0.024828520,-0.444614622,0.879723992,0.166694570
9.570401708,104613.297233208,vr_world,10025,104613.288831083,0.008402625,1,0.178825000,-0.109334000,-0.721938000,0.187353069,0.876577574,-0.442125441,0.032181977,1,0.204797888,0.043550178,-0.833182250,0.187353069,0.876577574,-0.442125441,0.032181977,10025,104613.288831083,0.008402625,1,0.173922000,0.191728000,-0.773373000,0.030672845,-0.438635339,0.881802024,0.170538576,1,0.192768017,0.033507674,-0.877042429,0.030672845,-0.438635339,0.881802024,0.170538576
9.582790708,104613.309622208,vr_world,10026,104613.308552875,0.001069875,1,0.179295000,-0.109058000,-0.723362000,0.183722005,0.878827770,-0.439235380,0.031309036,1,0.204249868,0.044865852,-0.833399005,0.183722005,0.878827770,-0.439235380,0.031309036,10026,104613.308552875,0.001069875,1,0.173760000,0.191014000,-0.775000000,0.033892569,-0.434736818,0.883078315,0.173285551,1,0.191390503,0.033409861,-0.879815692,0.033892569,-0.434736818,0.883078315,0.173285551
9.593977458,104613.320808958,vr_world,10026,104613.308552875,0.012256625,1,0.179295000,-0.109058000,-0.723362000,0.183722005,0.878827770,-0.439235380,0.031309036,1,0.204249868,0.044865852,-0.833399005,0.183722005,0.878827770,-0.439235380,0.031309036,10026,104613.308552875,0.012256625,1,0.173760000,0.191014000,-0.775000000,0.033892569,-0.434736818,0.883078315,0.173285551,1,0.191390503,0.033409861,-0.879815692,0.033892569,-0.434736818,0.883078315,0.173285551
9.605545000,104613.332376500,vr_world,10027,104613.328720916,0.003656167,1,0.179740000,-0.108290000,-0.727316000,0.179411808,0.882777700,-0.432971102,0.032418523,1,0.202701233,0.046835193,-0.836092887,0.179411808,0.882777700,-0.432971102,0.032418523,10027,104613.328720916,0.003656167,1,0.174249000,0.188654000,-0.779557000,0.034327768,-0.424912698,0.887731554,0.173791517,1,0.188129788,0.030744910,-0.884477373,0.034327768,-0.424912698,0.887731554,0.173791517
9.617857291,104613.344688791,vr_world,10027,104613.328720916,0.015968459,1,0.179740000,-0.108290000,-0.727316000,0.179411808,0.882777700,-0.432971102,0.032418523,1,0.202701233,0.046835193,-0.836092887,0.179411808,0.882777700,-0.432971102,0.032418523,10027,104613.328720916,0.015968459,1,0.174249000,0.188654000,-0.779557000,0.034327768,-0.424912698,0.887731554,0.173791517,1,0.188129788,0.030744910,-0.884477373,0.034327768,-0.424912698,0.887731554,0.173791517
9.629548833,104613.356380333,vr_world,10028,104613.349302166,0.007078709,1,0.180041000,-0.107111000,-0.730029000,0.176771328,0.885782622,-0.427880295,0.032549910,1,0.201219350,0.048848722,-0.837971059,0.176771328,0.885782622,-0.427880295,0.032549910,10028,104613.349302166,0.007078709,1,0.175184000,0.189932000,-0.780262000,0.040790490,-0.425904297,0.887682629,0.170179953,1,0.190515156,0.031911263,-0.884811515,0.040790490,-0.425904297,0.887682629,0.170179953
9.640867291,104613.367698791,vr_world,10028,104613.349302166,0.018397292,1,0.180041000,-0.107111000,-0.730029000,0.176771328,0.885782622,-0.427880295,0.032549910,1,0.201219350,0.048848722,-0.837971059,0.176771328,0.885782622,-0.427880295,0.032549910,10028,104613.349302166,0.018397292,1,0.175184000,0.189932000,-0.780262000,0.040790490,-0.425904297,0.887682629,0.170179953,1,0.190515156,0.031911263,-0.884811515,0.040790490,-0.425904297,0.887682629,0.170179953
9.653273875,104613.380105375,vr_world,10029,104613.368523791,0.011582084,1,0.179697000,-0.105673000,-0.732943000,0.178836132,0.888246215,-0.421308907,0.039180413,1,0.199205072,0.049646360,-0.842116093,0.178836132,0.888246215,-0.421308907,0.039180413,10029,104613.368523791,0.011582084,1,0.174946000,0.188968000,-0.782726000,0.039546189,-0.429564555,0.887173778,0.163808060,1,0.191827827,0.029763346,-0.885220513,0.039546189,-0.429564555,0.887173778,0.163808060
9.665688166,104613.392519666,vr_world,10030,104613.388209833,0.004310250,1,0.177967000,-0.105923000,-0.734695000,0.179138475,0.886914469,-0.422824889,0.050112331,1,0.199638503,0.048288601,-0.845024224,0.179138475,0.886914469,-0.422824889,0.050112331,10030,104613.388209833,0.004310250,1,0.176802000,0.188369000,-0.782279000,0.034767415,-0.425193337,0.889821541,0.161924297,1,0.191441650,0.028216349,-0.883634981,0.034767415,-0.425193337,0.889821541,0.161924297
9.677697041,104613.404528541,vr_world,10030,104613.388209833,0.016319167,1,0.177967000,-0.105923000,-0.734695000,0.179138475,0.886914469,-0.422824889,0.050112331,1,0.199638503,0.048288601,-0.845024224,0.179138475,0.886914469,-0.422824889,0.050112331,10030,104613.388209833,0.016319167,1,0.176802000,0.188369000,-0.782279000,0.034767415,-0.425193337,0.889821541,0.161924297,1,0.191441650,0.028216349,-0.883634981,0.034767415,-0.425193337,0.889821541,0.161924297
9.688214500,104613.415046000,vr_world,10031,104613.407766333,0.007280167,1,0.176078000,-0.107909000,-0.737153000,0.173159045,0.885418429,-0.425450430,0.071007624,1,0.202187486,0.045544356,-0.847578588,0.173159045,0.885418429,-0.425450430,0.071007624,10031,104613.407766333,0.007280167,1,0.178560000,0.187430000,-0.782087000,0.030736288,-0.423369129,0.890745232,0.162440120,1,0.191931647,0.026968313,-0.883128749,0.030736288,-0.423369129,0.890745232,0.162440120
9.698881750,104613.425713250,vr_world,10031,104613.407766333,0.017947375,1,0.176078000,-0.107909000,-0.737153000,0.173159045,0.885418429,-0.425450430,0.071007624,1,0.202187486,0.045544356,-0.847578588,0.173159045,0.885418429,-0.425450430,0.071007624,10031,104613.407766333,0.017947375,1,0.178560000,0.187430000,-0.782087000,0.030736288,-0.423369129,0.890745232,0.162440120,1,0.191931647,0.026968313,-0.883128749,0.030736288,-0.423369129,0.890745232,0.162440120
9.711277833,104613.438109333,vr_world,10032,104613.428087625,0.010022208,1,0.178466000,-0.111817000,-0.737617000,0.156639677,0.891247752,-0.422068696,0.054767435,1,0.201588892,0.046606672,-0.841495261,0.156639677,0.891247752,-0.422068696,0.054767435,10032,104613.428087625,0.010022208,1,0.178168000,0.187036000,-0.780955000,0.047352330,-0.416520561,0.891400152,0.172261858,1,0.190717722,0.029634296,-0.886801241,0.047352330,-0.416520561,0.891400152,0.172261858
9.723680958,104613.450512458,vr_world,10033,104613.448054333,0.002458542,1,0.181336000,-0.111072000,-0.736951000,0.162917580,0.892788922,-0.417649142,0.044215354,1,0.200960078,0.047224165,-0.841739649,0.162917580,0.892788922,-0.417649142,0.044215354,10033,104613.448054333,0.002458542,1,0.179340000,0.187725000,-0.781133000,0.045144281,-0.418324828,0.892483182,0.162604129,1,0.192714499,0.028307377,-0.883814139,0.045144281,-0.418324828,0.892483182,0.162604129
9.736093750,104613.462925250,vr_world,10033,104613.448054333,0.014871417,1,0.181336000,-0.111072000,-0.736951000,0.162917580,0.892788922,-0.417649142,0.044215354,1,0.200960078,0.047224165,-0.841739649,0.162917580,0.892788922,-0.417649142,0.044215354,10033,104613.448054333,0.014871417,1,0.179340000,0.187725000,-0.781133000,0.045144281,-0.418324828,0.892483182,0.162604129,1,0.192714499,0.028307377,-0.883814139,0.045144281,-0.418324828,0.892483182,0.162604129
9.748493958,104613.475325458,vr_world,10034,104613.466902916,0.008422959,1,0.180709000,-0.114104000,-0.736499000,0.162693323,0.891059601,-0.421740996,0.040965876,1,0.201451436,0.044299336,-0.840909688,0.162693323,0.891059601,-0.421740996,0.040965876,10034,104613.466902916,0.008422959,1,0.180686000,0.184559000,-0.779634000,0.044149930,-0.417625562,0.891670249,0.169008404,1,0.193358659,0.026277920,-0.884145771,0.044149930,-0.417625562,0.891670249,0.169008404
9.760917000,104613.487748500,vr_world,10035,104613.486137000,0.001611833,1,0.181572000,-0.114394000,-0.737011000,0.162222063,0.892042542,-0.419751507,0.041866187,1,0.201701647,0.044130178,-0.841358038,0.162222063,0.892042542,-0.419751507,0.041866187,10035,104613.486137000,0.001611833,1,0.180783000,0.184418000,-0.779254000,0.041997456,-0.414475841,0.893389678,0.168228634,1,0.191982886,0.025696416,-0.883265044,0.041997456,-0.414475841,0.893389678,0.168228634
9.771486791,104613.498318291,vr_world,10035,104613.486137000,0.012181833,1,0.181572000,-0.114394000,-0.737011000,0.162222063,0.892042542,-0.419751507,0.041866187,1,0.201701647,0.044130178,-0.841358038,0.162222063,0.892042542,-0.419751507,0.041866187,10035,104613.486137000,0.012181833,1,0.180783000,0.184418000,-0.779254000,0.041997456,-0.414475841,0.893389678,0.168228634,1,0.191982886,0.025696416,-0.883265044,0.041997456,-0.414475841,0.893389678,0.168228634
9.782651958,104613.509483458,vr_world,10036,104613.505721875,0.003762041,1,0.182648000,-0.116966000,-0.737575000,0.162341639,0.892831555,-0.418261393,0.039426051,1,0.201856429,0.041812775,-0.841708491,0.162341639,0.892831555,-0.418261393,0.039426051,10036,104613.505721875,0.003762041,1,0.180133000,0.182880000,-0.779236000,0.045786719,-0.415146868,0.892929682,0.168027491,1,0.192129147,0.024461938,-0.883620134,0.045786719,-0.415146868,0.892929682,0.168027491
9.793794083,104613.520625583,vr_world,10036,104613.505721875,0.014904375,1,0.182648000,-0.116966000,-0.737575000,0.162341639,0.892831555,-0.418261393,0.039426051,1,0.201856429,0.041812775,-0.841708491,0.162341639,0.892831555,-0.418261393,0.039426051,10036,104613.505721875,0.014904375,1,0.180133000,0.182880000,-0.779236000,0.045786719,-0.415146868,0.892929682,0.168027491,1,0.192129147,0.024461938,-0.883620134,0.045786719,-0.415146868,0.892929682,0.168027491
9.805548666,104613.532380166,vr_world,10037,104613.526305500,0.006075125,1,0.182632000,-0.118429000,-0.738530000,0.159161042,0.893455327,-0.418422801,0.036437644,1,0.201641232,0.041209218,-0.841378013,0.159161042,0.893455327,-0.418422801,0.036437644,10037,104613.526305500,0.006075125,1,0.180050000,0.182786000,-0.779882000,0.048645230,-0.415750521,0.893513527,0.162538374,1,0.192925612,0.023560465,-0.882924164,0.048645230,-0.415750521,0.893513527,0.162538374
9.817957416,104613.544788916,vr_world,10037,104613.526305500,0.018484041,1,0.182632000,-0.118429000,-0.738530000,0.159161042,0.893455327,-0.418422801,0.036437644,1,0.201641232,0.041209218,-0.841378013,0.159161042,0.893455327,-0.418422801,0.036437644,10037,104613.526305500,0.018484041,1,0.180050000,0.182786000,-0.779882000,0.048645230,-0.415750521,0.893513527,0.162538374,1,0.192925612,0.023560465,-0.882924164,0.048645230,-0.415750521,0.893513527,0.162538374
9.830368625,104613.557200125,vr_world,10038,104613.546048916,0.011151625,1,0.182276000,-0.120410000,-0.739272000,0.155879642,0.893514689,-0.419614254,0.035452999,1,0.201769008,0.039881695,-0.841007020,0.155879642,0.893514689,-0.419614254,0.035452999,10038,104613.546048916,0.011151625,1,0.181460000,0.181307000,-0.780029000,0.043850154,-0.414149532,0.894577018,0.162139714,1,0.193070444,0.021552009,-0.882399869,0.043850154,-0.414149532,0.894577018,0.162139714
9.840869083,104613.567700583,vr_world,10039,104613.565665375,0.002035708,1,0.182251000,-0.120945000,-0.739114000,0.157765459,0.892031057,-0.422140949,0.034462631,1,0.202486147,0.038935806,-0.841349746,0.157765459,0.892031057,-0.422140949,0.034462631,10039,104613.565665375,0.002035708,1,0.181913000,0.181406000,-0.779714000,0.042346117,-0.413747777,0.894795036,0.162362024,1,0.193151429,0.021556201,-0.881978163,0.042346117,-0.413747777,0.894795036,0.162362024
9.853284083,104613.580115583,vr_world,10039,104613.565665375,0.014450500,1,0.182251000,-0.120945000,-0.739114000,0.157765459,0.892031057,-0.422140949,0.034462631,1,0.202486147,0.038935806,-0.841349746,0.157765459,0.892031057,-0.422140949,0.034462631,10039,104613.565665375,0.014450500,1,0.181913000,0.181406000,-0.779714000,0.042346117,-0.413747777,0.894795036,0.162362024,1,0.193151429,0.021556201,-0.881978163,0.042346117,-0.413747777,0.894795036,0.162362024
9.865684833,104613.592516333,vr_world,10040,104613.585794500,0.006722041,1,0.181497000,-0.121789000,-0.739230000,0.158361726,0.890863881,-0.424556699,0.032167034,1,0.202317042,0.038035907,-0.841435370,0.158361726,0.890863881,-0.424556699,0.032167034,10040,104613.585794500,0.006722041,1,0.182188000,0.180617000,-0.779495000,0.042119966,-0.413736540,0.894934181,0.161681152,1,0.193421897,0.020617700,-0.881525724,0.042119966,-0.413736540,0.894934181,0.161681152
9.878100958,104613.604932458,vr_world,10040,104613.585794500,0.019138583,1,0.181497000,-0.121789000,-0.739230000,0.158361726,0.890863881,-0.424556699,0.032167034,1,0.202317042,0.038035907,-0.841435370,0.158361726,0.890863881,-0.424556699,0.032167034,10040,104613.585794500,0.019138583,1,0.182188000,0.180617000,-0.779495000,0.042119966,-0.413736540,0.894934181,0.161681152,1,0.193421897,0.020617700,-0.881525724,0.042119966,-0.413736540,0.894934181,0.161681152
9.888224208,104613.615055708,vr_world,10041,104613.605399666,0.009656500,1,0.180540000,-0.123085000,-0.739738000,0.156744553,0.889345149,-0.428356776,0.031730483,1,0.202847615,0.036872853,-0.841420318,0.156744553,0.889345149,-0.428356776,0.031730483,10041,104613.605399666,0.009656500,1,0.183410000,0.179334000,-0.778958000,0.042212330,-0.411748856,0.895734779,0.162296655,1,0.193864618,0.019400213,-0.881174009,0.042212330,-0.411748856,0.895734779,0.162296655
9.898883000,104613.625714500,vr_world,10042,104613.625661375,0.000053583,1,0.180999000,-0.123268000,-0.739503000,0.159065884,0.888416110,-0.429425011,0.031765086,1,0.203602438,0.036179192,-0.841919563,0.159065884,0.888416110,-0.429425011,0.031765086,10042,104613.625661375,0.000053583,1,0.183765000,0.177826000,-0.778153000,0.041044680,-0.410921357,0.895569800,0.165570850,1,0.193591672,0.018401228,-0.881222865,0.041044680,-0.410921357,0.895569800,0.165570850
9.910021625,104613.636853125,vr_world,10042,104613.625661375,0.011192291,1,0.180999000,-0.123268000,-0.739503000,0.159065884,0.888416110,-0.429425011,0.031765086,1,0.203602438,0.036179192,-0.841919563,0.159065884,0.888416110,-0.429425011,0.031765086,10042,104613.625661375,0.011192291,1,0.183765000,0.177826000,-0.778153000,0.041044680,-0.410921357,0.895569800,0.165570850,1,0.193591672,0.018401228,-0.881222865,0.041044680,-0.410921357,0.895569800,0.165570850
9.922429000,104613.649260500,vr_world,10043,104613.644268166,0.004992709,1,0.181919000,-0.124466000,-0.738938000,0.161328807,0.888977913,-0.427580916,0.029425252,1,0.203374667,0.034844210,-0.841813370,0.161328807,0.888977913,-0.427580916,0.029425252,10043,104613.644268166,0.004992709,1,0.184025000,0.175599000,-0.776074000,0.047448087,-0.410172535,0.894798429,0.169832100,1,0.194268409,0.017524551,-0.881163275,0.047448087,-0.410172535,0.894798429,0.169832100
9.934845375,104613.661676875,vr_world,10043,104613.644268166,0.017409250,1,0.181919000,-0.124466000,-0.738938000,0.161328807,0.888977913,-0.427580916,0.029425252,1,0.203374667,0.034844210,-0.841813370,0.161328807,0.888977913,-0.427580916,0.029425252,10043,104613.644268166,0.017409250,1,0.184025000,0.175599000,-0.776074000,0.047448087,-0.410172535,0.894798429,0.169832100,1,0.194268409,0.017524551,-0.881163275,0.047448087,-0.410172535,0.894798429,0.169832100
9.947087083,104613.673918583,vr_world,10044,104613.663990166,0.009928959,1,0.182121000,-0.124591000,-0.737766000,0.165112028,0.886935787,-0.430370552,0.029395846,1,0.204444406,0.033822678,-0.841834168,0.165112028,0.886935787,-0.430370552,0.029395846,10044,104613.663990166,0.009928959,1,0.184757000,0.174683000,-0.775134000,0.047303941,-0.410206276,0.894165917,0.173090905,1,0.194846415,0.017243595,-0.881187071,0.047303941,-0.410206276,0.894165917,0.173090905
9.959294750,104613.686126250,vr_world,10045,104613.683257916,0.002868959,1,0.182457000,-0.125049000,-0.736969000,0.169616503,0.885992810,-0.430804009,0.025590784,1,0.204180362,0.032773334,-0.842057660,0.169616503,0.885992810,-0.430804009,0.025590784,10045,104613.683257916,0.002868959,1,0.186216000,0.174219000,-0.774594000,0.042491473,-0.408600513,0.894480507,0.176478665,1,0.194853172,0.016997700,-0.881097926,0.042491473,-0.408600513,0.894480507,0.176478665
9.970882583,104613.697714083,vr_world,10045,104613.683257916,0.014456709,1,0.182457000,-0.125049000,-0.736969000,0.169616503,0.885992810,-0.430804009,0.025590784,1,0.204180362,0.032773334,-0.842057660,0.169616503,0.885992810,-0.430804009,0.025590784,10045,104613.683257916,0.014456709,1,0.186216000,0.174219000,-0.774594000,0.042491473,-0.408600513,0.894480507,0.176478665,1,0.194853172,0.016997700,-0.881097926,0.042491473,-0.408600513,0.894480507,0.176478665
9.983284041,104613.710115541,vr_world,10046,104613.703293625,0.006822250,1,0.183379000,-0.126222000,-0.735793000,0.171860800,0.885516115,-0.431214365,0.019474237,1,0.204301943,0.031650626,-0.840968591,0.171860800,0.885516115,-0.431214365,0.019474237,10046,104613.703293625,0.006822250,1,0.187214000,0.172771000,-0.773680000,0.037464189,-0.405386351,0.895526969,0.179693595,1,0.193764667,0.015680142,-0.880524646,0.037464189,-0.405386351,0.895526969,0.179693595
9.995696375,104613.722527875,vr_world,10047,104613.721876625,0.000651666,1,0.183105000,-0.126981000,-0.734407000,0.174351301,0.885619954,-0.429977018,0.019967085,1,0.203477061,0.030428368,-0.840382122,0.174351301,0.885619954,-0.429977018,0.019967085,10047,104613.721876625,0.000651666,1,0.187134000,0.172186000,-0.772960000,0.036693668,-0.403421226,0.896728865,0.178275717,1,0.192895202,0.014700947,-0.879268489,0.036693668,-0.403421226,0.896728865,0.178275717
10.007678000,104613.734509500,vr_world,10047,104613.721876625,0.012633166,1,0.183105000,-0.126981000,-0.734407000,0.174351301,0.885619954,-0.429977018,0.019967085,1,0.203477061,0.030428368,-0.840382122,0.174351301,0.885619954,-0.429977018,0.019967085,10047,104613.721876625,0.012633166,1,0.187134000,0.172186000,-0.772960000,0.036693668,-0.403421226,0.896728865,0.178275717,1,0.192895202,0.014700947,-0.879268489,0.036693668,-0.403421226,0.896728865,0.178275717
10.018762166,104613.745593666,vr_world,10048,104613.741230000,0.004364208,1,0.182808000,-0.128678000,-0.732861000,0.173774298,0.885667581,-0.430206309,0.017831466,1,0.203011943,0.029014346,-0.838446731,0.173774298,0.885667581,-0.430206309,0.017831466,10048,104613.741230000,0.004364208,1,0.186622000,0.170657000,-0.771505000,0.037011150,-0.402233228,0.897539015,0.176811541,1,0.192044101,0.012882362,-0.877401031,0.037011150,-0.402233228,0.897539015,0.176811541
10.029552166,104613.756383666,vr_world,10048,104613.741230000,0.015154166,1,0.182808000,-0.128678000,-0.732861000,0.173774298,0.885667581,-0.430206309,0.017831466,1,0.203011943,0.029014346,-0.838446731,0.173774298,0.885667581,-0.430206309,0.017831466,10048,104613.741230000,0.015154166,1,0.186622000,0.170657000,-0.771505000,0.037011150,-0.402233228,0.897539015,0.176811541,1,0.192044101,0.012882362,-0.877401031,0.037011150,-0.402233228,0.897539015,0.176811541
10.040873583,104613.767705083,vr_world,10049,104613.760463625,0.007242000,1,0.182375000,-0.129180000,-0.731444000,0.175768290,0.885259343,-0.430197155,0.018756653,1,0.202585348,0.028037077,-0.837734940,0.175768290,0.885259343,-0.430197155,0.018756653,10049,104613.760463625,0.007242000,1,0.185557000,0.170154000,-0.770547000,0.040473657,-0.403329897,0.897686296,0.172760505,1,0.192069902,0.011893810,-0.875654192,0.040473657,-0.403329897,0.897686296,0.172760505
10.053285166,104613.780116666,vr_world,10049,104613.760463625,0.019653500,1,0.182375000,-0.129180000,-0.731444000,0.175768290,0.885259343,-0.430197155,0.018756653,1,0.202585348,0.028037077,-0.837734940,0.175768290,0.885259343,-0.430197155,0.018756653,10049,104613.760463625,0.019653500,1,0.185557000,0.170154000,-0.770547000,0.040473657,-0.403329897,0.897686296,0.172760505,1,0.192069902,0.011893810,-0.875654192,0.040473657,-0.403329897,0.897686296,0.172760505
10.065698000,104613.792529500,vr_world,10050,104613.780544458,0.011985500,1,0.181698000,-0.130952000,-0.730384000,0.172140980,0.885569136,-0.431011772,0.019069374,1,0.202472526,0.026911537,-0.835602646,0.172140980,0.885569136,-0.431011772,0.019069374,10050,104613.780544458,0.011985500,1,0.185717000,0.168959000,-0.769266000,0.043852179,-0.404237721,0.897938663,0.168448834,1,0.193245168,0.010156374,-0.873483555,0.043852179,-0.404237721,0.897938663,0.168448834
10.077155166,104613.803986666,vr_world,10051,104613.799697208,0.004289708,1,0.180059000,-0.132966000,-0.728018000,0.169692452,0.884762401,-0.433550864,0.020823387,1,0.202185966,0.025078539,-0.832687744,0.169692452,0.884762401,-0.433550864,0.020823387,10051,104613.799697208,0.004289708,1,0.185703000,0.167212000,-0.766214000,0.043235440,-0.404159955,0.898013680,0.168394947,1,0.193117433,0.008345501,-0.870342265,0.043235440,-0.404159955,0.898013680,0.168394947
10.089544375,104613.816375875,vr_world,10051,104613.799697208,0.016679000,1,0.180059000,-0.132966000,-0.728018000,0.169692452,0.884762401,-0.433550864,0.020823387,1,0.202185966,0.025078539,-0.832687744,0.169692452,0.884762401,-0.433550864,0.020823387,10051,104613.799697208,0.016679000,1,0.185703000,0.167212000,-0.766214000,0.043235440,-0.404159955,0.898013680,0.168394947,1,0.193117433,0.008345501,-0.870342265,0.043235440,-0.404159955,0.898013680,0.168394947
10.101549958,104613.828381458,vr_world,10052,104613.818825041,0.009556959,1,0.178846000,-0.134340000,-0.726290000,0.166581256,0.884054964,-0.436137153,0.021951970,1,0.202297087,0.024056118,-0.830136834,0.166581256,0.884054964,-0.436137153,0.021951970,10052,104613.818825041,0.009556959,1,0.184967000,0.166218000,-0.763810000,0.045518581,-0.403244238,0.898167889,0.169164376,1,0.192318611,0.007672947,-0.868431522,0.045518581,-0.403244238,0.898167889,0.169164376
10.113954833,104613.840786333,vr_world,10053,104613.838245500,0.002541166,1,0.177868000,-0.136755000,-0.722735000,0.165314108,0.883645206,-0.437362243,0.023593748,1,0.202083437,0.021670565,-0.826361118,0.165314108,0.883645206,-0.437362243,0.023593748,10053,104613.838245500,0.002541166,1,0.184562000,0.163966000,-0.759554000,0.049785558,-0.402364345,0.899082654,0.165150580,1,0.192355279,0.004972957,-0.863460936,0.049785558,-0.402364345,0.899082654,0.165150580
10.125553000,104613.852384500,vr_world,10053,104613.838245500,0.014139541,1,0.177868000,-0.136755000,-0.722735000,0.165314108,0.883645206,-0.437362243,0.023593748,1,0.202083437,0.021670565,-0.826361118,0.165314108,0.883645206,-0.437362243,0.023593748,10053,104613.838245500,0.014139541,1,0.184562000,0.163966000,-0.759554000,0.049785558,-0.402364345,0.899082654,0.165150580,1,0.192355279,0.004972957,-0.863460936,0.049785558,-0.402364345,0.899082654,0.165150580
10.137969250,104613.864800750,vr_world,10054,104613.857244000,0.007559041,1,0.177892000,-0.137801000,-0.719952000,0.163237257,0.883860690,-0.437789279,0.022009689,1,0.202176872,0.021131900,-0.822782086,0.163237257,0.883860690,-0.437789279,0.022009689,10054,104613.857244000,0.007559041,1,0.184998000,0.162585000,-0.755924000,0.053292109,-0.400788049,0.899021995,0.168191390,1,0.192563538,0.004449234,-0.861147883,0.053292109,-0.400788049,0.899021995,0.168191390
10.150381708,104613.877213208,vr_world,10055,104613.877015041,0.000198500,1,0.177550000,-0.138853000,-0.716550000,0.165152734,0.883363926,-0.438063127,0.022213660,1,0.201859223,0.019674068,-0.819998935,0.165152734,0.883363926,-0.438063127,0.022213660,10055,104613.877015041,0.000198500,1,0.185326000,0.161488000,-0.753111000,0.053764402,-0.399332213,0.899847430,0.167086133,1,0.192450613,0.003144263,-0.858052300,0.053764402,-0.399332213,0.899847430,0.167086133
10.162824000,104613.889655500,vr_world,10055,104613.877015041,0.012641292,1,0.177550000,-0.138853000,-0.716550000,0.165152734,0.883363926,-0.438063127,0.022213660,1,0.201859223,0.019674068,-0.819998935,0.165152734,0.883363926,-0.438063127,0.022213660,10055,104613.877015041,0.012641292,1,0.185326000,0.161488000,-0.753111000,0.053764402,-0.399332213,0.899847430,0.167086133,1,0.192450613,0.003144263,-0.858052300,0.053764402,-0.399332213,0.899847430,0.167086133
10.175269625,104613.902101125,vr_world,10056,104613.897238000,0.004865125,1,0.176681000,-0.141146000,-0.710440000,0.165013154,0.882890344,-0.439035897,0.022864394,1,0.201460379,0.017288802,-0.813918512,0.165013154,0.882890344,-0.439035897,0.022864394,10056,104613.897238000,0.004865125,1,0.184987000,0.159202000,-0.746762000,0.057473655,-0.397838914,0.900339966,0.166760075,1,0.192093299,0.001076523,-0.852033259,0.057473655,-0.397838914,0.900339966,0.166760075
10.186813166,104613.913644666,vr_world,10056,104613.897238000,0.016407125,1,0.176681000,-0.141146000,-0.710440000,0.165013154,0.882890344,-0.439035897,0.022864394,1,0.201460379,0.017288802,-0.813918512,0.165013154,0.882890344,-0.439035897,0.022864394,10056,104613.897238000,0.016407125,1,0.184987000,0.159202000,-0.746762000,0.057473655,-0.397838914,0.900339966,0.166760075,1,0.192093299,0.001076523,-0.852033259,0.057473655,-0.397838914,0.900339966,0.166760075
10.199227833,104613.926059333,vr_world,10057,104613.916455166,0.009604667,1,0.176200000,-0.142188000,-0.706418000,0.165342117,0.882338600,-0.439927147,0.024590330,1,0.201536280,0.015977322,-0.810173596,0.165342117,0.882338600,-0.439927147,0.024590330,10057,104613.916455166,0.009604667,1,0.184956000,0.158371000,-0.743438000,0.057564544,-0.398410879,0.900641404,0.163707535,1,0.192415202,-0.000337521,-0.847803604,0.057564544,-0.398410879,0.900641404,0.163707535
10.210895541,104613.937727041,vr_world,10058,104613.936161458,0.001566208,1,0.174772000,-0.145238000,-0.699393000,0.163213488,0.881705278,-0.441867150,0.026656743,1,0.201254545,0.013033575,-0.802699609,0.163213488,0.881705278,-0.441867150,0.026656743,10058,104613.936161458,0.001566208,1,0.184882000,0.156375000,-0.736994000,0.059772933,-0.397758946,0.901309772,0.160797114,1,0.192526886,-0.002731746,-0.840737991,0.059772933,-0.397758946,0.901309772,0.160797114
10.223316708,104613.950148208,vr_world,10058,104613.936161458,0.014000375,1,0.174772000,-0.145238000,-0.699393000,0.163213488,0.881705278,-0.441867150,0.026656743,1,0.201254545,0.013033575,-0.802699609,0.163213488,0.881705278,-0.441867150,0.026656743,10058,104613.936161458,0.014000375,1,0.184882000,0.156375000,-0.736994000,0.059772933,-0.397758946,0.901309772,0.160797114,1,0.192526886,-0.002731746,-0.840737991,0.059772933,-0.397758946,0.901309772,0.160797114
10.235741375,104613.962572875,vr_world,10059,104613.955253041,0.007320167,1,0.173829000,-0.146836000,-0.695510000,0.159257303,0.881444728,-0.443642428,0.029558407,1,0.201607314,0.011830432,-0.797866102,0.159257303,0.881444728,-0.443642428,0.029558407,10059,104613.955253041,0.007320167,1,0.184706000,0.155291000,-0.733436000,0.061246702,-0.397732323,0.902351719,0.154334752,1,0.192800084,-0.004944297,-0.835393736,0.061246702,-0.397732323,0.902351719,0.154334752
10.248168833,104613.975000333,vr_world,10060,104613.974938250,0.000062458,1,0.173310000,-0.148529000,-0.691335000,0.158502545,0.881309032,-0.444046203,0.031532577,1,0.201552089,0.010087951,-0.793640980,0.158502545,0.881309032,-0.444046203,0.031532577,10060,104613.974938250,0.000062458,1,0.184603000,0.153206000,-0.728647000,0.063378106,-0.397415450,0.902328624,0.154425483,1,0.192880574,-0.006844444,-0.830879692,0.063378106,-0.397415450,0.902328624,0.154425483
10.260598666,104613.987430166,vr_world,10060,104613.974938250,0.012493875,1,0.173310000,-0.148529000,-0.691335000,0.158502545,0.881309032,-0.444046203,0.031532577,1,0.201552089,0.010087951,-0.793640980,0.158502545,0.881309032,-0.444046203,0.031532577,10060,104613.974938250,0.012493875,1,0.184603000,0.153206000,-0.728647000,0.063378106,-0.397415450,0.902328624,0.154425483,1,0.192880574,-0.006844444,-0.830879692,0.063378106,-0.397415450,0.902328624,0.154425483
10.272229166,104613.999060666,vr_world,10061,104613.993765541,0.005295792,1,0.171985000,-0.151252000,-0.683570000,0.156423047,0.880664666,-0.445822930,0.034691383,1,0.201453935,0.007369053,-0.785522758,0.156423047,0.880664666,-0.445822930,0.034691383,10061,104613.993765541,0.005295792,1,0.184569000,0.149900000,-0.720349000,0.068828648,-0.396004623,0.902696977,0.153561466,1,0.193134115,-0.009899013,-0.822951039,0.068828648,-0.396004623,0.902696977,0.153561466
10.282884250,104614.009715750,vr_world,10061,104613.993765541,0.015950792,1,0.171985000,-0.151252000,-0.683570000,0.156423047,0.880664666,-0.445822930,0.034691383,1,0.201453935,0.007369053,-0.785522758,0.156423047,0.880664666,-0.445822930,0.034691383,10061,104613.993765541,0.015950792,1,0.184569000,0.149900000,-0.720349000,0.068828648,-0.396004623,0.902696977,0.153561466,1,0.193134115,-0.009899013,-0.822951039,0.068828648,-0.396004623,0.902696977,0.153561466
10.293960708,104614.020792208,vr_world,10062,104614.012864291,0.007929042,1,0.170889000,-0.152746000,-0.678530000,0.158493717,0.879214465,-0.447768920,0.036941320,1,0.201305685,0.005139210,-0.781343283,0.158493717,0.879214465,-0.447768920,0.036941320,10062,104614.012864291,0.007929042,1,0.185380000,0.147711000,-0.715178000,0.073041175,-0.393217932,0.903396675,0.154657984,1,0.193467618,-0.011578906,-0.818606980,0.073041175,-0.393217932,0.903396675,0.154657984
10.306341208,104614.033172708,vr_world,10063,104614.032392125,0.000781416,1,0.168698000,-0.156113000,-0.670266000,0.155788643,0.877377716,-0.452047555,0.039890483,1,0.201315865,0.001708543,-0.772500421,0.155788643,0.877377716,-0.452047555,0.039890483,10063,104614.032392125,0.000781416,1,0.185952000,0.143694000,-0.705788000,0.078512440,-0.389501298,0.904431385,0.155333209,1,0.193425356,-0.015070142,-0.810067983,0.078512440,-0.389501298,0.904431385,0.155333209
10.317915375,104614.044746875,vr_world,10063,104614.032392125,0.012355625,1,0.168698000,-0.156113000,-0.670266000,0.155788643,0.877377716,-0.452047555,0.039890483,1,0.201315865,0.001708543,-0.772500421,0.155788643,0.877377716,-0.452047555,0.039890483,10063,104614.032392125,0.012355625,1,0.185952000,0.143694000,-0.705788000,0.078512440,-0.389501298,0.904431385,0.155333209,1,0.193425356,-0.015070142,-0.810067983,0.078512440,-0.389501298,0.904431385,0.155333209
10.328218208,104614.055049708,vr_world,10064,104614.051240500,0.003809625,1,0.167244000,-0.157965000,-0.665250000,0.155813065,0.876141282,-0.454155091,0.042917310,1,0.201091441,-0.000578991,-0.767755807,0.155813065,0.876141282,-0.454155091,0.042917310,10064,104614.051240500,0.003809625,1,0.185902000,0.141575000,-0.700647000,0.082039464,-0.387323994,0.904989793,0.155702037,1,0.193074182,-0.016854154,-0.805456298,0.082039464,-0.387323994,0.904989793,0.155702037
10.340644125,104614.067475625,vr_world,10064,104614.051240500,0.016236375,1,0.167244000,-0.157965000,-0.665250000,0.155813065,0.876141282,-0.454155091,0.042917310,1,0.201091441,-0.000578991,-0.767755807,0.155813065,0.876141282,-0.454155091,0.042917310,10064,104614.051240500,0.016236375,1,0.185902000,0.141575000,-0.700647000,0.082039464,-0.387323994,0.904989793,0.155702037,1,0.193074182,-0.016854154,-0.805456298,0.082039464,-0.387323994,0.904989793,0.155702037
10.353056833,104614.079888333,vr_world,10065,104614.071198333,0.008690542,1,0.165679000,-0.160358000,-0.660356000,0.155074110,0.874825267,-0.456756639,0.044790001,1,0.200829312,-0.003208929,-0.762786802,0.155074110,0.874825267,-0.456756639,0.044790001,10065,104614.071198333,0.008690542,1,0.185908000,0.139417000,-0.695809000,0.085096918,-0.385640009,0.905800499,0.153511414,1,0.192977464,-0.019212248,-0.800322184,0.085096918,-0.385640009,0.905800499,0.153511414
10.365473000,104614.092304500,vr_world,10066,104614.089635458,0.002669500,1,0.163199000,-0.164453000,-0.651553000,0.151815192,0.872912867,-0.461115956,0.048449457,1,0.200710739,-0.007372470,-0.753248867,0.151815192,0.872912867,-0.461115956,0.048449457,10066,104614.089635458,0.002669500,1,0.186189000,0.135508000,-0.686611000,0.090908671,-0.382549750,0.907216153,0.149499680,1,0.193100501,-0.023466151,-0.790609473,0.090908671,-0.382549750,0.907216153,0.149499680
10.377912500,104614.104744000,vr_world,10066,104614.089635458,0.015110583,1,0.163199000,-0.164453000,-0.651553000,0.151815192,0.872912867,-0.461115956,0.048449457,1,0.200710739,-0.007372470,-0.753248867,0.151815192,0.872912867,-0.461115956,0.048449457,10066,104614.089635458,0.015110583,1,0.186189000,0.135508000,-0.686611000,0.090908671,-0.382549750,0.907216153,0.149499680,1,0.193100501,-0.023466151,-0.790609473,0.090908671,-0.382549750,0.907216153,0.149499680
10.390336125,104614.117167625,vr_world,10067,104614.109040291,0.008128667,1,0.161778000,-0.167032000,-0.646512000,0.151486224,0.871475376,-0.463888085,0.048892092,1,0.200440517,-0.010180360,-0.748129827,0.151486224,0.871475376,-0.463888085,0.048892092,10067,104614.109040291,0.008128667,1,0.186290000,0.132806000,-0.681669000,0.092392889,-0.381469514,0.907890896,0.147236833,1,0.193084140,-0.026499722,-0.785166653,0.092392889,-0.381469514,0.907890896,0.147236833
10.402750208,104614.129581708,vr_world,10068,104614.128146541,0.001435667,1,0.160195000,-0.169288000,-0.641716000,0.150160453,0.870538746,-0.465869244,0.050793486,1,0.199955930,-0.012531786,-0.743056996,0.150160453,0.870538746,-0.465869244,0.050793486,10068,104614.128146541,0.001435667,1,0.186241000,0.130265000,-0.676651000,0.093677543,-0.379770789,0.908663825,0.146043551,1,0.192622947,-0.029182638,-0.779956154,0.093677543,-0.379770789,0.908663825,0.146043551
10.415174458,104614.142005958,vr_world,10068,104614.128146541,0.013860042,1,0.160195000,-0.169288000,-0.641716000,0.150160453,0.870538746,-0.465869244,0.050793486,1,0.199955930,-0.012531786,-0.743056996,0.150160453,0.870538746,-0.465869244,0.050793486,10068,104614.128146541,0.013860042,1,0.186241000,0.130265000,-0.676651000,0.093677543,-0.379770789,0.908663825,0.146043551,1,0.192622947,-0.029182638,-0.779956154,0.093677543,-0.379770789,0.908663825,0.146043551
10.427607291,104614.154438791,vr_world,10069,104614.147693583,0.006747250,1,0.157076000,-0.173981000,-0.632430000,0.148309541,0.868345945,-0.470201381,0.053761143,1,0.199020312,-0.017548090,-0.733389668,0.148309541,0.868345945,-0.470201381,0.053761143,10069,104614.147693583,0.006747250,1,0.186043000,0.125446000,-0.666964000,0.098832640,-0.375376931,0.910157810,0.144696334,1,0.191604147,-0.033874774,-0.770511916,0.098832640,-0.375376931,0.910157810,0.144696334
10.440018791,104614.166850291,vr_world,10069,104614.147693583,0.019157250,1,0.157076000,-0.173981000,-0.632430000,0.148309541,0.868345945,-0.470201381,0.053761143,1,0.199020312,-0.017548090,-0.733389668,0.148309541,0.868345945,-0.470201381,0.053761143,10069,104614.147693583,0.019157250,1,0.186043000,0.125446000,-0.666964000,0.098832640,-0.375376931,0.910157810,0.144696334,1,0.191604147,-0.033874774,-0.770511916,0.098832640,-0.375376931,0.910157810,0.144696334
10.452431791,104614.179263291,vr_world,10070,104614.167316708,0.011948625,1,0.155592000,-0.176305000,-0.627712000,0.147922718,0.867305848,-0.472160962,0.054437683,1,0.198408595,-0.020053700,-0.728586876,0.147922718,0.867305848,-0.472160962,0.054437683,10070,104614.167316708,0.011948625,1,0.186026000,0.122971000,-0.662237000,0.100563374,-0.373173260,0.911141246,0.143004742,1,0.191067947,-0.036547907,-0.765506215,0.100563374,-0.373173260,0.911141246,0.143004742
10.464846583,104614.191678083,vr_world,10071,104614.185471875,0.006209250,1,0.152557000,-0.181107000,-0.618469000,0.148694582,0.864765858,-0.476348008,0.056236175,1,0.197204537,-0.025595469,-0.719692543,0.148694582,0.864765858,-0.476348008,0.056236175,10071,104614.185471875,0.006209250,1,0.185952000,0.118063000,-0.653216000,0.103231329,-0.369393076,0.912761242,0.140566578,1,0.190044700,-0.041720831,-0.756117197,0.103231329,-0.369393076,0.912761242,0.140566578
10.477231416,104614.204062916,vr_world,10071,104614.185471875,0.018591500,1,0.152557000,-0.181107000,-0.618469000,0.148694582,0.864765858,-0.476348008,0.056236175,1,0.197204537,-0.025595469,-0.719692543,0.148694582,0.864765858,-0.476348008,0.056236175,10071,104614.185471875,0.018591500,1,0.185952000,0.118063000,-0.653216000,0.103231329,-0.369393076,0.912761242,0.140566578,1,0.190044700,-0.041720831,-0.756117197,0.103231329,-0.369393076,0.912761242,0.140566578
10.489644500,104614.216476000,vr_world,10072,104614.205435375,0.011042041,1,0.150424000,-0.183823000,-0.614038000,0.147149761,0.863234733,-0.479661670,0.055654518,1,0.196353367,-0.028319800,-0.714699210,0.147149761,0.863234733,-0.479661670,0.055654518,10072,104614.205435375,0.011042041,1,0.185661000,0.115473000,-0.648561000,0.105253710,-0.367317612,0.913605740,0.139010720,1,0.189325888,-0.044450057,-0.751261617,0.105253710,-0.367317612,0.913605740,0.139010720
10.502061416,104614.228892916,vr_world,10073,104614.225380916,0.003512459,1,0.146731000,-0.188353000,-0.605371000,0.146047826,0.860584257,-0.484536655,0.057349799,1,0.194839728,-0.033331822,-0.705757595,0.146047826,0.860584257,-0.484536655,0.057349799,10073,104614.225380916,0.003512459,1,0.185433000,0.110109000,-0.639874000,0.108581774,-0.362566410,0.915498510,0.136448068,1,0.187892051,-0.050030156,-0.742273296,0.108581774,-0.362566410,0.915498510,0.136448068
10.514504291,104614.241335791,vr_world,10073,104614.225380916,0.015956584,1,0.146731000,-0.188353000,-0.605371000,0.146047826,0.860584257,-0.484536655,0.057349799,1,0.194839728,-0.033331822,-0.705757595,0.146047826,0.860584257,-0.484536655,0.057349799,10073,104614.225380916,0.015956584,1,0.185433000,0.110109000,-0.639874000,0.108581774,-0.362566410,0.915498510,0.136448068,1,0.187892051,-0.050030156,-0.742273296,0.108581774,-0.362566410,0.915498510,0.136448068
10.526935416,104614.253766916,vr_world,10074,104614.244618416,0.009150709,1,0.144641000,-0.190506000,-0.600934000,0.147413314,0.859045261,-0.486603714,0.059391758,1,0.193761968,-0.036166097,-0.701878547,0.147413314,0.859045261,-0.486603714,0.059391758,10074,104614.244618416,0.009150709,1,0.184836000,0.107074000,-0.635205000,0.111672173,-0.359262166,0.916329282,0.137115533,1,0.186539589,-0.052674407,-0.738228225,0.111672173,-0.359262166,0.916329282,0.137115533
10.539344708,104614.266176208,vr_world,10075,104614.264697333,0.001479167,1,0.142181000,-0.192829000,-0.596601000,0.148861897,0.857149981,-0.489361451,0.060493105,1,0.192445972,-0.039192467,-0.698053934,0.148861897,0.857149981,-0.489361451,0.060493105,10075,104614.264697333,0.001479167,1,0.184422000,0.104571000,-0.631088000,0.114387002,-0.356864790,0.917173594,0.135483333,1,0.185695306,-0.055262408,-0.733985540,0.114387002,-0.356864790,0.917173594,0.135483333
10.551770458,104614.278601958,vr_world,10075,104614.264697333,0.013906792,1,0.142181000,-0.192829000,-0.596601000,0.148861897,0.857149981,-0.489361451,0.060493105,1,0.192445972,-0.039192467,-0.698053934,0.148861897,0.857149981,-0.489361451,0.060493105,10075,104614.264697333,0.013906792,1,0.184422000,0.104571000,-0.631088000,0.114387002,-0.356864790,0.917173594,0.135483333,1,0.185695306,-0.055262408,-0.733985540,0.114387002,-0.356864790,0.917173594,0.135483333
10.564183000,104614.291014500,vr_world,10076,104614.283316416,0.007698625,1,0.137925000,-0.197385000,-0.588599000,0.147678236,0.854073032,-0.494788186,0.062729939,1,0.190661179,-0.044383422,-0.689756715,0.147678236,0.854073032,-0.494788186,0.062729939,10076,104614.283316416,0.007698625,1,0.184061000,0.099479600,-0.623047000,0.118525117,-0.351494730,0.919039234,0.133304679,1,0.184035014,-0.060394700,-0.725888874,0.118525117,-0.351494730,0.919039234,0.133304679
10.574206166,104614.301037666,vr_world,10076,104614.283316416,0.017722000,1,0.137925000,-0.197385000,-0.588599000,0.147678236,0.854073032,-0.494788186,0.062729939,1,0.190661179,-0.044383422,-0.689756715,0.147678236,0.854073032,-0.494788186,0.062729939,10076,104614.283316416,0.017722000,1,0.184061000,0.099479600,-0.623047000,0.118525117,-0.351494730,0.919039234,0.133304679,1,0.184035014,-0.060394700,-0.725888874,0.118525117,-0.351494730,0.919039234,0.133304679
10.586630541,104614.313462041,vr_world,10077,104614.303029541,0.010433125,1,0.135720000,-0.199616000,-0.584375000,0.148605549,0.852054245,-0.497948887,0.062983015,1,0.189663056,-0.047217236,-0.685805863,0.148605549,0.852054245,-0.497948887,0.062983015,10077,104614.303029541,0.010433125,1,0.183701000,0.096971700,-0.619301000,0.118851264,-0.349181678,0.920122631,0.131608801,1,0.182888944,-0.063170016,-0.721722633,0.118851264,-0.349181678,0.920122631,0.131608801
10.599055458,104614.325886958,vr_world,10078,104614.322042583,0.003844875,1,0.133270000,-0.201629000,-0.580169000,0.148133065,0.850407688,-0.500772156,0.063957852,1,0.188464155,-0.049593658,-0.681471939,0.148133065,0.850407688,-0.500772156,0.063957852,10078,104614.322042583,0.003844875,1,0.183307000,0.094497100,-0.615318000,0.118349564,-0.346985713,0.921247463,0.129990029,1,0.181615414,-0.065955334,-0.717241468,0.118349564,-0.346985713,0.921247463,0.129990029
10.611483250,104614.338314750,vr_world,10078,104614.322042583,0.016272583,1,0.133270000,-0.201629000,-0.580169000,0.148133065,0.850407688,-0.500772156,0.063957852,1,0.188464155,-0.049593658,-0.681471939,0.148133065,0.850407688,-0.500772156,0.063957852,10078,104614.322042583,0.016272583,1,0.183307000,0.094497100,-0.615318000,0.118349564,-0.346985713,0.921247463,0.129990029,1,0.181615414,-0.065955334,-0.717241468,0.118349564,-0.346985713,0.921247463,0.129990029
10.623916625,104614.350748125,vr_world,10079,104614.341751166,0.008999959,1,0.129382000,-0.205686000,-0.572142000,0.149237538,0.848189923,-0.503854237,0.066580178,1,0.186073252,-0.054516791,-0.673913181,0.149237538,0.848189923,-0.503854237,0.066580178,10079,104614.341751166,0.008999959,1,0.182279000,0.088538000,-0.607442000,0.122003669,-0.341264639,0.923084875,0.128716215,1,0.179072520,-0.071773739,-0.709550248,0.122003669,-0.341264639,0.923084875,0.128716215
10.636637166,104614.363468666,vr_world,10080,104614.362270916,0.001204875,1,0.126973000,-0.207781000,-0.568461000,0.150611344,0.846212659,-0.506711184,0.066963681,1,0.184744921,-0.057305470,-0.670651793,0.150611344,0.846212659,-0.506711184,0.066963681,10080,104614.362270916,0.001204875,1,0.181614000,0.085296600,-0.603116000,0.123574090,-0.339334867,0.923300314,0.130758643,1,0.177926874,-0.074463525,-0.706068980,0.123574090,-0.339334867,0.923300314,0.130758643
10.648237833,104614.375069333,vr_world,10080,104614.362270916,0.012802042,1,0.126973000,-0.207781000,-0.568461000,0.150611344,0.846212659,-0.506711184,0.066963681,1,0.184744921,-0.057305470,-0.670651793,0.150611344,0.846212659,-0.506711184,0.066963681,10080,104614.362270916,0.012802042,1,0.181614000,0.085296600,-0.603116000,0.123574090,-0.339334867,0.923300314,0.130758643,1,0.177926874,-0.074463525,-0.706068980,0.123574090,-0.339334867,0.923300314,0.130758643
10.658907166,104614.385738666,vr_world,10081,104614.380222333,0.005523417,1,0.122302000,-0.211955000,-0.561781000,0.151434577,0.843096596,-0.511341373,0.069178745,1,0.182123045,-0.062498177,-0.664287212,0.151434577,0.843096596,-0.511341373,0.069178745,10081,104614.380222333,0.005523417,1,0.180170000,0.080142700,-0.596361000,0.126834408,-0.334446563,0.924610911,0.130970201,1,0.175214293,-0.079213092,-0.699885901,0.126834408,-0.334446563,0.924610911,0.130970201
10.671110750,104614.397942250,vr_world,10081,104614.380222333,0.017723000,1,0.122302000,-0.211955000,-0.561781000,0.151434577,0.843096596,-0.511341373,0.069178745,1,0.182123045,-0.062498177,-0.664287212,0.151434577,0.843096596,-0.511341373,0.069178745,10081,104614.380222333,0.017723000,1,0.180170000,0.080142700,-0.596361000,0.126834408,-0.334446563,0.924610911,0.130970201,1,0.175214293,-0.079213092,-0.699885901,0.126834408,-0.334446563,0.924610911,0.130970201
10.683505500,104614.410337000,vr_world,10082,104614.400449958,0.009888000,1,0.119946000,-0.214295000,-0.558245000,0.151102774,0.841761279,-0.513593806,0.069478794,1,0.180692945,-0.065124748,-0.660624113,0.151102774,0.841761279,-0.513593806,0.069478794,10082,104614.400449958,0.009888000,1,0.179255000,0.077557500,-0.593266000,0.128146306,-0.332334785,0.925545424,0.128443698,1,0.173762967,-0.082131278,-0.696249402,0.128146306,-0.332334785,0.925545424,0.128443698
10.695922750,104614.422754250,vr_world,10083,104614.420654791,0.002100000,1,0.115046000,-0.218825000,-0.551744000,0.150931139,0.839144147,-0.517652646,0.071362670,1,0.177627047,-0.070397050,-0.654097419,0.150931139,0.839144147,-0.517652646,0.071362670,10083,104614.420654791,0.002100000,1,0.177358000,0.072273500,-0.586958000,0.132572228,-0.327372918,0.926891115,0.126982034,1,0.170793992,-0.087225437,-0.690172335,0.132572228,-0.327372918,0.926891115,0.126982034
10.707557833,104614.434389333,vr_world,10083,104614.420654791,0.013737125,1,0.115046000,-0.218825000,-0.551744000,0.150931139,0.839144147,-0.517652646,0.071362670,1,0.177627047,-0.070397050,-0.654097419,0.150931139,0.839144147,-0.517652646,0.071362670,10083,104614.420654791,0.013737125,1,0.177358000,0.072273500,-0.586958000,0.132572228,-0.327372918,0.926891115,0.126982034,1,0.170793992,-0.087225437,-0.690172335,0.132572228,-0.327372918,0.926891115,0.126982034
10.719967041,104614.446798541,vr_world,10084,104614.439458916,0.007340792,1,0.112380000,-0.221134000,-0.548898000,0.149660829,0.837806061,-0.520039503,0.072398587,1,0.176092438,-0.072913591,-0.650853156,0.149660829,0.837806061,-0.520039503,0.072398587,10084,104614.439458916,0.007340792,1,0.176488000,0.069589800,-0.584380000,0.133339291,-0.325231483,0.928019819,0.123386917,1,0.169289465,-0.090473218,-0.686674909,0.133339291,-0.325231483,0.928019819,0.123386917
10.732399125,104614.459230625,vr_world,10085,104614.459224958,0.000006542,1,0.109756000,-0.223475000,-0.545794000,0.151608067,0.835692685,-0.522890491,0.072237561,1,0.174432127,-0.076062447,-0.648312187,0.151608067,0.835692685,-0.522890491,0.072237561,10085,104614.459224958,0.000006542,1,0.175600000,0.066913300,-0.581483000,0.134390339,-0.323016303,0.928697510,0.122966008,1,0.167766675,-0.093079415,-0.683841226,0.134390339,-0.323016303,0.928697510,0.122966008
10.744835000,104614.471666500,vr_world,10085,104614.459224958,0.012444958,1,0.109756000,-0.223475000,-0.545794000,0.151608067,0.835692685,-0.522890491,0.072237561,1,0.174432127,-0.076062447,-0.648312187,0.151608067,0.835692685,-0.522890491,0.072237561,10085,104614.459224958,0.012444958,1,0.175600000,0.066913300,-0.581483000,0.134390339,-0.323016303,0.928697510,0.122966008,1,0.167766675,-0.093079415,-0.683841226,0.134390339,-0.323016303,0.928697510,0.122966008
10.757220750,104614.484052250,vr_world,10086,104614.478741125,0.005312208,1,0.104593000,-0.228062000,-0.540589000,0.149980266,0.832347931,-0.528623949,0.072522835,1,0.171596031,-0.081260975,-0.642488423,0.149980266,0.832347931,-0.528623949,0.072522835,10086,104614.478741125,0.005312208,1,0.173992000,0.061852900,-0.576462000,0.135728385,-0.318764629,0.930479512,0.119057950,1,0.164842966,-0.098631191,-0.677938059,0.135728385,-0.318764629,0.930479512,0.119057950
10.769572750,104614.496404250,vr_world,10086,104614.478741125,0.017663541,1,0.104593000,-0.228062000,-0.540589000,0.149980266,0.832347931,-0.528623949,0.072522835,1,0.171596031,-0.081260975,-0.642488423,0.149980266,0.832347931,-0.528623949,0.072522835,10086,104614.478741125,0.017663541,1,0.173992000,0.061852900,-0.576462000,0.135728385,-0.318764629,0.930479512,0.119057950,1,0.164842966,-0.098631191,-0.677938059,0.135728385,-0.318764629,0.930479512,0.119057950
10.781978958,104614.508810458,vr_world,10087,104614.498776125,0.010034708,1,0.101567000,-0.230607000,-0.537747000,0.149637142,0.830689465,-0.531289080,0.072771236,1,0.169644161,-0.084195510,-0.639494762,0.149637142,0.830689465,-0.531289080,0.072771236,10087,104614.498776125,0.010034708,1,0.173028000,0.058635900,-0.573758000,0.135106737,-0.315346625,0.931798597,0.118549777,1,0.162521586,-0.101851268,-0.675097448,0.135106737,-0.315346625,0.931798597,0.118549777
10.793901541,104614.520733041,vr_world,10088,104614.517741375,0.002992125,1,0.096925400,-0.235320000,-0.533006000,0.149113330,0.827992800,-0.535737810,0.071959269,1,0.166620386,-0.089466687,-0.634459643,0.149113330,0.827992800,-0.535737810,0.071959269,10088,104614.517741375,0.002992125,1,0.171290000,0.053007200,-0.568650000,0.137715818,-0.309367574,0.933538225,0.117611395,1,0.159042756,-0.107219304,-0.670206438,0.137715818,-0.309367574,0.933538225,0.117611395
10.806242375,104614.533073875,vr_world,10088,104614.517741375,0.015333083,1,0.096925400,-0.235320000,-0.533006000,0.149113330,0.827992800,-0.535737810,0.071959269,1,0.166620386,-0.089466687,-0.634459643,0.149113330,0.827992800,-0.535737810,0.071959269,10088,104614.517741375,0.015333083,1,0.171290000,0.053007200,-0.568650000,0.137715818,-0.309367574,0.933538225,0.117611395,1,0.159042756,-0.107219304,-0.670206438,0.137715818,-0.309367574,0.933538225,0.117611395
10.817295833,104614.544127333,vr_world,10089,104614.536514041,0.007613584,1,0.094379100,-0.237851000,-0.530600000,0.151095032,0.826524475,-0.537732984,0.069791274,1,0.164420792,-0.092516343,-0.632557970,0.151095032,0.826524475,-0.537732984,0.069791274,10089,104614.536514041,0.007613584,1,0.170472000,0.049617800,-0.565803000,0.138752845,-0.306110142,0.934321443,0.118691493,1,0.157211699,-0.110182327,-0.667902598,0.138752845,-0.306110142,0.934321443,0.118691493
10.827370708,104614.554202208,vr_world,10089,104614.536514041,0.017688667,1,0.094379100,-0.237851000,-0.530600000,0.151095032,0.826524475,-0.537732984,0.069791274,1,0.164420792,-0.092516343,-0.632557970,0.151095032,0.826524475,-0.537732984,0.069791274,10089,104614.536514041,0.017688667,1,0.170472000,0.049617800,-0.565803000,0.138752845,-0.306110142,0.934321443,0.118691493,1,0.157211699,-0.110182327,-0.667902598,0.138752845,-0.306110142,0.934321443,0.118691493
10.839771875,104614.566603375,vr_world,10090,104614.556753416,0.009850459,1,0.091375600,-0.240548000,-0.528175000,0.151208283,0.824630600,-0.540677449,0.069197729,1,0.162452574,-0.095684687,-0.630087378,0.151208283,0.824630600,-0.540677449,0.069197729,10090,104614.556753416,0.009850459,1,0.169418000,0.046646100,-0.563315000,0.139601751,-0.303205561,0.935076109,0.119207420,1,0.155246159,-0.112856493,-0.665756591,0.139601751,-0.303205561,0.935076109,0.119207420
10.850886833,104614.577718333,vr_world,10091,104614.575826166,0.001892667,1,0.085936000,-0.245181000,-0.523578000,0.151327394,0.821226070,-0.545958380,0.067950048,1,0.158847844,-0.101151227,-0.625375540,0.151327394,0.821226070,-0.545958380,0.067950048,10091,104614.575826166,0.001892667,1,0.167604000,0.041085000,-0.558945000,0.140338386,-0.297421672,0.937031383,0.117548599,1,0.151462861,-0.118380341,-0.661153241,0.140338386,-0.297421672,0.937031383,0.117548599
10.863303375,104614.590134875,vr_world,10091,104614.575826166,0.014309000,1,0.085936000,-0.245181000,-0.523578000,0.151327394,0.821226070,-0.545958380,0.067950048,1,0.158847844,-0.101151227,-0.625375540,0.151327394,0.821226070,-0.545958380,0.067950048,10091,104614.575826166,0.014309000,1,0.167604000,0.041085000,-0.558945000,0.140338386,-0.297421672,0.937031383,0.117548599,1,0.151462861,-0.118380341,-0.661153241,0.140338386,-0.297421672,0.937031383,0.117548599
10.875700666,104614.602532166,vr_world,10092,104614.595175208,0.007357375,1,0.082948000,-0.247718000,-0.521188000,0.151132789,0.819420005,-0.548834757,0.067008544,1,0.156837975,-0.104077420,-0.622829980,0.151132789,0.819420005,-0.548834757,0.067008544,10092,104614.595175208,0.007357375,1,0.166804000,0.037867100,-0.556628000,0.140197584,-0.294004268,0.938250697,0.116583696,1,0.149402742,-0.121599158,-0.658627734,0.140197584,-0.294004268,0.938250697,0.116583696
10.888116750,104614.614948250,vr_world,10093,104614.614659458,0.000289292,1,0.080104200,-0.250058000,-0.518823000,0.152222176,0.817456082,-0.551507665,0.066582721,1,0.154886657,-0.107081789,-0.620748777,0.152222176,0.817456082,-0.551507665,0.066582721,10093,104614.614659458,0.000289292,1,0.165799000,0.034600900,-0.554181000,0.140599409,-0.290450888,0.939303288,0.116530775,1,0.147184627,-0.124641564,-0.656316170,0.140599409,-0.290450888,0.939303288,0.116530775
10.898763875,104614.625595375,vr_world,10093,104614.614659458,0.010936458,1,0.080104200,-0.250058000,-0.518823000,0.152222176,0.817456082,-0.551507665,0.066582721,1,0.154886657,-0.107081789,-0.620748777,0.152222176,0.817456082,-0.551507665,0.066582721,10093,104614.614659458,0.010936458,1,0.165799000,0.034600900,-0.554181000,0.140599409,-0.290450888,0.939303288,0.116530775,1,0.147184627,-0.124641564,-0.656316170,0.140599409,-0.290450888,0.939303288,0.116530775
10.909295541,104614.636127041,vr_world,10094,104614.634179291,0.001949459,1,0.074603300,-0.254703000,-0.514282000,0.153409836,0.813800196,-0.556708621,0.065346575,1,0.151118610,-0.112817470,-0.616445421,0.153409836,0.813800196,-0.556708621,0.065346575,10094,104614.634179291,0.001949459,1,0.163603000,0.028534800,-0.549484000,0.142676176,-0.284062841,0.940859563,0.117196817,1,0.143053396,-0.130050273,-0.652268577,0.142676176,-0.284062841,0.940859563,0.117196817
10.921540500,104614.648372000,vr_world,10094,104614.634179291,0.014194334,1,0.074603300,-0.254703000,-0.514282000,0.153409836,0.813800196,-0.556708621,0.065346575,1,0.151118610,-0.112817470,-0.616445421,0.153409836,0.813800196,-0.556708621,0.065346575,10094,104614.634179291,0.014194334,1,0.163603000,0.028534800,-0.549484000,0.142676176,-0.284062841,0.940859563,0.117196817,1,0.143053396,-0.130050273,-0.652268577,0.142676176,-0.284062841,0.940859563,0.117196817
10.933909833,104614.660741333,vr_world,10095,104614.654032750,0.006709583,1,0.071322500,-0.256995000,-0.511525000,0.155426212,0.811971853,-0.558823380,0.065275056,1,0.148502147,-0.115909726,-0.614295069,0.155426212,0.811971853,-0.558823380,0.065275056,10095,104614.654032750,0.006709583,1,0.162239000,0.025674600,-0.547421000,0.143548441,-0.280927280,0.941835243,0.115845086,1,0.140715637,-0.132904396,-0.650015908,0.143548441,-0.280927280,0.941835243,0.115845086
10.944490916,104614.671322416,vr_world,10095,104614.654032750,0.017290333,1,0.071322500,-0.256995000,-0.511525000,0.155426212,0.811971853,-0.558823380,0.065275056,1,0.148502147,-0.115909726,-0.614295069,0.155426212,0.811971853,-0.558823380,0.065275056,10095,104614.654032750,0.017290333,1,0.162239000,0.025674600,-0.547421000,0.143548441,-0.280927280,0.941835243,0.115845086,1,0.140715637,-0.132904396,-0.650015908,0.143548441,-0.280927280,0.941835243,0.115845086
10.954885416,104614.681716916,vr_world,10096,104614.672708125,0.009009500,1,0.065495600,-0.261365000,-0.507060000,0.156488550,0.808025482,-0.564250090,0.065023004,1,0.144625478,-0.121532075,-0.610058268,0.156488550,0.808025482,-0.564250090,0.065023004,10096,104614.672708125,0.009009500,1,0.160651000,0.020318500,-0.543840000,0.143947224,-0.273530329,0.944314817,0.112826777,1,0.136546930,-0.138288900,-0.645814834,0.143947224,-0.273530329,0.944314817,0.112826777
10.965553875,104614.692385375,vr_world,10097,104614.692227958,0.000158167,1,0.062658600,-0.263375000,-0.504510000,0.157984123,0.805484233,-0.567535186,0.064342678,1,0.142837602,-0.124433914,-0.607903202,0.157984123,0.805484233,-0.567535186,0.064342678,10097,104614.692227958,0.000158167,1,0.160048000,0.017533000,-0.542467000,0.143767628,-0.270186607,0.945779740,0.108769255,1,0.134705628,-0.141593736,-0.643326568,0.143767628,-0.270186607,0.945779740,0.108769255
10.977473750,104614.704305250,vr_world,10097,104614.692227958,0.012077958,1,0.062658600,-0.263375000,-0.504510000,0.157984123,0.805484233,-0.567535186,0.064342678,1,0.142837602,-0.124433914,-0.607903202,0.157984123,0.805484233,-0.567535186,0.064342678,10097,104614.692227958,0.012077958,1,0.160048000,0.017533000,-0.542467000,0.143767628,-0.270186607,0.945779740,0.108769255,1,0.134705628,-0.141593736,-0.643326568,0.143767628,-0.270186607,0.945779740,0.108769255
10.989867666,104614.716699166,vr_world,10098,104614.712226000,0.004473583,1,0.056878200,-0.267077000,-0.499812000,0.161455664,0.799984427,-0.574400944,0.063407743,1,0.139279379,-0.130162446,-0.604156939,0.161455664,0.799984427,-0.574400944,0.063407743,10098,104614.712226000,0.004473583,1,0.158827000,0.011566100,-0.538987000,0.143196793,-0.262704822,0.948360675,0.105322765,1,0.130712581,-0.147647968,-0.638970478,0.143196793,-0.262704822,0.948360675,0.105322765
11.000317125,104614.727148625,vr_world,10098,104614.712226000,0.014923125,1,0.056878200,-0.267077000,-0.499812000,0.161455664,0.799984427,-0.574400944,0.063407743,1,0.139279379,-0.130162446,-0.604156939,0.161455664,0.799984427,-0.574400944,0.063407743,10098,104614.712226000,0.014923125,1,0.158827000,0.011566100,-0.538987000,0.143196793,-0.262704822,0.948360675,0.105322765,1,0.130712581,-0.147647968,-0.638970478,0.143196793,-0.262704822,0.948360675,0.105322765
11.012712333,104614.739543833,vr_world,10099,104614.731781791,0.007762709,1,0.053436900,-0.268746000,-0.496997000,0.163065093,0.797094248,-0.577844771,0.064389091,1,0.137152035,-0.132994618,-0.601814825,0.163065093,0.797094248,-0.577844771,0.064389091,10099,104614.731781791,0.007762709,1,0.158049000,0.008524400,-0.537266000,0.143053988,-0.258351801,0.949599245,0.105124578,1,0.128369631,-0.150378142,-0.637292961,0.143053988,-0.258351801,0.949599245,0.105124578
11.024171583,104614.751003083,vr_world,10099,104614.731781791,0.019221625,1,0.053436900,-0.268746000,-0.496997000,0.163065093,0.797094248,-0.577844771,0.064389091,1,0.137152035,-0.132994618,-0.601814825,0.163065093,0.797094248,-0.577844771,0.064389091,10099,104614.731781791,0.019221625,1,0.158049000,0.008524400,-0.537266000,0.143053988,-0.258351801,0.949599245,0.105124578,1,0.128369631,-0.150378142,-0.637292961,0.143053988,-0.258351801,0.949599245,0.105124578
11.036566875,104614.763398375,vr_world,10100,104614.751644458,0.011754500,1,0.049854800,-0.270135000,-0.494284000,0.165910937,0.793921121,-0.581270043,0.065482455,1,0.134801617,-0.135826988,-0.599966957,0.165910937,0.793921121,-0.581270043,0.065482455,10100,104614.751644458,0.011754500,1,0.157358000,0.005719540,-0.535880000,0.144159093,-0.253427033,0.951086323,0.102116119,1,0.126114960,-0.153244790,-0.635330607,0.144159093,-0.253427033,0.951086323,0.102116119
11.048981875,104614.775813375,vr_world,10101,104614.770219166,0.005594500,1,0.043575300,-0.273195000,-0.489908000,0.169594613,0.787741393,-0.588514923,0.065964769,1,0.131020168,-0.141323480,-0.596616776,0.169594613,0.787741393,-0.588514923,0.065964769,10101,104614.770219166,0.005594500,1,0.156570000,0.000271928,-0.532983000,0.145116360,-0.244077622,0.953794903,0.098196946,1,0.122183410,-0.158498585,-0.631703340,0.145116360,-0.244077622,0.953794903,0.098196946
11.061398416,104614.788229916,vr_world,10101,104614.770219166,0.018011042,1,0.043575300,-0.273195000,-0.489908000,0.169594613,0.787741393,-0.588514923,0.065964769,1,0.131020168,-0.141323480,-0.596616776,0.169594613,0.787741393,-0.588514923,0.065964769,10101,104614.770219166,0.018011042,1,0.156570000,0.000271928,-0.532983000,0.145116360,-0.244077622,0.953794903,0.098196946,1,0.122183410,-0.158498585,-0.631703340,0.145116360,-0.244077622,0.953794903,0.098196946
11.073814541,104614.800646041,vr_world,10102,104614.789102583,0.011544000,1,0.039874500,-0.275020000,-0.487976000,0.170051604,0.784042891,-0.593266018,0.066292005,1,0.129088391,-0.144374695,-0.594728757,0.170051604,0.784042891,-0.593266018,0.066292005,10102,104614.789102583,0.011544000,1,0.155878000,-0.002514350,-0.531895000,0.143979312,-0.239678910,0.955422070,0.094829564,1,0.119729357,-0.161525741,-0.629592862,0.143979312,-0.239678910,0.955422070,0.094829564
11.086216291,104614.813047791,vr_world,10103,104614.808564166,0.004484417,1,0.036355400,-0.276368000,-0.485917000,0.170630314,0.780938121,-0.597159841,0.066491135,1,0.126989694,-0.146783662,-0.592766411,0.170630314,0.780938121,-0.597159841,0.066491135,10103,104614.808564166,0.004484417,1,0.154926000,-0.005117820,-0.530688000,0.144678249,-0.235551564,0.956603807,0.092156500,1,0.117435132,-0.164155699,-0.627835311,0.144678249,-0.235551564,0.956603807,0.092156500
11.097190291,104614.824021791,vr_world,10103,104614.808564166,0.015458375,1,0.036355400,-0.276368000,-0.485917000,0.170630314,0.780938121,-0.597159841,0.066491135,1,0.126989694,-0.146783662,-0.592766411,0.170630314,0.780938121,-0.597159841,0.066491135,10103,104614.808564166,0.015458375,1,0.154926000,-0.005117820,-0.530688000,0.144678249,-0.235551564,0.956603807,0.092156500,1,0.117435132,-0.164155699,-0.627835311,0.144678249,-0.235551564,0.956603807,0.092156500
11.109631041,104614.836462541,vr_world,10104,104614.827389583,0.009073375,1,0.029642600,-0.279021000,-0.482055000,0.173558467,0.774328439,-0.604813476,0.067034220,1,0.122940235,-0.151973625,-0.589655872,0.173558467,0.774328439,-0.604813476,0.067034220,10104,104614.827389583,0.009073375,1,0.153563000,-0.010911200,-0.527877000,0.145451728,-0.226213209,0.959120515,0.088086419,1,0.112926674,-0.169654958,-0.624237546,0.145451728,-0.226213209,0.959120515,0.088086419
11.122028416,104614.848859916,vr_world,10105,104614.846450375,0.002410041,1,0.026069200,-0.280383000,-0.480280000,0.174500630,0.770680487,-0.609230011,0.066632662,1,0.120850960,-0.154596111,-0.588064601,0.174500630,0.770680487,-0.609230011,0.066632662,10105,104614.846450375,0.002410041,1,0.152781000,-0.013926700,-0.525962000,0.148563589,-0.220735066,0.959807732,0.089297300,1,0.110813603,-0.171711452,-0.623321829,0.148563589,-0.220735066,0.959807732,0.089297300
11.134443041,104614.861274541,vr_world,10105,104614.846450375,0.014824625,1,0.026069200,-0.280383000,-0.480280000,0.174500630,0.770680487,-0.609230011,0.066632662,1,0.120850960,-0.154596111,-0.588064601,0.174500630,0.770680487,-0.609230011,0.066632662,10105,104614.846450375,0.014824625,1,0.152781000,-0.013926700,-0.525962000,0.148563589,-0.220735066,0.959807732,0.089297300,1,0.110813603,-0.171711452,-0.623321829,0.148563589,-0.220735066,0.959807732,0.089297300
11.146844291,104614.873675791,vr_world,10106,104614.866011541,0.007665042,1,0.019311000,-0.282644000,-0.476891000,0.177288486,0.762995047,-0.618162863,0.065437181,1,0.116950321,-0.159627269,-0.585320322,0.177288486,0.762995047,-0.618162863,0.065437181,10106,104614.866011541,0.007665042,1,0.152033000,-0.019247200,-0.523537000,0.150318418,-0.210258781,0.962277463,0.084957061,1,0.106733354,-0.176510864,-0.620244175,0.150318418,-0.210258781,0.962277463,0.084957061
11.157314958,104614.884146458,vr_world,10106,104614.866011541,0.018135542,1,0.019311000,-0.282644000,-0.476891000,0.177288486,0.762995047,-0.618162863,0.065437181,1,0.116950321,-0.159627269,-0.585320322,0.177288486,0.762995047,-0.618162863,0.065437181,10106,104614.866011541,0.018135542,1,0.152033000,-0.019247200,-0.523537000,0.150318418,-0.210258781,0.962277463,0.084957061,1,0.106733354,-0.176510864,-0.620244175,0.150318418,-0.210258781,0.962277463,0.084957061
11.169678958,104614.896510458,vr_world,10107,104614.884760250,0.011750833,1,0.015183500,-0.283452000,-0.475152000,0.177590474,0.758050030,-0.624177635,0.064992725,1,0.114903013,-0.162058865,-0.583517887,0.177590474,0.758050030,-0.624177635,0.064992725,10107,104614.884760250,0.011750833,1,0.152103000,-0.021946300,-0.522340000,0.150169074,-0.204563485,0.963738652,0.082527815,1,0.104808715,-0.178957179,-0.618501538,0.150169074,-0.204563485,0.963738652,0.082527815
11.182115625,104614.908947125,vr_world,10108,104614.903498833,0.005450833,1,0.011243800,-0.284173000,-0.473500000,0.178072931,0.753508901,-0.629459567,0.065536405,1,0.112888217,-0.164397157,-0.581877023,0.178072931,0.753508901,-0.629459567,0.065536405,10108,104614.903498833,0.005450833,1,0.151742000,-0.025095700,-0.520793000,0.150019823,-0.198044131,0.965250717,0.081016226,1,0.102198651,-0.181568996,-0.616698005,0.150019823,-0.198044131,0.965250717,0.081016226
11.193638666,104614.920470166,vr_world,10108,104614.903498833,0.016972750,1,0.011243800,-0.284173000,-0.473500000,0.178072931,0.753508901,-0.629459567,0.065536405,1,0.112888217,-0.164397157,-0.581877023,0.178072931,0.753508901,-0.629459567,0.065536405,10108,104614.903498833,0.016972750,1,0.151742000,-0.025095700,-0.520793000,0.150019823,-0.198044131,0.965250717,0.081016226,1,0.102198651,-0.181568996,-0.616698005,0.150019823,-0.198044131,0.965250717,0.081016226
11.206016625,104614.932848125,vr_world,10109,104614.922364958,0.010484125,1,0.004426740,-0.286474000,-0.470606000,0.179108522,0.745281245,-0.638986495,0.064593052,1,0.109241984,-0.169521066,-0.579045971,0.179108522,0.745281245,-0.638986495,0.064593052,10109,104614.922364958,0.010484125,1,0.150350000,-0.031183300,-0.517174000,0.153271764,-0.186536032,0.967081352,0.080409789,1,0.097518810,-0.186130766,-0.613798838,0.153271764,-0.186536032,0.967081352,0.080409789
11.216870958,104614.943702458,vr_world,10110,104614.942146458,0.001556375,1,0.000793172,-0.287957000,-0.469147000,0.180071290,0.741750594,-0.642957963,0.063130378,1,0.106731349,-0.172206096,-0.577785461,0.180071290,0.741750594,-0.642957963,0.063130378,10110,104614.942146458,0.001556375,1,0.149277000,-0.034663600,-0.514811000,0.157489712,-0.180913679,0.967342695,0.081947186,1,0.095362499,-0.188408434,-0.612749568,0.157489712,-0.180913679,0.967342695,0.081947186
11.227494958,104614.954326458,vr_world,10110,104614.942146458,0.012180708,1,0.000793172,-0.287957000,-0.469147000,0.180071290,0.741750594,-0.642957963,0.063130378,1,0.106731349,-0.172206096,-0.577785461,0.180071290,0.741750594,-0.642957963,0.063130378,10110,104614.942146458,0.012180708,1,0.149277000,-0.034663600,-0.514811000,0.157489712,-0.180913679,0.967342695,0.081947186,1,0.095362499,-0.188408434,-0.612749568,0.157489712,-0.180913679,0.967342695,0.081947186
11.239908791,104614.966740291,vr_world,10111,104614.961437250,0.005303416,1,-0.002798720,-0.289805000,-0.467756000,0.179912246,0.738272528,-0.647070761,0.062327264,1,0.104489967,-0.175152097,-0.576233132,0.179912246,0.738272528,-0.647070761,0.062327264,10111,104614.961437250,0.005303416,1,0.148577000,-0.037901100,-0.513258000,0.158602057,-0.175845267,0.968235868,0.080269129,1,0.093159487,-0.191189891,-0.611072551,0.158602057,-0.175845267,0.968235868,0.080269129
11.250889708,104614.977721208,vr_world,10111,104614.961437250,0.016284666,1,-0.002798720,-0.289805000,-0.467756000,0.179912246,0.738272528,-0.647070761,0.062327264,1,0.104489967,-0.175152097,-0.576233132,0.179912246,0.738272528,-0.647070761,0.062327264,10111,104614.961437250,0.016284666,1,0.148577000,-0.037901100,-0.513258000,0.158602057,-0.175845267,0.968235868,0.080269129,1,0.093159487,-0.191189891,-0.611072551,0.158602057,-0.175845267,0.968235868,0.080269129
11.263547625,104614.990379125,vr_world,10112,104614.980938500,0.009467250,1,-0.009474220,-0.293167000,-0.465239000,0.179304350,0.730861836,-0.655914795,0.058878756,1,0.100497590,-0.180690065,-0.573306537,0.179304350,0.730861836,-0.655914795,0.058878756,10112,104614.980938500,0.009467250,1,0.147122000,-0.044312700,-0.509850000,0.160270207,-0.165744544,0.969843188,0.079034153,1,0.088681863,-0.196306412,-0.607926127,0.160270207,-0.165744544,0.969843188,0.079034153
11.275772791,104615.002604291,vr_world,10113,104615.000772083,0.001833625,1,-0.013176600,-0.295173000,-0.464158000,0.178118092,0.727764301,-0.659787044,0.057568427,1,0.098072213,-0.183506493,-0.571757859,0.178118092,0.727764301,-0.659787044,0.057568427,10113,104615.000772083,0.001833625,1,0.146366000,-0.047864400,-0.508151000,0.161355716,-0.160319522,0.970619566,0.078483383,1,0.086354660,-0.199109807,-0.606434686,0.161355716,-0.160319522,0.970619566,0.078483383
11.288064083,104615.014895583,vr_world,10113,104615.000772083,0.014125125,1,-0.013176600,-0.295173000,-0.464158000,0.178118092,0.727764301,-0.659787044,0.057568427,1,0.098072213,-0.183506493,-0.571757859,0.178118092,0.727764301,-0.659787044,0.057568427,10113,104615.000772083,0.014125125,1,0.146366000,-0.047864400,-0.508151000,0.161355716,-0.160319522,0.970619566,0.078483383,1,0.086354660,-0.199109807,-0.606434686,0.161355716,-0.160319522,0.970619566,0.078483383
11.298737541,104615.025569041,vr_world,10114,104615.019609500,0.005960750,1,-0.019814200,-0.298834000,-0.461934000,0.176398582,0.720858896,-0.667997862,0.054998622,1,0.094086562,-0.189150006,-0.568795932,0.176398582,0.720858896,-0.667997862,0.054998622,10114,104615.019609500,0.005960750,1,0.144811000,-0.054844000,-0.504689000,0.162767995,-0.149588647,0.972145937,0.077859450,1,0.081603334,-0.204506892,-0.603390667,0.162767995,-0.149588647,0.972145937,0.077859450
11.311117416,104615.037948916,vr_world,10114,104615.019609500,0.018340666,1,-0.019814200,-0.298834000,-0.461934000,0.176398582,0.720858896,-0.667997862,0.054998622,1,0.094086562,-0.189150006,-0.568795932,0.176398582,0.720858896,-0.667997862,0.054998622,10114,104615.019609500,0.018340666,1,0.144811000,-0.054844000,-0.504689000,0.162767995,-0.149588647,0.972145937,0.077859450,1,0.081603334,-0.204506892,-0.603390667,0.162767995,-0.149588647,0.972145937,0.077859450
11.322892458,104615.049723958,vr_world,10115,104615.038987583,0.010737167,1,-0.022977300,-0.301059000,-0.460466000,0.176332396,0.717979078,-0.671324073,0.052315579,1,0.091726136,-0.192146422,-0.567258505,0.176332396,0.717979078,-0.671324073,0.052315579,10115,104615.038987583,0.010737167,1,0.143559000,-0.058423500,-0.503056000,0.163891314,-0.145156045,0.972577276,0.078503515,1,0.079165918,-0.207237262,-0.602274229,0.163891314,-0.145156045,0.972577276,0.078503515
11.335266583,104615.062098083,vr_world,10116,104615.058706500,0.003392041,1,-0.026355600,-0.303010000,-0.458778000,0.177609522,0.715169795,-0.674066315,0.051201813,1,0.089020976,-0.195156507,-0.565919623,0.177609522,0.715169795,-0.674066315,0.051201813,10116,104615.058706500,0.003392041,1,0.142024000,-0.062042500,-0.501811000,0.164406596,-0.141181419,0.973167971,0.077345838,1,0.076439935,-0.210401199,-0.600930423,0.164406596,-0.141181419,0.973167971,0.077345838
11.346445541,104615.073277041,vr_world,10116,104615.058706500,0.014571125,1,-0.026355600,-0.303010000,-0.458778000,0.177609522,0.715169795,-0.674066315,0.051201813,1,0.089020976,-0.195156507,-0.565919623,0.177609522,0.715169795,-0.674066315,0.051201813,10116,104615.058706500,0.014571125,1,0.142024000,-0.062042500,-0.501811000,0.164406596,-0.141181419,0.973167971,0.077345838,1,0.076439935,-0.210401199,-0.600930423,0.164406596,-0.141181419,0.973167971,0.077345838
11.357523000,104615.084354500,vr_world,10117,104615.078370041,0.005985042,1,-0.032900900,-0.306882000,-0.456197000,0.179243812,0.708897353,-0.680292938,0.050375756,1,0.084319850,-0.201403411,-0.563700507,0.179243812,0.708897353,-0.680292938,0.050375756,10117,104615.078370041,0.005985042,1,0.139109000,-0.069182100,-0.498870000,0.166392316,-0.133536999,0.974012841,0.076029286,1,0.071456534,-0.216446552,-0.598230692,0.166392316,-0.133536999,0.974012841,0.076029286
11.368222291,104615.095053791,vr_world,10117,104615.078370041,0.016684375,1,-0.032900900,-0.306882000,-0.456197000,0.179243812,0.708897353,-0.680292938,0.050375756,1,0.084319850,-0.201403411,-0.563700507,0.179243812,0.708897353,-0.680292938,0.050375756,10117,104615.078370041,0.016684375,1,0.139109000,-0.069182100,-0.498870000,0.166392316,-0.133536999,0.974012841,0.076029286,1,0.071456534,-0.216446552,-0.598230692,0.166392316,-0.133536999,0.974012841,0.076029286
11.378889041,104615.105720541,vr_world,10118,104615.097828500,0.007892833,1,-0.036310900,-0.308908000,-0.454838000,0.180394680,0.705996520,-0.683025408,0.050029644,1,0.081670968,-0.204584758,-0.562635873,0.180394680,0.705996520,-0.683025408,0.050029644,10118,104615.097828500,0.007892833,1,0.137158000,-0.073000200,-0.497240000,0.168047601,-0.130474554,0.974069098,0.076979127,1,0.068884279,-0.219533226,-0.597254951,0.168047601,-0.130474554,0.974069098,0.076979127
11.391081208,104615.117912708,vr_world,10119,104615.116905166,0.001007959,1,-0.043031700,-0.312777000,-0.452113000,0.183224302,0.700423007,-0.688004332,0.049864873,1,0.076307425,-0.210803626,-0.560662782,0.183224302,0.700423007,-0.688004332,0.049864873,10119,104615.116905166,0.001007959,1,0.133797000,-0.079603500,-0.494817000,0.170565245,-0.122831310,0.974767580,0.075154056,1,0.063573941,-0.225067351,-0.595042896,0.170565245,-0.122831310,0.974767580,0.075154056
11.403230458,104615.130061958,vr_world,10119,104615.116905166,0.013157334,1,-0.043031700,-0.312777000,-0.452113000,0.183224302,0.700423007,-0.688004332,0.049864873,1,0.076307425,-0.210803626,-0.560662782,0.183224302,0.700423007,-0.688004332,0.049864873,10119,104615.116905166,0.013157334,1,0.133797000,-0.079603500,-0.494817000,0.170565245,-0.122831310,0.974767580,0.075154056,1,0.063573941,-0.225067351,-0.595042896,0.170565245,-0.122831310,0.974767580,0.075154056
11.413555041,104615.140386541,vr_world,10120,104615.136727208,0.003659833,1,-0.046770700,-0.315076000,-0.450670000,0.182717073,0.697790565,-0.690749878,0.050669573,1,0.073626732,-0.214074329,-0.558959168,0.182717073,0.697790565,-0.690749878,0.050669573,10120,104615.136727208,0.003659833,1,0.131820000,-0.083008300,-0.494089000,0.170762995,-0.120096083,0.975335441,0.071677806,1,0.060687149,-0.228586472,-0.593504031,0.170762995,-0.120096083,0.975335441,0.071677806
11.425941750,104615.152773250,vr_world,10120,104615.136727208,0.016047167,1,-0.046770700,-0.315076000,-0.450670000,0.182717073,0.697790565,-0.690749878,0.050669573,1,0.073626732,-0.214074329,-0.558959168,0.182717073,0.697790565,-0.690749878,0.050669573,10120,104615.136727208,0.016047167,1,0.131820000,-0.083008300,-0.494089000,0.170762995,-0.120096083,0.975335441,0.071677806,1,0.060687149,-0.228586472,-0.593504031,0.170762995,-0.120096083,0.975335441,0.071677806
11.438349833,104615.165181333,vr_world,10121,104615.155901041,0.009280959,1,-0.053326700,-0.319183000,-0.447986000,0.184335132,0.692224443,-0.695982082,0.049546155,1,0.068482489,-0.220306156,-0.556656848,0.184335132,0.692224443,-0.695982082,0.049546155,10121,104615.155901041,0.009280959,1,0.128262000,-0.089920800,-0.491946000,0.171358129,-0.113647495,0.976167431,0.069410265,1,0.055198067,-0.234733718,-0.591077796,0.171358129,-0.113647495,0.976167431,0.069410265
11.450764375,104615.177595875,vr_world,10122,104615.175204916,0.002391792,1,-0.057365500,-0.321043000,-0.446578000,0.185271467,0.689430837,-0.698475183,0.049920178,1,0.065205266,-0.223340410,-0.555454259,0.185271467,0.689430837,-0.698475183,0.049920178,10122,104615.175204916,0.002391792,1,0.126338000,-0.093635400,-0.490981000,0.171292041,-0.109501673,0.976733749,0.068261297,1,0.051966843,-0.237904589,-0.589933422,0.171292041,-0.109501673,0.976733749,0.068261297
11.463181125,104615.190012625,vr_world,10122,104615.175204916,0.014808625,1,-0.057365500,-0.321043000,-0.446578000,0.185271467,0.689430837,-0.698475183,0.049920178,1,0.065205266,-0.223340410,-0.555454259,0.185271467,0.689430837,-0.698475183,0.049920178,10122,104615.175204916,0.014808625,1,0.126338000,-0.093635400,-0.490981000,0.171292041,-0.109501673,0.976733749,0.068261297,1,0.051966843,-0.237904589,-0.589933422,0.171292041,-0.109501673,0.976733749,0.068261297
11.474208041,104615.201039541,vr_world,10123,104615.194871000,0.006169291,1,-0.061153200,-0.323018000,-0.444933000,0.186817912,0.686132285,-0.701287311,0.050176308,1,0.062198775,-0.226740390,-0.554195685,0.186817912,0.686132285,-0.701287311,0.050176308,10123,104615.194871000,0.006169291,1,0.124532000,-0.097332200,-0.490264000,0.170440073,-0.105193566,0.977531138,0.065706696,1,0.048619703,-0.241274491,-0.588519709,0.170440073,-0.105193566,0.977531138,0.065706696
11.486604541,104615.213436041,vr_world,10123,104615.194871000,0.018565958,1,-0.061153200,-0.323018000,-0.444933000,0.186817912,0.686132285,-0.701287311,0.050176308,1,0.062198775,-0.226740390,-0.554195685,0.186817912,0.686132285,-0.701287311,0.050176308,10123,104615.194871000,0.018565958,1,0.124532000,-0.097332200,-0.490264000,0.170440073,-0.105193566,0.977531138,0.065706696,1,0.048619703,-0.241274491,-0.588519709,0.170440073,-0.105193566,0.977531138,0.065706696
11.499012750,104615.225844250,vr_world,10124,104615.213941333,0.011903250,1,-0.068218500,-0.326730000,-0.442170000,0.189206694,0.679924471,-0.706731096,0.049342673,1,0.056521919,-0.232952899,-0.552029535,0.189206694,0.679924471,-0.706731096,0.049342673,10124,104615.213941333,0.011903250,1,0.121009000,-0.104563000,-0.488380000,0.170360406,-0.096846687,0.978572411,0.063198795,1,0.042498480,-0.247379931,-0.586235164,0.170360406,-0.096846687,0.978572411,0.063198795
11.511362125,104615.238193625,vr_world,10125,104615.233457958,0.004735958,1,-0.072376900,-0.329063000,-0.440859000,0.190178297,0.676804552,-0.709471106,0.049178890,1,0.053108505,-0.236543521,-0.550936203,0.190178297,0.676804552,-0.709471106,0.049178890,10125,104615.233457958,0.004735958,1,0.119049000,-0.108830000,-0.487248000,0.170213321,-0.091701977,0.979122551,0.062747132,1,0.038968838,-0.250753864,-0.585130728,0.170213321,-0.091701977,0.979122551,0.062747132
11.523762958,104615.250594458,vr_world,10125,104615.233457958,0.017137042,1,-0.072376900,-0.329063000,-0.440859000,0.190178297,0.676804552,-0.709471106,0.049178890,1,0.053108505,-0.236543521,-0.550936203,0.190178297,0.676804552,-0.709471106,0.049178890,10125,104615.233457958,0.017137042,1,0.119049000,-0.108830000,-0.487248000,0.170213321,-0.091701977,0.979122551,0.062747132,1,0.038968838,-0.250753864,-0.585130728,0.170213321,-0.091701977,0.979122551,0.062747132
11.536182333,104615.263013833,vr_world,10126,104615.254634833,0.008383042,1,-0.076369100,-0.331087000,-0.439789000,0.190245243,0.673435306,-0.712736395,0.047942324,1,0.049984774,-0.239708687,-0.549826185,0.190245243,0.673435306,-0.712736395,0.047942324,10126,104615.254634833,0.008383042,1,0.117063000,-0.112994000,-0.485949000,0.171847030,-0.086530811,0.979341823,0.062214227,1,0.035742474,-0.253969348,-0.584179217,0.171847030,-0.086530811,0.979341823,0.062214227
11.546911916,104615.273743416,vr_world,10127,104615.272739791,0.001004709,1,-0.084082900,-0.334698000,-0.437259000,0.193298532,0.665915037,-0.719037921,0.046661647,1,0.043740239,-0.246361844,-0.548080483,0.193298532,0.665915037,-0.719037921,0.046661647,10127,104615.272739791,0.001004709,1,0.113547000,-0.120960000,-0.483841000,0.172577041,-0.076505478,0.980178163,0.060123584,1,0.029365740,-0.260292825,-0.582004536,0.172577041,-0.076505478,0.980178163,0.060123584
11.558599625,104615.285431125,vr_world,10127,104615.272739791,0.012692459,1,-0.084082900,-0.334698000,-0.437259000,0.193298532,0.665915037,-0.719037921,0.046661647,1,0.043740239,-0.246361844,-0.548080483,0.193298532,0.665915037,-0.719037921,0.046661647,10127,104615.272739791,0.012692459,1,0.113547000,-0.120960000,-0.483841000,0.172577041,-0.076505478,0.980178163,0.060123584,1,0.029365740,-0.260292825,-0.582004536,0.172577041,-0.076505478,0.980178163,0.060123584
11.570556875,104615.297388375,vr_world,10128,104615.292323125,0.005065916,1,-0.088646100,-0.337124000,-0.436070000,0.193055927,0.661889136,-0.722806338,0.046724495,1,0.040370427,-0.250277458,-0.546685752,0.193055927,0.661889136,-0.722806338,0.046724495,10128,104615.292323125,0.005065916,1,0.111231000,-0.125346000,-0.482887000,0.173297472,-0.071421883,0.980529079,0.058563012,1,0.025660796,-0.263896790,-0.580956745,0.173297472,-0.071421883,0.980529079,0.058563012
11.581720125,104615.308551625,vr_world,10128,104615.292323125,0.016229041,1,-0.088646100,-0.337124000,-0.436070000,0.193055927,0.661889136,-0.722806338,0.046724495,1,0.040370427,-0.250277458,-0.546685752,0.193055927,0.661889136,-0.722806338,0.046724495,10128,104615.292323125,0.016229041,1,0.111231000,-0.125346000,-0.482887000,0.173297472,-0.071421883,0.980529079,0.058563012,1,0.025660796,-0.263896790,-0.580956745,0.173297472,-0.071421883,0.980529079,0.058563012
11.592226333,104615.319057833,vr_world,10129,104615.311855833,0.007202500,1,-0.096923900,-0.341057000,-0.433834000,0.193939931,0.653975968,-0.729806065,0.045671049,1,0.033986979,-0.257191845,-0.544524603,0.193939931,0.653975968,-0.729806065,0.045671049,10129,104615.311855833,0.007202500,1,0.107016000,-0.133364000,-0.480740000,0.175456837,-0.061727210,0.980997733,0.055209585,1,0.018956308,-0.270425817,-0.578697922,0.175456837,-0.061727210,0.980997733,0.055209585
11.602888958,104615.329720458,vr_world,10129,104615.311855833,0.017865000,1,-0.096923900,-0.341057000,-0.433834000,0.193939931,0.653975968,-0.729806065,0.045671049,1,0.033986979,-0.257191845,-0.544524603,0.193939931,0.653975968,-0.729806065,0.045671049,10129,104615.311855833,0.017865000,1,0.107016000,-0.133364000,-0.480740000,0.175456837,-0.061727210,0.980997733,0.055209585,1,0.018956308,-0.270425817,-0.578697922,0.175456837,-0.061727210,0.980997733,0.055209585
11.613697333,104615.340528833,vr_world,10130,104615.330724250,0.009805000,1,-0.101919000,-0.343124000,-0.432901000,0.193920176,0.649484169,-0.733805695,0.045765515,1,0.030201103,-0.260968752,-0.543437181,0.193920176,0.649484169,-0.733805695,0.045765515,10130,104615.330724250,0.009805000,1,0.104609000,-0.137839000,-0.479384000,0.177310070,-0.056915823,0.981002011,0.054376301,1,0.015506368,-0.273992802,-0.577664510,0.177310070,-0.056915823,0.981002011,0.054376301
11.624212833,104615.351044333,vr_world,10131,104615.349973166,0.001071750,1,-0.106763000,-0.345364000,-0.432269000,0.191956335,0.645276898,-0.737981542,0.046408336,1,0.026897021,-0.264653737,-0.542015596,0.191956335,0.645276898,-0.737981542,0.046408336,10131,104615.349973166,0.001071750,1,0.102458000,-0.142581000,-0.478269000,0.178170912,-0.051105760,0.981287988,0.052126892,1,0.011801815,-0.277851716,-0.576348169,0.178170912,-0.051105760,0.981287988,0.052126892
11.634895625,104615.361727125,vr_world,10131,104615.349973166,0.011754417,1,-0.106763000,-0.345364000,-0.432269000,0.191956335,0.645276898,-0.737981542,0.046408336,1,0.026897021,-0.264653737,-0.542015596,0.191956335,0.645276898,-0.737981542,0.046408336,10131,104615.349973166,0.011754417,1,0.102458000,-0.142581000,-0.478269000,0.178170912,-0.051105760,0.981287988,0.052126892,1,0.011801815,-0.277851716,-0.576348169,0.178170912,-0.051105760,0.981287988,0.052126892
11.647310208,104615.374141708,vr_world,10132,104615.369015000,0.005127166,1,-0.115362000,-0.349734000,-0.430527000,0.191774068,0.636277730,-0.745945596,0.044028687,1,0.020352709,-0.272204865,-0.540044994,0.191774068,0.636277730,-0.745945596,0.044028687,10132,104615.369015000,0.005127166,1,0.098511700,-0.151519000,-0.476031000,0.180246189,-0.040197715,0.981540895,0.049728520,1,0.005137180,-0.284781016,-0.574309412,0.180246189,-0.040197715,0.981540895,0.049728520
11.657542083,104615.384373583,vr_world,10132,104615.369015000,0.015359291,1,-0.115362000,-0.349734000,-0.430527000,0.191774068,0.636277730,-0.745945596,0.044028687,1,0.020352709,-0.272204865,-0.540044994,0.191774068,0.636277730,-0.745945596,0.044028687,10132,104615.369015000,0.015359291,1,0.098511700,-0.151519000,-0.476031000,0.180246189,-0.040197715,0.981540895,0.049728520,1,0.005137180,-0.284781016,-0.574309412,0.180246189,-0.040197715,0.981540895,0.049728520
11.669929958,104615.396761458,vr_world,10133,104615.388544875,0.008217000,1,-0.120389000,-0.352121000,-0.429906000,0.191133606,0.631712557,-0.750059232,0.042641973,1,0.016414773,-0.276134535,-0.539149746,0.191133606,0.631712557,-0.750059232,0.042641973,10133,104615.388544875,0.008217000,1,0.096477800,-0.156450000,-0.474998000,0.181444024,-0.034062269,0.981591905,0.048940370,1,0.001627409,-0.288465778,-0.573544714,0.181444024,-0.034062269,0.981591905,0.048940370
11.682338375,104615.409169875,vr_world,10134,104615.407981166,0.001189334,1,-0.129198000,-0.356278000,-0.428764000,0.188452679,0.622554188,-0.758424881,0.041274344,1,0.010119273,-0.283400157,-0.536944368,0.188452679,0.622554188,-0.758424881,0.041274344,10134,104615.407981166,0.001189334,1,0.092371000,-0.165731000,-0.473143000,0.181757535,-0.022639767,0.982014460,0.045817459,1,-0.005616432,-0.295666814,-0.571384331,0.181757535,-0.022639767,0.982014460,0.045817459
11.693802791,104615.420634291,vr_world,10134,104615.407981166,0.012653625,1,-0.129198000,-0.356278000,-0.428764000,0.188452679,0.622554188,-0.758424881,0.041274344,1,0.010119273,-0.283400157,-0.536944368,0.188452679,0.622554188,-0.758424881,0.041274344,10134,104615.407981166,0.012653625,1,0.092371000,-0.165731000,-0.473143000,0.181757535,-0.022639767,0.982014460,0.045817459,1,-0.005616432,-0.295666814,-0.571384331,0.181757535,-0.022639767,0.982014460,0.045817459
11.706209666,104615.433041166,vr_world,10135,104615.427238375,0.005803125,1,-0.133755000,-0.358620000,-0.427835000,0.190775094,0.617312414,-0.762245663,0.038881818,1,0.006051714,-0.287768530,-0.536727645,0.190775094,0.617312414,-0.762245663,0.038881818,10135,104615.427238375,0.005803125,1,0.089629300,-0.171123000,-0.471870000,0.182549807,-0.016757822,0.981909898,0.047409865,1,-0.009687039,-0.299445742,-0.570894126,0.182549807,-0.016757822,0.981909898,0.047409865
11.718620958,104615.445452458,vr_world,10135,104615.427238375,0.018214541,1,-0.133755000,-0.358620000,-0.427835000,0.190775094,0.617312414,-0.762245663,0.038881818,1,0.006051714,-0.287768530,-0.536727645,0.190775094,0.617312414,-0.762245663,0.038881818,10135,104615.427238375,0.018214541,1,0.089629300,-0.171123000,-0.471870000,0.182549807,-0.016757822,0.981909898,0.047409865,1,-0.009687039,-0.299445742,-0.570894126,0.182549807,-0.016757822,0.981909898,0.047409865
11.731021041,104615.457852541,vr_world,10136,104615.447204875,0.010648333,1,-0.138579000,-0.361305000,-0.427408000,0.189685540,0.612575005,-0.766365803,0.038140731,1,0.002395417,-0.292102004,-0.535854323,0.189685540,0.612575005,-0.766365803,0.038140731,10136,104615.447204875,0.010648333,1,0.087225000,-0.176307000,-0.470996000,0.184227734,-0.011613313,0.981682651,0.047164025,1,-0.013124921,-0.303450883,-0.570497721,0.184227734,-0.011613313,0.981682651,0.047164025
11.743434125,104615.470265625,vr_world,10137,104615.465920791,0.004345167,1,-0.147148000,-0.365914000,-0.426135000,0.191825818,0.603449715,-0.773176445,0.035348001,1,-0.004956414,-0.300185707,-0.535152531,0.191825818,0.603449715,-0.773176445,0.035348001,10137,104615.465920791,0.004345167,1,0.082440600,-0.186200000,-0.469280000,0.185614153,-0.000492877,0.981533539,0.046249927,1,-0.020542064,-0.310842394,-0.569255303,0.185614153,-0.000492877,0.981533539,0.046249927
11.755847500,104615.482679000,vr_world,10137,104615.465920791,0.016758584,1,-0.147148000,-0.365914000,-0.426135000,0.191825818,0.603449715,-0.773176445,0.035348001,1,-0.004956414,-0.300185707,-0.535152531,0.191825818,0.603449715,-0.773176445,0.035348001,10137,104615.465920791,0.016758584,1,0.082440600,-0.186200000,-0.469280000,0.185614153,-0.000492877,0.981533539,0.046249927,1,-0.020542064,-0.310842394,-0.569255303,0.185614153,-0.000492877,0.981533539,0.046249927
11.768260166,104615.495091666,vr_world,10138,104615.484932916,0.010159167,1,-0.152029000,-0.368614000,-0.425909000,0.191482407,0.599522275,-0.776319359,0.035153703,1,-0.008999193,-0.304361903,-0.534709734,0.191482407,0.599522275,-0.776319359,0.035153703,10138,104615.484932916,0.010159167,1,0.079314000,-0.191308000,-0.468358000,0.187382855,0.004184052,0.981208865,0.045818372,1,-0.024531551,-0.314875347,-0.568774379,0.187382855,0.004184052,0.981208865,0.045818372
11.780655041,104615.507486541,vr_world,10139,104615.504173750,0.003313208,1,-0.160549000,-0.373484000,-0.425084000,0.191798261,0.591176339,-0.782669874,0.033938632,1,-0.016082625,-0.312394581,-0.533808576,0.191798261,0.591176339,-0.782669874,0.033938632,10139,104615.504173750,0.003313208,1,0.073951900,-0.200912000,-0.466663000,0.189884532,0.014135920,0.980657817,0.045324245,1,-0.031911772,-0.322106243,-0.567861120,0.189884532,0.014135920,0.980657817,0.045324245
11.790901750,104615.517733250,vr_world,10139,104615.504173750,0.013559791,1,-0.160549000,-0.373484000,-0.425084000,0.191798261,0.591176339,-0.782669874,0.033938632,1,-0.016082625,-0.312394581,-0.533808576,0.191798261,0.591176339,-0.782669874,0.033938632,10139,104615.504173750,0.013559791,1,0.073951900,-0.200912000,-0.466663000,0.189884532,0.014135920,0.980657817,0.045324245,1,-0.031911772,-0.322106243,-0.567861120,0.189884532,0.014135920,0.980657817,0.045324245
11.801942916,104615.528774416,vr_world,10140,104615.523260166,0.005514625,1,-0.165410000,-0.376938000,-0.424843000,0.191785513,0.587860097,-0.785236282,0.032292497,1,-0.020485479,-0.316967674,-0.533580844,0.191785513,0.587860097,-0.785236282,0.032292497,10140,104615.523260166,0.005514625,1,0.071178400,-0.206350000,-0.466022000,0.190983144,0.018954391,0.980385052,0.044847741,1,-0.035676821,-0.326418309,-0.567519687,0.190983144,0.018954391,0.980385052,0.044847741
11.813858666,104615.540690166,vr_world,10140,104615.523260166,0.017430625,1,-0.165410000,-0.376938000,-0.424843000,0.191785513,0.587860097,-0.785236282,0.032292497,1,-0.020485479,-0.316967674,-0.533580844,0.191785513,0.587860097,-0.785236282,0.032292497,10140,104615.523260166,0.017430625,1,0.071178400,-0.206350000,-0.466022000,0.190983144,0.018954391,0.980385052,0.044847741,1,-0.035676821,-0.326418309,-0.567519687,0.190983144,0.018954391,0.980385052,0.044847741
11.824208666,104615.551040166,vr_world,10141,104615.543168750,0.007877041,1,-0.170048000,-0.380290000,-0.424836000,0.190022593,0.584421757,-0.788248374,0.031735238,1,-0.024207885,-0.321436303,-0.532957970,0.190022593,0.584421757,-0.788248374,0.031735238,10141,104615.543168750,0.007877041,1,0.068797800,-0.211935000,-0.465789000,0.189366917,0.023623027,0.980654348,0.043579497,1,-0.039570143,-0.331050279,-0.566804663,0.189366917,0.023623027,0.980654348,0.043579497
11.834892083,104615.561723583,vr_world,10141,104615.543168750,0.018555416,1,-0.170048000,-0.380290000,-0.424836000,0.190022593,0.584421757,-0.788248374,0.031735238,1,-0.024207885,-0.321436303,-0.532957970,0.190022593,0.584421757,-0.788248374,0.031735238,10141,104615.543168750,0.018555416,1,0.068797800,-0.211935000,-0.465789000,0.189366917,0.023623027,0.980654348,0.043579497,1,-0.039570143,-0.331050279,-0.566804663,0.189366917,0.023623027,0.980654348,0.043579497
11.845560583,104615.572392083,vr_world,10142,104615.562887500,0.009505083,1,-0.178442000,-0.386440000,-0.424124000,0.190049475,0.576895452,-0.793905013,0.028065382,1,-0.031641931,-0.330142497,-0.532308034,0.190049475,0.576895452,-0.793905013,0.028065382,10142,104615.562887500,0.009505083,1,0.063844200,-0.222405000,-0.464986000,0.188551291,0.034014599,0.980535554,0.042912058,1,-0.047199737,-0.338993274,-0.566043569,0.188551291,0.034014599,0.980535554,0.042912058
11.857556041,104615.584387541,vr_world,10143,104615.581974791,0.002413167,1,-0.182643000,-0.390147000,-0.423985000,0.189209659,0.573606843,-0.796563342,0.025724253,1,-0.035351879,-0.334804698,-0.531994267,0.189209659,0.573606843,-0.796563342,0.025724253,10143,104615.581974791,0.002413167,1,0.061207800,-0.228355000,-0.464894000,0.187232348,0.039382221,0.980639845,0.041696322,1,-0.051416014,-0.343756426,-0.565564796,0.187232348,0.039382221,0.980639845,0.041696322
11.869557791,104615.596389291,vr_world,10143,104615.581974791,0.014415000,1,-0.182643000,-0.390147000,-0.423985000,0.189209659,0.573606843,-0.796563342,0.025724253,1,-0.035351879,-0.334804698,-0.531994267,0.189209659,0.573606843,-0.796563342,0.025724253,10143,104615.581974791,0.014415000,1,0.061207800,-0.228355000,-0.464894000,0.187232348,0.039382221,0.980639845,0.041696322,1,-0.051416014,-0.343756426,-0.565564796,0.187232348,0.039382221,0.980639845,0.041696322
11.881970791,104615.608802291,vr_world,10144,104615.601284416,0.007518334,1,-0.190710000,-0.397002000,-0.423603000,0.189502947,0.566704538,-0.801556149,0.021031902,1,-0.042804760,-0.343875147,-0.531885060,0.189502947,0.566704538,-0.801556149,0.021031902,10144,104615.601284416,0.007518334,1,0.056124600,-0.239438000,-0.464208000,0.185854800,0.049424244,0.980402236,0.042739821,1,-0.059028899,-0.352053289,-0.565171888,0.185854800,0.049424244,0.980402236,0.042739821
11.894380000,104615.621211500,vr_world,10145,104615.619924750,0.001292625,1,-0.195180000,-0.400609000,-0.423611000,0.189590051,0.563391757,-0.803910650,0.019313398,1,-0.046935044,-0.348598399,-0.531970610,0.189590051,0.563391757,-0.803910650,0.019313398,10145,104615.619924750,0.001292625,1,0.053186000,-0.245354000,-0.464247000,0.185588192,0.053999538,0.980234552,0.042205399,1,-0.063085528,-0.356839001,-0.565184024,0.185588192,0.053999538,0.980234552,0.042205399
11.906773833,104615.633605333,vr_world,10145,104615.619924750,0.013681041,1,-0.195180000,-0.400609000,-0.423611000,0.189590051,0.563391757,-0.803910650,0.019313398,1,-0.046935044,-0.348598399,-0.531970610,0.189590051,0.563391757,-0.803910650,0.019313398,10145,104615.619924750,0.013681041,1,0.053186000,-0.245354000,-0.464247000,0.185588192,0.053999538,0.980234552,0.042205399,1,-0.063085528,-0.356839001,-0.565184024,0.185588192,0.053999538,0.980234552,0.042205399
11.919195833,104615.646027333,vr_world,10146,104615.639517791,0.006510042,1,-0.199698000,-0.403823000,-0.423352000,0.190807608,0.559099939,-0.806638664,0.018269648,1,-0.051130037,-0.353490283,-0.532060590,0.190807608,0.559099939,-0.806638664,0.018269648,10146,104615.639517791,0.006510042,1,0.050121800,-0.251361000,-0.464191000,0.185629175,0.058571267,0.980020782,0.040871545,1,-0.067239702,-0.361829222,-0.564984311,0.185629175,0.058571267,0.980020782,0.040871545
11.931569083,104615.658400583,vr_world,10146,104615.639517791,0.018883167,1,-0.199698000,-0.403823000,-0.423352000,0.190807608,0.559099939,-0.806638664,0.018269648,1,-0.051130037,-0.353490283,-0.532060590,0.190807608,0.559099939,-0.806638664,0.018269648,10146,104615.639517791,0.018883167,1,0.050121800,-0.251361000,-0.464191000,0.185629175,0.058571267,0.980020782,0.040871545,1,-0.067239702,-0.361829222,-0.564984311,0.185629175,0.058571267,0.980020782,0.040871545
11.943283083,104615.670114583,vr_world,10147,104615.659112291,0.011002792,1,-0.208030000,-0.409722000,-0.422929000,0.191982815,0.550735594,-0.812115543,0.017356518,1,-0.058544398,-0.362679598,-0.531853379,0.191982815,0.550735594,-0.812115543,0.017356518,10147,104615.659112291,0.011002792,1,0.044428200,-0.262420000,-0.463837000,0.186686919,0.068140913,0.979261236,0.039398504,1,-0.074920822,-0.370521665,-0.564862011,0.186686919,0.068140913,0.979261236,0.039398504
11.955696333,104615.682527833,vr_world,10148,104615.679192250,0.003336083,1,-0.212557000,-0.412948000,-0.422521000,0.194566963,0.545800481,-0.814819802,0.017726314,1,-0.062850602,-0.368115866,-0.532072409,0.194566963,0.545800481,-0.814819802,0.017726314,10148,104615.679192250,0.003336083,1,0.041172000,-0.268343000,-0.463882000,0.187550584,0.072484794,0.978863841,0.037367273,1,-0.079064586,-0.375566636,-0.564790311,0.187550584,0.072484794,0.978863841,0.037367273
11.968112541,104615.694944041,vr_world,10148,104615.679192250,0.015752333,1,-0.212557000,-0.412948000,-0.422521000,0.194566963,0.545800481,-0.814819802,0.017726314,1,-0.062850602,-0.368115866,-0.532072409,0.194566963,0.545800481,-0.814819802,0.017726314,10148,104615.679192250,0.015752333,1,0.041172000,-0.268343000,-0.463882000,0.187550584,0.072484794,0.978863841,0.037367273,1,-0.079064586,-0.375566636,-0.564790311,0.187550584,0.072484794,0.978863841,0.037367273
11.978911458,104615.705742958,vr_world,10149,104615.698576625,0.007166875,1,-0.220844000,-0.419302000,-0.422202000,0.195915961,0.537105505,-0.820276499,0.016765384,1,-0.070341052,-0.377894017,-0.532009456,0.195915961,0.537105505,-0.820276499,0.016765384,10149,104615.698576625,0.007166875,1,0.035031900,-0.279650000,-0.463393000,0.188452754,0.080588700,0.978089973,0.036483223,1,-0.086809642,-0.384766479,-0.564592599,0.188452754,0.080588700,0.978089973,0.036483223
11.990892916,104615.717724416,vr_world,10150,104615.716750000,0.000974833,1,-0.225346000,-0.423241000,-0.421787000,0.197074248,0.533511669,-0.822385324,0.014471316,1,-0.074847994,-0.383072382,-0.532060586,0.197074248,0.533511669,-0.822385324,0.014471316,10150,104615.716750000,0.000974833,1,0.031623000,-0.285475000,-0.463019000,0.188311139,0.084681984,0.977758153,0.036835720,1,-0.091086063,-0.389392487,-0.564408739,0.188311139,0.084681984,0.977758153,0.036835720
12.003302500,104615.730134000,vr_world,10150,104615.716750000,0.013384500,1,-0.225346000,-0.423241000,-0.421787000,0.197074248,0.533511669,-0.822385324,0.014471316,1,-0.074847994,-0.383072382,-0.532060586,0.197074248,0.533511669,-0.822385324,0.014471316,10150,104615.716750000,0.013384500,1,0.031623000,-0.285475000,-0.463019000,0.188311139,0.084681984,0.977758153,0.036835720,1,-0.091086063,-0.389392487,-0.564408739,0.188311139,0.084681984,0.977758153,0.036835720
12.015726375,104615.742557875,vr_world,10151,104615.736010541,0.006548000,1,-0.230068000,-0.426907000,-0.421476000,0.196311333,0.530551936,-0.824504080,0.013020250,1,-0.079195869,-0.387664601,-0.531571852,0.196311333,0.530551936,-0.824504080,0.013020250,10151,104615.736010541,0.006548000,1,0.028399400,-0.291211000,-0.462902000,0.187675372,0.088994565,0.977520291,0.036221572,1,-0.095364096,-0.394005910,-0.564154296,0.187675372,0.088994565,0.977520291,0.036221572
12.026893583,104615.753725083,vr_world,10151,104615.736010541,0.017715084,1,-0.230068000,-0.426907000,-0.421476000,0.196311333,0.530551936,-0.824504080,0.013020250,1,-0.079195869,-0.387664601,-0.531571852,0.196311333,0.530551936,-0.824504080,0.013020250,10151,104615.736010541,0.017715084,1,0.028399400,-0.291211000,-0.462902000,0.187675372,0.088994565,0.977520291,0.036221572,1,-0.095364096,-0.394005910,-0.564154296,0.187675372,0.088994565,0.977520291,0.036221572
12.037747541,104615.764579041,vr_world,10152,104615.754783416,0.009796084,1,-0.238356000,-0.433346000,-0.420577000,0.198500262,0.522756660,-0.828991460,0.009812225,1,-0.087325803,-0.396958971,-0.531434113,0.198500262,0.522756660,-0.828991460,0.009812225,10152,104615.754783416,0.009796084,1,0.022429500,-0.302161000,-0.462789000,0.185389155,0.098223730,0.977116111,0.035029508,1,-0.103727778,-0.402498340,-0.563551062,0.185389155,0.098223730,0.977116111,0.035029508
12.050164250,104615.776995750,vr_world,10153,104615.773860791,0.003135209,1,-0.243087000,-0.436932000,-0.420243000,0.198165264,0.519564160,-0.831104486,0.006996114,1,-0.091912101,-0.401425902,-0.531188471,0.198165264,0.519564160,-0.831104486,0.006996114,10153,104615.773860791,0.003135209,1,0.019497500,-0.308190000,-0.462777000,0.184171784,0.104033600,0.976787651,0.033817888,1,-0.108125126,-0.407027412,-0.563175600,0.184171784,0.104033600,0.976787651,0.033817888
12.061558916,104615.788390416,vr_world,10153,104615.773860791,0.014530125,1,-0.243087000,-0.436932000,-0.420243000,0.198165264,0.519564160,-0.831104486,0.006996114,1,-0.091912101,-0.401425902,-0.531188471,0.198165264,0.519564160,-0.831104486,0.006996114,10153,104615.773860791,0.014530125,1,0.019497500,-0.308190000,-0.462777000,0.184171784,0.104033600,0.976787651,0.033817888,1,-0.108125126,-0.407027412,-0.563175600,0.184171784,0.104033600,0.976787651,0.033817888
12.073959666,104615.800791166,vr_world,10154,104615.792542791,0.008248959,1,-0.248088000,-0.440041000,-0.420103000,0.197715247,0.515507630,-0.833743195,0.005731381,1,-0.096506293,-0.405934757,-0.530932523,0.197715247,0.515507630,-0.833743195,0.005731381,10154,104615.792542791,0.008248959,1,0.016568300,-0.314280000,-0.462894000,0.182744662,0.110040523,0.976440149,0.032559287,1,-0.112581475,-0.411546880,-0.562872636,0.182744662,0.110040523,0.976440149,0.032559287
12.084503416,104615.811334916,vr_world,10154,104615.792542791,0.018792625,1,-0.248088000,-0.440041000,-0.420103000,0.197715247,0.515507630,-0.833743195,0.005731381,1,-0.096506293,-0.405934757,-0.530932523,0.197715247,0.515507630,-0.833743195,0.005731381,10154,104615.792542791,0.018792625,1,0.016568300,-0.314280000,-0.462894000,0.182744662,0.110040523,0.976440149,0.032559287,1,-0.112581475,-0.411546880,-0.562872636,0.182744662,0.110040523,0.976440149,0.032559287
12.096896500,104615.823728000,vr_world,10155,104615.811827458,0.011901000,1,-0.256911000,-0.446155000,-0.420118000,0.196211494,0.507212556,-0.839181080,0.003403913,1,-0.104404109,-0.414896951,-0.530517383,0.196211494,0.507212556,-0.839181080,0.003403913,10155,104615.811827458,0.011901000,1,0.010549900,-0.325550000,-0.462941000,0.180369691,0.121033803,0.975644781,0.030575395,1,-0.121275736,-0.419846425,-0.562270639,0.180369691,0.121033803,0.975644781,0.030575395
12.109287750,104615.836119250,vr_world,10156,104615.830905375,0.005214208,1,-0.261423000,-0.449221000,-0.420367000,0.196839637,0.502101059,-0.842108860,0.001162854,1,-0.108775301,-0.419734150,-0.531058943,0.196839637,0.502101059,-0.842108860,0.001162854,10156,104615.830905375,0.005214208,1,0.006689860,-0.331663000,-0.462561000,0.182374992,0.126346371,0.974604502,0.030364802,1,-0.125757718,-0.424422134,-0.562508991,0.182374992,0.126346371,0.974604502,0.030364802
12.121700208,104615.848531708,vr_world,10156,104615.830905375,0.017626666,1,-0.261423000,-0.449221000,-0.420367000,0.196839637,0.502101059,-0.842108860,0.001162854,1,-0.108775301,-0.419734150,-0.531058943,0.196839637,0.502101059,-0.842108860,0.001162854,10156,104615.830905375,0.017626666,1,0.006689860,-0.331663000,-0.462561000,0.182374992,0.126346371,0.974604502,0.030364802,1,-0.125757718,-0.424422134,-0.562508991,0.182374992,0.126346371,0.974604502,0.030364802
12.133558583,104615.860390083,vr_world,10157,104615.849800083,0.010590375,1,-0.266313000,-0.452149000,-0.420912000,0.196827073,0.497131406,-0.845055110,0.001153179,1,-0.113211449,-0.424607047,-0.531477880,0.196827073,0.497131406,-0.845055110,0.001153179,10157,104615.849800083,0.010590375,1,0.002909000,-0.337753000,-0.462157000,0.185667179,0.131454105,0.973316876,0.030029593,1,-0.129862663,-0.429060200,-0.563007878,0.185667179,0.131454105,0.973316876,0.030029593
12.145969458,104615.872800958,vr_world,10158,104615.868855583,0.003945667,1,-0.275526000,-0.458064000,-0.421926000,0.196658584,0.488092322,-0.850346576,0.001410013,1,-0.121605949,-0.434080447,-0.532184119,0.196658584,0.488092322,-0.850346576,0.001410013,10158,104615.868855583,0.003945667,1,-0.004362770,-0.348943000,-0.461814000,0.189813769,0.140623154,0.971262379,0.029073231,1,-0.138029522,-0.437661414,-0.563786904,0.189813769,0.140623154,0.971262379,0.029073231
12.157606041,104615.884437541,vr_world,10158,104615.868855583,0.015582458,1,-0.275526000,-0.458064000,-0.421926000,0.196658584,0.488092322,-0.850346576,0.001410013,1,-0.121605949,-0.434080447,-0.532184119,0.196658584,0.488092322,-0.850346576,0.001410013,10158,104615.868855583,0.015582458,1,-0.004362770,-0.348943000,-0.461814000,0.189813769,0.140623154,0.971262379,0.029073231,1,-0.138029522,-0.437661414,-0.563786904,0.189813769,0.140623154,0.971262379,0.029073231
12.170005375,104615.896836875,vr_world,10159,104615.888512375,0.008325333,1,-0.280120000,-0.461269000,-0.422698000,0.195857788,0.484224733,-0.852739799,0.000985060,1,-0.125779573,-0.438685823,-0.532663576,0.195857788,0.484224733,-0.852739799,0.000985060,10159,104615.888512375,0.008325333,1,-0.008702240,-0.354261000,-0.461636000,0.193618323,0.143399992,0.970123571,0.028436660,1,-0.142148558,-0.442275928,-0.564503475,0.193618323,0.143399992,0.970123571,0.028436660
12.181556250,104615.908387750,vr_world,10159,104615.888512375,0.019876500,1,-0.280120000,-0.461269000,-0.422698000,0.195857788,0.484224733,-0.852739799,0.000985060,1,-0.125779573,-0.438685823,-0.532663576,0.195857788,0.484224733,-0.852739799,0.000985060,10159,104615.888512375,0.019876500,1,-0.008702240,-0.354261000,-0.461636000,0.193618323,0.143399992,0.970123571,0.028436660,1,-0.142148558,-0.442275928,-0.564503475,0.193618323,0.143399992,0.970123571,0.028436660
12.193958166,104615.920789666,vr_world,10160,104615.908838958,0.011951292,1,-0.289277000,-0.466542000,-0.423505000,0.197088982,0.475743550,-0.857218212,0.000972040,1,-0.134581286,-0.447358702,-0.533616984,0.197088982,0.475743550,-0.857218212,0.000972040,10160,104615.908838958,0.011951292,1,-0.015709900,-0.364459000,-0.461908000,0.197627876,0.151456753,0.968197160,0.024460849,1,-0.150005837,-0.450651354,-0.565211984,0.197627876,0.151456753,0.968197160,0.024460849
12.206375208,104615.933206708,vr_world,10161,104615.927401875,0.005805375,1,-0.293646000,-0.468698000,-0.423798000,0.196841772,0.471600060,-0.859554765,0.003507921,1,-0.138384816,-0.451436072,-0.533431063,0.196841772,0.471600060,-0.859554765,0.003507921,10161,104615.927401875,0.005805375,1,-0.018693500,-0.370515000,-0.462508000,0.198163338,0.157203617,0.967254914,0.020886476,1,-0.154084604,-0.455465623,-0.565410228,0.198163338,0.157203617,0.967254914,0.020886476
12.218653083,104615.945484583,vr_world,10161,104615.927401875,0.018083750,1,-0.293646000,-0.468698000,-0.423798000,0.196841772,0.471600060,-0.859554765,0.003507921,1,-0.138384816,-0.451436072,-0.533431063,0.196841772,0.471600060,-0.859554765,0.003507921,10161,104615.927401875,0.018083750,1,-0.018693500,-0.370515000,-0.462508000,0.198163338,0.157203617,0.967254914,0.020886476,1,-0.154084604,-0.455465623,-0.565410228,0.198163338,0.157203617,0.967254914,0.020886476
12.230240708,104615.957072208,vr_world,10162,104615.946952791,0.010120084,1,-0.297611000,-0.471651000,-0.423802000,0.198633192,0.466256657,-0.862056490,0.002862342,1,-0.142451369,-0.456515357,-0.533892006,0.198633192,0.466256657,-0.862056490,0.002862342,10162,104615.946952791,0.010120084,1,-0.021845600,-0.376469000,-0.462815000,0.197657523,0.162395292,0.966522737,0.019826046,1,-0.158262934,-0.459948927,-0.565565464,0.197657523,0.162395292,0.966522737,0.019826046
12.242649500,104615.969481000,vr_world,10163,104615.966522166,0.002959250,1,-0.304879000,-0.477109000,-0.424853000,0.198120803,0.457367668,-0.866925584,0.001730829,1,-0.149245736,-0.465248234,-0.534675691,0.198120803,0.457367668,-0.866925584,0.001730829,10163,104615.966522166,0.002959250,1,-0.028320200,-0.386618000,-0.463071000,0.199000094,0.169981254,0.964959306,0.018943985,1,-0.165749859,-0.467870759,-0.566256775,0.199000094,0.169981254,0.964959306,0.018943985
12.255064125,104615.981895625,vr_world,10163,104615.966522166,0.015373917,1,-0.304879000,-0.477109000,-0.424853000,0.198120803,0.457367668,-0.866925584,0.001730829,1,-0.149245736,-0.465248234,-0.534675691,0.198120803,0.457367668,-0.866925584,0.001730829,10163,104615.966522166,0.015373917,1,-0.028320200,-0.386618000,-0.463071000,0.199000094,0.169981254,0.964959306,0.018943985,1,-0.165749859,-0.467870759,-0.566256775,0.199000094,0.169981254,0.964959306,0.018943985
12.267501291,104615.994332791,vr_world,10164,104615.985364250,0.008968875,1,-0.308482000,-0.479960000,-0.424952000,0.200823145,0.454659329,-0.867729680,0.000401046,1,-0.153395664,-0.469162761,-0.535654687,0.200823145,0.454659329,-0.867729680,0.000401046,10164,104615.985364250,0.008968875,1,-0.031726900,-0.391205000,-0.463072000,0.200973540,0.172576915,0.964084714,0.019170516,1,-0.169156337,-0.471644401,-0.566893348,0.200973540,0.172576915,0.964084714,0.019170516
12.279913791,104616.006745291,vr_world,10165,104616.004544666,0.002201334,1,-0.315586000,-0.485432000,-0.425652000,0.200456395,0.448472434,-0.871027197,0.001153810,1,-0.160078223,-0.477102661,-0.535976141,0.200456395,0.448472434,-0.871027197,0.001153810,10165,104616.004544666,0.002201334,1,-0.037990800,-0.400392000,-0.463322000,0.203383106,0.178655428,0.962524716,0.016239506,1,-0.176080005,-0.479381328,-0.567381062,0.203383106,0.178655428,0.962524716,0.016239506
12.290942333,104616.017773833,vr_world,10165,104616.004544666,0.013229417,1,-0.315586000,-0.485432000,-0.425652000,0.200456395,0.448472434,-0.871027197,0.001153810,1,-0.160078223,-0.477102661,-0.535976141,0.200456395,0.448472434,-0.871027197,0.001153810,10165,104616.004544666,0.013229417,1,-0.037990800,-0.400392000,-0.463322000,0.203383106,0.178655428,0.962524716,0.016239506,1,-0.176080005,-0.479381328,-0.567381062,0.203383106,0.178655428,0.962524716,0.016239506
12.303293250,104616.030124750,vr_world,10166,104616.023997250,0.006128208,1,-0.319020000,-0.488641000,-0.425400000,0.201859860,0.446086180,-0.871927854,-0.001238634,1,-0.163932342,-0.481015979,-0.536364557,0.201859860,0.446086180,-0.871927854,-0.001238634,10166,104616.023997250,0.006128208,1,-0.041291000,-0.405036000,-0.463156000,0.204491003,0.180226605,0.961995814,0.016305034,1,-0.179392192,-0.483539916,-0.567565906,0.204491003,0.180226605,0.961995814,0.016305034
12.315666958,104616.042498458,vr_world,10166,104616.023997250,0.018501833,1,-0.319020000,-0.488641000,-0.425400000,0.201859860,0.446086180,-0.871927854,-0.001238634,1,-0.163932342,-0.481015979,-0.536364557,0.201859860,0.446086180,-0.871927854,-0.001238634,10166,104616.023997250,0.018501833,1,-0.041291000,-0.405036000,-0.463156000,0.204491003,0.180226605,0.961995814,0.016305034,1,-0.179392192,-0.483539916,-0.567565906,0.204491003,0.180226605,0.961995814,0.016305034
12.328056583,104616.054888083,vr_world,10167,104616.043044416,0.011844292,1,-0.322405000,-0.491423000,-0.425603000,0.200987359,0.443362953,-0.873514916,-0.002250677,1,-0.167131165,-0.484658861,-0.536362863,0.200987359,0.443362953,-0.873514916,-0.002250677,10167,104616.043044416,0.011844292,1,-0.044521600,-0.409144000,-0.463078000,0.203834779,0.182297315,0.961731126,0.017097164,1,-0.183012177,-0.486858322,-0.567562783,0.203834779,0.182297315,0.961731126,0.017097164
12.340456875,104616.067288375,vr_world,10168,104616.061763291,0.005525459,1,-0.328537000,-0.496498000,-0.425365000,0.202633579,0.437550204,-0.876048131,-0.005396679,1,-0.173703326,-0.491663969,-0.536839699,0.202633579,0.437550204,-0.876048131,-0.005396679,10168,104616.061763291,0.005525459,1,-0.050679100,-0.416637000,-0.462647000,0.205327799,0.185703194,0.960745369,0.017976536,1,-0.189314456,-0.493166994,-0.567811863,0.205327799,0.185703194,0.960745369,0.017976536
12.352672583,104616.079504083,vr_world,10168,104616.061763291,0.017741334,1,-0.328537000,-0.496498000,-0.425365000,0.202633579,0.437550204,-0.876048131,-0.005396679,1,-0.173703326,-0.491663969,-0.536839699,0.202633579,0.437550204,-0.876048131,-0.005396679,10168,104616.061763291,0.017741334,1,-0.050679100,-0.416637000,-0.462647000,0.205327799,0.185703194,0.960745369,0.017976536,1,-0.189314456,-0.493166994,-0.567811863,0.205327799,0.185703194,0.960745369,0.017976536
12.365079125,104616.091910625,vr_world,10169,104616.081445208,0.010466000,1,-0.332074000,-0.499269000,-0.424821000,0.203824668,0.436814638,-0.876101023,-0.009771133,1,-0.177885524,-0.494205488,-0.537176295,0.203824668,0.436814638,-0.876101023,-0.009771133,10169,104616.081445208,0.010466000,1,-0.053804100,-0.420658000,-0.462288000,0.204170751,0.188671133,0.960394495,0.018971628,1,-0.193039390,-0.496064428,-0.567471935,0.204170751,0.188671133,0.960394495,0.018971628
12.376237666,104616.103069166,vr_world,10170,104616.100217541,0.002852250,1,-0.336090000,-0.501604000,-0.424547000,0.202661784,0.434490227,-0.877508858,-0.011164560,1,-0.181722095,-0.497171144,-0.536682358,0.202661784,0.434490227,-0.877508858,-0.011164560,10170,104616.100217541,0.002852250,1,-0.056888400,-0.424245000,-0.462119000,0.204190790,0.191400688,0.959863220,0.018289271,1,-0.196564072,-0.498872594,-0.567274378,0.204190790,0.191400688,0.959863220,0.018289271
12.388649416,104616.115480916,vr_world,10170,104616.100217541,0.015263709,1,-0.336090000,-0.501604000,-0.424547000,0.202661784,0.434490227,-0.877508858,-0.011164560,1,-0.181722095,-0.497171144,-0.536682358,0.202661784,0.434490227,-0.877508858,-0.011164560,10170,104616.100217541,0.015263709,1,-0.056888400,-0.424245000,-0.462119000,0.204190790,0.191400688,0.959863220,0.018289271,1,-0.196564072,-0.498872594,-0.567274378,0.204190790,0.191400688,0.959863220,0.018289271
12.401060666,104616.127892166,vr_world,10171,104616.119162208,0.008730542,1,-0.343246000,-0.506484000,-0.424705000,0.200985230,0.430190083,-0.879963924,-0.014315076,1,-0.188711890,-0.503167930,-0.536649792,0.200985230,0.430190083,-0.879963924,-0.014315076,10171,104616.119162208,0.008730542,1,-0.062310600,-0.431733000,-0.462299000,0.201620486,0.196929916,0.959318314,0.016618048,1,-0.203410646,-0.504752838,-0.566678614,0.201620486,0.196929916,0.959318314,0.016618048
12.411428166,104616.138259666,vr_world,10171,104616.119162208,0.019099875,1,-0.343246000,-0.506484000,-0.424705000,0.200985230,0.430190083,-0.879963924,-0.014315076,1,-0.188711890,-0.503167930,-0.536649792,0.200985230,0.430190083,-0.879963924,-0.014315076,10171,104616.119162208,0.019099875,1,-0.062310600,-0.431733000,-0.462299000,0.201620486,0.196929916,0.959318314,0.016618048,1,-0.203410646,-0.504752838,-0.566678614,0.201620486,0.196929916,0.959318314,0.016618048
12.423850583,104616.150682083,vr_world,10172,104616.138713625,0.011972708,1,-0.346720000,-0.508909000,-0.425199000,0.197186099,0.427262617,-0.882224802,-0.015610814,1,-0.191450117,-0.506309858,-0.536140263,0.197186099,0.427262617,-0.882224802,-0.015610814,10172,104616.138713625,0.011972708,1,-0.065259500,-0.435643000,-0.462370000,0.199801003,0.199182015,0.959226887,0.017025403,1,-0.207010571,-0.507827240,-0.566448285,0.199801003,0.199182015,0.959226887,0.017025403
12.436249875,104616.163081375,vr_world,10173,104616.157866458,0.005215625,1,-0.353065000,-0.512833000,-0.424783000,0.199140163,0.420453466,-0.884967043,-0.019884919,1,-0.198465013,-0.512364635,-0.536685022,0.199140163,0.420453466,-0.884967043,-0.019884919,10173,104616.157866458,0.005215625,1,-0.071306700,-0.442579000,-0.462288000,0.198989784,0.203529328,0.958466157,0.017930521,1,-0.213755422,-0.513192347,-0.566491358,0.198989784,0.203529328,0.958466157,0.017930521
12.446368291,104616.173199791,vr_world,10173,104616.157866458,0.015334125,1,-0.353065000,-0.512833000,-0.424783000,0.199140163,0.420453466,-0.884967043,-0.019884919,1,-0.198465013,-0.512364635,-0.536685022,0.199140163,0.420453466,-0.884967043,-0.019884919,10173,104616.157866458,0.015334125,1,-0.071306700,-0.442579000,-0.462288000,0.198989784,0.203529328,0.958466157,0.017930521,1,-0.213755422,-0.513192347,-0.566491358,0.198989784,0.203529328,0.958466157,0.017930521
12.458814791,104616.185646291,vr_world,10174,104616.178030458,0.007616458,1,-0.357038000,-0.514524000,-0.424709000,0.198379718,0.419061279,-0.885801142,-0.019734958,1,-0.202241856,-0.514564771,-0.536340535,0.198379718,0.419061279,-0.885801142,-0.019734958,10174,104616.178030458,0.007616458,1,-0.074973600,-0.445865000,-0.462506000,0.199497126,0.206590905,0.957740789,0.015927225,1,-0.217877655,-0.515774274,-0.566560411,0.199497126,0.206590905,0.957740789,0.015927225
12.469565208,104616.196396708,vr_world,10174,104616.178030458,0.018366917,1,-0.357038000,-0.514524000,-0.424709000,0.198379718,0.419061279,-0.885801142,-0.019734958,1,-0.202241856,-0.514564771,-0.536340535,0.198379718,0.419061279,-0.885801142,-0.019734958,10174,104616.178030458,0.018366917,1,-0.074973600,-0.445865000,-0.462506000,0.199497126,0.206590905,0.957740789,0.015927225,1,-0.217877655,-0.515774274,-0.566560411,0.199497126,0.206590905,0.957740789,0.015927225
12.481976208,104616.208807708,vr_world,10175,104616.197041833,0.011766458,1,-0.360662000,-0.517037000,-0.424548000,0.199489468,0.418058981,-0.886004296,-0.020664688,1,-0.206168818,-0.517394028,-0.536597803,0.199489468,0.418058981,-0.886004296,-0.020664688,10175,104616.197041833,0.011766458,1,-0.078328600,-0.449555000,-0.462427000,0.199961471,0.209163305,0.957091760,0.015539757,1,-0.221511227,-0.518685113,-0.566618904,0.199961471,0.209163305,0.957091760,0.015539757
12.494208416,104616.221039916,vr_world,10176,104616.216591083,0.004449417,1,-0.367572000,-0.521158000,-0.424911000,0.198583413,0.413458356,-0.888314176,-0.022687914,1,-0.213018069,-0.522933649,-0.536863633,0.198583413,0.413458356,-0.888314176,-0.022687914,10176,104616.216591083,0.004449417,1,-0.084534700,-0.456429000,-0.462267000,0.200614906,0.213933264,0.955880055,0.016719413,1,-0.228127119,-0.523831376,-0.567025595,0.200614906,0.213933264,0.955880055,0.016719413
12.504245208,104616.231076708,vr_world,10176,104616.216591083,0.014487833,1,-0.367572000,-0.521158000,-0.424911000,0.198583413,0.413458356,-0.888314176,-0.022687914,1,-0.213018069,-0.522933649,-0.536863633,0.198583413,0.413458356,-0.888314176,-0.022687914,10176,104616.216591083,0.014487833,1,-0.084534700,-0.456429000,-0.462267000,0.200614906,0.213933264,0.955880055,0.016719413,1,-0.228127119,-0.523831376,-0.567025595,0.200614906,0.213933264,0.955880055,0.016719413
12.516442291,104616.243273791,vr_world,10177,104616.235484583,0.007789792,1,-0.371195000,-0.522928000,-0.425119000,0.198811867,0.411308567,-0.889269062,-0.022352626,1,-0.216633899,-0.525582044,-0.537044260,0.198811867,0.411308567,-0.889269062,-0.022352626,10177,104616.235484583,0.007789792,1,-0.087955000,-0.459810000,-0.462421000,0.201067358,0.216785810,0.955151287,0.016181756,1,-0.231861843,-0.526355842,-0.567295687,0.201067358,0.216785810,0.955151287,0.016181756
12.527660166,104616.254491666,vr_world,10177,104616.235484583,0.019008417,1,-0.371195000,-0.522928000,-0.425119000,0.198811867,0.411308567,-0.889269062,-0.022352626,1,-0.216633899,-0.525582044,-0.537044260,0.198811867,0.411308567,-0.889269062,-0.022352626,10177,104616.235484583,0.019008417,1,-0.087955000,-0.459810000,-0.462421000,0.201067358,0.216785810,0.955151287,0.016181756,1,-0.231861843,-0.526355842,-0.567295687,0.201067358,0.216785810,0.955151287,0.016181756
12.540079000,104616.266910500,vr_world,10178,104616.255177333,0.011733750,1,-0.377925000,-0.527067000,-0.425330000,0.199462473,0.406853542,-0.891141211,-0.023500201,1,-0.223572211,-0.531287922,-0.537494316,0.199462473,0.406853542,-0.891141211,-0.023500201,10178,104616.255177333,0.011733750,1,-0.094433200,-0.466636000,-0.462453000,0.201928088,0.221609519,0.953894207,0.014146042,1,-0.238922368,-0.531891741,-0.567337472,0.201928088,0.221609519,0.953894207,0.014146042
12.550921000,104616.277752500,vr_world,10179,104616.274886250,0.002866833,1,-0.381680000,-0.529405000,-0.425719000,0.199016311,0.403814471,-0.892577580,-0.025132549,1,-0.227372605,-0.534522428,-0.537908530,0.199016311,0.403814471,-0.892577580,-0.025132549,10179,104616.274886250,0.002866833,1,-0.097738000,-0.470971000,-0.462597000,0.200980666,0.224368779,0.953443551,0.014519578,1,-0.242730883,-0.535224806,-0.567405257,0.200980666,0.224368779,0.953443551,0.014519578
12.563330250,104616.290161750,vr_world,10179,104616.274886250,0.015275833,1,-0.381680000,-0.529405000,-0.425719000,0.199016311,0.403814471,-0.892577580,-0.025132549,1,-0.227372605,-0.534522428,-0.537908530,0.199016311,0.403814471,-0.892577580,-0.025132549,10179,104616.274886250,0.015275833,1,-0.097738000,-0.470971000,-0.462597000,0.200980666,0.224368779,0.953443551,0.014519578,1,-0.242730883,-0.535224806,-0.567405257,0.200980666,0.224368779,0.953443551,0.014519578
12.573563916,104616.300395416,vr_world,10180,104616.294178000,0.006217833,1,-0.385409000,-0.531704000,-0.426194000,0.198423977,0.401270740,-0.893837178,-0.025784055,1,-0.231032500,-0.537660526,-0.538247050,0.198423977,0.401270740,-0.893837178,-0.025784055,10180,104616.294178000,0.006217833,1,-0.100917000,-0.474854000,-0.462892000,0.200844209,0.227588641,0.952712315,0.014291906,1,-0.246344548,-0.538056920,-0.567736781,0.200844209,0.227588641,0.952712315,0.014291906
12.585992250,104616.312823750,vr_world,10180,104616.294178000,0.018646250,1,-0.385409000,-0.531704000,-0.426194000,0.198423977,0.401270740,-0.893837178,-0.025784055,1,-0.231032500,-0.537660526,-0.538247050,0.198423977,0.401270740,-0.893837178,-0.025784055,10180,104616.294178000,0.018646250,1,-0.100917000,-0.474854000,-0.462892000,0.200844209,0.227588641,0.952712315,0.014291906,1,-0.246344548,-0.538056920,-0.567736781,0.200844209,0.227588641,0.952712315,0.014291906
12.598420250,104616.325251750,vr_world,10181,104616.313472708,0.011779708,1,-0.392271000,-0.535852000,-0.427064000,0.197292272,0.396389905,-0.896219832,-0.027217931,1,-0.237795225,-0.543390063,-0.538884740,0.197292272,0.396389905,-0.896219832,-0.027217931,10181,104616.313472708,0.011779708,1,-0.107304000,-0.482307000,-0.463266000,0.201130909,0.234056053,0.951104281,0.012836182,1,-0.253544739,-0.543546876,-0.568144824,0.201130909,0.234056053,0.951104281,0.012836182
12.610842833,104616.337674333,vr_world,10182,104616.332838208,0.004836667,1,-0.396108000,-0.537974000,-0.427117000,0.197889540,0.393250146,-0.897413487,-0.029035945,1,-0.241938180,-0.546466539,-0.539290940,0.197889540,0.393250146,-0.897413487,-0.029035945,10182,104616.332838208,0.004836667,1,-0.111413000,-0.486415000,-0.462814000,0.202642166,0.236925695,0.950062362,0.013560053,1,-0.257625093,-0.546627630,-0.568325669,0.202642166,0.236925695,0.950062362,0.013560053
12.623278708,104616.350110208,vr_world,10182,104616.332838208,0.017272542,1,-0.396108000,-0.537974000,-0.427117000,0.197889540,0.393250146,-0.897413487,-0.029035945,1,-0.241938180,-0.546466539,-0.539290940,0.197889540,0.393250146,-0.897413487,-0.029035945,10182,104616.332838208,0.017272542,1,-0.111413000,-0.486415000,-0.462814000,0.202642166,0.236925695,0.950062362,0.013560053,1,-0.257625093,-0.546627630,-0.568325669,0.202642166,0.236925695,0.950062362,0.013560053
12.635677041,104616.362508541,vr_world,10183,104616.352148833,0.010360458,1,-0.403644000,-0.542031000,-0.427842000,0.196590993,0.387261451,-0.900214101,-0.031545548,1,-0.249480814,-0.552349422,-0.539871757,0.196590993,0.387261451,-0.900214101,-0.031545548,10183,104616.352148833,0.010360458,1,-0.118433000,-0.493815000,-0.462657000,0.204177957,0.242748496,0.948255931,0.013972095,1,-0.264953178,-0.552040381,-0.568854422,0.204177957,0.242748496,0.948255931,0.013972095
12.648080541,104616.374912041,vr_world,10184,104616.371964291,0.002948417,1,-0.407926000,-0.544330000,-0.428298000,0.194713176,0.384677872,-0.901709601,-0.032085966,1,-0.253450049,-0.555448827,-0.539819127,0.194713176,0.384677872,-0.901709601,-0.032085966,10184,104616.371964291,0.002948417,1,-0.122112000,-0.497444000,-0.462820000,0.204541398,0.245058056,0.947597865,0.012948029,1,-0.268887043,-0.555040240,-0.569008416,0.204541398,0.245058056,0.947597865,0.012948029
12.660487541,104616.387319041,vr_world,10184,104616.371964291,0.015355750,1,-0.407926000,-0.544330000,-0.428298000,0.194713176,0.384677872,-0.901709601,-0.032085966,1,-0.253450049,-0.555448827,-0.539819127,0.194713176,0.384677872,-0.901709601,-0.032085966,10184,104616.371964291,0.015355750,1,-0.122112000,-0.497444000,-0.462820000,0.204541398,0.245058056,0.947597865,0.012948029,1,-0.268887043,-0.555040240,-0.569008416,0.204541398,0.245058056,0.947597865,0.012948029
12.672893791,104616.399725291,vr_world,10185,104616.392414416,0.007311334,1,-0.414912000,-0.548447000,-0.428690000,0.194539544,0.379249341,-0.903964994,-0.034228526,1,-0.260673875,-0.561281390,-0.540356358,0.194539544,0.379249341,-0.903964994,-0.034228526,10185,104616.392414416,0.007311334,1,-0.128811000,-0.504874000,-0.463155000,0.203467890,0.250452903,0.946429249,0.012076363,1,-0.276442437,-0.560714603,-0.569093914,0.203467890,0.250452903,0.946429249,0.012076363
12.685319958,104616.412151458,vr_world,10185,104616.392414416,0.019737625,1,-0.414912000,-0.548447000,-0.428690000,0.194539544,0.379249341,-0.903964994,-0.034228526,1,-0.260673875,-0.561281390,-0.540356358,0.194539544,0.379249341,-0.903964994,-0.034228526,10185,104616.392414416,0.019737625,1,-0.128811000,-0.504874000,-0.463155000,0.203467890,0.250452903,0.946429249,0.012076363,1,-0.276442437,-0.560714603,-0.569093914,0.203467890,0.250452903,0.946429249,0.012076363
12.697748125,104616.424579625,vr_world,10186,104616.412579208,0.012002042,1,-0.418698000,-0.550351000,-0.428486000,0.195307025,0.376495527,-0.904857255,-0.036600990,1,-0.264884887,-0.563902445,-0.540652736,0.195307025,0.376495527,-0.904857255,-0.036600990,10186,104616.412579208,0.012002042,1,-0.132633000,-0.508682000,-0.462988000,0.204205888,0.253691683,0.945397504,0.012807945,1,-0.280392599,-0.563331796,-0.569368104,0.204205888,0.253691683,0.945397504,0.012807945
12.710162333,104616.436993833,vr_world,10187,104616.432199250,0.004795333,1,-0.422546000,-0.552244000,-0.428655000,0.194759848,0.373784077,-0.906081254,-0.037024659,1,-0.268710959,-0.566720241,-0.540675856,0.194759848,0.373784077,-0.906081254,-0.037024659,10187,104616.432199250,0.004795333,1,-0.136319000,-0.512497000,-0.463020000,0.204477333,0.256969277,0.944459265,0.012349422,1,-0.284388536,-0.566093006,-0.569505206,0.204477333,0.256969277,0.944459265,0.012349422
12.722591958,104616.449423458,vr_world,10187,104616.432199250,0.017225958,1,-0.422546000,-0.552244000,-0.428655000,0.194759848,0.373784077,-0.906081254,-0.037024659,1,-0.268710959,-0.566720241,-0.540675856,0.194759848,0.373784077,-0.906081254,-0.037024659,10187,104616.432199250,0.017225958,1,-0.136319000,-0.512497000,-0.463020000,0.204477333,0.256969277,0.944459265,0.012349422,1,-0.284388536,-0.566093006,-0.569505206,0.204477333,0.256969277,0.944459265,0.012349422
12.735007166,104616.461838666,vr_world,10188,104616.451853166,0.009987500,1,-0.429648000,-0.556738000,-0.429007000,0.194030047,0.369080630,-0.908060202,-0.039477826,1,-0.275989800,-0.572569785,-0.541087176,0.194030047,0.369080630,-0.908060202,-0.039477826,10188,104616.451853166,0.009987500,1,-0.143095000,-0.519685000,-0.463214000,0.204570623,0.262479900,0.942918879,0.012615428,1,-0.291662368,-0.571342541,-0.569963365,0.204570623,0.262479900,0.942918879,0.012615428
12.747405833,104616.474237333,vr_world,10189,104616.471317625,0.002920291,1,-0.433353000,-0.558997000,-0.428902000,0.195280375,0.367361129,-0.908409117,-0.041282577,1,-0.280163586,-0.575253207,-0.541561694,0.195280375,0.367361129,-0.908409117,-0.041282577,10189,104616.471317625,0.002920291,1,-0.146545000,-0.523289000,-0.463525000,0.203921302,0.264876873,0.942395291,0.012143310,1,-0.295508013,-0.574159592,-0.570101046,0.203921302,0.264876873,0.942395291,0.012143310
12.759834208,104616.486665708,vr_world,10189,104616.471317625,0.015350083,1,-0.433353000,-0.558997000,-0.428902000,0.195280375,0.367361129,-0.908409117,-0.041282577,1,-0.280163586,-0.575253207,-0.541561694,0.195280375,0.367361129,-0.908409117,-0.041282577,10189,104616.471317625,0.015350083,1,-0.146545000,-0.523289000,-0.463525000,0.203921302,0.264876873,0.942395291,0.012143310,1,-0.295508013,-0.574159592,-0.570101046,0.203921302,0.264876873,0.942395291,0.012143310
12.772250666,104616.499082166,vr_world,10190,104616.491275916,0.007806959,1,-0.440582000,-0.562881000,-0.428940000,0.194791813,0.363146395,-0.910165158,-0.042192775,1,-0.287488321,-0.580543202,-0.541518143,0.194791813,0.363146395,-0.910165158,-0.042192775,10190,104616.491275916,0.007806959,1,-0.153194000,-0.530056000,-0.463969000,0.202300848,0.269971014,0.941308335,0.011341819,1,-0.303016386,-0.579208678,-0.570145667,0.202300848,0.269971014,0.941308335,0.011341819
12.784659958,104616.511491458,vr_world,10191,104616.510351166,0.001140625,1,-0.444094000,-0.564805000,-0.429022000,0.194682712,0.360836285,-0.911077190,-0.042827211,1,-0.291104220,-0.583222382,-0.541620371,0.194682712,0.360836285,-0.911077190,-0.042827211,10191,104616.510351166,0.001140625,1,-0.156670000,-0.533570000,-0.464419000,0.200886255,0.272290049,0.940947686,0.010967903,1,-0.307014375,-0.581913715,-0.570228709,0.200886255,0.272290049,0.940947686,0.010967903
12.797081125,104616.523912625,vr_world,10191,104616.510351166,0.013562042,1,-0.444094000,-0.564805000,-0.429022000,0.194682712,0.360836285,-0.911077190,-0.042827211,1,-0.291104220,-0.583222382,-0.541620371,0.194682712,0.360836285,-0.911077190,-0.042827211,10191,104616.510351166,0.013562042,1,-0.156670000,-0.533570000,-0.464419000,0.200886255,0.272290049,0.940947686,0.010967903,1,-0.307014375,-0.581913715,-0.570228709,0.200886255,0.272290049,0.940947686,0.010967903
12.809509166,104616.536340666,vr_world,10192,104616.529521208,0.006820833,1,-0.447603000,-0.566949000,-0.429155000,0.196354292,0.358531381,-0.911565020,-0.044152626,1,-0.295158484,-0.586088048,-0.542370697,0.196354292,0.358531381,-0.911565020,-0.044152626,10192,104616.529521208,0.006820833,1,-0.160380000,-0.537159000,-0.465000000,0.200208313,0.274634062,0.940420278,0.010122493,1,-0.311131957,-0.584774921,-0.570559626,0.200208313,0.274634062,0.940420278,0.010122493
12.821933541,104616.548765041,vr_world,10193,104616.548645583,0.000119958,1,-0.454517000,-0.570886000,-0.429543000,0.197943368,0.353565485,-0.913075319,-0.045862114,1,-0.302735787,-0.591659943,-0.543360293,0.197943368,0.353565485,-0.913075319,-0.045862114,10193,104616.548645583,0.000119958,1,-0.167560000,-0.544095000,-0.465699000,0.199713915,0.279107528,0.939215813,0.009327221,1,-0.318854642,-0.590231223,-0.571139077,0.199713915,0.279107528,0.939215813,0.009327221
12.834359041,104616.561190541,vr_world,10193,104616.548645583,0.012545667,1,-0.454517000,-0.570886000,-0.429543000,0.197943368,0.353565485,-0.913075319,-0.045862114,1,-0.302735787,-0.591659943,-0.543360293,0.197943368,0.353565485,-0.913075319,-0.045862114,10193,104616.548645583,0.012545667,1,-0.167560000,-0.544095000,-0.465699000,0.199713915,0.279107528,0.939215813,0.009327221,1,-0.318854642,-0.590231223,-0.571139077,0.199713915,0.279107528,0.939215813,0.009327221
12.845595750,104616.572427250,vr_world,10194,104616.568062166,0.004366500,1,-0.458237000,-0.572294000,-0.429185000,0.199338976,0.351251720,-0.913634329,-0.046459817,1,-0.306893713,-0.593883026,-0.543433031,0.199338976,0.351251720,-0.913634329,-0.046459817,10194,104616.568062166,0.004366500,1,-0.171610000,-0.547193000,-0.465732000,0.201173886,0.281204070,0.938273780,0.009780138,1,-0.322749638,-0.592583334,-0.571716832,0.201173886,0.281204070,0.938273780,0.009780138
12.858002291,104616.584833791,vr_world,10194,104616.568062166,0.016771959,1,-0.458237000,-0.572294000,-0.429185000,0.199338976,0.351251720,-0.913634329,-0.046459817,1,-0.306893713,-0.593883026,-0.543433031,0.199338976,0.351251720,-0.913634329,-0.046459817,10194,104616.568062166,0.016771959,1,-0.171610000,-0.547193000,-0.465732000,0.201173886,0.281204070,0.938273780,0.009780138,1,-0.322749638,-0.592583334,-0.571716832,0.201173886,0.281204070,0.938273780,0.009780138
12.870430958,104616.597262458,vr_world,10195,104616.587131833,0.010131125,1,-0.465468000,-0.575693000,-0.429317000,0.200437080,0.346412435,-0.915216054,-0.046935880,1,-0.314597448,-0.599025598,-0.543846968,0.200437080,0.346412435,-0.915216054,-0.046935880,10195,104616.587131833,0.010131125,1,-0.178829000,-0.553447000,-0.466440000,0.201893405,0.285817385,0.936740648,0.008027035,1,-0.330331898,-0.597479560,-0.572478755,0.201893405,0.285817385,0.936740648,0.008027035
12.882860333,104616.609691833,vr_world,10196,104616.606028333,0.003664083,1,-0.469435000,-0.577710000,-0.429533000,0.200929691,0.343424250,-0.916191204,-0.047756902,1,-0.318873535,-0.602026077,-0.544264832,0.200929691,0.343424250,-0.916191204,-0.047756902,10196,104616.606028333,0.003664083,1,-0.182495000,-0.557072000,-0.467190000,0.200688753,0.288093964,0.936314061,0.006470851,1,-0.334540213,-0.600465414,-0.572714961,0.200688753,0.288093964,0.936314061,0.006470851
12.895293083,104616.622124583,vr_world,10196,104616.606028333,0.016096542,1,-0.469435000,-0.577710000,-0.429533000,0.200929691,0.343424250,-0.916191204,-0.047756902,1,-0.318873535,-0.602026077,-0.544264832,0.200929691,0.343424250,-0.916191204,-0.047756902,10196,104616.606028333,0.016096542,1,-0.182495000,-0.557072000,-0.467190000,0.200688753,0.288093964,0.936314061,0.006470851,1,-0.334540213,-0.600465414,-0.572714961,0.200688753,0.288093964,0.936314061,0.006470851
12.906913291,104616.633744791,vr_world,10197,104616.626136583,0.007609958,1,-0.473415000,-0.579496000,-0.429759000,0.201229088,0.339867650,-0.917387121,-0.048966371,1,-0.323189540,-0.604931025,-0.544688815,0.201229088,0.339867650,-0.917387121,-0.048966371,10197,104616.626136583,0.007609958,1,-0.186366000,-0.560833000,-0.467822000,0.198880559,0.290838813,0.935859283,0.005168244,1,-0.339084514,-0.603357598,-0.572726530,0.198880559,0.290838813,0.935859283,0.005168244
12.919323208,104616.646154708,vr_world,10198,104616.645525541,0.000629584,1,-0.480603000,-0.582387000,-0.429865000,0.202226322,0.333906870,-0.919296463,-0.050047278,1,-0.330984027,-0.609854089,-0.545117733,0.202226322,0.333906870,-0.919296463,-0.050047278,10198,104616.645525541,0.000629584,1,-0.193913000,-0.567464000,-0.468219000,0.198099171,0.296323408,0.934303459,0.005118786,1,-0.347193327,-0.608009305,-0.573087711,0.198099171,0.296323408,0.934303459,0.005118786
12.931743750,104616.658575250,vr_world,10198,104616.645525541,0.013050209,1,-0.480603000,-0.582387000,-0.429865000,0.202226322,0.333906870,-0.919296463,-0.050047278,1,-0.330984027,-0.609854089,-0.545117733,0.202226322,0.333906870,-0.919296463,-0.050047278,10198,104616.645525541,0.013050209,1,-0.193913000,-0.567464000,-0.468219000,0.198099171,0.296323408,0.934303459,0.005118786,1,-0.347193327,-0.608009305,-0.573087711,0.198099171,0.296323408,0.934303459,0.005118786
12.944167666,104616.670999166,vr_world,10199,104616.664390333,0.006609250,1,-0.484428000,-0.584378000,-0.429687000,0.201750798,0.331639679,-0.920115642,-0.051951368,1,-0.334996320,-0.612347372,-0.545061671,0.201750798,0.331639679,-0.920115642,-0.051951368,10199,104616.664390333,0.006609250,1,-0.198203000,-0.570539000,-0.468102000,0.199334170,0.298796059,0.933251749,0.005289301,1,-0.351397243,-0.610228410,-0.573422909,0.199334170,0.298796059,0.933251749,0.005289301
12.956599250,104616.683430750,vr_world,10200,104616.683242041,0.000189209,1,-0.488724000,-0.586274000,-0.429833000,0.202643196,0.329279510,-0.920610605,-0.054652117,1,-0.339854457,-0.614698483,-0.545821635,0.202643196,0.329279510,-0.920610605,-0.054652117,10200,104616.683242041,0.000189209,1,-0.202386000,-0.573684000,-0.468309000,0.200166549,0.300903781,0.932398756,0.004777732,1,-0.355598419,-0.612723625,-0.573846041,0.200166549,0.300903781,0.932398756,0.004777732
12.969018208,104616.695849708,vr_world,10200,104616.683242041,0.012608250,1,-0.488724000,-0.586274000,-0.429833000,0.202643196,0.329279510,-0.920610605,-0.054652117,1,-0.339854457,-0.614698483,-0.545821635,0.202643196,0.329279510,-0.920610605,-0.054652117,10200,104616.683242041,0.012608250,1,-0.202386000,-0.573684000,-0.468309000,0.200166549,0.300903781,0.932398756,0.004777732,1,-0.355598419,-0.612723625,-0.573846041,0.200166549,0.300903781,0.932398756,0.004777732
12.981456458,104616.708287958,vr_world,10201,104616.702842500,0.005447166,1,-0.496901000,-0.589715000,-0.430661000,0.201417986,0.324482848,-0.922532142,-0.055462803,1,-0.348111009,-0.619694226,-0.546359819,0.201417986,0.324482848,-0.922532142,-0.055462803,10201,104616.702842500,0.005447166,1,-0.210002000,-0.580069000,-0.468899000,0.200164130,0.305522266,0.930901029,0.003706892,1,-0.363604986,-0.617597319,-0.574416690,0.200164130,0.305522266,0.930901029,0.003706892
12.993881833,104616.720713333,vr_world,10201,104616.702842500,0.017872375,1,-0.496901000,-0.589715000,-0.430661000,0.201417986,0.324482848,-0.922532142,-0.055462803,1,-0.348111009,-0.619694226,-0.546359819,0.201417986,0.324482848,-0.922532142,-0.055462803,10201,104616.702842500,0.017872375,1,-0.210002000,-0.580069000,-0.468899000,0.200164130,0.305522266,0.930901029,0.003706892,1,-0.363604986,-0.617597319,-0.574416690,0.200164130,0.305522266,0.930901029,0.003706892
13.006303125,104616.733134625,vr_world,10202,104616.722213375,0.010921791,1,-0.501006000,-0.591242000,-0.430861000,0.200181490,0.322131622,-0.923590728,-0.056024604,1,-0.352138847,-0.621933734,-0.546273301,0.200181490,0.322131622,-0.923590728,-0.056024604,10202,104616.722213375,0.010921791,1,-0.213777000,-0.583053000,-0.469376000,0.198816714,0.308272635,0.930287448,0.002271609,1,-0.367937500,-0.619726965,-0.574379781,0.198816714,0.308272635,0.930287448,0.002271609
13.018743208,104616.745574708,vr_world,10203,104616.740903208,0.004673667,1,-0.508280000,-0.593816000,-0.431102000,0.199214162,0.316871804,-0.925539215,-0.057298686,1,-0.359644657,-0.626156474,-0.546362766,0.199214162,0.316871804,-0.925539215,-0.057298686,10203,104616.740903208,0.004673667,1,-0.221225000,-0.588834000,-0.469980000,0.197973094,0.312966451,0.928901254,0.001056086,1,-0.375934558,-0.623939471,-0.574712166,0.197973094,0.312966451,0.928901254,0.001056086
13.031144458,104616.757975958,vr_world,10203,104616.740903208,0.017073292,1,-0.508280000,-0.593816000,-0.431102000,0.199214162,0.316871804,-0.925539215,-0.057298686,1,-0.359644657,-0.626156474,-0.546362766,0.199214162,0.316871804,-0.925539215,-0.057298686,10203,104616.740903208,0.017073292,1,-0.221225000,-0.588834000,-0.469980000,0.197973094,0.312966451,0.928901254,0.001056086,1,-0.375934558,-0.623939471,-0.574712166,0.197973094,0.312966451,0.928901254,0.001056086
13.043573458,104616.770404958,vr_world,10204,104616.760270416,0.010135209,1,-0.511909000,-0.595425000,-0.431110000,0.200957718,0.313553705,-0.926178758,-0.059101421,1,-0.364025174,-0.628716379,-0.547064815,0.200957718,0.313553705,-0.926178758,-0.059101421,10204,104616.760270416,0.010135209,1,-0.225342000,-0.591970000,-0.470257000,0.197575312,0.315120453,0.928256166,0.001893874,1,-0.380188811,-0.626166392,-0.575086989,0.197575312,0.315120453,0.928256166,0.001893874
13.055985958,104616.782817458,vr_world,10205,104616.779984875,0.002832916,1,-0.515944000,-0.597035000,-0.431505000,0.201004684,0.310641175,-0.927056780,-0.060538446,1,-0.368393536,-0.631131508,-0.547650273,0.201004684,0.310641175,-0.927056780,-0.060538446,10205,104616.779984875,0.002832916,1,-0.229259000,-0.594680000,-0.470720000,0.198135052,0.316947944,0.927515102,0.001495933,1,-0.384129292,-0.628292309,-0.575703831,0.198135052,0.316947944,0.927515102,0.001495933
13.068403791,104616.795235291,vr_world,10205,104616.779984875,0.015250958,1,-0.515944000,-0.597035000,-0.431505000,0.201004684,0.310641175,-0.927056780,-0.060538446,1,-0.368393536,-0.631131508,-0.547650273,0.201004684,0.310641175,-0.927056780,-0.060538446,10205,104616.779984875,0.015250958,1,-0.229259000,-0.594680000,-0.470720000,0.198135052,0.316947944,0.927515102,0.001495933,1,-0.384129292,-0.628292309,-0.575703831,0.198135052,0.316947944,0.927515102,0.001495933
13.080830958,104616.807662458,vr_world,10206,104616.799226958,0.008436083,1,-0.523030000,-0.599900000,-0.431879000,0.201821182,0.306839313,-0.928049060,-0.061990230,1,-0.376050190,-0.635134451,-0.548407611,0.201821182,0.306839313,-0.928049060,-0.061990230,10206,104616.799226958,0.008436083,1,-0.236690000,-0.600133000,-0.471365000,0.197806971,0.321323891,0.926079412,0.000530732,1,-0.391939445,-0.632270117,-0.576250890,0.197806971,0.321323891,0.926079412,0.000530732
13.090914125,104616.817745625,vr_world,10206,104616.799226958,0.018522625,1,-0.523030000,-0.599900000,-0.431879000,0.201821182,0.306839313,-0.928049060,-0.061990230,1,-0.376050190,-0.635134451,-0.548407611,0.201821182,0.306839313,-0.928049060,-0.061990230,10206,104616.799226958,0.018522625,1,-0.236690000,-0.600133000,-0.471365000,0.197806971,0.321323891,0.926079412,0.000530732,1,-0.391939445,-0.632270117,-0.576250890,0.197806971,0.321323891,0.926079412,0.000530732
13.103321125,104616.830152625,vr_world,10207,104616.818190583,0.011962542,1,-0.526860000,-0.601240000,-0.431951000,0.201595080,0.305181236,-0.928596471,-0.062709100,1,-0.380013201,-0.636936948,-0.548506665,0.201595080,0.305181236,-0.928596471,-0.062709100,10207,104616.818190583,0.011962542,1,-0.240376000,-0.602451000,-0.471722000,0.197627267,0.323273839,0.925439071,0.000120753,1,-0.395794728,-0.633924546,-0.576558411,0.197627267,0.323273839,0.925439071,0.000120753
13.115739375,104616.842570875,vr_world,10208,104616.836861625,0.005709666,1,-0.530425000,-0.602678000,-0.432417000,0.199990598,0.303629844,-0.929452075,-0.062701828,1,-0.383343075,-0.638877097,-0.548520337,0.199990598,0.303629844,-0.929452075,-0.062701828,10208,104616.836861625,0.005709666,1,-0.244032000,-0.605167000,-0.471927000,0.197533950,0.325167579,0.924795307,-0.000153818,1,-0.399586356,-0.635982424,-0.576757842,0.197533950,0.325167579,0.924795307,-0.000153818
13.128166916,104616.854998416,vr_world,10208,104616.836861625,0.018137333,1,-0.530425000,-0.602678000,-0.432417000,0.199990598,0.303629844,-0.929452075,-0.062701828,1,-0.383343075,-0.638877097,-0.548520337,0.199990598,0.303629844,-0.929452075,-0.062701828,10208,104616.836861625,0.018137333,1,-0.244032000,-0.605167000,-0.471927000,0.197533950,0.325167579,0.924795307,-0.000153818,1,-0.399586356,-0.635982424,-0.576757842,0.197533950,0.325167579,0.924795307,-0.000153818
13.140607791,104616.867439291,vr_world,10209,104616.857184291,0.010257375,1,-0.537242000,-0.605679000,-0.432756000,0.201270700,0.299742451,-0.930221328,-0.065824386,1,-0.391001070,-0.642772791,-0.549636457,0.201270700,0.299742451,-0.930221328,-0.065824386,10209,104616.857184291,0.010257375,1,-0.251109000,-0.610419000,-0.472454000,0.197310191,0.329377384,0.923352140,-0.000229869,1,-0.406914913,-0.639696541,-0.577351780,0.197310191,0.329377384,0.923352140,-0.000229869
13.153030125,104616.879861625,vr_world,10210,104616.877040750,0.002823250,1,-0.541000000,-0.606979000,-0.432986000,0.200074305,0.298213709,-0.930971451,-0.065810443,1,-0.394615123,-0.644579648,-0.549524057,0.200074305,0.298213709,-0.930971451,-0.065810443,10210,104616.877040750,0.002823250,1,-0.254739000,-0.612897000,-0.472807000,0.196744678,0.331179804,0.922827969,-0.000098610,1,-0.410728474,-0.641470833,-0.577626126,0.196744678,0.331179804,0.922827969,-0.000098610
13.165440625,104616.892272125,vr_world,10210,104616.877040750,0.015231666,1,-0.541000000,-0.606979000,-0.432986000,0.200074305,0.298213709,-0.930971451,-0.065810443,1,-0.394615123,-0.644579648,-0.549524057,0.200074305,0.298213709,-0.930971451,-0.065810443,10210,104616.877040750,0.015231666,1,-0.254739000,-0.612897000,-0.472807000,0.196744678,0.331179804,0.922827969,-0.000098610,1,-0.410728474,-0.641470833,-0.577626126,0.196744678,0.331179804,0.922827969,-0.000098610
13.177872958,104616.904704458,vr_world,10211,104616.896068125,0.008636541,1,-0.547343000,-0.609510000,-0.433006000,0.201097046,0.294140606,-0.931883210,-0.068080582,1,-0.401698286,-0.648192380,-0.550115959,0.201097046,0.294140606,-0.931883210,-0.068080582,10211,104616.896068125,0.008636541,1,-0.261548000,-0.617579000,-0.473442000,0.195810132,0.334692423,0.921758842,0.000103877,1,-0.417858400,-0.644793523,-0.578144821,0.195810132,0.334692423,0.921758842,0.000103877
13.189660000,104616.916491500,vr_world,10212,104616.914644750,0.001847083,1,-0.550794000,-0.610685000,-0.433253000,0.200994538,0.292369171,-0.932446853,-0.068295905,1,-0.405289055,-0.649949205,-0.550342981,0.200994538,0.292369171,-0.932446853,-0.068295905,10212,104616.914644750,0.001847083,1,-0.265043000,-0.619838000,-0.473897000,0.195784224,0.336412476,0.921137690,-0.000734689,1,-0.421497258,-0.646529646,-0.578519499,0.195784224,0.336412476,0.921137690,-0.000734689
13.201421541,104616.928253041,vr_world,10212,104616.914644750,0.013609916,1,-0.550794000,-0.610685000,-0.433253000,0.200994538,0.292369171,-0.932446853,-0.068295905,1,-0.405289055,-0.649949205,-0.550342981,0.200994538,0.292369171,-0.932446853,-0.068295905,10212,104616.914644750,0.013609916,1,-0.265043000,-0.619838000,-0.473897000,0.195784224,0.336412476,0.921137690,-0.000734689,1,-0.421497258,-0.646529646,-0.578519499,0.195784224,0.336412476,0.921137690,-0.000734689
13.211631125,104616.938462625,vr_world,10213,104616.935196250,0.003270666,1,-0.554029000,-0.612180000,-0.433452000,0.201692300,0.290585509,-0.932793354,-0.069114660,1,-0.408893527,-0.651949436,-0.550829807,0.201692300,0.290585509,-0.932793354,-0.069114660,10213,104616.935196250,0.003270666,1,-0.268660000,-0.622436000,-0.474217000,0.195647224,0.337974010,0.920594561,-0.001177500,1,-0.425239486,-0.648604870,-0.578783908,0.195647224,0.337974010,0.920594561,-0.001177500
13.224013541,104616.950845041,vr_world,10213,104616.935196250,0.015652166,1,-0.554029000,-0.612180000,-0.433452000,0.201692300,0.290585509,-0.932793354,-0.069114660,1,-0.408893527,-0.651949436,-0.550829807,0.201692300,0.290585509,-0.932793354,-0.069114660,10213,104616.935196250,0.015652166,1,-0.268660000,-0.622436000,-0.474217000,0.195647224,0.337974010,0.920594561,-0.001177500,1,-0.425239486,-0.648604870,-0.578783908,0.195647224,0.337974010,0.920594561,-0.001177500
13.236374291,104616.963205791,vr_world,10214,104616.953936083,0.009270375,1,-0.560480000,-0.614808000,-0.433948000,0.202746617,0.286894035,-0.933573036,-0.070901398,1,-0.416040002,-0.655591214,-0.551834573,0.202746617,0.286894035,-0.933573036,-0.070901398,10214,104616.953936083,0.009270375,1,-0.275413000,-0.627098000,-0.474997000,0.195627687,0.341382951,0.919340595,-0.000599614,1,-0.432079126,-0.651934448,-0.579758971,0.195627687,0.341382951,0.919340595,-0.000599614
13.248775083,104616.975606583,vr_world,10215,104616.973595875,0.002011291,1,-0.563734000,-0.616116000,-0.434242000,0.203067536,0.285288044,-0.933976132,-0.071154006,1,-0.419524199,-0.657423284,-0.552228013,0.203067536,0.285288044,-0.933976132,-0.071154006,10215,104616.973595875,0.002011291,1,-0.278865000,-0.629417000,-0.475707000,0.195192033,0.342795715,0.918906760,-0.001238700,1,-0.435720043,-0.653794596,-0.580294051,0.195192033,0.342795715,0.918906760,-0.001238700
13.260870875,104616.987702375,vr_world,10215,104616.973595875,0.014107166,1,-0.563734000,-0.616116000,-0.434242000,0.203067536,0.285288044,-0.933976132,-0.071154006,1,-0.419524199,-0.657423284,-0.552228013,0.203067536,0.285288044,-0.933976132,-0.071154006,10215,104616.973595875,0.014107166,1,-0.278865000,-0.629417000,-0.475707000,0.195192033,0.342795715,0.918906760,-0.001238700,1,-0.435720043,-0.653794596,-0.580294051,0.195192033,0.342795715,0.918906760,-0.001238700
13.272231916,104616.999063416,vr_world,10216,104616.992790708,0.006273375,1,-0.570099000,-0.618949000,-0.434822000,0.204003470,0.281545591,-0.934749902,-0.073193472,1,-0.426599079,-0.661230919,-0.553327117,0.204003470,0.281545591,-0.934749902,-0.073193472,10216,104616.992790708,0.006273375,1,-0.285670000,-0.634064000,-0.476776000,0.193607319,0.345768881,0.918127692,-0.001275966,1,-0.442942440,-0.657269367,-0.581002266,0.193607319,0.345768881,0.918127692,-0.001275966
13.282897291,104617.009728791,vr_world,10216,104616.992790708,0.016938417,1,-0.570099000,-0.618949000,-0.434822000,0.204003470,0.281545591,-0.934749902,-0.073193472,1,-0.426599079,-0.661230919,-0.553327117,0.204003470,0.281545591,-0.934749902,-0.073193472,10216,104616.992790708,0.016938417,1,-0.285670000,-0.634064000,-0.476776000,0.193607319,0.345768881,0.918127692,-0.001275966,1,-0.442942440,-0.657269367,-0.581002266,0.193607319,0.345768881,0.918127692,-0.001275966
13.295323583,104617.022155083,vr_world,10217,104617.012016791,0.010138834,1,-0.573469000,-0.620451000,-0.435297000,0.203611333,0.279517482,-0.935335852,-0.074560349,1,-0.430181545,-0.663191174,-0.553894818,0.203611333,0.279517482,-0.935335852,-0.074560349,10217,104617.012016791,0.010138834,1,-0.289268000,-0.636483000,-0.477130000,0.194302825,0.347103277,0.917477659,-0.000687483,1,-0.446399183,-0.659152216,-0.581686636,0.194302825,0.347103277,0.917477659,-0.000687483
13.306898291,104617.033729791,vr_world,10218,104617.030827291,0.002903250,1,-0.576788000,-0.621651000,-0.435815000,0.204222558,0.277570105,-0.935709422,-0.075470935,1,-0.433890915,-0.664921446,-0.554691111,0.204222558,0.277570105,-0.935709422,-0.075470935,10218,104617.030827291,0.002903250,1,-0.292483000,-0.638930000,-0.477835000,0.193827815,0.349291978,0.916746467,-0.001344428,1,-0.449829622,-0.660850438,-0.582227429,0.193827815,0.349291978,0.916746467,-0.001344428
13.319282250,104617.046113750,vr_world,10218,104617.030827291,0.015287334,1,-0.576788000,-0.621651000,-0.435815000,0.204222558,0.277570105,-0.935709422,-0.075470935,1,-0.433890915,-0.664921446,-0.554691111,0.204222558,0.277570105,-0.935709422,-0.075470935,10218,104617.030827291,0.015287334,1,-0.292483000,-0.638930000,-0.477835000,0.193827815,0.349291978,0.916746467,-0.001344428,1,-0.449829622,-0.660850438,-0.582227429,0.193827815,0.349291978,0.916746467,-0.001344428
13.331672791,104617.058504291,vr_world,10219,104617.050066875,0.008437958,1,-0.583336000,-0.624285000,-0.436948000,0.203076113,0.274302083,-0.936845760,-0.076409961,1,-0.440568922,-0.668493186,-0.555635022,0.203076113,0.274302083,-0.936845760,-0.076409961,10219,104617.050066875,0.008437958,1,-0.299009000,-0.643700000,-0.479095000,0.193307643,0.353479424,0.915247147,-0.002666766,1,-0.456685586,-0.664211123,-0.583275673,0.193307643,0.353479424,0.915247147,-0.002666766
13.344064875,104617.070896375,vr_world,10220,104617.069321208,0.001575667,1,-0.586856000,-0.625960000,-0.437429000,0.202850252,0.272617626,-0.937286244,-0.077626686,1,-0.444301505,-0.670532078,-0.556235518,0.202850252,0.272617626,-0.937286244,-0.077626686,10220,104617.069321208,0.001575667,1,-0.302440000,-0.646186000,-0.480010000,0.191855935,0.354974409,0.914972901,-0.003009925,1,-0.460468345,-0.666111061,-0.583770654,0.191855935,0.354974409,0.914972901,-0.003009925
13.356468791,104617.083300291,vr_world,10220,104617.069321208,0.013979583,1,-0.586856000,-0.625960000,-0.437429000,0.202850252,0.272617626,-0.937286244,-0.077626686,1,-0.444301505,-0.670532078,-0.556235518,0.202850252,0.272617626,-0.937286244,-0.077626686,10220,104617.069321208,0.013979583,1,-0.302440000,-0.646186000,-0.480010000,0.191855935,0.354974409,0.914972901,-0.003009925,1,-0.460468345,-0.666111061,-0.583770654,0.191855935,0.354974409,0.914972901,-0.003009925
13.368867666,104617.095699166,vr_world,10221,104617.088842833,0.006856667,1,-0.593409000,-0.628481000,-0.438709000,0.201533566,0.268339959,-0.938633996,-0.079649925,1,-0.451147424,-0.674141024,-0.557453490,0.201533566,0.268339959,-0.938633996,-0.079649925,10221,104617.088842833,0.006856667,1,-0.309069000,-0.650681000,-0.481409000,0.190664553,0.357757724,0.914138042,-0.002842295,1,-0.467385052,-0.669486171,-0.584939798,0.190664553,0.357757724,0.914138042,-0.002842295
13.380554875,104617.107386375,vr_world,10221,104617.088842833,0.018543875,1,-0.593409000,-0.628481000,-0.438709000,0.201533566,0.268339959,-0.938633996,-0.079649925,1,-0.451147424,-0.674141024,-0.557453490,0.201533566,0.268339959,-0.938633996,-0.079649925,10221,104617.088842833,0.018543875,1,-0.309069000,-0.650681000,-0.481409000,0.190664553,0.357757724,0.914138042,-0.002842295,1,-0.467385052,-0.669486171,-0.584939798,0.190664553,0.357757724,0.914138042,-0.002842295
13.390888416,104617.117719916,vr_world,10222,104617.109897750,0.007822666,1,-0.596634000,-0.629774000,-0.439418000,0.202009929,0.266362807,-0.938998403,-0.080776495,1,-0.454767387,-0.675923408,-0.558445419,0.202009929,0.266362807,-0.938998403,-0.080776495,10222,104617.109897750,0.007822666,1,-0.312618000,-0.653123000,-0.482163000,0.190360171,0.359668044,0.913451247,-0.002953359,1,-0.471045964,-0.671213598,-0.585649891,0.190360171,0.359668044,0.913451247,-0.002953359
13.402901000,104617.129732500,vr_world,10223,104617.129676125,0.000056750,1,-0.602762000,-0.632688000,-0.440514000,0.201706548,0.263339244,-0.939720246,-0.083022704,1,-0.461319682,-0.679469250,-0.559799512,0.201706548,0.263339244,-0.939720246,-0.083022704,10223,104617.129676125,0.000056750,1,-0.319295000,-0.657793000,-0.483546000,0.190431404,0.363354660,0.911975289,-0.003216096,1,-0.477806232,-0.674542874,-0.587131145,0.190431404,0.363354660,0.911975289,-0.003216096
13.413514416,104617.140345916,vr_world,10223,104617.129676125,0.010670166,1,-0.602762000,-0.632688000,-0.440514000,0.201706548,0.263339244,-0.939720246,-0.083022704,1,-0.461319682,-0.679469250,-0.559799512,0.201706548,0.263339244,-0.939720246,-0.083022704,10223,104617.129676125,0.010670166,1,-0.319295000,-0.657793000,-0.483546000,0.190431404,0.363354660,0.911975289,-0.003216096,1,-0.477806232,-0.674542874,-0.587131145,0.190431404,0.363354660,0.911975289,-0.003216096
13.425923666,104617.152755166,vr_world,10224,104617.148338833,0.004416708,1,-0.606084000,-0.634112000,-0.440878000,0.203051779,0.261467487,-0.939815379,-0.084568203,1,-0.465260235,-0.681282882,-0.560740661,0.203051779,0.261467487,-0.939815379,-0.084568203,10224,104617.148338833,0.004416708,1,-0.323009000,-0.660320000,-0.484143000,0.191293736,0.364941066,0.911162840,-0.002646618,1,-0.481334467,-0.676448281,-0.588110094,0.191293736,0.364941066,0.911162840,-0.002646618
13.438312333,104617.165143833,vr_world,10224,104617.148338833,0.016805375,1,-0.606084000,-0.634112000,-0.440878000,0.203051779,0.261467487,-0.939815379,-0.084568203,1,-0.465260235,-0.681282882,-0.560740661,0.203051779,0.261467487,-0.939815379,-0.084568203,10224,104617.148338833,0.016805375,1,-0.323009000,-0.660320000,-0.484143000,0.191293736,0.364941066,0.911162840,-0.002646618,1,-0.481334467,-0.676448281,-0.588110094,0.191293736,0.364941066,0.911162840,-0.002646618
13.450716666,104617.177548166,vr_world,10225,104617.167789958,0.009758542,1,-0.609932000,-0.635520000,-0.441758000,0.202269277,0.260157654,-0.940326939,-0.084796119,1,-0.469088074,-0.683080683,-0.561442601,0.202269277,0.260157654,-0.940326939,-0.084796119,10225,104617.167789958,0.009758542,1,-0.326583000,-0.662444000,-0.484973000,0.191136587,0.366522122,0.910558144,-0.003493736,1,-0.485035477,-0.678080557,-0.588821641,0.191136587,0.366522122,0.910558144,-0.003493736
13.463128666,104617.189960166,vr_world,10226,104617.186681416,0.003279167,1,-0.616491000,-0.638243000,-0.443035000,0.202050104,0.256627836,-0.941157684,-0.086833885,1,-0.476136647,-0.686634154,-0.562961617,0.202050104,0.256627836,-0.941157684,-0.086833885,10226,104617.186681416,0.003279167,1,-0.333632000,-0.666801000,-0.486239000,0.190807671,0.369194010,0.909544090,-0.004214749,1,-0.492248700,-0.681510203,-0.589972408,0.190807671,0.369194010,0.909544090,-0.004214749
13.474215583,104617.201047083,vr_world,10226,104617.186681416,0.014366167,1,-0.616491000,-0.638243000,-0.443035000,0.202050104,0.256627836,-0.941157684,-0.086833885,1,-0.476136647,-0.686634154,-0.562961617,0.202050104,0.256627836,-0.941157684,-0.086833885,10226,104617.186681416,0.014366167,1,-0.333632000,-0.666801000,-0.486239000,0.190807671,0.369194010,0.909544090,-0.004214749,1,-0.492248700,-0.681510203,-0.589972408,0.190807671,0.369194010,0.909544090,-0.004214749
13.486598041,104617.213429541,vr_world,10227,104617.206354291,0.007075750,1,-0.619970000,-0.639751000,-0.443378000,0.202065948,0.254536690,-0.941662912,-0.087472202,1,-0.479894352,-0.688734871,-0.563389715,0.202065948,0.254536690,-0.941662912,-0.087472202,10227,104617.206354291,0.007075750,1,-0.337406000,-0.669495000,-0.486744000,0.191396810,0.370454923,0.908908819,-0.003894780,1,-0.495898583,-0.683721570,-0.590733965,0.191396810,0.370454923,0.908908819,-0.003894780
13.499012875,104617.225844375,vr_world,10228,104617.225631250,0.000213541,1,-0.626251000,-0.642547000,-0.444071000,0.203046096,0.251116028,-0.942309368,-0.088125352,1,-0.486817463,-0.692582145,-0.564396453,0.203046096,0.251116028,-0.942309368,-0.088125352,10228,104617.225631250,0.000213541,1,-0.344419000,-0.674020000,-0.487625000,0.191850495,0.373094346,0.907732915,-0.003866776,1,-0.502852338,-0.687275988,-0.591833370,0.191850495,0.373094346,0.907732915,-0.003866776
13.510431458,104617.237262958,vr_world,10228,104617.225631250,0.011632083,1,-0.626251000,-0.642547000,-0.444071000,0.203046096,0.251116028,-0.942309368,-0.088125352,1,-0.486817463,-0.692582145,-0.564396453,0.203046096,0.251116028,-0.942309368,-0.088125352,10228,104617.225631250,0.011632083,1,-0.344419000,-0.674020000,-0.487625000,0.191850495,0.373094346,0.907732915,-0.003866776,1,-0.502852338,-0.687275988,-0.591833370,0.191850495,0.373094346,0.907732915,-0.003866776
13.522846125,104617.249677625,vr_world,10229,104617.244550916,0.005127417,1,-0.629698000,-0.644045000,-0.444204000,0.204490265,0.250181155,-0.942135370,-0.089297630,1,-0.490787110,-0.694207088,-0.565079817,0.204490265,0.250181155,-0.942135370,-0.089297630,10229,104617.244550916,0.005127417,1,-0.348306000,-0.676063000,-0.487822000,0.192235883,0.374374482,0.907125130,-0.003621055,1,-0.506656663,-0.688827097,-0.592217127,0.192235883,0.374374482,0.907125130,-0.003621055
13.533564625,104617.260396125,vr_world,10229,104617.244550916,0.015845625,1,-0.629698000,-0.644045000,-0.444204000,0.204490265,0.250181155,-0.942135370,-0.089297630,1,-0.490787110,-0.694207088,-0.565079817,0.204490265,0.250181155,-0.942135370,-0.089297630,10229,104617.244550916,0.015845625,1,-0.348306000,-0.676063000,-0.487822000,0.192235883,0.374374482,0.907125130,-0.003621055,1,-0.506656663,-0.688827097,-0.592217127,0.192235883,0.374374482,0.907125130,-0.003621055
13.545952333,104617.272783833,vr_world,10230,104617.263924375,0.008859916,1,-0.633512000,-0.645307000,-0.444370000,0.204663937,0.248875577,-0.942387750,-0.089882977,1,-0.494832485,-0.695804114,-0.565371894,0.204663937,0.248875577,-0.942387750,-0.089882977,10230,104617.263924375,0.008859916,1,-0.351887000,-0.678166000,-0.488222000,0.192928018,0.375719132,0.906415431,-0.004997982,1,-0.510228924,-0.690638260,-0.592665938,0.192928018,0.375719132,0.906415431,-0.004997982
13.558338916,104617.285170416,vr_world,10231,104617.283048208,0.002122583,1,-0.640045000,-0.647606000,-0.444636000,0.205292437,0.245178683,-0.943150756,-0.090603978,1,-0.501979526,-0.699218177,-0.565869380,0.205292437,0.245178683,-0.943150756,-0.090603978,10231,104617.283048208,0.002122583,1,-0.358819000,-0.682773000,-0.489240000,0.190622594,0.378588397,0.905697880,-0.006723268,1,-0.517775841,-0.694255863,-0.592860055,0.190622594,0.378588397,0.905697880,-0.006723268
13.570746625,104617.297578125,vr_world,10231,104617.283048208,0.014530417,1,-0.640045000,-0.647606000,-0.444636000,0.205292437,0.245178683,-0.943150756,-0.090603978,1,-0.501979526,-0.699218177,-0.565869380,0.205292437,0.245178683,-0.943150756,-0.090603978,10231,104617.283048208,0.014530417,1,-0.358819000,-0.682773000,-0.489240000,0.190622594,0.378588397,0.905697880,-0.006723268,1,-0.517775841,-0.694255863,-0.592860055,0.190622594,0.378588397,0.905697880,-0.006723268
13.581565166,104617.308396666,vr_world,10232,104617.303205291,0.005191792,1,-0.643581000,-0.648882000,-0.444570000,0.205842945,0.242843132,-0.943670870,-0.090228515,1,-0.505873835,-0.701348089,-0.565844349,0.205842945,0.242843132,-0.943670870,-0.090228515,10232,104617.303205291,0.005191792,1,-0.362659000,-0.685218000,-0.489511000,0.190017957,0.380011887,0.905229033,-0.006673726,1,-0.521737503,-0.696123947,-0.593006533,0.190017957,0.380011887,0.905229033,-0.006673726
13.593955625,104617.320787125,vr_world,10232,104617.303205291,0.017582250,1,-0.643581000,-0.648882000,-0.444570000,0.205842945,0.242843132,-0.943670870,-0.090228515,1,-0.505873835,-0.701348089,-0.565844349,0.205842945,0.242843132,-0.943670870,-0.090228515,10232,104617.303205291,0.017582250,1,-0.362659000,-0.685218000,-0.489511000,0.190017957,0.380011887,0.905229033,-0.006673726,1,-0.521737503,-0.696123947,-0.593006533,0.190017957,0.380011887,0.905229033,-0.006673726
13.606393250,104617.333224750,vr_world,10233,104617.322791041,0.010434084,1,-0.650255000,-0.651296000,-0.444730000,0.206859038,0.239597895,-0.944283259,-0.090173802,1,-0.513147472,-0.704864314,-0.566201703,0.206859038,0.239597895,-0.944283259,-0.090173802,10233,104617.322791041,0.010434084,1,-0.369982000,-0.689385000,-0.489829000,0.189739796,0.383314149,0.903885214,-0.007784174,1,-0.529219324,-0.699167099,-0.593192569,0.189739796,0.383314149,0.903885214,-0.007784174
13.618795833,104617.345627333,vr_world,10234,104617.342710750,0.002916958,1,-0.654119000,-0.652732000,-0.444642000,0.207647448,0.238011552,-0.944396349,-0.091370532,1,-0.517474247,-0.706619482,-0.566493650,0.207647448,0.238011552,-0.944396349,-0.091370532,10234,104617.342710750,0.002916958,1,-0.373948000,-0.691585000,-0.489792000,0.190997259,0.385018147,0.902888783,-0.008539259,1,-0.533007226,-0.700888601,-0.593473321,0.190997259,0.385018147,0.902888783,-0.008539259
13.631202791,104617.358034291,vr_world,10234,104617.342710750,0.015323958,1,-0.654119000,-0.652732000,-0.444642000,0.207647448,0.238011552,-0.944396349,-0.091370532,1,-0.517474247,-0.706619482,-0.566493650,0.207647448,0.238011552,-0.944396349,-0.091370532,10234,104617.342710750,0.015323958,1,-0.373948000,-0.691585000,-0.489792000,0.190997259,0.385018147,0.902888783,-0.008539259,1,-0.533007226,-0.700888601,-0.593473321,0.190997259,0.385018147,0.902888783,-0.008539259
13.643618208,104617.370449708,vr_world,10235,104617.362531333,0.007918750,1,-0.657946000,-0.653985000,-0.444687000,0.206628065,0.236540879,-0.944912605,-0.092159775,1,-0.521310376,-0.708200991,-0.566403000,0.206628065,0.236540879,-0.944912605,-0.092159775,10235,104617.362531333,0.007918750,1,-0.377579000,-0.694174000,-0.490132000,0.189578627,0.386604344,0.902500072,-0.009520773,1,-0.536995402,-0.702918640,-0.593312312,0.189578627,0.386604344,0.902500072,-0.009520773
13.656021625,104617.382853125,vr_world,10236,104617.381863500,0.000990125,1,-0.665334000,-0.656405000,-0.444757000,0.205607605,0.233035395,-0.945984046,-0.092380740,1,-0.528907265,-0.711723606,-0.566210785,0.205607605,0.233035395,-0.945984046,-0.092380740,10236,104617.381863500,0.000990125,1,-0.384908000,-0.698722000,-0.490660000,0.187304712,0.389741024,0.901622889,-0.009749085,1,-0.544776891,-0.706174632,-0.593239971,0.187304712,0.389741024,0.901622889,-0.009749085
13.668426291,104617.395257791,vr_world,10236,104617.381863500,0.013394791,1,-0.665334000,-0.656405000,-0.444757000,0.205607605,0.233035395,-0.945984046,-0.092380740,1,-0.528907265,-0.711723606,-0.566210785,0.205607605,0.233035395,-0.945984046,-0.092380740,10236,104617.381863500,0.013394791,1,-0.384908000,-0.698722000,-0.490660000,0.187304712,0.389741024,0.901622889,-0.009749085,1,-0.544776891,-0.706174632,-0.593239971,0.187304712,0.389741024,0.901622889,-0.009749085
13.680746500,104617.407578000,vr_world,10237,104617.401736291,0.005842209,1,-0.669100000,-0.657652000,-0.444874000,0.205231136,0.230978957,-0.946526655,-0.092823451,1,-0.532875249,-0.713561593,-0.566284001,0.205231136,0.230978957,-0.946526655,-0.092823451,10237,104617.401736291,0.005842209,1,-0.388939000,-0.700641000,-0.490834000,0.187103146,0.391052382,0.901084445,-0.010829173,1,-0.548931332,-0.707717282,-0.593247882,0.187103146,0.391052382,0.901084445,-0.010829173
13.692983708,104617.419815208,vr_world,10237,104617.401736291,0.018079375,1,-0.669100000,-0.657652000,-0.444874000,0.205231136,0.230978957,-0.946526655,-0.092823451,1,-0.532875249,-0.713561593,-0.566284001,0.205231136,0.230978957,-0.946526655,-0.092823451,10237,104617.401736291,0.018079375,1,-0.388939000,-0.700641000,-0.490834000,0.187103146,0.391052382,0.901084445,-0.010829173,1,-0.548931332,-0.707717282,-0.593247882,0.187103146,0.391052382,0.901084445,-0.010829173
13.704241416,104617.431072916,vr_world,10238,104617.421275458,0.009797875,1,-0.676295000,-0.659848000,-0.445201000,0.205166449,0.227480528,-0.947350188,-0.093203853,1,-0.540519304,-0.716834704,-0.566613255,0.205166449,0.227480528,-0.947350188,-0.093203853,10238,104617.421275458,0.009797875,1,-0.396612000,-0.704560000,-0.490851000,0.188096759,0.393747430,0.899671388,-0.013189540,1,-0.556595719,-0.710959664,-0.593322688,0.188096759,0.393747430,0.899671388,-0.013189540
13.716605000,104617.443436500,vr_world,10239,104617.441417833,0.002019167,1,-0.679874000,-0.660867000,-0.445264000,0.205697421,0.225700354,-0.947673411,-0.093075382,1,-0.544430560,-0.718465519,-0.566758683,0.205697421,0.225700354,-0.947673411,-0.093075382,10239,104617.441417833,0.002019167,1,-0.400639000,-0.706553000,-0.490844000,0.189036419,0.394491434,0.899148249,-0.013197213,1,-0.560438500,-0.712726360,-0.593616617,0.189036419,0.394491434,0.899148249,-0.013197213
13.728236208,104617.455067708,vr_world,10239,104617.441417833,0.013650500,1,-0.679874000,-0.660867000,-0.445264000,0.205697421,0.225700354,-0.947673411,-0.093075382,1,-0.544430560,-0.718465519,-0.566758683,0.205697421,0.225700354,-0.947673411,-0.093075382,10239,104617.441417833,0.013650500,1,-0.400639000,-0.706553000,-0.490844000,0.189036419,0.394491434,0.899148249,-0.013197213,1,-0.560438500,-0.712726360,-0.593616617,0.189036419,0.394491434,0.899148249,-0.013197213
13.740646291,104617.467477791,vr_world,10240,104617.460269583,0.007208667,1,-0.683435000,-0.661676000,-0.445064000,0.206215736,0.223396535,-0.948092908,-0.093214247,1,-0.548411490,-0.720006322,-0.566676878,0.206215736,0.223396535,-0.948092908,-0.093214247,10240,104617.460269583,0.007208667,1,-0.404457000,-0.708569000,-0.491238000,0.188506882,0.395498801,0.898807886,-0.013792712,1,-0.564400598,-0.714400420,-0.593806471,0.188506882,0.395498801,0.898807886,-0.013792712
13.753052458,104617.479883958,vr_world,10241,104617.479143625,0.000740833,1,-0.689973000,-0.663594000,-0.445119000,0.207374664,0.218676496,-0.948894658,-0.093676397,1,-0.555857387,-0.723385231,-0.567026707,0.207374664,0.218676496,-0.948894658,-0.093676397,10241,104617.479143625,0.000740833,1,-0.411786000,-0.712423000,-0.491505000,0.188728245,0.397763592,0.897752186,-0.014380077,1,-0.571717050,-0.717476914,-0.594134165,0.188728245,0.397763592,0.897752186,-0.014380077
13.765465041,104617.492296541,vr_world,10241,104617.479143625,0.013153375,1,-0.689973000,-0.663594000,-0.445119000,0.207374664,0.218676496,-0.948894658,-0.093676397,1,-0.555857387,-0.723385231,-0.567026707,0.207374664,0.218676496,-0.948894658,-0.093676397,10241,104617.479143625,0.013153375,1,-0.411786000,-0.712423000,-0.491505000,0.188728245,0.397763592,0.897752186,-0.014380077,1,-0.571717050,-0.717476914,-0.594134165,0.188728245,0.397763592,0.897752186,-0.014380077
13.776231041,104617.503062541,vr_world,10242,104617.498811333,0.004251792,1,-0.693357000,-0.664344000,-0.445075000,0.210563785,0.215949316,-0.948745468,-0.094397153,1,-0.560380025,-0.724916016,-0.567841590,0.210563785,0.215949316,-0.948745468,-0.094397153,10242,104617.498811333,0.004251792,1,-0.415645000,-0.714182000,-0.491859000,0.188155754,0.399174331,0.897220648,-0.015886280,1,-0.575796652,-0.718846684,-0.594162056,0.188155754,0.399174331,0.897220648,-0.015886280
13.788638458,104617.515469958,vr_world,10242,104617.498811333,0.016658958,1,-0.693357000,-0.664344000,-0.445075000,0.210563785,0.215949316,-0.948745468,-0.094397153,1,-0.560380025,-0.724916016,-0.567841590,0.210563785,0.215949316,-0.948745468,-0.094397153,10242,104617.498811333,0.016658958,1,-0.415645000,-0.714182000,-0.491859000,0.188155754,0.399174331,0.897220648,-0.015886280,1,-0.575796652,-0.718846684,-0.594162056,0.188155754,0.399174331,0.897220648,-0.015886280
13.801053375,104617.527884875,vr_world,10243,104617.518516250,0.009368916,1,-0.700392000,-0.666402000,-0.445856000,0.209075592,0.212812314,-0.949829799,-0.093923738,1,-0.567458010,-0.728056911,-0.568129036,0.209075592,0.212812314,-0.949829799,-0.093923738,10243,104617.518516250,0.009368916,1,-0.423012000,-0.717651000,-0.492174000,0.189438996,0.401506338,0.895867361,-0.018088611,1,-0.583074697,-0.721770580,-0.594639524,0.189438996,0.401506338,0.895867361,-0.018088611
13.813463833,104617.540295333,vr_world,10244,104617.538277500,0.002018583,1,-0.704080000,-0.667496000,-0.445971000,0.209261697,0.211135443,-0.950101993,-0.094538724,1,-0.571463910,-0.729577519,-0.568373311,0.209261697,0.211135443,-0.950101993,-0.094538724,10244,104617.538277500,0.002018583,1,-0.426993000,-0.719704000,-0.492441000,0.189297859,0.402363058,0.895514416,-0.018006127,1,-0.587065119,-0.723477930,-0.594905199,0.189297859,0.402363058,0.895514416,-0.018006127
13.824500375,104617.551331875,vr_world,10244,104617.538277500,0.013055333,1,-0.704080000,-0.667496000,-0.445971000,0.209261697,0.211135443,-0.950101993,-0.094538724,1,-0.571463910,-0.729577519,-0.568373311,0.209261697,0.211135443,-0.950101993,-0.094538724,10244,104617.538277500,0.013055333,1,-0.426993000,-0.719704000,-0.492441000,0.189297859,0.402363058,0.895514416,-0.018006127,1,-0.587065119,-0.723477930,-0.594905199,0.189297859,0.402363058,0.895514416,-0.018006127
13.836921500,104617.563753000,vr_world,10245,104617.557786333,0.005968083,1,-0.707866000,-0.668659000,-0.446354000,0.208815491,0.210194861,-0.950433611,-0.094287653,1,-0.575256823,-0.731084417,-0.568588585,0.208815491,0.210194861,-0.950433611,-0.094287653,10245,104617.557786333,0.005968083,1,-0.430760000,-0.721437000,-0.492708000,0.189583288,0.403251541,0.895060231,-0.017707464,1,-0.590740701,-0.724853591,-0.595327347,0.189583288,0.403251541,0.895060231,-0.017707464
13.849281916,104617.576113416,vr_world,10245,104617.557786333,0.018327833,1,-0.707866000,-0.668659000,-0.446354000,0.208815491,0.210194861,-0.950433611,-0.094287653,1,-0.575256823,-0.731084417,-0.568588585,0.208815491,0.210194861,-0.950433611,-0.094287653,10245,104617.557786333,0.018327833,1,-0.430760000,-0.721437000,-0.492708000,0.189583288,0.403251541,0.895060231,-0.017707464,1,-0.590740701,-0.724853591,-0.595327347,0.189583288,0.403251541,0.895060231,-0.017707464
13.861682083,104617.588513583,vr_world,10246,104617.578171291,0.010342750,1,-0.714778000,-0.670770000,-0.446954000,0.208605348,0.207314022,-0.950960636,-0.095804873,1,-0.582637250,-0.733834525,-0.569367794,0.208605348,0.207314022,-0.950960636,-0.095804873,10246,104617.578171291,0.010342750,1,-0.437981000,-0.724876000,-0.493213000,0.189594624,0.405357404,0.894073182,-0.019297634,1,-0.598061240,-0.727679981,-0.595695700,0.189594624,0.405357404,0.894073182,-0.019297634
13.874119250,104617.600950750,vr_world,10247,104617.597577666,0.003373542,1,-0.718478000,-0.671660000,-0.447265000,0.208139773,0.205120597,-0.951501137,-0.096171526,1,-0.586565158,-0.735352546,-0.569599456,0.208139773,0.205120597,-0.951501137,-0.096171526,10247,104617.597577666,0.003373542,1,-0.441672000,-0.726517000,-0.493556000,0.189277160,0.405761069,0.893960090,-0.019169477,1,-0.601795869,-0.729131450,-0.595975508,0.189277160,0.405761069,0.893960090,-0.019169477
13.886067166,104617.612898666,vr_world,10247,104617.597577666,0.015321459,1,-0.718478000,-0.671660000,-0.447265000,0.208139773,0.205120597,-0.951501137,-0.096171526,1,-0.586565158,-0.735352546,-0.569599456,0.208139773,0.205120597,-0.951501137,-0.096171526,10247,104617.597577666,0.015321459,1,-0.441672000,-0.726517000,-0.493556000,0.189277160,0.405761069,0.893960090,-0.019169477,1,-0.601795869,-0.729131450,-0.595975508,0.189277160,0.405761069,0.893960090,-0.019169477
13.897356291,104617.624187791,vr_world,10248,104617.616857625,0.007330625,1,-0.725053000,-0.672945000,-0.448038000,0.207445740,0.200685700,-0.952620215,-0.095949153,1,-0.593590851,-0.738083615,-0.570095823,0.207445740,0.200685700,-0.952620215,-0.095949153,10248,104617.616857625,0.007330625,1,-0.448421000,-0.729457000,-0.494300000,0.189298997,0.406577669,0.893541089,-0.021090516,1,-0.608687548,-0.731990035,-0.596498363,0.189298997,0.406577669,0.893541089,-0.021090516
13.909409958,104617.636241458,vr_world,10249,104617.635903208,0.000338750,1,-0.728218000,-0.673517000,-0.448672000,0.208009594,0.199402965,-0.952957233,-0.094037115,1,-0.596916117,-0.739420654,-0.570491438,0.208009594,0.199402965,-0.952957233,-0.094037115,10249,104617.635903208,0.000338750,1,-0.451786000,-0.731129000,-0.494564000,0.189698724,0.407788431,0.892853781,-0.023132563,1,-0.612125637,-0.733466350,-0.596651986,0.189698724,0.407788431,0.892853781,-0.023132563
13.919769750,104617.646601250,vr_world,10249,104617.635903208,0.010698458,1,-0.728218000,-0.673517000,-0.448672000,0.208009594,0.199402965,-0.952957233,-0.094037115,1,-0.596916117,-0.739420654,-0.570491438,0.208009594,0.199402965,-0.952957233,-0.094037115,10249,104617.635903208,0.010698458,1,-0.451786000,-0.731129000,-0.494564000,0.189698724,0.407788431,0.892853781,-0.023132563,1,-0.612125637,-0.733466350,-0.596651986,0.189698724,0.407788431,0.892853781,-0.023132563
13.930902791,104617.657734291,vr_world,10250,104617.655981208,0.001753583,1,-0.731264000,-0.674577000,-0.449237000,0.208289894,0.197785214,-0.953313165,-0.093221989,1,-0.600194298,-0.741145158,-0.570945073,0.208289894,0.197785214,-0.953313165,-0.093221989,10250,104617.655981208,0.001753583,1,-0.455368000,-0.732881000,-0.494658000,0.190941683,0.409115943,0.891955569,-0.024097332,1,-0.615527554,-0.734904240,-0.597034973,0.190941683,0.409115943,0.891955569,-0.024097332
13.943315208,104617.670146708,vr_world,10250,104617.655981208,0.014166083,1,-0.731264000,-0.674577000,-0.449237000,0.208289894,0.197785214,-0.953313165,-0.093221989,1,-0.600194298,-0.741145158,-0.570945073,0.208289894,0.197785214,-0.953313165,-0.093221989,10250,104617.655981208,0.014166083,1,-0.455368000,-0.732881000,-0.494658000,0.190941683,0.409115943,0.891955569,-0.024097332,1,-0.615527554,-0.734904240,-0.597034973,0.190941683,0.409115943,0.891955569,-0.024097332
13.955727083,104617.682558583,vr_world,10251,104617.674779500,0.007779666,1,-0.737302000,-0.676647000,-0.449801000,0.208632443,0.193744427,-0.953938423,-0.094536161,1,-0.607001186,-0.744248107,-0.571764982,0.208632443,0.193744427,-0.953938423,-0.094536161,10251,104617.674779500,0.007779666,1,-0.462288000,-0.736120000,-0.495139000,0.192585329,0.410403790,0.891000812,-0.024437118,1,-0.622137307,-0.737796941,-0.598006187,0.192585329,0.410403790,0.891000812,-0.024437118
13.968119458,104617.694950958,vr_world,10252,104617.694410958,0.000540458,1,-0.740534000,-0.677743000,-0.450174000,0.208878740,0.192075785,-0.953954348,-0.097199112,1,-0.610742214,-0.745373410,-0.572663220,0.208878740,0.192075785,-0.953954348,-0.097199112,10252,104617.694410958,0.000540458,1,-0.465787000,-0.737744000,-0.495353000,0.193941096,0.410935264,0.890477793,-0.023840290,1,-0.625314791,-0.739235185,-0.598720716,0.193941096,0.410935264,0.890477793,-0.023840290
13.980505666,104617.707337166,vr_world,10252,104617.694410958,0.012926750,1,-0.740534000,-0.677743000,-0.450174000,0.208878740,0.192075785,-0.953954348,-0.097199112,1,-0.610742214,-0.745373410,-0.572663220,0.208878740,0.192075785,-0.953954348,-0.097199112,10252,104617.694410958,0.012926750,1,-0.465787000,-0.737744000,-0.495353000,0.193941096,0.410935264,0.890477793,-0.023840290,1,-0.625314791,-0.739235185,-0.598720716,0.193941096,0.410935264,0.890477793,-0.023840290
13.991488791,104617.718320291,vr_world,10253,104617.713571083,0.004749583,1,-0.746235000,-0.679055000,-0.451336000,0.209307428,0.188722509,-0.954533845,-0.097156336,1,-0.617035908,-0.747745333,-0.573862189,0.209307428,0.188722509,-0.954533845,-0.097156336,10253,104617.713571083,0.004749583,1,-0.472019000,-0.740661000,-0.495975000,0.196314895,0.413016711,0.888927738,-0.026175076,1,-0.631242503,-0.741788884,-0.599815281,0.196314895,0.413016711,0.888927738,-0.026175076
14.002898791,104617.729730291,vr_world,10253,104617.713571083,0.016159542,1,-0.746235000,-0.679055000,-0.451336000,0.209307428,0.188722509,-0.954533845,-0.097156336,1,-0.617035908,-0.747745333,-0.573862189,0.209307428,0.188722509,-0.954533845,-0.097156336,10253,104617.713571083,0.016159542,1,-0.472019000,-0.740661000,-0.495975000,0.196314895,0.413016711,0.888927738,-0.026175076,1,-0.631242503,-0.741788884,-0.599815281,0.196314895,0.413016711,0.888927738,-0.026175076
14.014980208,104617.741811708,vr_world,10254,104617.733432458,0.008379750,1,-0.749019000,-0.680047000,-0.452129000,0.209440886,0.187004886,-0.954982901,-0.095767143,1,-0.620000913,-0.749533628,-0.574396779,0.209440886,0.187004886,-0.954982901,-0.095767143,10254,104617.733432458,0.008379750,1,-0.475277000,-0.742942000,-0.496355000,0.196420823,0.415170853,0.887816951,-0.028863211,1,-0.634659481,-0.743569433,-0.599955475,0.196420823,0.415170853,0.887816951,-0.028863211
14.027365333,104617.754196833,vr_world,10255,104617.752632916,0.001564334,1,-0.751909000,-0.681039000,-0.452782000,0.209277876,0.185043131,-0.955394799,-0.095825827,1,-0.623156562,-0.751124490,-0.574987890,0.209277876,0.185043131,-0.955394799,-0.095825827,10255,104617.752632916,0.001564334,1,-0.478765000,-0.745151000,-0.496198000,0.199007193,0.416331847,0.886762975,-0.026746149,1,-0.637436815,-0.745258483,-0.600885552,0.199007193,0.416331847,0.886762975,-0.026746149
14.037586791,104617.764418291,vr_world,10255,104617.752632916,0.011786000,1,-0.751909000,-0.681039000,-0.452782000,0.209277876,0.185043131,-0.955394799,-0.095825827,1,-0.623156562,-0.751124490,-0.574987890,0.209277876,0.185043131,-0.955394799,-0.095825827,10255,104617.752632916,0.011786000,1,-0.478765000,-0.745151000,-0.496198000,0.199007193,0.416331847,0.886762975,-0.026746149,1,-0.637436815,-0.745258483,-0.600885552,0.199007193,0.416331847,0.886762975,-0.026746149
14.049990958,104617.776822458,vr_world,10256,104617.771995833,0.004827125,1,-0.757352000,-0.683040000,-0.453774000,0.209976417,0.181752839,-0.955938263,-0.095172722,1,-0.629212050,-0.754271640,-0.575960933,0.209976417,0.181752839,-0.955938263,-0.095172722,10256,104617.771995833,0.004827125,1,-0.484881000,-0.748632000,-0.496665000,0.201326568,0.419222833,0.884868111,-0.026986219,1,-0.643043744,-0.747819176,-0.602116932,0.201326568,0.419222833,0.884868111,-0.026986219
14.062407625,104617.789239125,vr_world,10256,104617.771995833,0.017243583,1,-0.757352000,-0.683040000,-0.453774000,0.209976417,0.181752839,-0.955938263,-0.095172722,1,-0.629212050,-0.754271640,-0.575960933,0.209976417,0.181752839,-0.955938263,-0.095172722,10256,104617.771995833,0.017243583,1,-0.484881000,-0.748632000,-0.496665000,0.201326568,0.419222833,0.884868111,-0.026986219,1,-0.643043744,-0.747819176,-0.602116932,0.201326568,0.419222833,0.884868111,-0.026986219
14.074231166,104617.801062666,vr_world,10257,104617.790987250,0.010076000,1,-0.760512000,-0.684415000,-0.454230000,0.209352751,0.180384459,-0.956278068,-0.095734679,1,-0.632486627,-0.755962213,-0.576352798,0.209352751,0.180384459,-0.956278068,-0.095734679,10257,104617.790987250,0.010076000,1,-0.487687000,-0.750268000,-0.497481000,0.200965430,0.419855740,0.884552510,-0.030015173,1,-0.646165178,-0.749546963,-0.602458920,0.200965430,0.419855740,0.884552510,-0.030015173
14.085598125,104617.812429625,vr_world,10258,104617.810107708,0.002322333,1,-0.765934000,-0.686425000,-0.455395000,0.209007269,0.176296547,-0.957079146,-0.096098896,1,-0.638499311,-0.759163097,-0.577431935,0.209007269,0.176296547,-0.957079146,-0.096098896,10258,104617.810107708,0.002322333,1,-0.493568000,-0.753956000,-0.498303000,0.200227014,0.421079174,0.884066393,-0.032063764,1,-0.652332149,-0.752955513,-0.602845724,0.200227014,0.421079174,0.884066393,-0.032063764
14.097986250,104617.824817750,vr_world,10258,104617.810107708,0.014710583,1,-0.765934000,-0.686425000,-0.455395000,0.209007269,0.176296547,-0.957079146,-0.096098896,1,-0.638499311,-0.759163097,-0.577431935,0.209007269,0.176296547,-0.957079146,-0.096098896,10258,104617.810107708,0.014710583,1,-0.493568000,-0.753956000,-0.498303000,0.200227014,0.421079174,0.884066393,-0.032063764,1,-0.652332149,-0.752955513,-0.602845724,0.200227014,0.421079174,0.884066393,-0.032063764
14.109581125,104617.836412625,vr_world,10259,104617.828956333,0.007456625,1,-0.768750000,-0.687335000,-0.456054000,0.208474275,0.174587523,-0.957601238,-0.095171126,1,-0.641396180,-0.760769689,-0.577757747,0.208474275,0.174587523,-0.957601238,-0.095171126,10259,104617.828956333,0.007456625,1,-0.496508000,-0.755892000,-0.498852000,0.199903498,0.421755000,0.883838896,-0.031466140,1,-0.655263889,-0.754540244,-0.603403299,0.199903498,0.421755000,0.883838896,-0.031466140
14.120544416,104617.847375916,vr_world,10259,104617.828956333,0.018420208,1,-0.768750000,-0.687335000,-0.456054000,0.208474275,0.174587523,-0.957601238,-0.095171126,1,-0.641396180,-0.760769689,-0.577757747,0.208474275,0.174587523,-0.957601238,-0.095171126,10259,104617.828956333,0.018420208,1,-0.496508000,-0.755892000,-0.498852000,0.199903498,0.421755000,0.883838896,-0.031466140,1,-0.655263889,-0.754540244,-0.603403299,0.199903498,0.421755000,0.883838896,-0.031466140
14.132953250,104617.859784750,vr_world,10260,104617.848300791,0.011484542,1,-0.771032000,-0.688528000,-0.456363000,0.209527603,0.172759691,-0.957682611,-0.095374472,1,-0.644222411,-0.762488685,-0.578316347,0.209527603,0.172759691,-0.957682611,-0.095374472,10260,104617.848300791,0.011484542,1,-0.499493000,-0.757796000,-0.499451000,0.200498463,0.422936199,0.883085110,-0.032954913,1,-0.658226127,-0.756206563,-0.604033457,0.200498463,0.422936199,0.883085110,-0.032954913
14.145372625,104617.872204125,vr_world,10261,104617.866485291,0.005719334,1,-0.775725000,-0.690385000,-0.457289000,0.211291528,0.168326334,-0.958071768,-0.095501954,1,-0.650039490,-0.765679547,-0.579589148,0.211291528,0.168326334,-0.958071768,-0.095501954,10261,104617.866485291,0.005719334,1,-0.505260000,-0.761416000,-0.500373000,0.201667183,0.424958930,0.881763135,-0.035128753,1,-0.663890240,-0.759385674,-0.605103949,0.201667183,0.424958930,0.881763135,-0.035128753
14.157579708,104617.884411208,vr_world,10261,104617.866485291,0.017926500,1,-0.775725000,-0.690385000,-0.457289000,0.211291528,0.168326334,-0.958071768,-0.095501954,1,-0.650039490,-0.765679547,-0.579589148,0.211291528,0.168326334,-0.958071768,-0.095501954,10261,104617.866485291,0.017926500,1,-0.505260000,-0.761416000,-0.500373000,0.201667183,0.424958930,0.881763135,-0.035128753,1,-0.663890240,-0.759385674,-0.605103949,0.201667183,0.424958930,0.881763135,-0.035128753
14.169979916,104617.896811416,vr_world,10262,104617.885283666,0.011528417,1,-0.778372000,-0.691602000,-0.458023000,0.212015156,0.166192577,-0.958343159,-0.094910430,1,-0.653154482,-0.767657173,-0.580332494,0.212015156,0.166192577,-0.958343159,-0.094910430,10262,104617.885283666,0.011528417,1,-0.508394000,-0.762989000,-0.500843000,0.203043313,0.425110653,0.881372161,-0.035177530,1,-0.666755235,-0.761004096,-0.605981160,0.203043313,0.425110653,0.881372161,-0.035177530
14.181922000,104617.908753500,vr_world,10263,104617.904445583,0.004308208,1,-0.780952000,-0.692851000,-0.458580000,0.213101177,0.164493685,-0.958293704,-0.095931714,1,-0.656337438,-0.769230754,-0.581302339,0.213101177,0.164493685,-0.958293704,-0.095931714,10263,104617.904445583,0.004308208,1,-0.511333000,-0.764441000,-0.501472000,0.203970676,0.424910680,0.881222065,-0.035979856,1,-0.669588923,-0.762691810,-0.606772584,0.203970676,0.424910680,0.881222065,-0.035979856
14.193766375,104617.920597875,vr_world,10263,104617.904445583,0.016152625,1,-0.780952000,-0.692851000,-0.458580000,0.213101177,0.164493685,-0.958293704,-0.095931714,1,-0.656337438,-0.769230754,-0.581302339,0.213101177,0.164493685,-0.958293704,-0.095931714,10263,104617.904445583,0.016152625,1,-0.511333000,-0.764441000,-0.501472000,0.203970676,0.424910680,0.881222065,-0.035979856,1,-0.669588923,-0.762691810,-0.606772584,0.203970676,0.424910680,0.881222065,-0.035979856
14.206163666,104617.932995166,vr_world,10264,104617.923478208,0.009517500,1,-0.785710000,-0.694941000,-0.459670000,0.214324139,0.161294507,-0.958577121,-0.095807873,1,-0.661895104,-0.772311024,-0.582581475,0.214324139,0.161294507,-0.958577121,-0.095807873,10264,104617.923478208,0.009517500,1,-0.516887000,-0.767590000,-0.502806000,0.204539002,0.425475914,0.880722006,-0.038246461,1,-0.675210563,-0.765926831,-0.608006366,0.204539002,0.425475914,0.880722006,-0.038246461
14.218572750,104617.945404250,vr_world,10265,104617.942266166,0.003138375,1,-0.787722000,-0.696014000,-0.460123000,0.215813107,0.158920613,-0.958588679,-0.096315555,1,-0.664682691,-0.774002673,-0.583421593,0.215813107,0.158920613,-0.958588679,-0.096315555,10265,104617.942266166,0.003138375,1,-0.519827000,-0.769042000,-0.503451000,0.205543501,0.425177435,0.880615530,-0.038630376,1,-0.677996948,-0.767609859,-0.608885472,0.205543501,0.425177435,0.880615530,-0.038630376
14.230977291,104617.957808791,vr_world,10265,104617.942266166,0.015543042,1,-0.787722000,-0.696014000,-0.460123000,0.215813107,0.158920613,-0.958588679,-0.096315555,1,-0.664682691,-0.774002673,-0.583421593,0.215813107,0.158920613,-0.958588679,-0.096315555,10265,104617.942266166,0.015543042,1,-0.519827000,-0.769042000,-0.503451000,0.205543501,0.425177435,0.880615530,-0.038630376,1,-0.677996948,-0.767609859,-0.608885472,0.205543501,0.425177435,0.880615530,-0.038630376
14.242905250,104617.969736750,vr_world,10266,104617.961384750,0.008352541,1,-0.789842000,-0.696779000,-0.460879000,0.218018940,0.157428484,-0.958298621,-0.096683850,1,-0.667586438,-0.775146641,-0.584715719,0.218018940,0.157428484,-0.958298621,-0.096683850,10266,104617.961384750,0.008352541,1,-0.522394000,-0.770490000,-0.504098000,0.206187282,0.425857248,0.880091932,-0.039630806,1,-0.680502961,-0.768959408,-0.609622668,0.206187282,0.425857248,0.880091932,-0.039630806
14.254140625,104617.980972125,vr_world,10267,104617.979771708,0.001200750,1,-0.794867000,-0.698746000,-0.462290000,0.218816313,0.155078781,-0.958693388,-0.094746926,1,-0.673046231,-0.778183051,-0.585873610,0.218816313,0.155078781,-0.958693388,-0.094746926,10267,104617.979771708,0.001200750,1,-0.527484000,-0.773342000,-0.505356000,0.207621749,0.427402797,0.878874725,-0.042417879,1,-0.685503273,-0.771643712,-0.611012247,0.207621749,0.427402797,0.878874725,-0.042417879
14.265471708,104617.992303208,vr_world,10267,104617.979771708,0.012531958,1,-0.794867000,-0.698746000,-0.462290000,0.218816313,0.155078781,-0.958693388,-0.094746926,1,-0.673046231,-0.778183051,-0.585873610,0.218816313,0.155078781,-0.958693388,-0.094746926,10267,104617.979771708,0.012531958,1,-0.527484000,-0.773342000,-0.505356000,0.207621749,0.427402797,0.878874725,-0.042417879,1,-0.685503273,-0.771643712,-0.611012247,0.207621749,0.427402797,0.878874725,-0.042417879
14.277583708,104618.004415208,vr_world,10268,104617.998787208,0.005628375,1,-0.797612000,-0.700564000,-0.462881000,0.218035344,0.154857145,-0.958764073,-0.096183704,1,-0.675759636,-0.779793227,-0.586566967,0.218035344,0.154857145,-0.958764073,-0.096183704,10268,104617.998787208,0.005628375,1,-0.530098000,-0.775191000,-0.506239000,0.205999957,0.427599673,0.879148094,-0.042675112,1,-0.688450482,-0.773326765,-0.611392505,0.205999957,0.427599673,0.879148094,-0.042675112
14.289991833,104618.016823333,vr_world,10268,104617.998787208,0.018036667,1,-0.797612000,-0.700564000,-0.462881000,0.218035344,0.154857145,-0.958764073,-0.096183704,1,-0.675759636,-0.779793227,-0.586566967,0.218035344,0.154857145,-0.958764073,-0.096183704,10268,104617.998787208,0.018036667,1,-0.530098000,-0.775191000,-0.506239000,0.205999957,0.427599673,0.879148094,-0.042675112,1,-0.688450482,-0.773326765,-0.611392505,0.205999957,0.427599673,0.879148094,-0.042675112
14.302398666,104618.029230166,vr_world,10269,104618.018352666,0.010877834,1,-0.803058000,-0.702911000,-0.464295000,0.216639869,0.154471148,-0.959075388,-0.096851599,1,-0.681003552,-0.782126990,-0.587789776,0.216639869,0.154471148,-0.959075388,-0.096851599,10269,104618.018352666,0.010877834,1,-0.535090000,-0.778307000,-0.507570000,0.205170205,0.428263036,0.879126069,-0.040414278,1,-0.693384974,-0.775869976,-0.612798272,0.205170205,0.428263036,0.879126069,-0.040414278
14.314796583,104618.041628083,vr_world,10270,104618.037994250,0.003634500,1,-0.805802000,-0.704485000,-0.465548000,0.212973560,0.154387192,-0.960010040,-0.095851865,1,-0.682854456,-0.783913346,-0.588016335,0.212973560,0.154387192,-0.960010040,-0.095851865,10270,104618.037994250,0.003634500,1,-0.537503000,-0.780128000,-0.508522000,0.204317396,0.429037663,0.878969398,-0.039923458,1,-0.695894449,-0.777275465,-0.613594528,0.204317396,0.429037663,0.878969398,-0.039923458
14.327092958,104618.053924458,vr_world,10270,104618.037994250,0.015931083,1,-0.805802000,-0.704485000,-0.465548000,0.212973560,0.154387192,-0.960010040,-0.095851865,1,-0.682854456,-0.783913346,-0.588016335,0.212973560,0.154387192,-0.960010040,-0.095851865,10270,104618.037994250,0.015931083,1,-0.537503000,-0.780128000,-0.508522000,0.204317396,0.429037663,0.878969398,-0.039923458,1,-0.695894449,-0.777275465,-0.613594528,0.204317396,0.429037663,0.878969398,-0.039923458
14.338627750,104618.065459250,vr_world,10271,104618.057189333,0.008270500,1,-0.808166000,-0.706485000,-0.466104000,0.212939538,0.154381087,-0.959694791,-0.099041106,1,-0.685449206,-0.785310284,-0.589191887,0.212939538,0.154381087,-0.959694791,-0.099041106,10271,104618.057189333,0.008270500,1,-0.539909000,-0.782128000,-0.509418000,0.203105536,0.429883477,0.878860989,-0.039391618,1,-0.698459848,-0.778801591,-0.614235824,0.203105536,0.429883477,0.878860989,-0.039391618
14.349585375,104618.076416875,vr_world,10271,104618.057189333,0.019228167,1,-0.808166000,-0.706485000,-0.466104000,0.212939538,0.154381087,-0.959694791,-0.099041106,1,-0.685449206,-0.785310284,-0.589191887,0.212939538,0.154381087,-0.959694791,-0.099041106,10271,104618.057189333,0.019228167,1,-0.539909000,-0.782128000,-0.509418000,0.203105536,0.429883477,0.878860989,-0.039391618,1,-0.698459848,-0.778801591,-0.614235824,0.203105536,0.429883477,0.878860989,-0.039391618
14.361973000,104618.088804500,vr_world,10272,104618.076933208,0.011871917,1,-0.812988000,-0.709263000,-0.467762000,0.212129157,0.153564878,-0.959928089,-0.099785332,1,-0.690282731,-0.788189930,-0.590796191,0.212129157,0.153564878,-0.959928089,-0.099785332,10272,104618.076933208,0.011871917,1,-0.544501000,-0.785434000,-0.511157000,0.202713396,0.430862577,0.878535792,-0.037941818,1,-0.702966239,-0.781537275,-0.616084502,0.202713396,0.430862577,0.878535792,-0.037941818
14.373570416,104618.100401916,vr_world,10273,104618.095824833,0.004577583,1,-0.815297000,-0.710830000,-0.468665000,0.212289503,0.152568392,-0.960041491,-0.099881872,1,-0.692806577,-0.790034752,-0.591734679,0.212289503,0.152568392,-0.960041491,-0.099881872,10273,104618.095824833,0.004577583,1,-0.546819000,-0.787202000,-0.512558000,0.201687267,0.430924377,0.878698111,-0.038936574,1,-0.705567560,-0.783320373,-0.617057136,0.201687267,0.430924377,0.878698111,-0.038936574
14.385981666,104618.112813166,vr_world,10273,104618.095824833,0.016988792,1,-0.815297000,-0.710830000,-0.468665000,0.212289503,0.152568392,-0.960041491,-0.099881872,1,-0.692806577,-0.790034752,-0.591734679,0.212289503,0.152568392,-0.960041491,-0.099881872,10273,104618.095824833,0.016988792,1,-0.546819000,-0.787202000,-0.512558000,0.201687267,0.430924377,0.878698111,-0.038936574,1,-0.705567560,-0.783320373,-0.617057136,0.201687267,0.430924377,0.878698111,-0.038936574
14.398404125,104618.125235625,vr_world,10274,104618.114908166,0.010327959,1,-0.819363000,-0.713681000,-0.470851000,0.211849448,0.150722647,-0.960437890,-0.099807593,1,-0.697086283,-0.793448305,-0.593769738,0.211849448,0.150722647,-0.960437890,-0.099807593,10274,104618.114908166,0.010327959,1,-0.551509000,-0.790322000,-0.514007000,0.202909545,0.431001273,0.878398289,-0.038497605,1,-0.709979369,-0.786449884,-0.618928025,0.202909545,0.431001273,0.878398289,-0.038497605
14.410798458,104618.137629958,vr_world,10275,104618.134658083,0.002972333,1,-0.820827000,-0.715307000,-0.472081000,0.212197932,0.149894414,-0.960459385,-0.100107302,1,-0.698794976,-0.795262291,-0.595120879,0.212197932,0.149894414,-0.960459385,-0.100107302,10275,104618.134658083,0.002972333,1,-0.553635000,-0.791664000,-0.514686000,0.206053452,0.430028716,0.878133551,-0.038713633,1,-0.711545482,-0.788419726,-0.620468869,0.206053452,0.430028716,0.878133551,-0.038713633
14.421571791,104618.148403291,vr_world,10275,104618.134658083,0.013745750,1,-0.820827000,-0.715307000,-0.472081000,0.212197932,0.149894414,-0.960459385,-0.100107302,1,-0.698794976,-0.795262291,-0.595120879,0.212197932,0.149894414,-0.960459385,-0.100107302,10275,104618.134658083,0.013745750,1,-0.553635000,-0.791664000,-0.514686000,0.206053452,0.430028716,0.878133551,-0.038713633,1,-0.711545482,-0.788419726,-0.620468869,0.206053452,0.430028716,0.878133551,-0.038713633
14.431868250,104618.158699750,vr_world,10276,104618.154044250,0.004656125,1,-0.822343000,-0.716524000,-0.472995000,0.213873687,0.148752717,-0.960251694,-0.100236515,1,-0.700899836,-0.796790376,-0.596414051,0.213873687,0.148752717,-0.960251694,-0.100236515,10276,104618.154044250,0.004656125,1,-0.555654000,-0.793112000,-0.515787000,0.207031830,0.429419173,0.878153589,-0.039790305,1,-0.713488586,-0.790297073,-0.621695250,0.207031830,0.429419173,0.878153589,-0.039790305
14.444283916,104618.171115416,vr_world,10276,104618.154044250,0.017071791,1,-0.822343000,-0.716524000,-0.472995000,0.213873687,0.148752717,-0.960251694,-0.100236515,1,-0.700899836,-0.796790376,-0.596414051,0.213873687,0.148752717,-0.960251694,-0.100236515,10276,104618.154044250,0.017071791,1,-0.555654000,-0.793112000,-0.515787000,0.207031830,0.429419173,0.878153589,-0.039790305,1,-0.713488586,-0.790297073,-0.621695250,0.207031830,0.429419173,0.878153589,-0.039790305
14.455862083,104618.182693583,vr_world,10277,104618.172730916,0.009963250,1,-0.825351000,-0.718600000,-0.475026000,0.216925718,0.147208365,-0.960004747,-0.098304708,1,-0.704729556,-0.799688611,-0.598713452,0.216925718,0.147208365,-0.960004747,-0.098304708,10277,104618.172730916,0.009963250,1,-0.559229000,-0.795720000,-0.517725000,0.209380618,0.429756476,0.877288458,-0.042826267,1,-0.716855522,-0.793297611,-0.623952349,0.209380618,0.429756476,0.877288458,-0.042826267
14.466903291,104618.193734791,vr_world,10278,104618.192481291,0.001254000,1,-0.827784000,-0.720211000,-0.476211000,0.216147919,0.146984646,-0.960429974,-0.096176167,1,-0.706866208,-0.801771812,-0.599296977,0.216147919,0.146984646,-0.960429974,-0.096176167,10278,104618.192481291,0.001254000,1,-0.560940000,-0.797370000,-0.518729000,0.209038628,0.429862576,0.877108126,-0.046929243,1,-0.718989871,-0.795346258,-0.624333724,0.209038628,0.429862576,0.877108126,-0.046929243
14.477886125,104618.204717625,vr_world,10278,104618.192481291,0.012237000,1,-0.827784000,-0.720211000,-0.476211000,0.216147919,0.146984646,-0.960429974,-0.096176167,1,-0.706866208,-0.801771812,-0.599296977,0.216147919,0.146984646,-0.960429974,-0.096176167,10278,104618.192481291,0.012237000,1,-0.560940000,-0.797370000,-0.518729000,0.209038628,0.429862576,0.877108126,-0.046929243,1,-0.718989871,-0.795346258,-0.624333724,0.209038628,0.429862576,0.877108126,-0.046929243
14.490298333,104618.217129833,vr_world,10279,104618.211559458,0.005578208,1,-0.831324000,-0.723494000,-0.478374000,0.213043246,0.146051030,-0.961186190,-0.096967934,1,-0.709925453,-0.805181469,-0.600901602,0.213043246,0.146051030,-0.961186190,-0.096967934,10279,104618.211559458,0.005578208,1,-0.564569000,-0.801042000,-0.519735000,0.211421733,0.429673006,0.876742788,-0.044766545,1,-0.721966172,-0.799025943,-0.626310379,0.211421733,0.429673006,0.876742788,-0.044766545
14.502708666,104618.229540166,vr_world,10279,104618.211559458,0.017981042,1,-0.831324000,-0.723494000,-0.478374000,0.213043246,0.146051030,-0.961186190,-0.096967934,1,-0.709925453,-0.805181469,-0.600901602,0.213043246,0.146051030,-0.961186190,-0.096967934,10279,104618.211559458,0.017981042,1,-0.564569000,-0.801042000,-0.519735000,0.211421733,0.429673006,0.876742788,-0.044766545,1,-0.721966172,-0.799025943,-0.626310379,0.211421733,0.429673006,0.876742788,-0.044766545
14.515116708,104618.241948208,vr_world,10280,104618.230764625,0.011184000,1,-0.832702000,-0.725371000,-0.478953000,0.212970295,0.145965554,-0.961017551,-0.098908935,1,-0.711444482,-0.806714371,-0.601848695,0.212970295,0.145965554,-0.961017551,-0.098908935,10280,104618.230764625,0.011184000,1,-0.566124000,-0.802842000,-0.520766000,0.210407572,0.430743389,0.876514485,-0.043716627,1,-0.723589858,-0.800220205,-0.627226452,0.210407572,0.430743389,0.876514485,-0.043716627
14.527533625,104618.254365125,vr_world,10281,104618.249902791,0.004462792,1,-0.833632000,-0.727065000,-0.479587000,0.213987580,0.144765985,-0.960769682,-0.100864979,1,-0.712961097,-0.808385298,-0.603073737,0.213987580,0.144765985,-0.960769682,-0.100864979,10281,104618.249902791,0.004462792,1,-0.567551000,-0.804614000,-0.521676000,0.210161512,0.430650935,0.876629328,-0.043507840,1,-0.725050635,-0.801985359,-0.628086480,0.210161512,0.430650935,0.876629328,-0.043507840
14.538904208,104618.265735708,vr_world,10281,104618.249902791,0.015833209,1,-0.833632000,-0.727065000,-0.479587000,0.213987580,0.144765985,-0.960769682,-0.100864979,1,-0.712961097,-0.808385298,-0.603073737,0.213987580,0.144765985,-0.960769682,-0.100864979,10281,104618.249902791,0.015833209,1,-0.567551000,-0.804614000,-0.521676000,0.210161512,0.430650935,0.876629328,-0.043507840,1,-0.725050635,-0.801985359,-0.628086480,0.210161512,0.430650935,0.876629328,-0.043507840
14.551300791,104618.278132291,vr_world,10282,104618.268820458,0.009312333,1,-0.836285000,-0.729889000,-0.481052000,0.215219173,0.144522068,-0.960322222,-0.102836319,1,-0.716083436,-0.810898724,-0.605198884,0.215219173,0.144522068,-0.960322222,-0.102836319,10282,104618.268820458,0.009312333,1,-0.570533000,-0.807590000,-0.523715000,0.209306445,0.431202747,0.876538921,-0.043983214,1,-0.728222664,-0.804739800,-0.629837939,0.209306445,0.431202747,0.876538921,-0.043983214
14.563715958,104618.290547458,vr_world,10283,104618.288145208,0.002402625,1,-0.838071000,-0.731577000,-0.481700000,0.215707280,0.145067192,-0.960056696,-0.103523037,1,-0.717935772,-0.812292775,-0.606102316,0.215707280,0.145067192,-0.960056696,-0.103523037,10283,104618.288145208,0.002402625,1,-0.571898000,-0.808783000,-0.524976000,0.208393068,0.430670968,0.876946086,-0.045391726,1,-0.729910513,-0.806227450,-0.630625220,0.208393068,0.430670968,0.876946086,-0.045391726
14.574218083,104618.301049583,vr_world,10283,104618.288145208,0.012904833,1,-0.838071000,-0.731577000,-0.481700000,0.215707280,0.145067192,-0.960056696,-0.103523037,1,-0.717935772,-0.812292775,-0.606102316,0.215707280,0.145067192,-0.960056696,-0.103523037,10283,104618.288145208,0.012904833,1,-0.571898000,-0.808783000,-0.524976000,0.208393068,0.430670968,0.876946086,-0.045391726,1,-0.729910513,-0.806227450,-0.630625220,0.208393068,0.430670968,0.876946086,-0.045391726
14.584240083,104618.311071583,vr_world,10284,104618.308210000,0.002862083,1,-0.839519000,-0.732605000,-0.482651000,0.216461297,0.144109583,-0.960267314,-0.101309530,1,-0.719561210,-0.814027560,-0.606763606,0.216461297,0.144109583,-0.960267314,-0.101309530,10284,104618.308210000,0.002862083,1,-0.573156000,-0.810231000,-0.526109000,0.207585656,0.429461614,0.877658027,-0.046768635,1,-0.731490408,-0.808233216,-0.631287208,0.207585656,0.429461614,0.877658027,-0.046768635
14.596646875,104618.323478375,vr_world,10284,104618.308210000,0.015268916,1,-0.839519000,-0.732605000,-0.482651000,0.216461297,0.144109583,-0.960267314,-0.101309530,1,-0.719561210,-0.814027560,-0.606763606,0.216461297,0.144109583,-0.960267314,-0.101309530,10284,104618.308210000,0.015268916,1,-0.573156000,-0.810231000,-0.526109000,0.207585656,0.429461614,0.877658027,-0.046768635,1,-0.731490408,-0.808233216,-0.631287208,0.207585656,0.429461614,0.877658027,-0.046768635
14.607551083,104618.334382583,vr_world,10285,104618.327718583,0.006664583,1,-0.841707000,-0.734912000,-0.484485000,0.217405880,0.142542247,-0.960609720,-0.098210778,1,-0.722013354,-0.817387123,-0.608156860,0.217405880,0.142542247,-0.960609720,-0.098210778,10285,104618.327718583,0.006664583,1,-0.575819000,-0.813605000,-0.528446000,0.207135615,0.429138351,0.877927248,-0.046678270,1,-0.734244715,-0.811687162,-0.633488061,0.207135615,0.429138351,0.877927248,-0.046678270
14.619961000,104618.346792500,vr_world,10285,104618.327718583,0.019074250,1,-0.841707000,-0.734912000,-0.484485000,0.217405880,0.142542247,-0.960609720,-0.098210778,1,-0.722013354,-0.817387123,-0.608156860,0.217405880,0.142542247,-0.960609720,-0.098210778,10285,104618.327718583,0.019074250,1,-0.575819000,-0.813605000,-0.528446000,0.207135615,0.429138351,0.877927248,-0.046678270,1,-0.734244715,-0.811687162,-0.633488061,0.207135615,0.429138351,0.877927248,-0.046678270
14.632372458,104618.359203958,vr_world,10286,104618.347747416,0.011456834,1,-0.842416000,-0.737110000,-0.485187000,0.218254109,0.141721064,-0.960398621,-0.099572951,1,-0.723163961,-0.819562094,-0.609300157,0.218254109,0.141721064,-0.960398621,-0.099572951,10286,104618.347747416,0.011456834,1,-0.577320000,-0.815647000,-0.530339000,0.205221392,0.430221566,0.877809376,-0.047373871,1,-0.736139203,-0.813247278,-0.634775147,0.205221392,0.430221566,0.877809376,-0.047373871
14.642908708,104618.369740208,vr_world,10287,104618.367694125,0.002046625,1,-0.844345000,-0.740407000,-0.486468000,0.221718913,0.140133121,-0.959210875,-0.105441593,1,-0.726614169,-0.822172651,-0.612473258,0.221718913,0.140133121,-0.959210875,-0.105441593,10287,104618.367694125,0.002046625,1,-0.579953000,-0.818767000,-0.533129000,0.204455193,0.430201229,0.878006540,-0.047217500,1,-0.738907736,-0.816300161,-0.637357252,0.204455193,0.430201229,0.878006540,-0.047217500
14.655322041,104618.382153541,vr_world,10287,104618.367694125,0.014462000,1,-0.844345000,-0.740407000,-0.486468000,0.221718913,0.140133121,-0.959210875,-0.105441593,1,-0.726614169,-0.822172651,-0.612473258,0.221718913,0.140133121,-0.959210875,-0.105441593,10287,104618.367694125,0.014462000,1,-0.579953000,-0.818767000,-0.533129000,0.204455193,0.430201229,0.878006540,-0.047217500,1,-0.738907736,-0.816300161,-0.637357252,0.204455193,0.430201229,0.878006540,-0.047217500
14.666905083,104618.393736583,vr_world,10288,104618.386816666,0.006920500,1,-0.845854000,-0.742025000,-0.487590000,0.222836939,0.140133086,-0.958867023,-0.106209458,1,-0.728441031,-0.823636062,-0.613991178,0.222836939,0.140133086,-0.958867023,-0.106209458,10288,104618.386816666,0.006920500,1,-0.581272000,-0.820081000,-0.535208000,0.201516994,0.429686844,0.879005253,-0.045933456,1,-0.740700424,-0.817449484,-0.638706194,0.201516994,0.429686844,0.879005253,-0.045933456
14.679346250,104618.406177750,vr_world,10289,104618.406170375,0.000007708,1,-0.847797000,-0.744792000,-0.489475000,0.226298420,0.140352102,-0.957807089,-0.108147551,1,-0.731302012,-0.825944467,-0.617015730,0.226298420,0.140352102,-0.957807089,-0.108147551,10289,104618.406170375,0.000007708,1,-0.584071000,-0.822338000,-0.538179000,0.200461668,0.428575161,0.879887600,-0.044002975,1,-0.743575833,-0.819840672,-0.641562842,0.200461668,0.428575161,0.879887600,-0.044002975
14.690899416,104618.417730916,vr_world,10289,104618.406170375,0.011560916,1,-0.847797000,-0.744792000,-0.489475000,0.226298420,0.140352102,-0.957807089,-0.108147551,1,-0.731302012,-0.825944467,-0.617015730,0.226298420,0.140352102,-0.957807089,-0.108147551,10289,104618.406170375,0.011560916,1,-0.584071000,-0.822338000,-0.538179000,0.200461668,0.428575161,0.879887600,-0.044002975,1,-0.743575833,-0.819840672,-0.641562842,0.200461668,0.428575161,0.879887600,-0.044002975
14.703308125,104618.430139625,vr_world,10290,104618.425075333,0.005064625,1,-0.849174000,-0.746102000,-0.491082000,0.225093110,0.140839649,-0.958144513,-0.107034470,1,-0.732224523,-0.827337750,-0.618152924,0.225093110,0.140839649,-0.958144513,-0.107034470,10290,104618.425075333,0.005064625,1,-0.585054000,-0.823222000,-0.540227000,0.201591319,0.427919438,0.879853111,-0.045873708,1,-0.744524640,-0.821268319,-0.643675192,0.201591319,0.427919438,0.879853111,-0.045873708
14.715731791,104618.442563291,vr_world,10290,104618.425075333,0.017488417,1,-0.849174000,-0.746102000,-0.491082000,0.225093110,0.140839649,-0.958144513,-0.107034470,1,-0.732224523,-0.827337750,-0.618152924,0.225093110,0.140839649,-0.958144513,-0.107034470,10290,104618.425075333,0.017488417,1,-0.585054000,-0.823222000,-0.540227000,0.201591319,0.427919438,0.879853111,-0.045873708,1,-0.744524640,-0.821268319,-0.643675192,0.201591319,0.427919438,0.879853111,-0.045873708
14.728160916,104618.454992416,vr_world,10291,104618.444089541,0.010903334,1,-0.850161000,-0.747100000,-0.492701000,0.224845188,0.139662441,-0.958325006,-0.107481290,1,-0.733397235,-0.828589551,-0.619780170,0.224845188,0.139662441,-0.958325006,-0.107481290,10291,104618.444089541,0.010903334,1,-0.585850000,-0.825076000,-0.542573000,0.199099049,0.428072852,0.880291676,-0.046901666,1,-0.745878633,-0.822992527,-0.645153162,0.199099049,0.428072852,0.880291676,-0.046901666
14.740586041,104618.467417541,vr_world,10292,104618.464136250,0.003281916,1,-0.852276000,-0.749592000,-0.495516000,0.226347910,0.139326387,-0.958142158,-0.106387907,1,-0.735841004,-0.831389805,-0.622698948,0.226347910,0.139326387,-0.958142158,-0.106387907,10292,104618.464136250,0.003281916,1,-0.588227000,-0.828007000,-0.546295000,0.194575492,0.429101885,0.880862528,-0.045751041,1,-0.748977745,-0.825067904,-0.647718778,0.194575492,0.429101885,0.880862528,-0.045751041
14.752240541,104618.479072041,vr_world,10292,104618.464136250,0.014936166,1,-0.852276000,-0.749592000,-0.495516000,0.226347910,0.139326387,-0.958142158,-0.106387907,1,-0.735841004,-0.831389805,-0.622698948,0.226347910,0.139326387,-0.958142158,-0.106387907,10292,104618.464136250,0.014936166,1,-0.588227000,-0.828007000,-0.546295000,0.194575492,0.429101885,0.880862528,-0.045751041,1,-0.748977745,-0.825067904,-0.647718778,0.194575492,0.429101885,0.880862528,-0.045751041
14.764680166,104618.491511666,vr_world,10293,104618.482835958,0.008677958,1,-0.852930000,-0.751631000,-0.496550000,0.228369807,0.139557890,-0.957253168,-0.109714169,1,-0.737184706,-0.832693610,-0.624828475,0.228369807,0.139557890,-0.957253168,-0.109714169,10293,104618.482835958,0.008677958,1,-0.589982000,-0.828945000,-0.547755000,0.196531574,0.429246101,0.880318127,-0.046509367,1,-0.750423126,-0.826177187,-0.649672418,0.196531574,0.429246101,0.880318127,-0.046509367
14.777107541,104618.503939041,vr_world,10294,104618.502106666,0.001834500,1,-0.853920000,-0.752813000,-0.498080000,0.228152708,0.139403555,-0.957211977,-0.110716858,1,-0.738228081,-0.833720708,-0.626504202,0.228152708,0.139403555,-0.957211977,-0.110716858,10294,104618.502106666,0.001834500,1,-0.591555000,-0.830669000,-0.548975000,0.198555044,0.429183149,0.879889456,-0.046607557,1,-0.751623869,-0.828085807,-0.651481200,0.198555044,0.429183149,0.879889456,-0.046607557
14.789535166,104618.516366666,vr_world,10294,104618.502106666,0.014262042,1,-0.853920000,-0.752813000,-0.498080000,0.228152708,0.139403555,-0.957211977,-0.110716858,1,-0.738228081,-0.833720708,-0.626504202,0.228152708,0.139403555,-0.957211977,-0.110716858,10294,104618.502106666,0.014262042,1,-0.591555000,-0.830669000,-0.548975000,0.198555044,0.429183149,0.879889456,-0.046607557,1,-0.751623869,-0.828085807,-0.651481200,0.198555044,0.429183149,0.879889456,-0.046607557
14.801950666,104618.528782166,vr_world,10295,104618.520322083,0.008460542,1,-0.855764000,-0.755339000,-0.500788000,0.229717871,0.138519185,-0.956842219,-0.111781495,1,-0.740682703,-0.836281525,-0.629737855,0.229717871,0.138519185,-0.956842219,-0.111781495,10295,104618.520322083,0.008460542,1,-0.594452000,-0.830554000,-0.551541000,0.193493383,0.429783340,0.880829868,-0.044557101,1,-0.755281669,-0.827142203,-0.652824658,0.193493383,0.429783340,0.880829868,-0.044557101
14.814366916,104618.541198416,vr_world,10296,104618.539747875,0.001452625,1,-0.857519000,-0.755895000,-0.501943000,0.226303784,0.138065715,-0.957916987,-0.110088605,1,-0.741581567,-0.837322579,-0.629816061,0.226303784,0.138065715,-0.957916987,-0.110088605,10296,104618.539747875,0.001452625,1,-0.597938000,-0.830452000,-0.546995000,0.223979274,0.423191844,0.876549971,-0.049011188,1,-0.753405624,-0.832349871,-0.656367774,0.223979274,0.423191844,0.876549971,-0.049011188
14.826781000,104618.553612500,vr_world,10296,104618.539747875,0.013865250,1,-0.857519000,-0.755895000,-0.501943000,0.226303784,0.138065715,-0.957916987,-0.110088605,1,-0.741581567,-0.837322579,-0.629816061,0.226303784,0.138065715,-0.957916987,-0.110088605,10296,104618.539747875,0.013865250,1,-0.597938000,-0.830452000,-0.546995000,0.223979274,0.423191844,0.876549971,-0.049011188,1,-0.753405624,-0.832349871,-0.656367774,0.223979274,0.423191844,0.876549971,-0.049011188
14.839213791,104618.566045291,vr_world,10297,104618.560181791,0.005864959,1,-0.859798000,-0.758739000,-0.503612000,0.231583126,0.134819982,-0.957094610,-0.110284794,1,-0.745708564,-0.841036571,-0.632585585,0.231583126,0.134819982,-0.957094610,-0.110284794,10297,104618.560181791,0.005864959,1,-0.597354000,-0.837070000,-0.553055000,0.207155581,0.428215983,0.878076429,-0.051955965,1,-0.756265242,-0.836093264,-0.657374354,0.207155581,0.428215983,0.878076429,-0.051955965
14.850470666,104618.577302166,vr_world,10297,104618.560181791,0.017123250,1,-0.859798000,-0.758739000,-0.503612000,0.231583126,0.134819982,-0.957094610,-0.110284794,1,-0.745708564,-0.841036571,-0.632585585,0.231583126,0.134819982,-0.957094610,-0.110284794,10297,104618.560181791,0.017123250,1,-0.597354000,-0.837070000,-0.553055000,0.207155581,0.428215983,0.878076429,-0.051955965,1,-0.756265242,-0.836093264,-0.657374354,0.207155581,0.428215983,0.878076429,-0.051955965
14.861574416,104618.588405916,vr_world,10298,104618.579522708,0.008883625,1,-0.862242000,-0.760205000,-0.504808000,0.223692523,0.132494175,-0.959194949,-0.111139549,1,-0.746777827,-0.843038749,-0.632205170,0.223692523,0.132494175,-0.959194949,-0.111139549,10298,104618.579522708,0.008883625,1,-0.600575000,-0.836092000,-0.551878000,0.210271064,0.423466542,0.879748695,-0.050043992,1,-0.758866167,-0.836958009,-0.657136701,0.210271064,0.423466542,0.879748695,-0.050043992
14.874007541,104618.600839041,vr_world,10299,104618.598555583,0.002285542,1,-0.862960000,-0.761372000,-0.505895000,0.222389903,0.132396858,-0.959565491,-0.110670105,1,-0.747173923,-0.844334582,-0.632915755,0.222389903,0.132396858,-0.959565491,-0.110670105,10299,104618.598555583,0.002285542,1,-0.600236000,-0.837544000,-0.553655000,0.205680131,0.421089253,0.882002915,-0.049501332,1,-0.759441143,-0.838914907,-0.657520658,0.205680131,0.421089253,0.882002915,-0.049501332
14.886423875,104618.613255375,vr_world,10299,104618.598555583,0.014701667,1,-0.862960000,-0.761372000,-0.505895000,0.222389903,0.132396858,-0.959565491,-0.110670105,1,-0.747173923,-0.844334582,-0.632915755,0.222389903,0.132396858,-0.959565491,-0.110670105,10299,104618.598555583,0.014701667,1,-0.600236000,-0.837544000,-0.553655000,0.205680131,0.421089253,0.882002915,-0.049501332,1,-0.759441143,-0.838914907,-0.657520658,0.205680131,0.421089253,0.882002915,-0.049501332
14.898835291,104618.625666791,vr_world,10300,104618.617958708,0.007708500,1,-0.864945000,-0.763890000,-0.506621000,0.224813836,0.129371251,-0.959026875,-0.113970482,1,-0.750527647,-0.847041914,-0.634753210,0.224813836,0.129371251,-0.959026875,-0.113970482,10300,104618.617958708,0.007708500,1,-0.603644000,-0.836875000,-0.555340000,0.203817504,0.414736867,0.885472099,-0.048897013,1,-0.763314036,-0.840470822,-0.658435949,0.203817504,0.414736867,0.885472099,-0.048897013
14.911220375,104618.638051875,vr_world,10301,104618.636639416,0.001412917,1,-0.865775000,-0.764881000,-0.507343000,0.225375015,0.129970130,-0.958375703,-0.117600506,1,-0.751652379,-0.847124248,-0.636321833,0.225375015,0.129970130,-0.958375703,-0.117600506,10301,104618.636639416,0.001412917,1,-0.603328000,-0.836472000,-0.556368000,0.206926359,0.412887431,0.885487717,-0.051156187,1,-0.762630855,-0.841251735,-0.659982652,0.206926359,0.412887431,0.885487717,-0.051156187
14.923636416,104618.650467916,vr_world,10301,104618.636639416,0.013828917,1,-0.865775000,-0.764881000,-0.507343000,0.225375015,0.129970130,-0.958375703,-0.117600506,1,-0.751652379,-0.847124248,-0.636321833,0.225375015,0.129970130,-0.958375703,-0.117600506,10301,104618.636639416,0.013828917,1,-0.603328000,-0.836472000,-0.556368000,0.206926359,0.412887431,0.885487717,-0.051156187,1,-0.762630855,-0.841251735,-0.659982652,0.206926359,0.412887431,0.885487717,-0.051156187
14.936066291,104618.662897791,vr_world,10302,104618.655914291,0.006985959,1,-0.865467000,-0.764940000,-0.508557000,0.226880085,0.132890718,-0.957794696,-0.116167141,1,-0.751060511,-0.846629470,-0.637636094,0.226880085,0.132890718,-0.957794696,-0.116167141,10302,104618.655914291,0.006985959,1,-0.604509000,-0.836681000,-0.557665000,0.205622817,0.413700803,0.885172804,-0.055136289,1,-0.764383736,-0.841489858,-0.660393598,0.205622817,0.413700803,0.885172804,-0.055136289
14.948475916,104618.675307416,vr_world,10303,104618.674852083,0.000455833,1,-0.866814000,-0.766059000,-0.509508000,0.230463040,0.133405234,-0.956883073,-0.116037130,1,-0.753156585,-0.847604745,-0.639337781,0.230463040,0.133405234,-0.956883073,-0.116037130,10303,104618.674852083,0.000455833,1,-0.605813000,-0.836823000,-0.558924000,0.208497756,0.410976846,0.885744657,-0.055525857,1,-0.765221784,-0.842927531,-0.662305642,0.208497756,0.410976846,0.885744657,-0.055525857
14.960881875,104618.687713375,vr_world,10303,104618.674852083,0.012861792,1,-0.866814000,-0.766059000,-0.509508000,0.230463040,0.133405234,-0.956883073,-0.116037130,1,-0.753156585,-0.847604745,-0.639337781,0.230463040,0.133405234,-0.956883073,-0.116037130,10303,104618.674852083,0.012861792,1,-0.605813000,-0.836823000,-0.558924000,0.208497756,0.410976846,0.885744657,-0.055525857,1,-0.765221784,-0.842927531,-0.662305642,0.208497756,0.410976846,0.885744657,-0.055525857
14.973312458,104618.700143958,vr_world,10304,104618.694715333,0.005429625,1,-0.867363000,-0.766448000,-0.510407000,0.228808216,0.132276501,-0.957216311,-0.117841679,1,-0.753653526,-0.847959599,-0.640212587,0.228808216,0.132276501,-0.957216311,-0.117841679,10304,104618.694715333,0.005429625,1,-0.605932000,-0.836700000,-0.560363000,0.206963064,0.410659447,0.886296827,-0.054800025,1,-0.765580334,-0.842732241,-0.663378880,0.206963064,0.410659447,0.886296827,-0.054800025
14.985726000,104618.712557500,vr_world,10304,104618.694715333,0.017842667,1,-0.867363000,-0.766448000,-0.510407000,0.228808216,0.132276501,-0.957216311,-0.117841679,1,-0.753653526,-0.847959599,-0.640212587,0.228808216,0.132276501,-0.957216311,-0.117841679,10304,104618.694715333,0.017842667,1,-0.605932000,-0.836700000,-0.560363000,0.206963064,0.410659447,0.886296827,-0.054800025,1,-0.765580334,-0.842732241,-0.663378880,0.206963064,0.410659447,0.886296827,-0.054800025
14.998115041,104618.724946541,vr_world,10305,104618.713040625,0.011908333,1,-0.868542000,-0.767123000,-0.512002000,0.228433500,0.133733244,-0.957119891,-0.117707561,1,-0.754469367,-0.848248178,-0.641731005,0.228433500,0.133733244,-0.957119891,-0.117707561,10305,104618.713040625,0.011908333,1,-0.606659000,-0.836416000,-0.562826000,0.203772526,0.409691036,0.887471323,-0.054996939,1,-0.766950608,-0.842603174,-0.664828672,0.203772526,0.409691036,0.887471323,-0.054996939
15.008243083,104618.735074583,vr_world,10306,104618.732333708,0.002741417,1,-0.868731000,-0.767704000,-0.512526000,0.229654008,0.134562761,-0.956575904,-0.118804210,1,-0.754884176,-0.848359571,-0.642745095,0.229654008,0.134562761,-0.956575904,-0.118804210,10306,104618.732333708,0.002741417,1,-0.606839000,-0.835655000,-0.564112000,0.203553498,0.407467109,0.888609186,-0.053946665,1,-0.767120103,-0.842560349,-0.666085049,0.203553498,0.407467109,0.888609186,-0.053946665
15.020670291,104618.747501791,vr_world,10306,104618.732333708,0.015168542,1,-0.868731000,-0.767704000,-0.512526000,0.229654008,0.134562761,-0.956575904,-0.118804210,1,-0.754884176,-0.848359571,-0.642745095,0.229654008,0.134562761,-0.956575904,-0.118804210,10306,104618.732333708,0.015168542,1,-0.606839000,-0.835655000,-0.564112000,0.203553498,0.407467109,0.888609186,-0.053946665,1,-0.767120103,-0.842560349,-0.666085049,0.203553498,0.407467109,0.888609186,-0.053946665
15.033084208,104618.759915708,vr_world,10307,104618.750979166,0.008936875,1,-0.869069000,-0.767991000,-0.513190000,0.230339420,0.135640202,-0.956016346,-0.120740352,1,-0.755342121,-0.847936360,-0.643950752,0.230339420,0.135640202,-0.956016346,-0.120740352,10307,104618.750979166,0.008936875,1,-0.606657000,-0.835070000,-0.566480000,0.199554250,0.406133357,0.890053312,-0.055126224,1,-0.767810737,-0.842320300,-0.667044125,0.199554250,0.406133357,0.890053312,-0.055126224
15.045504500,104618.772336000,vr_world,10308,104618.769695041,0.002641417,1,-0.870011000,-0.768813000,-0.514545000,0.231693457,0.137624049,-0.955190919,-0.122425779,1,-0.756386842,-0.847832564,-0.645956272,0.231693457,0.137624049,-0.955190919,-0.122425779,10308,104618.769695041,0.002641417,1,-0.607002000,-0.834144000,-0.569875000,0.194312013,0.403290801,0.892442059,-0.056094050,1,-0.769244051,-0.842204528,-0.668610969,0.194312013,0.403290801,0.892442059,-0.056094050
15.057557083,104618.784388583,vr_world,10308,104618.769695041,0.014694459,1,-0.870011000,-0.768813000,-0.514545000,0.231693457,0.137624049,-0.955190919,-0.122425779,1,-0.756386842,-0.847832564,-0.645956272,0.231693457,0.137624049,-0.955190919,-0.122425779,10308,104618.769695041,0.014694459,1,-0.607002000,-0.834144000,-0.569875000,0.194312013,0.403290801,0.892442059,-0.056094050,1,-0.769244051,-0.842204528,-0.668610969,0.194312013,0.403290801,0.892442059,-0.056094050
15.068328000,104618.795159500,vr_world,10309,104618.789038333,0.006121625,1,-0.870334000,-0.769580000,-0.515096000,0.233946885,0.138285478,-0.954167437,-0.125341471,1,-0.757366278,-0.847788517,-0.647554139,0.233946885,0.138285478,-0.954167437,-0.125341471,10309,104618.789038333,0.006121625,1,-0.607754000,-0.833060000,-0.571527000,0.192470932,0.400250375,0.894306400,-0.054503575,1,-0.770235960,-0.841982546,-0.669793114,0.192470932,0.400250375,0.894306400,-0.054503575
15.080769625,104618.807601125,vr_world,10309,104618.789038333,0.018563417,1,-0.870334000,-0.769580000,-0.515096000,0.233946885,0.138285478,-0.954167437,-0.125341471,1,-0.757366278,-0.847788517,-0.647554139,0.233946885,0.138285478,-0.954167437,-0.125341471,10309,104618.789038333,0.018563417,1,-0.607754000,-0.833060000,-0.571527000,0.192470932,0.400250375,0.894306400,-0.054503575,1,-0.770235960,-0.841982546,-0.669793114,0.192470932,0.400250375,0.894306400,-0.054503575
15.092330083,104618.819161583,vr_world,10310,104618.808056416,0.011105459,1,-0.870357000,-0.770115000,-0.515726000,0.234196616,0.139712260,-0.953631547,-0.127355022,1,-0.757357331,-0.847491402,-0.648644778,0.234196616,0.139712260,-0.953631547,-0.127355022,10310,104618.808056416,0.011105459,1,-0.607933000,-0.832396000,-0.573559000,0.191159820,0.398710862,0.895326762,-0.053642902,1,-0.770598108,-0.841722868,-0.671483987,0.191159820,0.398710862,0.895326762,-0.053642902
15.104761958,104618.831593458,vr_world,10311,104618.827132333,0.004462083,1,-0.870336000,-0.771065000,-0.516746000,0.238732012,0.140566105,-0.951852729,-0.131242447,1,-0.758608940,-0.847340913,-0.651365824,0.238732012,0.140566105,-0.951852729,-0.131242447,10311,104618.827132333,0.004462083,1,-0.607664000,-0.832120000,-0.577809000,0.185512837,0.395323109,0.898058012,-0.052881313,1,-0.771310929,-0.842268405,-0.674000902,0.185512837,0.395323109,0.898058012,-0.052881313
15.117182333,104618.844013833,vr_world,10311,104618.827132333,0.016883333,1,-0.870336000,-0.771065000,-0.516746000,0.238732012,0.140566105,-0.951852729,-0.131242447,1,-0.758608940,-0.847340913,-0.651365824,0.238732012,0.140566105,-0.951852729,-0.131242447,10311,104618.827132333,0.016883333,1,-0.607664000,-0.832120000,-0.577809000,0.185512837,0.395323109,0.898058012,-0.052881313,1,-0.771310929,-0.842268405,-0.674000902,0.185512837,0.395323109,0.898058012,-0.052881313
15.127866000,104618.854697500,vr_world,10312,104618.846346000,0.008352875,1,-0.870489000,-0.771494000,-0.517402000,0.239520905,0.140286792,-0.951630749,-0.131712828,1,-0.759043519,-0.847743572,-0.652269844,0.239520905,0.140286792,-0.951630749,-0.131712828,10312,104618.846346000,0.008352875,1,-0.607422000,-0.832368000,-0.579511000,0.184163771,0.392553438,0.899708689,-0.050097686,1,-0.771102235,-0.843188808,-0.675572963,0.184163771,0.392553438,0.899708689,-0.050097686
15.140283666,104618.867115166,vr_world,10313,104618.865546958,0.001569500,1,-0.870455000,-0.772590000,-0.518578000,0.241643376,0.140447376,-0.950877477,-0.133097849,1,-0.759619975,-0.848480601,-0.654149596,0.241643376,0.140447376,-0.950877477,-0.133097849,10313,104618.865546958,0.001569500,1,-0.607256000,-0.831896000,-0.584169000,0.174395546,0.388306591,0.903569657,-0.048642162,1,-0.772551032,-0.843537704,-0.677325948,0.174395546,0.388306591,0.903569657,-0.048642162
15.152286083,104618.879117583,vr_world,10313,104618.865546958,0.013571000,1,-0.870455000,-0.772590000,-0.518578000,0.241643376,0.140447376,-0.950877477,-0.133097849,1,-0.759619975,-0.848480601,-0.654149596,0.241643376,0.140447376,-0.950877477,-0.133097849,10313,104618.865546958,0.013571000,1,-0.607256000,-0.831896000,-0.584169000,0.174395546,0.388306591,0.903569657,-0.048642162,1,-0.772551032,-0.843537704,-0.677325948,0.174395546,0.388306591,0.903569657,-0.048642162
15.164707458,104618.891538958,vr_world,10314,104618.885209750,0.006329666,1,-0.870023000,-0.772860000,-0.518901000,0.244261916,0.137246031,-0.950739726,-0.132640932,1,-0.760363454,-0.849739279,-0.654870777,0.244261916,0.137246031,-0.950739726,-0.132640932,10314,104618.885209750,0.006329666,1,-0.607491000,-0.831458000,-0.585913000,0.172482462,0.381409652,0.907051720,-0.045096054,1,-0.772820617,-0.845239085,-0.678716081,0.172482462,0.381409652,0.907051720,-0.045096054
15.177143583,104618.903975083,vr_world,10314,104618.885209750,0.018767875,1,-0.870023000,-0.772860000,-0.518901000,0.244261916,0.137246031,-0.950739726,-0.132640932,1,-0.760363454,-0.849739279,-0.654870777,0.244261916,0.137246031,-0.950739726,-0.132640932,10314,104618.885209750,0.018767875,1,-0.607491000,-0.831458000,-0.585913000,0.172482462,0.381409652,0.907051720,-0.045096054,1,-0.772820617,-0.845239085,-0.678716081,0.172482462,0.381409652,0.907051720,-0.045096054
15.189567333,104618.916398833,vr_world,10315,104618.904483541,0.011917417,1,-0.869630000,-0.773430000,-0.519500000,0.246396886,0.135848774,-0.950567957,-0.131355408,1,-0.760645855,-0.850963041,-0.655641586,0.246396886,0.135848774,-0.950567957,-0.131355408,10315,104618.904483541,0.011917417,1,-0.607645000,-0.831553000,-0.587469000,0.170907150,0.377466159,0.909258371,-0.039487458,1,-0.772795639,-0.846141628,-0.680467205,0.170907150,0.377466159,0.909258371,-0.039487458
15.201973416,104618.928804916,vr_world,10316,104618.923156666,0.005648584,1,-0.869281000,-0.774532000,-0.520188000,0.249017131,0.136057028,-0.949585072,-0.133293453,1,-0.761077200,-0.851566690,-0.657232010,0.249017131,0.136057028,-0.949585072,-0.133293453,10316,104618.923156666,0.005648584,1,-0.606592000,-0.831024000,-0.591284000,0.166750347,0.371823328,0.912456553,-0.036942842,1,-0.772202706,-0.847235698,-0.683188949,0.166750347,0.371823328,0.912456553,-0.036942842
15.212139750,104618.938971250,vr_world,10316,104618.923156666,0.015819750,1,-0.869281000,-0.774532000,-0.520188000,0.249017131,0.136057028,-0.949585072,-0.133293453,1,-0.761077200,-0.851566690,-0.657232010,0.249017131,0.136057028,-0.949585072,-0.133293453,10316,104618.923156666,0.015819750,1,-0.606592000,-0.831024000,-0.591284000,0.166750347,0.371823328,0.912456553,-0.036942842,1,-0.772202706,-0.847235698,-0.683188949,0.166750347,0.371823328,0.912456553,-0.036942842
15.223398125,104618.950229625,vr_world,10317,104618.943636875,0.006598333,1,-0.872283000,-0.773903000,-0.517205000,0.241402916,0.135190609,-0.952540301,-0.126945289,1,-0.761817479,-0.852601671,-0.651470825,0.241402916,0.135190609,-0.952540301,-0.126945289,10317,104618.943636875,0.006598333,1,-0.599917000,-0.830469000,-0.591575000,0.153694309,0.371234088,0.914371980,-0.049871778,1,-0.768608958,-0.847456407,-0.677543922,0.153694309,0.371234088,0.914371980,-0.049871778
15.235792625,104618.962624125,vr_world,10317,104618.943636875,0.018991000,1,-0.872283000,-0.773903000,-0.517205000,0.241402916,0.135190609,-0.952540301,-0.126945289,1,-0.761817479,-0.852601671,-0.651470825,0.241402916,0.135190609,-0.952540301,-0.126945289,10317,104618.943636875,0.018991000,1,-0.599917000,-0.830469000,-0.591575000,0.153694309,0.371234088,0.914371980,-0.049871778,1,-0.768608958,-0.847456407,-0.677543922,0.153694309,0.371234088,0.914371980,-0.049871778
15.245986791,104618.972818291,vr_world,10318,104618.963403833,0.009415500,1,-0.870192000,-0.775917000,-0.517677000,0.237231404,0.135122731,-0.953775551,-0.125599788,1,-0.758606675,-0.854950770,-0.650815310,0.237231404,0.135122731,-0.953775551,-0.125599788,10318,104618.963403833,0.009415500,1,-0.603252000,-0.830373000,-0.595010000,0.148020000,0.365458989,0.917717082,-0.048219947,1,-0.772627818,-0.849062628,-0.679264230,0.148020000,0.365458989,0.917717082,-0.048219947
15.257554583,104618.984386083,vr_world,10319,104618.983107916,0.001283834,1,-0.869947000,-0.775740000,-0.518457000,0.238290209,0.130231987,-0.953976369,-0.127226148,1,-0.759627407,-0.855811580,-0.652029329,0.238290209,0.130231987,-0.953976369,-0.127226148,10319,104618.983107916,0.001283834,1,-0.601505000,-0.829592000,-0.595277000,0.148399069,0.353991422,0.922336904,-0.044299275,1,-0.770258919,-0.852278839,-0.679797317,0.148399069,0.353991422,0.922336904,-0.044299275
15.269972625,104618.996804125,vr_world,10319,104618.983107916,0.013696625,1,-0.869947000,-0.775740000,-0.518457000,0.238290209,0.130231987,-0.953976369,-0.127226148,1,-0.759627407,-0.855811580,-0.652029329,0.238290209,0.130231987,-0.953976369,-0.127226148,10319,104618.983107916,0.013696625,1,-0.601505000,-0.829592000,-0.595277000,0.148399069,0.353991422,0.922336904,-0.044299275,1,-0.770258919,-0.852278839,-0.679797317,0.148399069,0.353991422,0.922336904,-0.044299275
15.282380791,104619.009212291,vr_world,10320,104619.002117333,0.007095875,1,-0.870752000,-0.776261000,-0.518927000,0.235309332,0.134037359,-0.954444746,-0.125294579,1,-0.758867532,-0.855683198,-0.651582304,0.235309332,0.134037359,-0.954444746,-0.125294579,10320,104619.002117333,0.007095875,1,-0.600935000,-0.829919000,-0.595799000,0.142646114,0.354488039,0.923083236,-0.043676718,1,-0.770571175,-0.852030259,-0.678689920,0.142646114,0.354488039,0.923083236,-0.043676718
15.294828000,104619.021659500,vr_world,10320,104619.002117333,0.019543792,1,-0.870752000,-0.776261000,-0.518927000,0.235309332,0.134037359,-0.954444746,-0.125294579,1,-0.758867532,-0.855683198,-0.651582304,0.235309332,0.134037359,-0.954444746,-0.125294579,10320,104619.002117333,0.019543792,1,-0.600935000,-0.829919000,-0.595799000,0.142646114,0.354488039,0.923083236,-0.043676718,1,-0.770571175,-0.852030259,-0.678689920,0.142646114,0.354488039,0.923083236,-0.043676718
15.307240750,104619.034072250,vr_world,10321,104619.022105208,0.011967625,1,-0.870426000,-0.776552000,-0.519414000,0.231584838,0.133684960,-0.955251113,-0.126459898,1,-0.757791378,-0.855862464,-0.651500227,0.231584838,0.133684960,-0.955251113,-0.126459898,10321,104619.022105208,0.011967625,1,-0.599366000,-0.829331000,-0.596044000,0.143532356,0.352260238,0.923671164,-0.046290049,1,-0.768962545,-0.852596968,-0.678699840,0.143532356,0.352260238,0.923671164,-0.046290049
15.319659958,104619.046491458,vr_world,10322,104619.042154375,0.004338000,1,-0.869819000,-0.776996000,-0.520368000,0.228144602,0.133221826,-0.956087493,-0.126880619,1,-0.756470126,-0.856381067,-0.651796712,0.228144602,0.133221826,-0.956087493,-0.126880619,10322,104619.042154375,0.004338000,1,-0.598391000,-0.830296000,-0.595742000,0.143794009,0.354330230,0.922879179,-0.045468573,1,-0.767958913,-0.852709340,-0.678691325,0.143794009,0.354330230,0.922879179,-0.045468573
15.332044708,104619.058876208,vr_world,10322,104619.042154375,0.016722541,1,-0.869819000,-0.776996000,-0.520368000,0.228144602,0.133221826,-0.956087493,-0.126880619,1,-0.756470126,-0.856381067,-0.651796712,0.228144602,0.133221826,-0.956087493,-0.126880619,10322,104619.042154375,0.016722541,1,-0.598391000,-0.830296000,-0.595742000,0.143794009,0.354330230,0.922879179,-0.045468573,1,-0.767958913,-0.852709340,-0.678691325,0.143794009,0.354330230,0.922879179,-0.045468573
15.344467875,104619.071299375,vr_world,10323,104619.061313625,0.009986291,1,-0.869189000,-0.777841000,-0.520779000,0.225757341,0.135259697,-0.956049878,-0.129255825,1,-0.755082826,-0.856169877,-0.652185966,0.225757341,0.135259697,-0.956049878,-0.129255825,10323,104619.061313625,0.009986291,1,-0.595873000,-0.830424000,-0.596104000,0.145768776,0.351984602,0.923539896,-0.043958668,1,-0.764957928,-0.853689351,-0.679801031,0.145768776,0.351984602,0.923539896,-0.043958668
15.356860833,104619.083692333,vr_world,10324,104619.080664583,0.003029833,1,-0.869130000,-0.778175000,-0.521452000,0.221136149,0.136122754,-0.957349017,-0.126697509,1,-0.753574069,-0.856828186,-0.651390243,0.221136149,0.136122754,-0.957349017,-0.126697509,10324,104619.080664583,0.003029833,1,-0.594450000,-0.831043000,-0.597279000,0.141171221,0.348975112,0.925386714,-0.044119005,1,-0.764163297,-0.855209370,-0.679435168,0.141171221,0.348975112,0.925386714,-0.044119005
15.368378583,104619.095210083,vr_world,10324,104619.080664583,0.014546458,1,-0.869130000,-0.778175000,-0.521452000,0.221136149,0.136122754,-0.957349017,-0.126697509,1,-0.753574069,-0.856828186,-0.651390243,0.221136149,0.136122754,-0.957349017,-0.126697509,10324,104619.080664583,0.014546458,1,-0.594450000,-0.831043000,-0.597279000,0.141171221,0.348975112,0.925386714,-0.044119005,1,-0.764163297,-0.855209370,-0.679435168,0.141171221,0.348975112,0.925386714,-0.044119005
15.378911541,104619.105743041,vr_world,10325,104619.100549000,0.005194583,1,-0.868244000,-0.778991000,-0.521638000,0.218637056,0.133593630,-0.958054679,-0.128381506,1,-0.752674791,-0.858046779,-0.651319881,0.218637056,0.133593630,-0.958054679,-0.128381506,10325,104619.100549000,0.005194583,1,-0.592554000,-0.831244000,-0.598050000,0.136876141,0.343503209,0.928224266,-0.040867819,1,-0.762520779,-0.856927905,-0.679215728,0.136876141,0.343503209,0.928224266,-0.040867819
15.391328125,104619.118159625,vr_world,10325,104619.100549000,0.017611291,1,-0.868244000,-0.778991000,-0.521638000,0.218637056,0.133593630,-0.958054679,-0.128381506,1,-0.752674791,-0.858046779,-0.651319881,0.218637056,0.133593630,-0.958054679,-0.128381506,10325,104619.100549000,0.017611291,1,-0.592554000,-0.831244000,-0.598050000,0.136876141,0.343503209,0.928224266,-0.040867819,1,-0.762520779,-0.856927905,-0.679215728,0.136876141,0.343503209,0.928224266,-0.040867819
15.403754291,104619.130585791,vr_world,10326,104619.120620583,0.009965875,1,-0.868170000,-0.779944000,-0.521894000,0.215958933,0.134224861,-0.958758732,-0.126992593,1,-0.751754274,-0.859129799,-0.650736696,0.215958933,0.134224861,-0.958758732,-0.126992593,10326,104619.120620583,0.009965875,1,-0.592494000,-0.830710000,-0.597576000,0.135136936,0.337773978,0.930705884,-0.037859031,1,-0.762301952,-0.858167414,-0.678493272,0.135136936,0.337773978,0.930705884,-0.037859031
15.414368166,104619.141199666,vr_world,10327,104619.140302291,0.000898125,1,-0.868277000,-0.780359000,-0.520844000,0.214853325,0.133141130,-0.959061262,-0.127722290,1,-0.751850489,-0.859717387,-0.649570782,0.214853325,0.133141130,-0.959061262,-0.127722290,10327,104619.140302291,0.000898125,1,-0.592390000,-0.829269000,-0.596966000,0.138435714,0.327048859,0.934190119,-0.034108910,1,-0.760940996,-0.860543404,-0.679116240,0.138435714,0.327048859,0.934190119,-0.034108910
15.426804416,104619.153635916,vr_world,10327,104619.140302291,0.013336834,1,-0.868277000,-0.780359000,-0.520844000,0.214853325,0.133141130,-0.959061262,-0.127722290,1,-0.751850489,-0.859717387,-0.649570782,0.214853325,0.133141130,-0.959061262,-0.127722290,10327,104619.140302291,0.013336834,1,-0.592390000,-0.829269000,-0.596966000,0.138435714,0.327048859,0.934190119,-0.034108910,1,-0.760940996,-0.860543404,-0.679116240,0.138435714,0.327048859,0.934190119,-0.034108910
15.437938916,104619.164770416,vr_world,10328,104619.159714541,0.005056250,1,-0.868378000,-0.780958000,-0.521225000,0.205439740,0.132155373,-0.961971742,-0.122228627,1,-0.749559548,-0.861804631,-0.646801375,0.205439740,0.132155373,-0.961971742,-0.122228627,10328,104619.159714541,0.005056250,1,-0.591297000,-0.828911000,-0.595923000,0.136777320,0.315571538,0.938622434,-0.026353304,1,-0.758981250,-0.863574386,-0.678486005,0.136777320,0.315571538,0.938622434,-0.026353304
15.450354708,104619.177186208,vr_world,10328,104619.159714541,0.017472292,1,-0.868378000,-0.780958000,-0.521225000,0.205439740,0.132155373,-0.961971742,-0.122228627,1,-0.749559548,-0.861804631,-0.646801375,0.205439740,0.132155373,-0.961971742,-0.122228627,10328,104619.159714541,0.017472292,1,-0.591297000,-0.828911000,-0.595923000,0.136777320,0.315571538,0.938622434,-0.026353304,1,-0.758981250,-0.863574386,-0.678486005,0.136777320,0.315571538,0.938622434,-0.026353304
15.462787625,104619.189619125,vr_world,10329,104619.179106166,0.010513500,1,-0.867175000,-0.781124000,-0.520813000,0.205603750,0.131615300,-0.962268386,-0.120183459,1,-0.748348828,-0.862534638,-0.646017224,0.205603750,0.131615300,-0.962268386,-0.120183459,10329,104619.179106166,0.010513500,1,-0.590223000,-0.828647000,-0.595184000,0.135859934,0.313684302,0.939509813,-0.021576569,1,-0.757642465,-0.863457131,-0.678221528,0.135859934,0.313684302,0.939509813,-0.021576569
15.475174583,104619.202006083,vr_world,10330,104619.198909500,0.003097125,1,-0.866295000,-0.781380000,-0.520885000,0.194533994,0.131362102,-0.965512630,-0.112631635,1,-0.744515552,-0.864439204,-0.642105237,0.194533994,0.131362102,-0.965512630,-0.112631635,10330,104619.198909500,0.003097125,1,-0.587384000,-0.827349000,-0.593712000,0.132015677,0.302762435,0.943770242,-0.014300299,1,-0.754249913,-0.865236207,-0.676516302,0.132015677,0.302762435,0.943770242,-0.014300299
15.487572666,104619.214404166,vr_world,10330,104619.198909500,0.015495125,1,-0.866295000,-0.781380000,-0.520885000,0.194533994,0.131362102,-0.965512630,-0.112631635,1,-0.744515552,-0.864439204,-0.642105237,0.194533994,0.131362102,-0.965512630,-0.112631635,10330,104619.198909500,0.015495125,1,-0.587384000,-0.827349000,-0.593712000,0.132015677,0.302762435,0.943770242,-0.014300299,1,-0.754249913,-0.865236207,-0.676516302,0.132015677,0.302762435,0.943770242,-0.014300299
15.498919458,104619.225750958,vr_world,10331,104619.219278416,0.006472959,1,-0.865123000,-0.782626000,-0.519935000,0.196985664,0.131713422,-0.964763005,-0.114370305,1,-0.743938682,-0.865226707,-0.642061834,0.196985664,0.131713422,-0.964763005,-0.114370305,10331,104619.219278416,0.006472959,1,-0.585088000,-0.825255000,-0.594452000,0.126987314,0.295086916,0.946870304,-0.015315378,1,-0.752239960,-0.865872935,-0.675363369,0.126987314,0.295086916,0.946870304,-0.015315378
15.511100541,104619.237932041,vr_world,10331,104619.219278416,0.018654167,1,-0.865123000,-0.782626000,-0.519935000,0.196985664,0.131713422,-0.964763005,-0.114370305,1,-0.743938682,-0.865226707,-0.642061834,0.196985664,0.131713422,-0.964763005,-0.114370305,10331,104619.219278416,0.018654167,1,-0.585088000,-0.825255000,-0.594452000,0.126987314,0.295086916,0.946870304,-0.015315378,1,-0.752239960,-0.865872935,-0.675363369,0.126987314,0.295086916,0.946870304,-0.015315378
15.523494375,104619.250325875,vr_world,10332,104619.238591125,0.011735333,1,-0.864949000,-0.782735000,-0.519989000,0.191236875,0.131874690,-0.966402428,-0.110017591,1,-0.742177552,-0.866172564,-0.639942070,0.191236875,0.131874690,-0.966402428,-0.110017591,10332,104619.238591125,0.011735333,1,-0.581257000,-0.824096000,-0.593957000,0.128105261,0.289067303,0.948487634,-0.020008617,1,-0.748039190,-0.867472014,-0.674196844,0.128105261,0.289067303,0.948487634,-0.020008617
15.535909416,104619.262740916,vr_world,10333,104619.257916083,0.004825250,1,-0.863417000,-0.783685000,-0.518664000,0.185268349,0.127728269,-0.968385938,-0.107655950,1,-0.739971018,-0.868820670,-0.636716650,0.185268349,0.127728269,-0.968385938,-0.107655950,10333,104619.257916083,0.004825250,1,-0.575067000,-0.822942000,-0.594918000,0.113612825,0.286912421,0.950792641,-0.027690130,1,-0.744246029,-0.867315135,-0.669387445,0.113612825,0.286912421,0.950792641,-0.027690130
15.548326708,104619.275158208,vr_world,10333,104619.257916083,0.017242708,1,-0.863417000,-0.783685000,-0.518664000,0.185268349,0.127728269,-0.968385938,-0.107655950,1,-0.739971018,-0.868820670,-0.636716650,0.185268349,0.127728269,-0.968385938,-0.107655950,10333,104619.257916083,0.017242708,1,-0.575067000,-0.822942000,-0.594918000,0.113612825,0.286912421,0.950792641,-0.027690130,1,-0.744246029,-0.867315135,-0.669387445,0.113612825,0.286912421,0.950792641,-0.027690130
15.560720041,104619.287551541,vr_world,10334,104619.277115833,0.010436125,1,-0.862762000,-0.784522000,-0.517961000,0.180677716,0.126500214,-0.969484272,-0.107021048,1,-0.738527276,-0.870168231,-0.634810911,0.180677716,0.126500214,-0.969484272,-0.107021048,10334,104619.277115833,0.010436125,1,-0.571983000,-0.822135000,-0.594732000,0.108361000,0.287965716,0.951066410,-0.028395845,1,-0.742028755,-0.865976782,-0.667523074,0.108361000,0.287965716,0.951066410,-0.028395845
15.573119708,104619.299951208,vr_world,10335,104619.296751666,0.003199959,1,-0.860828000,-0.787742000,-0.517570000,0.173685739,0.133048156,-0.969250665,-0.112625934,1,-0.734246215,-0.870474324,-0.633999717,0.173685739,0.133048156,-0.969250665,-0.112625934,10335,104619.296751666,0.003199959,1,-0.566998000,-0.820867000,-0.594163000,0.102686566,0.287926796,0.951750652,-0.026913290,1,-0.737750486,-0.864347445,-0.665501853,0.102686566,0.287926796,0.951750652,-0.026913290
15.585520583,104619.312352083,vr_world,10335,104619.296751666,0.015600792,1,-0.860828000,-0.787742000,-0.517570000,0.173685739,0.133048156,-0.969250665,-0.112625934,1,-0.734246215,-0.870474324,-0.633999717,0.173685739,0.133048156,-0.969250665,-0.112625934,10335,104619.296751666,0.015600792,1,-0.566998000,-0.820867000,-0.594163000,0.102686566,0.287926796,0.951750652,-0.026913290,1,-0.737750486,-0.864347445,-0.665501853,0.102686566,0.287926796,0.951750652,-0.026913290
15.597579250,104619.324410750,vr_world,10336,104619.315820458,0.008590708,1,-0.858322000,-0.788473000,-0.517328000,0.174176685,0.133029197,-0.968734778,-0.116269707,1,-0.732073170,-0.870515675,-0.634603864,0.174176685,0.133029197,-0.968734778,-0.116269707,10336,104619.315820458,0.008590708,1,-0.565015000,-0.819550000,-0.593924000,0.104002491,0.284657747,0.952623671,-0.025721407,1,-0.735254418,-0.864167485,-0.665785463,0.104002491,0.284657747,0.952623671,-0.025721407
15.609988916,104619.336820416,vr_world,10337,104619.335003833,0.001817042,1,-0.855800000,-0.788527000,-0.517192000,0.178929250,0.128009683,-0.968674708,-0.115183138,1,-0.731422267,-0.872201262,-0.635311463,0.178929250,0.128009683,-0.968674708,-0.115183138,10337,104619.335003833,0.001817042,1,-0.563765000,-0.817683000,-0.593406000,0.111032005,0.273764389,0.954988019,-0.026885603,1,-0.732115823,-0.866670333,-0.666853109,0.111032005,0.273764389,0.954988019,-0.026885603
15.621579208,104619.348410708,vr_world,10337,104619.335003833,0.013407250,1,-0.855800000,-0.788527000,-0.517192000,0.178929250,0.128009683,-0.968674708,-0.115183138,1,-0.731422267,-0.872201262,-0.635311463,0.178929250,0.128009683,-0.968674708,-0.115183138,10337,104619.335003833,0.013407250,1,-0.563765000,-0.817683000,-0.593406000,0.111032005,0.273764389,0.954988019,-0.026885603,1,-0.732115823,-0.866670333,-0.666853109,0.111032005,0.273764389,0.954988019,-0.026885603
15.633999291,104619.360830791,vr_world,10338,104619.353548833,0.007282375,1,-0.852155000,-0.790048000,-0.517534000,0.182822061,0.131975666,-0.967502173,-0.114446766,1,-0.727829833,-0.872672232,-0.636445480,0.182822061,0.131975666,-0.967502173,-0.114446766,10338,104619.353548833,0.007282375,1,-0.559984000,-0.816118000,-0.592722000,0.117609425,0.260665098,0.957822945,-0.028230041,1,-0.726184512,-0.870221187,-0.667464341,0.117609425,0.260665098,0.957822945,-0.028230041
15.645576166,104619.372407666,vr_world,10338,104619.353548833,0.018859292,1,-0.852155000,-0.790048000,-0.517534000,0.182822061,0.131975666,-0.967502173,-0.114446766,1,-0.727829833,-0.872672232,-0.636445480,0.182822061,0.131975666,-0.967502173,-0.114446766,10338,104619.353548833,0.018859292,1,-0.559984000,-0.816118000,-0.592722000,0.117609425,0.260665098,0.957822945,-0.028230041,1,-0.726184512,-0.870221187,-0.667464341,0.117609425,0.260665098,0.957822945,-0.028230041
15.656242333,104619.383073833,vr_world,10339,104619.373056333,0.010017833,1,-0.849401000,-0.790508000,-0.518074000,0.185873502,0.132590547,-0.967227518,-0.111093282,1,-0.725403954,-0.873569782,-0.637023252,0.185873502,0.132590547,-0.967227518,-0.111093282,10339,104619.373056333,0.010017833,1,-0.557503000,-0.816859000,-0.592385000,0.119263159,0.261399691,0.957510715,-0.024894396,1,-0.723362646,-0.870419278,-0.668267054,0.119263159,0.261399691,0.957510715,-0.024894396
15.668644458,104619.395475958,vr_world,10340,104619.391976291,0.003500375,1,-0.844891000,-0.792335000,-0.518023000,0.192463358,0.133927651,-0.965577534,-0.112611129,1,-0.722183771,-0.874666719,-0.638803157,0.192463358,0.133927651,-0.965577534,-0.112611129,10340,104619.391976291,0.003500375,1,-0.553182000,-0.816508000,-0.591749000,0.117526328,0.259791526,0.958329905,-0.017312409,1,-0.718734589,-0.869783609,-0.668496953,0.117526328,0.259791526,0.958329905,-0.017312409
15.680240625,104619.407072125,vr_world,10340,104619.391976291,0.015096375,1,-0.844891000,-0.792335000,-0.518023000,0.192463358,0.133927651,-0.965577534,-0.112611129,1,-0.722183771,-0.874666719,-0.638803157,0.192463358,0.133927651,-0.965577534,-0.112611129,10340,104619.391976291,0.015096375,1,-0.553182000,-0.816508000,-0.591749000,0.117526328,0.259791526,0.958329905,-0.017312409,1,-0.718734589,-0.869783609,-0.668496953,0.117526328,0.259791526,0.958329905,-0.017312409
15.690889625,104619.417721125,vr_world,10341,104619.410560916,0.007160709,1,-0.843246000,-0.793208000,-0.517470000,0.193664088,0.134999473,-0.964955518,-0.114587135,1,-0.720740266,-0.874835433,-0.638930870,0.193664088,0.134999473,-0.964955518,-0.114587135,10341,104619.410560916,0.007160709,1,-0.551453000,-0.815779000,-0.591072000,0.117447263,0.261033377,0.958085065,-0.011862748,1,-0.716855720,-0.868019208,-0.668848289,0.117447263,0.261033377,0.958085065,-0.011862748
15.701579083,104619.428410583,vr_world,10341,104619.410560916,0.017850209,1,-0.843246000,-0.793208000,-0.517470000,0.193664088,0.134999473,-0.964955518,-0.114587135,1,-0.720740266,-0.874835433,-0.638930870,0.193664088,0.134999473,-0.964955518,-0.114587135,10341,104619.410560916,0.017850209,1,-0.551453000,-0.815779000,-0.591072000,0.117447263,0.261033377,0.958085065,-0.011862748,1,-0.716855720,-0.868019208,-0.668848289,0.117447263,0.261033377,0.958085065,-0.011862748
15.713973750,104619.440805250,vr_world,10342,104619.429833291,0.010972417,1,-0.841346000,-0.794088000,-0.517266000,0.192605674,0.134870241,-0.965017972,-0.115988733,1,-0.718724433,-0.875488762,-0.638762154,0.192605674,0.134870241,-0.965017972,-0.115988733,10342,104619.429833291,0.010972417,1,-0.549129000,-0.814012000,-0.590624000,0.119540985,0.258226553,0.958599940,-0.010731039,1,-0.713872307,-0.867203052,-0.669151714,0.119540985,0.258226553,0.958599940,-0.010731039
15.726392708,104619.453224208,vr_world,10343,104619.448699083,0.004525625,1,-0.837717000,-0.795664000,-0.516581000,0.194671913,0.134363288,-0.964132359,-0.120408254,1,-0.715943345,-0.876329574,-0.639413082,0.194671913,0.134363288,-0.964132359,-0.120408254,10343,104619.448699083,0.004525625,1,-0.544373000,-0.810855000,-0.590007000,0.119141285,0.248671701,0.961149070,-0.012657198,1,-0.708263515,-0.867642201,-0.667797127,0.119141285,0.248671701,0.961149070,-0.012657198
15.738804250,104619.465635750,vr_world,10343,104619.448699083,0.016937292,1,-0.837717000,-0.795664000,-0.516581000,0.194671913,0.134363288,-0.964132359,-0.120408254,1,-0.715943345,-0.876329574,-0.639413082,0.194671913,0.134363288,-0.964132359,-0.120408254,10343,104619.448699083,0.016937292,1,-0.544373000,-0.810855000,-0.590007000,0.119141285,0.248671701,0.961149070,-0.012657198,1,-0.708263515,-0.867642201,-0.667797127,0.119141285,0.248671701,0.961149070,-0.012657198
15.751207958,104619.478039458,vr_world,10344,104619.467499708,0.010540250,1,-0.836718000,-0.796269000,-0.516035000,0.189625623,0.138948518,-0.964281332,-0.122053039,1,-0.713110087,-0.875313663,-0.638086080,0.189625623,0.138948518,-0.964281332,-0.122053039,10344,104619.467499708,0.010540250,1,-0.541426000,-0.809370000,-0.589540000,0.115830079,0.246325881,0.962090267,-0.017007992,1,-0.705772679,-0.867347719,-0.665467655,0.115830079,0.246325881,0.962090267,-0.017007992
15.762913958,104619.489745458,vr_world,10345,104619.486839750,0.002906291,1,-0.835162000,-0.796293000,-0.515528000,0.188187774,0.138099630,-0.964709244,-0.121860282,1,-0.711376130,-0.875637865,-0.637203419,0.188187774,0.138099630,-0.964709244,-0.121860282,10345,104619.486839750,0.002906291,1,-0.538829000,-0.808073000,-0.587936000,0.113961113,0.247348497,0.962060731,-0.016454057,1,-0.703534829,-0.865566879,-0.663452063,0.113961113,0.247348497,0.962060731,-0.016454057
15.773610958,104619.500442458,vr_world,10345,104619.486839750,0.013603041,1,-0.835162000,-0.796293000,-0.515528000,0.188187774,0.138099630,-0.964709244,-0.121860282,1,-0.711376130,-0.875637865,-0.637203419,0.188187774,0.138099630,-0.964709244,-0.121860282,10345,104619.486839750,0.013603041,1,-0.538829000,-0.808073000,-0.587936000,0.113961113,0.247348497,0.962060731,-0.016454057,1,-0.703534829,-0.865566879,-0.663452063,0.113961113,0.247348497,0.962060731,-0.016454057
15.786026875,104619.512858375,vr_world,10346,104619.505864916,0.006993750,1,-0.832668000,-0.796444000,-0.514148000,0.189811675,0.136742127,-0.964479645,-0.122687139,1,-0.709539357,-0.876009573,-0.636344926,0.189811675,0.136742127,-0.964479645,-0.122687139,10346,104619.505864916,0.006993750,1,-0.533874000,-0.804445000,-0.585186000,0.110726020,0.245287985,0.963010123,-0.013603547,1,-0.698676678,-0.862258446,-0.660245173,0.110726020,0.245287985,0.963010123,-0.013603547
15.798437541,104619.525269041,vr_world,10346,104619.505864916,0.019404417,1,-0.832668000,-0.796444000,-0.514148000,0.189811675,0.136742127,-0.964479645,-0.122687139,1,-0.709539357,-0.876009573,-0.636344926,0.189811675,0.136742127,-0.964479645,-0.122687139,10346,104619.505864916,0.019404417,1,-0.533874000,-0.804445000,-0.585186000,0.110726020,0.245287985,0.963010123,-0.013603547,1,-0.698676678,-0.862258446,-0.660245173,0.110726020,0.245287985,0.963010123,-0.013603547
15.810855333,104619.537686833,vr_world,10347,104619.525701708,0.011985667,1,-0.832508000,-0.795186000,-0.513093000,0.189063368,0.133339782,-0.965668549,-0.118151596,1,-0.709530210,-0.876641928,-0.634191386,0.189063368,0.133339782,-0.965668549,-0.118151596,10347,104619.525701708,0.011985667,1,-0.531060000,-0.801557000,-0.583858000,0.108477821,0.244254649,0.963505444,-0.015148898,1,-0.696146247,-0.859828130,-0.657933914,0.108477821,0.244254649,0.963505444,-0.015148898
15.822671208,104619.549502708,vr_world,10348,104619.544771583,0.004731542,1,-0.831538000,-0.794002000,-0.511631000,0.183857986,0.130890483,-0.967593285,-0.113257040,1,-0.707559775,-0.877162296,-0.630530971,0.183857986,0.130890483,-0.967593285,-0.113257040,10348,104619.544771583,0.004731542,1,-0.526378000,-0.796309000,-0.581435000,0.106885223,0.241741453,0.964230469,-0.019905327,1,-0.691634169,-0.855913728,-0.654056544,0.106885223,0.241741453,0.964230469,-0.019905327
15.835061083,104619.561892583,vr_world,10348,104619.544771583,0.017121667,1,-0.831538000,-0.794002000,-0.511631000,0.183857986,0.130890483,-0.967593285,-0.113257040,1,-0.707559775,-0.877162296,-0.630530971,0.183857986,0.130890483,-0.967593285,-0.113257040,10348,104619.544771583,0.017121667,1,-0.526378000,-0.796309000,-0.581435000,0.106885223,0.241741453,0.964230469,-0.019905327,1,-0.691634169,-0.855913728,-0.654056544,0.106885223,0.241741453,0.964230469,-0.019905327
15.847464750,104619.574296250,vr_world,10349,104619.563442208,0.010854417,1,-0.831512000,-0.792765000,-0.510026000,0.182568418,0.127645445,-0.968692860,-0.109588125,1,-0.707626629,-0.877579415,-0.627849685,0.182568418,0.127645445,-0.968692860,-0.109588125,10349,104619.563442208,0.010854417,1,-0.523492000,-0.793716000,-0.579559000,0.108306205,0.241209115,0.964072255,-0.025546360,1,-0.688758376,-0.854132398,-0.651483447,0.108306205,0.241209115,0.964072255,-0.025546360
15.857555583,104619.584387083,vr_world,10350,104619.582949666,0.001437875,1,-0.832048000,-0.791727000,-0.508203000,0.180155395,0.126811619,-0.969597528,-0.106505774,1,-0.707611655,-0.877383338,-0.624830690,0.180155395,0.126811619,-0.969597528,-0.106505774,10350,104619.582949666,0.001437875,1,-0.520889000,-0.791186000,-0.577441000,0.107604511,0.243014986,0.963642142,-0.027546465,1,-0.686558377,-0.851139860,-0.648823132,0.107604511,0.243014986,0.963642142,-0.027546465
15.869578166,104619.596409666,vr_world,10350,104619.582949666,0.013463709,1,-0.832048000,-0.791727000,-0.508203000,0.180155395,0.126811619,-0.969597528,-0.106505774,1,-0.707611655,-0.877383338,-0.624830690,0.180155395,0.126811619,-0.969597528,-0.106505774,10350,104619.582949666,0.013463709,1,-0.520889000,-0.791186000,-0.577441000,0.107604511,0.243014986,0.963642142,-0.027546465,1,-0.686558377,-0.851139860,-0.648823132,0.107604511,0.243014986,0.963642142,-0.027546465
15.881993375,104619.608824875,vr_world,10351,104619.602017750,0.006811375,1,-0.832481000,-0.789886000,-0.505559000,0.171274334,0.124620782,-0.972107114,-0.100710094,1,-0.706250705,-0.877315527,-0.618896696,0.171274334,0.124620782,-0.972107114,-0.100710094,10351,104619.602017750,0.006811375,1,-0.516016000,-0.786410000,-0.573942000,0.106448031,0.245722509,0.963018937,-0.029728656,1,-0.682259634,-0.845579047,-0.644640858,0.106448031,0.245722509,0.963018937,-0.029728656
15.893588083,104619.620419583,vr_world,10351,104619.602017750,0.018402208,1,-0.832481000,-0.789886000,-0.505559000,0.171274334,0.124620782,-0.972107114,-0.100710094,1,-0.706250705,-0.877315527,-0.618896696,0.171274334,0.124620782,-0.972107114,-0.100710094,10351,104619.602017750,0.018402208,1,-0.516016000,-0.786410000,-0.573942000,0.106448031,0.245722509,0.963018937,-0.029728656,1,-0.682259634,-0.845579047,-0.644640858,0.106448031,0.245722509,0.963018937,-0.029728656
15.905409000,104619.632240500,vr_world,10352,104619.621536583,0.010704333,1,-0.832767000,-0.788204000,-0.502787000,0.166844850,0.123325422,-0.973404596,-0.097144883,1,-0.705668887,-0.876686388,-0.614323373,0.166844850,0.123325422,-0.973404596,-0.097144883,10352,104619.621536583,0.010704333,1,-0.513440000,-0.783679000,-0.572057000,0.107808775,0.247815710,0.962298861,-0.030749692,1,-0.679780015,-0.842254238,-0.643022933,0.107808775,0.247815710,0.962298861,-0.030749692
15.915893500,104619.642725000,vr_world,10353,104619.639826375,0.002899000,1,-0.832615000,-0.786368000,-0.500551000,0.164274898,0.117404007,-0.975066782,-0.092058821,1,-0.705854804,-0.877493697,-0.610329988,0.164274898,0.117404007,-0.975066782,-0.092058821,10353,104619.639826375,0.002899000,1,-0.510734000,-0.780445000,-0.570013000,0.111445756,0.245682736,0.962311094,-0.034310262,1,-0.676500113,-0.840260775,-0.641286540,0.111445756,0.245682736,0.962311094,-0.034310262
15.928306833,104619.655138333,vr_world,10353,104619.639826375,0.015312541,1,-0.832615000,-0.786368000,-0.500551000,0.164274898,0.117404007,-0.975066782,-0.092058821,1,-0.705854804,-0.877493697,-0.610329988,0.164274898,0.117404007,-0.975066782,-0.092058821,10353,104619.639826375,0.015312541,1,-0.510734000,-0.780445000,-0.570013000,0.111445756,0.245682736,0.962311094,-0.034310262,1,-0.676500113,-0.840260775,-0.641286540,0.111445756,0.245682736,0.962311094,-0.034310262
15.939424166,104619.666255666,vr_world,10354,104619.658874583,0.007381542,1,-0.832515000,-0.783778000,-0.495650000,0.159926988,0.110275050,-0.977242798,-0.085201445,1,-0.705927497,-0.878183060,-0.602826244,0.159926988,0.110275050,-0.977242798,-0.085201445,10354,104619.658874583,0.007381542,1,-0.505198000,-0.774770000,-0.566252000,0.115994632,0.239481331,0.963018683,-0.042296012,1,-0.669998339,-0.837718853,-0.637065099,0.115994632,0.239481331,0.963018683,-0.042296012
15.950907083,104619.677738583,vr_world,10354,104619.658874583,0.018864458,1,-0.832515000,-0.783778000,-0.495650000,0.159926988,0.110275050,-0.977242798,-0.085201445,1,-0.705927497,-0.878183060,-0.602826244,0.159926988,0.110275050,-0.977242798,-0.085201445,10354,104619.658874583,0.018864458,1,-0.505198000,-0.774770000,-0.566252000,0.115994632,0.239481331,0.963018683,-0.042296012,1,-0.669998339,-0.837718853,-0.637065099,0.115994632,0.239481331,0.963018683,-0.042296012
15.963304500,104619.690136000,vr_world,10355,104619.678219541,0.011917000,1,-0.832563000,-0.782009000,-0.492381000,0.156204108,0.110167290,-0.978119202,-0.082135688,1,-0.705106940,-0.876991234,-0.598006689,0.156204108,0.110167290,-0.978119202,-0.082135688,10355,104619.678219541,0.011917000,1,-0.501519000,-0.772342000,-0.563997000,0.114538147,0.236636859,0.963783669,-0.044777785,1,-0.666302554,-0.836467808,-0.633785781,0.114538147,0.236636859,0.963783669,-0.044777785
15.973578791,104619.700410291,vr_world,10356,104619.696818375,0.003592416,1,-0.832097000,-0.779763000,-0.488964000,0.152887461,0.109035823,-0.979102515,-0.078069709,1,-0.704017393,-0.875773864,-0.592891765,0.152887461,0.109035823,-0.979102515,-0.078069709,10356,104619.696818375,0.003592416,1,-0.497627000,-0.770362000,-0.561842000,0.109636332,0.238385071,0.963902584,-0.045213280,1,-0.663313994,-0.833720679,-0.630177482,0.109636332,0.238385071,0.963902584,-0.045213280
15.984268583,104619.711100083,vr_world,10356,104619.696818375,0.014282416,1,-0.832097000,-0.779763000,-0.488964000,0.152887461,0.109035823,-0.979102515,-0.078069709,1,-0.704017393,-0.875773864,-0.592891765,0.152887461,0.109035823,-0.979102515,-0.078069709,10356,104619.696818375,0.014282416,1,-0.497627000,-0.770362000,-0.561842000,0.109636332,0.238385071,0.963902584,-0.045213280,1,-0.663313994,-0.833720679,-0.630177482,0.109636332,0.238385071,0.963902584,-0.045213280
15.996673083,104619.723504583,vr_world,10357,104619.715593625,0.007911500,1,-0.831299000,-0.775351000,-0.482654000,0.146310114,0.104350143,-0.981292398,-0.069062495,1,-0.702482282,-0.874215722,-0.582931049,0.146310114,0.104350143,-0.981292398,-0.069062495,10357,104619.715593625,0.007911500,1,-0.491192000,-0.765645000,-0.557565000,0.105024009,0.237417073,0.964465093,-0.049093530,1,-0.657560429,-0.829513530,-0.623735727,0.105024009,0.237417073,0.964465093,-0.049093530
16.007217958,104619.734049458,vr_world,10357,104619.715593625,0.018456541,1,-0.831299000,-0.775351000,-0.482654000,0.146310114,0.104350143,-0.981292398,-0.069062495,1,-0.702482282,-0.874215722,-0.582931049,0.146310114,0.104350143,-0.981292398,-0.069062495,10357,104619.715593625,0.018456541,1,-0.491192000,-0.765645000,-0.557565000,0.105024009,0.237417073,0.964465093,-0.049093530,1,-0.657560429,-0.829513530,-0.623735727,0.105024009,0.237417073,0.964465093,-0.049093530
16.019621708,104619.746453208,vr_world,10358,104619.735165541,0.011288167,1,-0.830266000,-0.772455000,-0.478734000,0.141897276,0.102980760,-0.982385000,-0.064651667,1,-0.700707679,-0.872430779,-0.576932466,0.141897276,0.102980760,-0.982385000,-0.064651667,10358,104619.735165541,0.011288167,1,-0.487420000,-0.762706000,-0.554781000,0.104757364,0.231169681,0.965841281,-0.052317233,1,-0.653200796,-0.829045163,-0.619988988,0.104757364,0.231169681,0.965841281,-0.052317233
16.032037250,104619.758868750,vr_world,10359,104619.754401041,0.004468209,1,-0.828220000,-0.767150000,-0.471659000,0.133771449,0.102622758,-0.984070269,-0.056386830,1,-0.696894506,-0.868526856,-0.565997675,0.133771449,0.102622758,-0.984070269,-0.056386830,10359,104619.754401041,0.004468209,1,-0.480321000,-0.758184000,-0.549488000,0.101767651,0.223182653,0.967814700,-0.056281035,1,-0.645639391,-0.827536281,-0.612704387,0.101767651,0.223182653,0.967814700,-0.056281035
16.044455750,104619.771287250,vr_world,10359,104619.754401041,0.016886584,1,-0.828220000,-0.767150000,-0.471659000,0.133771449,0.102622758,-0.984070269,-0.056386830,1,-0.696894506,-0.868526856,-0.565997675,0.133771449,0.102622758,-0.984070269,-0.056386830,10359,104619.754401041,0.016886584,1,-0.480321000,-0.758184000,-0.549488000,0.101767651,0.223182653,0.967814700,-0.056281035,1,-0.645639391,-0.827536281,-0.612704387,0.101767651,0.223182653,0.967814700,-0.056281035
16.056800208,104619.783631708,vr_world,10360,104619.774035833,0.009596333,1,-0.825667000,-0.763089000,-0.467274000,0.129751359,0.104048452,-0.984781556,-0.050436006,1,-0.693071733,-0.864950972,-0.559285404,0.129751359,0.104048452,-0.984781556,-0.050436006,10360,104619.774035833,0.009596333,1,-0.476009000,-0.756019000,-0.545621000,0.098529150,0.220218679,0.968895773,-0.055106456,1,-0.641297903,-0.826175328,-0.608022205,0.098529150,0.220218679,0.968895773,-0.055106456
16.068044791,104619.794876291,vr_world,10361,104619.792679458,0.002197250,1,-0.822904000,-0.758856000,-0.462993000,0.128881359,0.104841839,-0.985086114,-0.044756362,1,-0.689735176,-0.861322851,-0.553491986,0.128881359,0.104841839,-0.985086114,-0.044756362,10361,104619.792679458,0.002197250,1,-0.471586000,-0.753299000,-0.541794000,0.094680626,0.217130214,0.969931853,-0.055877099,1,-0.636975166,-0.824443115,-0.602795304,0.094680626,0.217130214,0.969931853,-0.055877099
16.079810958,104619.806642458,vr_world,10361,104619.792679458,0.013963542,1,-0.822904000,-0.758856000,-0.462993000,0.128881359,0.104841839,-0.985086114,-0.044756362,1,-0.689735176,-0.861322851,-0.553491986,0.128881359,0.104841839,-0.985086114,-0.044756362,10361,104619.792679458,0.013963542,1,-0.471586000,-0.753299000,-0.541794000,0.094680626,0.217130214,0.969931853,-0.055877099,1,-0.636975166,-0.824443115,-0.602795304,0.094680626,0.217130214,0.969931853,-0.055877099
16.090889000,104619.817720500,vr_world,10362,104619.812113833,0.005607083,1,-0.818125000,-0.751605000,-0.455716000,0.125569498,0.104673280,-0.986003573,-0.032753018,1,-0.683899684,-0.855815047,-0.542591152,0.125569498,0.104673280,-0.986003573,-0.032753018,10362,104619.812113833,0.005607083,1,-0.463629000,-0.748061000,-0.535196000,0.089307095,0.210743788,0.971518761,-0.061340002,1,-0.629011990,-0.821651112,-0.593240351,0.089307095,0.210743788,0.971518761,-0.061340002
16.101576083,104619.828407583,vr_world,10362,104619.812113833,0.016294000,1,-0.818125000,-0.751605000,-0.455716000,0.125569498,0.104673280,-0.986003573,-0.032753018,1,-0.683899684,-0.855815047,-0.542591152,0.125569498,0.104673280,-0.986003573,-0.032753018,10362,104619.812113833,0.016294000,1,-0.463629000,-0.748061000,-0.535196000,0.089307095,0.210743788,0.971518761,-0.061340002,1,-0.629011990,-0.821651112,-0.593240351,0.089307095,0.210743788,0.971518761,-0.061340002
16.112243666,104619.839075166,vr_world,10363,104619.831330750,0.007744708,1,-0.814113000,-0.747127000,-0.451543000,0.126480143,0.104281002,-0.986119103,-0.026407583,1,-0.679838122,-0.852326802,-0.537139162,0.126480143,0.104281002,-0.986119103,-0.026407583,10363,104619.831330750,0.007744708,1,-0.458990000,-0.744551000,-0.530923000,0.088323109,0.204106807,0.972675593,-0.066645562,1,-0.623746142,-0.820799816,-0.587294609,0.088323109,0.204106807,0.972675593,-0.066645562
16.124666083,104619.851497583,vr_world,10364,104619.850146000,0.001352125,1,-0.809968000,-0.742479000,-0.447460000,0.127080040,0.103916550,-0.986207058,-0.021157800,1,-0.675634697,-0.848494704,-0.531950725,0.127080040,0.103916550,-0.986207058,-0.021157800,10364,104619.850146000,0.001352125,1,-0.453832000,-0.741457000,-0.526438000,0.086278188,0.199961032,0.973557087,-0.068980129,1,-0.618306431,-0.819220851,-0.581548467,0.086278188,0.199961032,0.973557087,-0.068980129
16.136959916,104619.863791416,vr_world,10364,104619.850146000,0.013646083,1,-0.809968000,-0.742479000,-0.447460000,0.127080040,0.103916550,-0.986207058,-0.021157800,1,-0.675634697,-0.848494704,-0.531950725,0.127080040,0.103916550,-0.986207058,-0.021157800,10364,104619.850146000,0.013646083,1,-0.453832000,-0.741457000,-0.526438000,0.086278188,0.199961032,0.973557087,-0.068980129,1,-0.618306431,-0.819220851,-0.581548467,0.086278188,0.199961032,0.973557087,-0.068980129
16.149320291,104619.876151791,vr_world,10365,104619.869339958,0.006812292,1,-0.802447000,-0.734077000,-0.440040000,0.124707462,0.105429515,-0.986528751,-0.009679345,1,-0.666905408,-0.841122942,-0.521237639,0.124707462,0.105429515,-0.986528751,-0.009679345,10365,104619.869339958,0.006812292,1,-0.444192000,-0.735119000,-0.517979000,0.082031911,0.193255694,0.974980440,-0.073048910,1,-0.608288833,-0.815297171,-0.570703973,0.082031911,0.193255694,0.974980440,-0.073048910
16.161733958,104619.888565458,vr_world,10366,104619.888226458,0.000339417,1,-0.797483000,-0.729305000,-0.436165000,0.122838753,0.106111001,-0.986728351,-0.004272857,1,-0.661268021,-0.836807626,-0.515613900,0.122838753,0.106111001,-0.986728351,-0.004272857,10366,104619.888226458,0.000339417,1,-0.438640000,-0.730311000,-0.513415000,0.080166539,0.184983104,0.976479827,-0.076431183,1,-0.601771944,-0.813452069,-0.564520271,0.080166539,0.184983104,0.976479827,-0.076431183
16.174153041,104619.900984541,vr_world,10366,104619.888226458,0.012758625,1,-0.797483000,-0.729305000,-0.436165000,0.122838753,0.106111001,-0.986728351,-0.004272857,1,-0.661268021,-0.836807626,-0.515613900,0.122838753,0.106111001,-0.986728351,-0.004272857,10366,104619.888226458,0.012758625,1,-0.438640000,-0.730311000,-0.513415000,0.080166539,0.184983104,0.976479827,-0.076431183,1,-0.601771944,-0.813452069,-0.564520271,0.080166539,0.184983104,0.976479827,-0.076431183
16.186565041,104619.913396541,vr_world,10367,104619.907669083,0.005727750,1,-0.788212000,-0.720618000,-0.429229000,0.117897832,0.108146228,-0.987094125,0.007048670,1,-0.650326631,-0.828816791,-0.504754294,0.117897832,0.108146228,-0.987094125,0.007048670,10367,104619.907669083,0.005727750,1,-0.427666000,-0.721722000,-0.505184000,0.075402147,0.170333870,0.978771747,-0.085479572,1,-0.589206620,-0.810171368,-0.552275182,0.075402147,0.170333870,0.978771747,-0.085479572
16.198974541,104619.925806041,vr_world,10367,104619.907669083,0.018137250,1,-0.788212000,-0.720618000,-0.429229000,0.117897832,0.108146228,-0.987094125,0.007048670,1,-0.650326631,-0.828816791,-0.504754294,0.117897832,0.108146228,-0.987094125,0.007048670,10367,104619.907669083,0.018137250,1,-0.427666000,-0.721722000,-0.505184000,0.075402147,0.170333870,0.978771747,-0.085479572,1,-0.589206620,-0.810171368,-0.552275182,0.075402147,0.170333870,0.978771747,-0.085479572
16.210911041,104619.937742541,vr_world,10368,104619.927218083,0.010525042,1,-0.781531000,-0.715763000,-0.425891000,0.113363356,0.108729207,-0.987506098,0.012586364,1,-0.642621535,-0.824353937,-0.498936066,0.113363356,0.108729207,-0.987506098,0.012586364,10368,104619.927218083,0.010525042,1,-0.420696000,-0.716230000,-0.501046000,0.072361676,0.161309075,0.980014726,-0.091182824,1,-0.581172580,-0.807886608,-0.545571722,0.072361676,0.161309075,0.980014726,-0.091182824
16.223218291,104619.950049791,vr_world,10369,104619.947132333,0.002917875,1,-0.774371000,-0.710869000,-0.422438000,0.110661682,0.106451944,-0.988006808,0.016264161,1,-0.635410238,-0.820493179,-0.493823506,0.110661682,0.106451944,-0.988006808,0.016264161,10369,104619.947132333,0.002917875,1,-0.413561000,-0.710889000,-0.496558000,0.070221653,0.152606496,0.981239432,-0.094601026,1,-0.572802610,-0.805501634,-0.539298647,0.070221653,0.152606496,0.981239432,-0.094601026
16.234667833,104619.961499333,vr_world,10369,104619.947132333,0.014367333,1,-0.774371000,-0.710869000,-0.422438000,0.110661682,0.106451944,-0.988006808,0.016264161,1,-0.635410238,-0.820493179,-0.493823506,0.110661682,0.106451944,-0.988006808,0.016264161,10369,104619.947132333,0.014367333,1,-0.413561000,-0.710889000,-0.496558000,0.070221653,0.152606496,0.981239432,-0.094601026,1,-0.572802610,-0.805501634,-0.539298647,0.070221653,0.152606496,0.981239432,-0.094601026
16.245436958,104619.972268458,vr_world,10370,104619.966549125,0.005719875,1,-0.761762000,-0.702283000,-0.416217000,0.106141617,0.101596280,-0.988815683,0.025606591,1,-0.622854753,-0.814247047,-0.483983288,0.106141617,0.101596280,-0.988815683,0.025606591,10370,104619.966549125,0.005719875,1,-0.400031000,-0.701198000,-0.488384000,0.064806265,0.140190010,0.982937240,-0.099906416,1,-0.557647629,-0.799891417,-0.527790065,0.064806265,0.140190010,0.982937240,-0.099906416
16.257851416,104619.984682916,vr_world,10370,104619.966549125,0.018134250,1,-0.761762000,-0.702283000,-0.416217000,0.106141617,0.101596280,-0.988815683,0.025606591,1,-0.622854753,-0.814247047,-0.483983288,0.106141617,0.101596280,-0.988815683,0.025606591,10370,104619.966549125,0.018134250,1,-0.400031000,-0.701198000,-0.488384000,0.064806265,0.140190010,0.982937240,-0.099906416,1,-0.557647629,-0.799891417,-0.527790065,0.064806265,0.140190010,0.982937240,-0.099906416
16.269581666,104619.996413166,vr_world,10371,104619.985633458,0.010780208,1,-0.754255000,-0.698265000,-0.413164000,0.103194712,0.100204099,-0.989178553,0.028909870,1,-0.615124450,-0.810919432,-0.479308623,0.103194712,0.100204099,-0.989178553,0.028909870,10371,104619.985633458,0.010780208,1,-0.392385000,-0.695111000,-0.484446000,0.060131734,0.132211434,0.984230264,-0.100970779,1,-0.548938053,-0.796216789,-0.521929132,0.060131734,0.132211434,0.984230264,-0.100970779
16.281929666,104620.008761166,vr_world,10372,104620.004111458,0.004650125,1,-0.739604000,-0.690442000,-0.407179000,0.098909573,0.099278689,-0.989524975,0.034654908,1,-0.599893551,-0.803854163,-0.470756688,0.098909573,0.099278689,-0.989524975,0.034654908,10372,104620.004111458,0.004650125,1,-0.378253000,-0.683648000,-0.477356000,0.050061311,0.114126298,0.986840927,-0.103024458,1,-0.532137508,-0.790141162,-0.510747200,0.050061311,0.114126298,0.986840927,-0.103024458
16.293578416,104620.020409916,vr_world,10372,104620.004111458,0.016298792,1,-0.739604000,-0.690442000,-0.407179000,0.098909573,0.099278689,-0.989524975,0.034654908,1,-0.599893551,-0.803854163,-0.470756688,0.098909573,0.099278689,-0.989524975,0.034654908,10372,104620.004111458,0.016298792,1,-0.378253000,-0.683648000,-0.477356000,0.050061311,0.114126298,0.986840927,-0.103024458,1,-0.532137508,-0.790141162,-0.510747200,0.050061311,0.114126298,0.986840927,-0.103024458
16.305992500,104620.032824000,vr_world,10373,104620.022881333,0.009943167,1,-0.730291000,-0.686066000,-0.404198000,0.100196956,0.100323826,-0.989201686,0.037090767,1,-0.590433854,-0.799435583,-0.467528571,0.100196956,0.100323826,-0.989201686,0.037090767,10373,104620.022881333,0.009943167,1,-0.369997000,-0.676641000,-0.474033000,0.045999584,0.105370547,0.987889939,-0.104185192,1,-0.522426760,-0.785737555,-0.505645078,0.045999584,0.105370547,0.987889939,-0.104185192
16.318394291,104620.045225791,vr_world,10374,104620.042186250,0.003040083,1,-0.721048000,-0.681539000,-0.401451000,0.103146931,0.095631487,-0.989229373,0.040504044,1,-0.582502016,-0.796660277,-0.464503190,0.103146931,0.095631487,-0.989229373,0.040504044,10374,104620.042186250,0.003040083,1,-0.361834000,-0.669581000,-0.470995000,0.045420545,0.097135611,0.988486595,-0.106751574,1,-0.512600232,-0.781282531,-0.501466955,0.045420545,0.097135611,0.988486595,-0.106751574
16.330543041,104620.057374541,vr_world,10374,104620.042186250,0.015189083,1,-0.721048000,-0.681539000,-0.401451000,0.103146931,0.095631487,-0.989229373,0.040504044,1,-0.582502016,-0.796660277,-0.464503190,0.103146931,0.095631487,-0.989229373,0.040504044,10374,104620.042186250,0.015189083,1,-0.361834000,-0.669581000,-0.470995000,0.045420545,0.097135611,0.988486595,-0.106751574,1,-0.512600232,-0.781282531,-0.501466955,0.045420545,0.097135611,0.988486595,-0.106751574
16.342888041,104620.069719541,vr_world,10375,104620.062135458,0.007584875,1,-0.703282000,-0.673151000,-0.396374000,0.107591867,0.082096486,-0.989600789,0.048728183,1,-0.568110810,-0.793003339,-0.457917677,0.107591867,0.082096486,-0.989600789,0.048728183,10375,104620.062135458,0.007584875,1,-0.346415000,-0.656294000,-0.465476000,0.045071492,0.079116569,0.989587295,-0.111472482,1,-0.493298832,-0.773569086,-0.493899666,0.045071492,0.079116569,0.989587295,-0.111472482
16.354912541,104620.081744041,vr_world,10376,104620.081412583,0.000332167,1,-0.693226000,-0.669127000,-0.393837000,0.109990719,0.076808466,-0.989663103,0.050689677,1,-0.559536238,-0.790694810,-0.455251684,0.109990719,0.076808466,-0.989663103,0.050689677,10376,104620.081412583,0.000332167,1,-0.337359000,-0.648260000,-0.463799000,0.044915518,0.066260717,0.990654833,-0.110431501,1,-0.481272188,-0.769235143,-0.491909642,0.044915518,0.066260717,0.990654833,-0.110431501
16.365578833,104620.092410333,vr_world,10376,104620.081412583,0.010998208,1,-0.693226000,-0.669127000,-0.393837000,0.109990719,0.076808466,-0.989663103,0.050689677,1,-0.559536238,-0.790694810,-0.455251684,0.109990719,0.076808466,-0.989663103,0.050689677,10376,104620.081412583,0.010998208,1,-0.337359000,-0.648260000,-0.463799000,0.044915518,0.066260717,0.990654833,-0.110431501,1,-0.481272188,-0.769235143,-0.491909642,0.044915518,0.066260717,0.990654833,-0.110431501
16.376246791,104620.103078291,vr_world,10377,104620.100795458,0.002283583,1,-0.676864000,-0.661960000,-0.388973000,0.110144628,0.084469877,-0.988802165,0.054802189,1,-0.541259958,-0.781749200,-0.449681456,0.110144628,0.084469877,-0.988802165,0.054802189,10377,104620.100795458,0.002283583,1,-0.320754000,-0.634388000,-0.460581000,0.038220386,0.046378000,0.992293606,-0.108359041,1,-0.460403314,-0.760700483,-0.486647239,0.038220386,0.046378000,0.992293606,-0.108359041
16.388647583,104620.115479083,vr_world,10377,104620.100795458,0.014683958,1,-0.676864000,-0.661960000,-0.388973000,0.110144628,0.084469877,-0.988802165,0.054802189,1,-0.541259958,-0.781749200,-0.449681456,0.110144628,0.084469877,-0.988802165,0.054802189,10377,104620.100795458,0.014683958,1,-0.320754000,-0.634388000,-0.460581000,0.038220386,0.046378000,0.992293606,-0.108359041,1,-0.460403314,-0.760700483,-0.486647239,0.038220386,0.046378000,0.992293606,-0.108359041
16.400242833,104620.127074333,vr_world,10378,104620.119459208,0.007615792,1,-0.668581000,-0.657924000,-0.387651000,0.102904049,0.101348843,-0.987650598,0.060708030,1,-0.527999055,-0.773194488,-0.445727559,0.102904049,0.101348843,-0.987650598,0.060708030,10378,104620.119459208,0.007615792,1,-0.311616000,-0.626522000,-0.459452000,0.032237551,0.036679627,0.993336188,-0.104396180,1,-0.449276513,-0.755176513,-0.484628023,0.032237551,0.036679627,0.993336188,-0.104396180
16.410877291,104620.137708791,vr_world,10378,104620.119459208,0.018250208,1,-0.668581000,-0.657924000,-0.387651000,0.102904049,0.101348843,-0.987650598,0.060708030,1,-0.527999055,-0.773194488,-0.445727559,0.102904049,0.101348843,-0.987650598,0.060708030,10378,104620.119459208,0.018250208,1,-0.311616000,-0.626522000,-0.459452000,0.032237551,0.036679627,0.993336188,-0.104396180,1,-0.449276513,-0.755176513,-0.484628023,0.032237551,0.036679627,0.993336188,-0.104396180
16.421583083,104620.148414583,vr_world,10379,104620.138199375,0.010215666,1,-0.660013000,-0.653726000,-0.386114000,0.096180791,0.109500859,-0.987138201,0.065703808,1,-0.516620719,-0.766824229,-0.441529733,0.096180791,0.109500859,-0.987138201,0.065703808,10379,104620.138199375,0.010215666,1,-0.302378000,-0.618770000,-0.457921000,0.028443200,0.030917658,0.994106603,-0.099935705,1,-0.438829335,-0.748707263,-0.483091515,0.028443200,0.030917658,0.994106603,-0.099935705
16.432155208,104620.158986708,vr_world,10380,104620.157672833,0.001314292,1,-0.643077000,-0.645967000,-0.383822000,0.085051201,0.117092161,-0.986526123,0.076301562,1,-0.496371587,-0.757266564,-0.433955729,0.085051201,0.117092161,-0.986526123,0.076301562,10380,104620.157672833,0.001314292,1,-0.285315000,-0.603162000,-0.455139000,0.025681830,0.016055992,0.995232461,-0.092709212,1,-0.418088864,-0.736712289,-0.481055879,0.025681830,0.016055992,0.995232461,-0.092709212
16.442919791,104620.169751291,vr_world,10380,104620.157672833,0.012088167,1,-0.643077000,-0.645967000,-0.383822000,0.085051201,0.117092161,-0.986526123,0.076301562,1,-0.496371587,-0.757266564,-0.433955729,0.085051201,0.117092161,-0.986526123,0.076301562,10380,104620.157672833,0.012088167,1,-0.285315000,-0.603162000,-0.455139000,0.025681830,0.016055992,0.995232461,-0.092709212,1,-0.418088864,-0.736712289,-0.481055879,0.025681830,0.016055992,0.995232461,-0.092709212
16.453348958,104620.180180458,vr_world,10381,104620.176766958,0.003414042,1,-0.633708000,-0.642669000,-0.382875000,0.075399527,0.118426195,-0.986783446,0.080923283,1,-0.485501633,-0.753574515,-0.429331986,0.075399527,0.118426195,-0.986783446,0.080923283,10381,104620.176766958,0.003414042,1,-0.276096000,-0.593813000,-0.454871000,0.025891196,0.007480250,0.995414864,-0.091776581,1,-0.406588441,-0.729584974,-0.480830484,0.025891196,0.007480250,0.995414864,-0.091776581
16.465752708,104620.192584208,vr_world,10381,104620.176766958,0.015818292,1,-0.633708000,-0.642669000,-0.382875000,0.075399527,0.118426195,-0.986783446,0.080923283,1,-0.485501633,-0.753574515,-0.429331986,0.075399527,0.118426195,-0.986783446,0.080923283,10381,104620.176766958,0.015818292,1,-0.276096000,-0.593813000,-0.454871000,0.025891196,0.007480250,0.995414864,-0.091776581,1,-0.406588441,-0.729584974,-0.480830484,0.025891196,0.007480250,0.995414864,-0.091776581
16.478144916,104620.204976416,vr_world,10382,104620.196047500,0.008929625,1,-0.624726000,-0.639775000,-0.381427000,0.068274243,0.123305185,-0.986762982,0.080207705,1,-0.474746040,-0.748913167,-0.426352410,0.068274243,0.123305185,-0.986762982,0.080207705,10382,104620.196047500,0.008929625,1,-0.267133000,-0.584622000,-0.454496000,0.026508523,-0.001573888,0.995397546,-0.092079019,1,-0.395154695,-0.722764592,-0.480250673,0.026508523,-0.001573888,0.995397546,-0.092079019
16.490557000,104620.217388500,vr_world,10383,104620.215189916,0.002199167,1,-0.607782000,-0.633974000,-0.379050000,0.053164603,0.136334259,-0.985938883,0.080690852,1,-0.453570999,-0.738600569,-0.420228587,0.053164603,0.136334259,-0.985938883,0.080690852,10383,104620.215189916,0.002199167,1,-0.250297000,-0.567603000,-0.453408000,0.030009265,-0.017244279,0.994989503,-0.093797482,1,-0.373760975,-0.709849550,-0.479074436,0.030009265,-0.017244279,0.994989503,-0.093797482
16.501581916,104620.228413416,vr_world,10383,104620.215189916,0.013224084,1,-0.607782000,-0.633974000,-0.379050000,0.053164603,0.136334259,-0.985938883,0.080690852,1,-0.453570999,-0.738600569,-0.420228587,0.053164603,0.136334259,-0.985938883,0.080690852,10383,104620.215189916,0.013224084,1,-0.250297000,-0.567603000,-0.453408000,0.030009265,-0.017244279,0.994989503,-0.093797482,1,-0.373760975,-0.709849550,-0.479074436,0.030009265,-0.017244279,0.994989503,-0.093797482
16.511820375,104620.238651875,vr_world,10384,104620.233548916,0.005103417,1,-0.598376000,-0.631210000,-0.377951000,0.043681470,0.144016292,-0.985558819,0.077621206,1,-0.441797811,-0.732899842,-0.417521720,0.043681470,0.144016292,-0.985558819,0.077621206,10384,104620.233548916,0.005103417,1,-0.242053000,-0.557964000,-0.452620000,0.037218663,-0.027957883,0.994473672,-0.094102303,1,-0.361934036,-0.702998238,-0.479634908,0.037218663,-0.027957883,0.994473672,-0.094102303
16.524171583,104620.251003083,vr_world,10384,104620.233548916,0.017454542,1,-0.598376000,-0.631210000,-0.377951000,0.043681470,0.144016292,-0.985558819,0.077621206,1,-0.441797811,-0.732899842,-0.417521720,0.043681470,0.144016292,-0.985558819,0.077621206,10384,104620.233548916,0.017454542,1,-0.242053000,-0.557964000,-0.452620000,0.037218663,-0.027957883,0.994473672,-0.094102303,1,-0.361934036,-0.702998238,-0.479634908,0.037218663,-0.027957883,0.994473672,-0.094102303
16.536583250,104620.263414750,vr_world,10385,104620.254951916,0.008463375,1,-0.579959000,-0.626205000,-0.375556000,0.027549628,0.163937622,-0.983166501,0.075822854,1,-0.418169313,-0.720797100,-0.411610140,0.027549628,0.163937622,-0.983166501,0.075822854,10385,104620.254951916,0.008463375,1,-0.226804000,-0.539557000,-0.451434000,0.047447017,-0.053921030,0.993151380,-0.092150093,1,-0.338281987,-0.690751557,-0.480573273,0.047447017,-0.053921030,0.993151380,-0.092150093
16.548988458,104620.275819958,vr_world,10386,104620.273079666,0.002740584,1,-0.569603000,-0.622980000,-0.374454000,0.023968320,0.176094656,-0.981206389,0.075167906,1,-0.405321039,-0.713385499,-0.409975368,0.023968320,0.176094656,-0.981206389,0.075167906,10386,104620.273079666,0.002740584,1,-0.218124000,-0.529220000,-0.450977000,0.051249468,-0.066770066,0.992379602,-0.089988752,1,-0.325407028,-0.683215343,-0.481175950,0.051249468,-0.066770066,0.992379602,-0.089988752
16.560247375,104620.287078875,vr_world,10386,104620.273079666,0.013999667,1,-0.569603000,-0.622980000,-0.374454000,0.023968320,0.176094656,-0.981206389,0.075167906,1,-0.405321039,-0.713385499,-0.409975368,0.023968320,0.176094656,-0.981206389,0.075167906,10386,104620.273079666,0.013999667,1,-0.218124000,-0.529220000,-0.450977000,0.051249468,-0.066770066,0.992379602,-0.089988752,1,-0.325407028,-0.683215343,-0.481175950,0.051249468,-0.066770066,0.992379602,-0.089988752
16.570941166,104620.297772666,vr_world,10387,104620.293784458,0.003988833,1,-0.559110000,-0.618683000,-0.374082000,0.021538041,0.180308659,-0.980375816,0.076734348,1,-0.393857702,-0.707680119,-0.408645520,0.021538041,0.180308659,-0.980375816,0.076734348,10387,104620.293784458,0.003988833,1,-0.209170000,-0.519119000,-0.451224000,0.051542443,-0.073090771,0.991807788,-0.091205418,1,-0.314521447,-0.674542380,-0.480903660,0.051542443,-0.073090771,0.991807788,-0.091205418
16.581583000,104620.308414500,vr_world,10387,104620.293784458,0.014630542,1,-0.559110000,-0.618683000,-0.374082000,0.021538041,0.180308659,-0.980375816,0.076734348,1,-0.393857702,-0.707680119,-0.408645520,0.021538041,0.180308659,-0.980375816,0.076734348,10387,104620.293784458,0.014630542,1,-0.209170000,-0.519119000,-0.451224000,0.051542443,-0.073090771,0.991807788,-0.091205418,1,-0.314521447,-0.674542380,-0.480903660,0.051542443,-0.073090771,0.991807788,-0.091205418
16.593985500,104620.320817000,vr_world,10388,104620.314186125,0.006631375,1,-0.539551000,-0.610851000,-0.373039000,0.019181476,0.188036609,-0.978740006,0.079638596,1,-0.372724893,-0.697315240,-0.406452217,0.019181476,0.188036609,-0.978740006,0.079638596,10388,104620.314186125,0.006631375,1,-0.194135000,-0.500076000,-0.451001000,0.056196474,-0.093581794,0.989492414,-0.094811212,1,-0.292764271,-0.659992921,-0.479898840,0.056196474,-0.093581794,0.989492414,-0.094811212
16.606387458,104620.333218958,vr_world,10389,104620.333172541,0.000047167,1,-0.528746000,-0.606723000,-0.372786000,0.019462600,0.191356033,-0.977761005,0.083591220,1,-0.361307948,-0.692282006,-0.405460288,0.019462600,0.191356033,-0.977761005,0.083591220,10389,104620.333172541,0.000047167,1,-0.187150000,-0.490007000,-0.450776000,0.061692705,-0.108227899,0.987612579,-0.095405059,1,-0.280640904,-0.652898567,-0.480136061,0.061692705,-0.108227899,0.987612579,-0.095405059
16.618796375,104620.345627875,vr_world,10389,104620.333172541,0.012455834,1,-0.528746000,-0.606723000,-0.372786000,0.019462600,0.191356033,-0.977761005,0.083591220,1,-0.361307948,-0.692282006,-0.405460288,0.019462600,0.191356033,-0.977761005,0.083591220,10389,104620.333172541,0.012455834,1,-0.187150000,-0.490007000,-0.450776000,0.061692705,-0.108227899,0.987612579,-0.095405059,1,-0.280640904,-0.652898567,-0.480136061,0.061692705,-0.108227899,0.987612579,-0.095405059
16.630935250,104620.357766750,vr_world,10390,104620.352133875,0.005633375,1,-0.509471000,-0.599668000,-0.372380000,0.014278231,0.207578053,-0.974289011,0.086419949,1,-0.338950544,-0.679587354,-0.403349777,0.014278231,0.207578053,-0.974289011,0.086419949,10390,104620.352133875,0.005633375,1,-0.173048000,-0.471648000,-0.450255000,0.069710115,-0.132759127,0.983996511,-0.096262042,1,-0.257817735,-0.639165308,-0.480058854,0.069710115,-0.132759127,0.983996511,-0.096262042
16.643348083,104620.370179583,vr_world,10390,104620.352133875,0.018046041,1,-0.509471000,-0.599668000,-0.372380000,0.014278231,0.207578053,-0.974289011,0.086419949,1,-0.338950544,-0.679587354,-0.403349777,0.014278231,0.207578053,-0.974289011,0.086419949,10390,104620.352133875,0.018046041,1,-0.173048000,-0.471648000,-0.450255000,0.069710115,-0.132759127,0.983996511,-0.096262042,1,-0.257817735,-0.639165308,-0.480058854,0.069710115,-0.132759127,0.983996511,-0.096262042
16.653581958,104620.380413458,vr_world,10391,104620.371696833,0.008717125,1,-0.498968000,-0.596249000,-0.372388000,0.008709057,0.221114646,-0.971566141,0.084212230,1,-0.326019246,-0.671089586,-0.402571862,0.008709057,0.221114646,-0.971566141,0.084212230,10391,104620.371696833,0.008717125,1,-0.165446000,-0.461814000,-0.449811000,0.072165906,-0.144387541,0.982420159,-0.093781400,1,-0.246086766,-0.631217529,-0.480401155,0.072165906,-0.144387541,0.982420159,-0.093781400
16.665997708,104620.392829208,vr_world,10392,104620.390740625,0.002089000,1,-0.488226000,-0.592534000,-0.372077000,0.005240909,0.234063672,-0.968863256,0.080565012,1,-0.313244079,-0.662444605,-0.402363944,0.005240909,0.234063672,-0.968863256,0.080565012,10392,104620.390740625,0.002089000,1,-0.157961000,-0.452438000,-0.449172000,0.071168499,-0.154016794,0.981438291,-0.089402196,1,-0.235411221,-0.623185805,-0.480522419,0.071168499,-0.154016794,0.981438291,-0.089402196
16.677600791,104620.404432291,vr_world,10392,104620.390740625,0.013691958,1,-0.488226000,-0.592534000,-0.372077000,0.005240909,0.234063672,-0.968863256,0.080565012,1,-0.313244079,-0.662444605,-0.402363944,0.005240909,0.234063672,-0.968863256,0.080565012,10392,104620.390740625,0.013691958,1,-0.157961000,-0.452438000,-0.449172000,0.071168499,-0.154016794,0.981438291,-0.089402196,1,-0.235411221,-0.623185805,-0.480522419,0.071168499,-0.154016794,0.981438291,-0.089402196
16.689984500,104620.416816000,vr_world,10393,104620.410281833,0.006534625,1,-0.468321000,-0.585119000,-0.371435000,0.001877344,0.255179687,-0.963781579,0.077491100,1,-0.290400559,-0.647087530,-0.401892818,0.001877344,0.255179687,-0.963781579,0.077491100,10393,104620.410281833,0.006534625,1,-0.144453000,-0.434337000,-0.448575000,0.068337982,-0.174646390,0.978676183,-0.083794321,1,-0.215066123,-0.607956410,-0.480296962,0.068337982,-0.174646390,0.978676183,-0.083794321
16.701583291,104620.428414791,vr_world,10393,104620.410281833,0.018133375,1,-0.468321000,-0.585119000,-0.371435000,0.001877344,0.255179687,-0.963781579,0.077491100,1,-0.290400559,-0.647087530,-0.401892818,0.001877344,0.255179687,-0.963781579,0.077491100,10393,104620.410281833,0.018133375,1,-0.144453000,-0.434337000,-0.448575000,0.068337982,-0.174646390,0.978676183,-0.083794321,1,-0.215066123,-0.607956410,-0.480296962,0.068337982,-0.174646390,0.978676183,-0.083794321
16.713974583,104620.440806083,vr_world,10394,104620.429180500,0.011626000,1,-0.457484000,-0.580256000,-0.371872000,0.000926427,0.261497888,-0.962056514,0.077879779,1,-0.278728811,-0.639884391,-0.402112524,0.000926427,0.261497888,-0.962056514,0.077879779,10394,104620.429180500,0.011626000,1,-0.137910000,-0.424591000,-0.448407000,0.064941954,-0.183926352,0.977399345,-0.081511716,1,-0.205604019,-0.599422918,-0.479832092,0.064941954,-0.183926352,0.977399345,-0.081511716
16.726389833,104620.453221333,vr_world,10395,104620.448113625,0.005108208,1,-0.437406000,-0.572036000,-0.372268000,0.004379526,-0.275521810,0.958060289,-0.078670416,1,-0.256699549,-0.626270096,-0.401030512,0.004379526,-0.275521810,0.958060289,-0.078670416,10395,104620.448113625,0.005108208,1,-0.125703000,-0.406594000,-0.447434000,0.066716100,-0.202867144,0.973777697,-0.078427551,1,-0.186531332,-0.583820390,-0.479480152,0.066716100,-0.202867144,0.973777697,-0.078427551
16.738820750,104620.465652250,vr_world,10395,104620.448113625,0.017539041,1,-0.437406000,-0.572036000,-0.372268000,0.004379526,-0.275521810,0.958060289,-0.078670416,1,-0.256699549,-0.626270096,-0.401030512,0.004379526,-0.275521810,0.958060289,-0.078670416,10395,104620.448113625,0.017539041,1,-0.125703000,-0.406594000,-0.447434000,0.066716100,-0.202867144,0.973777697,-0.078427551,1,-0.186531332,-0.583820390,-0.479480152,0.066716100,-0.202867144,0.973777697,-0.078427551
16.750941666,104620.477773166,vr_world,10396,104620.466959541,0.010814167,1,-0.426634000,-0.567523000,-0.372505000,0.007040805,-0.283245296,0.955931038,-0.076931012,1,-0.244978866,-0.618658799,-0.400965606,0.007040805,-0.283245296,0.955931038,-0.076931012,10396,104620.466959541,0.010814167,1,-0.120170000,-0.395859000,-0.446728000,0.073942622,-0.217424679,0.970035720,-0.079307629,1,-0.175086931,-0.574915515,-0.479272586,0.073942622,-0.217424679,0.970035720,-0.079307629
16.762914833,104620.489746333,vr_world,10397,104620.486460166,0.003286542,1,-0.416348000,-0.563456000,-0.372818000,0.009428062,-0.293097311,0.953006052,-0.076056183,1,-0.233592574,-0.610719549,-0.400925794,0.009428062,-0.293097311,0.953006052,-0.076056183,10397,104620.486460166,0.003286542,1,-0.114454000,-0.385298000,-0.446028000,0.079426744,-0.233083677,0.965880523,-0.080238438,1,-0.163147573,-0.566138096,-0.478616665,0.079426744,-0.233083677,0.965880523,-0.080238438
16.775306833,104620.502138333,vr_world,10397,104620.486460166,0.015678875,1,-0.416348000,-0.563456000,-0.372818000,0.009428062,-0.293097311,0.953006052,-0.076056183,1,-0.233592574,-0.610719549,-0.400925794,0.009428062,-0.293097311,0.953006052,-0.076056183,10397,104620.486460166,0.015678875,1,-0.114454000,-0.385298000,-0.446028000,0.079426744,-0.233083677,0.965880523,-0.080238438,1,-0.163147573,-0.566138096,-0.478616665,0.079426744,-0.233083677,0.965880523,-0.080238438
16.785451791,104620.512283291,vr_world,10398,104620.505159833,0.007123875,1,-0.396578000,-0.555620000,-0.372523000,0.009900798,-0.312695650,0.947153328,-0.070880018,1,-0.212189624,-0.595108154,-0.401935091,0.009900798,-0.312695650,0.947153328,-0.070880018,10398,104620.505159833,0.007123875,1,-0.102545000,-0.366344000,-0.445053000,0.081486700,-0.256082712,0.959745504,-0.081670864,1,-0.142549210,-0.549493073,-0.476554158,0.081486700,-0.256082712,0.959745504,-0.081670864
16.796550500,104620.523382000,vr_world,10398,104620.505159833,0.018222667,1,-0.396578000,-0.555620000,-0.372523000,0.009900798,-0.312695650,0.947153328,-0.070880018,1,-0.212189624,-0.595108154,-0.401935091,0.009900798,-0.312695650,0.947153328,-0.070880018,10398,104620.505159833,0.018222667,1,-0.102545000,-0.366344000,-0.445053000,0.081486700,-0.256082712,0.959745504,-0.081670864,1,-0.142549210,-0.549493073,-0.476554158,0.081486700,-0.256082712,0.959745504,-0.081670864
16.807109000,104620.533940500,vr_world,10399,104620.524167708,0.009773333,1,-0.385611000,-0.550362000,-0.372556000,0.007779859,-0.321307983,0.944544770,-0.067348587,1,-0.200776591,-0.586434077,-0.403515593,0.007779859,-0.321307983,0.944544770,-0.067348587,10399,104620.524167708,0.009773333,1,-0.096261200,-0.356385000,-0.444375000,0.076553531,-0.265990773,0.957509602,-0.081017454,1,-0.133034784,-0.540382091,-0.474854581,0.076553531,-0.265990773,0.957509602,-0.081017454
16.819477208,104620.546308708,vr_world,10400,104620.544167500,0.002141708,1,-0.375178000,-0.545357000,-0.373228000,0.008622780,-0.329215470,0.941816081,-0.067270283,1,-0.189747412,-0.578311370,-0.404098323,0.008622780,-0.329215470,0.941816081,-0.067270283,10400,104620.544167500,0.002141708,1,-0.090332900,-0.346302000,-0.443414000,0.068111403,-0.276331931,0.955428808,-0.078468428,1,-0.123997598,-0.531047079,-0.472946323,0.068111403,-0.276331931,0.955428808,-0.078468428
16.829587458,104620.556418958,vr_world,10400,104620.544167500,0.012251833,1,-0.375178000,-0.545357000,-0.373228000,0.008622780,-0.329215470,0.941816081,-0.067270283,1,-0.189747412,-0.578311370,-0.404098323,0.008622780,-0.329215470,0.941816081,-0.067270283,10400,104620.544167500,0.012251833,1,-0.090332900,-0.346302000,-0.443414000,0.068111403,-0.276331931,0.955428808,-0.078468428,1,-0.123997598,-0.531047079,-0.472946323,0.068111403,-0.276331931,0.955428808,-0.078468428
16.840892208,104620.567723708,vr_world,10401,104620.562620625,0.005103416,1,-0.355816000,-0.536581000,-0.374292000,0.009392059,-0.349604495,0.934528897,-0.065910750,1,-0.169197269,-0.561418966,-0.405596437,0.009392059,-0.349604495,0.934528897,-0.065910750,10401,104620.562620625,0.005103416,1,-0.079842700,-0.327372000,-0.441699000,0.060555444,-0.297676679,0.949850049,-0.074205912,1,-0.106051761,-0.513407243,-0.470685394,0.060555444,-0.297676679,0.949850049,-0.074205912
16.850914708,104620.577746208,vr_world,10401,104620.562620625,0.015126083,1,-0.355816000,-0.536581000,-0.374292000,0.009392059,-0.349604495,0.934528897,-0.065910750,1,-0.169197269,-0.561418966,-0.405596437,0.009392059,-0.349604495,0.934528897,-0.065910750,10401,104620.562620625,0.015126083,1,-0.079842700,-0.327372000,-0.441699000,0.060555444,-0.297676679,0.949850049,-0.074205912,1,-0.106051761,-0.513407243,-0.470685394,0.060555444,-0.297676679,0.949850049,-0.074205912
16.863327958,104620.590159458,vr_world,10402,104620.581778500,0.008381375,1,-0.345906000,-0.532183000,-0.375082000,0.011165563,-0.362298956,0.929823470,-0.063585470,1,-0.158677788,-0.551770371,-0.406472035,0.011165563,-0.362298956,0.929823470,-0.063585470,10402,104620.581778500,0.008381375,1,-0.075293100,-0.317149000,-0.441023000,0.059447487,-0.310898611,0.945672578,-0.074238972,1,-0.096488869,-0.503918911,-0.469376700,0.059447487,-0.310898611,0.945672578,-0.074238972
16.874225791,104620.601057291,vr_world,10403,104620.600205708,0.000852125,1,-0.335803000,-0.527463000,-0.375630000,0.012500704,-0.373291632,0.925711892,-0.059620332,1,-0.148219921,-0.542372790,-0.407468635,0.012500704,-0.373291632,0.925711892,-0.059620332,10403,104620.600205708,0.000852125,1,-0.070716600,-0.306896000,-0.440611000,0.061553118,-0.324642489,0.940790167,-0.075712144,1,-0.086358376,-0.494310877,-0.468310266,0.061553118,-0.324642489,0.940790167,-0.075712144
16.886600333,104620.613431833,vr_world,10403,104620.600205708,0.013226458,1,-0.335803000,-0.527463000,-0.375630000,0.012500704,-0.373291632,0.925711892,-0.059620332,1,-0.148219921,-0.542372790,-0.407468635,0.012500704,-0.373291632,0.925711892,-0.059620332,10403,104620.600205708,0.013226458,1,-0.070716600,-0.306896000,-0.440611000,0.061553118,-0.324642489,0.940790167,-0.075712144,1,-0.086358376,-0.494310877,-0.468310266,0.061553118,-0.324642489,0.940790167,-0.075712144
16.899007916,104620.625839416,vr_world,10404,104620.619390666,0.006449084,1,-0.316304000,-0.518273000,-0.377198000,0.016557563,-0.393513601,0.917617096,-0.053401858,1,-0.128233919,-0.524476833,-0.409050765,0.016557563,-0.393513601,0.917617096,-0.053401858,10404,104620.619390666,0.006449084,1,-0.061520600,-0.287896000,-0.439749000,0.063807925,-0.349658160,0.931392477,-0.078586093,1,-0.067081294,-0.476102090,-0.465898297,0.063807925,-0.349658160,0.931392477,-0.078586093
16.910571833,104620.637403333,vr_world,10404,104620.619390666,0.018013084,1,-0.316304000,-0.518273000,-0.377198000,0.016557563,-0.393513601,0.917617096,-0.053401858,1,-0.128233919,-0.524476833,-0.409050765,0.016557563,-0.393513601,0.917617096,-0.053401858,10404,104620.619390666,0.018013084,1,-0.061520600,-0.287896000,-0.439749000,0.063807925,-0.349658160,0.931392477,-0.078586093,1,-0.067081294,-0.476102090,-0.465898297,0.063807925,-0.349658160,0.931392477,-0.078586093
16.922983625,104620.649815125,vr_world,10405,104620.638567208,0.011248250,1,-0.306223000,-0.513073000,-0.378446000,0.019382825,-0.402679548,0.913772567,-0.049931793,1,-0.118017593,-0.515214302,-0.410030074,0.019382825,-0.402679548,0.913772567,-0.049931793,10405,104620.638567208,0.011248250,1,-0.057093600,-0.278186000,-0.439500000,0.063109677,-0.363725424,0.925918157,-0.079978445,1,-0.057099192,-0.466621868,-0.464563580,0.063109677,-0.363725424,0.925918157,-0.079978445
16.933583333,104620.660414833,vr_world,10406,104620.657572250,0.002843166,1,-0.287336000,-0.503469000,-0.381206000,0.025136924,-0.422013071,0.905183359,-0.043774303,1,-0.099098960,-0.497057234,-0.412014206,0.025136924,-0.422013071,0.905183359,-0.043774303,10406,104620.657572250,0.002843166,1,-0.048158500,-0.260420000,-0.439304000,0.058748813,-0.386594564,0.916632169,-0.082937852,1,-0.039308095,-0.448954071,-0.461948998,0.058748813,-0.386594564,0.916632169,-0.082937852
16.945987000,104620.672818500,vr_world,10406,104620.657572250,0.015246708,1,-0.287336000,-0.503469000,-0.381206000,0.025136924,-0.422013071,0.905183359,-0.043774303,1,-0.099098960,-0.497057234,-0.412014206,0.025136924,-0.422013071,0.905183359,-0.043774303,10406,104620.657572250,0.015246708,1,-0.048158500,-0.260420000,-0.439304000,0.058748813,-0.386594564,0.916632169,-0.082937852,1,-0.039308095,-0.448954071,-0.461948998,0.058748813,-0.386594564,0.916632169,-0.082937852
16.957658583,104620.684490083,vr_world,10407,104620.676472958,0.008017625,1,-0.276589000,-0.498478000,-0.382885000,0.028840685,-0.434221887,0.899483803,-0.039350436,1,-0.088536374,-0.486592956,-0.413189637,0.028840685,-0.434221887,0.899483803,-0.039350436,10407,104620.676472958,0.008017625,1,-0.043585900,-0.251716000,-0.439026000,0.054274376,-0.393748639,0.913851976,-0.083011249,1,-0.032199589,-0.440212035,-0.460839121,0.054274376,-0.393748639,0.913851976,-0.083011249
16.970050708,104620.696882208,vr_world,10408,104620.696075583,0.000806958,1,-0.265375000,-0.492975000,-0.384046000,0.029135324,-0.446165726,0.893811909,-0.034460829,1,-0.077842884,-0.475829306,-0.415048784,0.029135324,-0.446165726,0.893811909,-0.034460829,10408,104620.696075583,0.000806958,1,-0.039863700,-0.243031000,-0.438559000,0.050597925,-0.402076824,0.910633129,-0.080755073,1,-0.025409213,-0.431306957,-0.460455718,0.050597925,-0.402076824,0.910633129,-0.080755073
16.982444875,104620.709276375,vr_world,10408,104620.696075583,0.013201083,1,-0.265375000,-0.492975000,-0.384046000,0.029135324,-0.446165726,0.893811909,-0.034460829,1,-0.077842884,-0.475829306,-0.415048784,0.029135324,-0.446165726,0.893811909,-0.034460829,10408,104620.696075583,0.013201083,1,-0.039863700,-0.243031000,-0.438559000,0.050597925,-0.402076824,0.910633129,-0.080755073,1,-0.025409213,-0.431306957,-0.460455718,0.050597925,-0.402076824,0.910633129,-0.080755073
16.994848916,104620.721680416,vr_world,10409,104620.714257625,0.007423208,1,-0.245020000,-0.482223000,-0.386089000,0.026111240,-0.466607932,0.883679822,-0.026555858,1,-0.058904401,-0.456204744,-0.419367208,0.026111240,-0.466607932,0.883679822,-0.026555858,10409,104620.714257625,0.007423208,1,-0.033313000,-0.226580000,-0.437988000,0.046148939,-0.424475564,0.900859068,-0.078381831,1,-0.010080406,-0.414015313,-0.459540327,0.046148939,-0.424475564,0.900859068,-0.078381831
17.007251708,104620.734083208,vr_world,10410,104620.733517666,0.000566084,1,-0.234734000,-0.475634000,-0.387948000,0.022993737,-0.473724113,0.880022372,-0.024847100,1,-0.049303475,-0.446674737,-0.422593312,0.022993737,-0.473724113,0.880022372,-0.024847100,10410,104620.733517666,0.000566084,1,-0.030731600,-0.218050000,-0.437891000,0.047962727,-0.436733134,0.895110519,-0.075768757,1,-0.002364362,-0.404683409,-0.460240625,0.047962727,-0.436733134,0.895110519,-0.075768757
17.019649708,104620.746481208,vr_world,10410,104620.733517666,0.012964084,1,-0.234734000,-0.475634000,-0.387948000,0.022993737,-0.473724113,0.880022372,-0.024847100,1,-0.049303475,-0.446674737,-0.422593312,0.022993737,-0.473724113,0.880022372,-0.024847100,10410,104620.733517666,0.012964084,1,-0.030731600,-0.218050000,-0.437891000,0.047962727,-0.436733134,0.895110519,-0.075768757,1,-0.002364362,-0.404683409,-0.460240625,0.047962727,-0.436733134,0.895110519,-0.075768757
17.032015958,104620.758847458,vr_world,10411,104620.752635000,0.006212916,1,-0.224624000,-0.469308000,-0.390139000,0.023615498,-0.482911105,0.874999591,-0.024796956,1,-0.039812787,-0.436467945,-0.424632111,0.023615498,-0.482911105,0.874999591,-0.024796956,10411,104620.752635000,0.006212916,1,-0.028453900,-0.209227000,-0.438246000,0.051312353,-0.448498137,0.889139804,-0.075145672,1,0.005007467,-0.394985278,-0.460838373,0.051312353,-0.448498137,0.889139804,-0.075145672
17.044445666,104620.771277166,vr_world,10411,104620.752635000,0.018642875,1,-0.224624000,-0.469308000,-0.390139000,0.023615498,-0.482911105,0.874999591,-0.024796956,1,-0.039812787,-0.436467945,-0.424632111,0.023615498,-0.482911105,0.874999591,-0.024796956,10411,104620.752635000,0.018642875,1,-0.028453900,-0.209227000,-0.438246000,0.051312353,-0.448498137,0.889139804,-0.075145672,1,0.005007467,-0.394985278,-0.460838373,0.051312353,-0.448498137,0.889139804,-0.075145672
17.056875458,104620.783706958,vr_world,10412,104620.771771916,0.011935667,1,-0.204922000,-0.457691000,-0.393501000,0.021494182,-0.505286974,0.862385610,-0.022674513,1,-0.022259601,-0.415416138,-0.429148297,0.021494182,-0.505286974,0.862385610,-0.022674513,10412,104620.771771916,0.011935667,1,-0.023481100,-0.192762000,-0.439302000,0.055678411,-0.468477221,0.878277977,-0.077825470,1,0.018608194,-0.376895143,-0.460743142,0.055678411,-0.468477221,0.878277977,-0.077825470
17.067136583,104620.793968083,vr_world,10413,104620.792430791,0.001538000,1,-0.195087000,-0.451018000,-0.395801000,0.019490194,-0.516133777,0.855984959,-0.022711380,1,-0.013672230,-0.404278951,-0.432236872,0.019490194,-0.516133777,0.855984959,-0.022711380,10413,104620.792430791,0.001538000,1,-0.020878300,-0.184071000,-0.440968000,0.060991776,-0.473520677,0.874813382,-0.082217502,1,0.023770956,-0.367744282,-0.461137456,0.060991776,-0.473520677,0.874813382,-0.082217502
17.079563000,104620.806394500,vr_world,10413,104620.792430791,0.013964042,1,-0.195087000,-0.451018000,-0.395801000,0.019490194,-0.516133777,0.855984959,-0.022711380,1,-0.013672230,-0.404278951,-0.432236872,0.019490194,-0.516133777,0.855984959,-0.022711380,10413,104620.792430791,0.013964042,1,-0.020878300,-0.184071000,-0.440968000,0.060991776,-0.473520677,0.874813382,-0.082217502,1,0.023770956,-0.367744282,-0.461137456,0.060991776,-0.473520677,0.874813382,-0.082217502
17.090901250,104620.817732750,vr_world,10414,104620.812059916,0.005673209,1,-0.177008000,-0.438790000,-0.400133000,0.017299997,-0.534637244,0.844676661,-0.019623105,1,0.001936186,-0.384168112,-0.437800375,0.017299997,-0.534637244,0.844676661,-0.019623105,10414,104620.812059916,0.005673209,1,-0.016502300,-0.168708000,-0.442545000,0.066182258,-0.492513847,0.863982101,-0.081147697,1,0.036394950,-0.350157262,-0.462899865,0.066182258,-0.492513847,0.863982101,-0.081147697
17.103307958,104620.830139458,vr_world,10414,104620.812059916,0.018079917,1,-0.177008000,-0.438790000,-0.400133000,0.017299997,-0.534637244,0.844676661,-0.019623105,1,0.001936186,-0.384168112,-0.437800375,0.017299997,-0.534637244,0.844676661,-0.019623105,10414,104620.812059916,0.018079917,1,-0.016502300,-0.168708000,-0.442545000,0.066182258,-0.492513847,0.863982101,-0.081147697,1,0.036394950,-0.350157262,-0.462899865,0.066182258,-0.492513847,0.863982101,-0.081147697
17.115722416,104620.842553916,vr_world,10415,104620.831184666,0.011369709,1,-0.167663000,-0.432095000,-0.402631000,0.016463147,-0.542922948,0.839485508,-0.015090393,1,0.009925959,-0.373727214,-0.441086088,0.016463147,-0.542922948,0.839485508,-0.015090393,10415,104620.831184666,0.011369709,1,-0.014388300,-0.160739000,-0.443918000,0.068267364,-0.502764463,0.858255144,-0.077237102,1,0.042860206,-0.340717868,-0.465515687,0.068267364,-0.502764463,0.858255144,-0.077237102
17.127472041,104620.854303541,vr_world,10416,104620.850548666,0.003755250,1,-0.150044000,-0.419926000,-0.406540000,0.013698952,-0.561165011,0.827537742,-0.009351710,1,0.024387111,-0.353640700,-0.446583256,0.013698952,-0.561165011,0.827537742,-0.009351710,10416,104620.850548666,0.003755250,1,-0.010280900,-0.145658000,-0.445932000,0.070277579,-0.520279040,0.848124407,-0.071103961,1,0.054273060,-0.322921781,-0.469310927,0.070277579,-0.520279040,0.848124407,-0.071103961
17.138276166,104620.865107666,vr_world,10416,104620.850548666,0.014559500,1,-0.150044000,-0.419926000,-0.406540000,0.013698952,-0.561165011,0.827537742,-0.009351710,1,0.024387111,-0.353640700,-0.446583256,0.013698952,-0.561165011,0.827537742,-0.009351710,10416,104620.850548666,0.014559500,1,-0.010280900,-0.145658000,-0.445932000,0.070277579,-0.520279040,0.848124407,-0.071103961,1,0.054273060,-0.322921781,-0.469310927,0.070277579,-0.520279040,0.848124407,-0.071103961
17.150711708,104620.877543208,vr_world,10417,104620.869896500,0.007647041,1,-0.141552000,-0.412951000,-0.408410000,0.009530581,-0.569096178,0.822190961,-0.006382130,1,0.031160318,-0.343348292,-0.450235110,0.009530581,-0.569096178,0.822190961,-0.006382130,10417,104620.869896500,0.007647041,1,-0.008405140,-0.137520000,-0.447701000,0.068545619,-0.527938890,0.843799521,-0.067708157,1,0.059114470,-0.313559181,-0.471939413,0.068545619,-0.527938890,0.843799521,-0.067708157
17.163191291,104620.890022791,vr_world,10418,104620.890013291,0.000009834,1,-0.134275000,-0.405173000,-0.411476000,0.012592812,-0.570160324,0.821411200,-0.006501215,1,0.038463760,-0.334973826,-0.452179861,0.012592812,-0.570160324,0.821411200,-0.006501215,10418,104620.890013291,0.000009834,1,-0.006746700,-0.129569000,-0.449975000,0.067745742,-0.535615804,0.839139877,-0.066109692,1,0.063844274,-0.304362169,-0.474480630,0.067745742,-0.535615804,0.839139877,-0.066109692
17.175615041,104620.902446541,vr_world,10418,104620.890013291,0.012434042,1,-0.134275000,-0.405173000,-0.411476000,0.012592812,-0.570160324,0.821411200,-0.006501215,1,0.038463760,-0.334973826,-0.452179861,0.012592812,-0.570160324,0.821411200,-0.006501215,10418,104620.890013291,0.012434042,1,-0.006746700,-0.129569000,-0.449975000,0.067745742,-0.535615804,0.839139877,-0.066109692,1,0.063844274,-0.304362169,-0.474480630,0.067745742,-0.535615804,0.839139877,-0.066109692
17.188048208,104620.914879708,vr_world,10419,104620.909402583,0.005477583,1,-0.118802000,-0.392197000,-0.415504000,0.009168119,-0.581334510,0.813604857,-0.003642617,1,0.051590767,-0.317299032,-0.457694124,0.009168119,-0.581334510,0.813604857,-0.003642617,10419,104620.909402583,0.005477583,1,-0.003790490,-0.114990000,-0.453669000,0.070269538,-0.551724448,0.828687660,-0.062762156,1,0.073561803,-0.286777606,-0.479003880,0.070269538,-0.551724448,0.828687660,-0.062762156
17.200464500,104620.927296000,vr_world,10419,104620.909402583,0.017893792,1,-0.118802000,-0.392197000,-0.415504000,0.009168119,-0.581334510,0.813604857,-0.003642617,1,0.051590767,-0.317299032,-0.457694124,0.009168119,-0.581334510,0.813604857,-0.003642617,10419,104620.909402583,0.017893792,1,-0.003790490,-0.114990000,-0.453669000,0.070269538,-0.551724448,0.828687660,-0.062762156,1,0.073561803,-0.286777606,-0.479003880,0.070269538,-0.551724448,0.828687660,-0.062762156
17.210678875,104620.937510375,vr_world,10420,104620.928273458,0.009237583,1,-0.111381000,-0.384849000,-0.418668000,0.008975029,-0.589405499,0.807774603,-0.004560307,1,0.057522817,-0.306656544,-0.460868318,0.008975029,-0.589405499,0.807774603,-0.004560307,10420,104620.928273458,0.009237583,1,-0.002988080,-0.107675000,-0.455809000,0.073595699,-0.561658392,0.821919741,-0.059761719,1,0.078642822,-0.277328292,-0.482084619,0.073595699,-0.561658392,0.821919741,-0.059761719
17.223121083,104620.949952583,vr_world,10421,104620.948239875,0.001714750,1,-0.098172200,-0.371909000,-0.423692000,0.007583328,-0.603903907,0.796980204,-0.008069566,1,0.067890081,-0.287998869,-0.466187374,0.007583328,-0.603903907,0.796980204,-0.008069566,10421,104620.948239875,0.001714750,1,-0.000919072,-0.093796500,-0.459556000,0.079330166,-0.579551896,0.809333074,-0.052974514,1,0.088334192,-0.259215295,-0.487957769,0.079330166,-0.579551896,0.809333074,-0.052974514
17.233918291,104620.960749791,vr_world,10421,104620.948239875,0.012513416,1,-0.098172200,-0.371909000,-0.423692000,0.007583328,-0.603903907,0.796980204,-0.008069566,1,0.067890081,-0.287998869,-0.466187374,0.007583328,-0.603903907,0.796980204,-0.008069566,10421,104620.948239875,0.012513416,1,-0.000919072,-0.093796500,-0.459556000,0.079330166,-0.579551896,0.809333074,-0.052974514,1,0.088334192,-0.259215295,-0.487957769,0.079330166,-0.579551896,0.809333074,-0.052974514
17.246072500,104620.972904000,vr_world,10422,104620.967371541,0.005533500,1,-0.092049400,-0.364993000,-0.426936000,0.009695859,-0.609051633,0.792987633,-0.011520121,1,0.073223629,-0.279057434,-0.468449300,0.009695859,-0.609051633,0.792987633,-0.011520121,10422,104620.967371541,0.005533500,1,0.000264116,-0.086099900,-0.461541000,0.082970193,-0.586844012,0.804014268,-0.047865533,1,0.092669375,-0.249462619,-0.491709344,0.082970193,-0.586844012,0.804014268,-0.047865533
17.257562833,104620.984394333,vr_world,10422,104620.967371541,0.017028959,1,-0.092049400,-0.364993000,-0.426936000,0.009695859,-0.609051633,0.792987633,-0.011520121,1,0.073223629,-0.279057434,-0.468449300,0.009695859,-0.609051633,0.792987633,-0.011520121,10422,104620.967371541,0.017028959,1,0.000264116,-0.086099900,-0.461541000,0.082970193,-0.586844012,0.804014268,-0.047865533,1,0.092669375,-0.249462619,-0.491709344,0.082970193,-0.586844012,0.804014268,-0.047865533
17.269584541,104620.996416041,vr_world,10423,104620.986849375,0.009567291,1,-0.086268700,-0.358571000,-0.429960000,0.014757905,-0.614837914,0.788424069,-0.012001315,1,0.078056750,-0.269978790,-0.469608411,0.014757905,-0.614837914,0.788424069,-0.012001315,10423,104620.986849375,0.009567291,1,0.001282310,-0.078300500,-0.463948000,0.084666385,-0.592632498,0.799791976,-0.044171483,1,0.096087368,-0.240053301,-0.495320584,0.084666385,-0.592632498,0.799791976,-0.044171483
17.281970541,104621.008802041,vr_world,10424,104621.006206666,0.002596084,1,-0.074646400,-0.346604000,-0.435799000,0.022992575,-0.629112814,0.776859290,-0.013343613,1,0.086852367,-0.251722174,-0.472392108,0.022992575,-0.629112814,0.776859290,-0.013343613,10424,104621.006206666,0.002596084,1,0.002750940,-0.064131100,-0.468354000,0.086674583,-0.607010924,0.789000323,-0.038778138,1,0.103367469,-0.222034934,-0.501200931,0.086674583,-0.607010924,0.789000323,-0.038778138
17.294128041,104621.020959541,vr_world,10424,104621.006206666,0.014754334,1,-0.074646400,-0.346604000,-0.435799000,0.022992575,-0.629112814,0.776859290,-0.013343613,1,0.086852367,-0.251722174,-0.472392108,0.022992575,-0.629112814,0.776859290,-0.013343613,10424,104621.006206666,0.014754334,1,0.002750940,-0.064131100,-0.468354000,0.086674583,-0.607010924,0.789000323,-0.038778138,1,0.103367469,-0.222034934,-0.501200931,0.086674583,-0.607010924,0.789000323,-0.038778138
17.306404500,104621.033236000,vr_world,10425,104621.025700500,0.007536625,1,-0.068581200,-0.340297000,-0.438826000,0.027728300,-0.636763337,0.770438508,-0.013714949,1,0.091261245,-0.242015976,-0.473677815,0.027728300,-0.636763337,0.770438508,-0.013714949,10425,104621.025700500,0.007536625,1,0.003266760,-0.056952600,-0.470646000,0.083790013,-0.615614967,0.782715317,-0.036799172,1,0.107013137,-0.212754861,-0.503790532,0.083790013,-0.615614967,0.782715317,-0.036799172
17.317423208,104621.044254708,vr_world,10425,104621.025700500,0.018555041,1,-0.068581200,-0.340297000,-0.438826000,0.027728300,-0.636763337,0.770438508,-0.013714949,1,0.091261245,-0.242015976,-0.473677815,0.027728300,-0.636763337,0.770438508,-0.013714949,10425,104621.025700500,0.018555041,1,0.003266760,-0.056952600,-0.470646000,0.083790013,-0.615614967,0.782715317,-0.036799172,1,0.107013137,-0.212754861,-0.503790532,0.083790013,-0.615614967,0.782715317,-0.036799172
17.328247458,104621.055078958,vr_world,10426,104621.045030541,0.010049667,1,-0.057643200,-0.328029000,-0.443484000,0.031193659,-0.649294189,0.759764860,-0.014190473,1,0.099083003,-0.224436487,-0.477083518,0.031193659,-0.649294189,0.759764860,-0.014190473,10426,104621.045030541,0.010049667,1,0.004405010,-0.043377000,-0.474641000,0.077474626,-0.631394678,0.770917377,-0.032013118,1,0.113732587,-0.195091022,-0.508796238,0.077474626,-0.631394678,0.770917377,-0.032013118
17.340628541,104621.067460041,vr_world,10427,104621.063632875,0.003828208,1,-0.052345900,-0.321029000,-0.445254000,0.030189185,-0.651877329,0.757590180,-0.014201415,1,0.103631693,-0.216437818,-0.479240903,0.030189185,-0.651877329,0.757590180,-0.014201415,10427,104621.063632875,0.003828208,1,0.004802750,-0.036413700,-0.476651000,0.071495172,-0.638035845,0.766067324,-0.030652196,1,0.116211166,-0.186572936,-0.510952240,0.071495172,-0.638035845,0.766067324,-0.030652196
17.352814291,104621.079645791,vr_world,10427,104621.063632875,0.016015041,1,-0.052345900,-0.321029000,-0.445254000,0.030189185,-0.651877329,0.757590180,-0.014201415,1,0.103631693,-0.216437818,-0.479240903,0.030189185,-0.651877329,0.757590180,-0.014201415,10427,104621.063632875,0.016015041,1,0.004802750,-0.036413700,-0.476651000,0.071495172,-0.638035845,0.766067324,-0.030652196,1,0.116211166,-0.186572936,-0.510952240,0.071495172,-0.638035845,0.766067324,-0.030652196
17.364288916,104621.091120416,vr_world,10428,104621.083176750,0.007949166,1,-0.046885500,-0.314101000,-0.446495000,0.027798235,-0.653475815,0.756321310,-0.013217165,1,0.108497578,-0.208937297,-0.481425218,0.027798235,-0.653475815,0.756321310,-0.013217165,10428,104621.083176750,0.007949166,1,0.004842750,-0.029810000,-0.478602000,0.067521497,-0.644243916,0.761267219,-0.029374214,1,0.118322745,-0.178365447,-0.513095386,0.067521497,-0.644243916,0.761267219,-0.029374214
17.376623958,104621.103455458,vr_world,10429,104621.102762291,0.000694084,1,-0.036506500,-0.301592000,-0.448762000,0.021421237,-0.661969195,0.749130255,-0.011907006,1,0.116107509,-0.193270466,-0.486163429,0.021421237,-0.661969195,0.749130255,-0.011907006,10429,104621.102762291,0.000694084,1,0.004727020,-0.017501200,-0.482220000,0.063984565,-0.657555560,0.750271939,-0.024873247,1,0.122944682,-0.162025651,-0.517906203,0.063984565,-0.657555560,0.750271939,-0.024873247
17.386915208,104621.113746708,vr_world,10429,104621.102762291,0.010985584,1,-0.036506500,-0.301592000,-0.448762000,0.021421237,-0.661969195,0.749130255,-0.011907006,1,0.116107509,-0.193270466,-0.486163429,0.021421237,-0.661969195,0.749130255,-0.011907006,10429,104621.102762291,0.010985584,1,0.004727020,-0.017501200,-0.482220000,0.063984565,-0.657555560,0.750271939,-0.024873247,1,0.122944682,-0.162025651,-0.517906203,0.063984565,-0.657555560,0.750271939,-0.024873247
17.397582291,104621.124413791,vr_world,10430,104621.121924000,0.002490833,1,-0.032000500,-0.294608000,-0.449410000,0.013977675,-0.664327972,0.747233761,-0.010708741,1,0.119477110,-0.185705005,-0.489635818,0.013977675,-0.664327972,0.747233761,-0.010708741,10430,104621.121924000,0.002490833,1,0.004298870,-0.011435100,-0.484527000,0.064771314,-0.664668756,0.743942369,-0.023872010,1,0.125275456,-0.153620414,-0.520363014,0.064771314,-0.664668756,0.743942369,-0.023872010
17.409949958,104621.136781458,vr_world,10430,104621.121924000,0.014858958,1,-0.032000500,-0.294608000,-0.449410000,0.013977675,-0.664327972,0.747233761,-0.010708741,1,0.119477110,-0.185705005,-0.489635818,0.013977675,-0.664327972,0.747233761,-0.010708741,10430,104621.121924000,0.014858958,1,0.004298870,-0.011435100,-0.484527000,0.064771314,-0.664668756,0.743942369,-0.023872010,1,0.125275456,-0.153620414,-0.520363014,0.064771314,-0.664668756,0.743942369,-0.023872010
17.421585666,104621.148417166,vr_world,10431,104621.141390083,0.007028250,1,-0.027891500,-0.287500000,-0.451187000,0.014352981,-0.665108386,0.746519502,-0.011552502,1,0.123424834,-0.178311210,-0.491244855,0.014352981,-0.665108386,0.746519502,-0.011552502,10431,104621.141390083,0.007028250,1,0.004220270,-0.005330960,-0.486705000,0.064954480,-0.670422019,0.738783653,-0.022670398,1,0.127363871,-0.145576931,-0.522801513,0.064954480,-0.670422019,0.738783653,-0.022670398
17.433958250,104621.160789750,vr_world,10432,104621.160059750,0.000730958,1,-0.019304300,-0.275083000,-0.454103000,0.011675069,-0.670121037,0.742055647,-0.012446091,1,0.130430631,-0.164095607,-0.495148187,0.011675069,-0.670121037,0.742055647,-0.012446091,10432,104621.160059750,0.000730958,1,0.004033460,0.006088990,-0.490776000,0.062871413,-0.681209889,0.729130029,-0.019226880,1,0.130970772,-0.130484143,-0.527802256,0.062871413,-0.681209889,0.729130029,-0.019226880
17.446306416,104621.173137916,vr_world,10432,104621.160059750,0.013079416,1,-0.019304300,-0.275083000,-0.454103000,0.011675069,-0.670121037,0.742055647,-0.012446091,1,0.130430631,-0.164095607,-0.495148187,0.011675069,-0.670121037,0.742055647,-0.012446091,10432,104621.160059750,0.013079416,1,0.004033460,0.006088990,-0.490776000,0.062871413,-0.681209889,0.729130029,-0.019226880,1,0.130970772,-0.130484143,-0.527802256,0.062871413,-0.681209889,0.729130029,-0.019226880
17.458713125,104621.185544625,vr_world,10433,104621.180583791,0.004962625,1,-0.015276300,-0.268898000,-0.455979000,0.011711382,-0.673492938,0.738991534,-0.012712956,1,0.133458139,-0.156572259,-0.497020717,0.011711382,-0.673492938,0.738991534,-0.012712956,10433,104621.180583791,0.004962625,1,0.003614730,0.011714300,-0.493039000,0.061234527,-0.686138864,0.724670161,-0.017803103,1,0.132220988,-0.123184232,-0.530442375,0.061234527,-0.686138864,0.724670161,-0.017803103
17.470842625,104621.197674125,vr_world,10433,104621.180583791,0.017091667,1,-0.015276300,-0.268898000,-0.455979000,0.011711382,-0.673492938,0.738991534,-0.012712956,1,0.133458139,-0.156572259,-0.497020717,0.011711382,-0.673492938,0.738991534,-0.012712956,10433,104621.180583791,0.017091667,1,0.003614730,0.011714300,-0.493039000,0.061234527,-0.686138864,0.724670161,-0.017803103,1,0.132220988,-0.123184232,-0.530442375,0.061234527,-0.686138864,0.724670161,-0.017803103
17.483221458,104621.210052958,vr_world,10434,104621.199569458,0.010484500,1,-0.007736970,-0.257154000,-0.458768000,0.009200881,-0.678957574,0.734019030,-0.012166345,1,0.139142995,-0.142769463,-0.500790901,0.009200881,-0.678957574,0.734019030,-0.012166345,10434,104621.199569458,0.010484500,1,0.002882130,0.022357000,-0.497200000,0.059063011,-0.696623340,0.714847715,-0.014840052,1,0.135099712,-0.108776416,-0.535393533,0.059063011,-0.696623340,0.714847715,-0.014840052
17.495608833,104621.222440333,vr_world,10435,104621.219170958,0.003269917,1,-0.004512660,-0.251363000,-0.460137000,0.006798350,-0.682055666,0.731190104,-0.010718345,1,0.141171908,-0.135809506,-0.503112049,0.006798350,-0.682055666,0.731190104,-0.010718345,10435,104621.219170958,0.003269917,1,0.002240590,0.027824500,-0.499182000,0.058997502,-0.701893213,0.709714777,-0.013044078,1,0.136313799,-0.101260190,-0.537882624,0.058997502,-0.701893213,0.709714777,-0.013044078
17.508002708,104621.234834208,vr_world,10435,104621.219170958,0.015664208,1,-0.004512660,-0.251363000,-0.460137000,0.006798350,-0.682055666,0.731190104,-0.010718345,1,0.141171908,-0.135809506,-0.503112049,0.006798350,-0.682055666,0.731190104,-0.010718345,10435,104621.219170958,0.015664208,1,0.002240590,0.027824500,-0.499182000,0.058997502,-0.701893213,0.709714777,-0.013044078,1,0.136313799,-0.101260190,-0.537882624,0.058997502,-0.701893213,0.709714777,-0.013044078
17.520430041,104621.247261541,vr_world,10436,104621.238286416,0.008976667,1,-0.000744011,-0.245290000,-0.462366000,0.006907646,-0.687872626,0.725726720,-0.010210962,1,0.143051503,-0.127395332,-0.505344268,0.006907646,-0.687872626,0.725726720,-0.010210962,10436,104621.238286416,0.008976667,1,0.001734000,0.033441400,-0.501830000,0.060714615,-0.706284111,0.705198040,-0.013123010,1,0.137538275,-0.093877660,-0.540343521,0.060714615,-0.706284111,0.705198040,-0.013123010
17.531603625,104621.258435125,vr_world,10437,104621.257756166,0.000679417,1,0.005694540,-0.233705000,-0.464800000,0.006707365,0.695907310,-0.718013944,0.011135704,1,0.146029892,-0.113612788,-0.512834432,0.006707365,0.695907310,-0.718013944,0.011135704,10437,104621.257756166,0.000679417,1,0.000875887,0.043293700,-0.507086000,0.061178287,-0.716436266,0.694816761,-0.014351379,1,0.140426227,-0.080152033,-0.544809750,0.061178287,-0.716436266,0.694816761,-0.014351379
17.543961916,104621.270793416,vr_world,10437,104621.257756166,0.013038625,1,0.005694540,-0.233705000,-0.464800000,0.006707365,0.695907310,-0.718013944,0.011135704,1,0.146029892,-0.113612788,-0.512834432,0.006707365,0.695907310,-0.718013944,0.011135704,10437,104621.257756166,0.013038625,1,0.000875887,0.043293700,-0.507086000,0.061178287,-0.716436266,0.694816761,-0.014351379,1,0.140426227,-0.080152033,-0.544809750,0.061178287,-0.716436266,0.694816761,-0.014351379
17.554520291,104621.281351791,vr_world,10438,104621.276509000,0.004844250,1,0.007841480,-0.227933000,-0.468286000,0.005076435,0.696147106,-0.717752735,0.013581139,1,0.148357104,-0.107791004,-0.515664327,0.005076435,0.696147106,-0.717752735,0.013581139,10438,104621.276509000,0.004844250,1,0.001089450,0.048267500,-0.509950000,0.063472200,-0.718499198,0.692518515,-0.012177432,1,0.141448660,-0.074041653,-0.548368413,0.063472200,-0.718499198,0.692518515,-0.012177432
17.566866375,104621.293697875,vr_world,10438,104621.276509000,0.017189916,1,0.007841480,-0.227933000,-0.468286000,0.005076435,0.696147106,-0.717752735,0.013581139,1,0.148357104,-0.107791004,-0.515664327,0.005076435,0.696147106,-0.717752735,0.013581139,10438,104621.276509000,0.017189916,1,0.001089450,0.048267500,-0.509950000,0.063472200,-0.718499198,0.692518515,-0.012177432,1,0.141448660,-0.074041653,-0.548368413,0.063472200,-0.718499198,0.692518515,-0.012177432
17.578923625,104621.305755125,vr_world,10439,104621.295704375,0.010053166,1,0.012575500,-0.217215000,-0.472897000,0.010419354,0.698881893,-0.714954691,0.017185071,1,0.152029551,-0.096605244,-0.522185004,0.010419354,0.698881893,-0.714954691,0.017185071,10439,104621.295704375,0.010053166,1,0.001134630,0.057343000,-0.515498000,0.064325345,-0.725190175,0.685467209,-0.009806395,1,0.143819361,-0.062039814,-0.554549519,0.064325345,-0.725190175,0.685467209,-0.009806395
17.590917125,104621.317748625,vr_world,10440,104621.314682708,0.003069917,1,0.014877900,-0.211826000,-0.476044000,0.010934886,0.699988422,-0.713795558,0.019812566,1,0.154082712,-0.090986741,-0.525474282,0.010934886,0.699988422,-0.713795558,0.019812566,10440,104621.314682708,0.003069917,1,0.001196130,0.061489600,-0.518969000,0.063202799,-0.729209559,0.681312506,-0.008490835,1,0.145148730,-0.056235340,-0.558399051,0.063202799,-0.729209559,0.681312506,-0.008490835
17.603289208,104621.330120708,vr_world,10440,104621.314682708,0.015438917,1,0.014877900,-0.211826000,-0.476044000,0.010934886,0.699988422,-0.713795558,0.019812566,1,0.154082712,-0.090986741,-0.525474282,0.010934886,0.699988422,-0.713795558,0.019812566,10440,104621.314682708,0.015438917,1,0.001196130,0.061489600,-0.518969000,0.063202799,-0.729209559,0.681312506,-0.008490835,1,0.145148730,-0.056235340,-0.558399051,0.063202799,-0.729209559,0.681312506,-0.008490835
17.615701333,104621.342532833,vr_world,10441,104621.334038333,0.008495250,1,0.016939100,-0.207068000,-0.478046000,0.016772188,0.704009047,-0.709698268,0.020452981,1,0.154388841,-0.085134068,-0.529651489,0.016772188,0.704009047,-0.709698268,0.020452981,10441,104621.334038333,0.008495250,1,0.001763770,0.065315100,-0.522284000,0.062182561,-0.732344655,0.678056293,-0.006655711,1,0.146650035,-0.051053724,-0.562315255,0.062182561,-0.732344655,0.678056293,-0.006655711
17.627655541,104621.354487041,vr_world,10442,104621.353421541,0.001066375,1,0.020429800,-0.197498000,-0.482536000,0.025839138,0.709073895,-0.704307940,0.022290739,1,0.155538308,-0.074413911,-0.537485584,0.025839138,0.709073895,-0.704307940,0.022290739,10442,104621.353421541,0.001066375,1,0.002516520,0.073139800,-0.527379000,0.057435967,-0.737236642,0.673188857,-0.000081249,1,0.148436368,-0.041064675,-0.569816689,0.057435967,-0.737236642,0.673188857,-0.000081249
17.640056416,104621.366887916,vr_world,10442,104621.353421541,0.013466792,1,0.020429800,-0.197498000,-0.482536000,0.025839138,0.709073895,-0.704307940,0.022290739,1,0.155538308,-0.074413911,-0.537485584,0.025839138,0.709073895,-0.704307940,0.022290739,10442,104621.353421541,0.013466792,1,0.002516520,0.073139800,-0.527379000,0.057435967,-0.737236642,0.673188857,-0.000081249,1,0.148436368,-0.041064675,-0.569816689,0.057435967,-0.737236642,0.673188857,-0.000081249
17.650332791,104621.377164291,vr_world,10443,104621.372957250,0.004209375,1,0.021832100,-0.193034000,-0.485689000,0.028407960,0.709638302,-0.703594392,0.023693868,1,0.156629704,-0.070023279,-0.541558512,0.028407960,0.709638302,-0.703594392,0.023693868,10443,104621.372957250,0.004209375,1,0.002788500,0.076830900,-0.529653000,0.052830424,-0.738041173,0.672673574,0.003799517,1,0.148456666,-0.037111703,-0.573631241,0.052830424,-0.738041173,0.672673574,0.003799517
17.662750625,104621.389582125,vr_world,10443,104621.372957250,0.016629000,1,0.021832100,-0.193034000,-0.485689000,0.028407960,0.709638302,-0.703594392,0.023693868,1,0.156629704,-0.070023279,-0.541558512,0.028407960,0.709638302,-0.703594392,0.023693868,10443,104621.372957250,0.016629000,1,0.002788500,0.076830900,-0.529653000,0.052830424,-0.738041173,0.672673574,0.003799517,1,0.148456666,-0.037111703,-0.573631241,0.052830424,-0.738041173,0.672673574,0.003799517
17.674229750,104621.401061250,vr_world,10444,104621.392128333,0.008933708,1,0.024397300,-0.185116000,-0.490681000,0.033827182,0.712304999,-0.700582495,0.025719210,1,0.157936064,-0.061646145,-0.548526035,0.033827182,0.712304999,-0.700582495,0.025719210,10444,104621.392128333,0.008933708,1,0.002826680,0.083367600,-0.534688000,0.048014170,-0.742472292,0.668097819,0.008651028,1,0.149404799,-0.028682257,-0.580469246,0.048014170,-0.742472292,0.668097819,0.008651028
17.686668166,104621.413499666,vr_world,10445,104621.411833791,0.001668334,1,0.025084400,-0.182078000,-0.493609000,0.033651276,0.713021807,-0.699815377,0.026943149,1,0.158462539,-0.058400063,-0.551380098,0.033651276,0.713021807,-0.699815377,0.026943149,10445,104621.411833791,0.001668334,1,0.002541980,0.086159900,-0.538075000,0.048013434,-0.744448147,0.665889313,0.009115306,1,0.149765458,-0.024992240,-0.583973645,0.048013434,-0.744448147,0.665889313,0.009115306
17.699075750,104621.425907250,vr_world,10445,104621.411833791,0.014074084,1,0.025084400,-0.182078000,-0.493609000,0.033651276,0.713021807,-0.699815377,0.026943149,1,0.158462539,-0.058400063,-0.551380098,0.033651276,0.713021807,-0.699815377,0.026943149,10445,104621.411833791,0.014074084,1,0.002541980,0.086159900,-0.538075000,0.048013434,-0.744448147,0.665889313,0.009115306,1,0.149765458,-0.024992240,-0.583973645,0.048013434,-0.744448147,0.665889313,0.009115306
17.711522583,104621.438354083,vr_world,10446,104621.432765791,0.005590167,1,0.026117000,-0.179281000,-0.496516000,0.033284087,0.714125019,-0.698656506,0.028226099,1,0.159213344,-0.055235852,-0.554149266,0.033284087,0.714125019,-0.698656506,0.028226099,10446,104621.432765791,0.005590167,1,0.002511270,0.088651200,-0.541633000,0.049844772,-0.745654397,0.664422397,0.007608954,1,0.150356029,-0.021939173,-0.586886927,0.049844772,-0.745654397,0.664422397,0.007608954
17.722924791,104621.449756291,vr_world,10446,104621.432765791,0.016991250,1,0.026117000,-0.179281000,-0.496516000,0.033284087,0.714125019,-0.698656506,0.028226099,1,0.159213344,-0.055235852,-0.554149266,0.033284087,0.714125019,-0.698656506,0.028226099,10446,104621.432765791,0.016991250,1,0.002511270,0.088651200,-0.541633000,0.049844772,-0.745654397,0.664422397,0.007608954,1,0.150356029,-0.021939173,-0.586886927,0.049844772,-0.745654397,0.664422397,0.007608954
17.735339791,104621.462171291,vr_world,10447,104621.451866333,0.010305333,1,0.028725700,-0.173621000,-0.501897000,0.035429084,0.716793705,-0.695771169,0.029224044,1,0.160740978,-0.048800352,-0.560336987,0.035429084,0.716793705,-0.695771169,0.029224044,10447,104621.451866333,0.010305333,1,0.002697810,0.093331100,-0.547130000,0.050358387,-0.748883142,0.660734883,0.008215100,1,0.151632392,-0.015739664,-0.592498348,0.050358387,-0.748883142,0.660734883,0.008215100
17.747788708,104621.474620208,vr_world,10448,104621.470853750,0.003767083,1,0.030491000,-0.171305000,-0.504433000,0.036323027,0.718289532,-0.694208922,0.028543995,1,0.161836632,-0.045947418,-0.563231334,0.036323027,0.718289532,-0.694208922,0.028543995,10448,104621.470853750,0.003767083,1,0.003166510,0.094979800,-0.548815000,0.049351345,-0.750329590,0.659130002,0.010843968,1,0.152367602,-0.013321141,-0.595141721,0.049351345,-0.750329590,0.659130002,0.010843968
17.760203458,104621.487034958,vr_world,10448,104621.470853750,0.016181625,1,0.030491000,-0.171305000,-0.504433000,0.036323027,0.718289532,-0.694208922,0.028543995,1,0.161836632,-0.045947418,-0.563231334,0.036323027,0.718289532,-0.694208922,0.028543995,10448,104621.470853750,0.016181625,1,0.003166510,0.094979800,-0.548815000,0.049351345,-0.750329590,0.659130002,0.010843968,1,0.152367602,-0.013321141,-0.595141721,0.049351345,-0.750329590,0.659130002,0.010843968
17.772608833,104621.499440333,vr_world,10449,104621.489922833,0.009517958,1,0.033345200,-0.166311000,-0.507947000,0.042973789,0.718419307,-0.693810002,0.025585824,1,0.163859306,-0.041260330,-0.569199246,0.042973789,0.718419307,-0.693810002,0.025585824,10449,104621.489922833,0.009517958,1,0.003548760,0.098784100,-0.552561000,0.047129888,-0.753075186,0.656043708,0.016223181,1,0.153196390,-0.008029204,-0.600859330,0.047129888,-0.753075186,0.656043708,0.016223181
17.785019958,104621.511851458,vr_world,10450,104621.509552666,0.002299084,1,0.034658100,-0.163905000,-0.508848000,0.049794588,0.715844288,-0.696045152,0.024669818,1,0.165415581,-0.040336133,-0.572539949,0.049794588,0.715844288,-0.696045152,0.024669818,10450,104621.509552666,0.002299084,1,0.003792640,0.100464000,-0.554215000,0.046680649,-0.753183536,0.655919073,0.017482789,1,0.153369699,-0.006233048,-0.602986653,0.046680649,-0.753183536,0.655919073,0.017482789
17.797441166,104621.524272666,vr_world,10450,104621.509552666,0.014720584,1,0.034658100,-0.163905000,-0.508848000,0.049794588,0.715844288,-0.696045152,0.024669818,1,0.165415581,-0.040336133,-0.572539949,0.049794588,0.715844288,-0.696045152,0.024669818,10450,104621.509552666,0.014720584,1,0.003792640,0.100464000,-0.554215000,0.046680649,-0.753183536,0.655919073,0.017482789,1,0.153369699,-0.006233048,-0.602986653,0.046680649,-0.753183536,0.655919073,0.017482789
17.809876083,104621.536707583,vr_world,10451,104621.529268375,0.007441625,1,0.036185100,-0.161844000,-0.509238000,0.057785667,0.713950673,-0.697395016,0.023988417,1,0.166787725,-0.039623767,-0.575785930,0.057785667,0.713950673,-0.697395016,0.023988417,10451,104621.529268375,0.007441625,1,0.004062980,0.102016000,-0.555743000,0.047531253,-0.753303621,0.655714511,0.017689377,1,0.153728998,-0.004537313,-0.604555838,0.047531253,-0.753303621,0.655714511,0.017689377
17.822302583,104621.549134083,vr_world,10452,104621.547786791,0.001349417,1,0.038163000,-0.158949000,-0.510366000,0.071128892,0.714993530,-0.695173047,0.021432840,1,0.166759250,-0.037317320,-0.581725654,0.071128892,0.714993530,-0.695173047,0.021432840,10452,104621.547786791,0.001349417,1,0.004644040,0.104980000,-0.558730000,0.048040970,-0.755302800,0.653370159,0.017809548,1,0.155000171,-0.000611182,-0.607512487,0.048040970,-0.755302800,0.653370159,0.017809548
