t,host_monotonic_s,coordinate_frame,right_frame_counter,right_receive_monotonic_s,right_age_s,right_controller_valid,right_controller_pos_x,right_controller_pos_y,right_controller_pos_z,right_controller_quat_w,right_controller_quat_x,right_controller_quat_y,right_controller_quat_z,right_tcp_valid,right_tcp_pos_x,right_tcp_pos_y,right_tcp_pos_z,right_tcp_quat_w,right_tcp_quat_x,right_tcp_quat_y,right_tcp_quat_z,left_frame_counter,left_receive_monotonic_s,left_age_s,left_controller_valid,left_controller_pos_x,left_controller_pos_y,left_controller_pos_z,left_controller_quat_w,left_controller_quat_x,left_controller_quat_y,left_controller_quat_z,left_tcp_valid,left_tcp_pos_x,left_tcp_pos_y,left_tcp_pos_z,left_tcp_quat_w,left_tcp_quat_x,left_tcp_quat_y,left_tcp_quat_z
0.000000000,104625.557415416,vr_world,10656,104625.555809458,0.001606250,1,0.078293100,-0.203153000,-0.569642000,0.122211938,0.637503022,-0.759841632,-0.035983802,1,0.218196783,-0.110139924,-0.660190474,0.122211938,0.637503022,-0.759841632,-0.035983802,10656,104625.555809458,0.001606250,1,0.082925100,0.100794000,-0.593110000,0.012526873,-0.733682706,0.665953426,0.134383026,1,0.213786348,-0.002654127,-0.684269279,0.012526873,-0.733682706,0.665953426,0.134383026
0.012377084,104625.569792500,vr_world,10656,104625.555809458,0.013983917,1,0.078293100,-0.203153000,-0.569642000,0.122211938,0.637503022,-0.759841632,-0.035983802,1,0.218196783,-0.110139924,-0.660190474,0.122211938,0.637503022,-0.759841632,-0.035983802,10656,104625.555809458,0.013983917,1,0.082925100,0.100794000,-0.593110000,0.012526873,-0.733682706,0.665953426,0.134383026,1,0.213786348,-0.002654127,-0.684269279,0.012526873,-0.733682706,0.665953426,0.134383026
0.024790750,104625.582206166,vr_world,10657,104625.578891041,0.003315542,1,0.078776900,-0.203031000,-0.569851000,0.116119432,0.640588811,-0.758372004,-0.032158319,1,0.219271485,-0.108776442,-0.658173245,0.116119432,0.640588811,-0.758372004,-0.032158319,10657,104625.578891041,0.003315542,1,0.084707000,0.101181000,-0.593520000,0.015163069,-0.734646767,0.664768086,0.134713034,1,0.216110135,-0.001542824,-0.684719034,0.015163069,-0.734646767,0.664768086,0.134713034
0.036371959,104625.593787375,vr_world,10657,104625.578891041,0.014897417,1,0.078776900,-0.203031000,-0.569851000,0.116119432,0.640588811,-0.758372004,-0.032158319,1,0.219271485,-0.108776442,-0.658173245,0.116119432,0.640588811,-0.758372004,-0.032158319,10657,104625.578891041,0.014897417,1,0.084707000,0.101181000,-0.593520000,0.015163069,-0.734646767,0.664768086,0.134713034,1,0.216110135,-0.001542824,-0.684719034,0.015163069,-0.734646767,0.664768086,0.134713034
0.046817417,104625.604232833,vr_world,10658,104625.595023791,0.009209917,1,0.079790500,-0.202014000,-0.568809000,0.118898481,0.639505794,-0.758935282,-0.030211404,1,0.220300383,-0.108606647,-0.658002631,0.118898481,0.639505794,-0.758935282,-0.030211404,10658,104625.595023791,0.009209917,1,0.085544000,0.101581000,-0.593758000,0.015928280,-0.735861032,0.663210184,0.135672704,1,0.217326855,-0.000398282,-0.685244219,0.015928280,-0.735861032,0.663210184,0.135672704
0.059192459,104625.616607875,vr_world,10659,104625.614290541,0.002318209,1,0.081681200,-0.199979000,-0.566744000,0.120952336,0.637602195,-0.760394693,-0.025177060,1,0.222827218,-0.108022191,-0.656438904,0.120952336,0.637602195,-0.760394693,-0.025177060,10659,104625.614290541,0.002318209,1,0.087000400,0.102419000,-0.594301000,0.015564230,-0.738440016,0.660339358,0.135705676,1,0.219592784,0.001482267,-0.685773650,0.015564230,-0.738440016,0.660339358,0.135705676
0.071548500,104625.628963916,vr_world,10659,104625.614290541,0.014674667,1,0.081681200,-0.199979000,-0.566744000,0.120952336,0.637602195,-0.760394693,-0.025177060,1,0.222827218,-0.108022191,-0.656438904,0.120952336,0.637602195,-0.760394693,-0.025177060,10659,104625.614290541,0.014674667,1,0.087000400,0.102419000,-0.594301000,0.015564230,-0.738440016,0.660339358,0.135705676,1,0.219592784,0.001482267,-0.685773650,0.015564230,-0.738440016,0.660339358,0.135705676
0.083905042,104625.641320458,vr_world,10660,104625.633897125,0.007423916,1,0.082946000,-0.199228000,-0.565661000,0.125344617,0.637914604,-0.759525972,-0.021771143,1,0.223622597,-0.107864316,-0.656689849,0.125344617,0.637914604,-0.759525972,-0.021771143,10660,104625.633897125,0.007423916,1,0.087750700,0.103315000,-0.594819000,0.013522707,-0.739755701,0.659181773,0.134380167,1,0.220711139,0.002494083,-0.685884383,0.013522707,-0.739755701,0.659181773,0.134380167
0.096312459,104625.653727875,vr_world,10660,104625.633897125,0.019831375,1,0.082946000,-0.199228000,-0.565661000,0.125344617,0.637914604,-0.759525972,-0.021771143,1,0.223622597,-0.107864316,-0.656689849,0.125344617,0.637914604,-0.759525972,-0.021771143,10660,104625.633897125,0.019831375,1,0.087750700,0.103315000,-0.594819000,0.013522707,-0.739755701,0.659181773,0.134380167,1,0.220711139,0.002494083,-0.685884383,0.013522707,-0.739755701,0.659181773,0.134380167
0.107024125,104625.664439541,vr_world,10661,104625.654281125,0.010159250,1,0.084772400,-0.199102000,-0.565454000,0.124081844,0.639629142,-0.758418725,-0.016712073,1,0.225711395,-0.107509414,-0.655844317,0.124081844,0.639629142,-0.758418725,-0.016712073,10661,104625.654281125,0.010159250,1,0.089349800,0.104607000,-0.595539000,0.012205510,-0.741632392,0.657452868,0.132620311,1,0.222976213,0.004147746,-0.686027300,0.012205510,-0.741632392,0.657452868,0.132620311
0.117265209,104625.674680625,vr_world,10662,104625.674525291,0.000155584,1,0.086286200,-0.200043000,-0.564462000,0.122340780,0.642725121,-0.755974323,-0.020975577,1,0.226305918,-0.106647434,-0.654435396,0.122340780,0.642725121,-0.755974323,-0.020975577,10662,104625.674525291,0.000155584,1,0.089980300,0.105418000,-0.595917000,0.011938693,-0.743695051,0.655234425,0.132071902,1,0.224309482,0.005718371,-0.686204830,0.011938693,-0.743695051,0.655234425,0.132071902
0.129637042,104625.687052458,vr_world,10662,104625.674525291,0.012527667,1,0.086286200,-0.200043000,-0.564462000,0.122340780,0.642725121,-0.755974323,-0.020975577,1,0.226305918,-0.106647434,-0.654435396,0.122340780,0.642725121,-0.755974323,-0.020975577,10662,104625.674525291,0.012527667,1,0.089980300,0.105418000,-0.595917000,0.011938693,-0.743695051,0.655234425,0.132071902,1,0.224309482,0.005718371,-0.686204830,0.011938693,-0.743695051,0.655234425,0.132071902
0.142002959,104625.699418375,vr_world,10663,104625.695613916,0.003804917,1,0.088463500,-0.200729000,-0.562991000,0.113703743,0.647470012,-0.753169918,-0.024271744,1,0.228309842,-0.104450514,-0.650151151,0.113703743,0.647470012,-0.753169918,-0.024271744,10663,104625.695613916,0.003804917,1,0.091269900,0.107161000,-0.596743000,0.011789512,-0.747443977,0.651323730,0.130253240,1,0.226984639,0.008760097,-0.686381149,0.011789512,-0.747443977,0.651323730,0.130253240
0.152820417,104625.710235833,vr_world,10663,104625.695613916,0.014622459,1,0.088463500,-0.200729000,-0.562991000,0.113703743,0.647470012,-0.753169918,-0.024271744,1,0.228309842,-0.104450514,-0.650151151,0.113703743,0.647470012,-0.753169918,-0.024271744,10663,104625.695613916,0.014622459,1,0.091269900,0.107161000,-0.596743000,0.011789512,-0.747443977,0.651323730,0.130253240,1,0.226984639,0.008760097,-0.686381149,0.011789512,-0.747443977,0.651323730,0.130253240
0.163068042,104625.720483458,vr_world,10664,104625.715510291,0.004973584,1,0.090034000,-0.200977000,-0.561768000,0.106457831,0.648531624,-0.753272280,-0.025579988,1,0.230600299,-0.103587858,-0.646502537,0.106457831,0.648531624,-0.753272280,-0.025579988,10664,104625.715510291,0.004973584,1,0.092097900,0.108620000,-0.597461000,0.010004720,-0.749496089,0.649492585,0.127729794,1,0.228564773,0.010517467,-0.686280503,0.010004720,-0.749496089,0.649492585,0.127729794
0.175277584,104625.732693000,vr_world,10664,104625.715510291,0.017182959,1,0.090034000,-0.200977000,-0.561768000,0.106457831,0.648531624,-0.753272280,-0.025579988,1,0.230600299,-0.103587858,-0.646502537,0.106457831,0.648531624,-0.753272280,-0.025579988,10664,104625.715510291,0.017182959,1,0.092097900,0.108620000,-0.597461000,0.010004720,-0.749496089,0.649492585,0.127729794,1,0.228564773,0.010517467,-0.686280503,0.010004720,-0.749496089,0.649492585,0.127729794
0.186312667,104625.743728083,vr_world,10665,104625.735012666,0.008715917,1,0.091914800,-0.201269000,-0.560297000,0.102482347,0.650386266,-0.752214878,-0.025842814,1,0.232562361,-0.102826197,-0.643667966,0.102482347,0.650386266,-0.752214878,-0.025842814,10665,104625.735012666,0.008715917,1,0.093194000,0.110102000,-0.598158000,0.007902938,-0.750860016,0.648399171,0.125400541,1,0.230143598,0.012008753,-0.686241641,0.007902938,-0.750860016,0.648399171,0.125400541
0.196381750,104625.753797166,vr_world,10665,104625.735012666,0.018785000,1,0.091914800,-0.201269000,-0.560297000,0.102482347,0.650386266,-0.752214878,-0.025842814,1,0.232562361,-0.102826197,-0.643667966,0.102482347,0.650386266,-0.752214878,-0.025842814,10665,104625.735012666,0.018785000,1,0.093194000,0.110102000,-0.598158000,0.007902938,-0.750860016,0.648399171,0.125400541,1,0.230143598,0.012008753,-0.686241641,0.007902938,-0.750860016,0.648399171,0.125400541
0.208326667,104625.765742083,vr_world,10666,104625.754397041,0.011345584,1,0.095314900,-0.201901000,-0.557592000,0.096200645,0.657077113,-0.747271240,-0.024099742,1,0.235220024,-0.100549154,-0.638695784,0.096200645,0.657077113,-0.747271240,-0.024099742,10666,104625.754397041,0.011345584,1,0.095413200,0.112808000,-0.599178000,0.003358267,-0.753513516,0.645933851,0.122374684,1,0.233113238,0.014954358,-0.686353537,0.003358267,-0.753513516,0.645933851,0.122374684
0.220363375,104625.777778791,vr_world,10667,104625.774521083,0.003258208,1,0.098130100,-0.201306000,-0.555891000,0.092176646,0.655071515,-0.749644629,-0.020437877,1,0.239499850,-0.100797567,-0.635490840,0.092176646,0.655071515,-0.749644629,-0.020437877,10667,104625.774521083,0.003258208,1,0.096697300,0.114418000,-0.599758000,0.000489160,-0.754864831,0.644644784,0.120879901,1,0.234728871,0.016650994,-0.686505511,0.000489160,-0.754864831,0.644644784,0.120879901
0.231614959,104625.789030375,vr_world,10667,104625.774521083,0.014509667,1,0.098130100,-0.201306000,-0.555891000,0.092176646,0.655071515,-0.749644629,-0.020437877,1,0.239499850,-0.100797567,-0.635490840,0.092176646,0.655071515,-0.749644629,-0.020437877,10667,104625.774521083,0.014509667,1,0.096697300,0.114418000,-0.599758000,0.000489160,-0.754864831,0.644644784,0.120879901,1,0.234728871,0.016650994,-0.686505511,0.000489160,-0.754864831,0.644644784,0.120879901
0.242212709,104625.799628125,vr_world,10668,104625.794549583,0.005079125,1,0.102901000,-0.201352000,-0.551843000,0.088326413,0.657462692,-0.748108621,-0.016575401,1,0.244489323,-0.099992400,-0.629960891,0.088326413,0.657462692,-0.748108621,-0.016575401,10668,104625.794549583,0.005079125,1,0.099140000,0.117137000,-0.600611000,0.003914865,0.758136126,-0.641188762,-0.118706612,1,0.238055559,0.020078652,-0.686740794,0.003914865,0.758136126,-0.641188762,-0.118706612
0.253611917,104625.811027333,vr_world,10668,104625.794549583,0.016478125,1,0.102901000,-0.201352000,-0.551843000,0.088326413,0.657462692,-0.748108621,-0.016575401,1,0.244489323,-0.099992400,-0.629960891,0.088326413,0.657462692,-0.748108621,-0.016575401,10668,104625.794549583,0.016478125,1,0.099140000,0.117137000,-0.600611000,0.003914865,0.758136126,-0.641188762,-0.118706612,1,0.238055559,0.020078652,-0.686740794,0.003914865,0.758136126,-0.641188762,-0.118706612
0.264118959,104625.821534375,vr_world,10669,104625.814089458,0.007445417,1,0.106705000,-0.201180000,-0.549211000,0.086490961,0.658219107,-0.747687915,-0.015155922,1,0.248457981,-0.099520779,-0.626638043,0.086490961,0.658219107,-0.747687915,-0.015155922,10669,104625.814089458,0.007445417,1,0.100592000,0.118598000,-0.600950000,0.005387529,0.760227898,-0.638915929,-0.117520014,1,0.240168777,0.022168087,-0.686716087,0.005387529,0.760227898,-0.638915929,-0.117520014
0.276390292,104625.833805708,vr_world,10669,104625.814089458,0.019716708,1,0.106705000,-0.201180000,-0.549211000,0.086490961,0.658219107,-0.747687915,-0.015155922,1,0.248457981,-0.099520779,-0.626638043,0.086490961,0.658219107,-0.747687915,-0.015155922,10669,104625.814089458,0.019716708,1,0.100592000,0.118598000,-0.600950000,0.005387529,0.760227898,-0.638915929,-0.117520014,1,0.240168777,0.022168087,-0.686716087,0.005387529,0.760227898,-0.638915929,-0.117520014
0.288728625,104625.846144041,vr_world,10670,104625.834404250,0.011740125,1,0.113428000,-0.201008000,-0.544261000,0.081758372,0.663298235,-0.743776990,-0.012116467,1,0.254641024,-0.097286277,-0.619918979,0.081758372,0.663298235,-0.743776990,-0.012116467,10670,104625.834404250,0.011740125,1,0.103415000,0.121483000,-0.601596000,0.008142702,0.763782286,-0.635072478,-0.115122819,1,0.244130948,0.026064065,-0.686628006,0.008142702,0.763782286,-0.635072478,-0.115122819
0.300355125,104625.857770541,vr_world,10671,104625.853933583,0.003837375,1,0.118009000,-0.200461000,-0.540469000,0.080935238,0.667467535,-0.740144248,-0.011093682,1,0.258212304,-0.095142105,-0.615797589,0.080935238,0.667467535,-0.740144248,-0.011093682,10671,104625.853933583,0.003837375,1,0.105023000,0.123179000,-0.601811000,0.008539116,0.765565097,-0.633175655,-0.113691492,1,0.246415979,0.028338342,-0.686365903,0.008539116,0.765565097,-0.633175655,-0.113691492
0.311048042,104625.868463458,vr_world,10671,104625.853933583,0.014530417,1,0.118009000,-0.200461000,-0.540469000,0.080935238,0.667467535,-0.740144248,-0.011093682,1,0.258212304,-0.095142105,-0.615797589,0.080935238,0.667467535,-0.740144248,-0.011093682,10671,104625.853933583,0.014530417,1,0.105023000,0.123179000,-0.601811000,0.008539116,0.765565097,-0.633175655,-0.113691492,1,0.246415979,0.028338342,-0.686365903,0.008539116,0.765565097,-0.633175655,-0.113691492
0.323095292,104625.880510708,vr_world,10672,104625.873329166,0.007181875,1,0.122763000,-0.199542000,-0.536717000,0.079333203,0.671806331,-0.736422336,-0.008039917,1,0.262154845,-0.092686283,-0.611384409,0.079333203,0.671806331,-0.736422336,-0.008039917,10672,104625.873329166,0.007181875,1,0.106650000,0.124974000,-0.601843000,0.008703872,0.767301999,-0.631364031,-0.112032784,1,0.248746559,0.030686675,-0.685835096,0.008703872,0.767301999,-0.631364031,-0.112032784
0.334324417,104625.891739833,vr_world,10672,104625.873329166,0.018411125,1,0.122763000,-0.199542000,-0.536717000,0.079333203,0.671806331,-0.736422336,-0.008039917,1,0.262154845,-0.092686283,-0.611384409,0.079333203,0.671806331,-0.736422336,-0.008039917,10672,104625.873329166,0.018411125,1,0.106650000,0.124974000,-0.601843000,0.008703872,0.767301999,-0.631364031,-0.112032784,1,0.248746559,0.030686675,-0.685835096,0.008703872,0.767301999,-0.631364031,-0.112032784
0.346705042,104625.904120458,vr_world,10673,104625.893872625,0.010248166,1,0.130910000,-0.197257000,-0.529932000,0.077477809,0.677483940,-0.731441557,0.002439019,1,0.269702171,-0.088967397,-0.603644628,0.077477809,0.677483940,-0.731441557,0.002439019,10673,104625.893872625,0.010248166,1,0.109519000,0.128297000,-0.602043000,0.009968443,0.770506473,-0.628032335,-0.108608428,1,0.252867507,0.034910117,-0.684906277,0.009968443,0.770506473,-0.628032335,-0.108608428
0.358759917,104625.916175333,vr_world,10674,104625.914141375,0.002034833,1,0.135347000,-0.195213000,-0.526348000,0.074647547,0.678893551,-0.730302752,0.013754264,1,0.274966776,-0.087088961,-0.598728536,0.074647547,0.678893551,-0.730302752,0.013754264,10674,104625.914141375,0.002034833,1,0.111119000,0.130485000,-0.602150000,0.009636076,0.771138600,-0.627702649,-0.106027306,1,0.254960101,0.037064005,-0.684116235,0.009636076,0.771138600,-0.627702649,-0.106027306
0.371146167,104625.928561583,vr_world,10674,104625.914141375,0.014420916,1,0.135347000,-0.195213000,-0.526348000,0.074647547,0.678893551,-0.730302752,0.013754264,1,0.274966776,-0.087088961,-0.598728536,0.074647547,0.678893551,-0.730302752,0.013754264,10674,104625.914141375,0.014420916,1,0.111119000,0.130485000,-0.602150000,0.009636076,0.771138600,-0.627702649,-0.106027306,1,0.254960101,0.037064005,-0.684116235,0.009636076,0.771138600,-0.627702649,-0.106027306
0.383529709,104625.940945125,vr_world,10675,104625.934885458,0.006060083,1,0.144370000,-0.192062000,-0.519809000,0.068006899,0.685105563,-0.724550335,0.032128511,1,0.284218063,-0.082379471,-0.589348337,0.068006899,0.685105563,-0.724550335,0.032128511,10675,104625.934885458,0.006060083,1,0.113966000,0.134138000,-0.602469000,0.009467719,0.773259234,-0.625672225,-0.102541630,1,0.258837781,0.041261387,-0.683229870,0.009467719,0.773259234,-0.625672225,-0.102541630
0.393699584,104625.951115000,vr_world,10675,104625.934885458,0.016230000,1,0.144370000,-0.192062000,-0.519809000,0.068006899,0.685105563,-0.724550335,0.032128511,1,0.284218063,-0.082379471,-0.589348337,0.068006899,0.685105563,-0.724550335,0.032128511,10675,104625.934885458,0.016230000,1,0.113966000,0.134138000,-0.602469000,0.009467719,0.773259234,-0.625672225,-0.102541630,1,0.258837781,0.041261387,-0.683229870,0.009467719,0.773259234,-0.625672225,-0.102541630
0.406107459,104625.963522875,vr_world,10676,104625.954734625,0.008788583,1,0.150648000,-0.189362000,-0.515743000,0.068275401,0.689361835,-0.719865646,0.043728499,1,0.289952246,-0.078878439,-0.585105610,0.068275401,0.689361835,-0.719865646,0.043728499,10676,104625.954734625,0.008788583,1,0.115585000,0.136237000,-0.602567000,0.008814200,0.773722911,-0.625232763,-0.101779959,1,0.260730551,0.043538400,-0.683040417,0.008814200,0.773722911,-0.625232763,-0.101779959
0.418523667,104625.975939083,vr_world,10677,104625.974403166,0.001536417,1,0.161784000,-0.184113000,-0.507993000,0.069563435,0.693028753,-0.714806054,0.062644885,1,0.301070827,-0.073585995,-0.577321274,0.069563435,0.693028753,-0.714806054,0.062644885,10677,104625.974403166,0.001536417,1,0.118414000,0.140001000,-0.602538000,0.009419381,0.776006154,-0.622438479,-0.101469523,1,0.264244512,0.048307911,-0.682925221,0.009419381,0.776006154,-0.622438479,-0.101469523
0.430941750,104625.988357166,vr_world,10677,104625.974403166,0.013954500,1,0.161784000,-0.184113000,-0.507993000,0.069563435,0.693028753,-0.714806054,0.062644885,1,0.301070827,-0.073585995,-0.577321274,0.069563435,0.693028753,-0.714806054,0.062644885,10677,104625.974403166,0.013954500,1,0.118414000,0.140001000,-0.602538000,0.009419381,0.776006154,-0.622438479,-0.101469523,1,0.264244512,0.048307911,-0.682925221,0.009419381,0.776006154,-0.622438479,-0.101469523
0.443350625,104626.000766041,vr_world,10678,104625.993372041,0.007394417,1,0.168976000,-0.180976000,-0.502934000,0.074885487,0.694598397,-0.712037950,0.070193933,1,0.307709114,-0.070834506,-0.573965184,0.074885487,0.694598397,-0.712037950,0.070193933,10678,104625.993372041,0.007394417,1,0.119809000,0.142262000,-0.602564000,0.010700342,0.777521883,-0.620591244,-0.101053109,1,0.266044104,0.051133369,-0.682857665,0.010700342,0.777521883,-0.620591244,-0.101053109
0.455757209,104626.013172625,vr_world,10679,104626.012656750,0.000516291,1,0.175467000,-0.178773000,-0.498188000,0.077065807,0.699133530,-0.706869189,0.074894044,1,0.312789207,-0.067391842,-0.570023290,0.077065807,0.699133530,-0.706869189,0.074894044,10679,104626.012656750,0.000516291,1,0.121229000,0.144657000,-0.602707000,0.012741749,0.778778254,-0.619161300,-0.099906779,1,0.267805909,0.053803083,-0.682688361,0.012741749,0.778778254,-0.619161300,-0.099906779
0.466645417,104626.024060833,vr_world,10679,104626.012656750,0.011404583,1,0.175467000,-0.178773000,-0.498188000,0.077065807,0.699133530,-0.706869189,0.074894044,1,0.312789207,-0.067391842,-0.570023290,0.077065807,0.699133530,-0.706869189,0.074894044,10679,104626.012656750,0.011404583,1,0.121229000,0.144657000,-0.602707000,0.012741749,0.778778254,-0.619161300,-0.099906779,1,0.267805909,0.053803083,-0.682688361,0.012741749,0.778778254,-0.619161300,-0.099906779
0.476990959,104626.034406375,vr_world,10680,104626.031826333,0.002580458,1,0.187606000,-0.174161000,-0.490401000,0.073725139,0.707470062,-0.697621093,0.085880884,1,0.323132410,-0.059889303,-0.561097617,0.073725139,0.707470062,-0.697621093,0.085880884,10680,104626.031826333,0.002580458,1,0.123883000,0.149140000,-0.602929000,0.015645680,0.780528773,-0.617356012,-0.096961859,1,0.271074176,0.058496213,-0.682015537,0.015645680,0.780528773,-0.617356012,-0.096961859
0.489394875,104626.046810291,vr_world,10680,104626.031826333,0.014984542,1,0.187606000,-0.174161000,-0.490401000,0.073725139,0.707470062,-0.697621093,0.085880884,1,0.323132410,-0.059889303,-0.561097617,0.073725139,0.707470062,-0.697621093,0.085880884,10680,104626.031826333,0.014984542,1,0.123883000,0.149140000,-0.602929000,0.015645680,0.780528773,-0.617356012,-0.096961859,1,0.271074176,0.058496213,-0.682015537,0.015645680,0.780528773,-0.617356012,-0.096961859
0.501793167,104626.059208583,vr_world,10681,104626.051497833,0.007711250,1,0.194694000,-0.171096000,-0.485956000,0.069037555,0.711033410,-0.694061384,0.089129688,1,0.329619675,-0.055156504,-0.555068436,0.069037555,0.711033410,-0.694061384,0.089129688,10681,104626.051497833,0.007711250,1,0.125138000,0.151703000,-0.603163000,0.016900844,0.781036246,-0.616983396,-0.095017017,1,0.272590331,0.060945446,-0.681630186,0.016900844,0.781036246,-0.616983396,-0.095017017
0.514203250,104626.071618666,vr_world,10681,104626.051497833,0.020121375,1,0.194694000,-0.171096000,-0.485956000,0.069037555,0.711033410,-0.694061384,0.089129688,1,0.329619675,-0.055156504,-0.555068436,0.069037555,0.711033410,-0.694061384,0.089129688,10681,104626.051497833,0.020121375,1,0.125138000,0.151703000,-0.603163000,0.016900844,0.781036246,-0.616983396,-0.095017017,1,0.272590331,0.060945446,-0.681630186,0.016900844,0.781036246,-0.616983396,-0.095017017
0.524356917,104626.081772333,vr_world,10682,104626.075224125,0.006548541,1,0.207869000,-0.165564000,-0.476952000,0.066850681,0.721284762,-0.682696414,0.095942090,1,0.339699389,-0.045872021,-0.545640133,0.066850681,0.721284762,-0.682696414,0.095942090,10682,104626.075224125,0.006548541,1,0.127569000,0.156184000,-0.603518000,0.017375339,0.782767570,-0.615048863,-0.093209033,1,0.275697178,0.066012129,-0.681385166,0.017375339,0.782767570,-0.615048863,-0.093209033
0.536766209,104626.094181625,vr_world,10682,104626.075224125,0.018958125,1,0.207869000,-0.165564000,-0.476952000,0.066850681,0.721284762,-0.682696414,0.095942090,1,0.339699389,-0.045872021,-0.545640133,0.066850681,0.721284762,-0.682696414,0.095942090,10682,104626.075224125,0.018958125,1,0.127569000,0.156184000,-0.603518000,0.017375339,0.782767570,-0.615048863,-0.093209033,1,0.275697178,0.066012129,-0.681385166,0.017375339,0.782767570,-0.615048863,-0.093209033
0.549145959,104626.106561375,vr_world,10683,104626.095432208,0.011130167,1,0.214145000,-0.162304000,-0.471323000,0.064799780,0.727365302,-0.675480562,0.102306975,1,0.344238992,-0.040429947,-0.539482311,0.064799780,0.727365302,-0.675480562,0.102306975,10683,104626.095432208,0.011130167,1,0.128772000,0.158393000,-0.603857000,0.016403562,0.785369008,-0.611866815,-0.092441574,1,0.277834274,0.069512032,-0.681425285,0.016403562,0.785369008,-0.611866815,-0.092441574
0.561515417,104626.118930833,vr_world,10684,104626.116727875,0.002203875,1,0.226898000,-0.155790000,-0.462627000,0.063296521,0.734016916,-0.666333985,0.114942325,1,0.355227496,-0.031864229,-0.530431159,0.063296521,0.734016916,-0.666333985,0.114942325,10684,104626.116727875,0.002203875,1,0.131351000,0.162833000,-0.604384000,0.016800980,0.789398761,-0.606865566,-0.091002789,1,0.281730883,0.075781826,-0.681482780,0.016800980,0.789398761,-0.606865566,-0.091002789
0.572358084,104626.129773500,vr_world,10684,104626.116727875,0.013046458,1,0.226898000,-0.155790000,-0.462627000,0.063296521,0.734016916,-0.666333985,0.114942325,1,0.355227496,-0.031864229,-0.530431159,0.063296521,0.734016916,-0.666333985,0.114942325,10684,104626.116727875,0.013046458,1,0.131351000,0.162833000,-0.604384000,0.016800980,0.789398761,-0.606865566,-0.091002789,1,0.281730883,0.075781826,-0.681482780,0.016800980,0.789398761,-0.606865566,-0.091002789
0.584748875,104626.142164291,vr_world,10685,104626.134699458,0.007465417,1,0.234461000,-0.151564000,-0.458280000,0.065141891,0.735905992,-0.663207093,0.119813426,1,0.362147984,-0.027363414,-0.526790702,0.065141891,0.735905992,-0.663207093,0.119813426,10685,104626.134699458,0.007465417,1,0.132932000,0.165536000,-0.604795000,0.018133209,0.790477541,-0.605472994,-0.090658136,1,0.283567397,0.078879069,-0.681838974,0.018133209,0.790477541,-0.605472994,-0.090658136
0.596361000,104626.153776416,vr_world,10685,104626.134699458,0.019077583,1,0.234461000,-0.151564000,-0.458280000,0.065141891,0.735905992,-0.663207093,0.119813426,1,0.362147984,-0.027363414,-0.526790702,0.065141891,0.735905992,-0.663207093,0.119813426,10685,104626.134699458,0.019077583,1,0.132932000,0.165536000,-0.604795000,0.018133209,0.790477541,-0.605472994,-0.090658136,1,0.283567397,0.078879069,-0.681838974,0.018133209,0.790477541,-0.605472994,-0.090658136
0.608715292,104626.166130708,vr_world,10686,104626.154379000,0.011752041,1,0.247591000,-0.144662000,-0.450668000,0.065065584,0.741088666,-0.655613415,0.129325597,1,0.373679572,-0.018947873,-0.519378085,0.065065584,0.741088666,-0.655613415,0.129325597,10686,104626.154379000,0.011752041,1,0.135710000,0.170157000,-0.605325000,0.019535469,0.792730900,-0.602598981,-0.089836255,1,0.286989468,0.084439980,-0.682158317,0.019535469,0.792730900,-0.602598981,-0.089836255
0.620501459,104626.177916875,vr_world,10687,104626.174342041,0.003575209,1,0.254510000,-0.141096000,-0.446402000,0.065627452,0.743935663,-0.651571154,0.133070652,1,0.379573584,-0.014559911,-0.515475692,0.065627452,0.743935663,-0.651571154,0.133070652,10687,104626.174342041,0.003575209,1,0.137212000,0.172565000,-0.605200000,0.020617767,0.794602234,-0.599872112,-0.091299763,1,0.288801788,0.087912198,-0.682599436,0.020617767,0.794602234,-0.599872112,-0.091299763
0.632896625,104626.190312041,vr_world,10687,104626.174342041,0.015970417,1,0.254510000,-0.141096000,-0.446402000,0.065627452,0.743935663,-0.651571154,0.133070652,1,0.379573584,-0.014559911,-0.515475692,0.065627452,0.743935663,-0.651571154,0.133070652,10687,104626.174342041,0.015970417,1,0.137212000,0.172565000,-0.605200000,0.020617767,0.794602234,-0.599872112,-0.091299763,1,0.288801788,0.087912198,-0.682599436,0.020617767,0.794602234,-0.599872112,-0.091299763
0.645303375,104626.202718791,vr_world,10688,104626.194236375,0.008482833,1,0.261342000,-0.137712000,-0.442580000,0.062729217,0.747517689,-0.647196707,0.135715778,1,0.385265027,-0.009633379,-0.510861854,0.062729217,0.747517689,-0.647196707,0.135715778,10688,104626.194236375,0.008482833,1,0.138492000,0.175038000,-0.605296000,0.022292367,0.797270652,-0.596144788,-0.092054058,1,0.290648038,0.091737749,-0.683050873,0.022292367,0.797270652,-0.596144788,-0.092054058
0.657708834,104626.215124250,vr_world,10689,104626.213560291,0.001564209,1,0.274257000,-0.130663000,-0.435052000,0.059557265,0.754055372,-0.638909981,0.140169415,1,0.395839040,-0.000017026,-0.502675172,0.059557265,0.754055372,-0.638909981,0.140169415,10689,104626.213560291,0.001564209,1,0.140905000,0.180082000,-0.605728000,0.027092488,0.801497929,-0.590332091,-0.091515510,1,0.293977086,0.098556548,-0.683566087,0.027092488,0.801497929,-0.590332091,-0.091515510
0.670115417,104626.227530833,vr_world,10689,104626.213560291,0.013971000,1,0.274257000,-0.130663000,-0.435052000,0.059557265,0.754055372,-0.638909981,0.140169415,1,0.395839040,-0.000017026,-0.502675172,0.059557265,0.754055372,-0.638909981,0.140169415,10689,104626.213560291,0.013971000,1,0.140905000,0.180082000,-0.605728000,0.027092488,0.801497929,-0.590332091,-0.091515510,1,0.293977086,0.098556548,-0.683566087,0.027092488,0.801497929,-0.590332091,-0.091515510
0.682490709,104626.239906125,vr_world,10690,104626.232983708,0.006924375,1,0.280855000,-0.126448000,-0.431247000,0.057732909,0.757739395,-0.634080787,0.142966697,1,0.401084289,0.005632564,-0.498500921,0.057732909,0.757739395,-0.634080787,0.142966697,10690,104626.232983708,0.006924375,1,0.142298000,0.183260000,-0.606063000,0.031994972,0.802256960,-0.589392582,-0.089311123,1,0.295481269,0.101463049,-0.683396005,0.031994972,0.802256960,-0.589392582,-0.089311123
0.694922584,104626.252338000,vr_world,10690,104626.232983708,0.019356333,1,0.280855000,-0.126448000,-0.431247000,0.057732909,0.757739395,-0.634080787,0.142966697,1,0.401084289,0.005632564,-0.498500921,0.057732909,0.757739395,-0.634080787,0.142966697,10690,104626.232983708,0.019356333,1,0.142298000,0.183260000,-0.606063000,0.031994972,0.802256960,-0.589392582,-0.089311123,1,0.295481269,0.101463049,-0.683396005,0.031994972,0.802256960,-0.589392582,-0.089311123
0.707325500,104626.264740916,vr_world,10691,104626.252785291,0.011956042,1,0.293026000,-0.119120000,-0.424595000,0.053516537,0.763679657,-0.625240751,0.151668599,1,0.411227221,0.015286566,-0.490827727,0.053516537,0.763679657,-0.625240751,0.151668599,10691,104626.252785291,0.011956042,1,0.145056000,0.188884000,-0.606691000,0.040339927,0.803293290,-0.588081779,-0.085161031,1,0.298420022,0.106484278,-0.683019308,0.040339927,0.803293290,-0.588081779,-0.085161031
0.719771542,104626.277186958,vr_world,10692,104626.271405375,0.005783375,1,0.299750000,-0.114458000,-0.421001000,0.051913563,0.766528757,-0.620201933,0.158392578,1,0.416988037,0.020941427,-0.486923137,0.051913563,0.766528757,-0.620201933,0.158392578,10692,104626.271405375,0.005783375,1,0.146467000,0.191848000,-0.607231000,0.046083232,0.803091590,-0.588433599,-0.081646398,1,0.299784379,0.108499344,-0.682616561,0.046083232,0.803091590,-0.588433599,-0.081646398
0.730815667,104626.288231083,vr_world,10692,104626.271405375,0.016826583,1,0.299750000,-0.114458000,-0.421001000,0.051913563,0.766528757,-0.620201933,0.158392578,1,0.416988037,0.020941427,-0.486923137,0.051913563,0.766528757,-0.620201933,0.158392578,10692,104626.271405375,0.016826583,1,0.146467000,0.191848000,-0.607231000,0.046083232,0.803091590,-0.588433599,-0.081646398,1,0.299784379,0.108499344,-0.682616561,0.046083232,0.803091590,-0.588433599,-0.081646398
0.743029084,104626.300444500,vr_world,10693,104626.291280416,0.009164625,1,0.311269000,-0.105456000,-0.414795000,0.049550987,0.767502192,-0.616276600,0.169376025,1,0.428520605,0.030281296,-0.479993986,0.049550987,0.767502192,-0.616276600,0.169376025,10693,104626.291280416,0.009164625,1,0.148592000,0.196591000,-0.607849000,0.053866405,0.805084492,-0.585356920,-0.079338820,1,0.302232415,0.113495788,-0.682855833,0.053866405,0.805084492,-0.585356920,-0.079338820
0.755437042,104626.312852458,vr_world,10694,104626.311176750,0.001676166,1,0.316967000,-0.100234000,-0.411666000,0.050496254,0.765334150,-0.616570670,0.177635515,1,0.435374923,0.034427179,-0.477006476,0.050496254,0.765334150,-0.616570670,0.177635515,10694,104626.311176750,0.001676166,1,0.149592000,0.198775000,-0.608467000,0.055099764,0.806686214,-0.583028256,-0.079368890,1,0.303601707,0.116468937,-0.683586352,0.055099764,0.806686214,-0.583028256,-0.079368890
0.767847125,104626.325262541,vr_world,10694,104626.311176750,0.014086041,1,0.316967000,-0.100234000,-0.411666000,0.050496254,0.765334150,-0.616570670,0.177635515,1,0.435374923,0.034427179,-0.477006476,0.050496254,0.765334150,-0.616570670,0.177635515,10694,104626.311176750,0.014086041,1,0.149592000,0.198775000,-0.608467000,0.055099764,0.806686214,-0.583028256,-0.079368890,1,0.303601707,0.116468937,-0.683586352,0.055099764,0.806686214,-0.583028256,-0.079368890
0.780158292,104626.337573708,vr_world,10695,104626.330286375,0.007287875,1,0.322905000,-0.095681500,-0.409070000,0.049072817,0.765097708,-0.614944010,0.184556821,1,0.441653257,0.038930293,-0.473892520,0.049072817,0.765097708,-0.614944010,0.184556821,10695,104626.330286375,0.007287875,1,0.150664000,0.200808000,-0.608992000,0.056329705,0.808224875,-0.580781695,-0.079322998,1,0.305031681,0.119254679,-0.684197813,0.056329705,0.808224875,-0.580781695,-0.079322998
0.792562667,104626.349978083,vr_world,10696,104626.349361125,0.000617208,1,0.334391000,-0.087220900,-0.403962000,0.045384843,0.766979626,-0.610202646,0.193223189,1,0.452617009,0.048363952,-0.467702138,0.045384843,0.766979626,-0.610202646,0.193223189,10696,104626.349361125,0.000617208,1,0.152825000,0.204902000,-0.610170000,0.059741275,0.809894153,-0.578379406,-0.077328537,1,0.307672580,0.123822878,-0.684900425,0.059741275,0.809894153,-0.578379406,-0.077328537
0.804863292,104626.362278708,vr_world,10696,104626.349361125,0.012918000,1,0.334391000,-0.087220900,-0.403962000,0.045384843,0.766979626,-0.610202646,0.193223189,1,0.452617009,0.048363952,-0.467702138,0.045384843,0.766979626,-0.610202646,0.193223189,10696,104626.349361125,0.012918000,1,0.152825000,0.204902000,-0.610170000,0.059741275,0.809894153,-0.578379406,-0.077328537,1,0.307672580,0.123822878,-0.684900425,0.059741275,0.809894153,-0.578379406,-0.077328537
0.817277417,104626.374692833,vr_world,10697,104626.368828583,0.005864625,1,0.340865000,-0.082461500,-0.401675000,0.044140494,0.769712486,-0.605835113,0.196362219,1,0.457931621,0.054180012,-0.465298596,0.044140494,0.769712486,-0.605835113,0.196362219,10697,104626.368828583,0.005864625,1,0.153949000,0.206794000,-0.610726000,0.060630901,0.809358942,-0.579069930,-0.077071478,1,0.308623231,0.125329357,-0.685396085,0.060630901,0.809358942,-0.579069930,-0.077071478
0.829691084,104626.387106500,vr_world,10697,104626.368828583,0.018278458,1,0.340865000,-0.082461500,-0.401675000,0.044140494,0.769712486,-0.605835113,0.196362219,1,0.457931621,0.054180012,-0.465298596,0.044140494,0.769712486,-0.605835113,0.196362219,10697,104626.368828583,0.018278458,1,0.153949000,0.206794000,-0.610726000,0.060630901,0.809358942,-0.579069930,-0.077071478,1,0.308623231,0.125329357,-0.685396085,0.060630901,0.809358942,-0.579069930,-0.077071478
0.841821709,104626.399237125,vr_world,10698,104626.388259875,0.010977791,1,0.347177000,-0.077271300,-0.399437000,0.045768576,0.771391489,-0.602507123,0.199613566,1,0.463445806,0.059677303,-0.463858196,0.045768576,0.771391489,-0.602507123,0.199613566,10698,104626.388259875,0.010977791,1,0.154954000,0.208614000,-0.611226000,0.060450740,0.808986967,-0.579559630,-0.077436620,1,0.309494095,0.126993438,-0.686003315,0.060450740,0.808986967,-0.579559630,-0.077436620
0.854244875,104626.411660291,vr_world,10699,104626.407675250,0.003985375,1,0.358450000,-0.067714600,-0.395230000,0.047778587,0.772469361,-0.597963436,0.208441894,1,0.474252004,0.069196084,-0.460566369,0.047778587,0.772469361,-0.597963436,0.208441894,10699,104626.407675250,0.003985375,1,0.156722000,0.211595000,-0.611954000,0.059713863,0.809869471,-0.578256509,-0.078518185,1,0.311428106,0.130627168,-0.687096883,0.059713863,0.809869471,-0.578256509,-0.078518185
0.865692584,104626.423108000,vr_world,10699,104626.407675250,0.015433291,1,0.358450000,-0.067714600,-0.395230000,0.047778587,0.772469361,-0.597963436,0.208441894,1,0.474252004,0.069196084,-0.460566369,0.047778587,0.772469361,-0.597963436,0.208441894,10699,104626.407675250,0.015433291,1,0.156722000,0.211595000,-0.611954000,0.059713863,0.809869471,-0.578256509,-0.078518185,1,0.311428106,0.130627168,-0.687096883,0.059713863,0.809869471,-0.578256509,-0.078518185
0.876440042,104626.433855458,vr_world,10700,104626.426591000,0.007264875,1,0.364049000,-0.062545100,-0.393669000,0.049334072,0.772488581,-0.595744513,0.214280229,1,0.479846809,0.074077961,-0.459611452,0.049334072,0.772488581,-0.595744513,0.214280229,10700,104626.426591000,0.007264875,1,0.157561000,0.212641000,-0.612356000,0.057818559,0.811982683,-0.575401019,-0.079087325,1,0.312900170,0.133045511,-0.687659016,0.057818559,0.811982683,-0.575401019,-0.079087325
0.887032334,104626.444447750,vr_world,10700,104626.426591000,0.017857083,1,0.364049000,-0.062545100,-0.393669000,0.049334072,0.772488581,-0.595744513,0.214280229,1,0.479846809,0.074077961,-0.459611452,0.049334072,0.772488581,-0.595744513,0.214280229,10700,104626.426591000,0.017857083,1,0.157561000,0.212641000,-0.612356000,0.057818559,0.811982683,-0.575401019,-0.079087325,1,0.312900170,0.133045511,-0.687659016,0.057818559,0.811982683,-0.575401019,-0.079087325
0.899126959,104626.456542375,vr_world,10701,104626.446000375,0.010542541,1,0.374652000,-0.053261700,-0.390651000,0.048781245,0.772248687,-0.592373978,0.224377863,1,0.490665403,0.083241731,-0.456462395,0.048781245,0.772248687,-0.592373978,0.224377863,10701,104626.446000375,0.010542541,1,0.159312000,0.215229000,-0.613201000,0.057171415,0.814469268,-0.571814953,-0.079993127,1,0.315263073,0.137175679,-0.688852732,0.057171415,0.814469268,-0.571814953,-0.079993127
0.911321042,104626.468736458,vr_world,10702,104626.465121458,0.003615542,1,0.380322000,-0.048223800,-0.389447000,0.049503908,0.773136041,-0.589580026,0.228485049,1,0.495909911,0.088437836,-0.455677200,0.049503908,0.773136041,-0.589580026,0.228485049,10702,104626.465121458,0.003615542,1,0.160424000,0.216790000,-0.613710000,0.058832866,0.814224560,-0.572044485,-0.079637721,1,0.316246986,0.138442292,-0.689321271,0.058832866,0.814224560,-0.572044485,-0.079637721
0.923682500,104626.481097916,vr_world,10702,104626.465121458,0.015976917,1,0.380322000,-0.048223800,-0.389447000,0.049503908,0.773136041,-0.589580026,0.228485049,1,0.495909911,0.088437836,-0.455677200,0.049503908,0.773136041,-0.589580026,0.228485049,10702,104626.465121458,0.015976917,1,0.160424000,0.216790000,-0.613710000,0.058832866,0.814224560,-0.572044485,-0.079637721,1,0.316246986,0.138442292,-0.689321271,0.058832866,0.814224560,-0.572044485,-0.079637721
0.936067584,104626.493483000,vr_world,10703,104626.484401875,0.009081708,1,0.386267000,-0.043239400,-0.388686000,0.051075153,0.775597410,-0.584600740,0.232555286,1,0.500634447,0.093987324,-0.455859953,0.051075153,0.775597410,-0.584600740,0.232555286,10703,104626.484401875,0.009081708,1,0.161476000,0.218262000,-0.614132000,0.060037882,0.813153339,-0.573481499,-0.079347778,1,0.316967473,0.139194162,-0.689676136,0.060037882,0.813153339,-0.573481499,-0.079347778
0.946355750,104626.503771166,vr_world,10703,104626.484401875,0.019369666,1,0.386267000,-0.043239400,-0.388686000,0.051075153,0.775597410,-0.584600740,0.232555286,1,0.500634447,0.093987324,-0.455859953,0.051075153,0.775597410,-0.584600740,0.232555286,10703,104626.484401875,0.019369666,1,0.161476000,0.218262000,-0.614132000,0.060037882,0.813153339,-0.573481499,-0.079347778,1,0.316967473,0.139194162,-0.689676136,0.060037882,0.813153339,-0.573481499,-0.079347778
0.958742750,104626.516158166,vr_world,10704,104626.504305958,0.011852583,1,0.396813000,-0.033523000,-0.386741000,0.055333269,0.777366877,-0.578069727,0.241814720,1,0.510186611,0.103593212,-0.455798954,0.055333269,0.777366877,-0.578069727,0.241814720,10704,104626.504305958,0.011852583,1,0.163083000,0.220651000,-0.614843000,0.060227637,0.813059775,-0.573549421,-0.079671166,1,0.318499778,0.141551084,-0.690506898,0.060227637,0.813059775,-0.573549421,-0.079671166
0.971176250,104626.528591666,vr_world,10705,104626.522749291,0.005842792,1,0.401709000,-0.028370400,-0.386281000,0.058500141,0.776374340,-0.576905125,0.246983996,1,0.515452018,0.107906737,-0.456384199,0.058500141,0.776374340,-0.576905125,0.246983996,10705,104626.522749291,0.005842792,1,0.163520000,0.221548000,-0.615478000,0.059349079,0.813979552,-0.572440022,-0.078913863,1,0.319328495,0.142949332,-0.690858348,0.059349079,0.813979552,-0.572440022,-0.078913863
0.983608959,104626.541024375,vr_world,10705,104626.522749291,0.018275750,1,0.401709000,-0.028370400,-0.386281000,0.058500141,0.776374340,-0.576905125,0.246983996,1,0.515452018,0.107906737,-0.456384199,0.058500141,0.776374340,-0.576905125,0.246983996,10705,104626.522749291,0.018275750,1,0.163520000,0.221548000,-0.615478000,0.059349079,0.813979552,-0.572440022,-0.078913863,1,0.319328495,0.142949332,-0.690858348,0.059349079,0.813979552,-0.572440022,-0.078913863
0.996035167,104626.553450583,vr_world,10706,104626.542509166,0.010941959,1,0.411625000,-0.018875800,-0.385682000,0.059324019,0.776662490,-0.571755959,0.257626009,1,0.525162635,0.117312678,-0.456289160,0.059324019,0.776662490,-0.571755959,0.257626009,10706,104626.542509166,0.010941959,1,0.164755000,0.223479000,-0.616667000,0.057109730,0.814907206,-0.571590943,-0.077126636,1,0.321158065,0.145378183,-0.691330180,0.057109730,0.814907206,-0.571590943,-0.077126636
1.006120000,104626.563535416,vr_world,10707,104626.561507000,0.002030666,1,0.417197000,-0.013689000,-0.385988000,0.061683385,0.777790757,-0.567385123,0.263269484,1,0.530062243,0.122481388,-0.457699014,0.061683385,0.777790757,-0.567385123,0.263269484,10707,104626.561507000,0.002030666,1,0.165450000,0.224177000,-0.617037000,0.054727929,0.815302887,-0.571239279,-0.077277053,1,0.322089430,0.146486516,-0.691632595,0.054727929,0.815302887,-0.571239279,-0.077277053
1.017697375,104626.575112791,vr_world,10707,104626.561507000,0.013606375,1,0.417197000,-0.013689000,-0.385988000,0.061683385,0.777790757,-0.567385123,0.263269484,1,0.530062243,0.122481388,-0.457699014,0.061683385,0.777790757,-0.567385123,0.263269484,10707,104626.561507000,0.013606375,1,0.165450000,0.224177000,-0.617037000,0.054727929,0.815302887,-0.571239279,-0.077277053,1,0.322089430,0.146486516,-0.691632595,0.054727929,0.815302887,-0.571239279,-0.077277053
1.030115542,104626.587530958,vr_world,10708,104626.581185875,0.006345666,1,0.422774000,-0.008553040,-0.386458000,0.065053158,0.778255649,-0.564039137,0.268227671,1,0.535251743,0.127222243,-0.459514650,0.065053158,0.778255649,-0.564039137,0.268227671,10708,104626.581185875,0.006345666,1,0.165973000,0.224782000,-0.617274000,0.051429212,0.816453422,-0.569721978,-0.078585707,1,0.322977419,0.148123968,-0.692169710,0.051429212,0.816453422,-0.569721978,-0.078585707
1.042559292,104626.599974708,vr_world,10708,104626.581185875,0.018790875,1,0.422774000,-0.008553040,-0.386458000,0.065053158,0.778255649,-0.564039137,0.268227671,1,0.535251743,0.127222243,-0.459514650,0.065053158,0.778255649,-0.564039137,0.268227671,10708,104626.581185875,0.018790875,1,0.165973000,0.224782000,-0.617274000,0.051429212,0.816453422,-0.569721978,-0.078585707,1,0.322977419,0.148123968,-0.692169710,0.051429212,0.816453422,-0.569721978,-0.078585707
1.054961292,104626.612376708,vr_world,10709,104626.600410041,0.011967084,1,0.432325000,0.000925345,-0.386767000,0.070387926,0.777345609,-0.560550167,0.276699937,1,0.544978269,0.135529421,-0.461696547,0.070387926,0.777345609,-0.560550167,0.276699937,10709,104626.600410041,0.011967084,1,0.167147000,0.226557000,-0.618172000,0.046978415,0.816927728,-0.569242447,-0.079907150,1,0.324409109,0.150642924,-0.693284705,0.046978415,0.816927728,-0.569242447,-0.079907150
1.067318917,104626.624734333,vr_world,10710,104626.619616000,0.005118958,1,0.437806000,0.005740530,-0.387821000,0.069637382,0.778030335,-0.558239758,0.279620823,1,0.550110639,0.140681571,-0.462667742,0.069637382,0.778030335,-0.558239758,0.279620823,10710,104626.619616000,0.005118958,1,0.167959000,0.227815000,-0.619117000,0.044515732,0.815554457,-0.571591875,-0.078562114,1,0.325162705,0.151158259,-0.693594788,0.044515732,0.815554457,-0.571591875,-0.078562114
1.079040542,104626.636455958,vr_world,10710,104626.619616000,0.016840625,1,0.437806000,0.005740530,-0.387821000,0.069637382,0.778030335,-0.558239758,0.279620823,1,0.550110639,0.140681571,-0.462667742,0.069637382,0.778030335,-0.558239758,0.279620823,10710,104626.619616000,0.016840625,1,0.167959000,0.227815000,-0.619117000,0.044515732,0.815554457,-0.571591875,-0.078562114,1,0.325162705,0.151158259,-0.693594788,0.044515732,0.815554457,-0.571591875,-0.078562114
1.091470334,104626.648885750,vr_world,10711,104626.639507166,0.009380625,1,0.443437000,0.010949300,-0.388822000,0.071673859,0.780165805,-0.553965516,0.281649394,1,0.554568188,0.146236470,-0.464786958,0.071673859,0.780165805,-0.553965516,0.281649394,10711,104626.639507166,0.009380625,1,0.168643000,0.228818000,-0.619481000,0.043808802,0.815660353,-0.571409462,-0.079184621,1,0.325850635,0.152342789,-0.694136981,0.043808802,0.815660353,-0.571409462,-0.079184621
1.103878625,104626.661294041,vr_world,10712,104626.658930375,0.002364333,1,0.453593000,0.020849000,-0.390445000,0.077571480,0.781508090,-0.547237363,0.289411541,1,0.563702011,0.155565649,-0.468872511,0.077571480,0.781508090,-0.547237363,0.289411541,10712,104626.658930375,0.002364333,1,0.169579000,0.230905000,-0.620469000,0.043044775,0.816601882,-0.570135435,-0.079082862,1,0.327098760,0.155014089,-0.695063347,0.043044775,0.816601882,-0.570135435,-0.079082862
1.114529000,104626.671944416,vr_world,10712,104626.658930375,0.013014833,1,0.453593000,0.020849000,-0.390445000,0.077571480,0.781508090,-0.547237363,0.289411541,1,0.563702011,0.155565649,-0.468872511,0.077571480,0.781508090,-0.547237363,0.289411541,10712,104626.658930375,0.013014833,1,0.169579000,0.230905000,-0.620469000,0.043044775,0.816601882,-0.570135435,-0.079082862,1,0.327098760,0.155014089,-0.695063347,0.043044775,0.816601882,-0.570135435,-0.079082862
1.126948084,104626.684363500,vr_world,10713,104626.678279083,0.006084833,1,0.458994000,0.026149800,-0.391853000,0.081165188,0.781541857,-0.544081476,0.294244601,1,0.568860099,0.160259690,-0.471649145,0.081165188,0.781541857,-0.544081476,0.294244601,10713,104626.678279083,0.006084833,1,0.170092000,0.232226000,-0.621167000,0.043322472,0.816723305,-0.570238681,-0.076902876,1,0.327869952,0.156148177,-0.695021718,0.043322472,0.816723305,-0.570238681,-0.076902876
1.139330250,104626.696745666,vr_world,10713,104626.678279083,0.018467333,1,0.458994000,0.026149800,-0.391853000,0.081165188,0.781541857,-0.544081476,0.294244601,1,0.568860099,0.160259690,-0.471649145,0.081165188,0.781541857,-0.544081476,0.294244601,10713,104626.678279083,0.018467333,1,0.170092000,0.232226000,-0.621167000,0.043322472,0.816723305,-0.570238681,-0.076902876,1,0.327869952,0.156148177,-0.695021718,0.043322472,0.816723305,-0.570238681,-0.076902876
1.151758959,104626.709174375,vr_world,10714,104626.697750625,0.011424166,1,0.469156000,0.036129300,-0.394188000,0.088494552,0.781186363,-0.538914515,0.302469380,1,0.578738323,0.168849235,-0.476653873,0.088494552,0.781186363,-0.538914515,0.302469380,10714,104626.697750625,0.011424166,1,0.171193000,0.234188000,-0.622064000,0.043556364,0.818228222,-0.568266511,-0.075356442,1,0.329528510,0.158791491,-0.695422353,0.043556364,0.818228222,-0.568266511,-0.075356442
1.164188042,104626.721603458,vr_world,10715,104626.717227541,0.004376334,1,0.474690000,0.041539300,-0.396006000,0.092568472,0.781132439,-0.535937508,0.306649927,1,0.584029732,0.173517767,-0.479969910,0.092568472,0.781132439,-0.535937508,0.306649927,10715,104626.717227541,0.004376334,1,0.171796000,0.235657000,-0.622103000,0.044929960,0.818866749,-0.567124935,-0.076209286,1,0.330118880,0.160614861,-0.695851074,0.044929960,0.818866749,-0.567124935,-0.076209286
1.176625875,104626.734041291,vr_world,10715,104626.717227541,0.016815542,1,0.474690000,0.041539300,-0.396006000,0.092568472,0.781132439,-0.535937508,0.306649927,1,0.584029732,0.173517767,-0.479969910,0.092568472,0.781132439,-0.535937508,0.306649927,10715,104626.717227541,0.016815542,1,0.171796000,0.235657000,-0.622103000,0.044929960,0.818866749,-0.567124935,-0.076209286,1,0.330118880,0.160614861,-0.695851074,0.044929960,0.818866749,-0.567124935,-0.076209286
1.189033459,104626.746448875,vr_world,10716,104626.736445083,0.010004208,1,0.479873000,0.046621600,-0.397934000,0.096767678,0.780565291,-0.533824592,0.310459576,1,0.589223709,0.177670195,-0.483328132,0.096767678,0.780565291,-0.533824592,0.310459576,10716,104626.736445083,0.010004208,1,0.172091000,0.237269000,-0.622276000,0.046970691,0.819402159,-0.566280058,-0.075503326,1,0.330506292,0.162309257,-0.695909162,0.046970691,0.819402159,-0.566280058,-0.075503326
1.201449917,104626.758865333,vr_world,10717,104626.755492916,0.003372917,1,0.490051000,0.055855900,-0.401718000,0.101028879,0.780603370,-0.529794231,0.315863289,1,0.599048999,0.186135381,-0.488724704,0.101028879,0.780603370,-0.529794231,0.315863289,10717,104626.755492916,0.003372917,1,0.172670000,0.239997000,-0.622828000,0.049508818,0.820796727,-0.564359294,-0.073076652,1,0.331567605,0.165408816,-0.695796290,0.049508818,0.820796727,-0.564359294,-0.073076652
1.213864084,104626.771279500,vr_world,10717,104626.755492916,0.015787042,1,0.490051000,0.055855900,-0.401718000,0.101028879,0.780603370,-0.529794231,0.315863289,1,0.599048999,0.186135381,-0.488724704,0.101028879,0.780603370,-0.529794231,0.315863289,10717,104626.755492916,0.015787042,1,0.172670000,0.239997000,-0.622828000,0.049508818,0.820796727,-0.564359294,-0.073076652,1,0.331567605,0.165408816,-0.695796290,0.049508818,0.820796727,-0.564359294,-0.073076652
1.226289000,104626.783704416,vr_world,10718,104626.775307458,0.008397542,1,0.496033000,0.060588700,-0.404129000,0.102890185,0.783310657,-0.525697099,0.315405429,1,0.603529718,0.191342974,-0.492283596,0.102890185,0.783310657,-0.525697099,0.315405429,10718,104626.775307458,0.008397542,1,0.172562000,0.241554000,-0.623070000,0.051545041,0.821937173,-0.562784775,-0.070962598,1,0.331871444,0.167271089,-0.695449333,0.051545041,0.821937173,-0.562784775,-0.070962598
1.238703792,104626.796119208,vr_world,10719,104626.794837250,0.001282333,1,0.506973000,0.070054300,-0.408662000,0.109023453,0.787004871,-0.517916992,0.317016102,1,0.612126981,0.200757338,-0.499671917,0.109023453,0.787004871,-0.517916992,0.317016102,10719,104626.794837250,0.001282333,1,0.172608000,0.244478000,-0.623886000,0.054063770,0.823620744,-0.560669364,-0.066150156,1,0.332743983,0.170538758,-0.694778055,0.054063770,0.823620744,-0.560669364,-0.066150156
1.251113042,104626.808528458,vr_world,10719,104626.794837250,0.013691583,1,0.506973000,0.070054300,-0.408662000,0.109023453,0.787004871,-0.517916992,0.317016102,1,0.612126981,0.200757338,-0.499671917,0.109023453,0.787004871,-0.517916992,0.317016102,10719,104626.794837250,0.013691583,1,0.172608000,0.244478000,-0.623886000,0.054063770,0.823620744,-0.560669364,-0.066150156,1,0.332743983,0.170538758,-0.694778055,0.054063770,0.823620744,-0.560669364,-0.066150156
1.263515417,104626.820930833,vr_world,10720,104626.815064416,0.005867042,1,0.512792000,0.076239400,-0.411927000,0.117376093,0.785700720,-0.517182822,0.318463750,1,0.618090596,0.204976586,-0.505534646,0.117376093,0.785700720,-0.517182822,0.318463750,10720,104626.815064416,0.005867042,1,0.172586000,0.246290000,-0.624286000,0.054528490,0.823521922,-0.561028869,-0.063913184,1,0.332917249,0.172051786,-0.694420045,0.054528490,0.823521922,-0.561028869,-0.063913184
1.275960375,104626.833375791,vr_world,10720,104626.815064416,0.018313125,1,0.512792000,0.076239400,-0.411927000,0.117376093,0.785700720,-0.517182822,0.318463750,1,0.618090596,0.204976586,-0.505534646,0.117376093,0.785700720,-0.517182822,0.318463750,10720,104626.815064416,0.018313125,1,0.172586000,0.246290000,-0.624286000,0.054528490,0.823521922,-0.561028869,-0.063913184,1,0.332917249,0.172051786,-0.694420045,0.054528490,0.823521922,-0.561028869,-0.063913184
1.288382542,104626.845797958,vr_world,10721,104626.834527333,0.011271250,1,0.523000000,0.086791100,-0.417266000,0.128720874,0.782739936,-0.515384938,0.324233706,1,0.628960884,0.212439694,-0.514261893,0.128720874,0.782739936,-0.515384938,0.324233706,10721,104626.834527333,0.011271250,1,0.172704000,0.249240000,-0.625127000,0.054297396,0.824157662,-0.560481533,-0.060633258,1,0.333574786,0.175094062,-0.694113909,0.054297396,0.824157662,-0.560481533,-0.060633258
1.300797334,104626.858212750,vr_world,10722,104626.854081291,0.004132000,1,0.528628000,0.092156600,-0.420161000,0.136476099,0.782756267,-0.511757105,0.326759187,1,0.633934281,0.216263474,-0.519817877,0.136476099,0.782756267,-0.511757105,0.326759187,10722,104626.854081291,0.004132000,1,0.172684000,0.250727000,-0.625292000,0.054183053,0.825392806,-0.558534700,-0.061886204,1,0.333744034,0.177432202,-0.694745372,0.054183053,0.825392806,-0.558534700,-0.061886204
1.313216292,104626.870631708,vr_world,10722,104626.854081291,0.016550834,1,0.528628000,0.092156600,-0.420161000,0.136476099,0.782756267,-0.511757105,0.326759187,1,0.633934281,0.216263474,-0.519817877,0.136476099,0.782756267,-0.511757105,0.326759187,10722,104626.854081291,0.016550834,1,0.172684000,0.250727000,-0.625292000,0.054183053,0.825392806,-0.558534700,-0.061886204,1,0.333744034,0.177432202,-0.694745372,0.054183053,0.825392806,-0.558534700,-0.061886204
1.324360542,104626.881775958,vr_world,10723,104626.874589458,0.007187042,1,0.534228000,0.097273300,-0.423648000,0.140585159,0.784597621,-0.506839880,0.328261668,1,0.638186118,0.221070716,-0.525089191,0.140585159,0.784597621,-0.506839880,0.328261668,10723,104626.874589458,0.007187042,1,0.172684000,0.252565000,-0.625648000,0.054646620,0.825711839,-0.558019562,-0.061869810,1,0.333801555,0.179426493,-0.695132879,0.054646620,0.825711839,-0.558019562,-0.061869810
1.336759500,104626.894174916,vr_world,10723,104626.874589458,0.019585750,1,0.534228000,0.097273300,-0.423648000,0.140585159,0.784597621,-0.506839880,0.328261668,1,0.638186118,0.221070716,-0.525089191,0.140585159,0.784597621,-0.506839880,0.328261668,10723,104626.874589458,0.019585750,1,0.172684000,0.252565000,-0.625648000,0.054646620,0.825711839,-0.558019562,-0.061869810,1,0.333801555,0.179426493,-0.695132879,0.054646620,0.825711839,-0.558019562,-0.061869810
1.348967084,104626.906382500,vr_world,10724,104626.895439416,0.010943834,1,0.544528000,0.107504000,-0.430254000,0.151275761,0.783611823,-0.502425846,0.332620542,1,0.647996025,0.228801045,-0.535158175,0.151275761,0.783611823,-0.502425846,0.332620542,10724,104626.895439416,0.010943834,1,0.172592000,0.256092000,-0.626397000,0.057035598,0.826530502,-0.556839238,-0.059366094,1,0.334059826,0.183057487,-0.695174078,0.057035598,0.826530502,-0.556839238,-0.059366094
1.360328584,104626.917744000,vr_world,10725,104626.917368583,0.000375958,1,0.549480000,0.112732000,-0.433987000,0.156112243,0.781179349,-0.503216646,0.334904165,1,0.653756693,0.232320229,-0.540045756,0.156112243,0.781179349,-0.503216646,0.334904165,10725,104626.917368583,0.000375958,1,0.172491000,0.258044000,-0.626771000,0.059713905,0.826540631,-0.556735114,-0.057539965,1,0.334012615,0.184682260,-0.695072057,0.059713905,0.826540631,-0.556735114,-0.057539965
1.372692334,104626.930107750,vr_world,10725,104626.917368583,0.012739750,1,0.549480000,0.112732000,-0.433987000,0.156112243,0.781179349,-0.503216646,0.334904165,1,0.653756693,0.232320229,-0.540045756,0.156112243,0.781179349,-0.503216646,0.334904165,10725,104626.917368583,0.012739750,1,0.172491000,0.258044000,-0.626771000,0.059713905,0.826540631,-0.556735114,-0.057539965,1,0.334012615,0.184682260,-0.695072057,0.059713905,0.826540631,-0.556735114,-0.057539965
1.385123917,104626.942539333,vr_world,10726,104626.936525583,0.006014417,1,0.559216000,0.122334000,-0.440399000,0.166034773,0.781487886,-0.497809433,0.337483195,1,0.662300711,0.239894545,-0.549836021,0.166034773,0.781487886,-0.497809433,0.337483195,10726,104626.936525583,0.006014417,1,0.172257000,0.261290000,-0.627610000,0.062865165,0.827065022,-0.555927613,-0.054368281,1,0.334089186,0.187775813,-0.695006050,0.062865165,0.827065022,-0.555927613,-0.054368281
1.397559667,104626.954975083,vr_world,10726,104626.936525583,0.018450083,1,0.559216000,0.122334000,-0.440399000,0.166034773,0.781487886,-0.497809433,0.337483195,1,0.662300711,0.239894545,-0.549836021,0.166034773,0.781487886,-0.497809433,0.337483195,10726,104626.936525583,0.018450083,1,0.172257000,0.261290000,-0.627610000,0.062865165,0.827065022,-0.555927613,-0.054368281,1,0.334089186,0.187775813,-0.695006050,0.062865165,0.827065022,-0.555927613,-0.054368281
1.409979000,104626.967394416,vr_world,10727,104626.956111416,0.011283500,1,0.564291000,0.127286000,-0.443922000,0.171693774,0.783735773,-0.491872096,0.338143944,1,0.665552455,0.244243905,-0.555682529,0.171693774,0.783735773,-0.491872096,0.338143944,10727,104626.956111416,0.011283500,1,0.172100000,0.262872000,-0.627918000,0.063656433,0.827488699,-0.555200672,-0.054429085,1,0.333991564,0.189566527,-0.695398637,0.063656433,0.827488699,-0.555200672,-0.054429085
1.420373792,104626.977789208,vr_world,10728,104626.976204000,0.001587083,1,0.573245000,0.137009000,-0.451091000,0.181731827,0.783895364,-0.484282701,0.343441213,1,0.673199386,0.251726130,-0.566297414,0.181731827,0.783895364,-0.484282701,0.343441213,10728,104626.976204000,0.001587083,1,0.171780000,0.265865000,-0.628901000,0.063733508,0.828920657,-0.553182584,-0.053081193,1,0.334181833,0.193305854,-0.695960977,0.063733508,0.828920657,-0.553182584,-0.053081193
1.432780042,104626.990195458,vr_world,10728,104626.976204000,0.013991791,1,0.573245000,0.137009000,-0.451091000,0.181731827,0.783895364,-0.484282701,0.343441213,1,0.673199386,0.251726130,-0.566297414,0.181731827,0.783895364,-0.484282701,0.343441213,10728,104626.976204000,0.013991791,1,0.171780000,0.265865000,-0.628901000,0.063733508,0.828920657,-0.553182584,-0.053081193,1,0.334181833,0.193305854,-0.695960977,0.063733508,0.828920657,-0.553182584,-0.053081193
1.443646709,104627.001062125,vr_world,10729,104626.995802541,0.005260459,1,0.577098000,0.142040000,-0.454861000,0.186499851,0.780235288,-0.484728665,0.348552468,1,0.678398160,0.254631769,-0.570985260,0.186499851,0.780235288,-0.484728665,0.348552468,10729,104626.995802541,0.005260459,1,0.171671000,0.267399000,-0.629321000,0.064370089,0.829811802,-0.551791482,-0.052867991,1,0.334288626,0.195321217,-0.696376921,0.064370089,0.829811802,-0.551791482,-0.052867991
1.453988625,104627.011404041,vr_world,10729,104626.995802541,0.015605709,1,0.577098000,0.142040000,-0.454861000,0.186499851,0.780235288,-0.484728665,0.348552468,1,0.678398160,0.254631769,-0.570985260,0.186499851,0.780235288,-0.484728665,0.348552468,10729,104626.995802541,0.015605709,1,0.171671000,0.267399000,-0.629321000,0.064370089,0.829811802,-0.551791482,-0.052867991,1,0.334288626,0.195321217,-0.696376921,0.064370089,0.829811802,-0.551791482,-0.052867991
1.466279667,104627.023695083,vr_world,10730,104627.015610291,0.008085667,1,0.585180000,0.150614000,-0.461711000,0.192015719,0.777747382,-0.482283519,0.354459561,1,0.687055046,0.261199179,-0.579251676,0.192015719,0.777747382,-0.482283519,0.354459561,10730,104627.015610291,0.008085667,1,0.171397000,0.270318000,-0.630222000,0.066215956,0.830439945,-0.550727062,-0.051813590,1,0.334191626,0.198424258,-0.697045862,0.066215956,0.830439945,-0.550727062,-0.051813590
1.478667792,104627.036083208,vr_world,10731,104627.035897875,0.000185833,1,0.590289000,0.155006000,-0.465482000,0.193469576,0.780148012,-0.478520993,0.353491530,1,0.690700137,0.265912826,-0.583975549,0.193469576,0.780148012,-0.478520993,0.353491530,10731,104627.035897875,0.000185833,1,0.171695000,0.271861000,-0.630851000,0.066823432,0.830002021,-0.551418922,-0.050679854,1,0.334471219,0.199577332,-0.697297641,0.066823432,0.830002021,-0.551418922,-0.050679854
1.491099917,104627.048515333,vr_world,10731,104627.035897875,0.012618166,1,0.590289000,0.155006000,-0.465482000,0.193469576,0.780148012,-0.478520993,0.353491530,1,0.690700137,0.265912826,-0.583975549,0.193469576,0.780148012,-0.478520993,0.353491530,10731,104627.035897875,0.012618166,1,0.171695000,0.271861000,-0.630851000,0.066823432,0.830002021,-0.551418922,-0.050679854,1,0.334471219,0.199577332,-0.697297641,0.066823432,0.830002021,-0.551418922,-0.050679854
1.503522000,104627.060937416,vr_world,10732,104627.056136000,0.004801791,1,0.595291000,0.159731000,-0.469107000,0.199294138,0.781449167,-0.475651899,0.351246804,1,0.694293430,0.269699489,-0.589642735,0.199294138,0.781449167,-0.475651899,0.351246804,10732,104627.056136000,0.004801791,1,0.172830000,0.273216000,-0.631031000,0.066606376,0.830119358,-0.551320034,-0.050116478,1,0.335709259,0.200973213,-0.697269616,0.066606376,0.830119358,-0.551320034,-0.050116478
1.515938834,104627.073354250,vr_world,10732,104627.056136000,0.017218583,1,0.595291000,0.159731000,-0.469107000,0.199294138,0.781449167,-0.475651899,0.351246804,1,0.694293430,0.269699489,-0.589642735,0.199294138,0.781449167,-0.475651899,0.351246804,10732,104627.056136000,0.017218583,1,0.172830000,0.273216000,-0.631031000,0.066606376,0.830119358,-0.551320034,-0.050116478,1,0.335709259,0.200973213,-0.697269616,0.066606376,0.830119358,-0.551320034,-0.050116478
1.528355459,104627.085770875,vr_world,10733,104627.075691416,0.010079959,1,0.604302000,0.168946000,-0.475999000,0.210285500,0.783615505,-0.469195803,0.348686175,1,0.700660894,0.276992634,-0.600354796,0.210285500,0.783615505,-0.469195803,0.348686175,10733,104627.075691416,0.010079959,1,0.173267000,0.275333000,-0.632357000,0.067519641,0.831421867,-0.549271754,-0.049792742,1,0.336463010,0.203801691,-0.698587875,0.067519641,0.831421867,-0.549271754,-0.049792742
1.540361292,104627.097776708,vr_world,10733,104627.075691416,0.022085750,1,0.604302000,0.168946000,-0.475999000,0.210285500,0.783615505,-0.469195803,0.348686175,1,0.700660894,0.276992634,-0.600354796,0.210285500,0.783615505,-0.469195803,0.348686175,10733,104627.075691416,0.022085750,1,0.173267000,0.275333000,-0.632357000,0.067519641,0.831421867,-0.549271754,-0.049792742,1,0.336463010,0.203801691,-0.698587875,0.067519641,0.831421867,-0.549271754,-0.049792742
1.552764292,104627.110179708,vr_world,10734,104627.098317333,0.011863750,1,0.608370000,0.174389000,-0.479907000,0.218228458,0.782337255,-0.467085514,0.349508057,1,0.704285726,0.280228168,-0.606483795,0.218228458,0.782337255,-0.467085514,0.349508057,10734,104627.098317333,0.011863750,1,0.173345000,0.276498000,-0.632959000,0.069300344,0.831948866,-0.548113548,-0.051284357,1,0.336415947,0.205295800,-0.699849521,0.069300344,0.831948866,-0.548113548,-0.051284357
1.565159917,104627.122575333,vr_world,10735,104627.117549666,0.005026209,1,0.615734000,0.183171000,-0.487513000,0.227766254,0.778756779,-0.464411076,0.354940509,1,0.712128111,0.285684291,-0.616441901,0.227766254,0.778756779,-0.464411076,0.354940509,10735,104627.117549666,0.005026209,1,0.173589000,0.278822000,-0.634680000,0.070514694,0.831337779,-0.548812225,-0.052060706,1,0.336356804,0.207235135,-0.701897598,0.070514694,0.831337779,-0.548812225,-0.052060706
1.577567084,104627.134982500,vr_world,10735,104627.117549666,0.017433417,1,0.615734000,0.183171000,-0.487513000,0.227766254,0.778756779,-0.464411076,0.354940509,1,0.712128111,0.285684291,-0.616441901,0.227766254,0.778756779,-0.464411076,0.354940509,10735,104627.117549666,0.017433417,1,0.173589000,0.278822000,-0.634680000,0.070514694,0.831337779,-0.548812225,-0.052060706,1,0.336356804,0.207235135,-0.701897598,0.070514694,0.831337779,-0.548812225,-0.052060706
1.588363750,104627.145779166,vr_world,10736,104627.138918250,0.006861250,1,0.619834000,0.187270000,-0.491877000,0.229710554,0.779134483,-0.461092899,0.357177626,1,0.715687466,0.289336463,-0.621561363,0.229710554,0.779134483,-0.461092899,0.357177626,10736,104627.138918250,0.006861250,1,0.173616000,0.280334000,-0.635761000,0.070213709,0.830869900,-0.549620779,-0.051402761,1,0.336354897,0.208429800,-0.702709519,0.070213709,0.830869900,-0.549620779,-0.051402761
1.600767417,104627.158182833,vr_world,10736,104627.138918250,0.019265000,1,0.619834000,0.187270000,-0.491877000,0.229710554,0.779134483,-0.461092899,0.357177626,1,0.715687466,0.289336463,-0.621561363,0.229710554,0.779134483,-0.461092899,0.357177626,10736,104627.138918250,0.019265000,1,0.173616000,0.280334000,-0.635761000,0.070213709,0.830869900,-0.549620779,-0.051402761,1,0.336354897,0.208429800,-0.702709519,0.070213709,0.830869900,-0.549620779,-0.051402761
1.613147042,104627.170562458,vr_world,10737,104627.158772583,0.011790250,1,0.627201000,0.196124000,-0.499585000,0.237940105,0.778820913,-0.454725859,0.360620140,1,0.721870574,0.295988791,-0.631827724,0.237940105,0.778820913,-0.454725859,0.360620140,10737,104627.158772583,0.011790250,1,0.173484000,0.281860000,-0.638082000,0.070728085,0.830986547,-0.549584822,-0.049146913,1,0.336475223,0.209826011,-0.704272400,0.070728085,0.830986547,-0.549584822,-0.049146913
1.625540250,104627.182955666,vr_world,10738,104627.178138541,0.004817750,1,0.631074000,0.200940000,-0.503348000,0.245171611,0.778603628,-0.450212928,0.361905499,1,0.724647722,0.298908841,-0.637770891,0.245171611,0.778603628,-0.450212928,0.361905499,10738,104627.178138541,0.004817750,1,0.173339000,0.283666000,-0.638945000,0.070471868,0.832079394,-0.548046757,-0.048190765,1,0.336723996,0.212242035,-0.704825197,0.070471868,0.832079394,-0.548046757,-0.048190765
1.637947084,104627.195362500,vr_world,10738,104627.178138541,0.017224625,1,0.631074000,0.200940000,-0.503348000,0.245171611,0.778603628,-0.450212928,0.361905499,1,0.724647722,0.298908841,-0.637770891,0.245171611,0.778603628,-0.450212928,0.361905499,10738,104627.178138541,0.017224625,1,0.173339000,0.283666000,-0.638945000,0.070471868,0.832079394,-0.548046757,-0.048190765,1,0.336723996,0.212242035,-0.704825197,0.070471868,0.832079394,-0.548046757,-0.048190765
1.649699542,104627.207114958,vr_world,10739,104627.196786833,0.010328792,1,0.637777000,0.209222000,-0.510636000,0.255868719,0.776443280,-0.445056917,0.365501535,1,0.730661901,0.303846754,-0.647902212,0.255868719,0.776443280,-0.445056917,0.365501535,10739,104627.196786833,0.010328792,1,0.173403000,0.285826000,-0.640804000,0.075153314,0.832146374,-0.547516125,-0.045940007,1,0.336815997,0.214014605,-0.706191481,0.075153314,0.832146374,-0.547516125,-0.045940007
1.660330792,104627.217746208,vr_world,10740,104627.215457833,0.002288917,1,0.641239000,0.213097000,-0.514758000,0.259204400,0.775273639,-0.443665905,0.367320607,1,0.734160277,0.306527303,-0.652815438,0.259204400,0.775273639,-0.443665905,0.367320607,10740,104627.215457833,0.002288917,1,0.173816000,0.287352000,-0.642043000,0.077983541,0.831646197,-0.547943865,-0.045174011,1,0.337047312,0.215026046,-0.707317251,0.077983541,0.831646197,-0.547943865,-0.045174011
1.672720500,104627.230135916,vr_world,10740,104627.215457833,0.014678542,1,0.641239000,0.213097000,-0.514758000,0.259204400,0.775273639,-0.443665905,0.367320607,1,0.734160277,0.306527303,-0.652815438,0.259204400,0.775273639,-0.443665905,0.367320607,10740,104627.215457833,0.014678542,1,0.173816000,0.287352000,-0.642043000,0.077983541,0.831646197,-0.547943865,-0.045174011,1,0.337047312,0.215026046,-0.707317251,0.077983541,0.831646197,-0.547943865,-0.045174011
1.685110417,104627.242525833,vr_world,10741,104627.234955708,0.007570708,1,0.644716000,0.217210000,-0.518439000,0.263837379,0.774314508,-0.441376175,0.368800696,1,0.737312801,0.309165766,-0.657699224,0.263837379,0.774314508,-0.441376175,0.368800696,10741,104627.234955708,0.007570708,1,0.173954000,0.288519000,-0.642985000,0.080283928,0.831148891,-0.548345478,-0.045422997,1,0.336918857,0.215783046,-0.708469189,0.080283928,0.831148891,-0.548345478,-0.045422997
1.696538792,104627.253954208,vr_world,10742,104627.253681375,0.000273958,1,0.651079000,0.224278000,-0.525134000,0.272727541,0.772243083,-0.437643521,0.371117849,1,0.743141096,0.313346423,-0.666607809,0.272727541,0.772243083,-0.437643521,0.371117849,10742,104627.253681375,0.000273958,1,0.173992000,0.290475000,-0.644712000,0.082245976,0.830686983,-0.548775495,-0.045168479,1,0.336772431,0.217336574,-0.710206743,0.082245976,0.830686983,-0.548775495,-0.045168479
1.708696209,104627.266111625,vr_world,10742,104627.253681375,0.012430583,1,0.651079000,0.224278000,-0.525134000,0.272727541,0.772243083,-0.437643521,0.371117849,1,0.743141096,0.313346423,-0.666607809,0.272727541,0.772243083,-0.437643521,0.371117849,10742,104627.253681375,0.012430583,1,0.173992000,0.290475000,-0.644712000,0.082245976,0.830686983,-0.548775495,-0.045168479,1,0.336772431,0.217336574,-0.710206743,0.082245976,0.830686983,-0.548775495,-0.045168479
1.721081084,104627.278496500,vr_world,10743,104627.273445041,0.005051834,1,0.654837000,0.227170000,-0.528591000,0.273964848,0.772865641,-0.438019573,0.368457347,1,0.746341066,0.316164478,-0.670472728,0.273964848,0.772865641,-0.438019573,0.368457347,10743,104627.273445041,0.005051834,1,0.173721000,0.291462000,-0.645783000,0.080675806,0.831020686,-0.548447444,-0.045841420,1,0.336587557,0.218655905,-0.711433555,0.080675806,0.831020686,-0.548447444,-0.045841420
1.733500417,104627.290915833,vr_world,10743,104627.273445041,0.017471375,1,0.654837000,0.227170000,-0.528591000,0.273964848,0.772865641,-0.438019573,0.368457347,1,0.746341066,0.316164478,-0.670472728,0.273964848,0.772865641,-0.438019573,0.368457347,10743,104627.273445041,0.017471375,1,0.173721000,0.291462000,-0.645783000,0.080675806,0.831020686,-0.548447444,-0.045841420,1,0.336587557,0.218655905,-0.711433555,0.080675806,0.831020686,-0.548447444,-0.045841420
1.745699542,104627.303114958,vr_world,10744,104627.292967875,0.010147625,1,0.661951000,0.233012000,-0.534828000,0.282366004,0.774618485,-0.433495512,0.363754429,1,0.750841027,0.320375272,-0.679360631,0.282366004,0.774618485,-0.433495512,0.363754429,10744,104627.292967875,0.010147625,1,0.173445000,0.293507000,-0.647725000,0.081498586,0.832420851,-0.546323992,-0.044312560,1,0.336794998,0.221407794,-0.712952999,0.081498586,0.832420851,-0.546323992,-0.044312560
1.758107375,104627.315522791,vr_world,10745,104627.312432541,0.003090625,1,0.665649000,0.236195000,-0.538213000,0.287694076,0.775672219,-0.429531083,0.362032839,1,0.752851262,0.322436662,-0.684437469,0.287694076,0.775672219,-0.429531083,0.362032839,10745,104627.312432541,0.003090625,1,0.173373000,0.294943000,-0.648597000,0.083183731,0.833058409,-0.545122390,-0.043996979,1,0.336836526,0.223125595,-0.713851261,0.083183731,0.833058409,-0.545122390,-0.043996979
1.769859209,104627.327274625,vr_world,10745,104627.312432541,0.014842500,1,0.665649000,0.236195000,-0.538213000,0.287694076,0.775672219,-0.429531083,0.362032839,1,0.752851262,0.322436662,-0.684437469,0.287694076,0.775672219,-0.429531083,0.362032839,10745,104627.312432541,0.014842500,1,0.173373000,0.294943000,-0.648597000,0.083183731,0.833058409,-0.545122390,-0.043996979,1,0.336836526,0.223125595,-0.713851261,0.083183731,0.833058409,-0.545122390,-0.043996979
1.782277334,104627.339692750,vr_world,10746,104627.331422250,0.008270750,1,0.668602000,0.239324000,-0.541709000,0.293467781,0.773733168,-0.427071014,0.364450264,1,0.755679264,0.323463946,-0.689226614,0.293467781,0.773733168,-0.427071014,0.364450264,10746,104627.331422250,0.008270750,1,0.173551000,0.296185000,-0.649936000,0.084558293,0.832739480,-0.545539601,-0.042206615,1,0.337068919,0.223984069,-0.714628971,0.084558293,0.832739480,-0.545539601,-0.042206615
1.793696667,104627.351112083,vr_world,10747,104627.350529125,0.000583458,1,0.674656000,0.244777000,-0.547697000,0.301214983,0.771222710,-0.423708179,0.367364187,1,0.761471679,0.326109984,-0.696933009,0.301214983,0.771222710,-0.423708179,0.367364187,10747,104627.350529125,0.000583458,1,0.173683000,0.298403000,-0.651679000,0.087875616,0.832159305,-0.545900969,-0.042200700,1,0.336898547,0.225679615,-0.716549555,0.087875616,0.832159305,-0.545900969,-0.042200700
1.804371209,104627.361786625,vr_world,10747,104627.350529125,0.011258000,1,0.674656000,0.244777000,-0.547697000,0.301214983,0.771222710,-0.423708179,0.367364187,1,0.761471679,0.326109984,-0.696933009,0.301214983,0.771222710,-0.423708179,0.367364187,10747,104627.350529125,0.011258000,1,0.173683000,0.298403000,-0.651679000,0.087875616,0.832159305,-0.545900969,-0.042200700,1,0.336898547,0.225679615,-0.716549555,0.087875616,0.832159305,-0.545900969,-0.042200700
1.815034417,104627.372449833,vr_world,10748,104627.369981958,0.002468333,1,0.678434000,0.246881000,-0.550841000,0.304726796,0.770970706,-0.422304511,0.366612398,1,0.764619198,0.327228111,-0.700973979,0.304726796,0.770970706,-0.422304511,0.366612398,10748,104627.369981958,0.002468333,1,0.173676000,0.299298000,-0.652751000,0.088649339,0.832437054,-0.545277224,-0.043157795,1,0.336817312,0.226767464,-0.718023154,0.088649339,0.832437054,-0.545277224,-0.043157795
1.827011417,104627.384426833,vr_world,10748,104627.369981958,0.014447708,1,0.678434000,0.246881000,-0.550841000,0.304726796,0.770970706,-0.422304511,0.366612398,1,0.764619198,0.327228111,-0.700973979,0.304726796,0.770970706,-0.422304511,0.366612398,10748,104627.369981958,0.014447708,1,0.173676000,0.299298000,-0.652751000,0.088649339,0.832437054,-0.545277224,-0.043157795,1,0.336817312,0.226767464,-0.718023154,0.088649339,0.832437054,-0.545277224,-0.043157795
1.839036167,104627.396451583,vr_world,10749,104627.389538500,0.006913708,1,0.682226000,0.249184000,-0.554237000,0.308345953,0.772637867,-0.418282971,0.364681856,1,0.766645051,0.328966330,-0.705668973,0.308345953,0.772637867,-0.418282971,0.364681856,10749,104627.389538500,0.006913708,1,0.173372000,0.300112000,-0.653932000,0.088920100,0.833566573,-0.543400495,-0.044450948,1,0.336636958,0.228345481,-0.719737428,0.088920100,0.833566573,-0.543400495,-0.044450948
1.851464042,104627.408879458,vr_world,10750,104627.408579375,0.000300416,1,0.688139000,0.254490000,-0.560235000,0.320435889,0.770959916,-0.412068076,0.364885666,1,0.770699029,0.330497082,-0.714605326,0.320435889,0.770959916,-0.412068076,0.364885666,10750,104627.408579375,0.000300416,1,0.173058000,0.302042000,-0.656112000,0.089594852,0.835109480,-0.540979742,-0.043655899,1,0.336764411,0.231143788,-0.721761596,0.089594852,0.835109480,-0.540979742,-0.043655899
1.863782292,104627.421197708,vr_world,10750,104627.408579375,0.012618833,1,0.688139000,0.254490000,-0.560235000,0.320435889,0.770959916,-0.412068076,0.364885666,1,0.770699029,0.330497082,-0.714605326,0.320435889,0.770959916,-0.412068076,0.364885666,10750,104627.408579375,0.012618833,1,0.173058000,0.302042000,-0.656112000,0.089594852,0.835109480,-0.540979742,-0.043655899,1,0.336764411,0.231143788,-0.721761596,0.089594852,0.835109480,-0.540979742,-0.043655899
1.874566292,104627.431981708,vr_world,10751,104627.428034166,0.003948000,1,0.690844000,0.256451000,-0.563619000,0.323943763,0.768663921,-0.411481004,0.367286808,1,0.773881432,0.330855651,-0.718513207,0.323943763,0.768663921,-0.411481004,0.367286808,10751,104627.428034166,0.003948000,1,0.173180000,0.303331000,-0.657443000,0.089757742,0.835933157,-0.539765147,-0.042578060,1,0.337204380,0.232867680,-0.722766595,0.089757742,0.835933157,-0.539765147,-0.042578060
1.886986167,104627.444401583,vr_world,10751,104627.428034166,0.016367834,1,0.690844000,0.256451000,-0.563619000,0.323943763,0.768663921,-0.411481004,0.367286808,1,0.773881432,0.330855651,-0.718513207,0.323943763,0.768663921,-0.411481004,0.367286808,10751,104627.428034166,0.016367834,1,0.173180000,0.303331000,-0.657443000,0.089757742,0.835933157,-0.539765147,-0.042578060,1,0.337204380,0.232867680,-0.722766595,0.089757742,0.835933157,-0.539765147,-0.042578060
1.899393834,104627.456809250,vr_world,10752,104627.447434333,0.009375250,1,0.697247000,0.260249000,-0.569190000,0.332502489,0.768391112,-0.406965532,0.365234512,1,0.778334392,0.332245928,-0.726239995,0.332502489,0.768391112,-0.406965532,0.365234512,10752,104627.447434333,0.009375250,1,0.172871000,0.305253000,-0.659968000,0.092028252,0.836770046,-0.538251712,-0.040395349,1,0.337242855,0.235067603,-0.724714816,0.092028252,0.836770046,-0.538251712,-0.040395349
1.910333000,104627.467748416,vr_world,10753,104627.466509125,0.001239916,1,0.700877000,0.261892000,-0.572249000,0.336272169,0.770525207,-0.403301431,0.361330719,1,0.779759410,0.333439533,-0.730621913,0.336272169,0.770525207,-0.403301431,0.361330719,10753,104627.466509125,0.001239916,1,0.172589000,0.306641000,-0.660959000,0.095129234,0.836748376,-0.537868866,-0.038725522,1,0.337003693,0.236199434,-0.725317677,0.095129234,0.836748376,-0.537868866,-0.038725522
1.922734167,104627.480149583,vr_world,10753,104627.466509125,0.013641250,1,0.700877000,0.261892000,-0.572249000,0.336272169,0.770525207,-0.403301431,0.361330719,1,0.779759410,0.333439533,-0.730621913,0.336272169,0.770525207,-0.403301431,0.361330719,10753,104627.466509125,0.013641250,1,0.172589000,0.306641000,-0.660959000,0.095129234,0.836748376,-0.537868866,-0.038725522,1,0.337003693,0.236199434,-0.725317677,0.095129234,0.836748376,-0.537868866,-0.038725522
1.935148167,104627.492563583,vr_world,10754,104627.485903041,0.006660917,1,0.703788000,0.264173000,-0.575457000,0.342282503,0.770321107,-0.400331983,0.359419509,1,0.781222132,0.334033791,-0.735290934,0.342282503,0.770321107,-0.400331983,0.359419509,10754,104627.485903041,0.006660917,1,0.172926000,0.307729000,-0.662193000,0.097682892,0.837221954,-0.536757680,-0.037531928,1,0.337477895,0.237401269,-0.726324979,0.097682892,0.837221954,-0.536757680,-0.037531928
1.947558500,104627.504973916,vr_world,10754,104627.485903041,0.019071459,1,0.703788000,0.264173000,-0.575457000,0.342282503,0.770321107,-0.400331983,0.359419509,1,0.781222132,0.334033791,-0.735290934,0.342282503,0.770321107,-0.400331983,0.359419509,10754,104627.485903041,0.019071459,1,0.172926000,0.307729000,-0.662193000,0.097682892,0.837221954,-0.536757680,-0.037531928,1,0.337477895,0.237401269,-0.726324979,0.097682892,0.837221954,-0.536757680,-0.037531928
1.959033042,104627.516448458,vr_world,10755,104627.505459833,0.010989167,1,0.708328000,0.267901000,-0.581560000,0.351409049,0.766166890,-0.398838334,0.361148115,1,0.785767471,0.334156336,-0.742919296,0.351409049,0.766166890,-0.398838334,0.361148115,10755,104627.505459833,0.010989167,1,0.173198000,0.309406000,-0.664397000,0.101063018,0.838113208,-0.534769641,-0.037066800,1,0.337871135,0.239465885,-0.728641702,0.101063018,0.838113208,-0.534769641,-0.037066800
1.971444000,104627.528859416,vr_world,10756,104627.524324583,0.004535125,1,0.710344000,0.269067000,-0.584747000,0.352423029,0.762586074,-0.400922780,0.365405820,1,0.789606344,0.334064546,-0.745732364,0.352423029,0.762586074,-0.400922780,0.365405820,10756,104627.524324583,0.004535125,1,0.173089000,0.310180000,-0.665684000,0.100373326,0.838960294,-0.533558529,-0.037230599,1,0.337978907,0.240812164,-0.729993257,0.100373326,0.838960294,-0.533558529,-0.037230599
1.983849042,104627.541264458,vr_world,10756,104627.524324583,0.016940458,1,0.710344000,0.269067000,-0.584747000,0.352423029,0.762586074,-0.400922780,0.365405820,1,0.789606344,0.334064546,-0.745732364,0.352423029,0.762586074,-0.400922780,0.365405820,10756,104627.524324583,0.016940458,1,0.173089000,0.310180000,-0.665684000,0.100373326,0.838960294,-0.533558529,-0.037230599,1,0.337978907,0.240812164,-0.729993257,0.100373326,0.838960294,-0.533558529,-0.037230599
1.996238709,104627.553654125,vr_world,10757,104627.543224208,0.010431083,1,0.715536000,0.272005000,-0.590102000,0.358330725,0.762430217,-0.395362629,0.366043232,1,0.793286560,0.335139986,-0.752559000,0.358330725,0.762430217,-0.395362629,0.366043232,10757,104627.543224208,0.010431083,1,0.173124000,0.311778000,-0.667951000,0.101308258,0.840686601,-0.530709928,-0.036464330,1,0.338475228,0.243422989,-0.732159979,0.101308258,0.840686601,-0.530709928,-0.036464330
2.008603750,104627.566019166,vr_world,10758,104627.562652375,0.003367666,1,0.717890000,0.273633000,-0.592488000,0.363949132,0.763379313,-0.389908375,0.364368648,1,0.793512686,0.335332796,-0.756493519,0.363949132,0.763379313,-0.389908375,0.364368648,10758,104627.562652375,0.003367666,1,0.173299000,0.312568000,-0.668988000,0.101600932,0.841793489,-0.528879735,-0.036704194,1,0.338872994,0.244919889,-0.733371289,0.101600932,0.841793489,-0.528879735,-0.036704194
2.020989334,104627.578404750,vr_world,10758,104627.562652375,0.015752958,1,0.717890000,0.273633000,-0.592488000,0.363949132,0.763379313,-0.389908375,0.364368648,1,0.793512686,0.335332796,-0.756493519,0.363949132,0.763379313,-0.389908375,0.364368648,10758,104627.562652375,0.015752958,1,0.173299000,0.312568000,-0.668988000,0.101600932,0.841793489,-0.528879735,-0.036704194,1,0.338872994,0.244919889,-0.733371289,0.101600932,0.841793489,-0.528879735,-0.036704194
2.033371625,104627.590787041,vr_world,10759,104627.582899708,0.007887792,1,0.719491000,0.274830000,-0.595397000,0.366043927,0.762198765,-0.389624061,0.365045172,1,0.795215560,0.335628055,-0.759692022,0.366043927,0.762198765,-0.389624061,0.365045172,10759,104627.582899708,0.007887792,1,0.173931000,0.313564000,-0.670366000,0.102528397,0.841879039,-0.528603304,-0.036140825,1,0.339549496,0.245901783,-0.734619548,0.102528397,0.841879039,-0.528603304,-0.036140825
2.045778417,104627.603193833,vr_world,10760,104627.601674083,0.001520167,1,0.723270000,0.277383000,-0.600750000,0.371677981,0.759947884,-0.386620777,0.367231626,1,0.798710170,0.335875804,-0.766009884,0.371677981,0.759947884,-0.386620777,0.367231626,10760,104627.601674083,0.001520167,1,0.174464000,0.315302000,-0.672511000,0.104952038,0.842086949,-0.527798176,-0.036107135,1,0.340030685,0.247672418,-0.736932642,0.104952038,0.842086949,-0.527798176,-0.036107135
2.058180042,104627.615595458,vr_world,10760,104627.601674083,0.013922167,1,0.723270000,0.277383000,-0.600750000,0.371677981,0.759947884,-0.386620777,0.367231626,1,0.798710170,0.335875804,-0.766009884,0.371677981,0.759947884,-0.386620777,0.367231626,10760,104627.601674083,0.013922167,1,0.174464000,0.315302000,-0.672511000,0.104952038,0.842086949,-0.527798176,-0.036107135,1,0.340030685,0.247672418,-0.736932642,0.104952038,0.842086949,-0.527798176,-0.036107135
2.070588667,104627.628004083,vr_world,10761,104627.621462208,0.006542250,1,0.725469000,0.278945000,-0.604019000,0.375726012,0.757818652,-0.384214849,0.370026761,1,0.800993091,0.335590797,-0.769882879,0.375726012,0.757818652,-0.384214849,0.370026761,10761,104627.621462208,0.006542250,1,0.175093000,0.315792000,-0.673976000,0.105541111,0.842098150,-0.527646773,-0.036340914,1,0.340609867,0.248158303,-0.738521394,0.105541111,0.842098150,-0.527646773,-0.036340914
2.082979584,104627.640395000,vr_world,10761,104627.621462208,0.018933458,1,0.725469000,0.278945000,-0.604019000,0.375726012,0.757818652,-0.384214849,0.370026761,1,0.800993091,0.335590797,-0.769882879,0.375726012,0.757818652,-0.384214849,0.370026761,10761,104627.621462208,0.018933458,1,0.175093000,0.315792000,-0.673976000,0.105541111,0.842098150,-0.527646773,-0.036340914,1,0.340609867,0.248158303,-0.738521394,0.105541111,0.842098150,-0.527646773,-0.036340914
2.093677542,104627.651092958,vr_world,10762,104627.641051833,0.010041708,1,0.728463000,0.281870000,-0.609294000,0.383793112,0.751685626,-0.381985508,0.376508484,1,0.805198704,0.334428804,-0.775945269,0.383793112,0.751685626,-0.381985508,0.376508484,10762,104627.641051833,0.010041708,1,0.176169000,0.317241000,-0.675802000,0.109470651,0.841912833,-0.527064041,-0.037449362,1,0.341343576,0.249392584,-0.740995525,0.109470651,0.841912833,-0.527064041,-0.037449362
2.106050417,104627.663465833,vr_world,10763,104627.660505750,0.002960500,1,0.730082000,0.283060000,-0.612178000,0.389242542,0.748419730,-0.380541540,0.378875029,1,0.807076255,0.333148149,-0.779469676,0.389242542,0.748419730,-0.380541540,0.378875029,10763,104627.660505750,0.002960500,1,0.176781000,0.317756000,-0.676827000,0.110674829,0.842198936,-0.526355597,-0.037440876,1,0.341972514,0.250044356,-0.742119690,0.110674829,0.842198936,-0.526355597,-0.037440876
2.118459125,104627.675874541,vr_world,10763,104627.660505750,0.015369083,1,0.730082000,0.283060000,-0.612178000,0.389242542,0.748419730,-0.380541540,0.378875029,1,0.807076255,0.333148149,-0.779469676,0.389242542,0.748419730,-0.380541540,0.378875029,10763,104627.660505750,0.015369083,1,0.176781000,0.317756000,-0.676827000,0.110674829,0.842198936,-0.526355597,-0.037440876,1,0.341972514,0.250044356,-0.742119690,0.110674829,0.842198936,-0.526355597,-0.037440876
2.130871417,104627.688286833,vr_world,10764,104627.680420583,0.007866875,1,0.731074000,0.284172000,-0.614987000,0.391261254,0.745486628,-0.379693976,0.383401622,1,0.809155081,0.332768960,-0.782214736,0.391261254,0.745486628,-0.379693976,0.383401622,10764,104627.680420583,0.007866875,1,0.177061000,0.318237000,-0.677818000,0.111392531,0.842147972,-0.526264074,-0.037744166,1,0.342174071,0.250481385,-0.743263257,0.111392531,0.842147972,-0.526264074,-0.037744166
2.143285209,104627.700700625,vr_world,10765,104627.699873583,0.000827458,1,0.733285000,0.286319000,-0.619567000,0.395241359,0.739260571,-0.378372470,0.392571460,1,0.813706415,0.331885331,-0.786538588,0.395241359,0.739260571,-0.378372470,0.392571460,10765,104627.699873583,0.000827458,1,0.177667000,0.319453000,-0.679580000,0.111199774,0.841842847,-0.526748165,-0.038361459,1,0.342643419,0.251541616,-0.745208351,0.111199774,0.841842847,-0.526748165,-0.038361459
2.155691750,104627.713107166,vr_world,10765,104627.699873583,0.013234125,1,0.733285000,0.286319000,-0.619567000,0.395241359,0.739260571,-0.378372470,0.392571460,1,0.813706415,0.331885331,-0.786538588,0.395241359,0.739260571,-0.378372470,0.392571460,10765,104627.699873583,0.013234125,1,0.177667000,0.319453000,-0.679580000,0.111199774,0.841842847,-0.526748165,-0.038361459,1,0.342643419,0.251541616,-0.745208351,0.111199774,0.841842847,-0.526748165,-0.038361459
2.167034042,104627.724449458,vr_world,10766,104627.718551333,0.005898667,1,0.734745000,0.287424000,-0.621065000,0.396704156,0.737797556,-0.377754523,0.394438969,1,0.815546849,0.332130012,-0.788085731,0.396704156,0.737797556,-0.377754523,0.394438969,10766,104627.718551333,0.005898667,1,0.178015000,0.319828000,-0.680344000,0.109982335,0.842194274,-0.526410865,-0.038785199,1,0.343076446,0.252211222,-0.746062582,0.109982335,0.842194274,-0.526410865,-0.038785199
2.179444459,104627.736859875,vr_world,10766,104627.718551333,0.018309000,1,0.734745000,0.287424000,-0.621065000,0.396704156,0.737797556,-0.377754523,0.394438969,1,0.815546849,0.332130012,-0.788085731,0.396704156,0.737797556,-0.377754523,0.394438969,10766,104627.718551333,0.018309000,1,0.178015000,0.319828000,-0.680344000,0.109982335,0.842194274,-0.526410865,-0.038785199,1,0.343076446,0.252211222,-0.746062582,0.109982335,0.842194274,-0.526410865,-0.038785199
2.191035459,104627.748450875,vr_world,10767,104627.738518125,0.009933333,1,0.737653000,0.288946000,-0.623968000,0.401217197,0.737835297,-0.376141482,0.391332878,1,0.817056015,0.332431676,-0.791978678,0.401217197,0.737835297,-0.376141482,0.391332878,10767,104627.738518125,0.009933333,1,0.179067000,0.320651000,-0.681787000,0.110394749,0.842612373,-0.525560361,-0.040046164,1,0.344059244,0.253355021,-0.748006568,0.110394749,0.842612373,-0.525560361,-0.040046164
2.203449084,104627.760864500,vr_world,10768,104627.758586125,0.002278833,1,0.739017000,0.290072000,-0.625526000,0.402838014,0.739848340,-0.375179977,0.386763434,1,0.816771361,0.333721608,-0.794263651,0.402838014,0.739848340,-0.375179977,0.386763434,10768,104627.758586125,0.002278833,1,0.179611000,0.321035000,-0.682628000,0.110824945,0.842371142,-0.525807343,-0.040685742,1,0.344451812,0.253602547,-0.749085631,0.110824945,0.842371142,-0.525807343,-0.040685742
2.213567792,104627.770983208,vr_world,10768,104627.758586125,0.012397583,1,0.739017000,0.290072000,-0.625526000,0.402838014,0.739848340,-0.375179977,0.386763434,1,0.816771361,0.333721608,-0.794263651,0.402838014,0.739848340,-0.375179977,0.386763434,10768,104627.758586125,0.012397583,1,0.179611000,0.321035000,-0.682628000,0.110824945,0.842371142,-0.525807343,-0.040685742,1,0.344451812,0.253602547,-0.749085631,0.110824945,0.842371142,-0.525807343,-0.040685742
2.225698334,104627.783113750,vr_world,10769,104627.777862625,0.005251541,1,0.739923000,0.291138000,-0.627448000,0.404017358,0.738658248,-0.375464235,0.387531385,1,0.817983301,0.334146070,-0.796209189,0.404017358,0.738658248,-0.375464235,0.387531385,10769,104627.777862625,0.005251541,1,0.180038000,0.321449000,-0.683293000,0.111574420,0.842314849,-0.525710417,-0.041053639,1,0.344788858,0.253971752,-0.749927495,0.111574420,0.842314849,-0.525710417,-0.041053639
2.236372459,104627.793787875,vr_world,10769,104627.777862625,0.015925625,1,0.739923000,0.291138000,-0.627448000,0.404017358,0.738658248,-0.375464235,0.387531385,1,0.817983301,0.334146070,-0.796209189,0.404017358,0.738658248,-0.375464235,0.387531385,10769,104627.777862625,0.015925625,1,0.180038000,0.321449000,-0.683293000,0.111574420,0.842314849,-0.525710417,-0.041053639,1,0.344788858,0.253971752,-0.749927495,0.111574420,0.842314849,-0.525710417,-0.041053639
2.248786959,104627.806202375,vr_world,10770,104627.796490000,0.009712791,1,0.741395000,0.292766000,-0.630964000,0.404806167,0.735619243,-0.376397113,0.391562905,1,0.820926594,0.334695525,-0.799309143,0.404806167,0.735619243,-0.376397113,0.391562905,10770,104627.796490000,0.009712791,1,0.180754000,0.322277000,-0.684082000,0.113950997,0.842184339,-0.525327657,-0.042089922,1,0.345246476,0.254682579,-0.751234575,0.113950997,0.842184339,-0.525327657,-0.042089922
2.260348000,104627.817763416,vr_world,10771,104627.815829291,0.001934459,1,0.742172000,0.293840000,-0.633096000,0.406605198,0.733097245,-0.376019566,0.394778327,1,0.822558887,0.334511313,-0.801343648,0.406605198,0.733097245,-0.376019566,0.394778327,10771,104627.815829291,0.001934459,1,0.181001000,0.322653000,-0.684348000,0.115930117,0.842436297,-0.524476389,-0.042258858,1,0.345446172,0.255155499,-0.751713254,0.115930117,0.842436297,-0.524476389,-0.042258858
2.272730500,104627.830145916,vr_world,10771,104627.815829291,0.014317250,1,0.742172000,0.293840000,-0.633096000,0.406605198,0.733097245,-0.376019566,0.394778327,1,0.822558887,0.334511313,-0.801343648,0.406605198,0.733097245,-0.376019566,0.394778327,10771,104627.815829291,0.014317250,1,0.181001000,0.322653000,-0.684348000,0.115930117,0.842436297,-0.524476389,-0.042258858,1,0.345446172,0.255155499,-0.751713254,0.115930117,0.842436297,-0.524476389,-0.042258858
2.285144000,104627.842559416,vr_world,10772,104627.834994750,0.007565041,1,0.743206000,0.295891000,-0.636490000,0.411660974,0.727591368,-0.376122485,0.399597198,1,0.825058423,0.333611724,-0.804718348,0.411660974,0.727591368,-0.376122485,0.399597198,10772,104627.834994750,0.007565041,1,0.181352000,0.323277000,-0.684991000,0.118181359,0.842019175,-0.524741161,-0.041031565,1,0.345751644,0.255362715,-0.752048201,0.118181359,0.842019175,-0.524741161,-0.041031565
2.296877584,104627.854293000,vr_world,10773,104627.853427125,0.000866458,1,0.743859000,0.296288000,-0.637779000,0.415697730,0.726672181,-0.373375692,0.399666775,1,0.824954246,0.332523110,-0.806699125,0.415697730,0.726672181,-0.373375692,0.399666775,10773,104627.853427125,0.000866458,1,0.181048000,0.323221000,-0.685130000,0.117796565,0.841855930,-0.525120957,-0.040626869,1,0.345474582,0.255194192,-0.752006536,0.117796565,0.841855930,-0.525120957,-0.040626869
2.309296084,104627.866711500,vr_world,10773,104627.853427125,0.013284666,1,0.743859000,0.296288000,-0.637779000,0.415697730,0.726672181,-0.373375692,0.399666775,1,0.824954246,0.332523110,-0.806699125,0.415697730,0.726672181,-0.373375692,0.399666775,10773,104627.853427125,0.013284666,1,0.181048000,0.323221000,-0.685130000,0.117796565,0.841855930,-0.525120957,-0.040626869,1,0.345474582,0.255194192,-0.752006536,0.117796565,0.841855930,-0.525120957,-0.040626869
2.321710542,104627.879125958,vr_world,10774,104627.872747833,0.006378583,1,0.741958000,0.296884000,-0.636010000,0.420907353,0.730352438,-0.365804511,0.394473543,1,0.819352195,0.332401140,-0.806808499,0.420907353,0.730352438,-0.365804511,0.394473543,10774,104627.872747833,0.006378583,1,0.180845000,0.322779000,-0.685272000,0.116569527,0.842402793,-0.524555156,-0.040136855,1,0.345511455,0.255121342,-0.751932547,0.116569527,0.842402793,-0.524555156,-0.040136855
2.334127250,104627.891542666,vr_world,10774,104627.872747833,0.018795083,1,0.741958000,0.296884000,-0.636010000,0.420907353,0.730352438,-0.365804511,0.394473543,1,0.819352195,0.332401140,-0.806808499,0.420907353,0.730352438,-0.365804511,0.394473543,10774,104627.872747833,0.018795083,1,0.180845000,0.322779000,-0.685272000,0.116569527,0.842402793,-0.524555156,-0.040136855,1,0.345511455,0.255121342,-0.751932547,0.116569527,0.842402793,-0.524555156,-0.040136855
2.346494667,104627.903910083,vr_world,10775,104627.892139416,0.011771125,1,0.742529000,0.297312000,-0.640910000,0.419567054,0.729878262,-0.365078880,0.397440085,1,0.820637550,0.332958954,-0.811355914,0.419567054,0.729878262,-0.365078880,0.397440085,10775,104627.892139416,0.011771125,1,0.181079000,0.323126000,-0.685328000,0.116852057,0.842535472,-0.524240555,-0.040637608,1,0.345704006,0.255570067,-0.752193773,0.116852057,0.842535472,-0.524240555,-0.040637608
2.358907709,104627.916323125,vr_world,10776,104627.911659458,0.004664125,1,0.742995000,0.297634000,-0.642785000,0.419258321,0.729906886,-0.361464299,0.401001196,1,0.821203890,0.333095610,-0.813223408,0.419258321,0.729906886,-0.361464299,0.401001196,10776,104627.911659458,0.004664125,1,0.181199000,0.323254000,-0.685512000,0.117132738,0.842270549,-0.524591296,-0.040794801,1,0.345731042,0.255526079,-0.752432864,0.117132738,0.842270549,-0.524591296,-0.040794801
2.371315125,104627.928730541,vr_world,10776,104627.911659458,0.017071458,1,0.742995000,0.297634000,-0.642785000,0.419258321,0.729906886,-0.361464299,0.401001196,1,0.821203890,0.333095610,-0.813223408,0.419258321,0.729906886,-0.361464299,0.401001196,10776,104627.911659458,0.017071458,1,0.181199000,0.323254000,-0.685512000,0.117132738,0.842270549,-0.524591296,-0.040794801,1,0.345731042,0.255526079,-0.752432864,0.117132738,0.842270549,-0.524591296,-0.040794801
2.383710875,104627.941126291,vr_world,10777,104627.931076791,0.010050000,1,0.742388000,0.297353000,-0.644422000,0.419538027,0.726084800,-0.361496266,0.407564911,1,0.822632129,0.331593080,-0.814162755,0.419538027,0.726084800,-0.361496266,0.407564911,10777,104627.931076791,0.010050000,1,0.181337000,0.323198000,-0.685831000,0.117953627,0.841673864,-0.525319488,-0.041370086,1,0.345624019,0.255088823,-0.752966251,0.117953627,0.841673864,-0.525319488,-0.041370086
2.395095375,104627.952510791,vr_world,10778,104627.949700041,0.002811292,1,0.741555000,0.297771000,-0.646460000,0.417450464,0.726141440,-0.357955496,0.412700355,1,0.822423140,0.332315775,-0.815842504,0.417450464,0.726141440,-0.357955496,0.412700355,10778,104627.949700041,0.002811292,1,0.181534000,0.323166000,-0.686004000,0.118627679,0.840910332,-0.526325392,-0.042176639,1,0.345514027,0.254588036,-0.753412160,0.118627679,0.840910332,-0.526325392,-0.042176639
2.407052417,104627.964467833,vr_world,10778,104627.949700041,0.014772084,1,0.741555000,0.297771000,-0.646460000,0.417450464,0.726141440,-0.357955496,0.412700355,1,0.822423140,0.332315775,-0.815842504,0.417450464,0.726141440,-0.357955496,0.412700355,10778,104627.949700041,0.014772084,1,0.181534000,0.323166000,-0.686004000,0.118627679,0.840910332,-0.526325392,-0.042176639,1,0.345514027,0.254588036,-0.753412160,0.118627679,0.840910332,-0.526325392,-0.042176639
2.419427750,104627.976843166,vr_world,10779,104627.968919666,0.007924209,1,0.742479000,0.297741000,-0.647707000,0.419251336,0.726954807,-0.357381254,0.409931292,1,0.822332858,0.332021794,-0.817623511,0.419251336,0.726954807,-0.357381254,0.409931292,10779,104627.968919666,0.007924209,1,0.181598000,0.323106000,-0.686055000,0.118177728,0.840562265,-0.526954361,-0.042522990,1,0.345472787,0.254341447,-0.753529049,0.118177728,0.840562265,-0.526954361,-0.042522990
2.431048709,104627.988464125,vr_world,10780,104627.988320500,0.000144208,1,0.742390000,0.298174000,-0.650778000,0.419387447,0.724213794,-0.361567864,0.410971081,1,0.823708125,0.331900538,-0.820110092,0.419387447,0.724213794,-0.361567864,0.410971081,10780,104627.988320500,0.000144208,1,0.181719000,0.322943000,-0.685996000,0.117239365,0.840142492,-0.527737679,-0.043685992,1,0.345392876,0.254010499,-0.753785372,0.117239365,0.840142492,-0.527737679,-0.043685992
2.443464042,104628.000879458,vr_world,10780,104627.988320500,0.012559291,1,0.742390000,0.298174000,-0.650778000,0.419387447,0.724213794,-0.361567864,0.410971081,1,0.823708125,0.331900538,-0.820110092,0.419387447,0.724213794,-0.361567864,0.410971081,10780,104627.988320500,0.012559291,1,0.181719000,0.322943000,-0.685996000,0.117239365,0.840142492,-0.527737679,-0.043685992,1,0.345392876,0.254010499,-0.753785372,0.117239365,0.840142492,-0.527737679,-0.043685992
2.455858875,104628.013274291,vr_world,10781,104628.007591875,0.005683000,1,0.740984000,0.298682000,-0.649674000,0.424813069,0.720166885,-0.363582459,0.410732650,1,0.822770122,0.329954657,-0.819251295,0.424813069,0.720166885,-0.363582459,0.410732650,10781,104628.007591875,0.005683000,1,0.181383000,0.322578000,-0.685983000,0.116147899,0.840348950,-0.527586567,-0.044449101,1,0.345060365,0.253861269,-0.753982367,0.116147899,0.840348950,-0.527586567,-0.044449101
2.467048125,104628.024463541,vr_world,10781,104628.007591875,0.016872166,1,0.740984000,0.298682000,-0.649674000,0.424813069,0.720166885,-0.363582459,0.410732650,1,0.822770122,0.329954657,-0.819251295,0.424813069,0.720166885,-0.363582459,0.410732650,10781,104628.007591875,0.016872166,1,0.181383000,0.322578000,-0.685983000,0.116147899,0.840348950,-0.527586567,-0.044449101,1,0.345060365,0.253861269,-0.753982367,0.116147899,0.840348950,-0.527586567,-0.044449101
2.479434500,104628.036849916,vr_world,10782,104628.026668166,0.010181959,1,0.738968000,0.296629000,-0.647256000,0.414874899,0.727581502,-0.363677533,0.407728620,1,0.819861827,0.332659321,-0.816316448,0.414874899,0.727581502,-0.363677533,0.407728620,10782,104628.026668166,0.010181959,1,0.181164000,0.322343000,-0.685869000,0.115752776,0.840290885,-0.527725900,-0.044921023,1,0.344787459,0.253631545,-0.754003605,0.115752776,0.840290885,-0.527725900,-0.044921023
2.491810000,104628.049225416,vr_world,10783,104628.045647375,0.003578583,1,0.741064000,0.296042000,-0.647809000,0.412986062,0.729910310,-0.366235449,0.403168758,1,0.821262769,0.333433182,-0.816905045,0.412986062,0.729910310,-0.366235449,0.403168758,10783,104628.045647375,0.003578583,1,0.181097000,0.322180000,-0.685587000,0.115554721,0.839863956,-0.528437344,-0.045051252,1,0.344611776,0.253212369,-0.753723676,0.115554721,0.839863956,-0.528437344,-0.045051252
2.504226625,104628.061642041,vr_world,10783,104628.045647375,0.015995125,1,0.741064000,0.296042000,-0.647809000,0.412986062,0.729910310,-0.366235449,0.403168758,1,0.821262769,0.333433182,-0.816905045,0.412986062,0.729910310,-0.366235449,0.403168758,10783,104628.045647375,0.015995125,1,0.181097000,0.322180000,-0.685587000,0.115554721,0.839863956,-0.528437344,-0.045051252,1,0.344611776,0.253212369,-0.753723676,0.115554721,0.839863956,-0.528437344,-0.045051252
2.516630959,104628.074046375,vr_world,10784,104628.064364666,0.009682042,1,0.741198000,0.295283000,-0.645732000,0.417562661,0.733735651,-0.363844769,0.393561180,1,0.817782506,0.332525984,-0.816527859,0.417562661,0.733735651,-0.363844769,0.393561180,10784,104628.064364666,0.009682042,1,0.181004000,0.321936000,-0.685299000,0.115461977,0.839367114,-0.529251064,-0.044996574,1,0.344410941,0.252653729,-0.753375055,0.115461977,0.839367114,-0.529251064,-0.044996574
2.526996917,104628.084412333,vr_world,10785,104628.083887666,0.000525167,1,0.741209000,0.294214000,-0.644849000,0.416648336,0.734287034,-0.369897889,0.387817311,1,0.817730202,0.332330136,-0.815480395,0.416648336,0.734287034,-0.369897889,0.387817311,10785,104628.083887666,0.000525167,1,0.180733000,0.321340000,-0.685224000,0.115108480,0.839338770,-0.529360504,-0.045143368,1,0.344130880,0.252061979,-0.753326125,0.115108480,0.839338770,-0.529360504,-0.045143368
2.539378834,104628.096794250,vr_world,10785,104628.083887666,0.012907042,1,0.741209000,0.294214000,-0.644849000,0.416648336,0.734287034,-0.369897889,0.387817311,1,0.817730202,0.332330136,-0.815480395,0.416648336,0.734287034,-0.369897889,0.387817311,10785,104628.083887666,0.012907042,1,0.180733000,0.321340000,-0.685224000,0.115108480,0.839338770,-0.529360504,-0.045143368,1,0.344130880,0.252061979,-0.753326125,0.115108480,0.839338770,-0.529360504,-0.045143368
2.551736917,104628.109152333,vr_world,10786,104628.102885291,0.006267459,1,0.740170000,0.292054000,-0.641884000,0.413654487,0.736571729,-0.376344481,0.380416725,1,0.816284120,0.332143523,-0.812245193,0.413654487,0.736571729,-0.376344481,0.380416725,10786,104628.102885291,0.006267459,1,0.180366000,0.320337000,-0.684809000,0.114193815,0.839600820,-0.529096214,-0.045688424,1,0.343800580,0.251292549,-0.753060544,0.114193815,0.839600820,-0.529096214,-0.045688424
2.563625709,104628.121041125,vr_world,10786,104628.102885291,0.018157000,1,0.740170000,0.292054000,-0.641884000,0.413654487,0.736571729,-0.376344481,0.380416725,1,0.816284120,0.332143523,-0.812245193,0.413654487,0.736571729,-0.376344481,0.380416725,10786,104628.102885291,0.018157000,1,0.180366000,0.320337000,-0.684809000,0.114193815,0.839600820,-0.529096214,-0.045688424,1,0.343800580,0.251292549,-0.753060544,0.114193815,0.839600820,-0.529096214,-0.045688424
2.574920084,104628.132335500,vr_world,10787,104628.122414375,0.009921750,1,0.739128000,0.289865000,-0.639539000,0.407491100,0.739572029,-0.379117594,0.378489190,1,0.815497568,0.332621692,-0.809135578,0.407491100,0.739572029,-0.379117594,0.378489190,10787,104628.122414375,0.009921750,1,0.180357000,0.319991000,-0.684207000,0.113974813,0.839729452,-0.528902829,-0.046108426,1,0.343780599,0.251061612,-0.752600520,0.113974813,0.839729452,-0.528902829,-0.046108426
2.587289792,104628.144705208,vr_world,10788,104628.142052708,0.002653250,1,0.738176000,0.286247000,-0.635921000,0.397109239,0.744841540,-0.386693267,0.371461506,1,0.814717612,0.333804141,-0.804156401,0.397109239,0.744841540,-0.386693267,0.371461506,10788,104628.142052708,0.002653250,1,0.180397000,0.319607000,-0.683376000,0.114484290,0.839239473,-0.529577905,-0.046018443,1,0.343692139,0.250341836,-0.751737263,0.114484290,0.839239473,-0.529577905,-0.046018443
2.599648334,104628.157063750,vr_world,10788,104628.142052708,0.015011792,1,0.738176000,0.286247000,-0.635921000,0.397109239,0.744841540,-0.386693267,0.371461506,1,0.814717612,0.333804141,-0.804156401,0.397109239,0.744841540,-0.386693267,0.371461506,10788,104628.142052708,0.015011792,1,0.180397000,0.319607000,-0.683376000,0.114484290,0.839239473,-0.529577905,-0.046018443,1,0.343692139,0.250341836,-0.751737263,0.114484290,0.839239473,-0.529577905,-0.046018443
2.609774750,104628.167190166,vr_world,10789,104628.161996083,0.005194458,1,0.738317000,0.284544000,-0.633029000,0.396054846,0.747357338,-0.390397244,0.363576072,1,0.813636186,0.333504104,-0.801413621,0.396054846,0.747357338,-0.390397244,0.363576072,10789,104628.161996083,0.005194458,1,0.180317000,0.318868000,-0.682472000,0.115717466,0.838380217,-0.530749557,-0.045088664,1,0.343464949,0.248957483,-0.750527096,0.115717466,0.838380217,-0.530749557,-0.045088664
2.622146000,104628.179561416,vr_world,10789,104628.161996083,0.017565833,1,0.738317000,0.284544000,-0.633029000,0.396054846,0.747357338,-0.390397244,0.363576072,1,0.813636186,0.333504104,-0.801413621,0.396054846,0.747357338,-0.390397244,0.363576072,10789,104628.161996083,0.017565833,1,0.180317000,0.318868000,-0.682472000,0.115717466,0.838380217,-0.530749557,-0.045088664,1,0.343464949,0.248957483,-0.750527096,0.115717466,0.838380217,-0.530749557,-0.045088664
2.634558584,104628.191974000,vr_world,10790,104628.181299416,0.010674959,1,0.737919000,0.282157000,-0.629677000,0.396193928,0.750339563,-0.393512142,0.353792462,1,0.811309053,0.332393778,-0.798536770,0.396193928,0.750339563,-0.393512142,0.353792462,10790,104628.181299416,0.010674959,1,0.180101000,0.317886000,-0.681663000,0.116565442,0.838166392,-0.530978922,-0.044169923,1,0.343272138,0.247755279,-0.749435356,0.116565442,0.838166392,-0.530978922,-0.044169923
2.646980209,104628.204395625,vr_world,10791,104628.200299833,0.004096292,1,0.736165000,0.277885000,-0.624471000,0.389944541,0.755354918,-0.401957438,0.340312239,1,0.808286780,0.332077102,-0.792652684,0.389944541,0.755354918,-0.401957438,0.340312239,10791,104628.200299833,0.004096292,1,0.180026000,0.316810000,-0.680056000,0.116977343,0.837882257,-0.531448124,-0.042807890,1,0.343275906,0.246407797,-0.747355631,0.116977343,0.837882257,-0.531448124,-0.042807890
2.659385209,104628.216800625,vr_world,10791,104628.200299833,0.016501250,1,0.736165000,0.277885000,-0.624471000,0.389944541,0.755354918,-0.401957438,0.340312239,1,0.808286780,0.332077102,-0.792652684,0.389944541,0.755354918,-0.401957438,0.340312239,10791,104628.200299833,0.016501250,1,0.180026000,0.316810000,-0.680056000,0.116977343,0.837882257,-0.531448124,-0.042807890,1,0.343275906,0.246407797,-0.747355631,0.116977343,0.837882257,-0.531448124,-0.042807890
2.671797375,104628.229212791,vr_world,10792,104628.219956208,0.009257000,1,0.734179000,0.275226000,-0.621270000,0.384640692,0.756930854,-0.405763817,0.338323728,1,0.806963946,0.331494884,-0.788481321,0.384640692,0.756930854,-0.405763817,0.338323728,10792,104628.219956208,0.009257000,1,0.180034000,0.316004000,-0.679014000,0.115691381,0.837804425,-0.531867868,-0.042612451,1,0.343344122,0.245590250,-0.746155292,0.115691381,0.837804425,-0.531867868,-0.042612451
2.684218084,104628.241633500,vr_world,10793,104628.238671083,0.002962958,1,0.731072000,0.270323000,-0.614561000,0.377433515,0.760343828,-0.411969863,0.331212979,1,0.803866875,0.329983171,-0.780588105,0.377433515,0.760343828,-0.411969863,0.331212979,10793,104628.238671083,0.002962958,1,0.180074000,0.314570000,-0.677048000,0.113428903,0.837284512,-0.533196673,-0.042306474,1,0.343392548,0.243898859,-0.743897554,0.113428903,0.837284512,-0.533196673,-0.042306474
2.696610584,104628.254026000,vr_world,10793,104628.238671083,0.015355417,1,0.731072000,0.270323000,-0.614561000,0.377433515,0.760343828,-0.411969863,0.331212979,1,0.803866875,0.329983171,-0.780588105,0.377433515,0.760343828,-0.411969863,0.331212979,10793,104628.238671083,0.015355417,1,0.180074000,0.314570000,-0.677048000,0.113428903,0.837284512,-0.533196673,-0.042306474,1,0.343392548,0.243898859,-0.743897554,0.113428903,0.837284512,-0.533196673,-0.042306474
2.708367542,104628.265782958,vr_world,10794,104628.258972458,0.006810958,1,0.728575000,0.266779000,-0.609337000,0.374121107,0.763020327,-0.414776971,0.325259039,1,0.800643176,0.328415361,-0.774958776,0.374121107,0.763020327,-0.414776971,0.325259039,10794,104628.258972458,0.006810958,1,0.180135000,0.313518000,-0.675787000,0.111815527,0.836864973,-0.534173975,-0.042573115,1,0.343389629,0.242662068,-0.742596841,0.111815527,0.836864973,-0.534173975,-0.042573115
2.720751834,104628.278167250,vr_world,10794,104628.258972458,0.019195125,1,0.728575000,0.266779000,-0.609337000,0.374121107,0.763020327,-0.414776971,0.325259039,1,0.800643176,0.328415361,-0.774958776,0.374121107,0.763020327,-0.414776971,0.325259039,10794,104628.258972458,0.019195125,1,0.180135000,0.313518000,-0.675787000,0.111815527,0.836864973,-0.534173975,-0.042573115,1,0.343389629,0.242662068,-0.742596841,0.111815527,0.836864973,-0.534173975,-0.042573115
2.733075959,104628.290491375,vr_world,10795,104628.278756416,0.011735667,1,0.724700000,0.260301000,-0.601243000,0.364111273,0.770253510,-0.421452780,0.310660691,1,0.795064762,0.327451045,-0.765447498,0.364111273,0.770253510,-0.421452780,0.310660691,10795,104628.278756416,0.011735667,1,0.180236000,0.312079000,-0.673353000,0.109694584,0.835916439,-0.536110138,-0.042387792,1,0.343373495,0.240704502,-0.739896520,0.109694584,0.835916439,-0.536110138,-0.042387792
2.745482875,104628.302898291,vr_world,10796,104628.298216666,0.004682250,1,0.721738000,0.255521000,-0.596557000,0.353463974,0.777166721,-0.424909696,0.300876814,1,0.790816586,0.327871449,-0.759090172,0.353463974,0.777166721,-0.424909696,0.300876814,10796,104628.298216666,0.004682250,1,0.180093000,0.311117000,-0.671878000,0.108751274,0.835417922,-0.537157577,-0.041373819,1,0.343269158,0.239412083,-0.737970177,0.108751274,0.835417922,-0.537157577,-0.041373819
2.757892750,104628.315308166,vr_world,10796,104628.298216666,0.017092084,1,0.721738000,0.255521000,-0.596557000,0.353463974,0.777166721,-0.424909696,0.300876814,1,0.790816586,0.327871449,-0.759090172,0.353463974,0.777166721,-0.424909696,0.300876814,10796,104628.298216666,0.017092084,1,0.180093000,0.311117000,-0.671878000,0.108751274,0.835417922,-0.537157577,-0.041373819,1,0.343269158,0.239412083,-0.737970177,0.108751274,0.835417922,-0.537157577,-0.041373819
2.770305459,104628.327720875,vr_world,10797,104628.317679500,0.010041708,1,0.718645000,0.251930000,-0.591682000,0.347503008,0.782162480,-0.425296006,0.294256386,1,0.786244678,0.327479356,-0.753379193,0.347503008,0.782162480,-0.425296006,0.294256386,10797,104628.317679500,0.010041708,1,0.180309000,0.310048000,-0.670755000,0.108247624,0.834674166,-0.538552641,-0.039528986,1,0.343539794,0.237797847,-0.736114283,0.108247624,0.834674166,-0.538552641,-0.039528986
2.780370375,104628.337785791,vr_world,10798,104628.336805416,0.000989625,1,0.712385000,0.245280000,-0.582478000,0.339497287,0.786796284,-0.430045487,0.284172620,1,0.779082787,0.324805144,-0.742636072,0.339497287,0.786796284,-0.430045487,0.284172620,10798,104628.336805416,0.000989625,1,0.180888000,0.308214000,-0.668019000,0.106832888,0.832325393,-0.542606749,-0.037404411,1,0.343839306,0.234455304,-0.732383232,0.106832888,0.832325393,-0.542606749,-0.037404411
2.791042750,104628.348458166,vr_world,10798,104628.336805416,0.011653209,1,0.712385000,0.245280000,-0.582478000,0.339497287,0.786796284,-0.430045487,0.284172620,1,0.779082787,0.324805144,-0.742636072,0.339497287,0.786796284,-0.430045487,0.284172620,10798,104628.336805416,0.011653209,1,0.180888000,0.308214000,-0.668019000,0.106832888,0.832325393,-0.542606749,-0.037404411,1,0.343839306,0.234455304,-0.732383232,0.106832888,0.832325393,-0.542606749,-0.037404411
2.803458042,104628.360873458,vr_world,10799,104628.356026125,0.004847833,1,0.708192000,0.240822000,-0.576663000,0.334717627,0.787928266,-0.433760900,0.281042060,1,0.775404127,0.322150124,-0.735696685,0.334717627,0.787928266,-0.433760900,0.281042060,10799,104628.356026125,0.004847833,1,0.181436000,0.306961000,-0.666110000,0.106341616,0.830993920,-0.544662145,-0.038518988,1,0.343942800,0.232468095,-0.730751957,0.106341616,0.830993920,-0.544662145,-0.038518988
2.815870250,104628.373285666,vr_world,10799,104628.356026125,0.017259875,1,0.708192000,0.240822000,-0.576663000,0.334717627,0.787928266,-0.433760900,0.281042060,1,0.775404127,0.322150124,-0.735696685,0.334717627,0.787928266,-0.433760900,0.281042060,10799,104628.356026125,0.017259875,1,0.181436000,0.306961000,-0.666110000,0.106341616,0.830993920,-0.544662145,-0.038518988,1,0.343942800,0.232468095,-0.730751957,0.106341616,0.830993920,-0.544662145,-0.038518988
2.827005250,104628.384420666,vr_world,10800,104628.376232000,0.008189166,1,0.701687000,0.232035000,-0.566682000,0.322226824,0.794860302,-0.439089211,0.267521286,1,0.767566945,0.319230563,-0.723143470,0.322226824,0.794860302,-0.439089211,0.267521286,10800,104628.376232000,0.008189166,1,0.181892000,0.304831000,-0.662544000,0.104752145,0.828911239,-0.547974710,-0.040704590,1,0.343683323,0.229263041,-0.727730538,0.104752145,0.828911239,-0.547974710,-0.040704590
2.839410417,104628.396825833,vr_world,10801,104628.395726291,0.001100125,1,0.697515000,0.226512000,-0.560655000,0.313104564,0.800488855,-0.440696578,0.258784952,1,0.762027171,0.317961323,-0.715246813,0.313104564,0.800488855,-0.440696578,0.258784952,10801,104628.395726291,0.001100125,1,0.181858000,0.303430000,-0.660696000,0.102253254,0.828257155,-0.549430440,-0.040749839,1,0.343585950,0.227577499,-0.725708903,0.102253254,0.828257155,-0.549430440,-0.040749839
2.851811959,104628.409227375,vr_world,10801,104628.395726291,0.013501375,1,0.697515000,0.226512000,-0.560655000,0.313104564,0.800488855,-0.440696578,0.258784952,1,0.762027171,0.317961323,-0.715246813,0.313104564,0.800488855,-0.440696578,0.258784952,10801,104628.395726291,0.013501375,1,0.181858000,0.303430000,-0.660696000,0.102253254,0.828257155,-0.549430440,-0.040749839,1,0.343585950,0.227577499,-0.725708903,0.102253254,0.828257155,-0.549430440,-0.040749839
2.863640750,104628.421056166,vr_world,10802,104628.415954416,0.005102417,1,0.692959000,0.220911000,-0.554234000,0.304469368,0.804956970,-0.444131797,0.249177905,1,0.756543374,0.316288433,-0.706823798,0.304469368,0.804956970,-0.444131797,0.249177905,10802,104628.415954416,0.005102417,1,0.182040000,0.302109000,-0.658770000,0.098539170,0.827886416,-0.550732789,-0.039843565,1,0.343941056,0.226144501,-0.723219102,0.098539170,0.827886416,-0.550732789,-0.039843565
2.876052042,104628.433467458,vr_world,10802,104628.415954416,0.017513459,1,0.692959000,0.220911000,-0.554234000,0.304469368,0.804956970,-0.444131797,0.249177905,1,0.756543374,0.316288433,-0.706823798,0.304469368,0.804956970,-0.444131797,0.249177905,10802,104628.415954416,0.017513459,1,0.182040000,0.302109000,-0.658770000,0.098539170,0.827886416,-0.550732789,-0.039843565,1,0.343941056,0.226144501,-0.723219102,0.098539170,0.827886416,-0.550732789,-0.039843565
2.888466834,104628.445882250,vr_world,10803,104628.434462666,0.011420000,1,0.685448000,0.211101000,-0.543249000,0.290931045,0.813784596,-0.447530808,0.229847633,1,0.746058902,0.313266255,-0.692621147,0.290931045,0.813784596,-0.447530808,0.229847633,10803,104628.434462666,0.011420000,1,0.182245000,0.299561000,-0.655218000,0.093074925,0.827618357,-0.552132626,-0.039172411,1,0.344398300,0.223646519,-0.719088996,0.093074925,0.827618357,-0.552132626,-0.039172411
2.900883834,104628.458299250,vr_world,10804,104628.453603541,0.004696209,1,0.680549000,0.204861000,-0.537468000,0.282369015,0.818474195,-0.449374893,0.220068028,1,0.739833556,0.310887803,-0.684665467,0.282369015,0.818474195,-0.449374893,0.220068028,10804,104628.453603541,0.004696209,1,0.182645000,0.298470000,-0.652873000,0.090618292,0.827205920,-0.553152983,-0.039248806,1,0.344794915,0.222429093,-0.716602515,0.090618292,0.827205920,-0.553152983,-0.039248806
2.913284459,104628.470699875,vr_world,10804,104628.453603541,0.017096917,1,0.680549000,0.204861000,-0.537468000,0.282369015,0.818474195,-0.449374893,0.220068028,1,0.739833556,0.310887803,-0.684665467,0.282369015,0.818474195,-0.449374893,0.220068028,10804,104628.453603541,0.017096917,1,0.182645000,0.298470000,-0.652873000,0.090618292,0.827205920,-0.553152983,-0.039248806,1,0.344794915,0.222429093,-0.716602515,0.090618292,0.827205920,-0.553152983,-0.039248806
2.925519542,104628.482934958,vr_world,10805,104628.473473250,0.009462291,1,0.674924000,0.199066000,-0.531550000,0.275151051,0.821784919,-0.451142344,0.213147910,1,0.733503267,0.308079328,-0.676835971,0.275151051,0.821784919,-0.451142344,0.213147910,10805,104628.473473250,0.009462291,1,0.183037000,0.297666000,-0.650246000,0.090537572,0.825568934,-0.555598418,-0.039360920,1,0.344750430,0.220657708,-0.713922487,0.090537572,0.825568934,-0.555598418,-0.039360920
2.937934375,104628.495349791,vr_world,10806,104628.492876791,0.002473375,1,0.664989000,0.188443000,-0.520517000,0.260352709,0.827477517,-0.455172817,0.200786283,1,0.722762209,0.303118515,-0.661709084,0.260352709,0.827477517,-0.455172817,0.200786283,10806,104628.492876791,0.002473375,1,0.183391000,0.295760000,-0.645462000,0.089434577,0.823185627,-0.559331075,-0.038931078,1,0.344573004,0.217366831,-0.708795149,0.089434577,0.823185627,-0.559331075,-0.038931078
2.948370792,104628.505786208,vr_world,10806,104628.492876791,0.012910000,1,0.664989000,0.188443000,-0.520517000,0.260352709,0.827477517,-0.455172817,0.200786283,1,0.722762209,0.303118515,-0.661709084,0.260352709,0.827477517,-0.455172817,0.200786283,10806,104628.492876791,0.012910000,1,0.183391000,0.295760000,-0.645462000,0.089434577,0.823185627,-0.559331075,-0.038931078,1,0.344573004,0.217366831,-0.708795149,0.089434577,0.823185627,-0.559331075,-0.038931078
2.960782917,104628.518198333,vr_world,10807,104628.512241791,0.005956917,1,0.659344000,0.182766000,-0.514584000,0.255621025,0.828881299,-0.456990316,0.196909968,1,0.717088264,0.299136080,-0.654394722,0.255621025,0.828881299,-0.456990316,0.196909968,10807,104628.512241791,0.005956917,1,0.182691000,0.294645000,-0.642786000,0.088949072,0.823049709,-0.559660668,-0.038172972,1,0.343942353,0.216149417,-0.705814879,0.088949072,0.823049709,-0.559660668,-0.038172972
2.973198917,104628.530614333,vr_world,10807,104628.512241791,0.018373000,1,0.659344000,0.182766000,-0.514584000,0.255621025,0.828881299,-0.456990316,0.196909968,1,0.717088264,0.299136080,-0.654394722,0.255621025,0.828881299,-0.456990316,0.196909968,10807,104628.512241791,0.018373000,1,0.182691000,0.294645000,-0.642786000,0.088949072,0.823049709,-0.559660668,-0.038172972,1,0.343942353,0.216149417,-0.705814879,0.088949072,0.823049709,-0.559660668,-0.038172972
2.984552292,104628.541967708,vr_world,10808,104628.532197833,0.009770292,1,0.649008000,0.170844000,-0.504548000,0.241111012,0.834100001,-0.460639486,0.184265925,1,0.705907711,0.292566738,-0.640081970,0.241111012,0.834100001,-0.460639486,0.184265925,10808,104628.532197833,0.009770292,1,0.181656000,0.292290000,-0.638789000,0.084555846,0.823095082,-0.560642712,-0.032319414,1,0.343751191,0.213693288,-0.699484272,0.084555846,0.823095082,-0.560642712,-0.032319414
2.996945375,104628.554360791,vr_world,10809,104628.551943291,0.002417959,1,0.643242000,0.164240000,-0.499683000,0.231215212,0.839278729,-0.458993843,0.177413060,1,0.698497168,0.289718675,-0.632443637,0.231215212,0.839278729,-0.458993843,0.177413060,10809,104628.551943291,0.002417959,1,0.181522000,0.290999000,-0.636279000,0.081724826,0.823198221,-0.561089795,-0.029051379,1,0.344116095,0.212420707,-0.695649505,0.081724826,0.823198221,-0.561089795,-0.029051379
3.009040917,104628.566456333,vr_world,10809,104628.551943291,0.014513375,1,0.643242000,0.164240000,-0.499683000,0.231215212,0.839278729,-0.458993843,0.177413060,1,0.698497168,0.289718675,-0.632443637,0.231215212,0.839278729,-0.458993843,0.177413060,10809,104628.551943291,0.014513375,1,0.181522000,0.290999000,-0.636279000,0.081724826,0.823198221,-0.561089795,-0.029051379,1,0.344116095,0.212420707,-0.695649505,0.081724826,0.823198221,-0.561089795,-0.029051379
3.021427792,104628.578843208,vr_world,10810,104628.570903833,0.007939750,1,0.632400000,0.153400000,-0.489747000,0.219663645,0.845733767,-0.456653366,0.167182483,1,0.685173776,0.283431828,-0.619091852,0.219663645,0.845733767,-0.456653366,0.167182483,10810,104628.570903833,0.007939750,1,0.181724000,0.288872000,-0.630970000,0.079807329,0.821681874,-0.563659018,-0.027535438,1,0.344153989,0.209414431,-0.689615013,0.079807329,0.821681874,-0.563659018,-0.027535438
3.033872334,104628.591287750,vr_world,10811,104628.590005541,0.001282667,1,0.625575000,0.147353000,-0.484399000,0.217471774,0.845982339,-0.457931325,0.165284033,1,0.678520013,0.278048155,-0.613003159,0.217471774,0.845982339,-0.457931325,0.165284033,10811,104628.590005541,0.001282667,1,0.181629000,0.287616000,-0.627524000,0.079386391,0.820298490,-0.565586991,-0.030323986,1,0.343415381,0.207523342,-0.687077364,0.079386391,0.820298490,-0.565586991,-0.030323986
3.046283500,104628.603698916,vr_world,10811,104628.590005541,0.013693875,1,0.625575000,0.147353000,-0.484399000,0.217471774,0.845982339,-0.457931325,0.165284033,1,0.678520013,0.278048155,-0.613003159,0.217471774,0.845982339,-0.457931325,0.165284033,10811,104628.590005541,0.013693875,1,0.181629000,0.287616000,-0.627524000,0.079386391,0.820298490,-0.565586991,-0.030323986,1,0.343415381,0.207523342,-0.687077364,0.079386391,0.820298490,-0.565586991,-0.030323986
3.058703917,104628.616119333,vr_world,10812,104628.609529083,0.006590667,1,0.619108000,0.141045000,-0.480115000,0.209827308,0.847545658,-0.459500840,0.162781560,1,0.672398423,0.273844948,-0.606399342,0.209827308,0.847545658,-0.459500840,0.162781560,10812,104628.609529083,0.006590667,1,0.180732000,0.285987000,-0.624722000,0.076386595,0.819575284,-0.567009447,-0.031011759,1,0.342387875,0.205665146,-0.684320546,0.076386595,0.819575284,-0.567009447,-0.031011759
3.071035875,104628.628451291,vr_world,10812,104628.609529083,0.018923000,1,0.619108000,0.141045000,-0.480115000,0.209827308,0.847545658,-0.459500840,0.162781560,1,0.672398423,0.273844948,-0.606399342,0.209827308,0.847545658,-0.459500840,0.162781560,10812,104628.609529083,0.018923000,1,0.180732000,0.285987000,-0.624722000,0.076386595,0.819575284,-0.567009447,-0.031011759,1,0.342387875,0.205665146,-0.684320546,0.076386595,0.819575284,-0.567009447,-0.031011759
3.083413167,104628.640828583,vr_world,10813,104628.629283166,0.011545750,1,0.607646000,0.129780000,-0.471365000,0.199501252,0.851725385,-0.458673156,0.156147541,1,0.659721273,0.266014682,-0.594457147,0.199501252,0.851725385,-0.458673156,0.156147541,10813,104628.629283166,0.011545750,1,0.179238000,0.283049000,-0.619792000,0.068216460,0.818643144,-0.569399068,-0.030896911,1,0.341033875,0.202613226,-0.678854583,0.068216460,0.818643144,-0.569399068,-0.030896911
3.095483750,104628.652899166,vr_world,10814,104628.648721916,0.004177709,1,0.601016000,0.123306000,-0.466211000,0.194915841,0.853797997,-0.458278787,0.151714696,1,0.652277206,0.261195515,-0.587793145,0.194915841,0.853797997,-0.458278787,0.151714696,10814,104628.648721916,0.004177709,1,0.178126000,0.281290000,-0.617232000,0.062319384,0.819449850,-0.568900117,-0.031159189,1,0.340398431,0.201665770,-0.676086846,0.062319384,0.819449850,-0.568900117,-0.031159189
3.107844167,104628.665259583,vr_world,10814,104628.648721916,0.016538125,1,0.601016000,0.123306000,-0.466211000,0.194915841,0.853797997,-0.458278787,0.151714696,1,0.652277206,0.261195515,-0.587793145,0.194915841,0.853797997,-0.458278787,0.151714696,10814,104628.648721916,0.016538125,1,0.178126000,0.281290000,-0.617232000,0.062319384,0.819449850,-0.568900117,-0.031159189,1,0.340398431,0.201665770,-0.676086846,0.062319384,0.819449850,-0.568900117,-0.031159189
3.119405334,104628.676820750,vr_world,10815,104628.667618916,0.009202250,1,0.594322000,0.116134000,-0.462045000,0.185388352,0.857009302,-0.458499812,0.144720900,1,0.644710678,0.257042558,-0.580489847,0.185388352,0.857009302,-0.458499812,0.144720900,10815,104628.667618916,0.009202250,1,0.176799000,0.279618000,-0.614780000,0.057798506,0.821097695,-0.566979668,-0.031495457,1,0.339704642,0.201235190,-0.673551629,0.057798506,0.821097695,-0.566979668,-0.031495457
3.129704625,104628.687120041,vr_world,10816,104628.687104500,0.000015916,1,0.583359000,0.104488000,-0.454933000,0.169862577,0.862884229,-0.457384903,0.131820194,1,0.631585289,0.250409787,-0.568089957,0.169862577,0.862884229,-0.457384903,0.131820194,10816,104628.687104500,0.000015916,1,0.174781000,0.276710000,-0.610630000,0.051805230,0.822437657,-0.565772629,-0.028528057,1,0.338631403,0.199283276,-0.668026749,0.051805230,0.822437657,-0.565772629,-0.028528057
3.139845209,104628.697260625,vr_world,10816,104628.687104500,0.010156666,1,0.583359000,0.104488000,-0.454933000,0.169862577,0.862884229,-0.457384903,0.131820194,1,0.631585289,0.250409787,-0.568089957,0.169862577,0.862884229,-0.457384903,0.131820194,10816,104628.687104500,0.010156666,1,0.174781000,0.276710000,-0.610630000,0.051805230,0.822437657,-0.565772629,-0.028528057,1,0.338631403,0.199283276,-0.668026749,0.051805230,0.822437657,-0.565772629,-0.028528057
3.152270125,104628.709685541,vr_world,10817,104628.707023166,0.002662875,1,0.577745000,0.098616500,-0.451236000,0.167582837,0.865279330,-0.455355445,0.125932887,1,0.624283186,0.245823289,-0.563431532,0.167582837,0.865279330,-0.455355445,0.125932887,10817,104628.707023166,0.002662875,1,0.174124000,0.275431000,-0.608197000,0.052848591,0.821225304,-0.567479470,-0.027623875,1,0.337684633,0.197175506,-0.665295261,0.052848591,0.821225304,-0.567479470,-0.027623875
3.163481209,104628.720896625,vr_world,10817,104628.707023166,0.013876667,1,0.577745000,0.098616500,-0.451236000,0.167582837,0.865279330,-0.455355445,0.125932887,1,0.624283186,0.245823289,-0.563431532,0.167582837,0.865279330,-0.455355445,0.125932887,10817,104628.707023166,0.013876667,1,0.174124000,0.275431000,-0.608197000,0.052848591,0.821225304,-0.567479470,-0.027623875,1,0.337684633,0.197175506,-0.665295261,0.052848591,0.821225304,-0.567479470,-0.027623875
3.175912709,104628.733328125,vr_world,10818,104628.726057000,0.007273541,1,0.565812000,0.087177400,-0.444356000,0.157725281,0.868392726,-0.455687789,0.115609029,1,0.611104074,0.237488141,-0.552886089,0.157725281,0.868392726,-0.455687789,0.115609029,10818,104628.726057000,0.007273541,1,0.172847000,0.272823000,-0.603862000,0.051845579,0.819004281,-0.570835244,-0.026289698,1,0.335982861,0.193253121,-0.660355946,0.051845579,0.819004281,-0.570835244,-0.026289698
3.188320542,104628.745735958,vr_world,10819,104628.744881333,0.000855083,1,0.559342000,0.081137400,-0.441297000,0.151251800,0.869528433,-0.457183120,0.109666734,1,0.604475279,0.233223728,-0.547392115,0.151251800,0.869528433,-0.457183120,0.109666734,10819,104628.744881333,0.000855083,1,0.172239000,0.271079000,-0.601635000,0.051280632,0.817466505,-0.573023773,-0.027614587,1,0.334856200,0.190734685,-0.658526489,0.051280632,0.817466505,-0.573023773,-0.027614587
3.199989292,104628.757404708,vr_world,10819,104628.744881333,0.012523667,1,0.559342000,0.081137400,-0.441297000,0.151251800,0.869528433,-0.457183120,0.109666734,1,0.604475279,0.233223728,-0.547392115,0.151251800,0.869528433,-0.457183120,0.109666734,10819,104628.744881333,0.012523667,1,0.172239000,0.271079000,-0.601635000,0.051280632,0.817466505,-0.573023773,-0.027614587,1,0.334856200,0.190734685,-0.658526489,0.051280632,0.817466505,-0.573023773,-0.027614587
3.212357209,104628.769772625,vr_world,10820,104628.764924666,0.004848334,1,0.553634000,0.075312200,-0.438802000,0.147185293,0.870621837,-0.457734543,0.104082631,1,0.598244253,0.228694095,-0.543240368,0.147185293,0.870621837,-0.457734543,0.104082631,10820,104628.764924666,0.004848334,1,0.171321000,0.268854000,-0.599721000,0.048289626,0.818204759,-0.572161814,-0.028981784,1,0.334159631,0.189202545,-0.656952532,0.048289626,0.818204759,-0.572161814,-0.028981784
3.224476875,104628.781892291,vr_world,10820,104628.764924666,0.016968042,1,0.553634000,0.075312200,-0.438802000,0.147185293,0.870621837,-0.457734543,0.104082631,1,0.598244253,0.228694095,-0.543240368,0.147185293,0.870621837,-0.457734543,0.104082631,10820,104628.764924666,0.016968042,1,0.171321000,0.268854000,-0.599721000,0.048289626,0.818204759,-0.572161814,-0.028981784,1,0.334159631,0.189202545,-0.656952532,0.048289626,0.818204759,-0.572161814,-0.028981784
3.236658750,104628.794074166,vr_world,10821,104628.783551500,0.010522958,1,0.542631000,0.063957000,-0.434195000,0.136821742,0.872418098,-0.459695354,0.094056662,1,0.586842504,0.220109857,-0.534619460,0.136821742,0.872418098,-0.459695354,0.094056662,10821,104628.783551500,0.010522958,1,0.169959000,0.265267000,-0.595961000,0.042552961,0.818941861,-0.571493274,-0.030313551,1,0.333164686,0.186487905,-0.653354354,0.042552961,0.818941861,-0.571493274,-0.030313551
3.249027584,104628.806443000,vr_world,10822,104628.802897000,0.003546291,1,0.536710000,0.057838400,-0.432346000,0.130866717,0.873197568,-0.461111850,0.088180330,1,0.580823091,0.215507414,-0.530417311,0.130866717,0.873197568,-0.461111850,0.088180330,10822,104628.802897000,0.003546291,1,0.169560000,0.263627000,-0.593727000,0.040220319,0.818832098,-0.571758337,-0.031444017,1,0.332750785,0.185010439,-0.651385075,0.040220319,0.818832098,-0.571758337,-0.031444017
3.261393667,104628.818809083,vr_world,10822,104628.802897000,0.015912666,1,0.536710000,0.057838400,-0.432346000,0.130866717,0.873197568,-0.461111850,0.088180330,1,0.580823091,0.215507414,-0.530417311,0.130866717,0.873197568,-0.461111850,0.088180330,10822,104628.802897000,0.015912666,1,0.169560000,0.263627000,-0.593727000,0.040220319,0.818832098,-0.571758337,-0.031444017,1,0.332750785,0.185010439,-0.651385075,0.040220319,0.818832098,-0.571758337,-0.031444017
3.273295334,104628.830710750,vr_world,10823,104628.821986458,0.008724667,1,0.526440000,0.047281000,-0.429078000,0.116734233,0.876435509,-0.461189217,0.074420584,1,0.569174771,0.208668628,-0.521550620,0.116734233,0.876435509,-0.461189217,0.074420584,10823,104628.821986458,0.008724667,1,0.168572000,0.260675000,-0.589729000,0.036880566,0.817681024,-0.573615280,-0.031671385,1,0.331604185,0.181628366,-0.647247544,0.036880566,0.817681024,-0.573615280,-0.031671385
3.285680125,104628.843095541,vr_world,10824,104628.841278000,0.001818000,1,0.521569000,0.042266600,-0.427165000,0.117691119,0.878254297,-0.458604562,0.067082387,1,0.562249506,0.204309908,-0.519417551,0.117691119,0.878254297,-0.458604562,0.067082387,10824,104628.841278000,0.001818000,1,0.167773000,0.259167000,-0.587535000,0.037096753,0.816984516,-0.574638448,-0.030834808,1,0.330681203,0.179647748,-0.644752523,0.037096753,0.816984516,-0.574638448,-0.030834808
3.296238125,104628.853653541,vr_world,10824,104628.841278000,0.012376083,1,0.521569000,0.042266600,-0.427165000,0.117691119,0.878254297,-0.458604562,0.067082387,1,0.562249506,0.204309908,-0.519417551,0.117691119,0.878254297,-0.458604562,0.067082387,10824,104628.841278000,0.012376083,1,0.167773000,0.259167000,-0.587535000,0.037096753,0.816984516,-0.574638448,-0.030834808,1,0.330681203,0.179647748,-0.644752523,0.037096753,0.816984516,-0.574638448,-0.030834808
3.308377084,104628.865792500,vr_world,10825,104628.861103166,0.004689834,1,0.516075000,0.036650800,-0.426020000,0.115176355,0.879301285,-0.457989345,0.061720483,1,0.555896337,0.199609463,-0.517026723,0.115176355,0.879301285,-0.457989345,0.061720483,10825,104628.861103166,0.004689834,1,0.166770000,0.257530000,-0.585519000,0.036584397,0.817051850,-0.574678624,-0.028850215,1,0.329906509,0.177949598,-0.641996104,0.036584397,0.817051850,-0.574678624,-0.028850215
3.320798084,104628.878213500,vr_world,10825,104628.861103166,0.017110959,1,0.516075000,0.036650800,-0.426020000,0.115176355,0.879301285,-0.457989345,0.061720483,1,0.555896337,0.199609463,-0.517026723,0.115176355,0.879301285,-0.457989345,0.061720483,10825,104628.861103166,0.017110959,1,0.166770000,0.257530000,-0.585519000,0.036584397,0.817051850,-0.574678624,-0.028850215,1,0.329906509,0.177949598,-0.641996104,0.036584397,0.817051850,-0.574678624,-0.028850215
3.333195667,104628.890611083,vr_world,10826,104628.880618083,0.009993458,1,0.505764000,0.026484100,-0.424175000,0.104394423,0.881160616,-0.458427226,0.050022508,1,0.544695416,0.192102426,-0.510652577,0.104394423,0.881160616,-0.458427226,0.050022508,10826,104628.880618083,0.009993458,1,0.165011000,0.254450000,-0.581652000,0.034199421,0.817578584,-0.574191677,-0.026449527,1,0.328634677,0.175172147,-0.637136843,0.034199421,0.817578584,-0.574191677,-0.026449527
3.343398125,104628.900813541,vr_world,10827,104628.900018166,0.000795750,1,0.500922000,0.021910800,-0.423459000,0.099887869,0.882671912,-0.457273922,0.042582510,1,0.538667762,0.188896156,-0.507807411,0.099887869,0.882671912,-0.457273922,0.042582510,10827,104628.900018166,0.000795750,1,0.164155000,0.252922000,-0.579721000,0.032610595,0.817872250,-0.573913911,-0.025384136,1,0.328037230,0.173849812,-0.634733906,0.032610595,0.817872250,-0.573913911,-0.025384136
3.353806625,104628.911222041,vr_world,10827,104628.900018166,0.011204417,1,0.500922000,0.021910800,-0.423459000,0.099887869,0.882671912,-0.457273922,0.042582510,1,0.538667762,0.188896156,-0.507807411,0.099887869,0.882671912,-0.457273922,0.042582510,10827,104628.900018166,0.011204417,1,0.164155000,0.252922000,-0.579721000,0.032610595,0.817872250,-0.573913911,-0.025384136,1,0.328037230,0.173849812,-0.634733906,0.032610595,0.817872250,-0.573913911,-0.025384136
3.366191459,104628.923606875,vr_world,10828,104628.919315500,0.004291833,1,0.491796000,0.012452300,-0.422063000,0.095231308,0.884704009,-0.455482388,0.027669656,1,0.527258432,0.181360101,-0.503524513,0.095231308,0.884704009,-0.455482388,0.027669656,10828,104628.919315500,0.004291833,1,0.162833000,0.249964000,-0.576399000,0.029084609,0.817146108,-0.575186621,-0.024221376,1,0.326803989,0.170633292,-0.630771358,0.029084609,0.817146108,-0.575186621,-0.024221376
3.377001792,104628.934417208,vr_world,10828,104628.919315500,0.015102125,1,0.491796000,0.012452300,-0.422063000,0.095231308,0.884704009,-0.455482388,0.027669656,1,0.527258432,0.181360101,-0.503524513,0.095231308,0.884704009,-0.455482388,0.027669656,10828,104628.919315500,0.015102125,1,0.162833000,0.249964000,-0.576399000,0.029084609,0.817146108,-0.575186621,-0.024221376,1,0.326803989,0.170633292,-0.630771358,0.029084609,0.817146108,-0.575186621,-0.024221376
3.389412584,104628.946828000,vr_world,10829,104628.939356291,0.007472084,1,0.486655000,0.007051830,-0.422306000,0.090952012,0.885054678,-0.456076644,0.020001082,1,0.521679013,0.177069132,-0.501621055,0.090952012,0.885054678,-0.456076644,0.020001082,10829,104628.939356291,0.007472084,1,0.162316000,0.248310000,-0.574821000,0.028260664,0.816638429,-0.575908945,-0.025137587,1,0.326110514,0.168802180,-0.629466082,0.028260664,0.816638429,-0.575908945,-0.025137587
3.401824625,104628.959240041,vr_world,10829,104628.939356291,0.019884084,1,0.486655000,0.007051830,-0.422306000,0.090952012,0.885054678,-0.456076644,0.020001082,1,0.521679013,0.177069132,-0.501621055,0.090952012,0.885054678,-0.456076644,0.020001082,10829,104628.939356291,0.019884084,1,0.162316000,0.248310000,-0.574821000,0.028260664,0.816638429,-0.575908945,-0.025137587,1,0.326110514,0.168802180,-0.629466082,0.028260664,0.816638429,-0.575908945,-0.025137587
3.412767750,104628.970183166,vr_world,10830,104628.959669375,0.010514583,1,0.481235000,0.002374060,-0.422535000,0.085472959,0.884911421,-0.457684777,0.012279844,1,0.516315811,0.173554823,-0.499280753,0.085472959,0.884911421,-0.457684777,0.012279844,10830,104628.959669375,0.010514583,1,0.161826000,0.246993000,-0.573093000,0.027822982,0.815829821,-0.577021511,-0.026339339,1,0.325315562,0.167130127,-0.628132339,0.027822982,0.815829821,-0.577021511,-0.026339339
3.425183667,104628.982599083,vr_world,10831,104628.978211208,0.004388292,1,0.471501000,-0.006476670,-0.422923000,0.074367967,0.885360851,-0.458906574,-0.003213407,1,0.506028846,0.167076729,-0.494410872,0.074367967,0.885360851,-0.458906574,-0.003213407,10831,104628.978211208,0.004388292,1,0.160518000,0.244409000,-0.569823000,0.026855964,0.814663596,-0.578639171,-0.027905047,1,0.323599293,0.164051809,-0.625351683,0.026855964,0.814663596,-0.578639171,-0.027905047
3.437570584,104628.994986000,vr_world,10831,104628.978211208,0.016775208,1,0.471501000,-0.006476670,-0.422923000,0.074367967,0.885360851,-0.458906574,-0.003213407,1,0.506028846,0.167076729,-0.494410872,0.074367967,0.885360851,-0.458906574,-0.003213407,10831,104628.978211208,0.016775208,1,0.160518000,0.244409000,-0.569823000,0.026855964,0.814663596,-0.578639171,-0.027905047,1,0.323599293,0.164051809,-0.625351683,0.026855964,0.814663596,-0.578639171,-0.027905047
3.449941792,104629.007357208,vr_world,10832,104628.997797041,0.009560667,1,0.467037000,-0.011245600,-0.423811000,0.067828386,0.885868100,-0.458776280,-0.012702117,1,0.500940655,0.163705374,-0.492120162,0.067828386,0.885868100,-0.458776280,-0.012702117,10832,104628.997797041,0.009560667,1,0.159520000,0.243071000,-0.568470000,0.026055324,0.814125226,-0.579437784,-0.027804501,1,0.322504504,0.162455446,-0.623908528,0.026055324,0.814125226,-0.579437784,-0.027804501
3.460303709,104629.017719125,vr_world,10832,104628.997797041,0.019923875,1,0.467037000,-0.011245600,-0.423811000,0.067828386,0.885868100,-0.458776280,-0.012702117,1,0.500940655,0.163705374,-0.492120162,0.067828386,0.885868100,-0.458776280,-0.012702117,10832,104628.997797041,0.019923875,1,0.159520000,0.243071000,-0.568470000,0.026055324,0.814125226,-0.579437784,-0.027804501,1,0.322504504,0.162455446,-0.623908528,0.026055324,0.814125226,-0.579437784,-0.027804501
3.471230667,104629.028646083,vr_world,10833,104629.018943666,0.009704334,1,0.458898000,-0.020072300,-0.425552000,0.056005209,0.886907296,-0.457432844,-0.031844269,1,0.491208338,0.157419356,-0.487811015,0.056005209,0.886907296,-0.457432844,-0.031844269,10833,104629.018943666,0.009704334,1,0.157925000,0.240578000,-0.566052000,0.023634994,0.812763891,-0.581500886,-0.026701385,1,0.320759182,0.159282250,-0.620936329,0.023634994,0.812763891,-0.581500886,-0.026701385
3.483425875,104629.040841291,vr_world,10834,104629.036656666,0.004185334,1,0.454864000,-0.023974600,-0.426729000,0.052124088,0.887742367,-0.455409297,-0.042413925,1,0.485716157,0.154632991,-0.486486290,0.052124088,0.887742367,-0.455409297,-0.042413925,10834,104629.036656666,0.004185334,1,0.157183000,0.239378000,-0.564883000,0.022784285,0.812154778,-0.582405422,-0.026256762,1,0.319931935,0.157766764,-0.619551177,0.022784285,0.812154778,-0.582405422,-0.026256762
3.493670042,104629.051085458,vr_world,10834,104629.036656666,0.014429459,1,0.454864000,-0.023974600,-0.426729000,0.052124088,0.887742367,-0.455409297,-0.042413925,1,0.485716157,0.154632991,-0.486486290,0.052124088,0.887742367,-0.455409297,-0.042413925,10834,104629.036656666,0.014429459,1,0.157183000,0.239378000,-0.564883000,0.022784285,0.812154778,-0.582405422,-0.026256762,1,0.319931935,0.157766764,-0.619551177,0.022784285,0.812154778,-0.582405422,-0.026256762
3.506071625,104629.063487041,vr_world,10835,104629.056039083,0.007448417,1,0.450416000,-0.027250500,-0.428009000,0.048102255,0.888339315,-0.453672079,-0.052163963,1,0.480055181,0.152375549,-0.485275631,0.048102255,0.888339315,-0.453672079,-0.052163963,10835,104629.056039083,0.007448417,1,0.156656000,0.238228000,-0.563520000,0.022032885,0.811320591,-0.583560800,-0.027023005,1,0.319146141,0.156251855,-0.618411586,0.022032885,0.811320591,-0.583560800,-0.027023005
3.516369834,104629.073785250,vr_world,10835,104629.056039083,0.017746500,1,0.450416000,-0.027250500,-0.428009000,0.048102255,0.888339315,-0.453672079,-0.052163963,1,0.480055181,0.152375549,-0.485275631,0.048102255,0.888339315,-0.453672079,-0.052163963,10835,104629.056039083,0.017746500,1,0.156656000,0.238228000,-0.563520000,0.022032885,0.811320591,-0.583560800,-0.027023005,1,0.319146141,0.156251855,-0.618411586,0.022032885,0.811320591,-0.583560800,-0.027023005
3.527003375,104629.084418791,vr_world,10836,104629.075355041,0.009064334,1,0.443027000,-0.034364000,-0.430817000,0.039155723,0.889693916,-0.449621774,-0.068933484,1,0.470404461,0.147162554,-0.482989953,0.039155723,0.889693916,-0.449621774,-0.068933484,10836,104629.075355041,0.009064334,1,0.155412000,0.235952000,-0.560995000,0.020002270,0.809342618,-0.586249840,-0.029589878,1,0.317235593,0.153192720,-0.616674820,0.020002270,0.809342618,-0.586249840,-0.029589878
3.539375250,104629.096790666,vr_world,10837,104629.094766041,0.002025042,1,0.439551000,-0.037908100,-0.432442000,0.036490629,0.889495591,-0.449155349,-0.075667033,1,0.466477512,0.144168540,-0.482905087,0.036490629,0.889495591,-0.449155349,-0.075667033,10837,104629.094766041,0.002025042,1,0.154617000,0.234873000,-0.559900000,0.017249124,0.808156718,-0.587885384,-0.031240384,1,0.316117629,0.151773083,-0.616008711,0.017249124,0.808156718,-0.587885384,-0.031240384
3.551765125,104629.109180541,vr_world,10837,104629.094766041,0.014414917,1,0.439551000,-0.037908100,-0.432442000,0.036490629,0.889495591,-0.449155349,-0.075667033,1,0.466477512,0.144168540,-0.482905087,0.036490629,0.889495591,-0.449155349,-0.075667033,10837,104629.094766041,0.014414917,1,0.154617000,0.234873000,-0.559900000,0.017249124,0.808156718,-0.587885384,-0.031240384,1,0.316117629,0.151773083,-0.616008711,0.017249124,0.808156718,-0.587885384,-0.031240384
3.563423375,104629.120838791,vr_world,10838,104629.114971416,0.005868542,1,0.432815000,-0.044334600,-0.436034000,0.028251236,0.888762921,-0.448399686,-0.090774774,1,0.459099937,0.139059752,-0.481849322,0.028251236,0.888762921,-0.448399686,-0.090774774,10838,104629.114971416,0.005868542,1,0.153047000,0.232937000,-0.557730000,0.013499095,0.806843176,-0.589707680,-0.032660599,1,0.314267879,0.149492902,-0.614131275,0.013499095,0.806843176,-0.589707680,-0.032660599
3.575233042,104629.132648458,vr_world,10838,104629.114971416,0.017677792,1,0.432815000,-0.044334600,-0.436034000,0.028251236,0.888762921,-0.448399686,-0.090774774,1,0.459099937,0.139059752,-0.481849322,0.028251236,0.888762921,-0.448399686,-0.090774774,10838,104629.114971416,0.017677792,1,0.153047000,0.232937000,-0.557730000,0.013499095,0.806843176,-0.589707680,-0.032660599,1,0.314267879,0.149492902,-0.614131275,0.013499095,0.806843176,-0.589707680,-0.032660599
3.587623209,104629.145038625,vr_world,10839,104629.134101916,0.010937292,1,0.429469000,-0.046812800,-0.438254000,0.023910181,0.888500099,-0.447159165,-0.100222546,1,0.455055843,0.137327860,-0.481393155,0.023910181,0.888500099,-0.447159165,-0.100222546,10839,104629.134101916,0.010937292,1,0.152107000,0.232283000,-0.556913000,0.012233713,0.806431285,-0.590366716,-0.031401587,1,0.313391750,0.148609458,-0.612789528,0.012233713,0.806431285,-0.590366716,-0.031401587
3.600036584,104629.157452000,vr_world,10840,104629.153308583,0.004144083,1,0.426545000,-0.049456600,-0.440574000,0.020811009,0.889251629,-0.443443641,-0.110255064,1,0.450360264,0.135476178,-0.481269484,0.020811009,0.889251629,-0.443443641,-0.110255064,10840,104629.153308583,0.004144083,1,0.151481000,0.231720000,-0.555791000,0.012180160,0.805564022,-0.591629478,-0.029879929,1,0.312650353,0.147457719,-0.611113388,0.012180160,0.805564022,-0.591629478,-0.029879929
3.612376125,104629.169791541,vr_world,10840,104629.153308583,0.016483708,1,0.426545000,-0.049456600,-0.440574000,0.020811009,0.889251629,-0.443443641,-0.110255064,1,0.450360264,0.135476178,-0.481269484,0.020811009,0.889251629,-0.443443641,-0.110255064,10840,104629.153308583,0.016483708,1,0.151481000,0.231720000,-0.555791000,0.012180160,0.805564022,-0.591629478,-0.029879929,1,0.312650353,0.147457719,-0.611113388,0.012180160,0.805564022,-0.591629478,-0.029879929
3.623456042,104629.180871458,vr_world,10841,104629.172426375,0.008445541,1,0.421149000,-0.055024600,-0.444889000,0.012877705,0.889426559,-0.438305641,-0.129006693,1,0.442700823,0.131274597,-0.480266705,0.012877705,0.889426559,-0.438305641,-0.129006693,10841,104629.172426375,0.008445541,1,0.150237000,0.230509000,-0.553410000,0.012410777,0.803952389,-0.593842017,-0.029294829,1,0.310979633,0.145302310,-0.608526726,0.012410777,0.803952389,-0.593842017,-0.029294829
3.635830459,104629.193245875,vr_world,10842,104629.191720541,0.001526084,1,0.418832000,-0.057416800,-0.447889000,0.008517792,0.890547470,-0.433067763,-0.138942305,1,0.438254797,0.129669361,-0.480215473,0.008517792,0.890547470,-0.433067763,-0.138942305,10842,104629.191720541,0.001526084,1,0.149515000,0.230316000,-0.552375000,0.013484878,0.802712133,-0.595599585,-0.027065183,1,0.310024299,0.144191091,-0.606739159,0.013484878,0.802712133,-0.595599585,-0.027065183
3.648092584,104629.205508000,vr_world,10842,104629.191720541,0.013790334,1,0.418832000,-0.057416800,-0.447889000,0.008517792,0.890547470,-0.433067763,-0.138942305,1,0.438254797,0.129669361,-0.480215473,0.008517792,0.890547470,-0.433067763,-0.138942305,10842,104629.191720541,0.013790334,1,0.149515000,0.230316000,-0.552375000,0.013484878,0.802712133,-0.595599585,-0.027065183,1,0.310024299,0.144191091,-0.606739159,0.013484878,0.802712133,-0.595599585,-0.027065183
3.660338250,104629.217753666,vr_world,10843,104629.211289500,0.006469666,1,0.413435000,-0.061720000,-0.452529000,0.001834208,0.890438726,-0.426966560,-0.157527989,1,0.430426402,0.126407429,-0.479783059,0.001834208,0.890438726,-0.426966560,-0.157527989,10843,104629.211289500,0.006469666,1,0.148540000,0.229746000,-0.550593000,0.013222547,0.799874988,-0.599598693,-0.022507236,1,0.308611799,0.141783854,-0.603280009,0.013222547,0.799874988,-0.599598693,-0.022507236
3.672762500,104629.230177916,vr_world,10843,104629.211289500,0.018890666,1,0.413435000,-0.061720000,-0.452529000,0.001834208,0.890438726,-0.426966560,-0.157527989,1,0.430426402,0.126407429,-0.479783059,0.001834208,0.890438726,-0.426966560,-0.157527989,10843,104629.211289500,0.018890666,1,0.148540000,0.229746000,-0.550593000,0.013222547,0.799874988,-0.599598693,-0.022507236,1,0.308611799,0.141783854,-0.603280009,0.013222547,0.799874988,-0.599598693,-0.022507236
3.685173792,104629.242589208,vr_world,10844,104629.231635500,0.010954083,1,0.410380000,-0.063538100,-0.455726000,0.004073401,-0.889121643,0.426140400,0.166884602,1,0.427355157,0.125043395,-0.479649620,0.004073401,-0.889121643,0.426140400,0.166884602,10844,104629.231635500,0.010954083,1,0.148297000,0.229312000,-0.549678000,0.011744503,0.798746304,-0.601175152,-0.021327107,1,0.308215022,0.140768602,-0.601855736,0.011744503,0.798746304,-0.601175152,-0.021327107
3.697557292,104629.254972708,vr_world,10845,104629.250667458,0.004305750,1,0.408119000,-0.065084000,-0.458561000,0.008353346,-0.888206590,0.424453454,0.175665990,1,0.424654850,0.123865109,-0.479732749,0.008353346,-0.888206590,0.424453454,0.175665990,10845,104629.250667458,0.004305750,1,0.148214000,0.228745000,-0.548660000,0.009198763,0.798441587,-0.601625383,-0.021291162,1,0.308188746,0.140219106,-0.600693221,0.009198763,0.798441587,-0.601625383,-0.021291162
3.709698042,104629.267113458,vr_world,10845,104629.250667458,0.016446667,1,0.408119000,-0.065084000,-0.458561000,0.008353346,-0.888206590,0.424453454,0.175665990,1,0.424654850,0.123865109,-0.479732749,0.008353346,-0.888206590,0.424453454,0.175665990,10845,104629.250667458,0.016446667,1,0.148214000,0.228745000,-0.548660000,0.009198763,0.798441587,-0.601625383,-0.021291162,1,0.308188746,0.140219106,-0.600693221,0.009198763,0.798441587,-0.601625383,-0.021291162
3.721712375,104629.279127791,vr_world,10846,104629.269620916,0.009517417,1,0.404174000,-0.068361500,-0.463560000,0.013388331,-0.887974541,0.417563097,0.192257712,1,0.418235352,0.121231666,-0.480298304,0.013388331,-0.887974541,0.417563097,0.192257712,10846,104629.269620916,0.009517417,1,0.148018000,0.228172000,-0.546679000,0.005554317,0.797433936,-0.602986440,-0.021808708,1,0.307862111,0.139409484,-0.598710314,0.005554317,0.797433936,-0.602986440,-0.021808708
3.732374292,104629.289789708,vr_world,10847,104629.288765083,0.001024958,1,0.401863000,-0.069505700,-0.466296000,0.015666030,-0.887828709,0.413807334,0.200694417,1,0.414601355,0.120362505,-0.480829935,0.015666030,-0.887828709,0.413807334,0.200694417,10847,104629.288765083,0.001024958,1,0.148422000,0.228596000,-0.546016000,0.003867121,0.795404220,-0.605718943,-0.020536158,1,0.307860660,0.138789936,-0.597498369,0.003867121,0.795404220,-0.605718943,-0.020536158
3.743669334,104629.301084750,vr_world,10847,104629.288765083,0.012320125,1,0.401863000,-0.069505700,-0.466296000,0.015666030,-0.887828709,0.413807334,0.200694417,1,0.414601355,0.120362505,-0.480829935,0.015666030,-0.887828709,0.413807334,0.200694417,10847,104629.288765083,0.012320125,1,0.148422000,0.228596000,-0.546016000,0.003867121,0.795404220,-0.605718943,-0.020536158,1,0.307860660,0.138789936,-0.597498369,0.003867121,0.795404220,-0.605718943,-0.020536158
3.756072209,104629.313487625,vr_world,10848,104629.308260000,0.005228166,1,0.397431000,-0.072406600,-0.471704000,0.023216235,-0.885877688,0.409066231,0.217592618,1,0.409061214,0.117863277,-0.480954477,0.023216235,-0.885877688,0.409066231,0.217592618,10848,104629.308260000,0.005228166,1,0.149031000,0.228891000,-0.544365000,0.001916674,0.791697116,-0.610647427,-0.017936628,1,0.307669856,0.137100176,-0.594806805,0.001916674,0.791697116,-0.610647427,-0.017936628
3.768470625,104629.325886041,vr_world,10848,104629.308260000,0.017626500,1,0.397431000,-0.072406600,-0.471704000,0.023216235,-0.885877688,0.409066231,0.217592618,1,0.409061214,0.117863277,-0.480954477,0.023216235,-0.885877688,0.409066231,0.217592618,10848,104629.308260000,0.017626500,1,0.149031000,0.228891000,-0.544365000,0.001916674,0.791697116,-0.610647427,-0.017936628,1,0.307669856,0.137100176,-0.594806805,0.001916674,0.791697116,-0.610647427,-0.017936628
3.780885292,104629.338300708,vr_world,10849,104629.328157375,0.010143750,1,0.395485000,-0.073287100,-0.474697000,0.028374856,-0.884119087,0.408044327,0.225894077,1,0.407311599,0.117092755,-0.480946439,0.028374856,-0.884119087,0.408044327,0.225894077,10849,104629.328157375,0.010143750,1,0.149609000,0.229015000,-0.543531000,0.000992561,0.790254164,-0.612560342,-0.016346200,1,0.307984186,0.136432611,-0.593350815,0.000992561,0.790254164,-0.612560342,-0.016346200
3.791191792,104629.348607208,vr_world,10850,104629.347634708,0.000972875,1,0.394311000,-0.074174300,-0.477311000,0.030784768,-0.884236213,0.403466661,0.233223651,1,0.404651038,0.116352147,-0.481335310,0.030784768,-0.884236213,0.403466661,0.233223651,10850,104629.347634708,0.000972875,1,0.150246000,0.229441000,-0.542868000,0.000744970,0.788890518,-0.614354963,-0.014804551,1,0.308335526,0.136067485,-0.592115837,0.000744970,0.788890518,-0.614354963,-0.014804551
3.803556084,104629.360971500,vr_world,10850,104629.347634708,0.013337125,1,0.394311000,-0.074174300,-0.477311000,0.030784768,-0.884236213,0.403466661,0.233223651,1,0.404651038,0.116352147,-0.481335310,0.030784768,-0.884236213,0.403466661,0.233223651,10850,104629.347634708,0.013337125,1,0.150246000,0.229441000,-0.542868000,0.000744970,0.788890518,-0.614354963,-0.014804551,1,0.308335526,0.136067485,-0.592115837,0.000744970,0.788890518,-0.614354963,-0.014804551
3.815922250,104629.373337666,vr_world,10851,104629.366726208,0.006611958,1,0.391251000,-0.076049300,-0.482236000,0.035209607,-0.883757261,0.395399528,0.247775301,1,0.399126130,0.114637247,-0.482006578,0.035209607,-0.883757261,0.395399528,0.247775301,10851,104629.366726208,0.006611958,1,0.151673000,0.230278000,-0.541872000,0.000177844,-0.785380550,0.618926568,0.010356760,1,0.309062592,0.134882262,-0.589457633,0.000177844,-0.785380550,0.618926568,0.010356760
3.827336000,104629.384751416,vr_world,10851,104629.366726208,0.018025500,1,0.391251000,-0.076049300,-0.482236000,0.035209607,-0.883757261,0.395399528,0.247775301,1,0.399126130,0.114637247,-0.482006578,0.035209607,-0.883757261,0.395399528,0.247775301,10851,104629.366726208,0.018025500,1,0.151673000,0.230278000,-0.541872000,0.000177844,-0.785380550,0.618926568,0.010356760,1,0.309062592,0.134882262,-0.589457633,0.000177844,-0.785380550,0.618926568,0.010356760
3.839723459,104629.397138875,vr_world,10852,104629.385978291,0.011161125,1,0.389495000,-0.076743900,-0.484834000,0.036344231,-0.881707993,0.394713438,0.255873824,1,0.397460939,0.113930487,-0.483022515,0.036344231,-0.881707993,0.394713438,0.255873824,10852,104629.385978291,0.011161125,1,0.152941000,0.230999000,-0.541535000,0.001198799,0.783377804,-0.621499007,-0.007534168,1,0.309833544,0.134314111,-0.588150079,0.001198799,0.783377804,-0.621499007,-0.007534168
3.851257500,104629.408672916,vr_world,10853,104629.404869958,0.003803292,1,0.386852000,-0.078417600,-0.490216000,0.041842845,-0.878041462,0.390194018,0.273936117,1,0.394259506,0.112171953,-0.483568579,0.041842845,-0.878041462,0.390194018,0.273936117,10853,104629.404869958,0.003803292,1,0.155132000,0.232176000,-0.540852000,0.003312522,0.779055295,-0.626942819,-0.002139151,1,0.310930174,0.132862772,-0.585573587,0.003312522,0.779055295,-0.626942819,-0.002139151
3.863195625,104629.420611041,vr_world,10853,104629.404869958,0.015741542,1,0.386852000,-0.078417600,-0.490216000,0.041842845,-0.878041462,0.390194018,0.273936117,1,0.394259506,0.112171953,-0.483568579,0.041842845,-0.878041462,0.390194018,0.273936117,10853,104629.404869958,0.015741542,1,0.155132000,0.232176000,-0.540852000,0.003312522,0.779055295,-0.626942819,-0.002139151,1,0.310930174,0.132862772,-0.585573587,0.003312522,0.779055295,-0.626942819,-0.002139151
3.873707959,104629.431123375,vr_world,10854,104629.423552458,0.007571417,1,0.386146000,-0.078770200,-0.493000000,0.046103955,-0.877435365,0.384643342,0.282897695,1,0.392189754,0.111725645,-0.483087488,0.046103955,-0.877435365,0.384643342,0.282897695,10854,104629.423552458,0.007571417,1,0.156540000,0.232563000,-0.540566000,0.004624726,0.777584791,-0.628760863,-0.000531016,1,0.311911790,0.132343398,-0.584745955,0.004624726,0.777584791,-0.628760863,-0.000531016
3.886120667,104629.443536083,vr_world,10855,104629.443228875,0.000307666,1,0.385074000,-0.078805100,-0.495182000,0.048124223,-0.877489428,0.378792287,0.290194359,1,0.389362033,0.111603595,-0.482950787,0.048124223,-0.877489428,0.378792287,0.290194359,10855,104629.443228875,0.000307666,1,0.158002000,0.233286000,-0.540708000,0.005459652,0.775775006,-0.630983059,0.001926641,1,0.312920808,0.131987944,-0.584010804,0.005459652,0.775775006,-0.630983059,0.001926641
3.896320417,104629.453735833,vr_world,10855,104629.443228875,0.010507583,1,0.385074000,-0.078805100,-0.495182000,0.048124223,-0.877489428,0.378792287,0.290194359,1,0.389362033,0.111603595,-0.482950787,0.048124223,-0.877489428,0.378792287,0.290194359,10855,104629.443228875,0.010507583,1,0.158002000,0.233286000,-0.540708000,0.005459652,0.775775006,-0.630983059,0.001926641,1,0.312920808,0.131987944,-0.584010804,0.005459652,0.775775006,-0.630983059,0.001926641
3.908442542,104629.465857958,vr_world,10856,104629.461749750,0.004108625,1,0.382721000,-0.079490400,-0.499770000,0.053052549,-0.875391475,0.370889199,0.305477323,1,0.385279804,0.110590953,-0.482859354,0.053052549,-0.875391475,0.370889199,0.305477323,10856,104629.461749750,0.004108625,1,0.160717000,0.234830000,-0.541208000,0.007038497,0.771010542,-0.636715417,0.009310274,1,0.314513111,0.130747329,-0.581825905,0.007038497,0.771010542,-0.636715417,0.009310274
3.920826584,104629.478242000,vr_world,10856,104629.461749750,0.016492916,1,0.382721000,-0.079490400,-0.499770000,0.053052549,-0.875391475,0.370889199,0.305477323,1,0.385279804,0.110590953,-0.482859354,0.053052549,-0.875391475,0.370889199,0.305477323,10856,104629.461749750,0.016492916,1,0.160717000,0.234830000,-0.541208000,0.007038497,0.771010542,-0.636715417,0.009310274,1,0.314513111,0.130747329,-0.581825905,0.007038497,0.771010542,-0.636715417,0.009310274
3.932252542,104629.489667958,vr_world,10857,104629.481505791,0.008162792,1,0.381638000,-0.079867800,-0.502818000,0.056642707,-0.872415863,0.369516405,0.314864721,1,0.384669060,0.109947659,-0.483214441,0.056642707,-0.872415863,0.369516405,0.314864721,10857,104629.481505791,0.008162792,1,0.162507000,0.235646000,-0.542113000,0.008536565,0.768163318,-0.639992954,0.016163656,1,0.315743909,0.129807661,-0.580229799,0.008536565,0.768163318,-0.639992954,0.016163656
3.944393000,104629.501808416,vr_world,10858,104629.501564250,0.000244458,1,0.380280000,-0.080588700,-0.507885000,0.061812518,-0.868283003,0.361780434,0.333734562,1,0.382229311,0.108620245,-0.482992858,0.061812518,-0.868283003,0.361780434,0.333734562,10858,104629.501564250,0.000244458,1,0.165743000,0.236460000,-0.543333000,0.010373083,0.764620521,-0.643868508,0.026099866,1,0.318345573,0.128472907,-0.577792587,0.010373083,0.764620521,-0.643868508,0.026099866
3.956772375,104629.514187791,vr_world,10858,104629.501564250,0.012624041,1,0.380280000,-0.080588700,-0.507885000,0.061812518,-0.868283003,0.361780434,0.333734562,1,0.382229311,0.108620245,-0.482992858,0.061812518,-0.868283003,0.361780434,0.333734562,10858,104629.501564250,0.012624041,1,0.165743000,0.236460000,-0.543333000,0.010373083,0.764620521,-0.643868508,0.026099866,1,0.318345573,0.128472907,-0.577792587,0.010373083,0.764620521,-0.643868508,0.026099866
3.968946042,104629.526361458,vr_world,10859,104629.520783375,0.005578458,1,0.379556000,-0.080834600,-0.510676000,0.066015543,-0.866621535,0.356030217,0.343295132,1,0.380523711,0.107898874,-0.482353313,0.066015543,-0.866621535,0.356030217,0.343295132,10859,104629.520783375,0.005578458,1,0.167816000,0.237068000,-0.544133000,0.011657801,0.763379243,-0.645099266,0.031034895,1,0.320246021,0.128277559,-0.576782479,0.011657801,0.763379243,-0.645099266,0.031034895
3.980370667,104629.537786083,vr_world,10859,104629.520783375,0.017002958,1,0.379556000,-0.080834600,-0.510676000,0.066015543,-0.866621535,0.356030217,0.343295132,1,0.380523711,0.107898874,-0.482353313,0.066015543,-0.866621535,0.356030217,0.343295132,10859,104629.520783375,0.017002958,1,0.167816000,0.237068000,-0.544133000,0.011657801,0.763379243,-0.645099266,0.031034895,1,0.320246021,0.128277559,-0.576782479,0.011657801,0.763379243,-0.645099266,0.031034895
3.992617417,104629.550032833,vr_world,10860,104629.539764833,0.010268375,1,0.378407000,-0.081124200,-0.513718000,0.071923640,-0.863999767,0.352044122,0.352698637,1,0.379358751,0.107006731,-0.481635573,0.071923640,-0.863999767,0.352044122,0.352698637,10860,104629.539764833,0.010268375,1,0.170143000,0.238528000,-0.544958000,0.015506309,0.759333019,-0.649563633,0.035213741,1,0.321291001,0.127535316,-0.576120647,0.015506309,0.759333019,-0.649563633,0.035213741
4.004994500,104629.562409916,vr_world,10861,104629.558803291,0.003607125,1,0.376770000,-0.081615400,-0.519995000,0.084326785,-0.857793771,0.343123512,0.373289559,1,0.377817784,0.104963556,-0.479861826,0.084326785,-0.857793771,0.343123512,0.373289559,10861,104629.558803291,0.003607125,1,0.174413000,0.240632000,-0.546586000,0.021258299,0.749126047,-0.660383998,0.047447075,1,0.322536701,0.124492895,-0.573181838,0.021258299,0.749126047,-0.660383998,0.047447075
4.017256209,104629.574671625,vr_world,10861,104629.558803291,0.015868875,1,0.376770000,-0.081615400,-0.519995000,0.084326785,-0.857793771,0.343123512,0.373289559,1,0.377817784,0.104963556,-0.479861826,0.084326785,-0.857793771,0.343123512,0.373289559,10861,104629.558803291,0.015868875,1,0.174413000,0.240632000,-0.546586000,0.021258299,0.749126047,-0.660383998,0.047447075,1,0.322536701,0.124492895,-0.573181838,0.021258299,0.749126047,-0.660383998,0.047447075
4.029252584,104629.586668000,vr_world,10862,104629.578842666,0.007825875,1,0.376704000,-0.081205100,-0.524140000,0.091732016,-0.854197459,0.334502305,0.387350160,1,0.376916183,0.104119386,-0.478552437,0.091732016,-0.854197459,0.334502305,0.387350160,10862,104629.578842666,0.007825875,1,0.177010000,0.241701000,-0.547823000,0.024325420,0.742366536,-0.667352032,0.054235278,1,0.323031483,0.122379289,-0.571828204,0.024325420,0.742366536,-0.667352032,0.054235278
4.041624459,104629.599039875,vr_world,10863,104629.598251291,0.000788875,1,0.376289000,-0.080635700,-0.530428000,0.100083460,-0.848423719,0.318536912,0.410724641,1,0.374368593,0.102520469,-0.476822326,0.100083460,-0.848423719,0.318536912,0.410724641,10863,104629.598251291,0.000788875,1,0.181829000,0.243537000,-0.549771000,0.029785838,0.731741297,-0.677634394,0.066926121,1,0.324553644,0.119439298,-0.568892918,0.029785838,0.731741297,-0.677634394,0.066926121
4.052694792,104629.610110208,vr_world,10863,104629.598251291,0.011859250,1,0.376289000,-0.080635700,-0.530428000,0.100083460,-0.848423719,0.318536912,0.410724641,1,0.374368593,0.102520469,-0.476822326,0.100083460,-0.848423719,0.318536912,0.410724641,10863,104629.598251291,0.011859250,1,0.181829000,0.243537000,-0.549771000,0.029785838,0.731741297,-0.677634394,0.066926121,1,0.324553644,0.119439298,-0.568892918,0.029785838,0.731741297,-0.677634394,0.066926121
4.065112125,104629.622527541,vr_world,10864,104629.617961125,0.004566708,1,0.375762000,-0.079820600,-0.534205000,0.102957698,-0.844874733,0.312298692,0.421966735,1,0.373386340,0.102330096,-0.477293785,0.102957698,-0.844874733,0.312298692,0.421966735,10864,104629.617961125,0.004566708,1,0.184829000,0.244488000,-0.551225000,0.035410958,0.727248924,-0.681563558,0.072980702,1,0.326060469,0.118362984,-0.568028325,0.035410958,0.727248924,-0.681563558,0.072980702
4.075387667,104629.632803083,vr_world,10864,104629.617961125,0.014842333,1,0.375762000,-0.079820600,-0.534205000,0.102957698,-0.844874733,0.312298692,0.421966735,1,0.373386340,0.102330096,-0.477293785,0.102957698,-0.844874733,0.312298692,0.421966735,10864,104629.617961125,0.014842333,1,0.184829000,0.244488000,-0.551225000,0.035410958,0.727248924,-0.681563558,0.072980702,1,0.326060469,0.118362984,-0.568028325,0.035410958,0.727248924,-0.681563558,0.072980702
4.087791292,104629.645206708,vr_world,10865,104629.636899250,0.008308041,1,0.375192000,-0.078876800,-0.537611000,0.105443091,-0.841113783,0.308902276,0.431264121,1,0.373201079,0.102473103,-0.478182740,0.105443091,-0.841113783,0.308902276,0.431264121,10865,104629.636899250,0.008308041,1,0.187762000,0.245462000,-0.552935000,0.041450313,0.723739256,-0.684191700,0.079781443,1,0.327887177,0.117792124,-0.567132581,0.041450313,0.723739256,-0.684191700,0.079781443
4.100180542,104629.657595958,vr_world,10865,104629.636899250,0.020697291,1,0.375192000,-0.078876800,-0.537611000,0.105443091,-0.841113783,0.308902276,0.431264121,1,0.373201079,0.102473103,-0.478182740,0.105443091,-0.841113783,0.308902276,0.431264121,10865,104629.636899250,0.020697291,1,0.187762000,0.245462000,-0.552935000,0.041450313,0.723739256,-0.684191700,0.079781443,1,0.327887177,0.117792124,-0.567132581,0.041450313,0.723739256,-0.684191700,0.079781443
4.111041584,104629.668457000,vr_world,10866,104629.658080000,0.010377583,1,0.374558000,-0.077645100,-0.544402000,0.108799742,-0.833858777,0.301229348,0.449558713,1,0.372929750,0.102138327,-0.480380775,0.108799742,-0.833858777,0.301229348,0.449558713,10866,104629.658080000,0.010377583,1,0.193036000,0.247070000,-0.555291000,0.050462356,0.714445912,-0.691718545,0.092444819,1,0.330147164,0.115722382,-0.564486308,0.050462356,0.714445912,-0.691718545,0.092444819
4.121712875,104629.679128291,vr_world,10867,104629.677819875,0.001308750,1,0.374460000,-0.076718600,-0.548579000,0.111378376,-0.830201794,0.296885358,0.458496372,1,0.373020192,0.102117774,-0.481953911,0.111378376,-0.830201794,0.296885358,0.458496372,10867,104629.677819875,0.001308750,1,0.196000000,0.247375000,-0.556384000,0.054135739,0.709851229,-0.695802054,0.095079207,1,0.331443679,0.114235286,-0.564449355,0.054135739,0.709851229,-0.695802054,0.095079207
4.134127542,104629.691542958,vr_world,10867,104629.677819875,0.013723583,1,0.374460000,-0.076718600,-0.548579000,0.111378376,-0.830201794,0.296885358,0.458496372,1,0.373020192,0.102117774,-0.481953911,0.111378376,-0.830201794,0.296885358,0.458496372,10867,104629.677819875,0.013723583,1,0.196000000,0.247375000,-0.556384000,0.054135739,0.709851229,-0.695802054,0.095079207,1,0.331443679,0.114235286,-0.564449355,0.054135739,0.709851229,-0.695802054,0.095079207
4.146531042,104629.703946458,vr_world,10868,104629.696720208,0.007226875,1,0.374020000,-0.075289500,-0.555938000,0.115503509,-0.822078440,0.287827445,0.477494858,1,0.373071152,0.101580285,-0.484246608,0.115503509,-0.822078440,0.287827445,0.477494858,10868,104629.696720208,0.007226875,1,0.200606000,0.249490000,-0.557924000,0.059159125,0.700918234,-0.702882332,0.105689428,1,0.333109306,0.113236588,-0.561678608,0.059159125,0.700918234,-0.702882332,0.105689428
4.158939625,104629.716355041,vr_world,10869,104629.716188958,0.000166542,1,0.373288000,-0.074397800,-0.560903000,0.119763600,-0.816228949,0.284017410,0.488631859,1,0.373600074,0.101122022,-0.485961915,0.119763600,-0.816228949,0.284017410,0.488631859,10869,104629.716188958,0.000166542,1,0.202853000,0.249696000,-0.558918000,0.062976903,0.697348652,-0.705371532,0.110407287,1,0.334164355,0.112254265,-0.560743865,0.062976903,0.697348652,-0.705371532,0.110407287
4.169707625,104629.727123041,vr_world,10869,104629.716188958,0.010934417,1,0.373288000,-0.074397800,-0.560903000,0.119763600,-0.816228949,0.284017410,0.488631859,1,0.373600074,0.101122022,-0.485961915,0.119763600,-0.816228949,0.284017410,0.488631859,10869,104629.716188958,0.010934417,1,0.202853000,0.249696000,-0.558918000,0.062976903,0.697348652,-0.705371532,0.110407287,1,0.334164355,0.112254265,-0.560743865,0.062976903,0.697348652,-0.705371532,0.110407287
4.182127334,104629.739542750,vr_world,10870,104629.736013666,0.003529375,1,0.373131000,-0.072894300,-0.565636000,0.125126819,-0.810871255,0.277264089,0.499955710,1,0.373957497,0.100853045,-0.486676373,0.125126819,-0.810871255,0.277264089,0.499955710,10870,104629.736013666,0.003529375,1,0.205129000,0.249840000,-0.559978000,0.066081656,0.696294843,-0.705360806,0.115207810,1,0.336229141,0.112184652,-0.559924048,0.066081656,0.696294843,-0.705360806,0.115207810
4.194542125,104629.751957541,vr_world,10870,104629.736013666,0.015944375,1,0.373131000,-0.072894300,-0.565636000,0.125126819,-0.810871255,0.277264089,0.499955710,1,0.373957497,0.100853045,-0.486676373,0.125126819,-0.810871255,0.277264089,0.499955710,10870,104629.736013666,0.015944375,1,0.205129000,0.249840000,-0.559978000,0.066081656,0.696294843,-0.705360806,0.115207810,1,0.336229141,0.112184652,-0.559924048,0.066081656,0.696294843,-0.705360806,0.115207810
4.206956834,104629.764372250,vr_world,10871,104629.755632583,0.008740125,1,0.373054000,-0.070579900,-0.573805000,0.130033914,-0.802462652,0.262554299,0.519817385,1,0.373369627,0.100241845,-0.488697594,0.130033914,-0.802462652,0.262554299,0.519817385,10871,104629.755632583,0.008740125,1,0.208987000,0.249703000,-0.560769000,0.067007337,0.694880967,-0.706134364,0.118426004,1,0.339690441,0.111677317,-0.559438699,0.067007337,0.694880967,-0.706134364,0.118426004
4.219376709,104629.776792125,vr_world,10872,104629.774697625,0.002095125,1,0.373296000,-0.068916300,-0.578467000,0.131514382,-0.798957654,0.253982418,0.529021328,1,0.372772971,0.100429838,-0.490460850,0.131514382,-0.798957654,0.253982418,0.529021328,10872,104629.774697625,0.002095125,1,0.211187000,0.249984000,-0.560713000,0.064112897,0.692656420,-0.708971530,0.116086133,1,0.340959352,0.111077100,-0.560221939,0.064112897,0.692656420,-0.708971530,0.116086133
4.230133125,104629.787548541,vr_world,10872,104629.774697625,0.012858416,1,0.373296000,-0.068916300,-0.578467000,0.131514382,-0.798957654,0.253982418,0.529021328,1,0.372772971,0.100429838,-0.490460850,0.131514382,-0.798957654,0.253982418,0.529021328,10872,104629.774697625,0.012858416,1,0.211187000,0.249984000,-0.560713000,0.064112897,0.692656420,-0.708971530,0.116086133,1,0.340959352,0.111077100,-0.560221939,0.064112897,0.692656420,-0.708971530,0.116086133
4.240467459,104629.797882875,vr_world,10873,104629.794496875,0.003386333,1,0.373312000,-0.066694300,-0.586813000,0.134129756,-0.790871797,0.237285279,0.547929471,1,0.371632708,0.099573171,-0.493134018,0.134129756,-0.790871797,0.237285279,0.547929471,10873,104629.794496875,0.003386333,1,0.215465000,0.251367000,-0.562392000,0.064435613,0.682056247,-0.718286726,0.121291001,1,0.341374023,0.108975807,-0.559582204,0.064435613,0.682056247,-0.718286726,0.121291001
4.252375917,104629.809791333,vr_world,10873,104629.794496875,0.015295041,1,0.373312000,-0.066694300,-0.586813000,0.134129756,-0.790871797,0.237285279,0.547929471,1,0.371632708,0.099573171,-0.493134018,0.134129756,-0.790871797,0.237285279,0.547929471,10873,104629.794496875,0.015295041,1,0.215465000,0.251367000,-0.562392000,0.064435613,0.682056247,-0.718286726,0.121291001,1,0.341374023,0.108975807,-0.559582204,0.064435613,0.682056247,-0.718286726,0.121291001
4.263024000,104629.820439416,vr_world,10874,104629.814123208,0.006316583,1,0.372027000,-0.065913100,-0.591503000,0.135988384,-0.784361384,0.234868057,0.557782551,1,0.372131900,0.099215950,-0.495816985,0.135988384,-0.784361384,0.234868057,0.557782551,10874,104629.814123208,0.006316583,1,0.217097000,0.252256000,-0.563634000,0.068794083,0.675889100,-0.722842078,0.126256199,1,0.340775503,0.107981147,-0.558670167,0.068794083,0.675889100,-0.722842078,0.126256199
4.275371334,104629.832786750,vr_world,10874,104629.814123208,0.018664000,1,0.372027000,-0.065913100,-0.591503000,0.135988384,-0.784361384,0.234868057,0.557782551,1,0.372131900,0.099215950,-0.495816985,0.135988384,-0.784361384,0.234868057,0.557782551,10874,104629.814123208,0.018664000,1,0.217097000,0.252256000,-0.563634000,0.068794083,0.675889100,-0.722842078,0.126256199,1,0.340775503,0.107981147,-0.558670167,0.068794083,0.675889100,-0.722842078,0.126256199
4.287792375,104629.845207791,vr_world,10875,104629.833751458,0.011456708,1,0.371042000,-0.064595100,-0.596186000,0.140047056,-0.777102960,0.233421358,0.567461260,1,0.373678528,0.099125050,-0.498144050,0.140047056,-0.777102960,0.233421358,0.567461260,10875,104629.833751458,0.011456708,1,0.218690000,0.252689000,-0.565193000,0.073068229,0.671726459,-0.725153008,0.132656373,1,0.340991766,0.107359819,-0.557581708,0.073068229,0.671726459,-0.725153008,0.132656373
4.300189375,104629.857604791,vr_world,10876,104629.853360166,0.004244834,1,0.370390000,-0.061983700,-0.604738000,0.145441639,-0.765429380,0.223136152,0.585811277,1,0.375135659,0.098563470,-0.501657841,0.145441639,-0.765429380,0.223136152,0.585811277,10876,104629.853360166,0.004244834,1,0.222222000,0.253567000,-0.566958000,0.078757842,0.663761210,-0.730635117,0.139250079,1,0.341641624,0.106038422,-0.556443902,0.078757842,0.663761210,-0.730635117,0.139250079
4.312607500,104629.870022916,vr_world,10876,104629.853360166,0.016663334,1,0.370390000,-0.061983700,-0.604738000,0.145441639,-0.765429380,0.223136152,0.585811277,1,0.375135659,0.098563470,-0.501657841,0.145441639,-0.765429380,0.223136152,0.585811277,10876,104629.853360166,0.016663334,1,0.222222000,0.253567000,-0.566958000,0.078757842,0.663761210,-0.730635117,0.139250079,1,0.341641624,0.106038422,-0.556443902,0.078757842,0.663761210,-0.730635117,0.139250079
4.323576917,104629.880992333,vr_world,10877,104629.872422500,0.008570375,1,0.370538000,-0.060547600,-0.609509000,0.147414180,-0.761883099,0.213207197,0.593587309,1,0.374403706,0.098054758,-0.503424894,0.147414180,-0.761883099,0.213207197,0.593587309,10877,104629.872422500,0.008570375,1,0.224059000,0.254415000,-0.567925000,0.083772232,0.658847683,-0.734499040,0.139330915,1,0.341503797,0.105333971,-0.557071868,0.083772232,0.658847683,-0.734499040,0.139330915
4.335587459,104629.893002875,vr_world,10878,104629.892107291,0.000896125,1,0.369781000,-0.058135300,-0.617695000,0.151415740,-0.751689345,0.200139393,0.609902144,1,0.374602033,0.097108363,-0.506791290,0.151415740,-0.751689345,0.200139393,0.609902144,10878,104629.892107291,0.000896125,1,0.227168000,0.256238000,-0.570375000,0.092109287,0.648330825,-0.741716846,0.145048750,1,0.340657852,0.104351528,-0.556708089,0.092109287,0.648330825,-0.741716846,0.145048750
4.347997542,104629.905412958,vr_world,10878,104629.892107291,0.013306084,1,0.369781000,-0.058135300,-0.617695000,0.151415740,-0.751689345,0.200139393,0.609902144,1,0.374602033,0.097108363,-0.506791290,0.151415740,-0.751689345,0.200139393,0.609902144,10878,104629.892107291,0.013306084,1,0.227168000,0.256238000,-0.570375000,0.092109287,0.648330825,-0.741716846,0.145048750,1,0.340657852,0.104351528,-0.556708089,0.092109287,0.648330825,-0.741716846,0.145048750
4.360342834,104629.917758250,vr_world,10879,104629.911063833,0.006695000,1,0.369066000,-0.056798900,-0.621496000,0.151735282,-0.745869712,0.197514098,0.617772578,1,0.375336586,0.097506153,-0.509361896,0.151735282,-0.745869712,0.197514098,0.617772578,10879,104629.911063833,0.006695000,1,0.228022000,0.257204000,-0.572498000,0.096415942,0.641154801,-0.745916515,0.152423880,1,0.338979818,0.103777873,-0.555615680,0.096415942,0.641154801,-0.745916515,0.152423880
4.372548584,104629.929964000,vr_world,10880,104629.929910333,0.000054000,1,0.368320000,-0.055220900,-0.624948000,0.150438082,-0.741827663,0.195995242,0.623414763,1,0.375488999,0.098729364,-0.512380704,0.150438082,-0.741827663,0.195995242,0.623414763,10880,104629.929910333,0.000054000,1,0.228207000,0.257072000,-0.574010000,0.097545983,0.641268482,-0.744175897,0.159567382,1,0.339561113,0.104257789,-0.554406363,0.097545983,0.641268482,-0.744175897,0.159567382
4.383090292,104629.940505708,vr_world,10880,104629.929910333,0.010595833,1,0.368320000,-0.055220900,-0.624948000,0.150438082,-0.741827663,0.195995242,0.623414763,1,0.375488999,0.098729364,-0.512380704,0.150438082,-0.741827663,0.195995242,0.623414763,10880,104629.929910333,0.010595833,1,0.228207000,0.257072000,-0.574010000,0.097545983,0.641268482,-0.744175897,0.159567382,1,0.339561113,0.104257789,-0.554406363,0.097545983,0.641268482,-0.744175897,0.159567382
4.395496500,104629.952911916,vr_world,10881,104629.949212458,0.003699917,1,0.366849000,-0.053817400,-0.631844000,0.152406778,-0.732299127,0.189883557,0.635967292,1,0.376176427,0.098100580,-0.516703298,0.152406778,-0.732299127,0.189883557,0.635967292,10881,104629.949212458,0.003699917,1,0.228621000,0.257511000,-0.576612000,0.099739017,0.644480440,-0.739317265,0.167651643,1,0.341674002,0.106363500,-0.554035873,0.099739017,0.644480440,-0.739317265,0.167651643
4.407042542,104629.964457958,vr_world,10881,104629.949212458,0.015245958,1,0.366849000,-0.053817400,-0.631844000,0.152406778,-0.732299127,0.189883557,0.635967292,1,0.376176427,0.098100580,-0.516703298,0.152406778,-0.732299127,0.189883557,0.635967292,10881,104629.949212458,0.015245958,1,0.228621000,0.257511000,-0.576612000,0.099739017,0.644480440,-0.739317265,0.167651643,1,0.341674002,0.106363500,-0.554035873,0.099739017,0.644480440,-0.739317265,0.167651643
4.417889584,104629.975305000,vr_world,10882,104629.969585625,0.005719750,1,0.366024000,-0.052842700,-0.635991000,0.159395277,-0.728351187,0.185751173,0.639995466,1,0.376636569,0.096921296,-0.518170996,0.159395277,-0.728351187,0.185751173,0.639995466,10882,104629.969585625,0.005719750,1,0.228934000,0.257021000,-0.577666000,0.096091153,0.648506920,-0.735883824,0.169352480,1,0.343657814,0.107191696,-0.554734494,0.096091153,0.648506920,-0.735883824,0.169352480
4.430292042,104629.987707458,vr_world,10882,104629.969585625,0.018122166,1,0.366024000,-0.052842700,-0.635991000,0.159395277,-0.728351187,0.185751173,0.639995466,1,0.376636569,0.096921296,-0.518170996,0.159395277,-0.728351187,0.185751173,0.639995466,10882,104629.969585625,0.018122166,1,0.228934000,0.257021000,-0.577666000,0.096091153,0.648506920,-0.735883824,0.169352480,1,0.343657814,0.107191696,-0.554734494,0.096091153,0.648506920,-0.735883824,0.169352480
4.440602125,104629.998017541,vr_world,10883,104629.989279166,0.008738875,1,0.364399000,-0.050493900,-0.642011000,0.164572939,-0.718791212,0.179127140,0.651282127,1,0.377498955,0.096528811,-0.521030897,0.164572939,-0.718791212,0.179127140,0.651282127,10883,104629.989279166,0.008738875,1,0.231575000,0.259372000,-0.580645000,0.097545999,0.649538120,-0.734726633,0.169592993,1,0.346738805,0.109894193,-0.557625143,0.097545999,0.649538120,-0.734726633,0.169592993
4.452701709,104630.010117125,vr_world,10884,104630.009056208,0.001061208,1,0.363662000,-0.048919800,-0.644101000,0.163702786,-0.714488042,0.177978639,0.656530151,1,0.377910896,0.097714352,-0.522779815,0.163702786,-0.714488042,0.177978639,0.656530151,10884,104630.009056208,0.001061208,1,0.231511000,0.259717000,-0.581896000,0.103352727,0.647765615,-0.735614916,0.169081689,1,0.345996272,0.109727664,-0.558819543,0.103352727,0.647765615,-0.735614916,0.169081689
4.465112250,104630.022527666,vr_world,10884,104630.009056208,0.013471792,1,0.363662000,-0.048919800,-0.644101000,0.163702786,-0.714488042,0.177978639,0.656530151,1,0.377910896,0.097714352,-0.522779815,0.163702786,-0.714488042,0.177978639,0.656530151,10884,104630.009056208,0.013471792,1,0.231511000,0.259717000,-0.581896000,0.103352727,0.647765615,-0.735614916,0.169081689,1,0.345996272,0.109727664,-0.558819543,0.103352727,0.647765615,-0.735614916,0.169081689
4.477142792,104630.034558208,vr_world,10885,104630.028181625,0.006377125,1,0.362966000,-0.047309200,-0.646454000,0.164589222,-0.710880401,0.176115278,0.660713896,1,0.378174802,0.098571300,-0.524343215,0.164589222,-0.710880401,0.176115278,0.660713896,10885,104630.028181625,0.006377125,1,0.231964000,0.260164000,-0.582736000,0.106900115,0.647278670,-0.735831265,0.167794629,1,0.346232663,0.109955650,-0.560013397,0.106900115,0.647278670,-0.735831265,0.167794629
4.489553584,104630.046969000,vr_world,10885,104630.028181625,0.018787833,1,0.362966000,-0.047309200,-0.646454000,0.164589222,-0.710880401,0.176115278,0.660713896,1,0.378174802,0.098571300,-0.524343215,0.164589222,-0.710880401,0.176115278,0.660713896,10885,104630.028181625,0.018787833,1,0.231964000,0.260164000,-0.582736000,0.106900115,0.647278670,-0.735831265,0.167794629,1,0.346232663,0.109955650,-0.560013397,0.106900115,0.647278670,-0.735831265,0.167794629
4.500393625,104630.057809041,vr_world,10886,104630.047695125,0.010114416,1,0.362372000,-0.044972800,-0.651734000,0.164727134,-0.706114469,0.168445917,0.667752425,1,0.377622318,0.099311355,-0.527746209,0.164727134,-0.706114469,0.168445917,0.667752425,10886,104630.047695125,0.010114416,1,0.232585000,0.260992000,-0.585204000,0.111725092,0.647088475,-0.734975110,0.169131891,1,0.346904304,0.110922630,-0.561826195,0.111725092,0.647088475,-0.734975110,0.169131891
4.512149542,104630.069564958,vr_world,10887,104630.067288750,0.002276625,1,0.361784000,-0.043968600,-0.654129000,0.162679740,-0.705131188,0.166634299,0.669744967,1,0.376747010,0.100335527,-0.530129493,0.162679740,-0.705131188,0.166634299,0.669744967,10887,104630.067288750,0.002276625,1,0.232563000,0.260656000,-0.586343000,0.110035463,0.648998834,-0.733483978,0.169392929,1,0.347643256,0.111162122,-0.563012449,0.110035463,0.648998834,-0.733483978,0.169392929
4.524443334,104630.081858750,vr_world,10887,104630.067288750,0.014570708,1,0.361784000,-0.043968600,-0.654129000,0.162679740,-0.705131188,0.166634299,0.669744967,1,0.376747010,0.100335527,-0.530129493,0.162679740,-0.705131188,0.166634299,0.669744967,10887,104630.067288750,0.014570708,1,0.232563000,0.260656000,-0.586343000,0.110035463,0.648998834,-0.733483978,0.169392929,1,0.347643256,0.111162122,-0.563012449,0.110035463,0.648998834,-0.733483978,0.169392929
4.535043250,104630.092458666,vr_world,10888,104630.086387083,0.006072000,1,0.360174000,-0.041941500,-0.658586000,0.161896463,-0.699637110,0.164970449,0.676078546,1,0.376603992,0.101795652,-0.534114459,0.161896463,-0.699637110,0.164970449,0.676078546,10888,104630.086387083,0.006072000,1,0.232981000,0.260798000,-0.587611000,0.105631261,0.651010343,-0.733363096,0.164942838,1,0.348602853,0.111438606,-0.566172907,0.105631261,0.651010343,-0.733363096,0.164942838
4.547426792,104630.104842208,vr_world,10888,104630.086387083,0.018455583,1,0.360174000,-0.041941500,-0.658586000,0.161896463,-0.699637110,0.164970449,0.676078546,1,0.376603992,0.101795652,-0.534114459,0.161896463,-0.699637110,0.164970449,0.676078546,10888,104630.086387083,0.018455583,1,0.232981000,0.260798000,-0.587611000,0.105631261,0.651010343,-0.733363096,0.164942838,1,0.348602853,0.111438606,-0.566172907,0.105631261,0.651010343,-0.733363096,0.164942838
4.558106542,104630.115521958,vr_world,10889,104630.105587416,0.009935042,1,0.359984000,-0.041083400,-0.661065000,0.158841802,-0.698539061,0.161451898,0.678782548,1,0.375678946,0.102591680,-0.536427209,0.158841802,-0.698539061,0.161451898,0.678782548,10889,104630.105587416,0.009935042,1,0.232679000,0.260755000,-0.587610000,0.098682935,0.654893853,-0.732554351,0.157289042,1,0.349432494,0.111845714,-0.569420428,0.098682935,0.654893853,-0.732554351,0.157289042
4.569718792,104630.127134208,vr_world,10890,104630.125019708,0.002115250,1,0.359328000,-0.039945400,-0.663789000,0.158414167,-0.694703471,0.160140721,0.683115648,1,0.376028020,0.103296649,-0.538783873,0.158414167,-0.694703471,0.160140721,0.683115648,10890,104630.125019708,0.002115250,1,0.232648000,0.260952000,-0.588187000,0.094372318,0.657741854,-0.731765473,0.151620616,1,0.350247632,0.112437912,-0.572372147,0.094372318,0.657741854,-0.731765473,0.151620616
4.580377750,104630.137793166,vr_world,10890,104630.125019708,0.012774500,1,0.359328000,-0.039945400,-0.663789000,0.158414167,-0.694703471,0.160140721,0.683115648,1,0.376028020,0.103296649,-0.538783873,0.158414167,-0.694703471,0.160140721,0.683115648,10890,104630.125019708,0.012774500,1,0.232648000,0.260952000,-0.588187000,0.094372318,0.657741854,-0.731765473,0.151620616,1,0.350247632,0.112437912,-0.572372147,0.094372318,0.657741854,-0.731765473,0.151620616
4.591052167,104630.148467583,vr_world,10891,104630.143739958,0.004728292,1,0.357978000,-0.039395400,-0.669413000,0.158667973,-0.686609007,0.160954490,0.691003761,1,0.377679678,0.103275997,-0.544192540,0.158667973,-0.686609007,0.160954490,0.691003761,10891,104630.143739958,0.004728292,1,0.233758000,0.262184000,-0.589190000,0.091585514,0.656164885,-0.734858949,0.145058824,1,0.350399533,0.112674131,-0.575856758,0.091585514,0.656164885,-0.734858949,0.145058824
4.602966125,104630.160381541,vr_world,10891,104630.143739958,0.016642250,1,0.357978000,-0.039395400,-0.669413000,0.158667973,-0.686609007,0.160954490,0.691003761,1,0.377679678,0.103275997,-0.544192540,0.158667973,-0.686609007,0.160954490,0.691003761,10891,104630.143739958,0.016642250,1,0.233758000,0.262184000,-0.589190000,0.091585514,0.656164885,-0.734858949,0.145058824,1,0.350399533,0.112674131,-0.575856758,0.091585514,0.656164885,-0.734858949,0.145058824
4.615377792,104630.172793208,vr_world,10892,104630.163743333,0.009050833,1,0.357122000,-0.038394500,-0.671601000,0.162270655,-0.679293288,0.162158833,0.697089217,1,0.380047948,0.103176673,-0.545682717,0.162270655,-0.679293288,0.162158833,0.697089217,10892,104630.163743333,0.009050833,1,0.233905000,0.262353000,-0.590298000,0.093170741,0.657245520,-0.734095701,0.143007136,1,0.350879517,0.113036291,-0.577740600,0.093170741,0.657245520,-0.734095701,0.143007136
4.627007250,104630.184422666,vr_world,10893,104630.183279458,0.001148625,1,0.356802000,-0.036974200,-0.676272000,0.165395390,-0.671745706,0.157821560,0.704623606,1,0.381837048,0.102708799,-0.548657821,0.165395390,-0.671745706,0.157821560,0.704623606,10893,104630.183279458,0.001148625,1,0.234212000,0.262831000,-0.590710000,0.096607492,0.657844489,-0.734439500,0.136037648,1,0.351070844,0.113230767,-0.580711746,0.096607492,0.657844489,-0.734439500,0.136037648
4.639409459,104630.196824875,vr_world,10893,104630.183279458,0.013546292,1,0.356802000,-0.036974200,-0.676272000,0.165395390,-0.671745706,0.157821560,0.704623606,1,0.381837048,0.102708799,-0.548657821,0.165395390,-0.671745706,0.157821560,0.704623606,10893,104630.183279458,0.013546292,1,0.234212000,0.262831000,-0.590710000,0.096607492,0.657844489,-0.734439500,0.136037648,1,0.351070844,0.113230767,-0.580711746,0.096607492,0.657844489,-0.734439500,0.136037648
4.651805250,104630.209220666,vr_world,10894,104630.202151583,0.007069625,1,0.356557000,-0.036644900,-0.678551000,0.165814845,-0.669408699,0.155958491,0.707159374,1,0.382072460,0.102479936,-0.550423322,0.165814845,-0.669408699,0.155958491,0.707159374,10894,104630.202151583,0.007069625,1,0.234120000,0.262480000,-0.590754000,0.094880312,0.659627025,-0.734147574,0.130066345,1,0.351377197,0.113051340,-0.583132634,0.094880312,0.659627025,-0.734147574,0.130066345
4.663043834,104630.220459250,vr_world,10894,104630.202151583,0.018308083,1,0.356557000,-0.036644900,-0.678551000,0.165814845,-0.669408699,0.155958491,0.707159374,1,0.382072460,0.102479936,-0.550423322,0.165814845,-0.669408699,0.155958491,0.707159374,10894,104630.202151583,0.018308083,1,0.234120000,0.262480000,-0.590754000,0.094880312,0.659627025,-0.734147574,0.130066345,1,0.351377197,0.113051340,-0.583132634,0.094880312,0.659627025,-0.734147574,0.130066345
4.673711625,104630.231127041,vr_world,10895,104630.221891416,0.009236375,1,0.356127000,-0.036263500,-0.680673000,0.165913617,-0.666723144,0.156098453,0.709638072,1,0.382604066,0.102647609,-0.552508589,0.165913617,-0.666723144,0.156098453,0.709638072,10895,104630.221891416,0.009236375,1,0.233700000,0.262429000,-0.591410000,0.090141892,0.660911577,-0.734196853,0.126591104,1,0.351300621,0.113201790,-0.585281913,0.090141892,0.660911577,-0.734196853,0.126591104
4.685063125,104630.242478541,vr_world,10896,104630.240994208,0.001484708,1,0.355369000,-0.035423400,-0.684344000,0.166155606,-0.661530404,0.153738636,0.714936550,1,0.383183068,0.102661962,-0.555571783,0.166155606,-0.661530404,0.153738636,0.714936550,10896,104630.240994208,0.001484708,1,0.233001000,0.261980000,-0.592482000,0.081589741,0.663731563,-0.733259197,0.123022261,1,0.351592320,0.113478966,-0.588035754,0.081589741,0.663731563,-0.733259197,0.123022261
4.697435917,104630.254851333,vr_world,10896,104630.240994208,0.013857417,1,0.355369000,-0.035423400,-0.684344000,0.166155606,-0.661530404,0.153738636,0.714936550,1,0.383183068,0.102661962,-0.555571783,0.166155606,-0.661530404,0.153738636,0.714936550,10896,104630.240994208,0.013857417,1,0.233001000,0.261980000,-0.592482000,0.081589741,0.663731563,-0.733259197,0.123022261,1,0.351592320,0.113478966,-0.588035754,0.081589741,0.663731563,-0.733259197,0.123022261
4.709816792,104630.267232208,vr_world,10897,104630.260557458,0.006675333,1,0.354762000,-0.035085500,-0.685534000,0.167039021,-0.659044111,0.153790745,0.717012714,1,0.383549349,0.102630289,-0.556580156,0.167039021,-0.659044111,0.153790745,0.717012714,10897,104630.260557458,0.006675333,1,0.232766000,0.261740000,-0.592708000,0.077750442,0.665475769,-0.732252263,0.122079861,1,0.352036040,0.113768935,-0.588777339,0.077750442,0.665475769,-0.732252263,0.122079861
4.722227167,104630.279642583,vr_world,10897,104630.260557458,0.019085708,1,0.354762000,-0.035085500,-0.685534000,0.167039021,-0.659044111,0.153790745,0.717012714,1,0.383549349,0.102630289,-0.556580156,0.167039021,-0.659044111,0.153790745,0.717012714,10897,104630.260557458,0.019085708,1,0.232766000,0.261740000,-0.592708000,0.077750442,0.665475769,-0.732252263,0.122079861,1,0.352036040,0.113768935,-0.588777339,0.077750442,0.665475769,-0.732252263,0.122079861
4.734638084,104630.292053500,vr_world,10898,104630.280054750,0.011999125,1,0.353895000,-0.034357400,-0.688365000,0.168120001,-0.655055973,0.152709256,0.720636677,1,0.383967968,0.102653647,-0.558954651,0.168120001,-0.655055973,0.152709256,0.720636677,10898,104630.280054750,0.011999125,1,0.232568000,0.261764000,-0.593537000,0.074598153,0.667513289,-0.731177750,0.119332407,1,0.352539644,0.114334293,-0.590792974,0.074598153,0.667513289,-0.731177750,0.119332407
4.746802209,104630.304217625,vr_world,10899,104630.299186541,0.005031667,1,0.353551000,-0.033891100,-0.689239000,0.170086959,-0.654181573,0.152515622,0.721010320,1,0.384136834,0.102614354,-0.559415250,0.170086959,-0.654181573,0.152515622,0.721010320,10899,104630.299186541,0.005031667,1,0.232808000,0.261891000,-0.593975000,0.076964547,0.666938702,-0.731373091,0.119844181,1,0.352552671,0.114282099,-0.590961721,0.076964547,0.666938702,-0.731373091,0.119844181
4.757727917,104630.315143333,vr_world,10899,104630.299186541,0.015957375,1,0.353551000,-0.033891100,-0.689239000,0.170086959,-0.654181573,0.152515622,0.721010320,1,0.384136834,0.102614354,-0.559415250,0.170086959,-0.654181573,0.152515622,0.721010320,10899,104630.299186541,0.015957375,1,0.232808000,0.261891000,-0.593975000,0.076964547,0.666938702,-0.731373091,0.119844181,1,0.352552671,0.114282099,-0.590961721,0.076964547,0.666938702,-0.731373091,0.119844181
4.770115292,104630.327530708,vr_world,10900,104630.319014041,0.008517042,1,0.353236000,-0.033872900,-0.689950000,0.170839800,-0.653782359,0.152300694,0.721239827,1,0.384011936,0.102411590,-0.559939040,0.170839800,-0.653782359,0.152300694,0.721239827,10900,104630.319014041,0.008517042,1,0.232763000,0.261982000,-0.594431000,0.076925211,0.666685319,-0.731730508,0.119095175,1,0.352369307,0.114255726,-0.591692983,0.076925211,0.666685319,-0.731730508,0.119095175
4.782498500,104630.339913916,vr_world,10901,104630.338214666,0.001717959,1,0.352350000,-0.033817300,-0.691500000,0.172174265,-0.652217337,0.153673312,0.722047838,1,0.384098756,0.102273629,-0.561520366,0.172174265,-0.652217337,0.153673312,0.722047838,10901,104630.338214666,0.001717959,1,0.232683000,0.262030000,-0.595231000,0.076634753,0.667379608,-0.731231856,0.118454831,1,0.352534832,0.114497986,-0.592767076,0.076634753,0.667379608,-0.731231856,0.118454831
4.793711292,104630.351126708,vr_world,10901,104630.338214666,0.012912375,1,0.352350000,-0.033817300,-0.691500000,0.172174265,-0.652217337,0.153673312,0.722047838,1,0.384098756,0.102273629,-0.561520366,0.172174265,-0.652217337,0.153673312,0.722047838,10901,104630.338214666,0.012912375,1,0.232683000,0.262030000,-0.595231000,0.076634753,0.667379608,-0.731231856,0.118454831,1,0.352534832,0.114497986,-0.592767076,0.076634753,0.667379608,-0.731231856,0.118454831
4.804186667,104630.361602083,vr_world,10902,104630.357797833,0.003804625,1,0.352177000,-0.033702800,-0.691952000,0.172344300,-0.651634401,0.154776310,0.722297960,1,0.384362050,0.102473233,-0.562169006,0.172344300,-0.651634401,0.154776310,0.722297960,10902,104630.357797833,0.003804625,1,0.232896000,0.262317000,-0.595562000,0.077463794,0.667277280,-0.731277865,0.118207768,1,0.352685811,0.114733421,-0.593168369,0.077463794,0.667277280,-0.731277865,0.118207768
4.815277750,104630.372693166,vr_world,10902,104630.357797833,0.014895750,1,0.352177000,-0.033702800,-0.691952000,0.172344300,-0.651634401,0.154776310,0.722297960,1,0.384362050,0.102473233,-0.562169006,0.172344300,-0.651634401,0.154776310,0.722297960,10902,104630.357797833,0.014895750,1,0.232896000,0.262317000,-0.595562000,0.077463794,0.667277280,-0.731277865,0.118207768,1,0.352685811,0.114733421,-0.593168369,0.077463794,0.667277280,-0.731277865,0.118207768
4.827039209,104630.384454625,vr_world,10903,104630.377558208,0.007163458,1,0.352065000,-0.033558400,-0.693302000,0.171712074,-0.650668872,0.155945193,0.723067133,1,0.384726042,0.102848450,-0.563880748,0.171712074,-0.650668872,0.155945193,0.723067133,10903,104630.377558208,0.007163458,1,0.233538000,0.263004000,-0.596196000,0.078606839,0.666874435,-0.732113298,0.114497041,1,0.352962158,0.115108641,-0.595164085,0.078606839,0.666874435,-0.732113298,0.114497041
4.838735167,104630.396150583,vr_world,10903,104630.377558208,0.018594250,1,0.352065000,-0.033558400,-0.693302000,0.171712074,-0.650668872,0.155945193,0.723067133,1,0.384726042,0.102848450,-0.563880748,0.171712074,-0.650668872,0.155945193,0.723067133,10903,104630.377558208,0.018594250,1,0.233538000,0.263004000,-0.596196000,0.078606839,0.666874435,-0.732113298,0.114497041,1,0.352962158,0.115108641,-0.595164085,0.078606839,0.666874435,-0.732113298,0.114497041
4.851041792,104630.408457208,vr_world,10904,104630.398041291,0.010417042,1,0.352150000,-0.033580000,-0.693766000,0.170877556,-0.650583772,0.156600120,0.723199847,1,0.384860878,0.103092847,-0.564638196,0.170877556,-0.650583772,0.156600120,0.723199847,10904,104630.398041291,0.010417042,1,0.233940000,0.263551000,-0.596034000,0.081001058,0.665817420,-0.733344489,0.111048876,1,0.352733283,0.115145023,-0.596207717,0.081001058,0.665817420,-0.733344489,0.111048876
4.863358250,104630.420773666,vr_world,10905,104630.416425416,0.004349209,1,0.352418000,-0.033739900,-0.694041000,0.169306904,-0.651398588,0.155406155,0.723093340,1,0.384416581,0.103144850,-0.564959218,0.169306904,-0.651398588,0.155406155,0.723093340,10905,104630.416425416,0.004349209,1,0.234074000,0.264007000,-0.596219000,0.081936592,0.664607308,-0.734560095,0.109567279,1,0.352295121,0.115146188,-0.596882813,0.081936592,0.664607308,-0.734560095,0.109567279
4.875703834,104630.433119250,vr_world,10905,104630.416425416,0.016694459,1,0.352418000,-0.033739900,-0.694041000,0.169306904,-0.651398588,0.155406155,0.723093340,1,0.384416581,0.103144850,-0.564959218,0.169306904,-0.651398588,0.155406155,0.723093340,10905,104630.416425416,0.016694459,1,0.234074000,0.264007000,-0.596219000,0.081936592,0.664607308,-0.734560095,0.109567279,1,0.352295121,0.115146188,-0.596882813,0.081936592,0.664607308,-0.734560095,0.109567279
4.886141334,104630.443556750,vr_world,10906,104630.435934166,0.007623084,1,0.352672000,-0.033917300,-0.694970000,0.168262169,-0.652268695,0.154572227,0.722731498,1,0.384076799,0.103127133,-0.565911722,0.168262169,-0.652268695,0.154572227,0.722731498,10906,104630.435934166,0.007623084,1,0.234526000,0.264581000,-0.596476000,0.082257293,0.662727827,-0.736505241,0.107636407,1,0.351889489,0.115047324,-0.597788804,0.082257293,0.662727827,-0.736505241,0.107636407
4.898533625,104630.455949041,vr_world,10907,104630.455327458,0.000621917,1,0.352850000,-0.034189800,-0.695504000,0.166318858,-0.652422870,0.155060818,0.722937466,1,0.384045078,0.103342365,-0.566914574,0.166318858,-0.652422870,0.155060818,0.722937466,10907,104630.455327458,0.000621917,1,0.234638000,0.264611000,-0.596386000,0.081648053,0.663039255,-0.736724702,0.104638692,1,0.351966540,0.115064537,-0.598859292,0.081648053,0.663039255,-0.736724702,0.104638692
4.910937084,104630.468352500,vr_world,10907,104630.455327458,0.013025500,1,0.352850000,-0.034189800,-0.695504000,0.166318858,-0.652422870,0.155060818,0.722937466,1,0.384045078,0.103342365,-0.566914574,0.166318858,-0.652422870,0.155060818,0.722937466,10907,104630.455327458,0.013025500,1,0.234638000,0.264611000,-0.596386000,0.081648053,0.663039255,-0.736724702,0.104638692,1,0.351966540,0.115064537,-0.598859292,0.081648053,0.663039255,-0.736724702,0.104638692
4.923333250,104630.480748666,vr_world,10908,104630.474805291,0.005943792,1,0.353127000,-0.034626600,-0.696549000,0.163654161,-0.651291078,0.157686804,0.723997320,1,0.384867358,0.103760042,-0.569014253,0.163654161,-0.651291078,0.157686804,0.723997320,10908,104630.474805291,0.005943792,1,0.234951000,0.264982000,-0.596196000,0.080336367,0.663580073,-0.737189676,0.098787322,1,0.352183499,0.115415006,-0.600934228,0.080336367,0.663580073,-0.737189676,0.098787322
4.935746292,104630.493161708,vr_world,10908,104630.474805291,0.018356959,1,0.353127000,-0.034626600,-0.696549000,0.163654161,-0.651291078,0.157686804,0.723997320,1,0.384867358,0.103760042,-0.569014253,0.163654161,-0.651291078,0.157686804,0.723997320,10908,104630.474805291,0.018356959,1,0.234951000,0.264982000,-0.596196000,0.080336367,0.663580073,-0.737189676,0.098787322,1,0.352183499,0.115415006,-0.600934228,0.080336367,0.663580073,-0.737189676,0.098787322
4.946756542,104630.504171958,vr_world,10909,104630.494305750,0.009866791,1,0.353211000,-0.034968800,-0.697280000,0.161294158,-0.651245681,0.157940385,0.724512313,1,0.384701048,0.103935832,-0.570247203,0.161294158,-0.651245681,0.157940385,0.724512313,10909,104630.494305750,0.009866791,1,0.234893000,0.265545000,-0.596453000,0.078287515,0.663716312,-0.737620170,0.096271526,1,0.352068686,0.115968746,-0.602201082,0.078287515,0.663716312,-0.737620170,0.096271526
4.959163667,104630.516579083,vr_world,10910,104630.513905875,0.002673708,1,0.353577000,-0.035403500,-0.697452000,0.157516175,-0.649322501,0.159504448,0.726723659,1,0.385505144,0.104355880,-0.571470470,0.157516175,-0.649322501,0.159504448,0.726723659,10910,104630.513905875,0.002673708,1,0.234932000,0.266004000,-0.596771000,0.076984905,0.664482394,-0.737187826,0.095344543,1,0.352381054,0.116658851,-0.602931612,0.076984905,0.664482394,-0.737187826,0.095344543
4.970549917,104630.527965333,vr_world,10910,104630.513905875,0.014060000,1,0.353577000,-0.035403500,-0.697452000,0.157516175,-0.649322501,0.159504448,0.726723659,1,0.385505144,0.104355880,-0.571470470,0.157516175,-0.649322501,0.159504448,0.726723659,10910,104630.513905875,0.014060000,1,0.234932000,0.266004000,-0.596771000,0.076984905,0.664482394,-0.737187826,0.095344543,1,0.352381054,0.116658851,-0.602931612,0.076984905,0.664482394,-0.737187826,0.095344543
4.982967250,104630.540382666,vr_world,10911,104630.533718000,0.006665750,1,0.354141000,-0.036250200,-0.698766000,0.154680862,-0.650074874,0.159479700,0.726665476,1,0.385422112,0.104137921,-0.573322361,0.154680862,-0.650074874,0.159479700,0.726665476,10911,104630.533718000,0.006665750,1,0.235877000,0.267092000,-0.597039000,0.077102725,0.661943113,-0.740007503,0.090969121,1,0.352064423,0.116835015,-0.604756804,0.077102725,0.661943113,-0.740007503,0.090969121
4.995220917,104630.552636333,vr_world,10911,104630.533718000,0.018921125,1,0.354141000,-0.036250200,-0.698766000,0.154680862,-0.650074874,0.159479700,0.726665476,1,0.385422112,0.104137921,-0.573322361,0.154680862,-0.650074874,0.159479700,0.726665476,10911,104630.533718000,0.018921125,1,0.235877000,0.267092000,-0.597039000,0.077102725,0.661943113,-0.740007503,0.090969121,1,0.352064423,0.116835015,-0.604756804,0.077102725,0.661943113,-0.740007503,0.090969121
5.006578042,104630.563993458,vr_world,10912,104630.554338875,0.009656250,1,0.354091000,-0.037185600,-0.699446000,0.154343191,-0.648301902,0.162447523,0.727663126,1,0.386494613,0.103573191,-0.574704643,0.154343191,-0.648301902,0.162447523,0.727663126,10912,104630.554338875,0.009656250,1,0.235980000,0.268197000,-0.597455000,0.079338673,0.658396809,-0.743087364,0.089667087,1,0.350638277,0.116785380,-0.605470718,0.079338673,0.658396809,-0.743087364,0.089667087
5.018758875,104630.576174291,vr_world,10913,104630.572746875,0.003428125,1,0.354617000,-0.038408300,-0.700745000,0.151809368,-0.648858428,0.163066219,0.727561726,1,0.386601410,0.102994528,-0.576625388,0.151809368,-0.648858428,0.163066219,0.727561726,10913,104630.572746875,0.003428125,1,0.235541000,0.269189000,-0.598548000,0.079911862,0.659986261,-0.741617900,0.089638826,1,0.350821324,0.118253337,-0.606615946,0.079911862,0.659986261,-0.741617900,0.089638826
5.030117959,104630.587533375,vr_world,10913,104630.572746875,0.014787083,1,0.354617000,-0.038408300,-0.700745000,0.151809368,-0.648858428,0.163066219,0.727561726,1,0.386601410,0.102994528,-0.576625388,0.151809368,-0.648858428,0.163066219,0.727561726,10913,104630.572746875,0.014787083,1,0.235541000,0.269189000,-0.598548000,0.079911862,0.659986261,-0.741617900,0.089638826,1,0.350821324,0.118253337,-0.606615946,0.079911862,0.659986261,-0.741617900,0.089638826
5.041752834,104630.599168250,vr_world,10914,104630.591975625,0.007193250,1,0.353994000,-0.039410700,-0.701254000,0.150424257,-0.645401463,0.166501798,0.730141525,1,0.387593708,0.102507188,-0.578153036,0.150424257,-0.645401463,0.166501798,0.730141525,10914,104630.591975625,0.007193250,1,0.235526000,0.269717000,-0.599311000,0.081581098,0.659724567,-0.741192590,0.093496340,1,0.350899352,0.118779068,-0.605865776,0.081581098,0.659724567,-0.741192590,0.093496340
5.054155042,104630.611570458,vr_world,10914,104630.591975625,0.019595333,1,0.353994000,-0.039410700,-0.701254000,0.150424257,-0.645401463,0.166501798,0.730141525,1,0.387593708,0.102507188,-0.578153036,0.150424257,-0.645401463,0.166501798,0.730141525,10914,104630.591975625,0.019595333,1,0.235526000,0.269717000,-0.599311000,0.081581098,0.659724567,-0.741192590,0.093496340,1,0.350899352,0.118779068,-0.605865776,0.081581098,0.659724567,-0.741192590,0.093496340
5.066567709,104630.623983125,vr_world,10915,104630.612117791,0.011865917,1,0.354309000,-0.041879200,-0.703152000,0.148796291,-0.645739667,0.173010768,0.728661253,1,0.388826706,0.101313463,-0.581793645,0.148796291,-0.645739667,0.173010768,0.728661253,10915,104630.612117791,0.011865917,1,0.236065000,0.270910000,-0.599813000,0.082917828,0.660605934,-0.740479203,0.091733223,1,0.351664767,0.120175535,-0.607027396,0.082917828,0.660605934,-0.740479203,0.091733223
5.078983375,104630.636398791,vr_world,10916,104630.631560916,0.004838292,1,0.353823000,-0.043381400,-0.703839000,0.146026639,-0.644177756,0.178848086,0.729194488,1,0.389581141,0.101051920,-0.584324101,0.146026639,-0.644177756,0.178848086,0.729194488,10916,104630.631560916,0.004838292,1,0.236700000,0.272202000,-0.600537000,0.084409672,0.656268330,-0.744138402,0.091896272,1,0.350553600,0.120131577,-0.607477060,0.084409672,0.656268330,-0.744138402,0.091896272
5.091400542,104630.648815958,vr_world,10916,104630.631560916,0.017255500,1,0.353823000,-0.043381400,-0.703839000,0.146026639,-0.644177756,0.178848086,0.729194488,1,0.389581141,0.101051920,-0.584324101,0.146026639,-0.644177756,0.178848086,0.729194488,10916,104630.631560916,0.017255500,1,0.236700000,0.272202000,-0.600537000,0.084409672,0.656268330,-0.744138402,0.091896272,1,0.350553600,0.120131577,-0.607477060,0.084409672,0.656268330,-0.744138402,0.091896272
5.103821792,104630.661237208,vr_world,10917,104630.651427291,0.009810375,1,0.353675000,-0.043531200,-0.704730000,0.147459321,-0.642853409,0.179955203,0.729802280,1,0.390285070,0.100664365,-0.585185885,0.147459321,-0.642853409,0.179955203,0.729802280,10917,104630.651427291,0.009810375,1,0.236334000,0.272047000,-0.601185000,0.085191812,0.657698549,-0.742688110,0.092678722,1,0.350793744,0.120420374,-0.607862147,0.085191812,0.657698549,-0.742688110,0.092678722
5.116243042,104630.673658458,vr_world,10918,104630.670295541,0.003363292,1,0.353350000,-0.044881600,-0.706451000,0.146489617,-0.640375930,0.183238113,0.731357132,1,0.391253206,0.099758642,-0.587850873,0.146489617,-0.640375930,0.183238113,0.731357132,10918,104630.670295541,0.003363292,1,0.236251000,0.272381000,-0.602111000,0.083965870,0.660849187,-0.740183554,0.091413296,1,0.351911951,0.121698287,-0.609425298,0.083965870,0.660849187,-0.740183554,0.091413296
5.127045917,104630.684461333,vr_world,10918,104630.670295541,0.014166084,1,0.353350000,-0.044881600,-0.706451000,0.146489617,-0.640375930,0.183238113,0.731357132,1,0.391253206,0.099758642,-0.587850873,0.146489617,-0.640375930,0.183238113,0.731357132,10918,104630.670295541,0.014166084,1,0.236251000,0.272381000,-0.602111000,0.083965870,0.660849187,-0.740183554,0.091413296,1,0.351911951,0.121698287,-0.609425298,0.083965870,0.660849187,-0.740183554,0.091413296
5.139455250,104630.696870666,vr_world,10919,104630.690091333,0.006779917,1,0.352931000,-0.046066500,-0.707029000,0.145722013,-0.640302432,0.185083135,0.731110199,1,0.391100761,0.098966636,-0.588995408,0.145722013,-0.640302432,0.185083135,0.731110199,10919,104630.690091333,0.006779917,1,0.236751000,0.272660000,-0.602372000,0.084487029,0.661006443,-0.740144671,0.090101555,1,0.352387998,0.121983195,-0.610171663,0.084487029,0.661006443,-0.740144671,0.090101555
5.151879042,104630.709294458,vr_world,10919,104630.690091333,0.019203458,1,0.352931000,-0.046066500,-0.707029000,0.145722013,-0.640302432,0.185083135,0.731110199,1,0.391100761,0.098966636,-0.588995408,0.145722013,-0.640302432,0.185083135,0.731110199,10919,104630.690091333,0.019203458,1,0.236751000,0.272660000,-0.602372000,0.084487029,0.661006443,-0.740144671,0.090101555,1,0.352387998,0.121983195,-0.610171663,0.084487029,0.661006443,-0.740144671,0.090101555
5.163820417,104630.721235833,vr_world,10920,104630.709781875,0.011454583,1,0.353222000,-0.047280800,-0.707963000,0.138382030,-0.639166861,0.192013266,0.731742471,1,0.391994326,0.100024788,-0.592979486,0.138382030,-0.639166861,0.192013266,0.731742471,10920,104630.709781875,0.011454583,1,0.237449000,0.272951000,-0.602738000,0.084625186,0.661173627,-0.740700395,0.083969860,1,0.352778730,0.122176300,-0.612850129,0.084625186,0.661173627,-0.740700395,0.083969860
5.176235709,104630.733651125,vr_world,10921,104630.729129833,0.004521583,1,0.353809000,-0.049013200,-0.708083000,0.132621804,-0.643823119,0.193173020,0.728414328,1,0.390448453,0.099915873,-0.594499861,0.132621804,-0.643823119,0.193173020,0.728414328,10921,104630.729129833,0.004521583,1,0.237051000,0.272927000,-0.602800000,0.082152731,0.661668501,-0.741096113,0.078881404,1,0.352310874,0.122246898,-0.614919060,0.082152731,0.661668501,-0.741096113,0.078881404
5.188651209,104630.746066625,vr_world,10921,104630.729129833,0.016937125,1,0.353809000,-0.049013200,-0.708083000,0.132621804,-0.643823119,0.193173020,0.728414328,1,0.390448453,0.099915873,-0.594499861,0.132621804,-0.643823119,0.193173020,0.728414328,10921,104630.729129833,0.016937125,1,0.237051000,0.272927000,-0.602800000,0.082152731,0.661668501,-0.741096113,0.078881404,1,0.352310874,0.122246898,-0.614919060,0.082152731,0.661668501,-0.741096113,0.078881404
5.201067292,104630.758482708,vr_world,10922,104630.748058333,0.010424958,1,0.354250000,-0.050420900,-0.707162000,0.125167954,-0.647801676,0.197952343,0.724914369,1,0.389400719,0.100828645,-0.596204995,0.125167954,-0.647801676,0.197952343,0.724914369,10922,104630.748058333,0.010424958,1,0.236558000,0.272717000,-0.603244000,0.077017200,0.664443653,-0.739411385,0.076510040,1,0.352881658,0.122953259,-0.616505355,0.077017200,0.664443653,-0.739411385,0.076510040
5.212379959,104630.769795375,vr_world,10923,104630.767317791,0.002477959,1,0.354726000,-0.054500800,-0.706525000,0.113731779,-0.653514815,0.212395529,0.717545544,1,0.389092970,0.101023345,-0.601383927,0.113731779,-0.653514815,0.212395529,0.717545544,10923,104630.767317791,0.002477959,1,0.236543000,0.272493000,-0.603924000,0.069883630,0.669292505,-0.736345679,0.070419187,1,0.354582670,0.124338685,-0.619835300,0.069883630,0.669292505,-0.736345679,0.070419187
5.224800542,104630.782215958,vr_world,10923,104630.767317791,0.014898584,1,0.354726000,-0.054500800,-0.706525000,0.113731779,-0.653514815,0.212395529,0.717545544,1,0.389092970,0.101023345,-0.601383927,0.113731779,-0.653514815,0.212395529,0.717545544,10923,104630.767317791,0.014898584,1,0.236543000,0.272493000,-0.603924000,0.069883630,0.669292505,-0.736345679,0.070419187,1,0.354582670,0.124338685,-0.619835300,0.069883630,0.669292505,-0.736345679,0.070419187
5.237209875,104630.794625291,vr_world,10924,104630.787021625,0.007604166,1,0.355639000,-0.056907400,-0.705426000,0.107206684,-0.658571009,0.221293189,0.711210431,1,0.389140222,0.101162138,-0.603862629,0.107206684,-0.658571009,0.221293189,0.711210431,10924,104630.787021625,0.007604166,1,0.237245000,0.272730000,-0.604068000,0.066429089,0.670153865,-0.736443364,0.064281771,1,0.355342699,0.124902544,-0.622403136,0.066429089,0.670153865,-0.736443364,0.064281771
5.249608667,104630.807024083,vr_world,10925,104630.806113333,0.000911250,1,0.356564000,-0.060618700,-0.703445000,0.095418503,-0.665856982,0.232001667,0.702641455,1,0.388018819,0.101154865,-0.607198712,0.095418503,-0.665856982,0.232001667,0.702641455,10925,104630.806113333,0.000911250,1,0.237998000,0.273249000,-0.604220000,0.065171506,0.668916288,-0.738392113,0.055504613,1,0.355100990,0.125075566,-0.625847347,0.065171506,0.668916288,-0.738392113,0.055504613
5.260339709,104630.817755125,vr_world,10925,104630.806113333,0.011642333,1,0.356564000,-0.060618700,-0.703445000,0.095418503,-0.665856982,0.232001667,0.702641455,1,0.388018819,0.101154865,-0.607198712,0.095418503,-0.665856982,0.232001667,0.702641455,10925,104630.806113333,0.011642333,1,0.237998000,0.273249000,-0.604220000,0.065171506,0.668916288,-0.738392113,0.055504613,1,0.355100990,0.125075566,-0.625847347,0.065171506,0.668916288,-0.738392113,0.055504613
5.271046625,104630.828462041,vr_world,10926,104630.825028500,0.003434125,1,0.357096000,-0.067221600,-0.699579000,0.075657529,-0.675423643,0.257100012,0.687006859,1,0.387400090,0.100838029,-0.614367109,0.075657529,-0.675423643,0.257100012,0.687006859,10926,104630.825028500,0.003434125,1,0.238528000,0.273480000,-0.604950000,0.061172681,0.670200816,-0.738362275,0.043702632,1,0.355515675,0.125953757,-0.631143823,0.061172681,0.670200816,-0.738362275,0.043702632
5.283449584,104630.840865000,vr_world,10926,104630.825028500,0.015836833,1,0.357096000,-0.067221600,-0.699579000,0.075657529,-0.675423643,0.257100012,0.687006859,1,0.387400090,0.100838029,-0.614367109,0.075657529,-0.675423643,0.257100012,0.687006859,10926,104630.825028500,0.015836833,1,0.238528000,0.273480000,-0.604950000,0.061172681,0.670200816,-0.738362275,0.043702632,1,0.355515675,0.125953757,-0.631143823,0.061172681,0.670200816,-0.738362275,0.043702632
5.293682292,104630.851097708,vr_world,10927,104630.844249375,0.006848750,1,0.356686000,-0.070999900,-0.697600000,0.071456428,-0.681624954,0.269874864,0.676349731,1,0.387103817,0.099219619,-0.616831620,0.071456428,-0.681624954,0.269874864,0.676349731,10927,104630.844249375,0.006848750,1,0.238872000,0.273308000,-0.605573000,0.058522687,0.672063002,-0.737247628,0.037045276,1,0.356252348,0.126582358,-0.634377202,0.058522687,0.672063002,-0.737247628,0.037045276
5.305719292,104630.863134708,vr_world,10927,104630.844249375,0.018885833,1,0.356686000,-0.070999900,-0.697600000,0.071456428,-0.681624954,0.269874864,0.676349731,1,0.387103817,0.099219619,-0.616831620,0.071456428,-0.681624954,0.269874864,0.676349731,10927,104630.844249375,0.018885833,1,0.238872000,0.273308000,-0.605573000,0.058522687,0.672063002,-0.737247628,0.037045276,1,0.356252348,0.126582358,-0.634377202,0.058522687,0.672063002,-0.737247628,0.037045276
5.318110542,104630.875525958,vr_world,10928,104630.863799041,0.011727375,1,0.355598000,-0.077020900,-0.694740000,0.068554716,-0.688256651,0.291047975,0.660979659,1,0.388090632,0.095704412,-0.620351768,0.068554716,-0.688256651,0.291047975,0.660979659,10928,104630.863799041,0.011727375,1,0.239952000,0.273217000,-0.606460000,0.052404785,0.673317964,-0.737153542,0.022390042,1,0.357095788,0.127523283,-0.640911416,0.052404785,0.673317964,-0.737153542,0.022390042
5.330515125,104630.887930541,vr_world,10929,104630.883167583,0.004763458,1,0.355455000,-0.079876400,-0.693083000,0.070332691,-0.689387908,0.296910527,0.656994494,1,0.389196991,0.093081791,-0.619800237,0.070332691,-0.689387908,0.296910527,0.656994494,10929,104630.883167583,0.004763458,1,0.240374000,0.272557000,-0.607077000,0.046379817,0.673748266,-0.737385803,0.013204720,1,0.357337704,0.127606503,-0.645091219,0.046379817,0.673748266,-0.737385803,0.013204720
5.342906459,104630.900321875,vr_world,10929,104630.883167583,0.017154750,1,0.355455000,-0.079876400,-0.693083000,0.070332691,-0.689387908,0.296910527,0.656994494,1,0.389196991,0.093081791,-0.619800237,0.070332691,-0.689387908,0.296910527,0.656994494,10929,104630.883167583,0.017154750,1,0.240374000,0.272557000,-0.607077000,0.046379817,0.673748266,-0.737385803,0.013204720,1,0.357337704,0.127606503,-0.645091219,0.046379817,0.673748266,-0.737385803,0.013204720
5.353720792,104630.911136208,vr_world,10930,104630.902108541,0.009028084,1,0.355677000,-0.083348900,-0.690778000,0.067252754,-0.693142887,0.299303484,0.652263313,1,0.388344340,0.090464039,-0.619046980,0.067252754,-0.693142887,0.299303484,0.652263313,10930,104630.902108541,0.009028084,1,0.240852000,0.271908000,-0.607921000,0.040316838,0.674371311,-0.737276559,0.004600277,1,0.357771242,0.127837685,-0.649271116,0.040316838,0.674371311,-0.737276559,0.004600277
5.366060042,104630.923475458,vr_world,10931,104630.921225875,0.002249833,1,0.355491000,-0.089856000,-0.686653000,0.061913668,-0.700426817,0.313858224,0.638014096,1,0.388378750,0.086080957,-0.620410928,0.061913668,-0.700426817,0.313858224,0.638014096,10931,104630.921225875,0.002249833,1,0.241898000,0.270836000,-0.609664000,0.030815742,0.676360496,-0.735831534,-0.011782314,1,0.358973388,0.128844045,-0.657286181,0.030815742,0.676360496,-0.735831534,-0.011782314
5.377013875,104630.934429291,vr_world,10931,104630.921225875,0.013203875,1,0.355491000,-0.089856000,-0.686653000,0.061913668,-0.700426817,0.313858224,0.638014096,1,0.388378750,0.086080957,-0.620410928,0.061913668,-0.700426817,0.313858224,0.638014096,10931,104630.921225875,0.013203875,1,0.241898000,0.270836000,-0.609664000,0.030815742,0.676360496,-0.735831534,-0.011782314,1,0.358973388,0.128844045,-0.657286181,0.030815742,0.676360496,-0.735831534,-0.011782314
5.389114084,104630.946529500,vr_world,10932,104630.941019416,0.005510375,1,0.354986000,-0.092762800,-0.683907000,0.057295220,-0.703688822,0.324037453,0.629713450,1,0.388424392,0.084540896,-0.621708012,0.057295220,-0.703688822,0.324037453,0.629713450,10932,104630.941019416,0.005510375,1,0.243126000,0.270207000,-0.611578000,0.027668857,0.675372977,-0.736766711,-0.016750819,1,0.359661885,0.128410797,-0.661070108,0.027668857,0.675372977,-0.736766711,-0.016750819
5.401522375,104630.958937791,vr_world,10932,104630.941019416,0.017918792,1,0.354986000,-0.092762800,-0.683907000,0.057295220,-0.703688822,0.324037453,0.629713450,1,0.388424392,0.084540896,-0.621708012,0.057295220,-0.703688822,0.324037453,0.629713450,10932,104630.941019416,0.017918792,1,0.243126000,0.270207000,-0.611578000,0.027668857,0.675372977,-0.736766711,-0.016750819,1,0.359661885,0.128410797,-0.661070108,0.027668857,0.675372977,-0.736766711,-0.016750819
5.413920000,104630.971335416,vr_world,10933,104630.960251083,0.011084708,1,0.354327000,-0.098302800,-0.679042000,0.047699878,-0.708219800,0.343800382,0.614776978,1,0.389293224,0.081332504,-0.624894401,0.047699878,-0.708219800,0.343800382,0.614776978,10933,104630.960251083,0.011084708,1,0.244920000,0.268580000,-0.614430000,0.023046509,0.675111050,-0.736770778,-0.029372593,1,0.360748887,0.127926381,-0.668619211,0.023046509,0.675111050,-0.736770778,-0.029372593
5.425716125,104630.983131541,vr_world,10934,104630.979789916,0.003342084,1,0.353815000,-0.100598000,-0.676130000,0.043736065,-0.710140376,0.352943549,0.607633651,1,0.389655903,0.079922720,-0.625621218,0.043736065,-0.710140376,0.352943549,0.607633651,10934,104630.979789916,0.003342084,1,0.246369000,0.266891000,-0.616459000,0.021841810,0.675282229,-0.736372267,-0.035675339,1,0.361884862,0.126892958,-0.672964150,0.021841810,0.675282229,-0.736372267,-0.035675339
5.437654917,104630.995070333,vr_world,10934,104630.979789916,0.015281000,1,0.353815000,-0.100598000,-0.676130000,0.043736065,-0.710140376,0.352943549,0.607633651,1,0.389655903,0.079922720,-0.625621218,0.043736065,-0.710140376,0.352943549,0.607633651,10934,104630.979789916,0.015281000,1,0.246369000,0.266891000,-0.616459000,0.021841810,0.675282229,-0.736372267,-0.035675339,1,0.361884862,0.126892958,-0.672964150,0.021841810,0.675282229,-0.736372267,-0.035675339
5.450031292,104631.007446708,vr_world,10935,104630.998787708,0.008659333,1,0.353386000,-0.102810000,-0.673983000,0.040537952,-0.713121903,0.359330938,0.600578973,1,0.389364066,0.078439731,-0.626259261,0.040537952,-0.713121903,0.359330938,0.600578973,10935,104630.998787708,0.008659333,1,0.247820000,0.265381000,-0.618617000,0.018893734,0.673825780,-0.737330178,-0.044114109,1,0.362361177,0.125865665,-0.678215937,0.018893734,0.673825780,-0.737330178,-0.044114109
5.460565042,104631.017980458,vr_world,10935,104630.998787708,0.019194292,1,0.353386000,-0.102810000,-0.673983000,0.040537952,-0.713121903,0.359330938,0.600578973,1,0.389364066,0.078439731,-0.626259261,0.040537952,-0.713121903,0.359330938,0.600578973,10935,104630.998787708,0.019194292,1,0.247820000,0.265381000,-0.618617000,0.018893734,0.673825780,-0.737330178,-0.044114109,1,0.362361177,0.125865665,-0.678215937,0.018893734,0.673825780,-0.737330178,-0.044114109
5.472652584,104631.030068000,vr_world,10936,104631.020687833,0.009382458,1,0.352777000,-0.107009000,-0.670371000,0.035042991,-0.718345957,0.370103919,0.588025649,1,0.388973773,0.075393191,-0.627444714,0.035042991,-0.718345957,0.370103919,0.588025649,10936,104631.020687833,0.009382458,1,0.249621000,0.262494000,-0.622891000,0.011299402,0.672989292,-0.737308873,-0.057735265,1,0.363381313,0.124587575,-0.687517840,0.011299402,0.672989292,-0.737308873,-0.057735265
5.487265459,104631.044680875,vr_world,10937,104631.039626291,0.005056750,1,0.352268000,-0.108674000,-0.668564000,0.033099776,-0.719823750,0.373390090,0.584241401,1,0.388526248,0.074072892,-0.627183957,0.033099776,-0.719823750,0.373390090,0.584241401,10937,104631.039626291,0.005056750,1,0.250738000,0.260550000,-0.625931000,0.006613728,0.672020455,-0.737791100,-0.063317139,1,0.364074464,0.123281440,-0.692627496,0.006613728,0.672020455,-0.737791100,-0.063317139
5.499160917,104631.056576333,vr_world,10937,104631.039626291,0.016951167,1,0.352268000,-0.108674000,-0.668564000,0.033099776,-0.719823750,0.373390090,0.584241401,1,0.388526248,0.074072892,-0.627183957,0.033099776,-0.719823750,0.373390090,0.584241401,10937,104631.039626291,0.016951167,1,0.250738000,0.260550000,-0.625931000,0.006613728,0.672020455,-0.737791100,-0.063317139,1,0.364074464,0.123281440,-0.692627496,0.006613728,0.672020455,-0.737791100,-0.063317139
5.511150250,104631.068565666,vr_world,10938,104631.058329750,0.010236708,1,0.351465000,-0.112309000,-0.664345000,0.025176559,-0.722378086,0.384448151,0.574226140,1,0.388300379,0.071476036,-0.628432779,0.025176559,-0.722378086,0.384448151,0.574226140,10938,104631.058329750,0.010236708,1,0.253399000,0.257325000,-0.630545000,0.001124633,0.667113440,-0.740908051,-0.077547742,1,0.364244314,0.120609735,-0.702367522,0.001124633,0.667113440,-0.740908051,-0.077547742
5.523078500,104631.080493916,vr_world,10939,104631.077785916,0.002708375,1,0.350425000,-0.113948000,-0.661484000,0.019845546,-0.723600518,0.392155193,0.567646676,1,0.387852432,0.070411213,-0.629323164,0.019845546,-0.723600518,0.392155193,0.567646676,10939,104631.077785916,0.002708375,1,0.254150000,0.254715000,-0.633261000,0.001915911,-0.666467736,0.740379032,0.087498424,1,0.364241023,0.119307282,-0.708632991,0.001915911,-0.666467736,0.740379032,0.087498424
5.535451334,104631.092866750,vr_world,10939,104631.077785916,0.015081250,1,0.350425000,-0.113948000,-0.661484000,0.019845546,-0.723600518,0.392155193,0.567646676,1,0.387852432,0.070411213,-0.629323164,0.019845546,-0.723600518,0.392155193,0.567646676,10939,104631.077785916,0.015081250,1,0.254150000,0.254715000,-0.633261000,0.001915911,-0.666467736,0.740379032,0.087498424,1,0.364241023,0.119307282,-0.708632991,0.001915911,-0.666467736,0.740379032,0.087498424
5.547329459,104631.104744875,vr_world,10940,104631.098235083,0.006510542,1,0.348922000,-0.116821000,-0.656810000,0.011762401,-0.727338877,0.406418623,0.552868617,1,0.387494440,0.068335339,-0.631261186,0.011762401,-0.727338877,0.406418623,0.552868617,10940,104631.098235083,0.006510542,1,0.255986000,0.250865000,-0.638510000,0.010092173,-0.664011762,0.740350961,0.104244816,1,0.364575934,0.117712609,-0.719842049,0.010092173,-0.664011762,0.740350961,0.104244816
5.559733417,104631.117148833,vr_world,10940,104631.098235083,0.018914250,1,0.348922000,-0.116821000,-0.656810000,0.011762401,-0.727338877,0.406418623,0.552868617,1,0.387494440,0.068335339,-0.631261186,0.011762401,-0.727338877,0.406418623,0.552868617,10940,104631.098235083,0.018914250,1,0.255986000,0.250865000,-0.638510000,0.010092173,-0.664011762,0.740350961,0.104244816,1,0.364575934,0.117712609,-0.719842049,0.010092173,-0.664011762,0.740350961,0.104244816
5.571739209,104631.129154625,vr_world,10941,104631.118242541,0.010913625,1,0.348072000,-0.117940000,-0.653967000,0.007374946,-0.731157886,0.412501880,0.543319385,1,0.386507675,0.067673963,-0.631749583,0.007374946,-0.731157886,0.412501880,0.543319385,10941,104631.118242541,0.010913625,1,0.256739000,0.249119000,-0.641586000,0.012259979,-0.661617079,0.741498008,0.110874876,1,0.364108063,0.116416506,-0.725240953,0.012259979,-0.661617079,0.741498008,0.110874876
5.584070084,104631.141485500,vr_world,10942,104631.137830541,0.003655917,1,0.346895000,-0.119063000,-0.650977000,0.001795051,-0.734240766,0.419299317,0.533924487,1,0.385352855,0.066967996,-0.632621225,0.001795051,-0.734240766,0.419299317,0.533924487,10942,104631.137830541,0.003655917,1,0.257073000,0.247160000,-0.644835000,0.014986308,-0.659230651,0.742995024,0.114668017,1,0.363511906,0.114568396,-0.729843175,0.014986308,-0.659230651,0.742995024,0.114668017
5.594978667,104631.152394083,vr_world,10942,104631.137830541,0.014564167,1,0.346895000,-0.119063000,-0.650977000,0.001795051,-0.734240766,0.419299317,0.533924487,1,0.385352855,0.066967996,-0.632621225,0.001795051,-0.734240766,0.419299317,0.533924487,10942,104631.137830541,0.014564167,1,0.257073000,0.247160000,-0.644835000,0.014986308,-0.659230651,0.742995024,0.114668017,1,0.363511906,0.114568396,-0.729843175,0.014986308,-0.659230651,0.742995024,0.114668017
5.607381375,104631.164796791,vr_world,10943,104631.157151583,0.007646958,1,0.344708000,-0.121034000,-0.645359000,0.010279747,0.738709721,-0.434328868,-0.515325828,1,0.383879284,0.065484204,-0.635356930,0.010279747,0.738709721,-0.434328868,-0.515325828,10943,104631.157151583,0.007646958,1,0.257729000,0.242953000,-0.650127000,0.024228083,-0.658022991,0.741639103,0.128024152,1,0.363582018,0.113006789,-0.739822845,0.024228083,-0.658022991,0.741639103,0.128024152
5.619254667,104631.176670083,vr_world,10943,104631.157151583,0.019519875,1,0.344708000,-0.121034000,-0.645359000,0.010279747,0.738709721,-0.434328868,-0.515325828,1,0.383879284,0.065484204,-0.635356930,0.010279747,0.738709721,-0.434328868,-0.515325828,10943,104631.157151583,0.019519875,1,0.257729000,0.242953000,-0.650127000,0.024228083,-0.658022991,0.741639103,0.128024152,1,0.363582018,0.113006789,-0.739822845,0.024228083,-0.658022991,0.741639103,0.128024152
5.631431792,104631.188847208,vr_world,10944,104631.178083083,0.010765750,1,0.343508000,-0.121372000,-0.642392000,0.015573772,0.741936452,-0.441210253,-0.504600110,1,0.382875776,0.065274092,-0.636321165,0.015573772,0.741936452,-0.441210253,-0.504600110,10944,104631.178083083,0.010765750,1,0.257712000,0.240611000,-0.652787000,0.031473871,-0.660183759,0.738072615,0.135704142,1,0.364514678,0.113325540,-0.745133247,0.031473871,-0.660183759,0.738072615,0.135704142
5.643496625,104631.200912041,vr_world,10945,104631.196150125,0.004766583,1,0.341476000,-0.122733000,-0.637241000,0.026290471,0.748788643,-0.451894687,-0.484164818,1,0.380467393,0.064087252,-0.638381557,0.026290471,0.748788643,-0.451894687,-0.484164818,10945,104631.196150125,0.004766583,1,0.258327000,0.237385000,-0.657394000,0.040447535,-0.659625750,0.735508266,0.149283144,1,0.364810688,0.113292432,-0.754339657,0.040447535,-0.659625750,0.735508266,0.149283144
5.654492250,104631.211907666,vr_world,10945,104631.196150125,0.015758125,1,0.341476000,-0.122733000,-0.637241000,0.026290471,0.748788643,-0.451894687,-0.484164818,1,0.380467393,0.064087252,-0.638381557,0.026290471,0.748788643,-0.451894687,-0.484164818,10945,104631.196150125,0.015758125,1,0.258327000,0.237385000,-0.657394000,0.040447535,-0.659625750,0.735508266,0.149283144,1,0.364810688,0.113292432,-0.754339657,0.040447535,-0.659625750,0.735508266,0.149283144
5.666877750,104631.224293166,vr_world,10946,104631.216073000,0.008220541,1,0.339528000,-0.123013000,-0.634526000,0.030937162,0.750909010,-0.458517808,-0.474278368,1,0.379114916,0.063624454,-0.639300455,0.030937162,0.750909010,-0.458517808,-0.474278368,10946,104631.216073000,0.008220541,1,0.258691000,0.236982000,-0.659984000,0.037358381,-0.654663145,0.740061721,0.149429470,1,0.362989322,0.111118079,-0.757021822,0.037358381,-0.654663145,0.740061721,0.149429470
5.677010417,104631.234425833,vr_world,10946,104631.216073000,0.018353375,1,0.339528000,-0.123013000,-0.634526000,0.030937162,0.750909010,-0.458517808,-0.474278368,1,0.379114916,0.063624454,-0.639300455,0.030937162,0.750909010,-0.458517808,-0.474278368,10946,104631.216073000,0.018353375,1,0.258691000,0.236982000,-0.659984000,0.037358381,-0.654663145,0.740061721,0.149429470,1,0.362989322,0.111118079,-0.757021822,0.037358381,-0.654663145,0.740061721,0.149429470
5.687048209,104631.244463625,vr_world,10947,104631.235759791,0.008704209,1,0.337668000,-0.123146000,-0.631891000,0.034686706,0.752060209,-0.465591886,-0.465216584,1,0.378346913,0.063139697,-0.640033498,0.034686706,0.752060209,-0.465591886,-0.465216584,10947,104631.235759791,0.008704209,1,0.258771000,0.235960000,-0.662805000,0.035528513,-0.651480478,0.743529608,0.146542255,1,0.361925864,0.108449565,-0.758911093,0.035528513,-0.651480478,0.743529608,0.146542255
5.697716042,104631.255131458,vr_world,10947,104631.235759791,0.019372250,1,0.337668000,-0.123146000,-0.631891000,0.034686706,0.752060209,-0.465591886,-0.465216584,1,0.378346913,0.063139697,-0.640033498,0.034686706,0.752060209,-0.465591886,-0.465216584,10947,104631.235759791,0.019372250,1,0.258771000,0.235960000,-0.662805000,0.035528513,-0.651480478,0.743529608,0.146542255,1,0.361925864,0.108449565,-0.758911093,0.035528513,-0.651480478,0.743529608,0.146542255
5.710067584,104631.267483000,vr_world,10948,104631.255806708,0.011676667,1,0.334803000,-0.123655000,-0.627271000,0.042212104,0.756637026,-0.475529067,-0.446755701,1,0.376214351,0.062116434,-0.641324362,0.042212104,0.756637026,-0.475529067,-0.446755701,10948,104631.255806708,0.011676667,1,0.258794000,0.232592000,-0.667113000,0.039114579,-0.651490719,0.742152625,0.152444657,1,0.361879025,0.106548043,-0.765208145,0.039114579,-0.651490719,0.742152625,0.152444657
5.721847250,104631.279262666,vr_world,10949,104631.275945291,0.003318459,1,0.333416000,-0.123609000,-0.625283000,0.044468994,0.759849651,-0.478142939,-0.438212672,1,0.374694577,0.062033991,-0.641289385,0.044468994,0.759849651,-0.478142939,-0.438212672,10949,104631.275945291,0.003318459,1,0.258829000,0.230778000,-0.669322000,0.043772863,-0.654707576,0.738054321,0.157218782,1,0.363243649,0.107074405,-0.768977476,0.043772863,-0.654707576,0.738054321,0.157218782
5.732381542,104631.289796958,vr_world,10949,104631.275945291,0.013852959,1,0.333416000,-0.123609000,-0.625283000,0.044468994,0.759849651,-0.478142939,-0.438212672,1,0.374694577,0.062033991,-0.641289385,0.044468994,0.759849651,-0.478142939,-0.438212672,10949,104631.275945291,0.013852959,1,0.258829000,0.230778000,-0.669322000,0.043772863,-0.654707576,0.738054321,0.157218782,1,0.363243649,0.107074405,-0.768977476,0.043772863,-0.654707576,0.738054321,0.157218782
5.744622959,104631.302038375,vr_world,10950,104631.295443958,0.006595458,1,0.330628000,-0.123979000,-0.621482000,0.051413273,0.764000149,-0.486162190,-0.421078108,1,0.372461689,0.061012777,-0.642728826,0.051413273,0.764000149,-0.486162190,-0.421078108,10950,104631.295443958,0.006595458,1,0.259006000,0.227596000,-0.672323000,0.049944730,-0.658570101,0.731298520,0.170274546,1,0.364462653,0.108300899,-0.776168005,0.049944730,-0.658570101,0.731298520,0.170274546
5.756382875,104631.313798291,vr_world,10950,104631.295443958,0.018355000,1,0.330628000,-0.123979000,-0.621482000,0.051413273,0.764000149,-0.486162190,-0.421078108,1,0.372461689,0.061012777,-0.642728826,0.051413273,0.764000149,-0.486162190,-0.421078108,10950,104631.295443958,0.018355000,1,0.259006000,0.227596000,-0.672323000,0.049944730,-0.658570101,0.731298520,0.170274546,1,0.364462653,0.108300899,-0.776168005,0.049944730,-0.658570101,0.731298520,0.170274546
5.767050917,104631.324466333,vr_world,10951,104631.314854333,0.009612542,1,0.329008000,-0.123890000,-0.619703000,0.054195115,0.764759651,-0.490590915,-0.414157120,1,0.371592151,0.060648368,-0.643274935,0.054195115,0.764759651,-0.490590915,-0.414157120,10951,104631.314854333,0.009612542,1,0.259291000,0.227468000,-0.674043000,0.050721115,-0.657291259,0.731554406,0.173849705,1,0.364074564,0.108607640,-0.779061261,0.050721115,-0.657291259,0.731554406,0.173849705
5.778348417,104631.335763833,vr_world,10952,104631.334322041,0.001442334,1,0.326057000,-0.123880000,-0.616437000,0.057825444,0.766863836,-0.498071056,-0.400626134,1,0.370044661,0.059815447,-0.643722701,0.057825444,0.766863836,-0.498071056,-0.400626134,10952,104631.334322041,0.001442334,1,0.260134000,0.226669000,-0.677612000,0.051449272,-0.648654223,0.738309816,0.177480382,1,0.361573662,0.106108708,-0.783967320,0.051449272,-0.648654223,0.738309816,0.177480382
5.789942334,104631.347357750,vr_world,10952,104631.334322041,0.013036042,1,0.326057000,-0.123880000,-0.616437000,0.057825444,0.766863836,-0.498071056,-0.400626134,1,0.370044661,0.059815447,-0.643722701,0.057825444,0.766863836,-0.498071056,-0.400626134,10952,104631.334322041,0.013036042,1,0.260134000,0.226669000,-0.677612000,0.051449272,-0.648654223,0.738309816,0.177480382,1,0.361573662,0.106108708,-0.783967320,0.051449272,-0.648654223,0.738309816,0.177480382
5.802334167,104631.359749583,vr_world,10953,104631.354282666,0.005467250,1,0.324735000,-0.123515000,-0.614795000,0.059148899,0.767841715,-0.500506389,-0.395491925,1,0.369138818,0.059880608,-0.643392597,0.059148899,0.767841715,-0.500506389,-0.395491925,10953,104631.354282666,0.005467250,1,0.258971000,0.224780000,-0.678778000,0.054582074,-0.652726085,0.733683986,0.180768535,1,0.361997005,0.106452445,-0.786111524,0.054582074,-0.652726085,0.733683986,0.180768535
5.814592417,104631.372007833,vr_world,10953,104631.354282666,0.017725834,1,0.324735000,-0.123515000,-0.614795000,0.059148899,0.767841715,-0.500506389,-0.395491925,1,0.369138818,0.059880608,-0.643392597,0.059148899,0.767841715,-0.500506389,-0.395491925,10953,104631.354282666,0.017725834,1,0.258971000,0.224780000,-0.678778000,0.054582074,-0.652726085,0.733683986,0.180768535,1,0.361997005,0.106452445,-0.786111524,0.054582074,-0.652726085,0.733683986,0.180768535
5.824960750,104631.382376166,vr_world,10954,104631.373424208,0.008952417,1,0.323550000,-0.123118000,-0.613382000,0.061095279,0.769322890,-0.502701763,-0.389487604,1,0.368143140,0.059983509,-0.643527502,0.061095279,0.769322890,-0.502701763,-0.389487604,10954,104631.373424208,0.008952417,1,0.258087000,0.224326000,-0.679844000,0.057034899,-0.658566839,0.727585352,0.183456516,1,0.363287263,0.108596537,-0.787898651,0.057034899,-0.658566839,0.727585352,0.183456516
5.837321959,104631.394737375,vr_world,10955,104631.392635125,0.002102625,1,0.321187000,-0.122255000,-0.610492000,0.064314662,0.773602788,-0.506479580,-0.375340893,1,0.365987693,0.060285328,-0.643588380,0.064314662,0.773602788,-0.506479580,-0.375340893,10955,104631.392635125,0.002102625,1,0.258152000,0.224054000,-0.682484000,0.056091332,-0.658265831,0.727402787,0.185539874,1,0.362940853,0.108569695,-0.791198901,0.056091332,-0.658265831,0.727402787,0.185539874
5.847363042,104631.404778458,vr_world,10955,104631.392635125,0.012143916,1,0.321187000,-0.122255000,-0.610492000,0.064314662,0.773602788,-0.506479580,-0.375340893,1,0.365987693,0.060285328,-0.643588380,0.064314662,0.773602788,-0.506479580,-0.375340893,10955,104631.392635125,0.012143916,1,0.258152000,0.224054000,-0.682484000,0.056091332,-0.658265831,0.727402787,0.185539874,1,0.362940853,0.108569695,-0.791198901,0.056091332,-0.658265831,0.727402787,0.185539874
5.857715584,104631.415131000,vr_world,10956,104631.412267125,0.002864458,1,0.320001000,-0.121021000,-0.608579000,0.069171993,0.775974882,-0.508844560,-0.366272346,1,0.364539574,0.061051246,-0.644488175,0.069171993,0.775974882,-0.508844560,-0.366272346,10956,104631.412267125,0.002864458,1,0.258264000,0.223721000,-0.683429000,0.054512635,-0.656739530,0.728289920,0.187923799,1,0.362094322,0.108106818,-0.792922622,0.054512635,-0.656739530,0.728289920,0.187923799
5.870137709,104631.427553125,vr_world,10956,104631.412267125,0.015286541,1,0.320001000,-0.121021000,-0.608579000,0.069171993,0.775974882,-0.508844560,-0.366272346,1,0.364539574,0.061051246,-0.644488175,0.069171993,0.775974882,-0.508844560,-0.366272346,10956,104631.412267125,0.015286541,1,0.258264000,0.223721000,-0.683429000,0.054512635,-0.656739530,0.728289920,0.187923799,1,0.362094322,0.108106818,-0.792922622,0.054512635,-0.656739530,0.728289920,0.187923799
5.882562459,104631.439977875,vr_world,10957,104631.431701000,0.008277333,1,0.319183000,-0.119297000,-0.606540000,0.077510528,0.777868282,-0.512684328,-0.355060325,1,0.363475567,0.061911005,-0.646855017,0.077510528,0.777868282,-0.512684328,-0.355060325,10957,104631.431701000,0.008277333,1,0.258051000,0.223380000,-0.684143000,0.054372197,-0.656767997,0.727223519,0.191951597,1,0.361512925,0.108635775,-0.794893377,0.054372197,-0.656767997,0.727223519,0.191951597
5.894864084,104631.452279500,vr_world,10958,104631.450678041,0.001602000,1,0.317611000,-0.116183000,-0.603175000,0.092620919,0.780209677,-0.521305924,-0.333068098,1,0.362306907,0.062857306,-0.651860490,0.092620919,0.780209677,-0.521305924,-0.333068098,10958,104631.450678041,0.001602000,1,0.257185000,0.223497000,-0.686291000,0.054080686,-0.660422476,0.723465098,0.193689661,1,0.361750810,0.110204446,-0.797498148,0.054080686,-0.660422476,0.723465098,0.193689661
5.907244334,104631.464659750,vr_world,10958,104631.450678041,0.013982334,1,0.317611000,-0.116183000,-0.603175000,0.092620919,0.780209677,-0.521305924,-0.333068098,1,0.362306907,0.062857306,-0.651860490,0.092620919,0.780209677,-0.521305924,-0.333068098,10958,104631.450678041,0.013982334,1,0.257185000,0.223497000,-0.686291000,0.054080686,-0.660422476,0.723465098,0.193689661,1,0.361750810,0.110204446,-0.797498148,0.054080686,-0.660422476,0.723465098,0.193689661
5.919047709,104631.476463125,vr_world,10959,104631.469519791,0.006943709,1,0.316963000,-0.113723000,-0.601988000,0.101976657,0.782399709,-0.524902466,-0.319262992,1,0.361396319,0.063976054,-0.655580543,0.101976657,0.782399709,-0.524902466,-0.319262992,10959,104631.469519791,0.006943709,1,0.257379000,0.223837000,-0.687470000,0.052053588,-0.661194404,0.723427692,0.191741384,1,0.362136057,0.110109638,-0.798051398,0.052053588,-0.661194404,0.723427692,0.191741384
5.931420959,104631.488836375,vr_world,10959,104631.469519791,0.019317167,1,0.316963000,-0.113723000,-0.601988000,0.101976657,0.782399709,-0.524902466,-0.319262992,1,0.361396319,0.063976054,-0.655580543,0.101976657,0.782399709,-0.524902466,-0.319262992,10959,104631.469519791,0.019317167,1,0.257379000,0.223837000,-0.687470000,0.052053588,-0.661194404,0.723427692,0.191741384,1,0.362136057,0.110109638,-0.798051398,0.052053588,-0.661194404,0.723427692,0.191741384
5.943676209,104631.501091625,vr_world,10960,104631.489205166,0.011886834,1,0.315423000,-0.109720000,-0.600022000,0.113664485,0.787314833,-0.529485681,-0.294721313,1,0.359730793,0.065822335,-0.660397408,0.113664485,0.787314833,-0.529485681,-0.294721313,10960,104631.489205166,0.011886834,1,0.257705000,0.223978000,-0.689028000,0.047380110,-0.660451870,0.723689811,0.194503238,1,0.361346374,0.110074266,-0.800475723,0.047380110,-0.660451870,0.723689811,0.194503238
5.954649459,104631.512064875,vr_world,10961,104631.508314500,0.003750875,1,0.314603000,-0.106974000,-0.599785000,0.118563540,0.789135906,-0.532362337,-0.282484602,1,0.359353217,0.067344782,-0.663297285,0.118563540,0.789135906,-0.532362337,-0.282484602,10961,104631.508314500,0.003750875,1,0.257912000,0.223587000,-0.689780000,0.045691973,-0.659637443,0.723715433,0.197551666,1,0.360763020,0.109907304,-0.802184749,0.045691973,-0.659637443,0.723715433,0.197551666
5.967038709,104631.524454125,vr_world,10961,104631.508314500,0.016140083,1,0.314603000,-0.106974000,-0.599785000,0.118563540,0.789135906,-0.532362337,-0.282484602,1,0.359353217,0.067344782,-0.663297285,0.118563540,0.789135906,-0.532362337,-0.282484602,10961,104631.508314500,0.016140083,1,0.257912000,0.223587000,-0.689780000,0.045691973,-0.659637443,0.723715433,0.197551666,1,0.360763020,0.109907304,-0.802184749,0.045691973,-0.659637443,0.723715433,0.197551666
5.979423417,104631.536838833,vr_world,10962,104631.527474041,0.009365292,1,0.315221000,-0.103429000,-0.599967000,0.124724420,0.790950393,-0.533173787,-0.273069601,1,0.359483809,0.069887189,-0.666493303,0.124724420,0.790950393,-0.533173787,-0.273069601,10962,104631.527474041,0.009365292,1,0.257473000,0.223302000,-0.690467000,0.046426238,-0.661747052,0.720815188,0.200900244,1,0.360848131,0.111097605,-0.803868947,0.046426238,-0.661747052,0.720815188,0.200900244
5.991051584,104631.548467000,vr_world,10963,104631.546290375,0.002177041,1,0.315849000,-0.098186300,-0.599405000,0.139490873,0.796235562,-0.531345748,-0.253422420,1,0.357646687,0.073124522,-0.672404976,0.139490873,0.796235562,-0.531345748,-0.253422420,10963,104631.546290375,0.002177041,1,0.257239000,0.223690000,-0.692132000,0.047131828,-0.661347808,0.720765495,0.202224551,1,0.360437824,0.111745847,-0.805950939,0.047131828,-0.661347808,0.720765495,0.202224551
6.001718542,104631.559133958,vr_world,10963,104631.546290375,0.012844125,1,0.315849000,-0.098186300,-0.599405000,0.139490873,0.796235562,-0.531345748,-0.253422420,1,0.357646687,0.073124522,-0.672404976,0.139490873,0.796235562,-0.531345748,-0.253422420,10963,104631.546290375,0.012844125,1,0.257239000,0.223690000,-0.692132000,0.047131828,-0.661347808,0.720765495,0.202224551,1,0.360437824,0.111745847,-0.805950939,0.047131828,-0.661347808,0.720765495,0.202224551
6.012382792,104631.569798208,vr_world,10964,104631.566821833,0.002976833,1,0.315869000,-0.095058600,-0.599380000,0.144826123,0.799906633,-0.529019135,-0.243543687,1,0.356269291,0.075543213,-0.674787261,0.144826123,0.799906633,-0.529019135,-0.243543687,10964,104631.566821833,0.002976833,1,0.257805000,0.223397000,-0.692711000,0.047635173,-0.661028089,0.720969194,0.202425731,1,0.360936670,0.111461277,-0.806598987,0.047635173,-0.661028089,0.720969194,0.202425731
6.023840875,104631.581256291,vr_world,10964,104631.566821833,0.014434792,1,0.315869000,-0.095058600,-0.599380000,0.144826123,0.799906633,-0.529019135,-0.243543687,1,0.356269291,0.075543213,-0.674787261,0.144826123,0.799906633,-0.529019135,-0.243543687,10964,104631.566821833,0.014434792,1,0.257805000,0.223397000,-0.692711000,0.047635173,-0.661028089,0.720969194,0.202425731,1,0.360936670,0.111461277,-0.806598987,0.047635173,-0.661028089,0.720969194,0.202425731
6.034316959,104631.591732375,vr_world,10965,104631.585899375,0.005833583,1,0.315247000,-0.089617500,-0.598543000,0.157266039,0.803321826,-0.530454865,-0.220361233,1,0.355308244,0.078080062,-0.680372590,0.157266039,0.803321826,-0.530454865,-0.220361233,10965,104631.585899375,0.005833583,1,0.257735000,0.222940000,-0.693693000,0.044992956,-0.661389862,0.720057358,0.205076777,1,0.360398128,0.111394121,-0.808383808,0.044992956,-0.661389862,0.720057358,0.205076777
6.044384542,104631.601799958,vr_world,10965,104631.585899375,0.015901125,1,0.315247000,-0.089617500,-0.598543000,0.157266039,0.803321826,-0.530454865,-0.220361233,1,0.355308244,0.078080062,-0.680372590,0.157266039,0.803321826,-0.530454865,-0.220361233,10965,104631.585899375,0.015901125,1,0.257735000,0.222940000,-0.693693000,0.044992956,-0.661389862,0.720057358,0.205076777,1,0.360398128,0.111394121,-0.808383808,0.044992956,-0.661389862,0.720057358,0.205076777
6.055051875,104631.612467291,vr_world,10966,104631.605552250,0.006915458,1,0.315225000,-0.086373900,-0.598486000,0.159517905,0.805420988,-0.531337009,-0.208643361,1,0.355829398,0.080238604,-0.682241613,0.159517905,0.805420988,-0.531337009,-0.208643361,10966,104631.605552250,0.006915458,1,0.257450000,0.222412000,-0.693977000,0.045709473,-0.662883425,0.718199148,0.206606370,1,0.360583501,0.111758387,-0.809109497,0.045709473,-0.662883425,0.718199148,0.206606370
6.065730209,104631.623145625,vr_world,10966,104631.605552250,0.017603416,1,0.315225000,-0.086373900,-0.598486000,0.159517905,0.805420988,-0.531337009,-0.208643361,1,0.355829398,0.080238604,-0.682241613,0.159517905,0.805420988,-0.531337009,-0.208643361,10966,104631.605552250,0.017603416,1,0.257450000,0.222412000,-0.693977000,0.045709473,-0.662883425,0.718199148,0.206606370,1,0.360583501,0.111758387,-0.809109497,0.045709473,-0.662883425,0.718199148,0.206606370
6.077249292,104631.634664708,vr_world,10967,104631.624575625,0.010089750,1,0.316194000,-0.083525400,-0.598072000,0.164618088,0.809052103,-0.527485031,-0.200237662,1,0.355037574,0.082458585,-0.683885604,0.164618088,0.809052103,-0.527485031,-0.200237662,10967,104631.624575625,0.010089750,1,0.257501000,0.221980000,-0.694540000,0.046245291,-0.662471001,0.718581391,0.206480822,1,0.360571153,0.111236299,-0.809642443,0.046245291,-0.662471001,0.718581391,0.206480822
6.088385625,104631.645801041,vr_world,10968,104631.643266500,0.002535250,1,0.316831000,-0.078265100,-0.597288000,0.172438652,0.815138542,-0.521834789,-0.183036940,1,0.353414613,0.086312129,-0.686727624,0.172438652,0.815138542,-0.521834789,-0.183036940,10968,104631.643266500,0.002535250,1,0.257464000,0.220722000,-0.695123000,0.048119252,-0.662698710,0.717243807,0.209943514,1,0.360521659,0.111071707,-0.811278991,0.048119252,-0.662698710,0.717243807,0.209943514
6.100763417,104631.658178833,vr_world,10968,104631.643266500,0.014912666,1,0.316831000,-0.078265100,-0.597288000,0.172438652,0.815138542,-0.521834789,-0.183036940,1,0.353414613,0.086312129,-0.686727624,0.172438652,0.815138542,-0.521834789,-0.183036940,10968,104631.643266500,0.014912666,1,0.257464000,0.220722000,-0.695123000,0.048119252,-0.662698710,0.717243807,0.209943514,1,0.360521659,0.111071707,-0.811278991,0.048119252,-0.662698710,0.717243807,0.209943514
6.112823584,104631.670239000,vr_world,10969,104631.662805083,0.007434500,1,0.316929000,-0.075105300,-0.596547000,0.175529518,0.818154236,-0.519171556,-0.173994050,1,0.352640828,0.088771516,-0.687610264,0.175529518,0.818154236,-0.519171556,-0.173994050,10969,104631.662805083,0.007434500,1,0.257191000,0.218799000,-0.695136000,0.051128320,-0.663193175,0.715264188,0.214377817,1,0.360384636,0.110706832,-0.812623835,0.051128320,-0.663193175,0.715264188,0.214377817
6.124381959,104631.681797375,vr_world,10969,104631.662805083,0.018992625,1,0.316929000,-0.075105300,-0.596547000,0.175529518,0.818154236,-0.519171556,-0.173994050,1,0.352640828,0.088771516,-0.687610264,0.175529518,0.818154236,-0.519171556,-0.173994050,10969,104631.662805083,0.018992625,1,0.257191000,0.218799000,-0.695136000,0.051128320,-0.663193175,0.715264188,0.214377817,1,0.360384636,0.110706832,-0.812623835,0.051128320,-0.663193175,0.715264188,0.214377817
6.135138750,104631.692554166,vr_world,10970,104631.683062375,0.009492291,1,0.318019000,-0.069238400,-0.595441000,0.183522771,0.825359501,-0.511548039,-0.153034932,1,0.351226799,0.092915497,-0.690450450,0.183522771,0.825359501,-0.511548039,-0.153034932,10970,104631.683062375,0.009492291,1,0.256498000,0.218309000,-0.694630000,0.053570008,-0.658794459,0.716543556,0.222902325,1,0.357645050,0.111204694,-0.814772303,0.053570008,-0.658794459,0.716543556,0.222902325
6.145717750,104631.703133166,vr_world,10971,104631.701911125,0.001222500,1,0.319038000,-0.065909500,-0.594594000,0.189451592,0.828674641,-0.507349839,-0.141430459,1,0.350808486,0.094931080,-0.692289432,0.189451592,0.828674641,-0.507349839,-0.141430459,10971,104631.701911125,0.001222500,1,0.255764000,0.218180000,-0.696171000,0.057518832,-0.662908647,0.713118737,0.220692947,1,0.359096683,0.112309752,-0.815544609,0.057518832,-0.662908647,0.713118737,0.220692947
6.157741167,104631.715156583,vr_world,10971,104631.701911125,0.013245875,1,0.319038000,-0.065909500,-0.594594000,0.189451592,0.828674641,-0.507349839,-0.141430459,1,0.350808486,0.094931080,-0.692289432,0.189451592,0.828674641,-0.507349839,-0.141430459,10971,104631.701911125,0.013245875,1,0.255764000,0.218180000,-0.696171000,0.057518832,-0.662908647,0.713118737,0.220692947,1,0.359096683,0.112309752,-0.815544609,0.057518832,-0.662908647,0.713118737,0.220692947
6.170164209,104631.727579625,vr_world,10972,104631.721136416,0.006443750,1,0.319617000,-0.062016000,-0.593467000,0.195495362,0.830232949,-0.505625376,-0.129760522,1,0.350984854,0.097097725,-0.694076800,0.195495362,0.830232949,-0.505625376,-0.129760522,10972,104631.721136416,0.006443750,1,0.255539000,0.218049000,-0.695888000,0.057511859,-0.667567649,0.710088134,0.216380826,1,0.360908862,0.112604028,-0.813849023,0.057511859,-0.667567649,0.710088134,0.216380826
6.182572125,104631.739987541,vr_world,10972,104631.721136416,0.018851375,1,0.319617000,-0.062016000,-0.593467000,0.195495362,0.830232949,-0.505625376,-0.129760522,1,0.350984854,0.097097725,-0.694076800,0.195495362,0.830232949,-0.505625376,-0.129760522,10972,104631.721136416,0.018851375,1,0.255539000,0.218049000,-0.695888000,0.057511859,-0.667567649,0.710088134,0.216380826,1,0.360908862,0.112604028,-0.813849023,0.057511859,-0.667567649,0.710088134,0.216380826
6.193675875,104631.751091291,vr_world,10973,104631.740540125,0.010551708,1,0.320570000,-0.054981900,-0.591357000,0.208868320,0.833408869,-0.500940380,-0.104222919,1,0.350988455,0.100156711,-0.698268982,0.208868320,0.833408869,-0.500940380,-0.104222919,10973,104631.740540125,0.010551708,1,0.256115000,0.217310000,-0.694927000,0.054363129,-0.668256074,0.709216569,0.217922755,1,0.361147980,0.112049477,-0.813352342,0.054363129,-0.668256074,0.709216569,0.217922755
6.206077625,104631.763493041,vr_world,10974,104631.760441250,0.003052125,1,0.321799000,-0.050482700,-0.590426000,0.217795166,0.835311099,-0.496978527,-0.088504107,1,0.351354495,0.102004288,-0.701320725,0.217795166,0.835311099,-0.496978527,-0.088504107,10974,104631.760441250,0.003052125,1,0.256691000,0.216802000,-0.694088000,0.051614577,-0.668265194,0.708346233,0.221366620,1,0.361013131,0.112018358,-0.813559847,0.051614577,-0.668265194,0.708346233,0.221366620
6.218499042,104631.775914458,vr_world,10974,104631.760441250,0.015473791,1,0.321799000,-0.050482700,-0.590426000,0.217795166,0.835311099,-0.496978527,-0.088504107,1,0.351354495,0.102004288,-0.701320725,0.217795166,0.835311099,-0.496978527,-0.088504107,10974,104631.760441250,0.015473791,1,0.256691000,0.216802000,-0.694088000,0.051614577,-0.668265194,0.708346233,0.221366620,1,0.361013131,0.112018358,-0.813559847,0.051614577,-0.668265194,0.708346233,0.221366620
6.230902542,104631.788317958,vr_world,10975,104631.779599208,0.008719208,1,0.323803000,-0.043152100,-0.588314000,0.236918150,0.837802803,-0.488247204,-0.059757182,1,0.351370688,0.103623650,-0.707143111,0.236918150,0.837802803,-0.488247204,-0.059757182,10975,104631.779599208,0.008719208,1,0.256630000,0.216487000,-0.693503000,0.049612426,-0.668199227,0.707912070,0.223403003,1,0.360453938,0.111916975,-0.813594505,0.049612426,-0.668199227,0.707912070,0.223403003
6.243326334,104631.800741750,vr_world,10976,104631.798726208,0.002015875,1,0.324381000,-0.039514700,-0.587860000,0.244277408,0.839148338,-0.483805953,-0.045721054,1,0.351312096,0.104709185,-0.709915782,0.244277408,0.839148338,-0.483805953,-0.045721054,10976,104631.798726208,0.002015875,1,0.256500000,0.216478000,-0.693138000,0.051233712,-0.667980862,0.707941967,0.223595274,1,0.360446506,0.112092472,-0.813283796,0.051233712,-0.667980862,0.707941967,0.223595274
6.255728459,104631.813143875,vr_world,10976,104631.798726208,0.014418125,1,0.324381000,-0.039514700,-0.587860000,0.244277408,0.839148338,-0.483805953,-0.045721054,1,0.351312096,0.104709185,-0.709915782,0.244277408,0.839148338,-0.483805953,-0.045721054,10976,104631.798726208,0.014418125,1,0.256500000,0.216478000,-0.693138000,0.051233712,-0.667980862,0.707941967,0.223595274,1,0.360446506,0.112092472,-0.813283796,0.051233712,-0.667980862,0.707941967,0.223595274
6.268143709,104631.825559125,vr_world,10977,104631.818624125,0.006935500,1,0.324736000,-0.035679400,-0.587340000,0.251736462,0.838805614,-0.481753951,-0.030773810,1,0.352166847,0.105509248,-0.712786431,0.251736462,0.838805614,-0.481753951,-0.030773810,10977,104631.818624125,0.006935500,1,0.256463000,0.216872000,-0.693556000,0.051953523,-0.667785483,0.708642873,0.221785162,1,0.360622574,0.112080280,-0.813162433,0.051953523,-0.667785483,0.708642873,0.221785162
6.280563584,104631.837979000,vr_world,10977,104631.818624125,0.019355208,1,0.324736000,-0.035679400,-0.587340000,0.251736462,0.838805614,-0.481753951,-0.030773810,1,0.352166847,0.105509248,-0.712786431,0.251736462,0.838805614,-0.481753951,-0.030773810,10977,104631.818624125,0.019355208,1,0.256463000,0.216872000,-0.693556000,0.051953523,-0.667785483,0.708642873,0.221785162,1,0.360622574,0.112080280,-0.813162433,0.051953523,-0.667785483,0.708642873,0.221785162
6.292966334,104631.850381750,vr_world,10978,104631.838418333,0.011968458,1,0.325835000,-0.028923600,-0.586300000,0.267191499,0.837134191,-0.477286147,-0.003603065,1,0.354080305,0.106054597,-0.718234029,0.267191499,0.837134191,-0.477286147,-0.003603065,10978,104631.838418333,0.011968458,1,0.256531000,0.217096000,-0.693447000,0.051720204,-0.668345058,0.708446619,0.220778830,1,0.360954202,0.112210156,-0.812740580,0.051720204,-0.668345058,0.708446619,0.220778830
6.305032250,104631.862447666,vr_world,10979,104631.857152541,0.005295625,1,0.326528000,-0.026239500,-0.585902000,0.274633736,0.835711209,-0.475516221,0.006885452,1,0.355070309,0.105848021,-0.720666999,0.274633736,0.835711209,-0.475516221,0.006885452,10979,104631.857152541,0.005295625,1,0.257261000,0.216960000,-0.693362000,0.050358956,-0.667737512,0.708950376,0.221314155,1,0.361238206,0.111836974,-0.812836230,0.050358956,-0.667737512,0.708950376,0.221314155
6.317447625,104631.874863041,vr_world,10979,104631.857152541,0.017710875,1,0.326528000,-0.026239500,-0.585902000,0.274633736,0.835711209,-0.475516221,0.006885452,1,0.355070309,0.105848021,-0.720666999,0.274633736,0.835711209,-0.475516221,0.006885452,10979,104631.857152541,0.017710875,1,0.257261000,0.216960000,-0.693362000,0.050358956,-0.667737512,0.708950376,0.221314155,1,0.361238206,0.111836974,-0.812836230,0.050358956,-0.667737512,0.708950376,0.221314155
6.329718375,104631.887133791,vr_world,10980,104631.876164125,0.010970208,1,0.326892000,-0.024667000,-0.585803000,0.277744214,0.834094655,-0.476390103,0.014025984,1,0.356602693,0.105703336,-0.721980354,0.277744214,0.834094655,-0.476390103,0.014025984,10980,104631.876164125,0.010970208,1,0.257903000,0.217144000,-0.692717000,0.047023480,-0.666773587,0.709187819,0.224174960,1,0.360809300,0.111980434,-0.813079810,0.047023480,-0.666773587,0.709187819,0.224174960
6.340395542,104631.897810958,vr_world,10981,104631.895244500,0.002567166,1,0.328431000,-0.021589800,-0.585691000,0.281326497,0.833485915,-0.474873795,0.025524718,1,0.359125161,0.106656231,-0.723655916,0.281326497,0.833485915,-0.474873795,0.025524718,10981,104631.895244500,0.002567166,1,0.258518000,0.217149000,-0.692496000,0.046584269,-0.666887114,0.709220234,0.223826142,1,0.361440659,0.111881584,-0.812753679,0.046584269,-0.666887114,0.709220234,0.223826142
6.352810625,104631.910226041,vr_world,10981,104631.895244500,0.014982041,1,0.328431000,-0.021589800,-0.585691000,0.281326497,0.833485915,-0.474873795,0.025524718,1,0.359125161,0.106656231,-0.723655916,0.281326497,0.833485915,-0.474873795,0.025524718,10981,104631.895244500,0.014982041,1,0.258518000,0.217149000,-0.692496000,0.046584269,-0.666887114,0.709220234,0.223826142,1,0.361440659,0.111881584,-0.812753679,0.046584269,-0.666887114,0.709220234,0.223826142
6.363980834,104631.921396250,vr_world,10982,104631.915238708,0.006158083,1,0.329998000,-0.021432900,-0.585786000,0.280694038,0.835722950,-0.471503941,0.021495157,1,0.358864142,0.107798841,-0.723224607,0.280694038,0.835722950,-0.471503941,0.021495157,10982,104631.915238708,0.006158083,1,0.259635000,0.216916000,-0.691594000,0.046625871,-0.664227927,0.710399371,0.227947413,1,0.361219338,0.111818968,-0.813131916,0.046625871,-0.664227927,0.710399371,0.227947413
6.375057167,104631.932472583,vr_world,10982,104631.915238708,0.017234458,1,0.329998000,-0.021432900,-0.585786000,0.280694038,0.835722950,-0.471503941,0.021495157,1,0.358864142,0.107798841,-0.723224607,0.280694038,0.835722950,-0.471503941,0.021495157,10982,104631.915238708,0.017234458,1,0.259635000,0.216916000,-0.691594000,0.046625871,-0.664227927,0.710399371,0.227947413,1,0.361219338,0.111818968,-0.813131916,0.046625871,-0.664227927,0.710399371,0.227947413
6.387467000,104631.944882416,vr_world,10983,104631.934258166,0.010624834,1,0.332616000,-0.020358000,-0.585859000,0.281559177,0.838013559,-0.467100851,0.016568043,1,0.359015618,0.109649473,-0.723061638,0.281559177,0.838013559,-0.467100851,0.016568043,10983,104631.934258166,0.010624834,1,0.260483000,0.216546000,-0.690219000,0.048302554,-0.662405485,0.710868336,0.231413148,1,0.361306288,0.111946949,-0.812815498,0.048302554,-0.662405485,0.710868336,0.231413148
6.399863459,104631.957278875,vr_world,10984,104631.953679083,0.003600417,1,0.333513000,-0.020298000,-0.585890000,0.282230077,0.836993621,-0.468680143,0.011259944,1,0.359593898,0.109990061,-0.722887245,0.282230077,0.836993621,-0.468680143,0.011259944,10984,104631.953679083,0.003600417,1,0.261248000,0.215771000,-0.689308000,0.050755896,-0.660096560,0.711345606,0.235974149,1,0.361138461,0.111909553,-0.813287631,0.050755896,-0.660096560,0.711345606,0.235974149
6.412279875,104631.969695291,vr_world,10984,104631.953679083,0.016016583,1,0.333513000,-0.020298000,-0.585890000,0.282230077,0.836993621,-0.468680143,0.011259944,1,0.359593898,0.109990061,-0.722887245,0.282230077,0.836993621,-0.468680143,0.011259944,10984,104631.953679083,0.016016583,1,0.261248000,0.215771000,-0.689308000,0.050755896,-0.660096560,0.711345606,0.235974149,1,0.361138461,0.111909553,-0.813287631,0.050755896,-0.660096560,0.711345606,0.235974149
6.424687625,104631.982103041,vr_world,10985,104631.973745208,0.008358292,1,0.334982000,-0.020116700,-0.585954000,0.283569462,0.835205612,-0.471143377,0.006622922,1,0.361123542,0.110108388,-0.722999531,0.283569462,0.835205612,-0.471143377,0.006622922,10985,104631.973745208,0.008358292,1,0.262329000,0.214670000,-0.687439000,0.055127303,-0.656627213,0.711775485,0.243263937,1,0.360878945,0.112169139,-0.813604270,0.055127303,-0.656627213,0.711775485,0.243263937
6.437099709,104631.994515125,vr_world,10986,104631.993182958,0.001332583,1,0.334978000,-0.020852000,-0.586015000,0.282133142,0.834067998,-0.474038937,0.004307202,1,0.361941609,0.109725609,-0.722564982,0.282133142,0.834067998,-0.474038937,0.004307202,10986,104631.993182958,0.001332583,1,0.263090000,0.213222000,-0.685993000,0.059041870,-0.654640025,0.710885241,0.250205256,1,0.360794314,0.112439888,-0.814184519,0.059041870,-0.654640025,0.710885241,0.250205256
6.449517042,104632.006932458,vr_world,10986,104631.993182958,0.013749833,1,0.334978000,-0.020852000,-0.586015000,0.282133142,0.834067998,-0.474038937,0.004307202,1,0.361941609,0.109725609,-0.722564982,0.282133142,0.834067998,-0.474038937,0.004307202,10986,104631.993182958,0.013749833,1,0.263090000,0.213222000,-0.685993000,0.059041870,-0.654640025,0.710885241,0.250205256,1,0.360794314,0.112439888,-0.814184519,0.059041870,-0.654640025,0.710885241,0.250205256
6.460405917,104632.017821333,vr_world,10987,104632.012357166,0.005464709,1,0.334950000,-0.021692200,-0.586196000,0.279926828,0.833401808,-0.476527994,0.001862247,1,0.362639209,0.109486134,-0.722023029,0.279926828,0.833401808,-0.476527994,0.001862247,10987,104632.012357166,0.005464709,1,0.263426000,0.212011000,-0.684731000,0.062387307,-0.652378562,0.711126220,0.254577170,1,0.360385872,0.112156642,-0.814207341,0.062387307,-0.652378562,0.711126220,0.254577170
6.472761209,104632.030176625,vr_world,10987,104632.012357166,0.017819834,1,0.334950000,-0.021692200,-0.586196000,0.279926828,0.833401808,-0.476527994,0.001862247,1,0.362639209,0.109486134,-0.722023029,0.279926828,0.833401808,-0.476527994,0.001862247,10987,104632.012357166,0.017819834,1,0.263426000,0.212011000,-0.684731000,0.062387307,-0.652378562,0.711126220,0.254577170,1,0.360385872,0.112156642,-0.814207341,0.062387307,-0.652378562,0.711126220,0.254577170
6.485172750,104632.042588166,vr_world,10988,104632.032487791,0.010100625,1,0.335544000,-0.023123900,-0.586720000,0.276109956,0.833016747,-0.479400558,-0.004636461,1,0.363636678,0.109478167,-0.721073858,0.276109956,0.833016747,-0.479400558,-0.004636461,10988,104632.032487791,0.010100625,1,0.265140000,0.209495000,-0.680960000,0.069428606,-0.646682294,0.710657855,0.268229553,1,0.359779104,0.112627666,-0.814363051,0.069428606,-0.646682294,0.710657855,0.268229553
6.497101792,104632.054517208,vr_world,10989,104632.052337000,0.002180708,1,0.335745000,-0.023667900,-0.587273000,0.275071660,0.832317736,-0.481129104,-0.009876938,1,0.363786000,0.109604367,-0.720972757,0.275071660,0.832317736,-0.481129104,-0.009876938,10989,104632.052337000,0.002180708,1,0.265204000,0.208168000,-0.679106000,0.075032571,-0.644238198,0.710088002,0.274047964,1,0.359262867,0.113004345,-0.814135841,0.075032571,-0.644238198,0.710088002,0.274047964
6.509499125,104632.066914541,vr_world,10989,104632.052337000,0.014578041,1,0.335745000,-0.023667900,-0.587273000,0.275071660,0.832317736,-0.481129104,-0.009876938,1,0.363786000,0.109604367,-0.720972757,0.275071660,0.832317736,-0.481129104,-0.009876938,10989,104632.052337000,0.014578041,1,0.265204000,0.208168000,-0.679106000,0.075032571,-0.644238198,0.710088002,0.274047964,1,0.359262867,0.113004345,-0.814135841,0.075032571,-0.644238198,0.710088002,0.274047964
6.521720042,104632.079135458,vr_world,10990,104632.072809875,0.006326125,1,0.335974000,-0.024553200,-0.588071000,0.275616712,0.830504840,-0.483738930,-0.017140178,1,0.363861974,0.109109327,-0.721412743,0.275616712,0.830504840,-0.483738930,-0.017140178,10990,104632.072809875,0.006326125,1,0.265242000,0.206317000,-0.676002000,0.085096678,-0.641086447,0.709451864,0.280079945,1,0.359187716,0.113413443,-0.812674540,0.085096678,-0.641086447,0.709451864,0.280079945
6.534132000,104632.091547416,vr_world,10991,104632.090598708,0.000949000,1,0.335719000,-0.024987200,-0.588667000,0.277650141,0.829297029,-0.484572025,-0.019151758,1,0.363433167,0.108291764,-0.722428505,0.277650141,0.829297029,-0.484572025,-0.019151758,10991,104632.090598708,0.000949000,1,0.266102000,0.205466000,-0.674668000,0.088743370,-0.637829300,0.711864358,0.280263331,1,0.359512050,0.112217180,-0.811472462,0.088743370,-0.637829300,0.711864358,0.280263331
6.545445584,104632.102861000,vr_world,10991,104632.090598708,0.012262750,1,0.335719000,-0.024987200,-0.588667000,0.277650141,0.829297029,-0.484572025,-0.019151758,1,0.363433167,0.108291764,-0.722428505,0.277650141,0.829297029,-0.484572025,-0.019151758,10991,104632.090598708,0.012262750,1,0.266102000,0.205466000,-0.674668000,0.088743370,-0.637829300,0.711864358,0.280263331,1,0.359512050,0.112217180,-0.811472462,0.088743370,-0.637829300,0.711864358,0.280263331
6.557712542,104632.115127958,vr_world,10992,104632.110410625,0.004717958,1,0.335074000,-0.025525300,-0.589352000,0.278689160,0.828395116,-0.485487207,-0.019901130,1,0.362918955,0.107471384,-0.723366879,0.278689160,0.828395116,-0.485487207,-0.019901130,10992,104632.110410625,0.004717958,1,0.266324000,0.204497000,-0.672723000,0.091555107,-0.636503489,0.712302947,0.281256967,1,0.359638234,0.111572533,-0.809813266,0.091555107,-0.636503489,0.712302947,0.281256967
6.570103250,104632.127518666,vr_world,10992,104632.110410625,0.017108625,1,0.335074000,-0.025525300,-0.589352000,0.278689160,0.828395116,-0.485487207,-0.019901130,1,0.362918955,0.107471384,-0.723366879,0.278689160,0.828395116,-0.485487207,-0.019901130,10992,104632.110410625,0.017108625,1,0.266324000,0.204497000,-0.672723000,0.091555107,-0.636503489,0.712302947,0.281256967,1,0.359638234,0.111572533,-0.809813266,0.091555107,-0.636503489,0.712302947,0.281256967
6.582427000,104632.139842416,vr_world,10993,104632.130027083,0.009816250,1,0.334231000,-0.026678300,-0.590833000,0.278761978,0.827442417,-0.486953792,-0.022512441,1,0.362231028,0.106428760,-0.724706004,0.278761978,0.827442417,-0.486953792,-0.022512441,10993,104632.130027083,0.009816250,1,0.266713000,0.203756000,-0.669855000,0.095243778,-0.635192204,0.713923073,0.278878706,1,0.360418456,0.110316294,-0.806326875,0.095243778,-0.635192204,0.713923073,0.278878706
6.594803584,104632.152219000,vr_world,10994,104632.149062208,0.003158000,1,0.333897000,-0.027604900,-0.591728000,0.277353766,0.828360010,-0.486023321,-0.025998360,1,0.361189120,0.106352149,-0.724897329,0.277353766,0.828360010,-0.486023321,-0.025998360,10994,104632.149062208,0.003158000,1,0.268464000,0.202578000,-0.668851000,0.096792540,-0.635762675,0.712544713,0.280565602,1,0.362446319,0.110016572,-0.805730186,0.096792540,-0.635762675,0.712544713,0.280565602
6.607205959,104632.164621375,vr_world,10994,104632.149062208,0.015559792,1,0.333897000,-0.027604900,-0.591728000,0.277353766,0.828360010,-0.486023321,-0.025998360,1,0.361189120,0.106352149,-0.724897329,0.277353766,0.828360010,-0.486023321,-0.025998360,10994,104632.149062208,0.015559792,1,0.268464000,0.202578000,-0.668851000,0.096792540,-0.635762675,0.712544713,0.280565602,1,0.362446319,0.110016572,-0.805730186,0.096792540,-0.635762675,0.712544713,0.280565602
6.619615042,104632.177030458,vr_world,10995,104632.168159541,0.008871375,1,0.333096000,-0.028876500,-0.592973000,0.276459253,0.828509937,-0.485886423,-0.032495384,1,0.359506046,0.106039891,-0.725349472,0.276459253,0.828509937,-0.485886423,-0.032495384,10995,104632.168159541,0.008871375,1,0.271222000,0.201414000,-0.665702000,0.093948015,-0.627542670,0.715297245,0.292769225,1,0.360739965,0.109736274,-0.806122539,0.093948015,-0.627542670,0.715297245,0.292769225
6.631977292,104632.189392708,vr_world,10996,104632.187501833,0.001891500,1,0.332535000,-0.029421700,-0.593469000,0.276931999,0.828369542,-0.485661939,-0.035285284,1,0.358427302,0.105707953,-0.725729923,0.276931999,0.828369542,-0.485661939,-0.035285284,10996,104632.187501833,0.001891500,1,0.273074000,0.200265000,-0.665245000,0.097219872,-0.625201383,0.712176645,0.304098591,1,0.361197419,0.111860880,-0.808615951,0.097219872,-0.625201383,0.712176645,0.304098591
6.644397334,104632.201812750,vr_world,10996,104632.187501833,0.014311583,1,0.332535000,-0.029421700,-0.593469000,0.276931999,0.828369542,-0.485661939,-0.035285284,1,0.358427302,0.105707953,-0.725729923,0.276931999,0.828369542,-0.485661939,-0.035285284,10996,104632.187501833,0.014311583,1,0.273074000,0.200265000,-0.665245000,0.097219872,-0.625201383,0.712176645,0.304098591,1,0.361197419,0.111860880,-0.808615951,0.097219872,-0.625201383,0.712176645,0.304098591
6.655051209,104632.212466625,vr_world,10997,104632.207242916,0.005224250,1,0.331843000,-0.029681000,-0.593910000,0.278634120,0.827179033,-0.486668332,-0.035941744,1,0.357848611,0.104983301,-0.726622723,0.278634120,0.827179033,-0.486668332,-0.035941744,10997,104632.207242916,0.005224250,1,0.275923000,0.199749000,-0.664740000,0.092277560,-0.617510600,0.716772247,0.310488417,1,0.359966682,0.110507044,-0.810028521,0.092277560,-0.617510600,0.716772247,0.310488417
6.667447875,104632.224863291,vr_world,10997,104632.207242916,0.017620834,1,0.331843000,-0.029681000,-0.593910000,0.278634120,0.827179033,-0.486668332,-0.035941744,1,0.357848611,0.104983301,-0.726622723,0.278634120,0.827179033,-0.486668332,-0.035941744,10997,104632.207242916,0.017620834,1,0.275923000,0.199749000,-0.664740000,0.092277560,-0.617510600,0.716772247,0.310488417,1,0.359966682,0.110507044,-0.810028521,0.092277560,-0.617510600,0.716772247,0.310488417
6.679855625,104632.237271041,vr_world,10998,104632.226999875,0.010271708,1,0.330540000,-0.030688800,-0.595073000,0.279266941,0.825725997,-0.488665375,-0.037318973,1,0.357027217,0.103745011,-0.727924114,0.279266941,0.825725997,-0.488665375,-0.037318973,10998,104632.226999875,0.010271708,1,0.279310000,0.197397000,-0.663216000,0.092779330,-0.610109104,0.716231671,0.325839026,1,0.359353132,0.111129733,-0.812505182,0.092779330,-0.610109104,0.716231671,0.325839026
6.692243584,104632.249659000,vr_world,10999,104632.246590583,0.003068833,1,0.330264000,-0.031198000,-0.595365000,0.279764163,0.825915208,-0.488014030,-0.037926105,1,0.356378061,0.103251366,-0.728274249,0.279764163,0.825915208,-0.488014030,-0.037926105,10999,104632.246590583,0.003068833,1,0.282588000,0.196124000,-0.663158000,0.091115407,-0.601053887,0.718317184,0.338308485,1,0.357989620,0.111352771,-0.815685564,0.091115407,-0.601053887,0.718317184,0.338308485
6.704647750,104632.262063166,vr_world,10999,104632.246590583,0.015472958,1,0.330264000,-0.031198000,-0.595365000,0.279764163,0.825915208,-0.488014030,-0.037926105,1,0.356378061,0.103251366,-0.728274249,0.279764163,0.825915208,-0.488014030,-0.037926105,10999,104632.246590583,0.015472958,1,0.282588000,0.196124000,-0.663158000,0.091115407,-0.601053887,0.718317184,0.338308485,1,0.357989620,0.111352771,-0.815685564,0.091115407,-0.601053887,0.718317184,0.338308485
6.717048709,104632.274464125,vr_world,11000,104632.265787291,0.008677292,1,0.329349000,-0.032232600,-0.595759000,0.281227968,0.825567888,-0.487614111,-0.039761423,1,0.354916286,0.102096107,-0.728896260,0.281227968,0.825567888,-0.487614111,-0.039761423,11000,104632.265787291,0.008677292,1,0.287960000,0.194156000,-0.663133000,0.085219161,-0.587021055,0.720823483,0.358549133,1,0.355436983,0.111820703,-0.820625887,0.085219161,-0.587021055,0.720823483,0.358549133
6.728259209,104632.285674625,vr_world,11001,104632.285400125,0.000274875,1,0.328858000,-0.032945500,-0.596007000,0.279862835,0.825963509,-0.487635321,-0.040900715,1,0.354411632,0.101849642,-0.728674630,0.279862835,0.825963509,-0.487635321,-0.040900715,11001,104632.285400125,0.000274875,1,0.288595000,0.191773000,-0.664243000,0.091242724,-0.593820233,0.709404254,0.368507667,1,0.358310947,0.115361326,-0.823733350,0.091242724,-0.593820233,0.709404254,0.368507667
6.740683750,104632.298099166,vr_world,11001,104632.285400125,0.012699375,1,0.328858000,-0.032945500,-0.596007000,0.279862835,0.825963509,-0.487635321,-0.040900715,1,0.354411632,0.101849642,-0.728674630,0.279862835,0.825963509,-0.487635321,-0.040900715,11001,104632.285400125,0.012699375,1,0.288595000,0.191773000,-0.664243000,0.091242724,-0.593820233,0.709404254,0.368507667,1,0.358310947,0.115361326,-0.823733350,0.091242724,-0.593820233,0.709404254,0.368507667
6.753096584,104632.310512000,vr_world,11002,104632.304463000,0.006049375,1,0.328587000,-0.033414100,-0.596214000,0.279018769,0.825817756,-0.488215867,-0.042647709,1,0.354198761,0.101719597,-0.728525706,0.279018769,0.825817756,-0.488215867,-0.042647709,11002,104632.304463000,0.006049375,1,0.289339000,0.194616000,-0.661552000,0.089601606,-0.588481941,0.717305662,0.362123108,1,0.357711966,0.114517043,-0.819809750,0.089601606,-0.588481941,0.717305662,0.362123108
6.765511875,104632.322927291,vr_world,11002,104632.304463000,0.018464916,1,0.328587000,-0.033414100,-0.596214000,0.279018769,0.825817756,-0.488215867,-0.042647709,1,0.354198761,0.101719597,-0.728525706,0.279018769,0.825817756,-0.488215867,-0.042647709,11002,104632.304463000,0.018464916,1,0.289339000,0.194616000,-0.661552000,0.089601606,-0.588481941,0.717305662,0.362123108,1,0.357711966,0.114517043,-0.819809750,0.089601606,-0.588481941,0.717305662,0.362123108
6.777049625,104632.334465041,vr_world,11003,104632.323998333,0.010467125,1,0.328134000,-0.034386000,-0.596521000,0.278310453,0.825626305,-0.488608316,-0.046329360,1,0.353460228,0.101283336,-0.728338673,0.278310453,0.825626305,-0.488608316,-0.046329360,11003,104632.323998333,0.010467125,1,0.291378000,0.194804000,-0.662041000,0.079442950,-0.587671624,0.724526161,0.351273002,1,0.358820398,0.109295538,-0.817848646,0.079442950,-0.587671624,0.724526161,0.351273002
6.789426209,104632.346841625,vr_world,11004,104632.342761500,0.004080583,1,0.327967000,-0.034699400,-0.596295000,0.278959768,0.824850768,-0.489358973,-0.048274778,1,0.353241309,0.100936708,-0.728156800,0.278959768,0.824850768,-0.489358973,-0.048274778,11004,104632.342761500,0.004080583,1,0.291879000,0.193989000,-0.661265000,0.083621055,-0.581991813,0.722306143,0.364097356,1,0.356784701,0.112132795,-0.820082578,0.083621055,-0.581991813,0.722306143,0.364097356
6.801839625,104632.359255041,vr_world,11004,104632.342761500,0.016493958,1,0.327967000,-0.034699400,-0.596295000,0.278959768,0.824850768,-0.489358973,-0.048274778,1,0.353241309,0.100936708,-0.728156800,0.278959768,0.824850768,-0.489358973,-0.048274778,11004,104632.342761500,0.016493958,1,0.291879000,0.193989000,-0.661265000,0.083621055,-0.581991813,0.722306143,0.364097356,1,0.356784701,0.112132795,-0.820082578,0.083621055,-0.581991813,0.722306143,0.364097356
6.814262250,104632.371677666,vr_world,11005,104632.361669250,0.010008958,1,0.327650000,-0.034990500,-0.596296000,0.278915514,0.824560657,-0.489772054,-0.049286855,1,0.352944865,0.100720278,-0.728076814,0.278915514,0.824560657,-0.489772054,-0.049286855,11005,104632.361669250,0.010008958,1,0.291821000,0.195246000,-0.661138000,0.082775157,-0.581740399,0.724084839,0.361147514,1,0.356810464,0.112209639,-0.819307493,0.082775157,-0.581740399,0.724084839,0.361147514
6.826678875,104632.384094291,vr_world,11006,104632.381179708,0.002915083,1,0.327216000,-0.035334700,-0.596296000,0.278419319,0.824485484,-0.490102187,-0.050062117,1,0.352578951,0.100546245,-0.727888394,0.278419319,0.824485484,-0.490102187,-0.050062117,11006,104632.381179708,0.002915083,1,0.292735000,0.194952000,-0.660814000,0.080152516,-0.582362530,0.723071609,0.362762879,1,0.357274877,0.112177142,-0.819304263,0.080152516,-0.582362530,0.723071609,0.362762879
6.839077250,104632.396492666,vr_world,11006,104632.381179708,0.015313500,1,0.327216000,-0.035334700,-0.596296000,0.278419319,0.824485484,-0.490102187,-0.050062117,1,0.352578951,0.100546245,-0.727888394,0.278419319,0.824485484,-0.490102187,-0.050062117,11006,104632.381179708,0.015313500,1,0.292735000,0.194952000,-0.660814000,0.080152516,-0.582362530,0.723071609,0.362762879,1,0.357274877,0.112177142,-0.819304263,0.080152516,-0.582362530,0.723071609,0.362762879
6.851463334,104632.408878750,vr_world,11007,104632.401082916,0.007796500,1,0.327237000,-0.035446200,-0.596173000,0.277705995,0.825069269,-0.489541782,-0.049889130,1,0.352489275,0.100655795,-0.727558022,0.277705995,0.825069269,-0.489541782,-0.049889130,11007,104632.401082916,0.007796500,1,0.291950000,0.194950000,-0.661632000,0.078243764,-0.585338614,0.720990289,0.362532238,1,0.357157547,0.112457721,-0.819996175,0.078243764,-0.585338614,0.720990289,0.362532238
6.863617750,104632.421033166,vr_world,11008,104632.420006375,0.001027375,1,0.327209000,-0.035459600,-0.596093000,0.276425540,0.825474261,-0.489563544,-0.050086947,1,0.352573029,0.100977297,-0.727108675,0.276425540,0.825474261,-0.489563544,-0.050086947,11008,104632.420006375,0.001027375,1,0.291239000,0.195118000,-0.662287000,0.077856586,-0.585717263,0.721958758,0.360068316,1,0.356776293,0.111826748,-0.820095941,0.077856586,-0.585717263,0.721958758,0.360068316
6.876018334,104632.433433750,vr_world,11008,104632.420006375,0.013427791,1,0.327209000,-0.035459600,-0.596093000,0.276425540,0.825474261,-0.489563544,-0.050086947,1,0.352573029,0.100977297,-0.727108675,0.276425540,0.825474261,-0.489563544,-0.050086947,11008,104632.420006375,0.013427791,1,0.291239000,0.195118000,-0.662287000,0.077856586,-0.585717263,0.721958758,0.360068316,1,0.356776293,0.111826748,-0.820095941,0.077856586,-0.585717263,0.721958758,0.360068316
6.888425959,104632.445841375,vr_world,11009,104632.439003708,0.006838208,1,0.327353000,-0.035336300,-0.596016000,0.276960437,0.825651198,-0.489025441,-0.049468521,1,0.352546799,0.100962171,-0.727208414,0.276960437,0.825651198,-0.489025441,-0.049468521,11009,104632.439003708,0.006838208,1,0.288839000,0.195443000,-0.663593000,0.079621451,-0.592036313,0.718377463,0.356492986,1,0.357194187,0.112685067,-0.820484287,0.079621451,-0.592036313,0.718377463,0.356492986
6.900833959,104632.458249375,vr_world,11009,104632.439003708,0.019246167,1,0.327353000,-0.035336300,-0.596016000,0.276960437,0.825651198,-0.489025441,-0.049468521,1,0.352546799,0.100962171,-0.727208414,0.276960437,0.825651198,-0.489025441,-0.049468521,11009,104632.439003708,0.019246167,1,0.288839000,0.195443000,-0.663593000,0.079621451,-0.592036313,0.718377463,0.356492986,1,0.357194187,0.112685067,-0.820484287,0.079621451,-0.592036313,0.718377463,0.356492986
6.913236167,104632.470651583,vr_world,11010,104632.458820708,0.011838333,1,0.327655000,-0.033945800,-0.595656000,0.277892665,0.826603562,-0.487103656,-0.047246665,1,0.352344500,0.102094495,-0.727211680,0.277892665,0.826603562,-0.487103656,-0.047246665,11010,104632.458820708,0.011838333,1,0.288071000,0.195656000,-0.663788000,0.081247580,-0.592475309,0.717454817,0.357254006,1,0.356780217,0.113511023,-0.820846873,0.081247580,-0.592475309,0.717454817,0.357254006
6.925422667,104632.482838083,vr_world,11011,104632.477782000,0.005056583,1,0.328392000,-0.031585200,-0.594755000,0.282052132,0.827763463,-0.483278655,-0.041182347,1,0.352086226,0.103168203,-0.727809685,0.282052132,0.827763463,-0.483278655,-0.041182347,11011,104632.477782000,0.005056583,1,0.286128000,0.196760000,-0.663775000,0.080567711,-0.590860076,0.717470864,0.360039962,1,0.353867566,0.115061577,-0.821486631,0.080567711,-0.590860076,0.717470864,0.360039962
6.937726209,104632.495141625,vr_world,11011,104632.477782000,0.017360125,1,0.328392000,-0.031585200,-0.594755000,0.282052132,0.827763463,-0.483278655,-0.041182347,1,0.352086226,0.103168203,-0.727809685,0.282052132,0.827763463,-0.483278655,-0.041182347,11011,104632.477782000,0.017360125,1,0.286128000,0.196760000,-0.663775000,0.080567711,-0.590860076,0.717470864,0.360039962,1,0.353867566,0.115061577,-0.821486631,0.080567711,-0.590860076,0.717470864,0.360039962
6.950125500,104632.507540916,vr_world,11012,104632.496873458,0.010667958,1,0.328907000,-0.029465700,-0.593883000,0.285172997,0.829168801,-0.479541785,-0.034570773,1,0.351847524,0.104158518,-0.728202437,0.285172997,0.829168801,-0.479541785,-0.034570773,11012,104632.496873458,0.010667958,1,0.282811000,0.199081000,-0.663715000,0.079703198,-0.593289499,0.718365374,0.354409592,1,0.351829419,0.115937295,-0.820111228,0.079703198,-0.593289499,0.718365374,0.354409592
6.962509959,104632.519925375,vr_world,11013,104632.516048750,0.003877125,1,0.329391000,-0.025447900,-0.592307000,0.290568835,0.831517963,-0.473054335,-0.019163142,1,0.351679008,0.105703244,-0.729150322,0.290568835,0.831517963,-0.473054335,-0.019163142,11013,104632.516048750,0.003877125,1,0.276189000,0.203513000,-0.663841000,0.074893315,-0.606095621,0.718438482,0.332994349,1,0.351012092,0.115754307,-0.814957345,0.074893315,-0.606095621,0.718438482,0.332994349
6.974879334,104632.532294750,vr_world,11013,104632.516048750,0.016246333,1,0.329391000,-0.025447900,-0.592307000,0.290568835,0.831517963,-0.473054335,-0.019163142,1,0.351679008,0.105703244,-0.729150322,0.290568835,0.831517963,-0.473054335,-0.019163142,11013,104632.516048750,0.016246333,1,0.276189000,0.203513000,-0.663841000,0.074893315,-0.606095621,0.718438482,0.332994349,1,0.351012092,0.115754307,-0.814957345,0.074893315,-0.606095621,0.718438482,0.332994349
6.985728667,104632.543144083,vr_world,11014,104632.536528500,0.006616541,1,0.329629000,-0.021992600,-0.591148000,0.295132580,0.833838915,-0.466469652,-0.003935413,1,0.351417751,0.106832460,-0.730262186,0.295132580,0.833838915,-0.466469652,-0.003935413,11014,104632.536528500,0.006616541,1,0.271787000,0.207486000,-0.665207000,0.068840205,-0.613133436,0.723701178,0.309168274,1,0.350559870,0.113215493,-0.810273054,0.068840205,-0.613133436,0.723701178,0.309168274
6.996453417,104632.553868833,vr_world,11014,104632.536528500,0.017341541,1,0.329629000,-0.021992600,-0.591148000,0.295132580,0.833838915,-0.466469652,-0.003935413,1,0.351417751,0.106832460,-0.730262186,0.295132580,0.833838915,-0.466469652,-0.003935413,11014,104632.536528500,0.017341541,1,0.271787000,0.207486000,-0.665207000,0.068840205,-0.613133436,0.723701178,0.309168274,1,0.350559870,0.113215493,-0.810273054,0.068840205,-0.613133436,0.723701178,0.309168274
7.008124000,104632.565539416,vr_world,11015,104632.556191541,0.009349042,1,0.330376000,-0.016639200,-0.589177000,0.302631449,0.837508519,-0.454514929,0.020245161,1,0.351087044,0.108362725,-0.731897045,0.302631449,0.837508519,-0.454514929,0.020245161,11015,104632.556191541,0.009349042,1,0.265308000,0.211702000,-0.665863000,0.059990437,-0.626676768,0.723356698,0.283606175,1,0.350029111,0.112218003,-0.803926479,0.059990437,-0.626676768,0.723356698,0.283606175
7.019914542,104632.577329958,vr_world,11016,104632.575129750,0.002201125,1,0.330865000,-0.013180200,-0.588041000,0.306806694,0.838638073,-0.448657231,0.035532018,1,0.351730843,0.109295824,-0.732912235,0.306806694,0.838638073,-0.448657231,0.035532018,11016,104632.575129750,0.002201125,1,0.261392000,0.213318000,-0.666711000,0.058956244,-0.637522821,0.718019593,0.273014064,1,0.350809057,0.113689877,-0.801674169,0.058956244,-0.637522821,0.718019593,0.273014064
7.032306042,104632.589721458,vr_world,11016,104632.575129750,0.014592291,1,0.330865000,-0.013180200,-0.588041000,0.306806694,0.838638073,-0.448657231,0.035532018,1,0.351730843,0.109295824,-0.732912235,0.306806694,0.838638073,-0.448657231,0.035532018,11016,104632.575129750,0.014592291,1,0.261392000,0.213318000,-0.666711000,0.058956244,-0.637522821,0.718019593,0.273014064,1,0.350809057,0.113689877,-0.801674169,0.058956244,-0.637522821,0.718019593,0.273014064
7.043501167,104632.600916583,vr_world,11017,104632.594127458,0.006789750,1,0.331512000,-0.009979450,-0.587321000,0.309982620,0.839185475,-0.444229119,0.048363249,1,0.352807229,0.110373572,-0.733899043,0.309982620,0.839185475,-0.444229119,0.048363249,11017,104632.594127458,0.006789750,1,0.258599000,0.215269000,-0.667957000,0.057703366,-0.643115798,0.715945931,0.265506717,1,0.350545238,0.114996943,-0.800726094,0.057703366,-0.643115798,0.715945931,0.265506717
7.055887084,104632.613302500,vr_world,11017,104632.594127458,0.019175542,1,0.331512000,-0.009979450,-0.587321000,0.309982620,0.839185475,-0.444229119,0.048363249,1,0.352807229,0.110373572,-0.733899043,0.309982620,0.839185475,-0.444229119,0.048363249,11017,104632.594127458,0.019175542,1,0.258599000,0.215269000,-0.667957000,0.057703366,-0.643115798,0.715945931,0.265506717,1,0.350545238,0.114996943,-0.800726094,0.057703366,-0.643115798,0.715945931,0.265506717
7.068010125,104632.625425541,vr_world,11018,104632.613785500,0.011640666,1,0.333272000,-0.004247320,-0.586190000,0.316394366,0.840835164,-0.433751201,0.068925521,1,0.354152354,0.112465096,-0.735741559,0.316394366,0.840835164,-0.433751201,0.068925521,11018,104632.613785500,0.011640666,1,0.254185000,0.218479000,-0.669965000,0.054122705,-0.651620594,0.713526609,0.251676605,1,0.349990771,0.116519268,-0.798657241,0.054122705,-0.651620594,0.713526609,0.251676605
7.080433834,104632.637849250,vr_world,11019,104632.633349000,0.004500500,1,0.334954000,-0.001684210,-0.585952000,0.317060719,0.844966037,-0.424443453,0.073161827,1,0.353300897,0.114937367,-0.735906060,0.317060719,0.844966037,-0.424443453,0.073161827,11019,104632.633349000,0.004500500,1,0.253396000,0.219775000,-0.670654000,0.049855889,-0.654350721,0.711139742,0.252229639,1,0.349473033,0.118201824,-0.799449481,0.049855889,-0.654350721,0.711139742,0.252229639
7.092590959,104632.650006375,vr_world,11019,104632.633349000,0.016657708,1,0.334954000,-0.001684210,-0.585952000,0.317060719,0.844966037,-0.424443453,0.073161827,1,0.353300897,0.114937367,-0.735906060,0.317060719,0.844966037,-0.424443453,0.073161827,11019,104632.633349000,0.016657708,1,0.253396000,0.219775000,-0.670654000,0.049855889,-0.654350721,0.711139742,0.252229639,1,0.349473033,0.118201824,-0.799449481,0.049855889,-0.654350721,0.711139742,0.252229639
7.104997375,104632.662412791,vr_world,11020,104632.653069291,0.009343792,1,0.337564000,0.003302300,-0.585198000,0.316357109,0.853034462,-0.406708094,0.082697719,1,0.351541337,0.119959928,-0.735594299,0.316357109,0.853034462,-0.406708094,0.082697719,11020,104632.653069291,0.009343792,1,0.251465000,0.222698000,-0.672456000,0.041478108,-0.660950620,0.707270537,0.247370636,1,0.349157475,0.120764239,-0.799742718,0.041478108,-0.660950620,0.707270537,0.247370636
7.117409834,104632.674825250,vr_world,11021,104632.673084375,0.001741250,1,0.338789000,0.006809640,-0.584835000,0.314209091,0.857923298,-0.397486073,0.085118056,1,0.350123356,0.124230941,-0.734858988,0.314209091,0.857923298,-0.397486073,0.085118056,11021,104632.673084375,0.001741250,1,0.251118000,0.224826000,-0.673511000,0.033238320,-0.663841377,0.705119536,0.247014736,1,0.348712893,0.122619335,-0.800653766,0.033238320,-0.663841377,0.705119536,0.247014736
7.129821459,104632.687236875,vr_world,11021,104632.673084375,0.014152875,1,0.338789000,0.006809640,-0.584835000,0.314209091,0.857923298,-0.397486073,0.085118056,1,0.350123356,0.124230941,-0.734858988,0.314209091,0.857923298,-0.397486073,0.085118056,11021,104632.673084375,0.014152875,1,0.251118000,0.224826000,-0.673511000,0.033238320,-0.663841377,0.705119536,0.247014736,1,0.348712893,0.122619335,-0.800653766,0.033238320,-0.663841377,0.705119536,0.247014736
7.142214917,104632.699630333,vr_world,11022,104632.693424916,0.006205750,1,0.339483000,0.010509800,-0.584195000,0.313878478,0.860746330,-0.390427453,0.090346333,1,0.349389925,0.127665933,-0.734526974,0.313878478,0.860746330,-0.390427453,0.090346333,11022,104632.693424916,0.006205750,1,0.250884000,0.227437000,-0.674986000,0.024120447,-0.663046172,0.707366805,0.243762552,1,0.347347262,0.123000003,-0.801176142,0.024120447,-0.663046172,0.707366805,0.243762552
7.153733959,104632.711149375,vr_world,11022,104632.693424916,0.017724959,1,0.339483000,0.010509800,-0.584195000,0.313878478,0.860746330,-0.390427453,0.090346333,1,0.349389925,0.127665933,-0.734526974,0.313878478,0.860746330,-0.390427453,0.090346333,11022,104632.693424916,0.017724959,1,0.250884000,0.227437000,-0.674986000,0.024120447,-0.663046172,0.707366805,0.243762552,1,0.347347262,0.123000003,-0.801176142,0.024120447,-0.663046172,0.707366805,0.243762552
7.166125292,104632.723540708,vr_world,11023,104632.712618708,0.010922542,1,0.342173000,0.020032000,-0.584569000,0.316801357,0.863008345,-0.379318415,0.104742716,1,0.350955243,0.134912675,-0.736716222,0.316801357,0.863008345,-0.379318415,0.104742716,11023,104632.712618708,0.010922542,1,0.250375000,0.231305000,-0.677241000,0.008908276,-0.661799117,0.710462805,0.239134217,1,0.344953417,0.123459398,-0.801982664,0.008908276,-0.661799117,0.710462805,0.239134217
7.177013709,104632.734429125,vr_world,11024,104632.731888916,0.002540792,1,0.343618000,0.026129300,-0.584473000,0.327167731,0.860683867,-0.372388747,0.116237593,1,0.351916547,0.136597915,-0.739879849,0.327167731,0.860683867,-0.372388747,0.116237593,11024,104632.731888916,0.002540792,1,0.249765000,0.233325000,-0.677978000,0.002668417,-0.662747650,0.709221811,0.240339043,1,0.343743488,0.125299027,-0.803016625,0.002668417,-0.662747650,0.709221811,0.240339043
7.189422459,104632.746837875,vr_world,11024,104632.731888916,0.014949542,1,0.343618000,0.026129300,-0.584473000,0.327167731,0.860683867,-0.372388747,0.116237593,1,0.351916547,0.136597915,-0.739879849,0.327167731,0.860683867,-0.372388747,0.116237593,11024,104632.731888916,0.014949542,1,0.249765000,0.233325000,-0.677978000,0.002668417,-0.662747650,0.709221811,0.240339043,1,0.343743488,0.125299027,-0.803016625,0.002668417,-0.662747650,0.709221811,0.240339043
7.201820250,104632.759235666,vr_world,11025,104632.751283000,0.007953166,1,0.345830000,0.036330100,-0.584551000,0.340618989,0.859443424,-0.356380061,0.135384479,1,0.352271704,0.140450206,-0.744366340,0.340618989,0.859443424,-0.356380061,0.135384479,11025,104632.751283000,0.007953166,1,0.247702000,0.238214000,-0.680496000,0.012129964,0.667245204,-0.707421717,-0.232790068,1,0.342317220,0.128030179,-0.803148843,0.012129964,0.667245204,-0.707421717,-0.232790068
7.214229084,104632.771644500,vr_world,11026,104632.770587208,0.001057958,1,0.346550000,0.042989700,-0.585486000,0.350142580,0.858218924,-0.345216098,0.147262682,1,0.351588741,0.142618689,-0.748188530,0.350142580,0.858218924,-0.345216098,0.147262682,11026,104632.770587208,0.001057958,1,0.246522000,0.241002000,-0.682486000,0.020089020,0.669127551,-0.707724771,-0.225810541,1,0.341689696,0.128896957,-0.802950923,0.020089020,0.669127551,-0.707724771,-0.225810541
7.226641084,104632.784056500,vr_world,11026,104632.770587208,0.013469625,1,0.346550000,0.042989700,-0.585486000,0.350142580,0.858218924,-0.345216098,0.147262682,1,0.351588741,0.142618689,-0.748188530,0.350142580,0.858218924,-0.345216098,0.147262682,11026,104632.770587208,0.013469625,1,0.246522000,0.241002000,-0.682486000,0.020089020,0.669127551,-0.707724771,-0.225810541,1,0.341689696,0.128896957,-0.802950923,0.020089020,0.669127551,-0.707724771,-0.225810541
7.239049709,104632.796465125,vr_world,11027,104632.791009083,0.005456625,1,0.346614000,0.049229200,-0.586380000,0.359053057,0.856229923,-0.335594991,0.159145293,1,0.350950212,0.144407393,-0.751745511,0.359053057,0.856229923,-0.335594991,0.159145293,11027,104632.791009083,0.005456625,1,0.245545000,0.242397000,-0.683503000,0.024671759,0.671251904,-0.705016576,-0.227516622,1,0.340722236,0.130822668,-0.804452132,0.024671759,0.671251904,-0.705016576,-0.227516622
7.251457750,104632.808873166,vr_world,11027,104632.791009083,0.017864500,1,0.346614000,0.049229200,-0.586380000,0.359053057,0.856229923,-0.335594991,0.159145293,1,0.350950212,0.144407393,-0.751745511,0.359053057,0.856229923,-0.335594991,0.159145293,11027,104632.791009083,0.017864500,1,0.245545000,0.242397000,-0.683503000,0.024671759,0.671251904,-0.705016576,-0.227516622,1,0.340722236,0.130822668,-0.804452132,0.024671759,0.671251904,-0.705016576,-0.227516622
7.261735125,104632.819150541,vr_world,11028,104632.810430958,0.008720167,1,0.347286000,0.060463800,-0.588230000,0.372410771,0.852822632,-0.319039460,0.179492616,1,0.350810432,0.148376495,-0.757588644,0.372410771,0.852822632,-0.319039460,0.179492616,11028,104632.810430958,0.008720167,1,0.243368000,0.245843000,-0.685515000,0.032085777,0.675172634,-0.699874225,-0.230842991,1,0.338655429,0.135426942,-0.807436319,0.032085777,0.675172634,-0.699874225,-0.230842991
7.274145209,104632.831560625,vr_world,11029,104632.830393041,0.001167917,1,0.346782000,0.065962400,-0.590060000,0.379977750,0.851862365,-0.307624807,0.187921258,1,0.348615758,0.150000002,-0.761401028,0.379977750,0.851862365,-0.307624807,0.187921258,11029,104632.830393041,0.001167917,1,0.241675000,0.247791000,-0.686901000,0.032851128,0.677831272,-0.696559261,-0.232960870,1,0.337529793,0.138623262,-0.809499795,0.032851128,0.677831272,-0.696559261,-0.232960870
7.286558209,104632.843973625,vr_world,11029,104632.830393041,0.013581125,1,0.346782000,0.065962400,-0.590060000,0.379977750,0.851862365,-0.307624807,0.187921258,1,0.348615758,0.150000002,-0.761401028,0.379977750,0.851862365,-0.307624807,0.187921258,11029,104632.830393041,0.013581125,1,0.241675000,0.247791000,-0.686901000,0.032851128,0.677831272,-0.696559261,-0.232960870,1,0.337529793,0.138623262,-0.809499795,0.032851128,0.677831272,-0.696559261,-0.232960870
7.296901334,104632.854316750,vr_world,11030,104632.849715791,0.004601667,1,0.346279000,0.075785500,-0.593247000,0.391685481,0.851162363,-0.281905623,0.206480838,1,0.344728235,0.152635502,-0.767932819,0.391685481,0.851162363,-0.281905623,0.206480838,11030,104632.849715791,0.004601667,1,0.238599000,0.251847000,-0.689126000,0.039111916,0.680168900,-0.694027462,-0.232736776,1,0.334585428,0.142686875,-0.811628698,0.039111916,0.680168900,-0.694027462,-0.232736776
7.309331459,104632.866746875,vr_world,11030,104632.849715791,0.017031709,1,0.346279000,0.075785500,-0.593247000,0.391685481,0.851162363,-0.281905623,0.206480838,1,0.344728235,0.152635502,-0.767932819,0.391685481,0.851162363,-0.281905623,0.206480838,11030,104632.849715791,0.017031709,1,0.238599000,0.251847000,-0.689126000,0.039111916,0.680168900,-0.694027462,-0.232736776,1,0.334585428,0.142686875,-0.811628698,0.039111916,0.680168900,-0.694027462,-0.232736776
7.320599000,104632.878014416,vr_world,11031,104632.869908833,0.008105958,1,0.344483000,0.080354800,-0.596231000,0.393972480,0.850191782,-0.271379877,0.219801233,1,0.343281392,0.154272851,-0.772180250,0.393972480,0.850191782,-0.271379877,0.219801233,11031,104632.869908833,0.008105958,1,0.236626000,0.253702000,-0.690320000,0.042629696,0.681156142,-0.693688812,-0.230227822,1,0.332887064,0.143913263,-0.812042987,0.042629696,0.681156142,-0.693688812,-0.230227822
7.332973042,104632.890388458,vr_world,11032,104632.889648000,0.000740791,1,0.342223000,0.090079600,-0.600957000,0.404205571,0.844024166,-0.251859510,0.246592480,1,0.342628656,0.155916749,-0.780090267,0.404205571,0.844024166,-0.251859510,0.246592480,11032,104632.889648000,0.000740791,1,0.233262000,0.256840000,-0.692060000,0.049255840,0.683151399,-0.691446010,-0.229739947,1,0.329553835,0.146875725,-0.813599939,0.049255840,0.683151399,-0.691446010,-0.229739947
7.344565709,104632.901981125,vr_world,11032,104632.889648000,0.012333458,1,0.342223000,0.090079600,-0.600957000,0.404205571,0.844024166,-0.251859510,0.246592480,1,0.342628656,0.155916749,-0.780090267,0.404205571,0.844024166,-0.251859510,0.246592480,11032,104632.889648000,0.012333458,1,0.233262000,0.256840000,-0.692060000,0.049255840,0.683151399,-0.691446010,-0.229739947,1,0.329553835,0.146875725,-0.813599939,0.049255840,0.683151399,-0.691446010,-0.229739947
7.356912542,104632.914327958,vr_world,11033,104632.908817958,0.005510500,1,0.340803000,0.094917500,-0.604402000,0.411646201,0.839993716,-0.240062491,0.259476325,1,0.341530902,0.155704355,-0.785310456,0.411646201,0.839993716,-0.240062491,0.259476325,11033,104632.908817958,0.005510500,1,0.231251000,0.258271000,-0.693067000,0.051032961,0.684229260,-0.690695421,-0.228398318,1,0.327899538,0.148175890,-0.814204842,0.051032961,0.684229260,-0.690695421,-0.228398318
7.367065209,104632.924480625,vr_world,11033,104632.908817958,0.015663250,1,0.340803000,0.094917500,-0.604402000,0.411646201,0.839993716,-0.240062491,0.259476325,1,0.341530902,0.155704355,-0.785310456,0.411646201,0.839993716,-0.240062491,0.259476325,11033,104632.908817958,0.015663250,1,0.231251000,0.258271000,-0.693067000,0.051032961,0.684229260,-0.690695421,-0.228398318,1,0.327899538,0.148175890,-0.814204842,0.051032961,0.684229260,-0.690695421,-0.228398318
7.377725042,104632.935140458,vr_world,11034,104632.928002458,0.007138417,1,0.339426000,0.099477300,-0.608004000,0.417927047,0.836430054,-0.227691778,0.271805448,1,0.340336929,0.155593296,-0.790414614,0.417927047,0.836430054,-0.227691778,0.271805448,11034,104632.928002458,0.007138417,1,0.229381000,0.259651000,-0.694006000,0.052138637,0.685002416,-0.689987471,-0.227970485,1,0.326234054,0.149600126,-0.815020536,0.052138637,0.685002416,-0.689987471,-0.227970485
7.390121792,104632.947537208,vr_world,11035,104632.947428125,0.000109375,1,0.336486000,0.107831000,-0.614361000,0.429387247,0.827041822,-0.208846308,0.296667553,1,0.339961377,0.155111320,-0.799228435,0.429387247,0.827041822,-0.208846308,0.296667553,11035,104632.947428125,0.000109375,1,0.226212000,0.261704000,-0.695618000,0.054337980,0.686971795,-0.687907495,-0.227816627,1,0.323529290,0.152041839,-0.816612940,0.054337980,0.686971795,-0.687907495,-0.227816627
7.402521292,104632.959936708,vr_world,11035,104632.947428125,0.012509000,1,0.336486000,0.107831000,-0.614361000,0.429387247,0.827041822,-0.208846308,0.296667553,1,0.339961377,0.155111320,-0.799228435,0.429387247,0.827041822,-0.208846308,0.296667553,11035,104632.947428125,0.012509000,1,0.226212000,0.261704000,-0.695618000,0.054337980,0.686971795,-0.687907495,-0.227816627,1,0.323529290,0.152041839,-0.816612940,0.054337980,0.686971795,-0.687907495,-0.227816627
7.414316834,104632.971732250,vr_world,11036,104632.967000500,0.004732125,1,0.334698000,0.111674000,-0.618205000,0.434544244,0.822611190,-0.200163495,0.307273014,1,0.339290290,0.154966598,-0.804022322,0.434544244,0.822611190,-0.200163495,0.307273014,11036,104632.967000500,0.004732125,1,0.225147000,0.262377000,-0.696057000,0.054746306,0.686691512,-0.687352418,-0.230226547,1,0.322004423,0.153105360,-0.817772033,0.054746306,0.686691512,-0.687352418,-0.230226547
7.426652667,104632.984068083,vr_world,11036,104632.967000500,0.017067958,1,0.334698000,0.111674000,-0.618205000,0.434544244,0.822611190,-0.200163495,0.307273014,1,0.339290290,0.154966598,-0.804022322,0.434544244,0.822611190,-0.200163495,0.307273014,11036,104632.967000500,0.017067958,1,0.225147000,0.262377000,-0.696057000,0.054746306,0.686691512,-0.687352418,-0.230226547,1,0.322004423,0.153105360,-0.817772033,0.054746306,0.686691512,-0.687352418,-0.230226547
7.439040917,104632.996456333,vr_world,11037,104632.986054833,0.010402000,1,0.333074000,0.115362000,-0.621703000,0.441472355,0.817642977,-0.189772111,0.317094101,1,0.338253254,0.153897680,-0.808549478,0.441472355,0.817642977,-0.189772111,0.317094101,11037,104632.986054833,0.010402000,1,0.223810000,0.263059000,-0.696519000,0.055356083,0.687607356,-0.686112135,-0.231045376,1,0.320806978,0.154209835,-0.818501227,0.055356083,0.687607356,-0.686112135,-0.231045376
7.449738459,104633.007153875,vr_world,11038,104633.004752166,0.002402250,1,0.329230000,0.122075000,-0.627415000,0.450845340,0.805573426,-0.176717237,0.341410243,1,0.339356949,0.152700145,-0.815518627,0.450845340,0.805573426,-0.176717237,0.341410243,11038,104633.004752166,0.002402250,1,0.221331000,0.264794000,-0.697686000,0.057946895,0.688323756,-0.685792391,-0.229219022,1,0.318544921,0.155507962,-0.819103816,0.057946895,0.688323756,-0.685792391,-0.229219022
7.460678209,104633.018093625,vr_world,11038,104633.004752166,0.013342042,1,0.329230000,0.122075000,-0.627415000,0.450845340,0.805573426,-0.176717237,0.341410243,1,0.339356949,0.152700145,-0.815518627,0.450845340,0.805573426,-0.176717237,0.341410243,11038,104633.004752166,0.013342042,1,0.221331000,0.264794000,-0.697686000,0.057946895,0.688323756,-0.685792391,-0.229219022,1,0.318544921,0.155507962,-0.819103816,0.057946895,0.688323756,-0.685792391,-0.229219022
7.471065209,104633.028480625,vr_world,11039,104633.024569916,0.003911084,1,0.327337000,0.124204000,-0.631123000,0.452649020,0.798245121,-0.177709761,0.355433302,1,0.342492651,0.152325509,-0.819279684,0.452649020,0.798245121,-0.177709761,0.355433302,11039,104633.024569916,0.003911084,1,0.220372000,0.265308000,-0.698499000,0.059874738,0.687835980,-0.687372789,-0.225422557,1,0.317725747,0.154829875,-0.818719862,0.059874738,0.687835980,-0.687372789,-0.225422557
7.481722917,104633.039138333,vr_world,11039,104633.024569916,0.014568959,1,0.327337000,0.124204000,-0.631123000,0.452649020,0.798245121,-0.177709761,0.355433302,1,0.342492651,0.152325509,-0.819279684,0.452649020,0.798245121,-0.177709761,0.355433302,11039,104633.024569916,0.014568959,1,0.220372000,0.265308000,-0.698499000,0.059874738,0.687835980,-0.687372789,-0.225422557,1,0.317725747,0.154829875,-0.818719862,0.059874738,0.687835980,-0.687372789,-0.225422557
7.493692792,104633.051108208,vr_world,11040,104633.043452333,0.007671833,1,0.325078000,0.128814000,-0.635445000,0.460079073,0.788981794,-0.167442114,0.371211683,1,0.343415659,0.151057445,-0.824104491,0.460079073,0.788981794,-0.167442114,0.371211683,11040,104633.043452333,0.007671833,1,0.218786000,0.265986000,-0.699641000,0.062231249,0.687798431,-0.687930131,-0.223187644,1,0.316182640,0.154770199,-0.819144803,0.062231249,0.687798431,-0.687930131,-0.223187644
7.506105334,104633.063520750,vr_world,11041,104633.062893125,0.000629500,1,0.324274000,0.129948000,-0.636950000,0.461840952,0.788201327,-0.164709048,0.371903929,1,0.342267768,0.151165869,-0.825760743,0.461840952,0.788201327,-0.164709048,0.371903929,11041,104633.062893125,0.000629500,1,0.218349000,0.266092000,-0.700051000,0.062303957,0.687100119,-0.688547368,-0.223414784,1,0.315467264,0.154682455,-0.819601102,0.062303957,0.687100119,-0.688547368,-0.223414784
7.518304084,104633.075719500,vr_world,11041,104633.062893125,0.012827458,1,0.324274000,0.129948000,-0.636950000,0.461840952,0.788201327,-0.164709048,0.371903929,1,0.342267768,0.151165869,-0.825760743,0.461840952,0.788201327,-0.164709048,0.371903929,11041,104633.062893125,0.012827458,1,0.218349000,0.266092000,-0.700051000,0.062303957,0.687100119,-0.688547368,-0.223414784,1,0.315467264,0.154682455,-0.819601102,0.062303957,0.687100119,-0.688547368,-0.223414784
7.530070625,104633.087486041,vr_world,11042,104633.082677833,0.004808875,1,0.323869000,0.130223000,-0.638044000,0.461499368,0.787898152,-0.169908476,0.370629121,1,0.342652478,0.152129312,-0.826699055,0.461499368,0.787898152,-0.169908476,0.370629121,11042,104633.082677833,0.004808875,1,0.217761000,0.266349000,-0.700864000,0.062429922,0.685889384,-0.690378265,-0.221440980,1,0.314710683,0.154102915,-0.819766431,0.062429922,0.685889384,-0.690378265,-0.221440980
7.542462000,104633.099877416,vr_world,11042,104633.082677833,0.017200042,1,0.323869000,0.130223000,-0.638044000,0.461499368,0.787898152,-0.169908476,0.370629121,1,0.342652478,0.152129312,-0.826699055,0.461499368,0.787898152,-0.169908476,0.370629121,11042,104633.082677833,0.017200042,1,0.217761000,0.266349000,-0.700864000,0.062429922,0.685889384,-0.690378265,-0.221440980,1,0.314710683,0.154102915,-0.819766431,0.062429922,0.685889384,-0.690378265,-0.221440980
7.554868959,104633.112284375,vr_world,11043,104633.103715458,0.008570083,1,0.326302000,0.132550000,-0.641617000,0.464617974,0.790933170,-0.173623211,0.358343187,1,0.341863308,0.155048054,-0.830495597,0.464617974,0.790933170,-0.173623211,0.358343187,11043,104633.103715458,0.008570083,1,0.216747000,0.266132000,-0.702231000,0.061994373,0.687267420,-0.689816431,-0.219028496,1,0.314536587,0.153882387,-0.820440482,0.061994373,0.687267420,-0.689816431,-0.219028496
7.567058959,104633.124474375,vr_world,11044,104633.121519625,0.002955208,1,0.327728000,0.133951000,-0.639006000,0.471549839,0.791294611,-0.184159080,0.342897975,1,0.340823253,0.156366972,-0.828081275,0.471549839,0.791294611,-0.184159080,0.342897975,11044,104633.121519625,0.002955208,1,0.216904000,0.265489000,-0.702789000,0.061476555,0.689307501,-0.687324605,-0.220591683,1,0.315243092,0.154309393,-0.821552483,0.061476555,0.689307501,-0.687324605,-0.220591683
7.579449917,104633.136865333,vr_world,11044,104633.121519625,0.015346083,1,0.327728000,0.133951000,-0.639006000,0.471549839,0.791294611,-0.184159080,0.342897975,1,0.340823253,0.156366972,-0.828081275,0.471549839,0.791294611,-0.184159080,0.342897975,11044,104633.121519625,0.015346083,1,0.216904000,0.265489000,-0.702789000,0.061476555,0.689307501,-0.687324605,-0.220591683,1,0.315243092,0.154309393,-0.821552483,0.061476555,0.689307501,-0.687324605,-0.220591683
7.590582959,104633.147998375,vr_world,11045,104633.141122083,0.006877125,1,0.329689000,0.134054000,-0.637055000,0.473793635,0.792028133,-0.207521923,0.324261744,1,0.342460633,0.159532448,-0.825764259,0.473793635,0.792028133,-0.207521923,0.324261744,11045,104633.141122083,0.006877125,1,0.217280000,0.265245000,-0.703889000,0.062864823,0.689089535,-0.686864171,-0.222308878,1,0.315173775,0.154211666,-0.823156062,0.062864823,0.689089535,-0.686864171,-0.222308878
7.602923250,104633.160338666,vr_world,11045,104633.141122083,0.019217542,1,0.329689000,0.134054000,-0.637055000,0.473793635,0.792028133,-0.207521923,0.324261744,1,0.342460633,0.159532448,-0.825764259,0.473793635,0.792028133,-0.207521923,0.324261744,11045,104633.141122083,0.019217542,1,0.217280000,0.265245000,-0.703889000,0.062864823,0.689089535,-0.686864171,-0.222308878,1,0.315173775,0.154211666,-0.823156062,0.062864823,0.689089535,-0.686864171,-0.222308878
7.615278334,104633.172693750,vr_world,11046,104633.160913958,0.011780125,1,0.331719000,0.131918000,-0.635051000,0.475395962,0.792226463,-0.218501102,0.314059198,1,0.343987499,0.158744314,-0.823606749,0.475395962,0.792226463,-0.218501102,0.314059198,11046,104633.160913958,0.011780125,1,0.217425000,0.265350000,-0.704363000,0.064252379,0.687623452,-0.688009130,-0.222910424,1,0.314592323,0.153806716,-0.823748330,0.064252379,0.687623452,-0.688009130,-0.222910424
7.627016584,104633.184432000,vr_world,11047,104633.180365833,0.004072000,1,0.334745000,0.130090000,-0.633686000,0.472291600,0.797559314,-0.228751553,0.297510526,1,0.344335656,0.161069997,-0.821759577,0.472291600,0.797559314,-0.228751553,0.297510526,11047,104633.180365833,0.004072000,1,0.217305000,0.265293000,-0.704934000,0.065167190,0.688682359,-0.687422780,-0.221178137,1,0.314976402,0.153645315,-0.823809217,0.065167190,0.688682359,-0.687422780,-0.221178137
7.639397417,104633.196812833,vr_world,11047,104633.180365833,0.016447958,1,0.334745000,0.130090000,-0.633686000,0.472291600,0.797559314,-0.228751553,0.297510526,1,0.344335656,0.161069997,-0.821759577,0.472291600,0.797559314,-0.228751553,0.297510526,11047,104633.180365833,0.016447958,1,0.217305000,0.265293000,-0.704934000,0.065167190,0.688682359,-0.687422780,-0.221178137,1,0.314976402,0.153645315,-0.823809217,0.065167190,0.688682359,-0.687422780,-0.221178137
7.651770042,104633.209185458,vr_world,11048,104633.199145666,0.010040375,1,0.339961000,0.127782000,-0.632101000,0.472412614,0.800340087,-0.252024114,0.269751578,1,0.347122451,0.163684095,-0.819406157,0.472412614,0.800340087,-0.252024114,0.269751578,11048,104633.199145666,0.010040375,1,0.217443000,0.265018000,-0.705828000,0.067492855,0.690928681,-0.685611635,-0.219086646,1,0.315934992,0.153454403,-0.824103646,0.067492855,0.690928681,-0.685611635,-0.219086646
7.663058000,104633.220473416,vr_world,11049,104633.218267000,0.002207041,1,0.343103000,0.126179000,-0.630507000,0.476901654,0.798933427,-0.266583485,0.251402936,1,0.348660071,0.163410984,-0.817606918,0.476901654,0.798933427,-0.266583485,0.251402936,11049,104633.218267000,0.002207041,1,0.218059000,0.265034000,-0.705881000,0.070383406,0.691228527,-0.685448671,-0.217737043,1,0.316549248,0.152999049,-0.823711581,0.070383406,0.691228527,-0.685448671,-0.217737043
7.675448667,104633.232864083,vr_world,11049,104633.218267000,0.014599125,1,0.343103000,0.126179000,-0.630507000,0.476901654,0.798933427,-0.266583485,0.251402936,1,0.348660071,0.163410984,-0.817606918,0.476901654,0.798933427,-0.266583485,0.251402936,11049,104633.218267000,0.014599125,1,0.218059000,0.265034000,-0.705881000,0.070383406,0.691228527,-0.685448671,-0.217737043,1,0.316549248,0.152999049,-0.823711581,0.070383406,0.691228527,-0.685448671,-0.217737043
7.687861125,104633.245276541,vr_world,11050,104633.237916583,0.007360625,1,0.349221000,0.123469000,-0.630289000,0.486718373,0.793259592,-0.297643752,0.212726685,1,0.351949893,0.163142139,-0.816949083,0.486718373,0.793259592,-0.297643752,0.212726685,11050,104633.237916583,0.007360625,1,0.219120000,0.265021000,-0.706263000,0.074127122,0.690077916,-0.686758907,-0.216008898,1,0.317080083,0.151864401,-0.823462158,0.074127122,0.690077916,-0.686758907,-0.216008898
7.700260250,104633.257675666,vr_world,11050,104633.237916583,0.019759583,1,0.349221000,0.123469000,-0.630289000,0.486718373,0.793259592,-0.297643752,0.212726685,1,0.351949893,0.163142139,-0.816949083,0.486718373,0.793259592,-0.297643752,0.212726685,11050,104633.237916583,0.019759583,1,0.219120000,0.265021000,-0.706263000,0.074127122,0.690077916,-0.686758907,-0.216008898,1,0.317080083,0.151864401,-0.823462158,0.074127122,0.690077916,-0.686758907,-0.216008898
7.710351917,104633.267767333,vr_world,11051,104633.258063791,0.009708125,1,0.350441000,0.119039000,-0.629728000,0.486364815,0.791975175,-0.312019970,0.197150014,1,0.352894936,0.161352276,-0.815811264,0.486364815,0.791975175,-0.312019970,0.197150014,11051,104633.258063791,0.009708125,1,0.219520000,0.264614000,-0.706091000,0.073864473,0.691059399,-0.685841759,-0.215875027,1,0.317862582,0.151789280,-0.823289736,0.073864473,0.691059399,-0.685841759,-0.215875027
7.722770417,104633.280185833,vr_world,11052,104633.277457750,0.002728500,1,0.353503000,0.115539000,-0.630899000,0.480205189,0.795486463,-0.325421295,0.175229119,1,0.354109033,0.163753550,-0.815556641,0.480205189,0.795486463,-0.325421295,0.175229119,11052,104633.277457750,0.002728500,1,0.219906000,0.264450000,-0.705941000,0.072903403,0.692169424,-0.685449681,-0.213881550,1,0.318993271,0.151691676,-0.822574979,0.072903403,0.692169424,-0.685449681,-0.213881550
7.735159167,104633.292574583,vr_world,11052,104633.277457750,0.015117333,1,0.353503000,0.115539000,-0.630899000,0.480205189,0.795486463,-0.325421295,0.175229119,1,0.354109033,0.163753550,-0.815556641,0.480205189,0.795486463,-0.325421295,0.175229119,11052,104633.277457750,0.015117333,1,0.219906000,0.264450000,-0.705941000,0.072903403,0.692169424,-0.685449681,-0.213881550,1,0.318993271,0.151691676,-0.822574979,0.072903403,0.692169424,-0.685449681,-0.213881550
7.747564625,104633.304980041,vr_world,11053,104633.296487791,0.008492750,1,0.357410000,0.112555000,-0.632396000,0.489496554,0.784474006,-0.353574969,0.141344962,1,0.356938115,0.161975439,-0.816734967,0.489496554,0.784474006,-0.353574969,0.141344962,11053,104633.296487791,0.008492750,1,0.221018000,0.264158000,-0.705665000,0.073233778,0.693081845,-0.685490858,-0.210657669,1,0.320820974,0.151026185,-0.821323100,0.073233778,0.693081845,-0.685490858,-0.210657669
7.759989042,104633.317404458,vr_world,11054,104633.315713458,0.001691500,1,0.359145000,0.110791000,-0.634751000,0.494325593,0.777968955,-0.367788743,0.123036389,1,0.357950132,0.160806462,-0.818926103,0.494325593,0.777968955,-0.367788743,0.123036389,11054,104633.315713458,0.001691500,1,0.221945000,0.264012000,-0.705394000,0.073605401,0.693488668,-0.685674299,-0.208582042,1,0.322130464,0.150566934,-0.820412772,0.073605401,0.693488668,-0.685674299,-0.208582042
7.772394875,104633.329810291,vr_world,11054,104633.315713458,0.014097333,1,0.359145000,0.110791000,-0.634751000,0.494325593,0.777968955,-0.367788743,0.123036389,1,0.357950132,0.160806462,-0.818926103,0.494325593,0.777968955,-0.367788743,0.123036389,11054,104633.315713458,0.014097333,1,0.221945000,0.264012000,-0.705394000,0.073605401,0.693488668,-0.685674299,-0.208582042,1,0.322130464,0.150566934,-0.820412772,0.073605401,0.693488668,-0.685674299,-0.208582042
7.784561250,104633.341976666,vr_world,11055,104633.335720791,0.006256375,1,0.361150000,0.107069000,-0.637280000,0.502562760,0.764663439,-0.393132613,0.090372820,1,0.358916746,0.158018600,-0.821189217,0.502562760,0.764663439,-0.393132613,0.090372820,11055,104633.335720791,0.006256375,1,0.223759000,0.263952000,-0.704907000,0.076618016,0.693306228,-0.686234606,-0.206247957,1,0.323908023,0.149688649,-0.819144836,0.076618016,0.693306228,-0.686234606,-0.206247957
7.796976042,104633.354391458,vr_world,11055,104633.335720791,0.018671042,1,0.361150000,0.107069000,-0.637280000,0.502562760,0.764663439,-0.393132613,0.090372820,1,0.358916746,0.158018600,-0.821189217,0.502562760,0.764663439,-0.393132613,0.090372820,11055,104633.335720791,0.018671042,1,0.223759000,0.263952000,-0.704907000,0.076618016,0.693306228,-0.686234606,-0.206247957,1,0.323908023,0.149688649,-0.819144836,0.076618016,0.693306228,-0.686234606,-0.206247957
7.809395917,104633.366811333,vr_world,11056,104633.355926750,0.010885166,1,0.361365000,0.106702000,-0.638512000,0.505649524,0.754889294,-0.410969836,0.074595623,1,0.360495704,0.157930759,-0.822355145,0.505649524,0.754889294,-0.410969836,0.074595623,11056,104633.355926750,0.010885166,1,0.224771000,0.264114000,-0.704313000,0.078795759,0.692191272,-0.687237982,-0.205831063,1,0.324385383,0.149178114,-0.818343485,0.078795759,0.692191272,-0.687237982,-0.205831063
7.821811125,104633.379226541,vr_world,11057,104633.375117833,0.004109083,1,0.363724000,0.103218000,-0.637446000,0.514395278,0.743407394,-0.423656206,0.057082076,1,0.361744483,0.152944523,-0.821692585,0.514395278,0.743407394,-0.423656206,0.057082076,11057,104633.375117833,0.004109083,1,0.225143000,0.264199000,-0.703814000,0.079661114,0.693255552,-0.686539882,-0.204239656,1,0.325259005,0.149232911,-0.817373592,0.079661114,0.693255552,-0.686539882,-0.204239656
7.834236000,104633.391651416,vr_world,11057,104633.375117833,0.016534167,1,0.363724000,0.103218000,-0.637446000,0.514395278,0.743407394,-0.423656206,0.057082076,1,0.361744483,0.152944523,-0.821692585,0.514395278,0.743407394,-0.423656206,0.057082076,11057,104633.375117833,0.016534167,1,0.225143000,0.264199000,-0.703814000,0.079661114,0.693255552,-0.686539882,-0.204239656,1,0.325259005,0.149232911,-0.817373592,0.079661114,0.693255552,-0.686539882,-0.204239656
7.846697209,104633.404112625,vr_world,11058,104633.394447041,0.009668334,1,0.365470000,0.098850800,-0.639011000,0.518473747,0.729401245,-0.445972314,0.016355211,1,0.360730776,0.151922051,-0.822271574,0.518473747,0.729401245,-0.445972314,0.016355211,11058,104633.394447041,0.009668334,1,0.226319000,0.264484000,-0.703076000,0.080944025,0.694032076,-0.686259344,-0.202028846,1,0.326881930,0.149233831,-0.815950824,0.080944025,0.694032076,-0.686259344,-0.202028846
7.859107542,104633.416522958,vr_world,11059,104633.414348666,0.002174584,1,0.366199000,0.097703100,-0.639619000,0.528571028,0.722149997,-0.446193005,0.004883927,1,0.357811171,0.148695267,-0.823338500,0.528571028,0.722149997,-0.446193005,0.004883927,11059,104633.414348666,0.002174584,1,0.226894000,0.264985000,-0.702898000,0.081710132,0.693708076,-0.687044865,-0.200154723,1,0.327524542,0.149191124,-0.815154459,0.081710132,0.693708076,-0.687044865,-0.200154723
7.871065000,104633.428480416,vr_world,11059,104633.414348666,0.014132417,1,0.366199000,0.097703100,-0.639619000,0.528571028,0.722149997,-0.446193005,0.004883927,1,0.357811171,0.148695267,-0.823338500,0.528571028,0.722149997,-0.446193005,0.004883927,11059,104633.414348666,0.014132417,1,0.226894000,0.264985000,-0.702898000,0.081710132,0.693708076,-0.687044865,-0.200154723,1,0.327524542,0.149191124,-0.815154459,0.081710132,0.693708076,-0.687044865,-0.200154723
7.883496917,104633.440912333,vr_world,11060,104633.434445708,0.006467167,1,0.364954000,0.092012000,-0.640027000,0.528913496,0.717825479,-0.452547164,-0.013347649,1,0.354607360,0.145372463,-0.822972483,0.528913496,0.717825479,-0.452547164,-0.013347649,11060,104633.434445708,0.006467167,1,0.228045000,0.265659000,-0.702313000,0.084072799,0.692387759,-0.688724712,-0.197962693,1,0.328293693,0.148776834,-0.813780468,0.084072799,0.692387759,-0.688724712,-0.197962693
7.893701000,104633.451116416,vr_world,11060,104633.434445708,0.016672958,1,0.364954000,0.092012000,-0.640027000,0.528913496,0.717825479,-0.452547164,-0.013347649,1,0.354607360,0.145372463,-0.822972483,0.528913496,0.717825479,-0.452547164,-0.013347649,11060,104633.434445708,0.016672958,1,0.228045000,0.265659000,-0.702313000,0.084072799,0.692387759,-0.688724712,-0.197962693,1,0.328293693,0.148776834,-0.813780468,0.084072799,0.692387759,-0.688724712,-0.197962693
7.906120750,104633.463536166,vr_world,11061,104633.454293791,0.009242834,1,0.364235000,0.089966000,-0.639402000,0.526538589,0.714153505,-0.461071471,-0.012449226,1,0.356932570,0.143178425,-0.822537388,0.526538589,0.714153505,-0.461071471,-0.012449226,11061,104633.454293791,0.009242834,1,0.228447000,0.265777000,-0.701954000,0.084653967,0.692241635,-0.688776118,-0.198047177,1,0.328581205,0.148807423,-0.813432626,0.084653967,0.692241635,-0.688776118,-0.198047177
7.918564375,104633.475979791,vr_world,11062,104633.474295208,0.001686792,1,0.364272000,0.086370700,-0.640545000,0.523246414,0.709893230,-0.470573969,-0.028721637,1,0.356986488,0.142574598,-0.822785261,0.523246414,0.709893230,-0.470573969,-0.028721637,11062,104633.474295208,0.001686792,1,0.229334000,0.266167000,-0.701467000,0.085053099,0.691012483,-0.689812107,-0.198562271,1,0.328934526,0.148840761,-0.813048873,0.085053099,0.691012483,-0.689812107,-0.198562271
7.930983375,104633.488398791,vr_world,11062,104633.474295208,0.014103875,1,0.364272000,0.086370700,-0.640545000,0.523246414,0.709893230,-0.470573969,-0.028721637,1,0.356986488,0.142574598,-0.822785261,0.523246414,0.709893230,-0.470573969,-0.028721637,11062,104633.474295208,0.014103875,1,0.229334000,0.266167000,-0.701467000,0.085053099,0.691012483,-0.689812107,-0.198562271,1,0.328934526,0.148840761,-0.813048873,0.085053099,0.691012483,-0.689812107,-0.198562271
7.943398625,104633.500814041,vr_world,11063,104633.493953833,0.006860625,1,0.363006000,0.083341500,-0.638648000,0.518846827,0.713903736,-0.469158134,-0.032094727,1,0.355259929,0.142021441,-0.820087014,0.518846827,0.713903736,-0.469158134,-0.032094727,11063,104633.493953833,0.006860625,1,0.229560000,0.266574000,-0.701395000,0.084242481,0.689447511,-0.691174536,-0.199607351,1,0.328547095,0.148992822,-0.813253896,0.084242481,0.689447511,-0.691174536,-0.199607351
7.953730334,104633.511145750,vr_world,11063,104633.493953833,0.017192583,1,0.363006000,0.083341500,-0.638648000,0.518846827,0.713903736,-0.469158134,-0.032094727,1,0.355259929,0.142021441,-0.820087014,0.518846827,0.713903736,-0.469158134,-0.032094727,11063,104633.493953833,0.017192583,1,0.229560000,0.266574000,-0.701395000,0.084242481,0.689447511,-0.691174536,-0.199607351,1,0.328547095,0.148992822,-0.813253896,0.084242481,0.689447511,-0.691174536,-0.199607351
7.966152459,104633.523567875,vr_world,11064,104633.513783583,0.009784792,1,0.361662000,0.081948400,-0.638158000,0.508169943,0.723252539,-0.466872297,-0.026444890,1,0.355827273,0.144092027,-0.818512057,0.508169943,0.723252539,-0.466872297,-0.026444890,11064,104633.513783583,0.009784792,1,0.229615000,0.266804000,-0.701432000,0.083537434,0.689055696,-0.691672074,-0.199533173,1,0.328538421,0.149142389,-0.813262787,0.083537434,0.689055696,-0.691672074,-0.199533173
7.977020667,104633.534436083,vr_world,11065,104633.532864166,0.001572542,1,0.360576000,0.078917600,-0.635765000,0.498961840,0.736176061,-0.456768807,-0.021074783,1,0.353933151,0.144812600,-0.814754248,0.498961840,0.736176061,-0.456768807,-0.021074783,11065,104633.532864166,0.001572542,1,0.230020000,0.267387000,-0.701231000,0.083490173,0.687770195,-0.692988533,-0.199420268,1,0.328511884,0.149277835,-0.812970879,0.083490173,0.687770195,-0.692988533,-0.199420268
7.988392500,104633.545807916,vr_world,11065,104633.532864166,0.012944167,1,0.360576000,0.078917600,-0.635765000,0.498961840,0.736176061,-0.456768807,-0.021074783,1,0.353933151,0.144812600,-0.814754248,0.498961840,0.736176061,-0.456768807,-0.021074783,11065,104633.532864166,0.012944167,1,0.230020000,0.267387000,-0.701231000,0.083490173,0.687770195,-0.692988533,-0.199420268,1,0.328511884,0.149277835,-0.812970879,0.083490173,0.687770195,-0.692988533,-0.199420268
8.000819417,104633.558234833,vr_world,11066,104633.551741250,0.006495708,1,0.359988000,0.078288500,-0.633371000,0.489720564,0.744990540,-0.452838894,-0.009990058,1,0.355493878,0.146269837,-0.811645401,0.489720564,0.744990540,-0.452838894,-0.009990058,11066,104633.551741250,0.006495708,1,0.230312000,0.267933000,-0.701143000,0.084121768,0.685980774,-0.694837911,-0.198882333,1,0.328188721,0.149068223,-0.812621918,0.084121768,0.685980774,-0.694837911,-0.198882333
8.013221209,104633.570636625,vr_world,11066,104633.551741250,0.018896000,1,0.359988000,0.078288500,-0.633371000,0.489720564,0.744990540,-0.452838894,-0.009990058,1,0.355493878,0.146269837,-0.811645401,0.489720564,0.744990540,-0.452838894,-0.009990058,11066,104633.551741250,0.018896000,1,0.230312000,0.267933000,-0.701143000,0.084121768,0.685980774,-0.694837911,-0.198882333,1,0.328188721,0.149068223,-0.812621918,0.084121768,0.685980774,-0.694837911,-0.198882333
8.025644334,104633.583059750,vr_world,11067,104633.571102333,0.011958125,1,0.355678000,0.077301600,-0.625827000,0.477846486,0.754623534,-0.449294174,0.018460858,1,0.357241954,0.145477149,-0.804077090,0.477846486,0.754623534,-0.449294174,0.018460858,11067,104633.571102333,0.011958125,1,0.230735000,0.269049000,-0.701329000,0.088552463,0.678934861,-0.702047000,-0.195795624,1,0.326125655,0.146904980,-0.811409325,0.088552463,0.678934861,-0.702047000,-0.195795624
8.037079000,104633.594494416,vr_world,11068,104633.591380166,0.003114584,1,0.352641000,0.075089700,-0.624729000,0.446984077,0.772326631,-0.449973745,0.035219874,1,0.361237334,0.151981575,-0.799191570,0.446984077,0.772326631,-0.449973745,0.035219874,11068,104633.591380166,0.003114584,1,0.230764000,0.269663000,-0.700899000,0.090485920,0.677157670,-0.704145208,-0.193518254,1,0.325647112,0.146357828,-0.810120094,0.090485920,0.677157670,-0.704145208,-0.193518254
8.047364000,104633.604779416,vr_world,11068,104633.591380166,0.013399667,1,0.352641000,0.075089700,-0.624729000,0.446984077,0.772326631,-0.449973745,0.035219874,1,0.361237334,0.151981575,-0.799191570,0.446984077,0.772326631,-0.449973745,0.035219874,11068,104633.591380166,0.013399667,1,0.230764000,0.269663000,-0.700899000,0.090485920,0.677157670,-0.704145208,-0.193518254,1,0.325647112,0.146357828,-0.810120094,0.090485920,0.677157670,-0.704145208,-0.193518254
8.059765917,104633.617181333,vr_world,11069,104633.610773958,0.006409042,1,0.353250000,0.076458000,-0.622342000,0.443107390,0.779958127,-0.439379626,0.047609922,1,0.361379762,0.153798547,-0.796628526,0.443107390,0.779958127,-0.439379626,0.047609922,11069,104633.610773958,0.006409042,1,0.230453000,0.269491000,-0.701624000,0.085556048,0.680008278,-0.701785544,-0.194334644,1,0.326680807,0.147691650,-0.811357007,0.085556048,0.680008278,-0.701785544,-0.194334644
8.072169250,104633.629584666,vr_world,11069,104633.610773958,0.018811417,1,0.353250000,0.076458000,-0.622342000,0.443107390,0.779958127,-0.439379626,0.047609922,1,0.361379762,0.153798547,-0.796628526,0.443107390,0.779958127,-0.439379626,0.047609922,11069,104633.610773958,0.018811417,1,0.230453000,0.269491000,-0.701624000,0.085556048,0.680008278,-0.701785544,-0.194334644,1,0.326680807,0.147691650,-0.811357007,0.085556048,0.680008278,-0.701785544,-0.194334644
8.084578334,104633.641993750,vr_world,11070,104633.630001166,0.011992959,1,0.350657000,0.076235200,-0.617471000,0.423607813,0.798657918,-0.421835778,0.068967572,1,0.359359336,0.158718735,-0.789355324,0.423607813,0.798657918,-0.421835778,0.068967572,11070,104633.630001166,0.011992959,1,0.229840000,0.268464000,-0.701608000,0.082489999,0.681454711,-0.700624221,-0.194783416,1,0.326797716,0.147494937,-0.811616649,0.082489999,0.681454711,-0.700624221,-0.194783416
8.097005834,104633.654421250,vr_world,11071,104633.649043375,0.005379625,1,0.350398000,0.079563100,-0.614763000,0.426097384,0.805314305,-0.403617026,0.083685045,1,0.356152904,0.160097163,-0.787692381,0.426097384,0.805314305,-0.403617026,0.083685045,11071,104633.649043375,0.005379625,1,0.230014000,0.269168000,-0.701589000,0.078184358,0.679381251,-0.702653256,-0.196485939,1,0.326406328,0.148246782,-0.812145827,0.078184358,0.679381251,-0.702653256,-0.196485939
8.109349334,104633.666764750,vr_world,11071,104633.649043375,0.017722208,1,0.350398000,0.079563100,-0.614763000,0.426097384,0.805314305,-0.403617026,0.083685045,1,0.356152904,0.160097163,-0.787692381,0.426097384,0.805314305,-0.403617026,0.083685045,11071,104633.649043375,0.017722208,1,0.230014000,0.269168000,-0.701589000,0.078184358,0.679381251,-0.702653256,-0.196485939,1,0.326406328,0.148246782,-0.812145827,0.078184358,0.679381251,-0.702653256,-0.196485939
8.121763667,104633.679179083,vr_world,11072,104633.668404083,0.010776375,1,0.348652000,0.084811900,-0.611045000,0.424758195,0.812938281,-0.380271737,0.118765455,1,0.354919472,0.161691357,-0.785612231,0.424758195,0.812938281,-0.380271737,0.118765455,11072,104633.668404083,0.010776375,1,0.230628000,0.269282000,-0.702228000,0.078889167,0.672458590,-0.709222881,-0.196414991,1,0.324492772,0.146092202,-0.812454675,0.078889167,0.672458590,-0.709222881,-0.196414991
8.134189459,104633.691604875,vr_world,11073,104633.687624375,0.003982125,1,0.347947000,0.089165500,-0.610176000,0.429007865,0.812022882,-0.369351918,0.141951584,1,0.356009201,0.161399933,-0.786643102,0.429007865,0.812022882,-0.369351918,0.141951584,11073,104633.687624375,0.003982125,1,0.230788000,0.269253000,-0.702228000,0.080697491,0.669345002,-0.711716392,-0.197294098,1,0.323257858,0.145099633,-0.812552576,0.080697491,0.669345002,-0.711716392,-0.197294098
8.146596625,104633.704012041,vr_world,11073,104633.687624375,0.016388208,1,0.347947000,0.089165500,-0.610176000,0.429007865,0.812022882,-0.369351918,0.141951584,1,0.356009201,0.161399933,-0.786643102,0.429007865,0.812022882,-0.369351918,0.141951584,11073,104633.687624375,0.016388208,1,0.230788000,0.269253000,-0.702228000,0.080697491,0.669345002,-0.711716392,-0.197294098,1,0.323257858,0.145099633,-0.812552576,0.080697491,0.669345002,-0.711716392,-0.197294098
8.158997917,104633.716413333,vr_world,11074,104633.706927125,0.009486500,1,0.347109000,0.093864900,-0.609779000,0.435742354,0.808042175,-0.360655937,0.164692865,1,0.357724229,0.160398135,-0.788340289,0.435742354,0.808042175,-0.360655937,0.164692865,11074,104633.706927125,0.009486500,1,0.230564000,0.268777000,-0.702465000,0.079905009,0.669006633,-0.711679533,-0.198890816,1,0.322782412,0.144895385,-0.813304122,0.079905009,0.669006633,-0.711679533,-0.198890816
8.171422334,104633.728837750,vr_world,11075,104633.726116750,0.002722500,1,0.345577000,0.102003000,-0.609716000,0.444201327,0.801040341,-0.344205446,0.206257519,1,0.361618097,0.159331233,-0.791043236,0.444201327,0.801040341,-0.344205446,0.206257519,11075,104633.726116750,0.002722500,1,0.230419000,0.268093000,-0.702724000,0.077696161,0.668921029,-0.710855461,-0.202959297,1,0.322294833,0.145171229,-0.814908102,0.077696161,0.668921029,-0.710855461,-0.202959297
8.183811917,104633.741227333,vr_world,11075,104633.726116750,0.015110916,1,0.345577000,0.102003000,-0.609716000,0.444201327,0.801040341,-0.344205446,0.206257519,1,0.361618097,0.159331233,-0.791043236,0.444201327,0.801040341,-0.344205446,0.206257519,11075,104633.726116750,0.015110916,1,0.230419000,0.268093000,-0.702724000,0.077696161,0.668921029,-0.710855461,-0.202959297,1,0.322294833,0.145171229,-0.814908102,0.077696161,0.668921029,-0.710855461,-0.202959297
8.196228250,104633.753643666,vr_world,11076,104633.745768541,0.007876834,1,0.346213000,0.107196000,-0.611232000,0.455942494,0.797462745,-0.326763767,0.222249978,1,0.361016193,0.157728712,-0.794673448,0.455942494,0.797462745,-0.326763767,0.222249978,11076,104633.745768541,0.007876834,1,0.230433000,0.268020000,-0.702919000,0.077643715,0.668728570,-0.710189336,-0.205923916,1,0.321866690,0.145620496,-0.816031624,0.077643715,0.668728570,-0.710189336,-0.205923916
8.208300667,104633.765716083,vr_world,11077,104633.765320500,0.000396125,1,0.347597000,0.114757000,-0.613719000,0.468619813,0.797397915,-0.292688220,0.242663640,1,0.358020881,0.157128129,-0.799513125,0.468619813,0.797397915,-0.292688220,0.242663640,11077,104633.765320500,0.000396125,1,0.229966000,0.268196000,-0.703462000,0.079368229,0.667727453,-0.710123279,-0.208723886,1,0.320519073,0.145875148,-0.817365423,0.079368229,0.667727453,-0.710123279,-0.208723886
8.220721042,104633.778136458,vr_world,11077,104633.765320500,0.012816500,1,0.347597000,0.114757000,-0.613719000,0.468619813,0.797397915,-0.292688220,0.242663640,1,0.358020881,0.157128129,-0.799513125,0.468619813,0.797397915,-0.292688220,0.242663640,11077,104633.765320500,0.012816500,1,0.229966000,0.268196000,-0.703462000,0.079368229,0.667727453,-0.710123279,-0.208723886,1,0.320519073,0.145875148,-0.817365423,0.079368229,0.667727453,-0.710123279,-0.208723886
8.231069792,104633.788485208,vr_world,11078,104633.784994208,0.003491792,1,0.348371000,0.119206000,-0.615981000,0.480329834,0.794473899,-0.279707439,0.244659401,1,0.355502986,0.156324703,-0.803049957,0.480329834,0.794473899,-0.279707439,0.244659401,11078,104633.784994208,0.003491792,1,0.229351000,0.268930000,-0.704009000,0.082747874,0.666479234,-0.711483156,-0.206760583,1,0.319392862,0.145524761,-0.817145497,0.082747874,0.666479234,-0.711483156,-0.206760583
8.243518459,104633.800933875,vr_world,11078,104633.784994208,0.015940083,1,0.348371000,0.119206000,-0.615981000,0.480329834,0.794473899,-0.279707439,0.244659401,1,0.355502986,0.156324703,-0.803049957,0.480329834,0.794473899,-0.279707439,0.244659401,11078,104633.784994208,0.015940083,1,0.229351000,0.268930000,-0.704009000,0.082747874,0.666479234,-0.711483156,-0.206760583,1,0.319392862,0.145524761,-0.817145497,0.082747874,0.666479234,-0.711483156,-0.206760583
8.255289000,104633.812704416,vr_world,11079,104633.804385125,0.008319666,1,0.348151000,0.121939000,-0.617870000,0.486176764,0.790782389,-0.275266326,0.250047629,1,0.355554321,0.155733337,-0.805557536,0.486176764,0.790782389,-0.275266326,0.250047629,11079,104633.804385125,0.008319666,1,0.228389000,0.269188000,-0.704341000,0.085801803,0.666719789,-0.711348640,-0.205197186,1,0.318437069,0.145267201,-0.816907450,0.085801803,0.666719789,-0.711348640,-0.205197186
8.265741917,104633.823157333,vr_world,11079,104633.804385125,0.018772750,1,0.348151000,0.121939000,-0.617870000,0.486176764,0.790782389,-0.275266326,0.250047629,1,0.355554321,0.155733337,-0.805557536,0.486176764,0.790782389,-0.275266326,0.250047629,11079,104633.804385125,0.018772750,1,0.228389000,0.269188000,-0.704341000,0.085801803,0.666719789,-0.711348640,-0.205197186,1,0.318437069,0.145267201,-0.816907450,0.085801803,0.666719789,-0.711348640,-0.205197186
8.277032459,104633.834447875,vr_world,11080,104633.823881875,0.010566375,1,0.349236000,0.127508000,-0.621641000,0.494551225,0.787418832,-0.261085288,0.259278118,1,0.355449647,0.156076427,-0.810237658,0.494551225,0.787418832,-0.261085288,0.259278118,11080,104633.823881875,0.010566375,1,0.226547000,0.269357000,-0.704816000,0.088379888,0.668865367,-0.709250626,-0.204381178,1,0.317235966,0.145694186,-0.817151361,0.088379888,0.668865367,-0.709250626,-0.204381178
8.288920125,104633.846335541,vr_world,11081,104633.843256375,0.003079458,1,0.350507000,0.129599000,-0.623100000,0.502065321,0.786587378,-0.251787791,0.256541651,1,0.353304332,0.155170672,-0.812207658,0.502065321,0.786587378,-0.251787791,0.256541651,11081,104633.843256375,0.003079458,1,0.225341000,0.269445000,-0.705002000,0.088614192,0.670737270,-0.707245343,-0.205092820,1,0.316586255,0.146472738,-0.817644545,0.088614192,0.670737270,-0.707245343,-0.205092820
8.301281209,104633.858696625,vr_world,11081,104633.843256375,0.015440583,1,0.350507000,0.129599000,-0.623100000,0.502065321,0.786587378,-0.251787791,0.256541651,1,0.353304332,0.155170672,-0.812207658,0.502065321,0.786587378,-0.251787791,0.256541651,11081,104633.843256375,0.015440583,1,0.225341000,0.269445000,-0.705002000,0.088614192,0.670737270,-0.707245343,-0.205092820,1,0.316586255,0.146472738,-0.817644545,0.088614192,0.670737270,-0.707245343,-0.205092820
8.313699292,104633.871114708,vr_world,11082,104633.862095083,0.009020042,1,0.354291000,0.133211000,-0.628925000,0.507854997,0.791650512,-0.236883020,0.243432133,1,0.349064576,0.157811473,-0.818110012,0.507854997,0.791650512,-0.236883020,0.243432133,11082,104633.862095083,0.009020042,1,0.223443000,0.269924000,-0.705567000,0.090107933,0.671540916,-0.706031006,-0.205994122,1,0.314721836,0.147235485,-0.818491495,0.090107933,0.671540916,-0.706031006,-0.205994122
8.326137167,104633.883552583,vr_world,11083,104633.881077583,0.002475417,1,0.353813000,0.135752000,-0.626526000,0.523975039,0.788562159,-0.223577042,0.231588399,1,0.341319541,0.154762969,-0.816014598,0.523975039,0.788562159,-0.223577042,0.231588399,11083,104633.881077583,0.002475417,1,0.222308000,0.270307000,-0.705905000,0.091025356,0.670766292,-0.706366337,-0.206962713,1,0.313099518,0.147480474,-0.819071906,0.091025356,0.670766292,-0.706366337,-0.206962713
8.337726000,104633.895141416,vr_world,11083,104633.881077583,0.014064250,1,0.353813000,0.135752000,-0.626526000,0.523975039,0.788562159,-0.223577042,0.231588399,1,0.341319541,0.154762969,-0.816014598,0.523975039,0.788562159,-0.223577042,0.231588399,11083,104633.881077583,0.014064250,1,0.222308000,0.270307000,-0.705905000,0.091025356,0.670766292,-0.706366337,-0.206962713,1,0.313099518,0.147480474,-0.819071906,0.091025356,0.670766292,-0.706366337,-0.206962713
8.350134209,104633.907549625,vr_world,11084,104633.901719041,0.005831084,1,0.353013000,0.136794000,-0.629432000,0.521226540,0.784141831,-0.238221627,0.238106993,1,0.346330309,0.156644595,-0.819128457,0.521226540,0.784141831,-0.238221627,0.238106993,11084,104633.901719041,0.005831084,1,0.220909000,0.270560000,-0.706288000,0.091638683,0.671093895,-0.705850844,-0.207388336,1,0.311705825,0.147860037,-0.819588046,0.091638683,0.671093895,-0.705850844,-0.207388336
8.361738375,104633.919153791,vr_world,11084,104633.901719041,0.017435209,1,0.353013000,0.136794000,-0.629432000,0.521226540,0.784141831,-0.238221627,0.238106993,1,0.346330309,0.156644595,-0.819128457,0.521226540,0.784141831,-0.238221627,0.238106993,11084,104633.901719041,0.017435209,1,0.220909000,0.270560000,-0.706288000,0.091638683,0.671093895,-0.705850844,-0.207388336,1,0.311705825,0.147860037,-0.819588046,0.091638683,0.671093895,-0.705850844,-0.207388336
8.372395375,104633.929810791,vr_world,11085,104633.921237333,0.008573833,1,0.353750000,0.140300000,-0.632272000,0.530856209,0.775571779,-0.239863031,0.243199152,1,0.348916542,0.155306574,-0.822468898,0.530856209,0.775571779,-0.239863031,0.243199152,11085,104633.921237333,0.008573833,1,0.218437000,0.270886000,-0.706785000,0.092570961,0.672573654,-0.703881854,-0.208867501,1,0.309480747,0.148845355,-0.820597775,0.092570961,0.672573654,-0.703881854,-0.208867501
8.383062375,104633.940477791,vr_world,11086,104633.940432750,0.000045500,1,0.353631000,0.141298000,-0.631926000,0.533494050,0.772020057,-0.246247741,0.242345168,1,0.350124781,0.155534896,-0.822211290,0.533494050,0.772020057,-0.246247741,0.242345168,11086,104633.940432750,0.000045500,1,0.217020000,0.271068000,-0.707247000,0.092484912,0.673560271,-0.702890099,-0.209066044,1,0.308396162,0.149381999,-0.821173062,0.092484912,0.673560271,-0.702890099,-0.209066044
8.393694167,104633.951109583,vr_world,11086,104633.940432750,0.010677458,1,0.353631000,0.141298000,-0.631926000,0.533494050,0.772020057,-0.246247741,0.242345168,1,0.350124781,0.155534896,-0.822211290,0.533494050,0.772020057,-0.246247741,0.242345168,11086,104633.940432750,0.010677458,1,0.217020000,0.271068000,-0.707247000,0.092484912,0.673560271,-0.702890099,-0.209066044,1,0.308396162,0.149381999,-0.821173062,0.092484912,0.673560271,-0.702890099,-0.209066044
8.406117792,104633.963533208,vr_world,11087,104633.958944291,0.004589375,1,0.354177000,0.142092000,-0.631373000,0.534444324,0.771033971,-0.253817352,0.235483825,1,0.350487111,0.157262277,-0.821582669,0.534444324,0.771033971,-0.253817352,0.235483825,11087,104633.958944291,0.004589375,1,0.215783000,0.271281000,-0.707756000,0.092654465,0.674167352,-0.702197436,-0.209361629,1,0.307320145,0.149827014,-0.821800423,0.092654465,0.674167352,-0.702197436,-0.209361629
8.418551584,104633.975967000,vr_world,11087,104633.958944291,0.017023500,1,0.354177000,0.142092000,-0.631373000,0.534444324,0.771033971,-0.253817352,0.235483825,1,0.350487111,0.157262277,-0.821582669,0.534444324,0.771033971,-0.253817352,0.235483825,11087,104633.958944291,0.017023500,1,0.215783000,0.271281000,-0.707756000,0.092654465,0.674167352,-0.702197436,-0.209361629,1,0.307320145,0.149827014,-0.821800423,0.092654465,0.674167352,-0.702197436,-0.209361629
8.430976250,104633.988391666,vr_world,11088,104633.979068250,0.009324208,1,0.356259000,0.142884000,-0.632365000,0.534027015,0.769937918,-0.272502370,0.218525072,1,0.352330642,0.161444022,-0.822269049,0.534027015,0.769937918,-0.272502370,0.218525072,11088,104633.979068250,0.009324208,1,0.213538000,0.271660000,-0.708724000,0.093527720,0.675316927,-0.700786814,-0.209993939,1,0.305319442,0.150609938,-0.823001079,0.093527720,0.675316927,-0.700786814,-0.209993939
8.443401875,104634.000817291,vr_world,11089,104633.999042625,0.001776958,1,0.358032000,0.144270000,-0.631613000,0.540767113,0.761646445,-0.292099398,0.205288976,1,0.355147457,0.162349772,-0.821582088,0.540767113,0.761646445,-0.292099398,0.205288976,11089,104633.999042625,0.001776958,1,0.212559000,0.271848000,-0.709087000,0.094353306,0.676266783,-0.699442888,-0.211045819,1,0.304460511,0.151226635,-0.823720389,0.094353306,0.676266783,-0.699442888,-0.211045819
8.455064042,104634.012479458,vr_world,11089,104633.999042625,0.013437500,1,0.358032000,0.144270000,-0.631613000,0.540767113,0.761646445,-0.292099398,0.205288976,1,0.355147457,0.162349772,-0.821582088,0.540767113,0.761646445,-0.292099398,0.205288976,11089,104633.999042625,0.013437500,1,0.212559000,0.271848000,-0.709087000,0.094353306,0.676266783,-0.699442888,-0.211045819,1,0.304460511,0.151226635,-0.823720389,0.094353306,0.676266783,-0.699442888,-0.211045819
8.467469500,104634.024884916,vr_world,11090,104634.018293041,0.006592500,1,0.362128000,0.146041000,-0.632520000,0.548199426,0.750085885,-0.325502695,0.175774145,1,0.359392423,0.165737208,-0.822330423,0.548199426,0.750085885,-0.325502695,0.175774145,11090,104634.018293041,0.006592500,1,0.210523000,0.272197000,-0.709846000,0.096509240,0.678378374,-0.696682026,-0.212421522,1,0.302789371,0.152317228,-0.824963194,0.096509240,0.678378374,-0.696682026,-0.212421522
8.479890625,104634.037306041,vr_world,11090,104634.018293041,0.019013375,1,0.362128000,0.146041000,-0.632520000,0.548199426,0.750085885,-0.325502695,0.175774145,1,0.359392423,0.165737208,-0.822330423,0.548199426,0.750085885,-0.325502695,0.175774145,11090,104634.018293041,0.019013375,1,0.210523000,0.272197000,-0.709846000,0.096509240,0.678378374,-0.696682026,-0.212421522,1,0.302789371,0.152317228,-0.824963194,0.096509240,0.678378374,-0.696682026,-0.212421522
8.492312417,104634.049727833,vr_world,11091,104634.037723875,0.012004541,1,0.365995000,0.147397000,-0.631913000,0.562700517,0.736584239,-0.342747902,0.152760150,1,0.360593219,0.164409871,-0.821925768,0.562700517,0.736584239,-0.342747902,0.152760150,11091,104634.037723875,0.012004541,1,0.209625000,0.272396000,-0.710260000,0.098623785,0.679626232,-0.695164605,-0.212432826,1,0.302139895,0.152723308,-0.825393143,0.098623785,0.679626232,-0.695164605,-0.212432826
8.504735834,104634.062151250,vr_world,11092,104634.057153083,0.005000125,1,0.371791000,0.145609000,-0.630499000,0.573827690,0.720887663,-0.371383957,0.114528228,1,0.363005188,0.163498721,-0.820304771,0.573827690,0.720887663,-0.371383957,0.114528228,11092,104634.057153083,0.005000125,1,0.208012000,0.272721000,-0.710856000,0.102674815,0.681831626,-0.692377352,-0.212549096,1,0.300926688,0.153412192,-0.826045000,0.102674815,0.681831626,-0.692377352,-0.212549096
8.517147417,104634.074562833,vr_world,11092,104634.057153083,0.017410167,1,0.371791000,0.145609000,-0.630499000,0.573827690,0.720887663,-0.371383957,0.114528228,1,0.363005188,0.163498721,-0.820304771,0.573827690,0.720887663,-0.371383957,0.114528228,11092,104634.057153083,0.017410167,1,0.208012000,0.272721000,-0.710856000,0.102674815,0.681831626,-0.692377352,-0.212549096,1,0.300926688,0.153412192,-0.826045000,0.102674815,0.681831626,-0.692377352,-0.212549096
8.529590667,104634.087006083,vr_world,11093,104634.076459375,0.010548916,1,0.370367000,0.144162000,-0.631157000,0.568870657,0.718061954,-0.386678966,0.106078188,1,0.364053695,0.164895275,-0.820771586,0.568870657,0.718061954,-0.386678966,0.106078188,11093,104634.076459375,0.010548916,1,0.206857000,0.273558000,-0.711111000,0.105721011,0.685140873,-0.689435006,-0.209962912,1,0.301026130,0.154557466,-0.825597925,0.105721011,0.685140873,-0.689435006,-0.209962912
8.542000875,104634.099416291,vr_world,11094,104634.095768208,0.003648625,1,0.371340000,0.144567000,-0.631652000,0.572852705,0.714459283,-0.388495091,0.102270601,1,0.364155203,0.164141099,-0.821358832,0.572852705,0.714459283,-0.388495091,0.102270601,11094,104634.095768208,0.003648625,1,0.206464000,0.273720000,-0.711298000,0.109868777,0.685371565,-0.689354134,-0.207329563,1,0.300727147,0.153923638,-0.824874090,0.109868777,0.685371565,-0.689354134,-0.207329563
8.554422834,104634.111838250,vr_world,11094,104634.095768208,0.016070458,1,0.371340000,0.144567000,-0.631652000,0.572852705,0.714459283,-0.388495091,0.102270601,1,0.364155203,0.164141099,-0.821358832,0.572852705,0.714459283,-0.388495091,0.102270601,11094,104634.095768208,0.016070458,1,0.206464000,0.273720000,-0.711298000,0.109868777,0.685371565,-0.689354134,-0.207329563,1,0.300727147,0.153923638,-0.824874090,0.109868777,0.685371565,-0.689354134,-0.207329563
8.566808959,104634.124224375,vr_world,11095,104634.115115333,0.009109875,1,0.374635000,0.142850000,-0.634162000,0.574246549,0.706344090,-0.405720673,0.081912533,1,0.366905972,0.164358021,-0.823637807,0.574246549,0.706344090,-0.405720673,0.081912533,11095,104634.115115333,0.009109875,1,0.204799000,0.273913000,-0.711126000,0.116118994,0.687135613,-0.686631164,-0.207119948,1,0.299186176,0.154113708,-0.824595838,0.116118994,0.687135613,-0.686631164,-0.207119948
8.579237125,104634.136652541,vr_world,11096,104634.134420875,0.002232208,1,0.376966000,0.143461000,-0.633128000,0.588372218,0.692495391,-0.411699043,0.069080853,1,0.366068695,0.160670131,-0.822887149,0.588372218,0.692495391,-0.411699043,0.069080853,11096,104634.134420875,0.002232208,1,0.203930000,0.273828000,-0.711061000,0.119459844,0.690033175,-0.683458491,-0.206077787,1,0.299203436,0.154516377,-0.824303707,0.119459844,0.690033175,-0.683458491,-0.206077787
8.591664292,104634.149079708,vr_world,11096,104634.134420875,0.014659208,1,0.376966000,0.143461000,-0.633128000,0.588372218,0.692495391,-0.411699043,0.069080853,1,0.366068695,0.160670131,-0.822887149,0.588372218,0.692495391,-0.411699043,0.069080853,11096,104634.134420875,0.014659208,1,0.203930000,0.273828000,-0.711061000,0.119459844,0.690033175,-0.683458491,-0.206077787,1,0.299203436,0.154516377,-0.824303707,0.119459844,0.690033175,-0.683458491,-0.206077787
8.602873292,104634.160288708,vr_world,11097,104634.154419958,0.005869292,1,0.377285000,0.139378000,-0.632296000,0.582788414,0.685409177,-0.434243978,0.044767080,1,0.367368408,0.161535364,-0.821595139,0.582788414,0.685409177,-0.434243978,0.044767080,11097,104634.154419958,0.005869292,1,0.202490000,0.273859000,-0.710589000,0.125147910,0.692810138,-0.680228496,-0.204062017,1,0.298563035,0.154634757,-0.823246808,0.125147910,0.692810138,-0.680228496,-0.204062017
8.614838167,104634.172253583,vr_world,11097,104634.154419958,0.017834333,1,0.377285000,0.139378000,-0.632296000,0.582788414,0.685409177,-0.434243978,0.044767080,1,0.367368408,0.161535364,-0.821595139,0.582788414,0.685409177,-0.434243978,0.044767080,11097,104634.154419958,0.017834333,1,0.202490000,0.273859000,-0.710589000,0.125147910,0.692810138,-0.680228496,-0.204062017,1,0.298563035,0.154634757,-0.823246808,0.125147910,0.692810138,-0.680228496,-0.204062017
8.627235334,104634.184650750,vr_world,11098,104634.173923416,0.010728625,1,0.377257000,0.137970000,-0.632951000,0.577868466,0.685255041,-0.441630099,0.038163075,1,0.368478425,0.162743172,-0.821981880,0.577868466,0.685255041,-0.441630099,0.038163075,11098,104634.173923416,0.010728625,1,0.201833000,0.273634000,-0.710232000,0.126680769,0.693230756,-0.680090293,-0.202139298,1,0.298209823,0.154075342,-0.822274423,0.126680769,0.693230756,-0.680090293,-0.202139298
8.639592917,104634.197008333,vr_world,11099,104634.193363791,0.003645292,1,0.377394000,0.136621000,-0.632823000,0.578618267,0.682822755,-0.444858890,0.032473912,1,0.368086843,0.161784461,-0.821777066,0.578618267,0.682822755,-0.444858890,0.032473912,11099,104634.193363791,0.003645292,1,0.201127000,0.272978000,-0.709301000,0.125810056,0.694799342,-0.678415246,-0.202924760,1,0.298003366,0.154172709,-0.821713153,0.125810056,0.694799342,-0.678415246,-0.202924760
8.650356000,104634.207771416,vr_world,11099,104634.193363791,0.014408209,1,0.377394000,0.136621000,-0.632823000,0.578618267,0.682822755,-0.444858890,0.032473912,1,0.368086843,0.161784461,-0.821777066,0.578618267,0.682822755,-0.444858890,0.032473912,11099,104634.193363791,0.014408209,1,0.201127000,0.272978000,-0.709301000,0.125810056,0.694799342,-0.678415246,-0.202924760,1,0.298003366,0.154172709,-0.821713153,0.125810056,0.694799342,-0.678415246,-0.202924760
8.660403709,104634.217819125,vr_world,11100,104634.212604833,0.005214750,1,0.377366000,0.132992000,-0.632478000,0.573320894,0.678194103,-0.459211239,0.021930555,1,0.370364601,0.160747839,-0.821168379,0.573320894,0.678194103,-0.459211239,0.021930555,11100,104634.212604833,0.005214750,1,0.199687000,0.272030000,-0.708213000,0.124850114,0.698746542,-0.674388197,-0.203387019,1,0.297937066,0.154760666,-0.821044962,0.124850114,0.698746542,-0.674388197,-0.203387019
8.671065667,104634.228481083,vr_world,11100,104634.212604833,0.015876625,1,0.377366000,0.132992000,-0.632478000,0.573320894,0.678194103,-0.459211239,0.021930555,1,0.370364601,0.160747839,-0.821168379,0.573320894,0.678194103,-0.459211239,0.021930555,11100,104634.212604833,0.015876625,1,0.199687000,0.272030000,-0.708213000,0.124850114,0.698746542,-0.674388197,-0.203387019,1,0.297937066,0.154760666,-0.821044962,0.124850114,0.698746542,-0.674388197,-0.203387019
8.683456000,104634.240871416,vr_world,11101,104634.232531333,0.008340333,1,0.378498000,0.130996000,-0.632764000,0.572138917,0.675320340,-0.465113935,0.016386757,1,0.372060808,0.159556040,-0.821354396,0.572138917,0.675320340,-0.465113935,0.016386757,11101,104634.232531333,0.008340333,1,0.199158000,0.271693000,-0.707515000,0.122637448,0.699427488,-0.674142454,-0.203207275,1,0.297845095,0.154815732,-0.820372294,0.122637448,0.699427488,-0.674142454,-0.203207275
8.695470167,104634.252885583,vr_world,11102,104634.251808875,0.001077333,1,0.380140000,0.126765000,-0.633054000,0.568727539,0.670051984,-0.477047431,-0.002252397,1,0.373440341,0.158674549,-0.821097385,0.568727539,0.670051984,-0.477047431,-0.002252397,11102,104634.251808875,0.001077333,1,0.197935000,0.271109000,-0.706130000,0.121351965,0.700524380,-0.673592623,-0.202020473,1,0.297275061,0.154509272,-0.818701207,0.121351965,0.700524380,-0.673592623,-0.202020473
8.707876167,104634.265291583,vr_world,11102,104634.251808875,0.013483166,1,0.380140000,0.126765000,-0.633054000,0.568727539,0.670051984,-0.477047431,-0.002252397,1,0.373440341,0.158674549,-0.821097385,0.568727539,0.670051984,-0.477047431,-0.002252397,11102,104634.251808875,0.013483166,1,0.197935000,0.271109000,-0.706130000,0.121351965,0.700524380,-0.673592623,-0.202020473,1,0.297275061,0.154509272,-0.818701207,0.121351965,0.700524380,-0.673592623,-0.202020473
8.718239375,104634.275654791,vr_world,11103,104634.271250333,0.004404917,1,0.381139000,0.124116000,-0.632906000,0.564871998,0.671430273,-0.479465147,-0.014635171,1,0.373072761,0.159623535,-0.820249459,0.564871998,0.671430273,-0.479465147,-0.014635171,11103,104634.271250333,0.004404917,1,0.197037000,0.270585000,-0.705093000,0.120355394,0.702267760,-0.672309150,-0.200835701,1,0.297228083,0.154470912,-0.817411817,0.120355394,0.702267760,-0.672309150,-0.200835701
8.729735959,104634.287151375,vr_world,11103,104634.271250333,0.015901458,1,0.381139000,0.124116000,-0.632906000,0.564871998,0.671430273,-0.479465147,-0.014635171,1,0.373072761,0.159623535,-0.820249459,0.564871998,0.671430273,-0.479465147,-0.014635171,11103,104634.271250333,0.015901458,1,0.197037000,0.270585000,-0.705093000,0.120355394,0.702267760,-0.672309150,-0.200835701,1,0.297228083,0.154470912,-0.817411817,0.120355394,0.702267760,-0.672309150,-0.200835701
8.742143334,104634.299558750,vr_world,11104,104634.291079625,0.008479666,1,0.380838000,0.121581000,-0.631893000,0.559616052,0.677582654,-0.476784332,-0.019705915,1,0.371773438,0.160600806,-0.818490809,0.559616052,0.677582654,-0.476784332,-0.019705915,11104,104634.291079625,0.008479666,1,0.196168000,0.270516000,-0.704305000,0.119378693,0.703911048,-0.671673495,-0.197769262,1,0.297444790,0.154514255,-0.815762809,0.119378693,0.703911048,-0.671673495,-0.197769262
8.754550875,104634.311966291,vr_world,11105,104634.309907041,0.002059500,1,0.380165000,0.117052000,-0.631465000,0.546418429,0.686946307,-0.478516962,-0.023519955,1,0.372833851,0.161996410,-0.816801815,0.546418429,0.686946307,-0.478516962,-0.023519955,11105,104634.309907041,0.002059500,1,0.195021000,0.270212000,-0.702909000,0.118756061,0.705301448,-0.671751397,-0.192865045,1,0.297529485,0.153884576,-0.812891564,0.118756061,0.705301448,-0.671751397,-0.192865045
8.766957584,104634.324373000,vr_world,11105,104634.309907041,0.014466459,1,0.380165000,0.117052000,-0.631465000,0.546418429,0.686946307,-0.478516962,-0.023519955,1,0.372833851,0.161996410,-0.816801815,0.546418429,0.686946307,-0.478516962,-0.023519955,11105,104634.309907041,0.014466459,1,0.195021000,0.270212000,-0.702909000,0.118756061,0.705301448,-0.671751397,-0.192865045,1,0.297529485,0.153884576,-0.812891564,0.118756061,0.705301448,-0.671751397,-0.192865045
8.777027334,104634.334442750,vr_world,11106,104634.329519416,0.004923834,1,0.379668000,0.116127000,-0.630553000,0.543744628,0.690635487,-0.476468867,-0.018488450,1,0.373180146,0.161543862,-0.815806028,0.543744628,0.690635487,-0.476468867,-0.018488450,11106,104634.329519416,0.004923834,1,0.194600000,0.270051000,-0.701854000,0.118839515,0.704956660,-0.672618358,-0.191044030,1,0.297243384,0.153271307,-0.811229739,0.118839515,0.704956660,-0.672618358,-0.191044030
8.789404375,104634.346819791,vr_world,11106,104634.329519416,0.017300792,1,0.379668000,0.116127000,-0.630553000,0.543744628,0.690635487,-0.476468867,-0.018488450,1,0.373180146,0.161543862,-0.815806028,0.543744628,0.690635487,-0.476468867,-0.018488450,11106,104634.329519416,0.017300792,1,0.194600000,0.270051000,-0.701854000,0.118839515,0.704956660,-0.672618358,-0.191044030,1,0.297243384,0.153271307,-0.811229739,0.118839515,0.704956660,-0.672618358,-0.191044030
8.801820750,104634.359236166,vr_world,11107,104634.348924833,0.010311667,1,0.376831000,0.111944000,-0.627199000,0.527487696,0.705590706,-0.472963531,-0.014282320,1,0.372551401,0.163664916,-0.810856499,0.527487696,0.705590706,-0.472963531,-0.014282320,11107,104634.348924833,0.010311667,1,0.193756000,0.269459000,-0.700014000,0.117483782,0.705871459,-0.672179029,-0.190048409,1,0.296961901,0.152945466,-0.809143953,0.117483782,0.705871459,-0.672179029,-0.190048409
8.814233959,104634.371649375,vr_world,11108,104634.368809625,0.002840083,1,0.371908000,0.106621000,-0.624038000,0.494529449,0.729892316,-0.471882616,-0.004962718,1,0.373694678,0.169833709,-0.804105724,0.494529449,0.729892316,-0.471882616,-0.004962718,11108,104634.368809625,0.002840083,1,0.193035000,0.269031000,-0.698754000,0.113854021,0.707139131,-0.670660521,-0.192888511,1,0.296558585,0.153780010,-0.808918835,0.113854021,0.707139131,-0.670660521,-0.192888511
8.825733042,104634.383148458,vr_world,11108,104634.368809625,0.014348208,1,0.371908000,0.106621000,-0.624038000,0.494529449,0.729892316,-0.471882616,-0.004962718,1,0.373694678,0.169833709,-0.804105724,0.494529449,0.729892316,-0.471882616,-0.004962718,11108,104634.368809625,0.014348208,1,0.193035000,0.269031000,-0.698754000,0.113854021,0.707139131,-0.670660521,-0.192888511,1,0.296558585,0.153780010,-0.808918835,0.113854021,0.707139131,-0.670660521,-0.192888511
8.837888125,104634.395303541,vr_world,11109,104634.388073208,0.007230583,1,0.368641000,0.103631000,-0.622202000,0.476613190,0.740396303,-0.473971363,0.002080642,1,0.374785011,0.172247554,-0.800183643,0.476613190,0.740396303,-0.473971363,0.002080642,11109,104634.388073208,0.007230583,1,0.192322000,0.269096000,-0.698154000,0.110560972,0.708213341,-0.670406792,-0.191741671,1,0.296640327,0.154308075,-0.808052220,0.110560972,0.708213341,-0.670406792,-0.191741671
8.850307125,104634.407722541,vr_world,11110,104634.406798250,0.000924583,1,0.363161000,0.099553200,-0.618011000,0.453273011,0.753172896,-0.476402823,0.017734637,1,0.376026201,0.174032234,-0.793255980,0.453273011,0.753172896,-0.476402823,0.017734637,11110,104634.406798250,0.000924583,1,0.191400000,0.269063000,-0.696758000,0.106536790,0.708736288,-0.671028757,-0.189903117,1,0.296481574,0.154478442,-0.806140259,0.106536790,0.708736288,-0.671028757,-0.189903117
8.860352000,104634.417767416,vr_world,11110,104634.406798250,0.010969666,1,0.363161000,0.099553200,-0.618011000,0.453273011,0.753172896,-0.476402823,0.017734637,1,0.376026201,0.174032234,-0.793255980,0.453273011,0.753172896,-0.476402823,0.017734637,11110,104634.406798250,0.010969666,1,0.191400000,0.269063000,-0.696758000,0.106536790,0.708736288,-0.671028757,-0.189903117,1,0.296481574,0.154478442,-0.806140259,0.106536790,0.708736288,-0.671028757,-0.189903117
8.872752500,104634.430167916,vr_world,11111,104634.426106375,0.004061916,1,0.361419000,0.097270300,-0.616375000,0.446871897,0.761812015,-0.468307296,0.025223734,1,0.373913132,0.173854637,-0.790737251,0.446871897,0.761812015,-0.468307296,0.025223734,11111,104634.426106375,0.004061916,1,0.190865000,0.268952000,-0.695910000,0.103822565,0.709349650,-0.670974464,-0.189307206,1,0.296460801,0.154716738,-0.805162172,0.103822565,0.709349650,-0.670974464,-0.189307206
8.885158375,104634.442573791,vr_world,11111,104634.426106375,0.016467666,1,0.361419000,0.097270300,-0.616375000,0.446871897,0.761812015,-0.468307296,0.025223734,1,0.373913132,0.173854637,-0.790737251,0.446871897,0.761812015,-0.468307296,0.025223734,11111,104634.426106375,0.016467666,1,0.190865000,0.268952000,-0.695910000,0.103822565,0.709349650,-0.670974464,-0.189307206,1,0.296460801,0.154716738,-0.805162172,0.103822565,0.709349650,-0.670974464,-0.189307206
8.896690625,104634.454106041,vr_world,11112,104634.445327833,0.008778792,1,0.357417000,0.092604500,-0.613515000,0.430905790,0.773328490,-0.463139502,0.042249830,1,0.373381260,0.172875944,-0.785924732,0.430905790,0.773328490,-0.463139502,0.042249830,11112,104634.445327833,0.008778792,1,0.189538000,0.268864000,-0.694526000,0.097808439,0.712129086,-0.669507328,-0.187258142,1,0.296862298,0.155804239,-0.803315808,0.097808439,0.712129086,-0.669507328,-0.187258142
8.909103375,104634.466518791,vr_world,11113,104634.465858083,0.000661042,1,0.356140000,0.089659900,-0.610820000,0.426145120,0.777461093,-0.460009194,0.048436829,1,0.372822012,0.171014865,-0.782652870,0.426145120,0.777461093,-0.460009194,0.048436829,11113,104634.465858083,0.000661042,1,0.188999000,0.269068000,-0.694035000,0.094371323,0.713280517,-0.669455523,-0.184808712,1,0.297337439,0.156296925,-0.802116969,0.094371323,0.713280517,-0.669455523,-0.184808712
8.921517542,104634.478932958,vr_world,11113,104634.465858083,0.013075375,1,0.356140000,0.089659900,-0.610820000,0.426145120,0.777461093,-0.460009194,0.048436829,1,0.372822012,0.171014865,-0.782652870,0.426145120,0.777461093,-0.460009194,0.048436829,11113,104634.465858083,0.013075375,1,0.188999000,0.269068000,-0.694035000,0.094371323,0.713280517,-0.669455523,-0.184808712,1,0.297337439,0.156296925,-0.802116969,0.094371323,0.713280517,-0.669455523,-0.184808712
8.932399625,104634.489815041,vr_world,11114,104634.484468833,0.005346542,1,0.353964000,0.085293500,-0.609525000,0.411639818,0.785061950,-0.460083767,0.050530408,1,0.372519697,0.171450911,-0.778805959,0.411639818,0.785061950,-0.460083767,0.050530408,11114,104634.484468833,0.005346542,1,0.188930000,0.269343000,-0.693650000,0.093133634,0.713348747,-0.670201752,-0.182453565,1,0.297715277,0.156287147,-0.800982998,0.093133634,0.713348747,-0.670201752,-0.182453565
8.943686792,104634.501102208,vr_world,11114,104634.484468833,0.016633875,1,0.353964000,0.085293500,-0.609525000,0.411639818,0.785061950,-0.460083767,0.050530408,1,0.372519697,0.171450911,-0.778805959,0.411639818,0.785061950,-0.460083767,0.050530408,11114,104634.484468833,0.016633875,1,0.188930000,0.269343000,-0.693650000,0.093133634,0.713348747,-0.670201752,-0.182453565,1,0.297715277,0.156287147,-0.800982998,0.093133634,0.713348747,-0.670201752,-0.182453565
8.953733709,104634.511149125,vr_world,11115,104634.502882375,0.008267375,1,0.351180000,0.078913300,-0.606151000,0.390047059,0.797257641,-0.457326753,0.055639793,1,0.371850089,0.172021662,-0.771459818,0.390047059,0.797257641,-0.457326753,0.055639793,11115,104634.502882375,0.008267375,1,0.188345000,0.269651000,-0.692597000,0.090628336,0.714779155,-0.670176885,-0.178157814,1,0.298405455,0.156592795,-0.798619476,0.090628336,0.714779155,-0.670176885,-0.178157814
8.966137417,104634.523552833,vr_world,11116,104634.521627625,0.001925541,1,0.349480000,0.073776500,-0.603899000,0.377496163,0.804715182,-0.455198162,0.052199196,1,0.369871112,0.171779344,-0.766389333,0.377496163,0.804715182,-0.455198162,0.052199196,11116,104634.521627625,0.001925541,1,0.187959000,0.269779000,-0.692210000,0.089962730,0.716265830,-0.669887952,-0.173551433,1,0.299197094,0.156542374,-0.796803396,0.089962730,0.716265830,-0.669887952,-0.173551433
8.978549959,104634.535965375,vr_world,11116,104634.521627625,0.014338041,1,0.349480000,0.073776500,-0.603899000,0.377496163,0.804715182,-0.455198162,0.052199196,1,0.369871112,0.171779344,-0.766389333,0.377496163,0.804715182,-0.455198162,0.052199196,11116,104634.521627625,0.014338041,1,0.187959000,0.269779000,-0.692210000,0.089962730,0.716265830,-0.669887952,-0.173551433,1,0.299197094,0.156542374,-0.796803396,0.089962730,0.716265830,-0.669887952,-0.173551433
8.990958417,104634.548373833,vr_world,11117,104634.541420666,0.006953542,1,0.347601000,0.069959600,-0.603299000,0.365400169,0.807023341,-0.460812825,0.053362763,1,0.371192700,0.171201610,-0.763351832,0.365400169,0.807023341,-0.460812825,0.053362763,11117,104634.541420666,0.006953542,1,0.188070000,0.269770000,-0.691570000,0.088778596,0.716952952,-0.670342465,-0.169522285,1,0.300172343,0.156210109,-0.794882327,0.088778596,0.716952952,-0.670342465,-0.169522285
9.003366625,104634.560782041,vr_world,11117,104634.541420666,0.019361834,1,0.347601000,0.069959600,-0.603299000,0.365400169,0.807023341,-0.460812825,0.053362763,1,0.371192700,0.171201610,-0.763351832,0.365400169,0.807023341,-0.460812825,0.053362763,11117,104634.541420666,0.019361834,1,0.188070000,0.269770000,-0.691570000,0.088778596,0.716952952,-0.670342465,-0.169522285,1,0.300172343,0.156210109,-0.794882327,0.088778596,0.716952952,-0.670342465,-0.169522285
9.015770125,104634.573185541,vr_world,11118,104634.561222416,0.011963667,1,0.345534000,0.063427800,-0.600104000,0.353419457,0.809455979,-0.465163640,0.059148057,1,0.372754379,0.167270637,-0.757898633,0.353419457,0.809455979,-0.465163640,0.059148057,11118,104634.561222416,0.011963667,1,0.188258000,0.269800000,-0.690419000,0.085762528,0.716443127,-0.672741177,-0.163625618,1,0.301198158,0.155319918,-0.791785059,0.085762528,0.716443127,-0.672741177,-0.163625618
9.027038292,104634.584453708,vr_world,11119,104634.580159291,0.004294834,1,0.344874000,0.058956100,-0.599510000,0.344555714,0.812178582,-0.466931826,0.060182889,1,0.373643613,0.165273617,-0.755370041,0.344555714,0.812178582,-0.466931826,0.060182889,11119,104634.580159291,0.004294834,1,0.188520000,0.269388000,-0.689755000,0.083142785,0.716437052,-0.673858889,-0.160372770,1,0.302085716,0.154591873,-0.790059040,0.083142785,0.716437052,-0.673858889,-0.160372770
9.039443959,104634.596859375,vr_world,11119,104634.580159291,0.016700500,1,0.344874000,0.058956100,-0.599510000,0.344555714,0.812178582,-0.466931826,0.060182889,1,0.373643613,0.165273617,-0.755370041,0.344555714,0.812178582,-0.466931826,0.060182889,11119,104634.580159291,0.016700500,1,0.188520000,0.269388000,-0.689755000,0.083142785,0.716437052,-0.673858889,-0.160372770,1,0.302085716,0.154591873,-0.790059040,0.083142785,0.716437052,-0.673858889,-0.160372770
9.051858667,104634.609274083,vr_world,11120,104634.599611291,0.009663292,1,0.344897000,0.051042000,-0.596568000,0.333082341,0.821249378,-0.459494269,0.058912051,1,0.371756210,0.161835154,-0.749626617,0.333082341,0.821249378,-0.459494269,0.058912051,11120,104634.599611291,0.009663292,1,0.188834000,0.268847000,-0.688197000,0.077145303,0.715946485,-0.676646737,-0.153682878,1,0.303553264,0.153288215,-0.786288210,0.077145303,0.715946485,-0.676646737,-0.153682878
9.063068084,104634.620483500,vr_world,11121,104634.619199000,0.001285125,1,0.344275000,0.044700000,-0.595177000,0.323401852,0.827133425,-0.456580477,0.052875383,1,0.369755168,0.159480781,-0.745508518,0.323401852,0.827133425,-0.456580477,0.052875383,11121,104634.619199000,0.001285125,1,0.189483000,0.268231000,-0.687428000,0.073677094,0.714117565,-0.679784540,-0.150002560,1,0.304299172,0.151692398,-0.784238368,0.073677094,0.714117565,-0.679784540,-0.150002560
9.075476459,104634.632891875,vr_world,11121,104634.619199000,0.013693208,1,0.344275000,0.044700000,-0.595177000,0.323401852,0.827133425,-0.456580477,0.052875383,1,0.369755168,0.159480781,-0.745508518,0.323401852,0.827133425,-0.456580477,0.052875383,11121,104634.619199000,0.013693208,1,0.189483000,0.268231000,-0.687428000,0.073677094,0.714117565,-0.679784540,-0.150002560,1,0.304299172,0.151692398,-0.784238368,0.073677094,0.714117565,-0.679784540,-0.150002560
9.087886792,104634.645302208,vr_world,11122,104634.638765541,0.006537167,1,0.343236000,0.039429500,-0.594674000,0.311352050,0.829122324,-0.461878354,0.047796011,1,0.370626288,0.157902745,-0.741770319,0.311352050,0.829122324,-0.461878354,0.047796011,11122,104634.638765541,0.006537167,1,0.190968000,0.267397000,-0.686646000,0.072089113,0.710544267,-0.684063015,-0.148282826,1,0.304874178,0.149397136,-0.782758606,0.072089113,0.710544267,-0.684063015,-0.148282826
9.100314750,104634.657730166,vr_world,11122,104634.638765541,0.018965084,1,0.343236000,0.039429500,-0.594674000,0.311352050,0.829122324,-0.461878354,0.047796011,1,0.370626288,0.157902745,-0.741770319,0.311352050,0.829122324,-0.461878354,0.047796011,11122,104634.638765541,0.018965084,1,0.190968000,0.267397000,-0.686646000,0.072089113,0.710544267,-0.684063015,-0.148282826,1,0.304874178,0.149397136,-0.782758606,0.072089113,0.710544267,-0.684063015,-0.148282826
9.111064417,104634.668479833,vr_world,11123,104634.658367458,0.010112875,1,0.342510000,0.031019500,-0.593320000,0.296257945,0.830505741,-0.470093534,0.038775156,1,0.372470996,0.154093628,-0.736073530,0.296257945,0.830505741,-0.470093534,0.038775156,11123,104634.658367458,0.010112875,1,0.193418000,0.265555000,-0.684813000,0.067680225,0.705227924,-0.689929914,-0.148558661,1,0.305781965,0.146033930,-0.780861325,0.067680225,0.705227924,-0.689929914,-0.148558661
9.123439750,104634.680855166,vr_world,11124,104634.677593583,0.003261833,1,0.343117000,0.027749700,-0.592425000,0.296126039,0.830928872,-0.469962766,0.031647705,1,0.371837512,0.151738580,-0.734640823,0.296126039,0.830928872,-0.469962766,0.031647705,11124,104634.677593583,0.003261833,1,0.194815000,0.263845000,-0.683480000,0.063706555,0.703377460,-0.691147468,-0.153351888,1,0.306290098,0.144765126,-0.781099082,0.063706555,0.703377460,-0.691147468,-0.153351888
9.134746000,104634.692161416,vr_world,11124,104634.677593583,0.014568833,1,0.343117000,0.027749700,-0.592425000,0.296126039,0.830928872,-0.469962766,0.031647705,1,0.371837512,0.151738580,-0.734640823,0.296126039,0.830928872,-0.469962766,0.031647705,11124,104634.677593583,0.014568833,1,0.194815000,0.263845000,-0.683480000,0.063706555,0.703377460,-0.691147468,-0.153351888,1,0.306290098,0.144765126,-0.781099082,0.063706555,0.703377460,-0.691147468,-0.153351888
9.146066042,104634.703481458,vr_world,11125,104634.697234750,0.006247250,1,0.342645000,0.020684500,-0.590442000,0.291613282,0.832621685,-0.470229547,0.024227994,1,0.370599452,0.146779646,-0.730948318,0.291613282,0.832621685,-0.470229547,0.024227994,11125,104634.697234750,0.006247250,1,0.197202000,0.261419000,-0.681753000,0.055998466,0.698978788,-0.695329215,-0.157512249,1,0.307298189,0.142142819,-0.780688654,0.055998466,0.698978788,-0.695329215,-0.157512249
9.156433500,104634.713848916,vr_world,11125,104634.697234750,0.016614500,1,0.342645000,0.020684500,-0.590442000,0.291613282,0.832621685,-0.470229547,0.024227994,1,0.370599452,0.146779646,-0.730948318,0.291613282,0.832621685,-0.470229547,0.024227994,11125,104634.697234750,0.016614500,1,0.197202000,0.261419000,-0.681753000,0.055998466,0.698978788,-0.695329215,-0.157512249,1,0.307298189,0.142142819,-0.780688654,0.055998466,0.698978788,-0.695329215,-0.157512249
9.168862459,104634.726277875,vr_world,11126,104634.717134291,0.009144125,1,0.341972000,0.016685900,-0.589381000,0.289688350,0.835151754,-0.467015691,0.022328276,1,0.368606380,0.143848919,-0.729179394,0.289688350,0.835151754,-0.467015691,0.022328276,11126,104634.717134291,0.009144125,1,0.198600000,0.260122000,-0.680918000,0.052057440,0.696021513,-0.698074731,-0.159799080,1,0.307732576,0.140554112,-0.780566675,0.052057440,0.696021513,-0.698074731,-0.159799080
9.180333334,104634.737748750,vr_world,11127,104634.736193458,0.001555917,1,0.340406000,0.012542900,-0.588978000,0.283061646,0.836605536,-0.468497857,0.021841232,1,0.368038777,0.141403155,-0.727017621,0.283061646,0.836605536,-0.468497857,0.021841232,11127,104634.736193458,0.001555917,1,0.200137000,0.258875000,-0.680312000,0.048871469,0.692769056,-0.701436835,-0.160215419,1,0.308353141,0.138548974,-0.780047278,0.048871469,0.692769056,-0.701436835,-0.160215419
9.192733917,104634.750149333,vr_world,11127,104634.736193458,0.013956250,1,0.340406000,0.012542900,-0.588978000,0.283061646,0.836605536,-0.468497857,0.021841232,1,0.368038777,0.141403155,-0.727017621,0.283061646,0.836605536,-0.468497857,0.021841232,11127,104634.736193458,0.013956250,1,0.200137000,0.258875000,-0.680312000,0.048871469,0.692769056,-0.701436835,-0.160215419,1,0.308353141,0.138548974,-0.780047278,0.048871469,0.692769056,-0.701436835,-0.160215419
9.205140959,104634.762556375,vr_world,11128,104634.755359458,0.007197375,1,0.337741000,0.006019450,-0.587722000,0.273992748,0.837187206,-0.472772339,0.023062342,1,0.367861242,0.136711892,-0.723500113,0.273992748,0.837187206,-0.472772339,0.023062342,11128,104634.755359458,0.007197375,1,0.202541000,0.256087000,-0.678466000,0.042440054,0.689147953,-0.704629100,-0.163620816,1,0.309671832,0.135714613,-0.779310961,0.042440054,0.689147953,-0.704629100,-0.163620816
9.217566834,104634.774982250,vr_world,11129,104634.774975500,0.000007083,1,0.335553000,0.002378700,-0.587300000,0.268433713,0.837093004,-0.475950065,0.026271272,1,0.367790876,0.133826153,-0.721857483,0.268433713,0.837093004,-0.475950065,0.026271272,11129,104634.774975500,0.000007083,1,0.203441000,0.254629000,-0.677707000,0.038353835,0.689524578,-0.704310203,-0.164414042,1,0.311000720,0.134905627,-0.778867526,0.038353835,0.689524578,-0.704310203,-0.164414042
9.228401125,104634.785816541,vr_world,11129,104634.774975500,0.010841541,1,0.335553000,0.002378700,-0.587300000,0.268433713,0.837093004,-0.475950065,0.026271272,1,0.367790876,0.133826153,-0.721857483,0.268433713,0.837093004,-0.475950065,0.026271272,11129,104634.774975500,0.010841541,1,0.203441000,0.254629000,-0.677707000,0.038353835,0.689524578,-0.704310203,-0.164414042,1,0.311000720,0.134905627,-0.778867526,0.038353835,0.689524578,-0.704310203,-0.164414042
9.240818667,104634.798234083,vr_world,11130,104634.795168125,0.003066458,1,0.332696000,-0.003871830,-0.587150000,0.257513730,0.837877401,-0.480683246,0.024326046,1,0.367230995,0.130087728,-0.718624963,0.257513730,0.837877401,-0.480683246,0.024326046,11130,104634.795168125,0.003066458,1,0.205761000,0.252685000,-0.676368000,0.031556398,0.686551354,-0.707305164,-0.165441343,1,0.312797800,0.132794523,-0.777884517,0.031556398,0.686551354,-0.707305164,-0.165441343
9.253201375,104634.810616791,vr_world,11130,104634.795168125,0.015449041,1,0.332696000,-0.003871830,-0.587150000,0.257513730,0.837877401,-0.480683246,0.024326046,1,0.367230995,0.130087728,-0.718624963,0.257513730,0.837877401,-0.480683246,0.024326046,11130,104634.795168125,0.015449041,1,0.205761000,0.252685000,-0.676368000,0.031556398,0.686551354,-0.707305164,-0.165441343,1,0.312797800,0.132794523,-0.777884517,0.031556398,0.686551354,-0.707305164,-0.165441343
9.263405459,104634.820820875,vr_world,11131,104634.814594041,0.006227250,1,0.332274000,-0.006327980,-0.587095000,0.254501994,0.841391271,-0.476284370,0.021039558,1,0.364907882,0.129223756,-0.717418525,0.254501994,0.841391271,-0.476284370,0.021039558,11131,104634.814594041,0.006227250,1,0.207493000,0.251866000,-0.675726000,0.029933626,0.683167460,-0.710805910,-0.164745735,1,0.313553429,0.130887754,-0.776976597,0.029933626,0.683167460,-0.710805910,-0.164745735
9.273745709,104634.831161125,vr_world,11131,104634.814594041,0.016567459,1,0.332274000,-0.006327980,-0.587095000,0.254501994,0.841391271,-0.476284370,0.021039558,1,0.364907882,0.129223756,-0.717418525,0.254501994,0.841391271,-0.476284370,0.021039558,11131,104634.814594041,0.016567459,1,0.207493000,0.251866000,-0.675726000,0.029933626,0.683167460,-0.710805910,-0.164745735,1,0.313553429,0.130887754,-0.776976597,0.029933626,0.683167460,-0.710805910,-0.164745735
9.284399959,104634.841815375,vr_world,11132,104634.833967541,0.007848334,1,0.331046000,-0.008451180,-0.586590000,0.254801212,0.843174155,-0.473013001,0.019808783,1,0.362255141,0.127497493,-0.716848924,0.254801212,0.843174155,-0.473013001,0.019808783,11132,104634.833967541,0.007848334,1,0.208832000,0.251012000,-0.674797000,0.029164849,0.679724691,-0.713855808,-0.165932642,1,0.313602788,0.129199093,-0.776388917,0.029164849,0.679724691,-0.713855808,-0.165932642
9.296826959,104634.854242375,vr_world,11133,104634.853588541,0.000654125,1,0.327380000,-0.012694400,-0.586012000,0.250947600,0.842703850,-0.475779856,0.022562198,1,0.360334882,0.123628978,-0.715446782,0.250947600,0.842703850,-0.475779856,0.022562198,11133,104634.853588541,0.000654125,1,0.210735000,0.249089000,-0.673439000,0.024060562,0.676046115,-0.717543599,-0.165873217,1,0.314691650,0.126578599,-0.775028585,0.024060562,0.676046115,-0.717543599,-0.165873217
9.309223875,104634.866639291,vr_world,11133,104634.853588541,0.013051250,1,0.327380000,-0.012694400,-0.586012000,0.250947600,0.842703850,-0.475779856,0.022562198,1,0.360334882,0.123628978,-0.715446782,0.250947600,0.842703850,-0.475779856,0.022562198,11133,104634.853588541,0.013051250,1,0.210735000,0.249089000,-0.673439000,0.024060562,0.676046115,-0.717543599,-0.165873217,1,0.314691650,0.126578599,-0.775028585,0.024060562,0.676046115,-0.717543599,-0.165873217
9.321612292,104634.879027708,vr_world,11134,104634.873391958,0.005636042,1,0.324898000,-0.014821100,-0.585873000,0.248196394,0.841356676,-0.479347108,0.027273503,1,0.360111401,0.121291858,-0.714934142,0.248196394,0.841356676,-0.479347108,0.027273503,11134,104634.873391958,0.005636042,1,0.211325000,0.247911000,-0.672416000,0.019754951,0.676516544,-0.717326517,-0.165462309,1,0.315926572,0.125895680,-0.773939377,0.019754951,0.676516544,-0.717326517,-0.165462309
9.333990500,104634.891405916,vr_world,11134,104634.873391958,0.018014292,1,0.324898000,-0.014821100,-0.585873000,0.248196394,0.841356676,-0.479347108,0.027273503,1,0.360111401,0.121291858,-0.714934142,0.248196394,0.841356676,-0.479347108,0.027273503,11134,104634.873391958,0.018014292,1,0.211325000,0.247911000,-0.672416000,0.019754951,0.676516544,-0.717326517,-0.165462309,1,0.315926572,0.125895680,-0.773939377,0.019754951,0.676516544,-0.717326517,-0.165462309
9.346105334,104634.903520750,vr_world,11135,104634.892974458,0.010546750,1,0.321015000,-0.019658500,-0.586506000,0.238804852,0.844076012,-0.478949927,0.033390053,1,0.357718688,0.118141603,-0.713342404,0.238804852,0.844076012,-0.478949927,0.033390053,11135,104634.892974458,0.010546750,1,0.213347000,0.246649000,-0.670688000,0.014433730,0.669717524,-0.724206268,-0.163692964,1,0.316211095,0.122694851,-0.771636495,0.014433730,0.669717524,-0.724206268,-0.163692964
9.356424292,104634.913839708,vr_world,11136,104634.912470708,0.001369375,1,0.318811000,-0.021913800,-0.587606000,0.232049770,0.846522236,-0.477552231,0.038689482,1,0.356289628,0.117104255,-0.712876677,0.232049770,0.846522236,-0.477552231,0.038689482,11136,104634.912470708,0.001369375,1,0.214009000,0.246091000,-0.669397000,0.012960008,0.663030963,-0.730844367,-0.161519322,1,0.314803126,0.119846323,-0.769591972,0.012960008,0.663030963,-0.730844367,-0.161519322
9.368786125,104634.926201541,vr_world,11136,104634.912470708,0.013731333,1,0.318811000,-0.021913800,-0.587606000,0.232049770,0.846522236,-0.477552231,0.038689482,1,0.356289628,0.117104255,-0.712876677,0.232049770,0.846522236,-0.477552231,0.038689482,11136,104634.912470708,0.013731333,1,0.214009000,0.246091000,-0.669397000,0.012960008,0.663030963,-0.730844367,-0.161519322,1,0.314803126,0.119846323,-0.769591972,0.012960008,0.663030963,-0.730844367,-0.161519322
9.380623750,104634.938039166,vr_world,11137,104634.932391875,0.005647958,1,0.314610000,-0.025340100,-0.588393000,0.226719139,0.845785412,-0.480519022,0.048445205,1,0.355074979,0.113596864,-0.712821923,0.226719139,0.845785412,-0.480519022,0.048445205,11137,104634.932391875,0.005647958,1,0.214783000,0.244473000,-0.667555000,0.005700295,0.653570205,-0.740444040,-0.156703914,1,0.313312355,0.115284452,-0.766238981,0.005700295,0.653570205,-0.740444040,-0.156703914
9.392627792,104634.950043208,vr_world,11137,104634.932391875,0.017651541,1,0.314610000,-0.025340100,-0.588393000,0.226719139,0.845785412,-0.480519022,0.048445205,1,0.355074979,0.113596864,-0.712821923,0.226719139,0.845785412,-0.480519022,0.048445205,11137,104634.932391875,0.017651541,1,0.214783000,0.244473000,-0.667555000,0.005700295,0.653570205,-0.740444040,-0.156703914,1,0.313312355,0.115284452,-0.766238981,0.005700295,0.653570205,-0.740444040,-0.156703914
9.404418042,104634.961833458,vr_world,11138,104634.952476458,0.009357417,1,0.312235000,-0.027126800,-0.589241000,0.225468291,0.843498755,-0.484541844,0.053787564,1,0.355123664,0.111084919,-0.713665879,0.225468291,0.843498755,-0.484541844,0.053787564,11138,104634.952476458,0.009357417,1,0.214767000,0.242972000,-0.666685000,0.001869102,-0.650482882,0.743805904,0.153692236,1,0.313229154,0.113096891,-0.764531536,0.001869102,-0.650482882,0.743805904,0.153692236
9.416208209,104634.973623625,vr_world,11139,104634.972018208,0.001605792,1,0.308747000,-0.030571400,-0.591188000,0.221113981,0.841789987,-0.488936770,0.058643498,1,0.354328683,0.107646880,-0.714644318,0.221113981,0.841789987,-0.488936770,0.058643498,11139,104634.972018208,0.001605792,1,0.215367000,0.240001000,-0.664660000,0.016317749,-0.644668786,0.748647892,0.153825295,1,0.313222102,0.109941016,-0.762869001,0.016317749,-0.644668786,0.748647892,0.153825295
9.428402125,104634.985817541,vr_world,11139,104634.972018208,0.013799792,1,0.308747000,-0.030571400,-0.591188000,0.221113981,0.841789987,-0.488936770,0.058643498,1,0.354328683,0.107646880,-0.714644318,0.221113981,0.841789987,-0.488936770,0.058643498,11139,104634.972018208,0.013799792,1,0.215367000,0.240001000,-0.664660000,0.016317749,-0.644668786,0.748647892,0.153825295,1,0.313222102,0.109941016,-0.762869001,0.016317749,-0.644668786,0.748647892,0.153825295
9.440761625,104634.998177041,vr_world,11140,104634.990787166,0.007390209,1,0.307604000,-0.032265000,-0.592356000,0.220411735,0.843229773,-0.486978146,0.056872691,1,0.352220476,0.106543389,-0.715502505,0.220411735,0.843229773,-0.486978146,0.056872691,11140,104634.990787166,0.007390209,1,0.215601000,0.238130000,-0.663214000,0.026326193,-0.640745478,0.750630733,0.159077552,1,0.312675052,0.108977137,-0.763375819,0.026326193,-0.640745478,0.750630733,0.159077552
9.452426667,104635.009842083,vr_world,11140,104634.990787166,0.019055542,1,0.307604000,-0.032265000,-0.592356000,0.220411735,0.843229773,-0.486978146,0.056872691,1,0.352220476,0.106543389,-0.715502505,0.220411735,0.843229773,-0.486978146,0.056872691,11140,104634.990787166,0.019055542,1,0.215601000,0.238130000,-0.663214000,0.026326193,-0.640745478,0.750630733,0.159077552,1,0.312675052,0.108977137,-0.763375819,0.026326193,-0.640745478,0.750630733,0.159077552
9.463076959,104635.020492375,vr_world,11141,104635.010365875,0.010127125,1,0.306149000,-0.033632000,-0.593356000,0.220361714,0.844413776,-0.485002365,0.056380821,1,0.349951541,0.105471315,-0.716461766,0.220361714,0.844413776,-0.485002365,0.056380821,11141,104635.010365875,0.010127125,1,0.216025000,0.236740000,-0.662374000,0.033481976,-0.635299054,0.754816502,0.159768950,1,0.311849386,0.106984783,-0.762959772,0.033481976,-0.635299054,0.754816502,0.159768950
9.475462750,104635.032878166,vr_world,11142,104635.029623208,0.003255292,1,0.302962000,-0.036370700,-0.595513000,0.217420949,0.844537799,-0.485998567,0.057353548,1,0.347479978,0.103211369,-0.717817758,0.217420949,0.844537799,-0.485998567,0.057353548,11142,104635.029623208,0.003255292,1,0.217004000,0.234004000,-0.660608000,0.043353546,-0.625149794,0.762521048,0.160841092,1,0.310137009,0.102834280,-0.761884849,0.043353546,-0.625149794,0.762521048,0.160841092
9.487065209,104635.044480625,vr_world,11142,104635.029623208,0.014857750,1,0.302962000,-0.036370700,-0.595513000,0.217420949,0.844537799,-0.485998567,0.057353548,1,0.347479978,0.103211369,-0.717817758,0.217420949,0.844537799,-0.485998567,0.057353548,11142,104635.029623208,0.014857750,1,0.217004000,0.234004000,-0.660608000,0.043353546,-0.625149794,0.762521048,0.160841092,1,0.310137009,0.102834280,-0.761884849,0.043353546,-0.625149794,0.762521048,0.160841092
9.499474209,104635.056889625,vr_world,11143,104635.049434958,0.007455125,1,0.301446000,-0.037343500,-0.597105000,0.216806540,0.844106145,-0.486943750,0.058013137,1,0.346460934,0.102202977,-0.719268228,0.216806540,0.844106145,-0.486943750,0.058013137,11143,104635.049434958,0.007455125,1,0.217522000,0.232102000,-0.659545000,0.044769359,-0.621251342,0.765305524,0.162326617,1,0.309251838,0.100383983,-0.761389307,0.044769359,-0.621251342,0.765305524,0.162326617
9.510610584,104635.068026000,vr_world,11143,104635.049434958,0.018591625,1,0.301446000,-0.037343500,-0.597105000,0.216806540,0.844106145,-0.486943750,0.058013137,1,0.346460934,0.102202977,-0.719268228,0.216806540,0.844106145,-0.486943750,0.058013137,11143,104635.049434958,0.018591625,1,0.217522000,0.232102000,-0.659545000,0.044769359,-0.621251342,0.765305524,0.162326617,1,0.309251838,0.100383983,-0.761389307,0.044769359,-0.621251342,0.765305524,0.162326617
9.523017084,104635.080432500,vr_world,11144,104635.068656666,0.011777042,1,0.299937000,-0.037962800,-0.598278000,0.219554057,0.842861681,-0.487449069,0.061429695,1,0.345501340,0.100506737,-0.721458883,0.219554057,0.842861681,-0.487449069,0.061429695,11144,104635.068656666,0.011777042,1,0.217987000,0.230507000,-0.658736000,0.045004986,-0.616948487,0.768520260,0.163480045,1,0.308041054,0.097972651,-0.761015827,0.045004986,-0.616948487,0.768520260,0.163480045
9.533379709,104635.090795125,vr_world,11145,104635.088223750,0.002572416,1,0.296761000,-0.039886600,-0.600344000,0.221786902,0.840338177,-0.490012845,0.067303262,1,0.344074946,0.097103166,-0.724515829,0.221786902,0.840338177,-0.490012845,0.067303262,11145,104635.088223750,0.002572416,1,0.218739000,0.227306000,-0.657729000,0.049012492,-0.609196715,0.774547145,0.162953546,1,0.306413973,0.093224143,-0.760058722,0.049012492,-0.609196715,0.774547145,0.162953546
9.545734584,104635.103150000,vr_world,11145,104635.088223750,0.014926833,1,0.296761000,-0.039886600,-0.600344000,0.221786902,0.840338177,-0.490012845,0.067303262,1,0.344074946,0.097103166,-0.724515829,0.221786902,0.840338177,-0.490012845,0.067303262,11145,104635.088223750,0.014926833,1,0.218739000,0.227306000,-0.657729000,0.049012492,-0.609196715,0.774547145,0.162953546,1,0.306413973,0.093224143,-0.760058722,0.049012492,-0.609196715,0.774547145,0.162953546
9.558128750,104635.115544166,vr_world,11146,104635.108197458,0.007347333,1,0.294903000,-0.041497600,-0.601832000,0.220667790,0.840989297,-0.488714601,0.072116346,1,0.342575926,0.095396769,-0.725971788,0.220667790,0.840989297,-0.488714601,0.072116346,11146,104635.108197458,0.007347333,1,0.218928000,0.225665000,-0.657500000,0.049097403,-0.606599211,0.776833277,0.161730955,1,0.305723480,0.090743285,-0.759474979,0.049097403,-0.606599211,0.776833277,0.161730955
9.570537750,104635.127953166,vr_world,11147,104635.127733500,0.000220166,1,0.292087000,-0.044122300,-0.604688000,0.215763201,0.838654193,-0.494786371,0.072744986,1,0.342432117,0.093131120,-0.727367818,0.215763201,0.838654193,-0.494786371,0.072744986,11147,104635.127733500,0.000220166,1,0.220009000,0.223039000,-0.657323000,0.049318216,-0.597728249,0.784309226,0.158580236,1,0.303696438,0.085509727,-0.758408835,0.049318216,-0.597728249,0.784309226,0.158580236
9.582919792,104635.140335208,vr_world,11147,104635.127733500,0.012602333,1,0.292087000,-0.044122300,-0.604688000,0.215763201,0.838654193,-0.494786371,0.072744986,1,0.342432117,0.093131120,-0.727367818,0.215763201,0.838654193,-0.494786371,0.072744986,11147,104635.127733500,0.012602333,1,0.220009000,0.223039000,-0.657323000,0.049318216,-0.597728249,0.784309226,0.158580236,1,0.303696438,0.085509727,-0.758408835,0.049318216,-0.597728249,0.784309226,0.158580236
9.593692959,104635.151108375,vr_world,11148,104635.146977958,0.004130875,1,0.291200000,-0.046074400,-0.605793000,0.212986525,0.839916936,-0.494337247,0.069332298,1,0.341006443,0.092265996,-0.727467539,0.212986525,0.839916936,-0.494337247,0.069332298,11148,104635.146977958,0.004130875,1,0.220663000,0.221214000,-0.657537000,0.047345387,-0.594156179,0.787141273,0.158573221,1,0.302741442,0.082696948,-0.758593291,0.047345387,-0.594156179,0.787141273,0.158573221
9.606021834,104635.163437250,vr_world,11148,104635.146977958,0.016459958,1,0.291200000,-0.046074400,-0.605793000,0.212986525,0.839916936,-0.494337247,0.069332298,1,0.341006443,0.092265996,-0.727467539,0.212986525,0.839916936,-0.494337247,0.069332298,11148,104635.146977958,0.016459958,1,0.220663000,0.221214000,-0.657537000,0.047345387,-0.594156179,0.787141273,0.158573221,1,0.302741442,0.082696948,-0.758593291,0.047345387,-0.594156179,0.787141273,0.158573221
9.617745417,104635.175160833,vr_world,11149,104635.166370500,0.008795000,1,0.290445000,-0.047884700,-0.607155000,0.209135134,0.841121327,-0.494503037,0.065147179,1,0.339896763,0.091787067,-0.727445214,0.209135134,0.841121327,-0.494503037,0.065147179,11149,104635.166370500,0.008795000,1,0.220986000,0.218827000,-0.657947000,0.048426382,-0.595162131,0.785961028,0.160319014,1,0.303458342,0.080978013,-0.759594401,0.048426382,-0.595162131,0.785961028,0.160319014
9.628402792,104635.185818208,vr_world,11150,104635.185500958,0.000318042,1,0.288825000,-0.050734600,-0.609115000,0.206665789,0.840696459,-0.497112684,0.058289749,1,0.338356543,0.089901822,-0.728242944,0.206665789,0.840696459,-0.497112684,0.058289749,11150,104635.185500958,0.000318042,1,0.221966000,0.215126000,-0.658414000,0.051630297,-0.593895252,0.785764149,0.164916480,1,0.304032633,0.078234764,-0.761671407,0.051630297,-0.593895252,0.785764149,0.164916480
9.639848084,104635.197263500,vr_world,11150,104635.185500958,0.011763167,1,0.288825000,-0.050734600,-0.609115000,0.206665789,0.840696459,-0.497112684,0.058289749,1,0.338356543,0.089901822,-0.728242944,0.206665789,0.840696459,-0.497112684,0.058289749,11150,104635.185500958,0.011763167,1,0.221966000,0.215126000,-0.658414000,0.051630297,-0.593895252,0.785764149,0.164916480,1,0.304032633,0.078234764,-0.761671407,0.051630297,-0.593895252,0.785764149,0.164916480
9.652207084,104635.209622500,vr_world,11151,104635.205850166,0.003773084,1,0.288694000,-0.052430800,-0.610430000,0.205871033,0.841622603,-0.496372024,0.053882513,1,0.337327740,0.088941991,-0.729055270,0.205871033,0.841622603,-0.496372024,0.053882513,11151,104635.205850166,0.003773084,1,0.223180000,0.213436000,-0.659200000,0.052479217,-0.590347878,0.787769016,0.167795384,1,0.303800162,0.076442474,-0.763456215,0.052479217,-0.590347878,0.787769016,0.167795384
9.663833334,104635.221248750,vr_world,11151,104635.205850166,0.015399084,1,0.288694000,-0.052430800,-0.610430000,0.205871033,0.841622603,-0.496372024,0.053882513,1,0.337327740,0.088941991,-0.729055270,0.205871033,0.841622603,-0.496372024,0.053882513,11151,104635.205850166,0.015399084,1,0.223180000,0.213436000,-0.659200000,0.052479217,-0.590347878,0.787769016,0.167795384,1,0.303800162,0.076442474,-0.763456215,0.052479217,-0.590347878,0.787769016,0.167795384
9.674812750,104635.232228166,vr_world,11152,104635.223921625,0.008307083,1,0.288161000,-0.055450600,-0.612554000,0.205588427,0.842552159,-0.495650543,0.046581085,1,0.335445153,0.086832304,-0.730635427,0.205588427,0.842552159,-0.495650543,0.046581085,11152,104635.223921625,0.008307083,1,0.224785000,0.209956000,-0.660219000,0.053241780,-0.583590945,0.791464661,0.173696900,1,0.302511200,0.072820334,-0.766467245,0.053241780,-0.583590945,0.791464661,0.173696900
9.687207042,104635.244622458,vr_world,11153,104635.242439416,0.002183334,1,0.287802000,-0.057175400,-0.613771000,0.206787782,0.841656158,-0.497011340,0.042818842,1,0.334961181,0.085052279,-0.731968987,0.206787782,0.841656158,-0.497011340,0.042818842,11153,104635.242439416,0.002183334,1,0.225026000,0.207817000,-0.661193000,0.054513129,-0.583893327,0.790579822,0.176296473,1,0.302848691,0.071412667,-0.768308607,0.054513129,-0.583893327,0.790579822,0.176296473
9.699596792,104635.257012208,vr_world,11153,104635.242439416,0.014573167,1,0.287802000,-0.057175400,-0.613771000,0.206787782,0.841656158,-0.497011340,0.042818842,1,0.334961181,0.085052279,-0.731968987,0.206787782,0.841656158,-0.497011340,0.042818842,11153,104635.242439416,0.014573167,1,0.225026000,0.207817000,-0.661193000,0.054513129,-0.583893327,0.790579822,0.176296473,1,0.302848691,0.071412667,-0.768308607,0.054513129,-0.583893327,0.790579822,0.176296473
9.712007042,104635.269422458,vr_world,11154,104635.262457000,0.006965750,1,0.287443000,-0.058803200,-0.614984000,0.206783077,0.840114762,-0.499782061,0.040814666,1,0.335353804,0.083279450,-0.733053893,0.206783077,0.840114762,-0.499782061,0.040814666,11154,104635.262457000,0.006965750,1,0.225224000,0.205855000,-0.662117000,0.056192380,-0.585413193,0.788834451,0.178532964,1,0.303685762,0.070409804,-0.769980853,0.056192380,-0.585413193,0.788834451,0.178532964
9.723596417,104635.281011833,vr_world,11154,104635.262457000,0.018555333,1,0.287443000,-0.058803200,-0.614984000,0.206783077,0.840114762,-0.499782061,0.040814666,1,0.335353804,0.083279450,-0.733053893,0.206783077,0.840114762,-0.499782061,0.040814666,11154,104635.262457000,0.018555333,1,0.225224000,0.205855000,-0.662117000,0.056192380,-0.585413193,0.788834451,0.178532964,1,0.303685762,0.070409804,-0.769980853,0.056192380,-0.585413193,0.788834451,0.178532964
9.736008750,104635.293424166,vr_world,11155,104635.281857875,0.011566583,1,0.286559000,-0.062145700,-0.617265000,0.207054682,0.837866743,-0.503668347,0.037760774,1,0.335471868,0.079684003,-0.735228237,0.207054682,0.837866743,-0.503668347,0.037760774,11155,104635.281857875,0.011566583,1,0.225817000,0.202473000,-0.663791000,0.058648622,-0.585203073,0.788100457,0.181646283,1,0.304304606,0.067903099,-0.772726075,0.058648622,-0.585203073,0.788100457,0.181646283
9.746995209,104635.304410625,vr_world,11156,104635.301261208,0.003149792,1,0.285960000,-0.064155300,-0.618546000,0.207147605,0.836431173,-0.505891193,0.039330186,1,0.335934859,0.077195175,-0.736639161,0.207147605,0.836431173,-0.505891193,0.039330186,11156,104635.301261208,0.003149792,1,0.226333000,0.201137000,-0.664684000,0.058118723,-0.583085887,0.789637824,0.181948257,1,0.303926002,0.066134441,-0.773724791,0.058118723,-0.583085887,0.789637824,0.181948257
9.757949667,104635.315365083,vr_world,11156,104635.301261208,0.014104500,1,0.285960000,-0.064155300,-0.618546000,0.207147605,0.836431173,-0.505891193,0.039330186,1,0.335934859,0.077195175,-0.736639161,0.207147605,0.836431173,-0.505891193,0.039330186,11156,104635.301261208,0.014104500,1,0.226333000,0.201137000,-0.664684000,0.058118723,-0.583085887,0.789637824,0.181948257,1,0.303926002,0.066134441,-0.773724791,0.058118723,-0.583085887,0.789637824,0.181948257
9.770358334,104635.327773750,vr_world,11157,104635.320017625,0.007756458,1,0.285428000,-0.066211200,-0.619772000,0.207092192,0.835813610,-0.506830624,0.040634352,1,0.335952061,0.074889850,-0.737929631,0.207092192,0.835813610,-0.506830624,0.040634352,11157,104635.320017625,0.007756458,1,0.226854000,0.199828000,-0.665609000,0.056741832,-0.580189842,0.791937855,0.181644007,1,0.303185199,0.064020944,-0.774541131,0.056741832,-0.580189842,0.791937855,0.181644007
9.780404959,104635.337820375,vr_world,11157,104635.320017625,0.017803375,1,0.285428000,-0.066211200,-0.619772000,0.207092192,0.835813610,-0.506830624,0.040634352,1,0.335952061,0.074889850,-0.737929631,0.207092192,0.835813610,-0.506830624,0.040634352,11157,104635.320017625,0.017803375,1,0.226854000,0.199828000,-0.665609000,0.056741832,-0.580189842,0.791937855,0.181644007,1,0.303185199,0.064020944,-0.774541131,0.056741832,-0.580189842,0.791937855,0.181644007
9.792810709,104635.350226125,vr_world,11158,104635.339718416,0.010508167,1,0.284441000,-0.070046900,-0.622306000,0.204909728,0.834231974,-0.510268732,0.041168404,1,0.336494918,0.071019438,-0.739839365,0.204909728,0.834231974,-0.510268732,0.041168404,11158,104635.339718416,0.010508167,1,0.227526000,0.197000000,-0.667490000,0.056386406,-0.576965943,0.794256045,0.181901644,1,0.302567210,0.060562534,-0.776530662,0.056386406,-0.576965943,0.794256045,0.181901644
9.804402167,104635.361817583,vr_world,11159,104635.359170833,0.002647208,1,0.284017000,-0.072156000,-0.623670000,0.203482183,0.832897159,-0.512975042,0.041640491,1,0.337262117,0.068802163,-0.740798834,0.203482183,0.832897159,-0.512975042,0.041640491,11159,104635.359170833,0.002647208,1,0.227536000,0.195230000,-0.668470000,0.057690288,-0.577690094,0.793616950,0.181983851,1,0.303023334,0.059094414,-0.777580115,0.057690288,-0.577690094,0.793616950,0.181983851
9.816774542,104635.374189958,vr_world,11159,104635.359170833,0.015019417,1,0.284017000,-0.072156000,-0.623670000,0.203482183,0.832897159,-0.512975042,0.041640491,1,0.337262117,0.068802163,-0.740798834,0.203482183,0.832897159,-0.512975042,0.041640491,11159,104635.359170833,0.015019417,1,0.227536000,0.195230000,-0.668470000,0.057690288,-0.577690094,0.793616950,0.181983851,1,0.303023334,0.059094414,-0.777580115,0.057690288,-0.577690094,0.793616950,0.181983851
9.827030667,104635.384446083,vr_world,11160,104635.378466250,0.005980958,1,0.283304000,-0.076061100,-0.626031000,0.202634687,0.831193674,-0.516059687,0.041697242,1,0.337782034,0.064638708,-0.742903562,0.202634687,0.831193674,-0.516059687,0.041697242,11160,104635.378466250,0.005980958,1,0.228143000,0.191863000,-0.670112000,0.060046505,-0.577070966,0.793255908,0.184739229,1,0.303521117,0.056443923,-0.780184941,0.060046505,-0.577070966,0.793255908,0.184739229
9.839423584,104635.396839000,vr_world,11160,104635.378466250,0.018373291,1,0.283304000,-0.076061100,-0.626031000,0.202634687,0.831193674,-0.516059687,0.041697242,1,0.337782034,0.064638708,-0.742903562,0.202634687,0.831193674,-0.516059687,0.041697242,11160,104635.378466250,0.018373291,1,0.228143000,0.191863000,-0.670112000,0.060046505,-0.577070966,0.793255908,0.184739229,1,0.303521117,0.056443923,-0.780184941,0.060046505,-0.577070966,0.793255908,0.184739229
9.851834334,104635.409249750,vr_world,11161,104635.397534916,0.011715250,1,0.283079000,-0.078310500,-0.627336000,0.202422825,0.831345362,-0.515896989,0.041715522,1,0.337513287,0.062458262,-0.744145717,0.202422825,0.831345362,-0.515896989,0.041715522,11161,104635.397534916,0.011715250,1,0.228971000,0.189969000,-0.670837000,0.060958365,-0.575140057,0.793529277,0.189233398,1,0.303422986,0.055233212,-0.782368931,0.060958365,-0.575140057,0.793529277,0.189233398
9.864231209,104635.421646625,vr_world,11162,104635.418433500,0.003213416,1,0.283036000,-0.080490000,-0.628623000,0.201890159,0.832532914,-0.514232076,0.041166529,1,0.336799770,0.060694665,-0.745241183,0.201890159,0.832532914,-0.514232076,0.041166529,11162,104635.418433500,0.003213416,1,0.229712000,0.188128000,-0.671884000,0.060950193,-0.573137980,0.794275335,0.192157803,1,0.303195876,0.053634568,-0.784346859,0.060950193,-0.573137980,0.794275335,0.192157803
9.876644792,104635.434060208,vr_world,11162,104635.418433500,0.015627000,1,0.283036000,-0.080490000,-0.628623000,0.201890159,0.832532914,-0.514232076,0.041166529,1,0.336799770,0.060694665,-0.745241183,0.201890159,0.832532914,-0.514232076,0.041166529,11162,104635.418433500,0.015627000,1,0.229712000,0.188128000,-0.671884000,0.060950193,-0.573137980,0.794275335,0.192157803,1,0.303195876,0.053634568,-0.784346859,0.060950193,-0.573137980,0.794275335,0.192157803
9.889060375,104635.446475791,vr_world,11163,104635.436322291,0.010153959,1,0.282434000,-0.084092700,-0.630875000,0.202743911,0.832217089,-0.514445535,0.040686787,1,0.336148372,0.056920108,-0.747723812,0.202743911,0.832217089,-0.514445535,0.040686787,11163,104635.436322291,0.010153959,1,0.230301000,0.184447000,-0.673580000,0.062473201,-0.572594856,0.793388410,0.196893527,1,0.303452320,0.051059986,-0.787566728,0.062473201,-0.572594856,0.793388410,0.196893527
9.900404834,104635.457820250,vr_world,11164,104635.455230250,0.002590416,1,0.281851000,-0.085758500,-0.632367000,0.203768582,0.831533967,-0.514954301,0.043031314,1,0.336025480,0.054707737,-0.749660699,0.203768582,0.831533967,-0.514954301,0.043031314,11164,104635.455230250,0.002590416,1,0.230380000,0.182604000,-0.674700000,0.065051364,-0.573011222,0.792804434,0.197199364,1,0.304032004,0.049655360,-0.788876404,0.065051364,-0.573011222,0.792804434,0.197199364
9.912814750,104635.470230166,vr_world,11164,104635.455230250,0.015000291,1,0.281851000,-0.085758500,-0.632367000,0.203768582,0.831533967,-0.514954301,0.043031314,1,0.336025480,0.054707737,-0.749660699,0.203768582,0.831533967,-0.514954301,0.043031314,11164,104635.455230250,0.015000291,1,0.230380000,0.182604000,-0.674700000,0.065051364,-0.573011222,0.792804434,0.197199364,1,0.304032004,0.049655360,-0.788876404,0.065051364,-0.573011222,0.792804434,0.197199364
9.925237959,104635.482653375,vr_world,11165,104635.474276916,0.008377000,1,0.281360000,-0.088923600,-0.634799000,0.205618660,0.831469853,-0.514068749,0.045958362,1,0.335499205,0.050946154,-0.752819648,0.205618660,0.831469853,-0.514068749,0.045958362,11165,104635.474276916,0.008377000,1,0.231048000,0.179013000,-0.676690000,0.069359571,-0.572778344,0.792086264,0.199282635,1,0.305080297,0.046972491,-0.791671520,0.069359571,-0.572778344,0.792086264,0.199282635
9.937653459,104635.495068875,vr_world,11166,104635.493795291,0.001274000,1,0.281465000,-0.090346300,-0.635794000,0.208756100,0.832279830,-0.511253203,0.048490600,1,0.334699984,0.048941318,-0.754909179,0.208756100,0.832279830,-0.511253203,0.048490600,11166,104635.493795291,0.001274000,1,0.231743000,0.177143000,-0.677651000,0.071777560,-0.572352542,0.791646900,0.201384547,1,0.305815732,0.045770531,-0.793369507,0.071777560,-0.572352542,0.791646900,0.201384547
9.948445750,104635.505861166,vr_world,11166,104635.493795291,0.012066417,1,0.281465000,-0.090346300,-0.635794000,0.208756100,0.832279830,-0.511253203,0.048490600,1,0.334699984,0.048941318,-0.754909179,0.208756100,0.832279830,-0.511253203,0.048490600,11166,104635.493795291,0.012066417,1,0.231743000,0.177143000,-0.677651000,0.071777560,-0.572352542,0.791646900,0.201384547,1,0.305815732,0.045770531,-0.793369507,0.071777560,-0.572352542,0.791646900,0.201384547
9.960356709,104635.517772125,vr_world,11167,104635.513343000,0.004429583,1,0.281203000,-0.091635900,-0.636709000,0.212690832,0.830868801,-0.511692488,0.050896402,1,0.334689202,0.046424546,-0.757133341,0.212690832,0.830868801,-0.511692488,0.050896402,11167,104635.513343000,0.004429583,1,0.232512000,0.175184000,-0.678510000,0.073661283,-0.570946622,0.791745438,0.204286884,1,0.306126413,0.044417026,-0.795202601,0.073661283,-0.570946622,0.791745438,0.204286884
9.971882000,104635.529297416,vr_world,11167,104635.513343000,0.015954833,1,0.281203000,-0.091635900,-0.636709000,0.212690832,0.830868801,-0.511692488,0.050896402,1,0.334689202,0.046424546,-0.757133341,0.212690832,0.830868801,-0.511692488,0.050896402,11167,104635.513343000,0.015954833,1,0.232512000,0.175184000,-0.678510000,0.073661283,-0.570946622,0.791745438,0.204286884,1,0.306126413,0.044417026,-0.795202601,0.073661283,-0.570946622,0.791745438,0.204286884
9.984308459,104635.541723875,vr_world,11168,104635.532617208,0.009108333,1,0.281063000,-0.094687200,-0.639124000,0.216296213,0.830704482,-0.510259328,0.052739268,1,0.334039517,0.042533832,-0.760727181,0.216296213,0.830704482,-0.510259328,0.052739268,11168,104635.532617208,0.009108333,1,0.233161000,0.171272000,-0.680208000,0.079453790,-0.572360258,0.788647115,0.210063224,1,0.307752405,0.042799679,-0.798813178,0.079453790,-0.572360258,0.788647115,0.210063224
9.996402334,104635.553817750,vr_world,11169,104635.551700125,0.002118375,1,0.281057000,-0.096093900,-0.640799000,0.217054146,0.831268527,-0.509079565,0.052135689,1,0.333446872,0.041178950,-0.762597619,0.217054146,0.831268527,-0.509079565,0.052135689,11169,104635.551700125,0.002118375,1,0.233534000,0.169304000,-0.681064000,0.082863672,-0.575136900,0.785425434,0.213208925,1,0.309447603,0.042533012,-0.800656953,0.082863672,-0.575136900,0.785425434,0.213208925
10.008824334,104635.566239750,vr_world,11169,104635.551700125,0.014540125,1,0.281057000,-0.096093900,-0.640799000,0.217054146,0.831268527,-0.509079565,0.052135689,1,0.333446872,0.041178950,-0.762597619,0.217054146,0.831268527,-0.509079565,0.052135689,11169,104635.551700125,0.014540125,1,0.233534000,0.169304000,-0.681064000,0.082863672,-0.575136900,0.785425434,0.213208925,1,0.309447603,0.042533012,-0.800656953,0.082863672,-0.575136900,0.785425434,0.213208925
10.020646042,104635.578061458,vr_world,11170,104635.571452875,0.006609041,1,0.280951000,-0.098532500,-0.643099000,0.220811367,0.831649837,-0.506823848,0.052253960,1,0.332251935,0.038149632,-0.766020267,0.220811367,0.831649837,-0.506823848,0.052253960,11170,104635.571452875,0.006609041,1,0.235120000,0.166399000,-0.682600000,0.085451531,-0.573078649,0.784883320,0.219629398,1,0.310204232,0.041072406,-0.804221768,0.085451531,-0.573078649,0.784883320,0.219629398
10.033016709,104635.590432125,vr_world,11170,104635.571452875,0.018981333,1,0.280951000,-0.098532500,-0.643099000,0.220811367,0.831649837,-0.506823848,0.052253960,1,0.332251935,0.038149632,-0.766020267,0.220811367,0.831649837,-0.506823848,0.052253960,11170,104635.571452875,0.018981333,1,0.235120000,0.166399000,-0.682600000,0.085451531,-0.573078649,0.784883320,0.219629398,1,0.310204232,0.041072406,-0.804221768,0.085451531,-0.573078649,0.784883320,0.219629398
10.045444000,104635.602859416,vr_world,11171,104635.591039541,0.011822084,1,0.280827000,-0.099888100,-0.644426000,0.222500900,0.831715658,-0.506071945,0.051318615,1,0.331584274,0.036595790,-0.767792479,0.222500900,0.831715658,-0.506071945,0.051318615,11171,104635.591039541,0.011822084,1,0.235517000,0.165159000,-0.683357000,0.086273501,-0.571336260,0.785386104,0.222036999,1,0.309910077,0.040174286,-0.805752752,0.086273501,-0.571336260,0.785386104,0.222036999
10.057861209,104635.615276625,vr_world,11172,104635.611107250,0.004169833,1,0.280851000,-0.101214000,-0.646200000,0.221735033,0.832875651,-0.504657458,0.049724999,1,0.330888818,0.035817270,-0.769253141,0.221735033,0.832875651,-0.504657458,0.049724999,11172,104635.611107250,0.004169833,1,0.235419000,0.163943000,-0.684088000,0.089203451,-0.575489064,0.781898019,0.222464758,1,0.311769372,0.040251997,-0.806592583,0.089203451,-0.575489064,0.781898019,0.222464758
10.070297292,104635.627712708,vr_world,11172,104635.611107250,0.016606166,1,0.280851000,-0.101214000,-0.646200000,0.221735033,0.832875651,-0.504657458,0.049724999,1,0.330888818,0.035817270,-0.769253141,0.221735033,0.832875651,-0.504657458,0.049724999,11172,104635.611107250,0.016606166,1,0.235419000,0.163943000,-0.684088000,0.089203451,-0.575489064,0.781898019,0.222464758,1,0.311769372,0.040251997,-0.806592583,0.089203451,-0.575489064,0.781898019,0.222464758
10.082598542,104635.640013958,vr_world,11173,104635.629982333,0.010031917,1,0.280778000,-0.103236000,-0.649058000,0.222763835,0.834673092,-0.501430687,0.047585391,1,0.329208374,0.034211037,-0.772290470,0.222763835,0.834673092,-0.501430687,0.047585391,11173,104635.629982333,0.010031917,1,0.235241000,0.162988000,-0.684771000,0.096307033,-0.580163284,0.778084616,0.220725734,1,0.314543863,0.040710219,-0.806817684,0.096307033,-0.580163284,0.778084616,0.220725734
10.093708834,104635.651124250,vr_world,11174,104635.650576375,0.000550000,1,0.280461000,-0.103725000,-0.650709000,0.222958463,0.834709172,-0.501264039,0.047796281,1,0.328847641,0.033674829,-0.774011339,0.222958463,0.834709172,-0.501264039,0.047796281,11174,104635.650576375,0.000550000,1,0.235532000,0.162691000,-0.683625000,0.097429460,-0.581000554,0.776800515,0.222546211,1,0.315188491,0.041179008,-0.806205221,0.097429460,-0.581000554,0.776800515,0.222546211
10.106105917,104635.663521333,vr_world,11174,104635.650576375,0.012945458,1,0.280461000,-0.103725000,-0.650709000,0.222958463,0.834709172,-0.501264039,0.047796281,1,0.328847641,0.033674829,-0.774011339,0.222958463,0.834709172,-0.501264039,0.047796281,11174,104635.650576375,0.012945458,1,0.235532000,0.162691000,-0.683625000,0.097429460,-0.581000554,0.776800515,0.222546211,1,0.315188491,0.041179008,-0.806205221,0.097429460,-0.581000554,0.776800515,0.222546211
10.118538584,104635.675954000,vr_world,11175,104635.669430791,0.006523709,1,0.280339000,-0.104905000,-0.653552000,0.224865884,0.835633530,-0.498813084,0.048347143,1,0.327759189,0.032298510,-0.777447141,0.224865884,0.835633530,-0.498813084,0.048347143,11175,104635.669430791,0.006523709,1,0.234889000,0.161121000,-0.684264000,0.094462980,-0.584543383,0.773493261,0.226039718,1,0.315124308,0.040856069,-0.807693587,0.094462980,-0.584543383,0.773493261,0.226039718
10.128872167,104635.686287583,vr_world,11175,104635.669430791,0.016857667,1,0.280339000,-0.104905000,-0.653552000,0.224865884,0.835633530,-0.498813084,0.048347143,1,0.327759189,0.032298510,-0.777447141,0.224865884,0.835633530,-0.498813084,0.048347143,11175,104635.669430791,0.016857667,1,0.234889000,0.161121000,-0.684264000,0.094462980,-0.584543383,0.773493261,0.226039718,1,0.315124308,0.040856069,-0.807693587,0.094462980,-0.584543383,0.773493261,0.226039718
10.141261375,104635.698676791,vr_world,11176,104635.689384208,0.009292958,1,0.280390000,-0.105158000,-0.655402000,0.225549113,0.836283694,-0.497273058,0.049766318,1,0.327405755,0.031925074,-0.779584077,0.225549113,0.836283694,-0.497273058,0.049766318,11176,104635.689384208,0.009292958,1,0.234237000,0.161256000,-0.684039000,0.092604662,-0.587719068,0.772496352,0.221946074,1,0.315647092,0.040425281,-0.806139497,0.092604662,-0.587719068,0.772496352,0.221946074
10.151421292,104635.708836708,vr_world,11177,104635.708680833,0.000156250,1,0.280667000,-0.105891000,-0.658389000,0.227409576,0.837906866,-0.493692515,0.049645446,1,0.326196690,0.031207313,-0.783106767,0.227409576,0.837906866,-0.493692515,0.049645446,11177,104635.708680833,0.000156250,1,0.233058000,0.160323000,-0.683771000,0.087869878,-0.590353567,0.770742091,0.222975736,1,0.314626029,0.039728677,-0.805999790,0.087869878,-0.590353567,0.770742091,0.222975736
10.163149250,104635.720564666,vr_world,11177,104635.708680833,0.011884125,1,0.280667000,-0.105891000,-0.658389000,0.227409576,0.837906866,-0.493692515,0.049645446,1,0.326196690,0.031207313,-0.783106767,0.227409576,0.837906866,-0.493692515,0.049645446,11177,104635.708680833,0.011884125,1,0.233058000,0.160323000,-0.683771000,0.087869878,-0.590353567,0.770742091,0.222975736,1,0.314626029,0.039728677,-0.805999790,0.087869878,-0.590353567,0.770742091,0.222975736
10.175072167,104635.732487583,vr_world,11178,104635.727823041,0.004665042,1,0.280857000,-0.105787000,-0.660038000,0.227561013,0.839111049,-0.491641618,0.048960732,1,0.325503619,0.031600799,-0.784756642,0.227561013,0.839111049,-0.491641618,0.048960732,11178,104635.727823041,0.004665042,1,0.229544000,0.159593000,-0.683998000,0.089068403,-0.598982525,0.764625639,0.220532053,1,0.314632060,0.040489745,-0.805285499,0.089068403,-0.598982525,0.764625639,0.220532053
10.187498000,104635.744913416,vr_world,11178,104635.727823041,0.017090959,1,0.280857000,-0.105787000,-0.660038000,0.227561013,0.839111049,-0.491641618,0.048960732,1,0.325503619,0.031600799,-0.784756642,0.227561013,0.839111049,-0.491641618,0.048960732,11178,104635.727823041,0.017090959,1,0.229544000,0.159593000,-0.683998000,0.089068403,-0.598982525,0.764625639,0.220532053,1,0.314632060,0.040489745,-0.805285499,0.089068403,-0.598982525,0.764625639,0.220532053
10.199072875,104635.756488291,vr_world,11179,104635.747928458,0.008560500,1,0.280750000,-0.105478000,-0.661505000,0.228405382,0.839317748,-0.490783882,0.050078754,1,0.325191986,0.031688929,-0.786539358,0.228405382,0.839317748,-0.490783882,0.050078754,11179,104635.747928458,0.008560500,1,0.226334000,0.158912000,-0.684828000,0.093213566,-0.607685899,0.758529713,0.216013320,1,0.315560320,0.041278694,-0.804566411,0.093213566,-0.607685899,0.758529713,0.216013320
10.211509167,104635.768924583,vr_world,11180,104635.766887791,0.002038959,1,0.280635000,-0.105222000,-0.664555000,0.229775695,0.839909709,-0.488674177,0.054335627,1,0.324864168,0.031402956,-0.790256325,0.229775695,0.839909709,-0.488674177,0.054335627,11180,104635.766887791,0.002038959,1,0.223468000,0.158082000,-0.685287000,0.097571280,-0.612747241,0.754422767,0.214165712,1,0.315325844,0.041791104,-0.804345013,0.097571280,-0.612747241,0.754422767,0.214165712
10.223938917,104635.781354333,vr_world,11180,104635.766887791,0.014468459,1,0.280635000,-0.105222000,-0.664555000,0.229775695,0.839909709,-0.488674177,0.054335627,1,0.324864168,0.031402956,-0.790256325,0.229775695,0.839909709,-0.488674177,0.054335627,11180,104635.766887791,0.014468459,1,0.223468000,0.158082000,-0.685287000,0.097571280,-0.612747241,0.754422767,0.214165712,1,0.315325844,0.041791104,-0.804345013,0.097571280,-0.612747241,0.754422767,0.214165712
10.236374584,104635.793790000,vr_world,11181,104635.785734416,0.008057959,1,0.280844000,-0.105159000,-0.666103000,0.230015257,0.840151665,-0.487868932,0.056763249,1,0.325141259,0.031238447,-0.792027268,0.230015257,0.840151665,-0.487868932,0.056763249,11181,104635.785734416,0.008057959,1,0.221156000,0.156549000,-0.686618000,0.097170941,-0.614302444,0.752946130,0.215087053,1,0.313443865,0.040819518,-0.805890330,0.097170941,-0.614302444,0.752946130,0.215087053
10.248792792,104635.806208208,vr_world,11182,104635.805167583,0.001040958,1,0.281396000,-0.105111000,-0.667432000,0.229311055,0.842251148,-0.484611091,0.056405088,1,0.324468696,0.031879200,-0.793137524,0.229311055,0.842251148,-0.484611091,0.056405088,11182,104635.805167583,0.001040958,1,0.218999000,0.155413000,-0.687455000,0.103497289,-0.615250436,0.750266212,0.218759739,1,0.312310252,0.041645363,-0.807813315,0.103497289,-0.615250436,0.750266212,0.218759739
10.260365250,104635.817780666,vr_world,11182,104635.805167583,0.012613792,1,0.281396000,-0.105111000,-0.667432000,0.229311055,0.842251148,-0.484611091,0.056405088,1,0.324468696,0.031879200,-0.793137524,0.229311055,0.842251148,-0.484611091,0.056405088,11182,104635.805167583,0.012613792,1,0.218999000,0.155413000,-0.687455000,0.103497289,-0.615250436,0.750266212,0.218759739,1,0.312310252,0.041645363,-0.807813315,0.103497289,-0.615250436,0.750266212,0.218759739
10.272067250,104635.829482666,vr_world,11183,104635.825174625,0.004310000,1,0.281751000,-0.104480000,-0.669556000,0.230096397,0.843458560,-0.482033525,0.057244966,1,0.323944264,0.032522085,-0.795546617,0.230096397,0.843458560,-0.482033525,0.057244966,11183,104635.825174625,0.004310000,1,0.214598000,0.153362000,-0.689135000,0.109890058,-0.621824677,0.742389385,0.223866582,1,0.310847965,0.043414199,-0.810723159,0.109890058,-0.621824677,0.742389385,0.223866582
10.284407959,104635.841823375,vr_world,11183,104635.825174625,0.016649250,1,0.281751000,-0.104480000,-0.669556000,0.230096397,0.843458560,-0.482033525,0.057244966,1,0.323944264,0.032522085,-0.795546617,0.230096397,0.843458560,-0.482033525,0.057244966,11183,104635.825174625,0.016649250,1,0.214598000,0.153362000,-0.689135000,0.109890058,-0.621824677,0.742389385,0.223866582,1,0.310847965,0.043414199,-0.810723159,0.109890058,-0.621824677,0.742389385,0.223866582
10.296836875,104635.854252291,vr_world,11184,104635.845200916,0.009053125,1,0.281684000,-0.104230000,-0.670525000,0.229406178,0.843645478,-0.481869432,0.058625628,1,0.324081634,0.032808992,-0.796406606,0.229406178,0.843645478,-0.481869432,0.058625628,11184,104635.845200916,0.009053125,1,0.213116000,0.151805000,-0.690898000,0.111734841,-0.624986410,0.738921418,0.225615715,1,0.310635150,0.043387345,-0.812848198,0.111734841,-0.624986410,0.738921418,0.225615715
10.309251500,104635.866666916,vr_world,11185,104635.863379708,0.003287833,1,0.281800000,-0.103701000,-0.672687000,0.228223134,0.845813637,-0.478093174,0.062772690,1,0.323531112,0.033597457,-0.798508631,0.228223134,0.845813637,-0.478093174,0.062772690,11185,104635.863379708,0.003287833,1,0.208609000,0.150441000,-0.693265000,0.118570355,-0.628953891,0.734873774,0.224318100,1,0.308694303,0.043689611,-0.814604565,0.118570355,-0.628953891,0.734873774,0.224318100
10.321672500,104635.879087916,vr_world,11185,104635.863379708,0.015708542,1,0.281800000,-0.103701000,-0.672687000,0.228223134,0.845813637,-0.478093174,0.062772690,1,0.323531112,0.033597457,-0.798508631,0.228223134,0.845813637,-0.478093174,0.062772690,11185,104635.863379708,0.015708542,1,0.208609000,0.150441000,-0.693265000,0.118570355,-0.628953891,0.734873774,0.224318100,1,0.308694303,0.043689611,-0.814604565,0.118570355,-0.628953891,0.734873774,0.224318100
10.334115417,104635.891530833,vr_world,11186,104635.882722375,0.008810666,1,0.281636000,-0.103123000,-0.673838000,0.227191536,0.846105515,-0.477429549,0.067457312,1,0.323942136,0.033991920,-0.799667794,0.227191536,0.846105515,-0.477429549,0.067457312,11186,104635.882722375,0.008810666,1,0.208519000,0.149167000,-0.694639000,0.117551017,-0.631147753,0.731943524,0.228238802,1,0.308904958,0.043889942,-0.817014044,0.117551017,-0.631147753,0.731943524,0.228238802
10.346532959,104635.903948375,vr_world,11187,104635.902536791,0.001412125,1,0.281743000,-0.102425000,-0.674909000,0.226854022,0.845448717,-0.478069951,0.072130728,1,0.325070694,0.034192859,-0.800931756,0.226854022,0.845448717,-0.478069951,0.072130728,11187,104635.902536791,0.001412125,1,0.208325000,0.148614000,-0.696653000,0.114147497,-0.627328079,0.734234358,0.233087403,1,0.306451810,0.043089292,-0.820636273,0.114147497,-0.627328079,0.734234358,0.233087403
10.358964334,104635.916379750,vr_world,11187,104635.902536791,0.013843375,1,0.281743000,-0.102425000,-0.674909000,0.226854022,0.845448717,-0.478069951,0.072130728,1,0.325070694,0.034192859,-0.800931756,0.226854022,0.845448717,-0.478069951,0.072130728,11187,104635.902536791,0.013843375,1,0.208325000,0.148614000,-0.696653000,0.114147497,-0.627328079,0.734234358,0.233087403,1,0.306451810,0.043089292,-0.820636273,0.114147497,-0.627328079,0.734234358,0.233087403
10.371391167,104635.928806583,vr_world,11188,104635.921760666,0.007046292,1,0.282835000,-0.101189000,-0.676248000,0.234497275,0.846896838,-0.470603956,0.079427266,1,0.324145090,0.033526683,-0.804967034,0.234497275,0.846896838,-0.470603956,0.079427266,11188,104635.921760666,0.007046292,1,0.200332000,0.147065000,-0.700360000,0.128114865,-0.645220339,0.725326162,0.202926722,1,0.309192723,0.040852058,-0.814396558,0.128114865,-0.645220339,0.725326162,0.202926722
10.383800792,104635.941216208,vr_world,11189,104635.940589208,0.000627417,1,0.282382000,-0.101541000,-0.677429000,0.231057079,0.847566489,-0.471090444,0.079482491,1,0.324083641,0.033981174,-0.805171609,0.231057079,0.847566489,-0.471090444,0.079482491,11189,104635.940589208,0.000627417,1,0.203220000,0.146732000,-0.700046000,0.131492304,-0.638749058,0.726647871,0.216083980,1,0.309375910,0.042394618,-0.818286755,0.131492304,-0.638749058,0.726647871,0.216083980
10.396102834,104635.953518250,vr_world,11189,104635.940589208,0.012929500,1,0.282382000,-0.101541000,-0.677429000,0.231057079,0.847566489,-0.471090444,0.079482491,1,0.324083641,0.033981174,-0.805171609,0.231057079,0.847566489,-0.471090444,0.079482491,11189,104635.940589208,0.012929500,1,0.203220000,0.146732000,-0.700046000,0.131492304,-0.638749058,0.726647871,0.216083980,1,0.309375910,0.042394618,-0.818286755,0.131492304,-0.638749058,0.726647871,0.216083980
10.408513959,104635.965929375,vr_world,11190,104635.959784750,0.006144958,1,0.282866000,-0.100790000,-0.678555000,0.230596464,0.848291329,-0.469387635,0.083080324,1,0.324568536,0.034628159,-0.806407479,0.230596464,0.848291329,-0.469387635,0.083080324,11190,104635.959784750,0.006144958,1,0.201258000,0.145497000,-0.702052000,0.132755379,-0.642568032,0.724797001,0.210122919,1,0.309378514,0.040930765,-0.818293449,0.132755379,-0.642568032,0.724797001,0.210122919
10.420404417,104635.977819833,vr_world,11190,104635.959784750,0.018035708,1,0.282866000,-0.100790000,-0.678555000,0.230596464,0.848291329,-0.469387635,0.083080324,1,0.324568536,0.034628159,-0.806407479,0.230596464,0.848291329,-0.469387635,0.083080324,11190,104635.959784750,0.018035708,1,0.201258000,0.145497000,-0.702052000,0.132755379,-0.642568032,0.724797001,0.210122919,1,0.309378514,0.040930765,-0.818293449,0.132755379,-0.642568032,0.724797001,0.210122919
10.431073250,104635.988488666,vr_world,11191,104635.978450791,0.010038292,1,0.283039000,-0.100869000,-0.679085000,0.228764934,0.849134685,-0.468784560,0.082933276,1,0.324597432,0.035085452,-0.806414232,0.228764934,0.849134685,-0.468784560,0.082933276,11191,104635.978450791,0.010038292,1,0.201137000,0.144356000,-0.702317000,0.130862206,-0.644185484,0.723874772,0.209536297,1,0.309569652,0.039855149,-0.818326227,0.130862206,-0.644185484,0.723874772,0.209536297
10.443520792,104636.000936208,vr_world,11192,104635.997407083,0.003531167,1,0.282771000,-0.100565000,-0.679636000,0.228190973,0.848272864,-0.470390702,0.084229543,1,0.325176660,0.035223115,-0.806863410,0.228190973,0.848272864,-0.470390702,0.084229543,11192,104635.997407083,0.003531167,1,0.200153000,0.143005000,-0.702516000,0.134612099,-0.649476314,0.717594226,0.212411456,1,0.310774303,0.041329954,-0.818969250,0.134612099,-0.649476314,0.717594226,0.212411456
10.455075125,104636.012490541,vr_world,11192,104635.997407083,0.015084042,1,0.282771000,-0.100565000,-0.679636000,0.228190973,0.848272864,-0.470390702,0.084229543,1,0.325176660,0.035223115,-0.806863410,0.228190973,0.848272864,-0.470390702,0.084229543,11192,104635.997407083,0.015084042,1,0.200153000,0.143005000,-0.702516000,0.134612099,-0.649476314,0.717594226,0.212411456,1,0.310774303,0.041329954,-0.818969250,0.134612099,-0.649476314,0.717594226,0.212411456
10.467518167,104636.024933583,vr_world,11193,104636.016571875,0.008363708,1,0.282754000,-0.100481000,-0.680873000,0.225210585,0.847779920,-0.471937073,0.088457898,1,0.326615239,0.035420105,-0.807484670,0.225210585,0.847779920,-0.471937073,0.088457898,11193,104636.016571875,0.008363708,1,0.199561000,0.141826000,-0.703790000,0.135015292,-0.654472246,0.714083213,0.208619547,1,0.312242594,0.040775433,-0.818802522,0.135015292,-0.654472246,0.714083213,0.208619547
10.479940209,104636.037355625,vr_world,11194,104636.035635166,0.001722542,1,0.283128000,-0.100357000,-0.681223000,0.225551302,0.847642078,-0.471567613,0.090848793,1,0.327238779,0.035235322,-0.808078825,0.225551302,0.847642078,-0.471567613,0.090848793,11194,104636.035635166,0.001722542,1,0.199100000,0.140411000,-0.704047000,0.136082654,-0.656982919,0.711582531,0.208579139,1,0.312804906,0.040281155,-0.818857477,0.136082654,-0.656982919,0.711582531,0.208579139
10.492359792,104636.049775208,vr_world,11194,104636.035635166,0.014142042,1,0.283128000,-0.100357000,-0.681223000,0.225551302,0.847642078,-0.471567613,0.090848793,1,0.327238779,0.035235322,-0.808078825,0.225551302,0.847642078,-0.471567613,0.090848793,11194,104636.035635166,0.014142042,1,0.199100000,0.140411000,-0.704047000,0.136082654,-0.656982919,0.711582531,0.208579139,1,0.312804906,0.040281155,-0.818857477,0.136082654,-0.656982919,0.711582531,0.208579139
10.504770834,104636.062186250,vr_world,11195,104636.055608125,0.006578708,1,0.283689000,-0.100693000,-0.681410000,0.225284722,0.848325427,-0.470615702,0.090064556,1,0.327327834,0.035153205,-0.808157282,0.225284722,0.848325427,-0.470615702,0.090064556,11195,104636.055608125,0.006578708,1,0.198996000,0.139382000,-0.703030000,0.133429048,-0.659993234,0.708472654,0.211357799,1,0.313105773,0.040526672,-0.818541097,0.133429048,-0.659993234,0.708472654,0.211357799
10.517207750,104636.074623166,vr_world,11195,104636.055608125,0.019017291,1,0.283689000,-0.100693000,-0.681410000,0.225284722,0.848325427,-0.470615702,0.090064556,1,0.327327834,0.035153205,-0.808157282,0.225284722,0.848325427,-0.470615702,0.090064556,11195,104636.055608125,0.019017291,1,0.198996000,0.139382000,-0.703030000,0.133429048,-0.659993234,0.708472654,0.211357799,1,0.313105773,0.040526672,-0.818541097,0.133429048,-0.659993234,0.708472654,0.211357799
10.529622584,104636.087038000,vr_world,11196,104636.075614875,0.011423500,1,0.284357000,-0.100996000,-0.681983000,0.223969529,0.849596739,-0.469137059,0.089069919,1,0.327349912,0.035441268,-0.808315657,0.223969529,0.849596739,-0.469137059,0.089069919,11196,104636.075614875,0.011423500,1,0.198750000,0.137743000,-0.702350000,0.128827074,-0.661880831,0.706955419,0.213380848,1,0.312641075,0.039348727,-0.818468930,0.128827074,-0.661880831,0.706955419,0.213380848
10.542055875,104636.099471291,vr_world,11197,104636.094880291,0.004593375,1,0.284834000,-0.101086000,-0.682691000,0.223313458,0.849419175,-0.469999060,0.087858116,1,0.327978378,0.035556182,-0.808750206,0.223313458,0.849419175,-0.469999060,0.087858116,11197,104636.094880291,0.004593375,1,0.198075000,0.136853000,-0.701055000,0.123699551,-0.664273302,0.704295015,0.217733629,1,0.311645173,0.039606973,-0.818448605,0.123699551,-0.664273302,0.704295015,0.217733629
10.554466709,104636.111882125,vr_world,11197,104636.094880291,0.017002125,1,0.284834000,-0.101086000,-0.682691000,0.223313458,0.849419175,-0.469999060,0.087858116,1,0.327978378,0.035556182,-0.808750206,0.223313458,0.849419175,-0.469999060,0.087858116,11197,104636.094880291,0.017002125,1,0.198075000,0.136853000,-0.701055000,0.123699551,-0.664273302,0.704295015,0.217733629,1,0.311645173,0.039606973,-0.818448605,0.123699551,-0.664273302,0.704295015,0.217733629
10.566903667,104636.124319083,vr_world,11198,104636.114015666,0.010305167,1,0.285910000,-0.101333000,-0.683274000,0.224623374,0.850287754,-0.468323231,0.085020161,1,0.327880963,0.035468848,-0.809555882,0.224623374,0.850287754,-0.468323231,0.085020161,11198,104636.114015666,0.010305167,1,0.197727000,0.136018000,-0.699656000,0.110662858,-0.664538258,0.703517285,0.226287569,1,0.308694398,0.039211224,-0.819868002,0.110662858,-0.664538258,0.703517285,0.226287569
10.577026375,104636.134441791,vr_world,11199,104636.133486833,0.000955417,1,0.286138000,-0.101221000,-0.684218000,0.224266061,0.851668977,-0.466061227,0.084567252,1,0.327211448,0.035948581,-0.810396258,0.224266061,0.851668977,-0.466061227,0.084567252,11199,104636.133486833,0.000955417,1,0.195407000,0.136134000,-0.699861000,0.106973085,-0.668557250,0.700603611,0.225261053,1,0.307269895,0.039839078,-0.819653350,0.106973085,-0.668557250,0.700603611,0.225261053
10.587755125,104636.145170541,vr_world,11199,104636.133486833,0.011684125,1,0.286138000,-0.101221000,-0.684218000,0.224266061,0.851668977,-0.466061227,0.084567252,1,0.327211448,0.035948581,-0.810396258,0.224266061,0.851668977,-0.466061227,0.084567252,11199,104636.133486833,0.011684125,1,0.195407000,0.136134000,-0.699861000,0.106973085,-0.668557250,0.700603611,0.225261053,1,0.307269895,0.039839078,-0.819653350,0.106973085,-0.668557250,0.700603611,0.225261053
10.600182292,104636.157597708,vr_world,11200,104636.153259000,0.004341375,1,0.286070000,-0.101391000,-0.684940000,0.224151440,0.851689762,-0.466226073,0.083749210,1,0.327073733,0.035879003,-0.811031661,0.224151440,0.851689762,-0.466226073,0.083749210,11200,104636.153259000,0.004341375,1,0.192612000,0.137653000,-0.700979000,0.104181070,-0.669682398,0.701475579,0.220462700,1,0.304873426,0.040109138,-0.819380036,0.104181070,-0.669682398,0.701475579,0.220462700
10.612539542,104636.169954958,vr_world,11200,104636.153259000,0.016697625,1,0.286070000,-0.101391000,-0.684940000,0.224151440,0.851689762,-0.466226073,0.083749210,1,0.327073733,0.035879003,-0.811031661,0.224151440,0.851689762,-0.466226073,0.083749210,11200,104636.153259000,0.016697625,1,0.192612000,0.137653000,-0.700979000,0.104181070,-0.669682398,0.701475579,0.220462700,1,0.304873426,0.040109138,-0.819380036,0.104181070,-0.669682398,0.701475579,0.220462700
10.624954959,104636.182370375,vr_world,11201,104636.172281958,0.010092792,1,0.286123000,-0.101777000,-0.684969000,0.225523323,0.851698731,-0.465468113,0.084189891,1,0.326843034,0.035182302,-0.811489929,0.225523323,0.851698731,-0.465468113,0.084189891,11201,104636.172281958,0.010092792,1,0.191361000,0.138194000,-0.702408000,0.103731817,-0.669004820,0.703399954,0.216565846,1,0.303674178,0.039386397,-0.819707078,0.103731817,-0.669004820,0.703399954,0.216565846
10.636405209,104636.193820625,vr_world,11202,104636.191678041,0.002144250,1,0.286031000,-0.102356000,-0.686511000,0.221592970,0.853102428,-0.465038240,0.082778249,1,0.326570979,0.035766061,-0.811819619,0.221592970,0.853102428,-0.465038240,0.082778249,11202,104636.191678041,0.002144250,1,0.190677000,0.138037000,-0.703758000,0.103486756,-0.668095368,0.703478767,0.219218371,1,0.302411623,0.039566738,-0.821890213,0.103486756,-0.668095368,0.703478767,0.219218371
10.648426167,104636.205841583,vr_world,11202,104636.191678041,0.014165042,1,0.286031000,-0.102356000,-0.686511000,0.221592970,0.853102428,-0.465038240,0.082778249,1,0.326570979,0.035766061,-0.811819619,0.221592970,0.853102428,-0.465038240,0.082778249,11202,104636.191678041,0.014165042,1,0.190677000,0.138037000,-0.703758000,0.103486756,-0.668095368,0.703478767,0.219218371,1,0.302411623,0.039566738,-0.821890213,0.103486756,-0.668095368,0.703478767,0.219218371
10.660936834,104636.218352250,vr_world,11203,104636.210609875,0.007743708,1,0.285674000,-0.102657000,-0.687620000,0.218949231,0.853818609,-0.465064350,0.082281028,1,0.326285544,0.036160628,-0.812134435,0.218949231,0.853818609,-0.465064350,0.082281028,11203,104636.210609875,0.007743708,1,0.189172000,0.137900000,-0.705841000,0.100124109,-0.670958478,0.699107099,0.225918453,1,0.300774217,0.041596662,-0.825869512,0.100124109,-0.670958478,0.699107099,0.225918453
10.672080459,104636.229495875,vr_world,11203,104636.210609875,0.018887000,1,0.285674000,-0.102657000,-0.687620000,0.218949231,0.853818609,-0.465064350,0.082281028,1,0.326285544,0.036160628,-0.812134435,0.218949231,0.853818609,-0.465064350,0.082281028,11203,104636.210609875,0.018887000,1,0.189172000,0.137900000,-0.705841000,0.100124109,-0.670958478,0.699107099,0.225918453,1,0.300774217,0.041596662,-0.825869512,0.100124109,-0.670958478,0.699107099,0.225918453
10.684239209,104636.241654625,vr_world,11204,104636.231333541,0.010324875,1,0.286043000,-0.101991000,-0.688650000,0.220221164,0.854717839,-0.462505452,0.083956898,1,0.325910929,0.036588270,-0.813669179,0.220221164,0.854717839,-0.462505452,0.083956898,11204,104636.231333541,0.010324875,1,0.188095000,0.137400000,-0.707677000,0.096856052,-0.671697969,0.696889985,0.231916133,1,0.298905090,0.042427387,-0.829486435,0.096856052,-0.671697969,0.696889985,0.231916133
10.695073209,104636.252488625,vr_world,11205,104636.250206208,0.002283458,1,0.285872000,-0.102505000,-0.689284000,0.222245154,0.854198601,-0.462131698,0.085942631,1,0.325825201,0.035401328,-0.815017925,0.222245154,0.854198601,-0.462131698,0.085942631,11205,104636.250206208,0.002283458,1,0.189203000,0.136618000,-0.712000000,0.094226544,-0.668471357,0.696749116,0.242503757,1,0.297525765,0.043002442,-0.837054087,0.094226544,-0.668471357,0.696749116,0.242503757
10.707408167,104636.264823583,vr_world,11205,104636.250206208,0.014618417,1,0.285872000,-0.102505000,-0.689284000,0.222245154,0.854198601,-0.462131698,0.085942631,1,0.325825201,0.035401328,-0.815017925,0.222245154,0.854198601,-0.462131698,0.085942631,11205,104636.250206208,0.014618417,1,0.189203000,0.136618000,-0.712000000,0.094226544,-0.668471357,0.696749116,0.242503757,1,0.297525765,0.043002442,-0.837054087,0.094226544,-0.668471357,0.696749116,0.242503757
10.719733709,104636.277149125,vr_world,11206,104636.269422750,0.007727375,1,0.285917000,-0.102792000,-0.689910000,0.220826001,0.853577045,-0.463736711,0.087122718,1,0.326742446,0.035178746,-0.815292519,0.220826001,0.853577045,-0.463736711,0.087122718,11206,104636.269422750,0.007727375,1,0.188722000,0.134898000,-0.713761000,0.093612989,-0.670771097,0.689930876,0.255534987,1,0.296410404,0.045474500,-0.842380060,0.093612989,-0.670771097,0.689930876,0.255534987
10.732097959,104636.289513375,vr_world,11206,104636.269422750,0.020091666,1,0.285917000,-0.102792000,-0.689910000,0.220826001,0.853577045,-0.463736711,0.087122718,1,0.326742446,0.035178746,-0.815292519,0.220826001,0.853577045,-0.463736711,0.087122718,11206,104636.269422750,0.020091666,1,0.188722000,0.134898000,-0.713761000,0.093612989,-0.670771097,0.689930876,0.255534987,1,0.296410404,0.045474500,-0.842380060,0.093612989,-0.670771097,0.689930876,0.255534987
10.743696792,104636.301112208,vr_world,11207,104636.290374625,0.010738750,1,0.286325000,-0.103553000,-0.691033000,0.216223547,0.856376321,-0.461266196,0.084264287,1,0.325995652,0.036083767,-0.814933225,0.216223547,0.856376321,-0.461266196,0.084264287,11207,104636.290374625,0.010738750,1,0.188121000,0.134766000,-0.716229000,0.092426479,-0.673046144,0.686020675,0.260464716,1,0.295864828,0.047287186,-0.846132665,0.092426479,-0.673046144,0.686020675,0.260464716
10.753712125,104636.311127541,vr_world,11208,104636.308626375,0.002501875,1,0.286443000,-0.103524000,-0.691867000,0.214589510,0.857615283,-0.460022686,0.082622621,1,0.325462832,0.036797920,-0.815198519,0.214589510,0.857615283,-0.460022686,0.082622621,11208,104636.308626375,0.002501875,1,0.186943000,0.134618000,-0.719862000,0.087164533,-0.675806019,0.681314778,0.267392485,1,0.294046142,0.049229618,-0.851672480,0.087164533,-0.675806019,0.681314778,0.267392485
10.766068834,104636.323484250,vr_world,11208,104636.308626375,0.014859125,1,0.286443000,-0.103524000,-0.691867000,0.214589510,0.857615283,-0.460022686,0.082622621,1,0.325462832,0.036797920,-0.815198519,0.214589510,0.857615283,-0.460022686,0.082622621,11208,104636.308626375,0.014859125,1,0.186943000,0.134618000,-0.719862000,0.087164533,-0.675806019,0.681314778,0.267392485,1,0.294046142,0.049229618,-0.851672480,0.087164533,-0.675806019,0.681314778,0.267392485
10.777756959,104636.335172375,vr_world,11209,104636.328743500,0.006429708,1,0.286266000,-0.103812000,-0.692342000,0.211713071,0.858200450,-0.459870717,0.084784943,1,0.325737970,0.036986213,-0.814984715,0.211713071,0.858200450,-0.459870717,0.084784943,11209,104636.328743500,0.006429708,1,0.186081000,0.134745000,-0.721401000,0.082362231,-0.679193208,0.679625725,0.264616560,1,0.293862554,0.049012664,-0.852432790,0.082362231,-0.679193208,0.679625725,0.264616560
10.790089625,104636.347505041,vr_world,11209,104636.328743500,0.018762583,1,0.286266000,-0.103812000,-0.692342000,0.211713071,0.858200450,-0.459870717,0.084784943,1,0.325737970,0.036986213,-0.814984715,0.211713071,0.858200450,-0.459870717,0.084784943,11209,104636.328743500,0.018762583,1,0.186081000,0.134745000,-0.721401000,0.082362231,-0.679193208,0.679625725,0.264616560,1,0.293862554,0.049012664,-0.852432790,0.082362231,-0.679193208,0.679625725,0.264616560
10.802456000,104636.359871416,vr_world,11210,104636.348130250,0.011742500,1,0.286546000,-0.104104000,-0.693401000,0.207536577,0.860651674,-0.456642807,0.087661922,1,0.325498981,0.037687885,-0.815061098,0.207536577,0.860651674,-0.456642807,0.087661922,11210,104636.348130250,0.011742500,1,0.184984000,0.135369000,-0.724374000,0.071628121,-0.681223325,0.679506561,0.262821283,1,0.292036110,0.048265652,-0.855099250,0.071628121,-0.681223325,0.679506561,0.262821283
10.814795209,104636.372210625,vr_world,11211,104636.367228583,0.004982958,1,0.286670000,-0.103965000,-0.694075000,0.206167874,0.860264891,-0.457219885,0.091592042,1,0.326560523,0.037690441,-0.815590268,0.206167874,0.860264891,-0.457219885,0.091592042,11211,104636.367228583,0.004982958,1,0.184432000,0.135141000,-0.726560000,0.067337113,-0.683178344,0.680223661,0.256960762,1,0.292156086,0.046490378,-0.855683261,0.067337113,-0.683178344,0.680223661,0.256960762
10.827027875,104636.384443291,vr_world,11211,104636.367228583,0.017216500,1,0.286670000,-0.103965000,-0.694075000,0.206167874,0.860264891,-0.457219885,0.091592042,1,0.326560523,0.037690441,-0.815590268,0.206167874,0.860264891,-0.457219885,0.091592042,11211,104636.367228583,0.017216500,1,0.184432000,0.135141000,-0.726560000,0.067337113,-0.683178344,0.680223661,0.256960762,1,0.292156086,0.046490378,-0.855683261,0.067337113,-0.683178344,0.680223661,0.256960762
10.839402875,104636.396818291,vr_world,11212,104636.387155250,0.009665500,1,0.286894000,-0.103990000,-0.694178000,0.205885611,0.861180879,-0.455104744,0.094118440,1,0.326428862,0.037663486,-0.815811503,0.205885611,0.861180879,-0.455104744,0.094118440,11212,104636.387155250,0.009665500,1,0.184016000,0.133608000,-0.728516000,0.071334322,-0.688132465,0.674979993,0.256490029,1,0.293975720,0.047123232,-0.857223084,0.071334322,-0.688132465,0.674979993,0.256490029
10.851659209,104636.409074625,vr_world,11213,104636.406482791,0.002593042,1,0.287512000,-0.104271000,-0.695227000,0.201870531,0.863563414,-0.452229106,0.094843848,1,0.326280212,0.038513382,-0.815780323,0.201870531,0.863563414,-0.452229106,0.094843848,11213,104636.406482791,0.002593042,1,0.183921000,0.131873000,-0.732161000,0.077275272,-0.695629932,0.665902457,0.258266234,1,0.296934429,0.049421004,-0.860869430,0.077275272,-0.695629932,0.665902457,0.258266234
10.863971667,104636.421387083,vr_world,11213,104636.406482791,0.014905750,1,0.287512000,-0.104271000,-0.695227000,0.201870531,0.863563414,-0.452229106,0.094843848,1,0.326280212,0.038513382,-0.815780323,0.201870531,0.863563414,-0.452229106,0.094843848,11213,104636.406482791,0.014905750,1,0.183921000,0.131873000,-0.732161000,0.077275272,-0.695629932,0.665902457,0.258266234,1,0.296934429,0.049421004,-0.860869430,0.077275272,-0.695629932,0.665902457,0.258266234
10.876591584,104636.434007000,vr_world,11214,104636.425615708,0.008393958,1,0.287818000,-0.104116000,-0.696198000,0.198928201,0.864787047,-0.451280258,0.094430201,1,0.326297044,0.039482516,-0.815873627,0.198928201,0.864787047,-0.451280258,0.094430201,11214,104636.425615708,0.008393958,1,0.184877000,0.131563000,-0.734255000,0.079298063,-0.696315735,0.664883233,0.258430845,1,0.298381268,0.049703997,-0.862910043,0.079298063,-0.696315735,0.664883233,0.258430845
10.887641375,104636.445056791,vr_world,11214,104636.425615708,0.019442417,1,0.287818000,-0.104116000,-0.696198000,0.198928201,0.864787047,-0.451280258,0.094430201,1,0.326297044,0.039482516,-0.815873627,0.198928201,0.864787047,-0.451280258,0.094430201,11214,104636.425615708,0.019442417,1,0.184877000,0.131563000,-0.734255000,0.079298063,-0.696315735,0.664883233,0.258430845,1,0.298381268,0.049703997,-0.862910043,0.079298063,-0.696315735,0.664883233,0.258430845
10.899551375,104636.456966791,vr_world,11215,104636.448188250,0.008780333,1,0.288546000,-0.103832000,-0.697804000,0.195874817,0.867338519,-0.447489125,0.095448582,1,0.325908697,0.040695779,-0.816712238,0.195874817,0.867338519,-0.447489125,0.095448582,11215,104636.448188250,0.008780333,1,0.185510000,0.131344000,-0.739096000,0.078455826,-0.699772607,0.663471805,0.252919246,1,0.300611592,0.049121384,-0.866089204,0.078455826,-0.699772607,0.663471805,0.252919246
10.911780375,104636.469195791,vr_world,11216,104636.465315291,0.003881459,1,0.288836000,-0.103039000,-0.699174000,0.195610365,0.867954818,-0.445613812,0.099092631,1,0.326114722,0.041338542,-0.818291055,0.195610365,0.867954818,-0.445613812,0.099092631,11216,104636.465315291,0.003881459,1,0.186006000,0.131155000,-0.742219000,0.074309557,-0.703432146,0.662680591,0.245999473,1,0.302460982,0.047829580,-0.867244400,0.074309557,-0.703432146,0.662680591,0.245999473
10.921853334,104636.479268750,vr_world,11216,104636.465315291,0.013954000,1,0.288836000,-0.103039000,-0.699174000,0.195610365,0.867954818,-0.445613812,0.099092631,1,0.326114722,0.041338542,-0.818291055,0.195610365,0.867954818,-0.445613812,0.099092631,11216,104636.465315291,0.013954000,1,0.186006000,0.131155000,-0.742219000,0.074309557,-0.703432146,0.662680591,0.245999473,1,0.302460982,0.047829580,-0.867244400,0.074309557,-0.703432146,0.662680591,0.245999473
10.934251209,104636.491666625,vr_world,11217,104636.485404083,0.006263542,1,0.288906000,-0.102355000,-0.700008000,0.196440338,0.867896952,-0.444524182,0.102782910,1,0.326361955,0.041546023,-0.819644949,0.196440338,0.867896952,-0.444524182,0.102782910,11217,104636.485404083,0.006263542,1,0.185543000,0.131257000,-0.744269000,0.071122688,-0.705172193,0.663943759,0.238437470,1,0.302957995,0.046138170,-0.867170307,0.071122688,-0.705172193,0.663943759,0.238437470
10.945746875,104636.503162291,vr_world,11217,104636.485404083,0.017759000,1,0.288906000,-0.102355000,-0.700008000,0.196440338,0.867896952,-0.444524182,0.102782910,1,0.326361955,0.041546023,-0.819644949,0.196440338,0.867896952,-0.444524182,0.102782910,11217,104636.485404083,0.017759000,1,0.185543000,0.131257000,-0.744269000,0.071122688,-0.705172193,0.663943759,0.238437470,1,0.302957995,0.046138170,-0.867170307,0.071122688,-0.705172193,0.663943759,0.238437470
10.958139584,104636.515555000,vr_world,11218,104636.504459666,0.011095959,1,0.289344000,-0.101048000,-0.702109000,0.193735954,0.869746970,-0.440637374,0.108836085,1,0.326483128,0.043184647,-0.821444852,0.193735954,0.869746970,-0.440637374,0.108836085,11218,104636.504459666,0.011095959,1,0.185027000,0.129581000,-0.748950000,0.070606912,-0.708227328,0.664497729,0.227753120,1,0.304526083,0.042805246,-0.868641900,0.070606912,-0.708227328,0.664497729,0.227753120
10.970508000,104636.527923416,vr_world,11219,104636.523549958,0.004374708,1,0.289868000,-0.100153000,-0.703002000,0.194610695,0.871604046,-0.436104196,0.110662529,1,0.325588711,0.044039070,-0.822819049,0.194610695,0.871604046,-0.436104196,0.110662529,11219,104636.523549958,0.004374708,1,0.185159000,0.128381000,-0.750739000,0.073113411,-0.710796398,0.662115404,0.225889578,1,0.306015141,0.042466620,-0.869687540,0.073113411,-0.710796398,0.662115404,0.225889578
10.982826875,104636.540242291,vr_world,11219,104636.523549958,0.016694000,1,0.289868000,-0.100153000,-0.703002000,0.194610695,0.871604046,-0.436104196,0.110662529,1,0.325588711,0.044039070,-0.822819049,0.194610695,0.871604046,-0.436104196,0.110662529,11219,104636.523549958,0.016694000,1,0.185159000,0.128381000,-0.750739000,0.073113411,-0.710796398,0.662115404,0.225889578,1,0.306015141,0.042466620,-0.869687540,0.073113411,-0.710796398,0.662115404,0.225889578
10.993144209,104636.550559625,vr_world,11220,104636.544537750,0.006023041,1,0.289371000,-0.098030600,-0.705653000,0.194503470,0.870178297,-0.437136717,0.117769363,1,0.326712546,0.045391459,-0.825899401,0.194503470,0.870178297,-0.437136717,0.117769363,11220,104636.544537750,0.006023041,1,0.182645000,0.126832000,-0.753236000,0.082245861,-0.715768324,0.657916941,0.219218212,1,0.307011638,0.042457082,-0.869640765,0.082245861,-0.715768324,0.657916941,0.219218212
11.005457709,104636.562873125,vr_world,11221,104636.561744750,0.001129458,1,0.289683000,-0.097266400,-0.706427000,0.191914017,0.873109590,-0.430695566,0.123895048,1,0.325784918,0.046624093,-0.826492194,0.191914017,0.873109590,-0.430695566,0.123895048,11221,104636.561744750,0.001129458,1,0.181771000,0.124396000,-0.754972000,0.083165993,-0.719046972,0.658404544,0.206296695,1,0.308639898,0.038277291,-0.867328845,0.083165993,-0.719046972,0.658404544,0.206296695
11.017744125,104636.575159541,vr_world,11221,104636.561744750,0.013416083,1,0.289683000,-0.097266400,-0.706427000,0.191914017,0.873109590,-0.430695566,0.123895048,1,0.325784918,0.046624093,-0.826492194,0.191914017,0.873109590,-0.430695566,0.123895048,11221,104636.561744750,0.013416083,1,0.181771000,0.124396000,-0.754972000,0.083165993,-0.719046972,0.658404544,0.206296695,1,0.308639898,0.038277291,-0.867328845,0.083165993,-0.719046972,0.658404544,0.206296695
11.028409209,104636.585824625,vr_world,11222,104636.581070000,0.004755333,1,0.288714000,-0.096242800,-0.706904000,0.197450083,0.869015806,-0.434420160,0.130782714,1,0.327240770,0.045353838,-0.828926578,0.197450083,0.869015806,-0.434420160,0.130782714,11222,104636.581070000,0.004755333,1,0.180248000,0.122356000,-0.756181000,0.093391860,-0.721055900,0.652270524,0.214241716,1,0.308277569,0.040429064,-0.870341511,0.093391860,-0.721055900,0.652270524,0.214241716
11.039072917,104636.596488333,vr_world,11222,104636.581070000,0.015418833,1,0.288714000,-0.096242800,-0.706904000,0.197450083,0.869015806,-0.434420160,0.130782714,1,0.327240770,0.045353838,-0.828926578,0.197450083,0.869015806,-0.434420160,0.130782714,11222,104636.581070000,0.015418833,1,0.180248000,0.122356000,-0.756181000,0.093391860,-0.721055900,0.652270524,0.214241716,1,0.308277569,0.040429064,-0.870341511,0.093391860,-0.721055900,0.652270524,0.214241716
11.049741167,104636.607156583,vr_world,11223,104636.599776166,0.007381000,1,0.289290000,-0.095857800,-0.708383000,0.198582027,0.868942883,-0.431884103,0.137766343,1,0.328101274,0.044933581,-0.831244586,0.198582027,0.868942883,-0.431884103,0.137766343,11223,104636.599776166,0.007381000,1,0.177685000,0.121426000,-0.758906000,0.103242560,-0.724066512,0.648766197,0.210169174,1,0.308379329,0.041129840,-0.871190316,0.103242560,-0.724066512,0.648766197,0.210169174
11.060362709,104636.617778125,vr_world,11223,104636.599776166,0.018002417,1,0.289290000,-0.095857800,-0.708383000,0.198582027,0.868942883,-0.431884103,0.137766343,1,0.328101274,0.044933581,-0.831244586,0.198582027,0.868942883,-0.431884103,0.137766343,11223,104636.599776166,0.018002417,1,0.177685000,0.121426000,-0.758906000,0.103242560,-0.724066512,0.648766197,0.210169174,1,0.308379329,0.041129840,-0.871190316,0.103242560,-0.724066512,0.648766197,0.210169174
11.072721750,104636.630137166,vr_world,11224,104636.619486208,0.010651292,1,0.288103000,-0.096090400,-0.709514000,0.198822360,0.868141882,-0.432013529,0.141998779,1,0.327729028,0.044192329,-0.832696643,0.198822360,0.868141882,-0.432013529,0.141998779,11224,104636.619486208,0.010651292,1,0.176790000,0.120255000,-0.761241000,0.108834329,-0.725846458,0.646537661,0.208065041,1,0.308990314,0.040984043,-0.872485925,0.108834329,-0.725846458,0.646537661,0.208065041
11.085109959,104636.642525375,vr_world,11225,104636.639268166,0.003257667,1,0.289272000,-0.096992600,-0.710947000,0.194976395,0.867802598,-0.433074642,0.146113692,1,0.330163075,0.043717618,-0.833225326,0.194976395,0.867802598,-0.433074642,0.146113692,11225,104636.639268166,0.003257667,1,0.176039000,0.121270000,-0.761899000,0.105497678,-0.727241189,0.646509781,0.204977063,1,0.308526736,0.041326191,-0.872317221,0.105497678,-0.727241189,0.646509781,0.204977063
11.097489417,104636.654904833,vr_world,11225,104636.639268166,0.015637459,1,0.289272000,-0.096992600,-0.710947000,0.194976395,0.867802598,-0.433074642,0.146113692,1,0.330163075,0.043717618,-0.833225326,0.194976395,0.867802598,-0.433074642,0.146113692,11225,104636.639268166,0.015637459,1,0.176039000,0.121270000,-0.761899000,0.105497678,-0.727241189,0.646509781,0.204977063,1,0.308526736,0.041326191,-0.872317221,0.105497678,-0.727241189,0.646509781,0.204977063
11.109876417,104636.667291833,vr_world,11226,104636.659495958,0.007796292,1,0.285632000,-0.098634700,-0.713448000,0.179442109,0.855962835,-0.454849265,0.168048505,1,0.339064676,0.041592653,-0.831365988,0.179442109,0.855962835,-0.454849265,0.168048505,11226,104636.659495958,0.007796292,1,0.175735000,0.122469000,-0.764001000,0.102258995,-0.729502664,0.647818051,0.194166766,1,0.309554565,0.040390288,-0.871200242,0.102258995,-0.729502664,0.647818051,0.194166766
11.121742584,104636.679158000,vr_world,11227,104636.679062875,0.000095958,1,0.282233000,-0.100570000,-0.712774000,0.176151234,0.854616376,-0.456967544,0.172575361,1,0.337367767,0.039747238,-0.829798262,0.176151234,0.854616376,-0.456967544,0.172575361,11227,104636.679062875,0.000095958,1,0.175665000,0.122799000,-0.764315000,0.096481577,-0.731600813,0.647905239,0.188865974,1,0.309905814,0.039544817,-0.870071172,0.096481577,-0.731600813,0.647905239,0.188865974
11.132911250,104636.690326666,vr_world,11227,104636.679062875,0.011265291,1,0.282233000,-0.100570000,-0.712774000,0.176151234,0.854616376,-0.456967544,0.172575361,1,0.337367767,0.039747238,-0.829798262,0.176151234,0.854616376,-0.456967544,0.172575361,11227,104636.679062875,0.011265291,1,0.175665000,0.122799000,-0.764315000,0.096481577,-0.731600813,0.647905239,0.188865974,1,0.309905814,0.039544817,-0.870071172,0.096481577,-0.731600813,0.647905239,0.188865974
11.145047459,104636.702462875,vr_world,11227,104636.679062875,0.023403208,1,0.282233000,-0.100570000,-0.712774000,0.176151234,0.854616376,-0.456967544,0.172575361,1,0.337367767,0.039747238,-0.829798262,0.176151234,0.854616376,-0.456967544,0.172575361,11227,104636.679062875,0.023403208,1,0.175665000,0.122799000,-0.764315000,0.096481577,-0.731600813,0.647905239,0.188865974,1,0.309905814,0.039544817,-0.870071172,0.096481577,-0.731600813,0.647905239,0.188865974
11.157353000,104636.714768416,vr_world,11228,104636.703879958,0.010889750,1,0.287003000,-0.102147000,-0.716772000,0.162032551,0.876180266,-0.427181421,0.153524030,1,0.327877164,0.045953118,-0.829993419,0.162032551,0.876180266,-0.427181421,0.153524030,11228,104636.703879958,0.010889750,1,0.175515000,0.122749000,-0.764918000,0.091184625,-0.734904506,0.646150877,0.184634169,1,0.310521982,0.039187362,-0.869449303,0.091184625,-0.734904506,0.646150877,0.184634169
11.169686209,104636.727101625,vr_world,11229,104636.718203958,0.008900167,1,0.284796000,-0.103027000,-0.716243000,0.159347957,0.873650933,-0.433622815,0.152687689,1,0.327997261,0.045271994,-0.828334562,0.159347957,0.873650933,-0.433622815,0.152687689,11229,104636.718203958,0.008900167,1,0.175840000,0.123640000,-0.764604000,0.088486059,-0.733926205,0.647263182,0.185937937,1,0.310081899,0.039590686,-0.869728066,0.088486059,-0.733926205,0.647263182,0.185937937
11.181966292,104636.739381708,vr_world,11230,104636.737020875,0.002361833,1,0.282313000,-0.104593000,-0.715434000,0.159248092,0.868820471,-0.440900357,0.159367219,1,0.329435708,0.042486762,-0.827552009,0.159248092,0.868820471,-0.440900357,0.159367219,11230,104636.737020875,0.002361833,1,0.175102000,0.124542000,-0.765197000,0.088910165,-0.732638141,0.649303953,0.183686458,1,0.309218422,0.039496532,-0.869678074,0.088910165,-0.732638141,0.649303953,0.183686458
11.196796500,104636.754211916,vr_world,11230,104636.737020875,0.017192458,1,0.282313000,-0.104593000,-0.715434000,0.159248092,0.868820471,-0.440900357,0.159367219,1,0.329435708,0.042486762,-0.827552009,0.159248092,0.868820471,-0.440900357,0.159367219,11230,104636.737020875,0.017192458,1,0.175102000,0.124542000,-0.765197000,0.088910165,-0.732638141,0.649303953,0.183686458,1,0.309218422,0.039496532,-0.869678074,0.088910165,-0.732638141,0.649303953,0.183686458
11.210369209,104636.767784625,vr_world,11230,104636.737020875,0.030807416,1,0.282313000,-0.104593000,-0.715434000,0.159248092,0.868820471,-0.440900357,0.159367219,1,0.329435708,0.042486762,-0.827552009,0.159248092,0.868820471,-0.440900357,0.159367219,11230,104636.737020875,0.030807416,1,0.175102000,0.124542000,-0.765197000,0.088910165,-0.732638141,0.649303953,0.183686458,1,0.309218422,0.039496532,-0.869678074,0.088910165,-0.732638141,0.649303953,0.183686458
11.224537542,104636.781952958,vr_world,11231,104636.770297208,0.011657333,1,0.281376000,-0.104469000,-0.715988000,0.156785042,0.867396004,-0.443878471,0.161290192,1,0.330012071,0.042713813,-0.827321770,0.156785042,0.867396004,-0.443878471,0.161290192,11231,104636.770297208,0.011657333,1,0.174594000,0.124666000,-0.766231000,0.089304027,-0.735266364,0.647257582,0.180182653,1,0.309913774,0.039997843,-0.869459261,0.089304027,-0.735266364,0.647257582,0.180182653
11.244162917,104636.801578333,vr_world,11231,104636.770297208,0.031287250,1,0.281376000,-0.104469000,-0.715988000,0.156785042,0.867396004,-0.443878471,0.161290192,1,0.330012071,0.042713813,-0.827321770,0.156785042,0.867396004,-0.443878471,0.161290192,11231,104636.770297208,0.031287250,1,0.174594000,0.124666000,-0.766231000,0.089304027,-0.735266364,0.647257582,0.180182653,1,0.309913774,0.039997843,-0.869459261,0.089304027,-0.735266364,0.647257582,0.180182653
11.256008959,104636.813424375,vr_world,11233,104636.803877208,0.009551167,1,0.281067000,-0.102956000,-0.716428000,0.157952085,0.864972908,-0.448786678,0.159572945,1,0.331215729,0.043690753,-0.827797885,0.157952085,0.864972908,-0.448786678,0.159572945,11233,104636.803877208,0.009551167,1,0.175209000,0.125045000,-0.766046000,0.082776235,-0.732205730,0.651960716,0.178801817,1,0.308911631,0.037902453,-0.869322367,0.082776235,-0.732205730,0.651960716,0.178801817
11.268276500,104636.825691916,vr_world,11234,104636.815001875,0.010691250,1,0.280149000,-0.102606000,-0.717134000,0.155611528,0.864368599,-0.452243590,0.155330977,1,0.330905453,0.044653702,-0.827414782,0.155611528,0.864368599,-0.452243590,0.155330977,11234,104636.815001875,0.010691250,1,0.174636000,0.124331000,-0.766670000,0.084977389,-0.732362325,0.651589923,0.178479246,1,0.308687438,0.037476069,-0.869736330,0.084977389,-0.732362325,0.651589923,0.178479246
11.280535459,104636.837950875,vr_world,11235,104636.834184916,0.003770584,1,0.279066000,-0.101437000,-0.717692000,0.153044457,0.862744505,-0.457327796,0.151988814,1,0.331220755,0.046218373,-0.826784622,0.153044457,0.862744505,-0.457327796,0.151988814,11235,104636.834184916,0.003770584,1,0.174045000,0.123465000,-0.767204000,0.088934111,-0.734341376,0.648992416,0.177882862,1,0.309254540,0.037842551,-0.869787710,0.088934111,-0.734341376,0.648992416,0.177882862
11.293554459,104636.850969875,vr_world,11235,104636.834184916,0.016786584,1,0.279066000,-0.101437000,-0.717692000,0.153044457,0.862744505,-0.457327796,0.151988814,1,0.331220755,0.046218373,-0.826784622,0.153044457,0.862744505,-0.457327796,0.151988814,11235,104636.834184916,0.016786584,1,0.174045000,0.123465000,-0.767204000,0.088934111,-0.734341376,0.648992416,0.177882862,1,0.309254540,0.037842551,-0.869787710,0.088934111,-0.734341376,0.648992416,0.177882862
11.307220209,104636.864635625,vr_world,11236,104636.853563541,0.011073667,1,0.278232000,-0.100690000,-0.717652000,0.154073615,0.861445239,-0.459911935,0.150513900,1,0.331081257,0.046624677,-0.826871117,0.154073615,0.861445239,-0.459911935,0.150513900,11236,104636.853563541,0.011073667,1,0.174258000,0.122442000,-0.766832000,0.093011693,-0.734919510,0.646384465,0.182836710,1,0.309671468,0.038729579,-0.870714751,0.093011693,-0.734919510,0.646384465,0.182836710
11.384566084,104636.941981500,vr_world,11236,104636.853563541,0.088418917,1,0.278232000,-0.100690000,-0.717652000,0.154073615,0.861445239,-0.459911935,0.150513900,1,0.331081257,0.046624677,-0.826871117,0.154073615,0.861445239,-0.459911935,0.150513900,11236,104636.853563541,0.088418917,1,0.174258000,0.122442000,-0.766832000,0.093011693,-0.734919510,0.646384465,0.182836710,1,0.309671468,0.038729579,-0.870714751,0.093011693,-0.734919510,0.646384465,0.182836710
11.396708542,104636.954123958,vr_world,11241,104636.951751333,0.002373667,1,0.273757000,-0.096811100,-0.720738000,0.145880101,0.854515031,-0.479036003,0.138012920,1,0.331977099,0.051377849,-0.825970538,0.145880101,0.854515031,-0.479036003,0.138012920,11241,104636.951751333,0.002373667,1,0.174450000,0.122696000,-0.766576000,0.080289791,-0.735420517,0.648460052,0.179470817,1,0.308788032,0.036724531,-0.870009201,0.080289791,-0.735420517,0.648460052,0.179470817
11.409012500,104636.966427916,vr_world,11241,104636.951751333,0.014678125,1,0.273757000,-0.096811100,-0.720738000,0.145880101,0.854515031,-0.479036003,0.138012920,1,0.331977099,0.051377849,-0.825970538,0.145880101,0.854515031,-0.479036003,0.138012920,11241,104636.951751333,0.014678125,1,0.174450000,0.122696000,-0.766576000,0.080289791,-0.735420517,0.648460052,0.179470817,1,0.308788032,0.036724531,-0.870009201,0.080289791,-0.735420517,0.648460052,0.179470817
11.420425417,104636.977840833,vr_world,11242,104636.970792041,0.007049542,1,0.272642000,-0.096083800,-0.721531000,0.144908559,0.854228553,-0.480347554,0.136239917,1,0.331100152,0.052325729,-0.826319610,0.144908559,0.854228553,-0.480347554,0.136239917,11242,104636.970792041,0.007049542,1,0.174251000,0.123089000,-0.766840000,0.081483969,-0.734454295,0.649224552,0.180124214,1,0.308368932,0.037012223,-0.870471031,0.081483969,-0.734454295,0.649224552,0.180124214
11.432759375,104636.990174791,vr_world,11243,104636.989686833,0.000488792,1,0.271180000,-0.094609500,-0.722532000,0.141964335,0.854892248,-0.479951846,0.136570850,1,0.329632455,0.054430016,-0.826426209,0.141964335,0.854892248,-0.479951846,0.136570850,11243,104636.989686833,0.000488792,1,0.173963000,0.123282000,-0.767376000,0.084906251,-0.732861281,0.650425655,0.180697918,1,0.307946281,0.037119138,-0.871109643,0.084906251,-0.732861281,0.650425655,0.180697918
11.445152334,104637.002567750,vr_world,11243,104636.989686833,0.012881833,1,0.271180000,-0.094609500,-0.722532000,0.141964335,0.854892248,-0.479951846,0.136570850,1,0.329632455,0.054430016,-0.826426209,0.141964335,0.854892248,-0.479951846,0.136570850,11243,104636.989686833,0.012881833,1,0.173963000,0.123282000,-0.767376000,0.084906251,-0.732861281,0.650425655,0.180697918,1,0.307946281,0.037119138,-0.871109643,0.084906251,-0.732861281,0.650425655,0.180697918
11.457561459,104637.014976875,vr_world,11244,104637.009152208,0.005825292,1,0.270275000,-0.093519700,-0.722499000,0.142889295,0.853870962,-0.480113607,0.141343394,1,0.329541681,0.054843165,-0.826898838,0.142889295,0.853870962,-0.480113607,0.141343394,11244,104637.009152208,0.005825292,1,0.173616000,0.124241000,-0.766983000,0.087490310,-0.727862954,0.655079592,0.182843358,1,0.306145753,0.036825097,-0.871532395,0.087490310,-0.727862954,0.655079592,0.182843358
11.469968209,104637.027383625,vr_world,11244,104637.009152208,0.018231917,1,0.270275000,-0.093519700,-0.722499000,0.142889295,0.853870962,-0.480113607,0.141343394,1,0.329541681,0.054843165,-0.826898838,0.142889295,0.853870962,-0.480113607,0.141343394,11244,104637.009152208,0.018231917,1,0.173616000,0.124241000,-0.766983000,0.087490310,-0.727862954,0.655079592,0.182843358,1,0.306145753,0.036825097,-0.871532395,0.087490310,-0.727862954,0.655079592,0.182843358
11.482366459,104637.039781875,vr_world,11245,104637.030000583,0.009781875,1,0.268815000,-0.091707200,-0.723726000,0.140939100,0.852648337,-0.482525968,0.142462882,1,0.329239358,0.056660446,-0.827453534,0.140939100,0.852648337,-0.482525968,0.142462882,11245,104637.030000583,0.009781875,1,0.172687000,0.125114000,-0.767449000,0.087725436,-0.726043423,0.657405336,0.181613381,1,0.304790168,0.036706698,-0.871704251,0.087725436,-0.726043423,0.657405336,0.181613381
11.493694292,104637.051109708,vr_world,11246,104637.047663541,0.003446792,1,0.269588000,-0.090635500,-0.723309000,0.142457259,0.852925990,-0.482036544,0.140939543,1,0.329531811,0.057623813,-0.827469096,0.142457259,0.852925990,-0.482036544,0.140939543,11246,104637.047663541,0.003446792,1,0.173007000,0.126341000,-0.766556000,0.085053866,-0.725713394,0.657856944,0.182565470,1,0.304582150,0.037654363,-0.871240770,0.085053866,-0.725713394,0.657856944,0.182565470
11.506111000,104637.063526416,vr_world,11246,104637.047663541,0.015863709,1,0.269588000,-0.090635500,-0.723309000,0.142457259,0.852925990,-0.482036544,0.140939543,1,0.329531811,0.057623813,-0.827469096,0.142457259,0.852925990,-0.482036544,0.140939543,11246,104637.047663541,0.015863709,1,0.173007000,0.126341000,-0.766556000,0.085053866,-0.725713394,0.657856944,0.182565470,1,0.304582150,0.037654363,-0.871240770,0.085053866,-0.725713394,0.657856944,0.182565470
11.518533375,104637.075948791,vr_world,11247,104637.067453208,0.008496042,1,0.270575000,-0.089630300,-0.722794000,0.143945455,0.854641455,-0.479480029,0.137719247,1,0.328974838,0.058940746,-0.827386140,0.143945455,0.854641455,-0.479480029,0.137719247,11247,104637.067453208,0.008496042,1,0.172372000,0.127727000,-0.766688000,0.083439990,-0.725740380,0.657796054,0.183420336,1,0.303672601,0.039027497,-0.871705883,0.083439990,-0.725740380,0.657796054,0.183420336
11.529867209,104637.087282625,vr_world,11247,104637.067453208,0.019829833,1,0.270575000,-0.089630300,-0.722794000,0.143945455,0.854641455,-0.479480029,0.137719247,1,0.328974838,0.058940746,-0.827386140,0.143945455,0.854641455,-0.479480029,0.137719247,11247,104637.067453208,0.019829833,1,0.172372000,0.127727000,-0.766688000,0.083439990,-0.725740380,0.657796054,0.183420336,1,0.303672601,0.039027497,-0.871705883,0.083439990,-0.725740380,0.657796054,0.183420336
11.542152625,104637.099568041,vr_world,11248,104637.087913916,0.011656709,1,0.272366000,-0.088481300,-0.722212000,0.147302345,0.859139379,-0.472219636,0.131111259,1,0.326820282,0.060862791,-0.827826938,0.147302345,0.859139379,-0.472219636,0.131111259,11248,104637.087913916,0.011656709,1,0.171468000,0.130939000,-0.767369000,0.078051728,-0.722738510,0.663041550,0.178697723,1,0.301602097,0.039268546,-0.871281702,0.078051728,-0.722738510,0.663041550,0.178697723
11.553745167,104637.111160583,vr_world,11249,104637.107507041,0.003654959,1,0.273430000,-0.087616600,-0.721894000,0.149501582,0.863059336,-0.465542969,0.126679138,1,0.324550160,0.062409163,-0.828206920,0.149501582,0.863059336,-0.465542969,0.126679138,11249,104637.107507041,0.003654959,1,0.171384000,0.133527000,-0.767451000,0.076739672,-0.719908112,0.667102646,0.175548832,1,0.300744896,0.039871847,-0.870556259,0.076739672,-0.719908112,0.667102646,0.175548832
11.566125334,104637.123540750,vr_world,11249,104637.107507041,0.016034584,1,0.273430000,-0.087616600,-0.721894000,0.149501582,0.863059336,-0.465542969,0.126679138,1,0.324550160,0.062409163,-0.828206920,0.149501582,0.863059336,-0.465542969,0.126679138,11249,104637.107507041,0.016034584,1,0.171384000,0.133527000,-0.767451000,0.076739672,-0.719908112,0.667102646,0.175548832,1,0.300744896,0.039871847,-0.870556259,0.076739672,-0.719908112,0.667102646,0.175548832
11.577743584,104637.135159000,vr_world,11250,104637.126456333,0.008703375,1,0.275049000,-0.085821600,-0.721235000,0.153851623,0.867239666,-0.457338619,0.122745376,1,0.322264028,0.064479515,-0.828955707,0.153851623,0.867239666,-0.457338619,0.122745376,11250,104637.126456333,0.008703375,1,0.170760000,0.136730000,-0.767687000,0.072738541,-0.715294940,0.673387743,0.172079051,1,0.298455890,0.040011314,-0.870036727,0.072738541,-0.715294940,0.673387743,0.172079051
11.590135917,104637.147551333,vr_world,11251,104637.145364291,0.002187625,1,0.276889000,-0.084928800,-0.720998000,0.156169622,0.871637316,-0.449171404,0.118762315,1,0.320270424,0.066003742,-0.829445381,0.156169622,0.871637316,-0.449171404,0.118762315,11251,104637.145364291,0.002187625,1,0.170987000,0.138195000,-0.767831000,0.071985331,-0.712433250,0.677092821,0.169712369,1,0.297868000,0.039777409,-0.869572980,0.071985331,-0.712433250,0.677092821,0.169712369
11.601743292,104637.159158708,vr_world,11251,104637.145364291,0.013795000,1,0.276889000,-0.084928800,-0.720998000,0.156169622,0.871637316,-0.449171404,0.118762315,1,0.320270424,0.066003742,-0.829445381,0.156169622,0.871637316,-0.449171404,0.118762315,11251,104637.145364291,0.013795000,1,0.170987000,0.138195000,-0.767831000,0.071985331,-0.712433250,0.677092821,0.169712369,1,0.297868000,0.039777409,-0.869572980,0.071985331,-0.712433250,0.677092821,0.169712369
11.614143292,104637.171558708,vr_world,11252,104637.165315958,0.006244333,1,0.277889000,-0.084211300,-0.720095000,0.158550066,0.874081663,-0.443487309,0.119004746,1,0.319074126,0.066672885,-0.829462307,0.158550066,0.874081663,-0.443487309,0.119004746,11252,104637.165315958,0.006244333,1,0.171991000,0.139386000,-0.767294000,0.069438703,-0.708851582,0.680058927,0.173860740,1,0.296991566,0.040162808,-0.870569702,0.069438703,-0.708851582,0.680058927,0.173860740
11.625743167,104637.183158583,vr_world,11252,104637.165315958,0.017843292,1,0.277889000,-0.084211300,-0.720095000,0.158550066,0.874081663,-0.443487309,0.119004746,1,0.319074126,0.066672885,-0.829462307,0.158550066,0.874081663,-0.443487309,0.119004746,11252,104637.165315958,0.017843292,1,0.171991000,0.139386000,-0.767294000,0.069438703,-0.708851582,0.680058927,0.173860740,1,0.296991566,0.040162808,-0.870569702,0.069438703,-0.708851582,0.680058927,0.173860740
11.636409209,104637.193824625,vr_world,11253,104637.185240166,0.008585084,1,0.279439000,-0.082735000,-0.718441000,0.164132801,0.879009240,-0.431027035,0.120908540,1,0.316047016,0.067718463,-0.830007295,0.164132801,0.879009240,-0.431027035,0.120908540,11253,104637.185240166,0.008585084,1,0.173087000,0.141951000,-0.766649000,0.066622587,-0.702445737,0.686670867,0.174970107,1,0.295498399,0.040227150,-0.870591035,0.066622587,-0.702445737,0.686670867,0.174970107
11.646970750,104637.204386166,vr_world,11254,104637.204261375,0.000125333,1,0.279891000,-0.081946800,-0.717785000,0.167019491,0.880159186,-0.426734707,0.123781208,1,0.315278544,0.067901759,-0.830552764,0.167019491,0.880159186,-0.426734707,0.123781208,11254,104637.204261375,0.000125333,1,0.174068000,0.143178000,-0.765749000,0.066052751,-0.699179477,0.689680239,0.176426361,1,0.295173367,0.040501740,-0.870282836,0.066052751,-0.699179477,0.689680239,0.176426361
11.659365625,104637.216781041,vr_world,11254,104637.204261375,0.012520083,1,0.279891000,-0.081946800,-0.717785000,0.167019491,0.880159186,-0.426734707,0.123781208,1,0.315278544,0.067901759,-0.830552764,0.167019491,0.880159186,-0.426734707,0.123781208,11254,104637.204261375,0.012520083,1,0.174068000,0.143178000,-0.765749000,0.066052751,-0.699179477,0.689680239,0.176426361,1,0.295173367,0.040501740,-0.870282836,0.066052751,-0.699179477,0.689680239,0.176426361
11.671734625,104637.229150041,vr_world,11255,104637.223462125,0.005688583,1,0.279738000,-0.081664400,-0.716137000,0.170084279,0.880789878,-0.422549450,0.129354130,1,0.314419802,0.067253899,-0.830347026,0.170084279,0.880789878,-0.422549450,0.129354130,11255,104637.223462125,0.005688583,1,0.175495000,0.145737000,-0.765874000,0.063818833,-0.693493919,0.696267959,0.173793756,1,0.294633295,0.040196899,-0.869814198,0.063818833,-0.693493919,0.696267959,0.173793756
11.684137292,104637.241552708,vr_world,11255,104637.223462125,0.018091041,1,0.279738000,-0.081664400,-0.716137000,0.170084279,0.880789878,-0.422549450,0.129354130,1,0.314419802,0.067253899,-0.830347026,0.170084279,0.880789878,-0.422549450,0.129354130,11255,104637.223462125,0.018091041,1,0.175495000,0.145737000,-0.765874000,0.063818833,-0.693493919,0.696267959,0.173793756,1,0.294633295,0.040196899,-0.869814198,0.063818833,-0.693493919,0.696267959,0.173793756
11.695656042,104637.253071458,vr_world,11256,104637.242585333,0.010486917,1,0.280540000,-0.082901400,-0.716180000,0.167503840,0.880496100,-0.425601480,0.124629295,1,0.315630818,0.066836460,-0.829187307,0.167503840,0.880496100,-0.425601480,0.124629295,11256,104637.242585333,0.010486917,1,0.175671000,0.146123000,-0.765515000,0.061963415,-0.694384312,0.695817912,0.172708992,1,0.294985658,0.040446024,-0.869113232,0.061963415,-0.694384312,0.695817912,0.172708992
11.708053875,104637.265469291,vr_world,11257,104637.262317333,0.003152500,1,0.281175000,-0.083510900,-0.715792000,0.169326197,0.881053681,-0.423326559,0.125966958,1,0.315585662,0.065846552,-0.829509825,0.169326197,0.881053681,-0.423326559,0.125966958,11257,104637.262317333,0.003152500,1,0.176887000,0.148456000,-0.765621000,0.058260814,-0.690993657,0.700089002,0.170319794,1,0.294804558,0.040648773,-0.868622275,0.058260814,-0.690993657,0.700089002,0.170319794
11.720448792,104637.277864208,vr_world,11257,104637.262317333,0.015547458,1,0.281175000,-0.083510900,-0.715792000,0.169326197,0.881053681,-0.423326559,0.125966958,1,0.315585662,0.065846552,-0.829509825,0.169326197,0.881053681,-0.423326559,0.125966958,11257,104637.262317333,0.015547458,1,0.176887000,0.148456000,-0.765621000,0.058260814,-0.690993657,0.700089002,0.170319794,1,0.294804558,0.040648773,-0.868622275,0.058260814,-0.690993657,0.700089002,0.170319794
11.732876209,104637.290291625,vr_world,11258,104637.281826833,0.008465167,1,0.282752000,-0.087399100,-0.715848000,0.163689429,0.886019315,-0.415795946,0.123649812,1,0.314089094,0.063872115,-0.827912483,0.163689429,0.886019315,-0.415795946,0.123649812,11258,104637.281826833,0.008465167,1,0.177674000,0.151488000,-0.765021000,0.055010884,-0.684918437,0.707100969,0.166939380,1,0.293395326,0.040519584,-0.867152270,0.055010884,-0.684918437,0.707100969,0.166939380
11.743703084,104637.301118500,vr_world,11258,104637.281826833,0.019292292,1,0.282752000,-0.087399100,-0.715848000,0.163689429,0.886019315,-0.415795946,0.123649812,1,0.314089094,0.063872115,-0.827912483,0.163689429,0.886019315,-0.415795946,0.123649812,11258,104637.281826833,0.019292292,1,0.177674000,0.151488000,-0.765021000,0.055010884,-0.684918437,0.707100969,0.166939380,1,0.293395326,0.040519584,-0.867152270,0.055010884,-0.684918437,0.707100969,0.166939380
11.756088125,104637.313503541,vr_world,11259,104637.301657250,0.011846666,1,0.283792000,-0.089254900,-0.715831000,0.161712920,0.889485280,-0.410051788,0.120508918,1,0.312484429,0.063043347,-0.827210663,0.161712920,0.889485280,-0.410051788,0.120508918,11259,104637.301657250,0.011846666,1,0.179071000,0.153632000,-0.764956000,0.051159411,-0.679900511,0.713270564,0.162367215,1,0.292975278,0.039623704,-0.865773363,0.051159411,-0.679900511,0.713270564,0.162367215
11.768493834,104637.325909250,vr_world,11260,104637.320711875,0.005197708,1,0.286202000,-0.092446500,-0.715115000,0.159797350,0.894892648,-0.400983776,0.113331226,1,0.310319485,0.061328255,-0.825546616,0.159797350,0.894892648,-0.400983776,0.113331226,11260,104637.320711875,0.005197708,1,0.179923000,0.155784000,-0.765754000,0.049803898,-0.670247620,0.723397190,0.158063925,1,0.290605014,0.037652014,-0.865406113,0.049803898,-0.670247620,0.723397190,0.158063925
11.780916250,104637.338331666,vr_world,11260,104637.320711875,0.017620291,1,0.286202000,-0.092446500,-0.715115000,0.159797350,0.894892648,-0.400983776,0.113331226,1,0.310319485,0.061328255,-0.825546616,0.159797350,0.894892648,-0.400983776,0.113331226,11260,104637.320711875,0.017620291,1,0.179923000,0.155784000,-0.765754000,0.049803898,-0.670247620,0.723397190,0.158063925,1,0.290605014,0.037652014,-0.865406113,0.049803898,-0.670247620,0.723397190,0.158063925
11.793321292,104637.350736708,vr_world,11261,104637.340590833,0.010146417,1,0.287287000,-0.094806000,-0.714540000,0.158965435,0.898155836,-0.396025884,0.105875323,1,0.308319407,0.059991471,-0.824170471,0.158965435,0.898155836,-0.396025884,0.105875323,11261,104637.340590833,0.010146417,1,0.180346000,0.156738000,-0.765617000,0.051254608,-0.666185491,0.727407755,0.156357968,1,0.289884343,0.037159747,-0.864806785,0.051254608,-0.666185491,0.727407755,0.156357968
11.805721417,104637.363136833,vr_world,11262,104637.361197125,0.001940291,1,0.289268000,-0.098758500,-0.713262000,0.157302992,0.903061307,-0.388669336,0.093124599,1,0.305497286,0.057713280,-0.821320460,0.157302992,0.903061307,-0.388669336,0.093124599,11262,104637.361197125,0.001940291,1,0.182112000,0.158775000,-0.764863000,0.047542799,-0.657795463,0.735673677,0.154366614,1,0.288335536,0.035848015,-0.863563374,0.047542799,-0.657795463,0.735673677,0.154366614
11.818119584,104637.375535000,vr_world,11262,104637.361197125,0.014338208,1,0.289268000,-0.098758500,-0.713262000,0.157302992,0.903061307,-0.388669336,0.093124599,1,0.305497286,0.057713280,-0.821320460,0.157302992,0.903061307,-0.388669336,0.093124599,11262,104637.361197125,0.014338208,1,0.182112000,0.158775000,-0.764863000,0.047542799,-0.657795463,0.735673677,0.154366614,1,0.288335536,0.035848015,-0.863563374,0.047542799,-0.657795463,0.735673677,0.154366614
11.830527292,104637.387942708,vr_world,11263,104637.380961625,0.006981708,1,0.291088000,-0.100779000,-0.712418000,0.157828309,0.904552473,-0.387110178,0.083789963,1,0.305227440,0.056405541,-0.819733156,0.157828309,0.904552473,-0.387110178,0.083789963,11263,104637.380961625,0.006981708,1,0.183479000,0.159966000,-0.764876000,0.042008770,-0.653529899,0.740458474,0.151179309,1,0.287754374,0.034583270,-0.862559340,0.042008770,-0.653529899,0.740458474,0.151179309
11.841833042,104637.399248458,vr_world,11263,104637.380961625,0.018287208,1,0.291088000,-0.100779000,-0.712418000,0.157828309,0.904552473,-0.387110178,0.083789963,1,0.305227440,0.056405541,-0.819733156,0.157828309,0.904552473,-0.387110178,0.083789963,11263,104637.380961625,0.018287208,1,0.183479000,0.159966000,-0.764876000,0.042008770,-0.653529899,0.740458474,0.151179309,1,0.287754374,0.034583270,-0.862559340,0.042008770,-0.653529899,0.740458474,0.151179309
11.854170667,104637.411586083,vr_world,11264,104637.401993666,0.009592959,1,0.293631000,-0.103745000,-0.711016000,0.159346001,0.906506886,-0.384730937,0.069542965,1,0.304608026,0.054361364,-0.817342575,0.159346001,0.906506886,-0.384730937,0.069542965,11264,104637.401993666,0.009592959,1,0.184378000,0.161295000,-0.764869000,0.037495924,-0.651743264,0.743053912,0.147294458,1,0.287792803,0.034200874,-0.861246851,0.037495924,-0.651743264,0.743053912,0.147294458
11.866572875,104637.423988291,vr_world,11265,104637.422368208,0.001620542,1,0.297302000,-0.109786000,-0.709006000,0.156956666,0.911504829,-0.377638726,0.043732656,1,0.301863451,0.050982044,-0.811749669,0.156956666,0.911504829,-0.377638726,0.043732656,11265,104637.422368208,0.001620542,1,0.186292000,0.163669000,-0.765183000,0.030950727,-0.645369490,0.750200468,0.140497444,1,0.287154432,0.032870991,-0.859283153,0.030950727,-0.645369490,0.750200468,0.140497444
11.877045292,104637.434460708,vr_world,11265,104637.422368208,0.012093083,1,0.297302000,-0.109786000,-0.709006000,0.156956666,0.911504829,-0.377638726,0.043732656,1,0.301863451,0.050982044,-0.811749669,0.156956666,0.911504829,-0.377638726,0.043732656,11265,104637.422368208,0.012093083,1,0.186292000,0.163669000,-0.765183000,0.030950727,-0.645369490,0.750200468,0.140497444,1,0.287154432,0.032870991,-0.859283153,0.030950727,-0.645369490,0.750200468,0.140497444
11.889452750,104637.446868166,vr_world,11266,104637.443554666,0.003313917,1,0.298476000,-0.111612000,-0.709713000,0.155053203,0.913350933,-0.374807982,0.035602714,1,0.300893245,0.050184475,-0.810903543,0.155053203,0.913350933,-0.374807982,0.035602714,11266,104637.443554666,0.003313917,1,0.187234000,0.165583000,-0.765549000,0.029918042,-0.641406643,0.754603222,0.135190258,1,0.286922914,0.032655862,-0.857900006,0.029918042,-0.641406643,0.754603222,0.135190258
11.901863167,104637.459278583,vr_world,11266,104637.443554666,0.015724417,1,0.298476000,-0.111612000,-0.709713000,0.155053203,0.913350933,-0.374807982,0.035602714,1,0.300893245,0.050184475,-0.810903543,0.155053203,0.913350933,-0.374807982,0.035602714,11266,104637.443554666,0.015724417,1,0.187234000,0.165583000,-0.765549000,0.029918042,-0.641406643,0.754603222,0.135190258,1,0.286922914,0.032655862,-0.857900006,0.029918042,-0.641406643,0.754603222,0.135190258
11.914272500,104637.471687916,vr_world,11267,104637.463082333,0.008605917,1,0.299585000,-0.115820000,-0.708985000,0.145981675,0.921786773,-0.358878217,0.014315076,1,0.293480931,0.049269351,-0.804544911,0.145981675,0.921786773,-0.358878217,0.014315076,11267,104637.463082333,0.008605917,1,0.190118000,0.166858000,-0.766495000,0.028317598,-0.631835297,0.764453811,0.124870501,1,0.286814177,0.029465508,-0.855429569,0.028317598,-0.631835297,0.764453811,0.124870501
11.926689250,104637.484104666,vr_world,11268,104637.483795291,0.000309792,1,0.298190000,-0.116828000,-0.707627000,0.156569693,0.913709773,-0.373680768,0.031353886,1,0.299523182,0.045015152,-0.808762770,0.156569693,0.913709773,-0.373680768,0.031353886,11268,104637.483795291,0.000309792,1,0.190462000,0.163674000,-0.766497000,0.034368864,-0.634300235,0.760455507,0.134868140,1,0.287998618,0.029203842,-0.858912573,0.034368864,-0.634300235,0.760455507,0.134868140
11.939098459,104637.496513875,vr_world,11268,104637.483795291,0.012719000,1,0.298190000,-0.116828000,-0.707627000,0.156569693,0.913709773,-0.373680768,0.031353886,1,0.299523182,0.045015152,-0.808762770,0.156569693,0.913709773,-0.373680768,0.031353886,11268,104637.483795291,0.012719000,1,0.190462000,0.163674000,-0.766497000,0.034368864,-0.634300235,0.760455507,0.134868140,1,0.287998618,0.029203842,-0.858912573,0.034368864,-0.634300235,0.760455507,0.134868140
11.949968875,104637.507384291,vr_world,11269,104637.504734458,0.002652500,1,0.297110000,-0.119180000,-0.709011000,0.152088018,0.914115164,-0.374293004,0.034167951,1,0.299258113,0.043292949,-0.809117803,0.152088018,0.914115164,-0.374293004,0.034167951,11269,104637.504734458,0.002652500,1,0.190509000,0.164273000,-0.767875000,0.049276023,-0.628446654,0.764702577,0.133628758,1,0.287637002,0.029517258,-0.860304783,0.049276023,-0.628446654,0.764702577,0.133628758
11.962394000,104637.519809416,vr_world,11269,104637.504734458,0.015077333,1,0.297110000,-0.119180000,-0.709011000,0.152088018,0.914115164,-0.374293004,0.034167951,1,0.299258113,0.043292949,-0.809117803,0.152088018,0.914115164,-0.374293004,0.034167951,11269,104637.504734458,0.015077333,1,0.190509000,0.164273000,-0.767875000,0.049276023,-0.628446654,0.764702577,0.133628758,1,0.287637002,0.029517258,-0.860304783,0.049276023,-0.628446654,0.764702577,0.133628758
11.974828750,104637.532244166,vr_world,11270,104637.525517083,0.006729292,1,0.297178000,-0.119332000,-0.712561000,0.143202221,0.915534010,-0.373916486,0.038432571,1,0.300139256,0.044482573,-0.810435630,0.143202221,0.915534010,-0.373916486,0.038432571,11270,104637.525517083,0.006729292,1,0.192540000,0.165059000,-0.769611000,0.055103033,-0.621399441,0.771439422,0.125330003,1,0.288256700,0.027627931,-0.859539932,0.055103033,-0.621399441,0.771439422,0.125330003
11.987242084,104637.544657500,vr_world,11271,104637.544393458,0.000264750,1,0.296455000,-0.120172000,-0.713716000,0.139441008,0.915627413,-0.374843271,0.040928823,1,0.300263112,0.044139149,-0.810724974,0.139441008,0.915627413,-0.374843271,0.040928823,11271,104637.544393458,0.000264750,1,0.194251000,0.164421000,-0.770351000,0.061098552,-0.618087272,0.774281206,0.121341278,1,0.289675717,0.026063194,-0.859162340,0.061098552,-0.618087272,0.774281206,0.121341278
11.998719875,104637.556135291,vr_world,11271,104637.544393458,0.011742958,1,0.296455000,-0.120172000,-0.713716000,0.139441008,0.915627413,-0.374843271,0.040928823,1,0.300263112,0.044139149,-0.810724974,0.139441008,0.915627413,-0.374843271,0.040928823,11271,104637.544393458,0.011742958,1,0.194251000,0.164421000,-0.770351000,0.061098552,-0.618087272,0.774281206,0.121341278,1,0.289675717,0.026063194,-0.859162340,0.061098552,-0.618087272,0.774281206,0.121341278
12.010365375,104637.567780791,vr_world,11272,104637.564254041,0.003527584,1,0.295277000,-0.119496000,-0.715611000,0.138975796,0.913504366,-0.379373108,0.047660745,1,0.301766840,0.044344469,-0.813272014,0.138975796,0.913504366,-0.379373108,0.047660745,11272,104637.564254041,0.003527584,1,0.195034000,0.163237000,-0.770604000,0.063326349,-0.615375933,0.775664870,0.125084946,1,0.289450650,0.025075326,-0.860787429,0.063326349,-0.615375933,0.775664870,0.125084946
12.022446834,104637.579862250,vr_world,11272,104637.564254041,0.015608792,1,0.295277000,-0.119496000,-0.715611000,0.138975796,0.913504366,-0.379373108,0.047660745,1,0.301766840,0.044344469,-0.813272014,0.138975796,0.913504366,-0.379373108,0.047660745,11272,104637.564254041,0.015608792,1,0.195034000,0.163237000,-0.770604000,0.063326349,-0.615375933,0.775664870,0.125084946,1,0.289450650,0.025075326,-0.860787429,0.063326349,-0.615375933,0.775664870,0.125084946
12.034300792,104637.591716208,vr_world,11273,104637.584870375,0.006846291,1,0.294319000,-0.121065000,-0.716990000,0.131447271,0.911989080,-0.384057152,0.059140825,1,0.304493202,0.043219524,-0.813584717,0.131447271,0.911989080,-0.384057152,0.059140825,11273,104637.584870375,0.006846291,1,0.195564000,0.163247000,-0.769957000,0.079804286,-0.609856090,0.777632846,0.130360972,1,0.289587574,0.026343713,-0.862441051,0.079804286,-0.609856090,0.777632846,0.130360972
12.046705667,104637.604121083,vr_world,11274,104637.604113625,0.000007750,1,0.294487000,-0.119204000,-0.719460000,0.131688224,0.914210456,-0.378463187,0.060357848,1,0.302686032,0.045052144,-0.816290486,0.131688224,0.914210456,-0.378463187,0.060357848,11274,104637.604113625,0.000007750,1,0.196614000,0.162606000,-0.769760000,0.088633614,-0.603633115,0.781546882,0.130213734,1,0.289416400,0.025109534,-0.862596698,0.088633614,-0.603633115,0.781546882,0.130213734
12.059073375,104637.616488791,vr_world,11274,104637.604113625,0.012375416,1,0.294487000,-0.119204000,-0.719460000,0.131688224,0.914210456,-0.378463187,0.060357848,1,0.302686032,0.045052144,-0.816290486,0.131688224,0.914210456,-0.378463187,0.060357848,11274,104637.604113625,0.012375416,1,0.196614000,0.162606000,-0.769760000,0.088633614,-0.603633115,0.781546882,0.130213734,1,0.289416400,0.025109534,-0.862596698,0.088633614,-0.603633115,0.781546882,0.130213734
12.069611125,104637.627026541,vr_world,11275,104637.624143708,0.002883042,1,0.293414000,-0.119457000,-0.719511000,0.132568207,0.914578376,-0.376793069,0.063238027,1,0.301358931,0.044453055,-0.816947216,0.132568207,0.914578376,-0.376793069,0.063238027,11275,104637.624143708,0.002883042,1,0.197551000,0.161762000,-0.768994000,0.097670017,-0.599659038,0.782443729,0.136570191,1,0.289681331,0.025482639,-0.864262833,0.097670017,-0.599659038,0.782443729,0.136570191
12.079756167,104637.637171583,vr_world,11275,104637.624143708,0.013028583,1,0.293414000,-0.119457000,-0.719511000,0.132568207,0.914578376,-0.376793069,0.063238027,1,0.301358931,0.044453055,-0.816947216,0.132568207,0.914578376,-0.376793069,0.063238027,11275,104637.624143708,0.013028583,1,0.197551000,0.161762000,-0.768994000,0.097670017,-0.599659038,0.782443729,0.136570191,1,0.289681331,0.025482639,-0.864262833,0.097670017,-0.599659038,0.782443729,0.136570191
12.092123500,104637.649538916,vr_world,11276,104637.644250583,0.005288625,1,0.291602000,-0.118771000,-0.720462000,0.126626444,0.912605365,-0.380621439,0.079022226,1,0.303499411,0.045000109,-0.817729348,0.126626444,0.912605365,-0.380621439,0.079022226,11276,104637.644250583,0.005288625,1,0.197879000,0.161194000,-0.768796000,0.109686424,-0.594418219,0.783810295,0.142398351,1,0.289359210,0.026146710,-0.866416920,0.109686424,-0.594418219,0.783810295,0.142398351
12.102806959,104637.660222375,vr_world,11276,104637.644250583,0.015972208,1,0.291602000,-0.118771000,-0.720462000,0.126626444,0.912605365,-0.380621439,0.079022226,1,0.303499411,0.045000109,-0.817729348,0.126626444,0.912605365,-0.380621439,0.079022226,11276,104637.644250583,0.015972208,1,0.197879000,0.161194000,-0.768796000,0.109686424,-0.594418219,0.783810295,0.142398351,1,0.289359210,0.026146710,-0.866416920,0.109686424,-0.594418219,0.783810295,0.142398351
12.115187834,104637.672603250,vr_world,11277,104637.665730750,0.006872791,1,0.290936000,-0.119669000,-0.721026000,0.121432283,0.913056057,-0.380030000,0.084616998,1,0.303582111,0.044654246,-0.817262147,0.121432283,0.913056057,-0.380030000,0.084616998,11277,104637.665730750,0.006872791,1,0.197806000,0.161259000,-0.768986000,0.116027501,-0.591562842,0.785206484,0.141569062,1,0.289145904,0.026100505,-0.866584256,0.116027501,-0.591562842,0.785206484,0.141569062
12.127473750,104637.684889166,vr_world,11277,104637.665730750,0.019158916,1,0.290936000,-0.119669000,-0.721026000,0.121432283,0.913056057,-0.380030000,0.084616998,1,0.303582111,0.044654246,-0.817262147,0.121432283,0.913056057,-0.380030000,0.084616998,11277,104637.665730750,0.019158916,1,0.197806000,0.161259000,-0.768986000,0.116027501,-0.591562842,0.785206484,0.141569062,1,0.289145904,0.026100505,-0.866584256,0.116027501,-0.591562842,0.785206484,0.141569062
12.137746542,104637.695161958,vr_world,11278,104637.685507541,0.009654917,1,0.290173000,-0.119860000,-0.722887000,0.110754966,0.915608840,-0.374934036,0.093905580,1,0.302518844,0.045814364,-0.816818127,0.110754966,0.915608840,-0.374934036,0.093905580,11278,104637.685507541,0.009654917,1,0.199004000,0.161568000,-0.769143000,0.129621959,-0.581370541,0.790881882,0.140400463,1,0.288514580,0.025449531,-0.867101455,0.129621959,-0.581370541,0.790881882,0.140400463
12.150122667,104637.707538083,vr_world,11279,104637.705093333,0.002445292,1,0.289586000,-0.119617000,-0.723754000,0.108323178,0.916572220,-0.371728542,0.099896672,1,0.301661515,0.046119388,-0.817610682,0.108323178,0.916572220,-0.371728542,0.099896672,11279,104637.705093333,0.002445292,1,0.199927000,0.162019000,-0.768959000,0.135039077,-0.575304511,0.794443215,0.140175411,1,0.287956107,0.025180353,-0.867255920,0.135039077,-0.575304511,0.794443215,0.140175411
12.161986000,104637.719401416,vr_world,11279,104637.705093333,0.014308583,1,0.289586000,-0.119617000,-0.723754000,0.108323178,0.916572220,-0.371728542,0.099896672,1,0.301661515,0.046119388,-0.817610682,0.108323178,0.916572220,-0.371728542,0.099896672,11279,104637.705093333,0.014308583,1,0.199927000,0.162019000,-0.768959000,0.135039077,-0.575304511,0.794443215,0.140175411,1,0.287956107,0.025180353,-0.867255920,0.135039077,-0.575304511,0.794443215,0.140175411
12.172437292,104637.729852708,vr_world,11280,104637.723712166,0.006141125,1,0.288679000,-0.119034000,-0.724318000,0.103142841,0.917528142,-0.367732161,0.110800369,1,0.300991977,0.046916725,-0.817764415,0.103142841,0.917528142,-0.367732161,0.110800369,11280,104637.723712166,0.006141125,1,0.201227000,0.161781000,-0.768735000,0.151153087,-0.566240986,0.797637975,0.142469478,1,0.288191197,0.025371269,-0.868563947,0.151153087,-0.566240986,0.797637975,0.142469478
12.184853667,104637.742269083,vr_world,11280,104637.723712166,0.018557459,1,0.288679000,-0.119034000,-0.724318000,0.103142841,0.917528142,-0.367732161,0.110800369,1,0.300991977,0.046916725,-0.817764415,0.103142841,0.917528142,-0.367732161,0.110800369,11280,104637.723712166,0.018557459,1,0.201227000,0.161781000,-0.768735000,0.151153087,-0.566240986,0.797637975,0.142469478,1,0.288191197,0.025371269,-0.868563947,0.151153087,-0.566240986,0.797637975,0.142469478
12.196431834,104637.753847250,vr_world,11281,104637.744062458,0.009785167,1,0.290350000,-0.119099000,-0.725267000,0.097801366,0.918906730,-0.365532235,0.111496636,1,0.302013675,0.047770056,-0.817147922,0.097801366,0.918906730,-0.365532235,0.111496636,11281,104637.744062458,0.009785167,1,0.201771000,0.162434000,-0.768289000,0.157500813,-0.565082451,0.796692987,0.145449653,1,0.289179430,0.027138403,-0.869239941,0.157500813,-0.565082451,0.796692987,0.145449653
12.208807584,104637.766223000,vr_world,11282,104637.763710166,0.002513125,1,0.292168000,-0.120468000,-0.724220000,0.100018065,0.921866119,-0.356638885,0.113876913,1,0.300785172,0.045920872,-0.817300217,0.100018065,0.921866119,-0.356638885,0.113876913,11282,104637.763710166,0.002513125,1,0.203198000,0.162866000,-0.767639000,0.164337145,-0.558115845,0.799883324,0.147263965,1,0.289013324,0.027380181,-0.869695576,0.164337145,-0.558115845,0.799883324,0.147263965
12.220410167,104637.777825583,vr_world,11282,104637.763710166,0.014116084,1,0.292168000,-0.120468000,-0.724220000,0.100018065,0.921866119,-0.356638885,0.113876913,1,0.300785172,0.045920872,-0.817300217,0.100018065,0.921866119,-0.356638885,0.113876913,11282,104637.763710166,0.014116084,1,0.203198000,0.162866000,-0.767639000,0.164337145,-0.558115845,0.799883324,0.147263965,1,0.289013324,0.027380181,-0.869695576,0.164337145,-0.558115845,0.799883324,0.147263965
12.230976625,104637.788392041,vr_world,11283,104637.783273291,0.005119125,1,0.295679000,-0.120777000,-0.725019000,0.101524948,0.932103396,-0.330702579,0.107292817,1,0.293462641,0.045601914,-0.818488764,0.101524948,0.932103396,-0.330702579,0.107292817,11283,104637.783273291,0.005119125,1,0.196412000,0.161279000,-0.765825000,0.178642999,-0.598612516,0.766271654,0.150258071,1,0.299426795,0.036918985,-0.866118441,0.178642999,-0.598612516,0.766271654,0.150258071
12.241747292,104637.799162708,vr_world,11283,104637.783273291,0.015889834,1,0.295679000,-0.120777000,-0.725019000,0.101524948,0.932103396,-0.330702579,0.107292817,1,0.293462641,0.045601914,-0.818488764,0.101524948,0.932103396,-0.330702579,0.107292817,11283,104637.783273291,0.015889834,1,0.196412000,0.161279000,-0.765825000,0.178642999,-0.598612516,0.766271654,0.150258071,1,0.299426795,0.036918985,-0.866118441,0.178642999,-0.598612516,0.766271654,0.150258071
12.254126417,104637.811541833,vr_world,11284,104637.803306041,0.008236125,1,0.292877000,-0.120450000,-0.725288000,0.102137376,0.929338998,-0.336460905,0.112654529,1,0.293654500,0.045560746,-0.819432974,0.102137376,0.929338998,-0.336460905,0.112654529,11284,104637.803306041,0.008236125,1,0.211237000,0.164164000,-0.767635000,0.178069955,-0.531914641,0.815606312,0.141930435,1,0.289603296,0.024419375,-0.869940347,0.178069955,-0.531914641,0.815606312,0.141930435
12.266101834,104637.823517250,vr_world,11284,104637.803306041,0.020211875,1,0.292877000,-0.120450000,-0.725288000,0.102137376,0.929338998,-0.336460905,0.112654529,1,0.293654500,0.045560746,-0.819432974,0.102137376,0.929338998,-0.336460905,0.112654529,11284,104637.803306041,0.020211875,1,0.211237000,0.164164000,-0.767635000,0.178069955,-0.531914641,0.815606312,0.141930435,1,0.289603296,0.024419375,-0.869940347,0.178069955,-0.531914641,0.815606312,0.141930435
12.276428709,104637.833844125,vr_world,11285,104637.823742375,0.010105000,1,0.293248000,-0.120445000,-0.725634000,0.102012186,0.930383636,-0.324292461,0.137164877,1,0.293450096,0.043781149,-0.822861599,0.102012186,0.930383636,-0.324292461,0.137164877,11285,104637.823742375,0.010105000,1,0.202191000,0.167822000,-0.764860000,0.184354261,-0.556772136,0.795084485,0.154463451,1,0.290564908,0.036000095,-0.869498691,0.184354261,-0.556772136,0.795084485,0.154463451
12.288848417,104637.846263833,vr_world,11286,104637.843256500,0.003007833,1,0.294707000,-0.120507000,-0.724957000,0.105909994,0.931923441,-0.315254187,0.144625622,1,0.292815888,0.042300730,-0.824523573,0.105909994,0.931923441,-0.315254187,0.144625622,11286,104637.843256500,0.003007833,1,0.204089000,0.163901000,-0.766364000,0.177621350,-0.561318305,0.795047902,0.145846665,1,0.293313873,0.030269640,-0.867940705,0.177621350,-0.561318305,0.795047902,0.145846665
12.301277709,104637.858693125,vr_world,11286,104637.843256500,0.015436958,1,0.294707000,-0.120507000,-0.724957000,0.105909994,0.931923441,-0.315254187,0.144625622,1,0.292815888,0.042300730,-0.824523573,0.105909994,0.931923441,-0.315254187,0.144625622,11286,104637.843256500,0.015436958,1,0.204089000,0.163901000,-0.766364000,0.177621350,-0.561318305,0.795047902,0.145846665,1,0.293313873,0.030269640,-0.867940705,0.177621350,-0.561318305,0.795047902,0.145846665
12.313721834,104637.871137250,vr_world,11287,104637.862881541,0.008256125,1,0.294975000,-0.121345000,-0.723989000,0.113425984,0.931732973,-0.308555351,0.154278346,1,0.292310539,0.039197180,-0.827151777,0.113425984,0.931732973,-0.308555351,0.154278346,11287,104637.862881541,0.008256125,1,0.206494000,0.163246000,-0.765583000,0.181563286,-0.548591229,0.803371586,0.143793364,1,0.291669819,0.027201925,-0.867432296,0.181563286,-0.548591229,0.803371586,0.143793364
12.326095709,104637.883511125,vr_world,11288,104637.882593083,0.000918792,1,0.296120000,-0.121470000,-0.723878000,0.114697428,0.932826102,-0.304566694,0.154657986,1,0.292068180,0.038674999,-0.827611282,0.114697428,0.932826102,-0.304566694,0.154657986,11288,104637.882593083,0.000918792,1,0.205915000,0.163496000,-0.765535000,0.180443422,-0.548297314,0.803029980,0.148165709,1,0.290664410,0.028221265,-0.868755706,0.180443422,-0.548297314,0.803029980,0.148165709
12.338533625,104637.895949041,vr_world,11288,104637.882593083,0.013356958,1,0.296120000,-0.121470000,-0.723878000,0.114697428,0.932826102,-0.304566694,0.154657986,1,0.292068180,0.038674999,-0.827611282,0.114697428,0.932826102,-0.304566694,0.154657986,11288,104637.882593083,0.013356958,1,0.205915000,0.163496000,-0.765535000,0.180443422,-0.548297314,0.803029980,0.148165709,1,0.290664410,0.028221265,-0.868755706,0.180443422,-0.548297314,0.803029980,0.148165709
12.350957584,104637.908373000,vr_world,11289,104637.902759958,0.005613667,1,0.297150000,-0.121607000,-0.724496000,0.112484469,0.935917903,-0.291666815,0.162281829,1,0.289773348,0.037980755,-0.828902898,0.112484469,0.935917903,-0.291666815,0.162281829,11289,104637.902759958,0.005613667,1,0.205607000,0.163579000,-0.765760000,0.177635639,-0.550036910,0.802831526,0.146172906,1,0.290601127,0.027865140,-0.868200074,0.177635639,-0.550036910,0.802831526,0.146172906
12.363366750,104637.920782166,vr_world,11289,104637.902759958,0.018022792,1,0.297150000,-0.121607000,-0.724496000,0.112484469,0.935917903,-0.291666815,0.162281829,1,0.289773348,0.037980755,-0.828902898,0.112484469,0.935917903,-0.291666815,0.162281829,11289,104637.902759958,0.018022792,1,0.205607000,0.163579000,-0.765760000,0.177635639,-0.550036910,0.802831526,0.146172906,1,0.290601127,0.027865140,-0.868200074,0.177635639,-0.550036910,0.802831526,0.146172906
12.375794792,104637.933210208,vr_world,11290,104637.921949333,0.011261167,1,0.297464000,-0.121186000,-0.724244000,0.116072256,0.935723060,-0.288045661,0.167270091,1,0.289718081,0.037209702,-0.830424197,0.116072256,0.935723060,-0.288045661,0.167270091,11290,104637.921949333,0.011261167,1,0.206042000,0.162655000,-0.766554000,0.172801116,-0.549839098,0.804903787,0.141232555,1,0.290317529,0.025291199,-0.867375876,0.172801116,-0.549839098,0.804903787,0.141232555
12.388196917,104637.945612333,vr_world,11291,104637.941275958,0.004337125,1,0.298399000,-0.121930000,-0.722899000,0.119354086,0.936455140,-0.284820631,0.166383834,1,0.289354112,0.035724732,-0.830074557,0.119354086,0.936455140,-0.284820631,0.166383834,11291,104637.941275958,0.004337125,1,0.206228000,0.161995000,-0.766681000,0.170527360,-0.550584586,0.805364748,0.138436471,1,0.290500716,0.023920842,-0.866530391,0.170527360,-0.550584586,0.805364748,0.138436471
12.400603792,104637.958019208,vr_world,11291,104637.941275958,0.016743792,1,0.298399000,-0.121930000,-0.722899000,0.119354086,0.936455140,-0.284820631,0.166383834,1,0.289354112,0.035724732,-0.830074557,0.119354086,0.936455140,-0.284820631,0.166383834,11291,104637.941275958,0.016743792,1,0.206228000,0.161995000,-0.766681000,0.170527360,-0.550584586,0.805364748,0.138436471,1,0.290500716,0.023920842,-0.866530391,0.170527360,-0.550584586,0.805364748,0.138436471
12.411476042,104637.968891458,vr_world,11292,104637.959917166,0.008974750,1,0.297475000,-0.121492000,-0.723555000,0.110338659,0.937529677,-0.282342309,0.170722891,1,0.288265868,0.037547453,-0.828650529,0.110338659,0.937529677,-0.282342309,0.170722891,11292,104637.959917166,0.008974750,1,0.206740000,0.160740000,-0.767325000,0.167894641,-0.552602359,0.805524517,0.132560459,1,0.291532415,0.021523844,-0.865127467,0.167894641,-0.552602359,0.805524517,0.132560459
12.423078000,104637.980493416,vr_world,11292,104637.959917166,0.020576542,1,0.297475000,-0.121492000,-0.723555000,0.110338659,0.937529677,-0.282342309,0.170722891,1,0.288265868,0.037547453,-0.828650529,0.110338659,0.937529677,-0.282342309,0.170722891,11292,104637.959917166,0.020576542,1,0.206740000,0.160740000,-0.767325000,0.167894641,-0.552602359,0.805524517,0.132560459,1,0.291532415,0.021523844,-0.865127467,0.167894641,-0.552602359,0.805524517,0.132560459
12.433773084,104637.991188500,vr_world,11293,104637.981075250,0.010113541,1,0.298351000,-0.118854000,-0.722151000,0.117641445,0.937411745,-0.281551234,0.167775485,1,0.288378038,0.038895265,-0.829104994,0.117641445,0.937411745,-0.281551234,0.167775485,11293,104637.981075250,0.010113541,1,0.207966000,0.159898000,-0.766232000,0.165444903,-0.551082369,0.806413543,0.136504229,1,0.291668896,0.020944884,-0.865338529,0.165444903,-0.551082369,0.806413543,0.136504229
12.446190959,104638.003606375,vr_world,11294,104638.000353916,0.003252917,1,0.297618000,-0.118897000,-0.720803000,0.119464083,0.937114082,-0.279595031,0.171383044,1,0.287634639,0.038151407,-0.828782539,0.119464083,0.937114082,-0.279595031,0.171383044,11294,104638.000353916,0.003252917,1,0.209321000,0.158883000,-0.764925000,0.160900526,-0.549281499,0.808415529,0.137350604,1,0.291589265,0.019275319,-0.864312333,0.160900526,-0.549281499,0.808415529,0.137350604
12.458572792,104638.015988208,vr_world,11294,104638.000353916,0.015635000,1,0.297618000,-0.118897000,-0.720803000,0.119464083,0.937114082,-0.279595031,0.171383044,1,0.287634639,0.038151407,-0.828782539,0.119464083,0.937114082,-0.279595031,0.171383044,11294,104638.000353916,0.015635000,1,0.209321000,0.158883000,-0.764925000,0.160900526,-0.549281499,0.808415529,0.137350604,1,0.291589265,0.019275319,-0.864312333,0.160900526,-0.549281499,0.808415529,0.137350604
12.470982584,104638.028398000,vr_world,11295,104638.019722208,0.008676250,1,0.296744000,-0.117896000,-0.721224000,0.118043672,0.936547317,-0.278490695,0.177165877,1,0.287442308,0.039000075,-0.829485518,0.118043672,0.936547317,-0.278490695,0.177165877,11295,104638.019722208,0.008676250,1,0.209943000,0.158493000,-0.763659000,0.162173246,-0.549734878,0.808144875,0.135621761,1,0.292641766,0.018749895,-0.862497314,0.162173246,-0.549734878,0.808144875,0.135621761
12.483366917,104638.040782333,vr_world,11296,104638.039181583,0.001601000,1,0.297108000,-0.118378000,-0.720855000,0.121713849,0.933281390,-0.286088472,0.179791466,1,0.291060392,0.037948483,-0.830165979,0.121713849,0.933281390,-0.286088472,0.179791466,11296,104638.039181583,0.001601000,1,0.210450000,0.158618000,-0.762506000,0.163877566,-0.549711045,0.805795048,0.147160632,1,0.293031413,0.021487993,-0.865033556,0.163877566,-0.549711045,0.805795048,0.147160632
12.493717584,104638.051133000,vr_world,11296,104638.039181583,0.011951917,1,0.297108000,-0.118378000,-0.720855000,0.121713849,0.933281390,-0.286088472,0.179791466,1,0.291060392,0.037948483,-0.830165979,0.121713849,0.933281390,-0.286088472,0.179791466,11296,104638.039181583,0.011951917,1,0.210450000,0.158618000,-0.762506000,0.163877566,-0.549711045,0.805795048,0.147160632,1,0.293031413,0.021487993,-0.865033556,0.163877566,-0.549711045,0.805795048,0.147160632
12.506124875,104638.063540291,vr_world,11297,104638.058565125,0.004975416,1,0.298772000,-0.119674000,-0.719594000,0.125608482,0.934795315,-0.278248811,0.181542906,1,0.290307426,0.035366091,-0.830564111,0.125608482,0.934795315,-0.278248811,0.181542906,11297,104638.058565125,0.004975416,1,0.210562000,0.160062000,-0.763322000,0.166917674,-0.552936662,0.804615349,0.137817553,1,0.295159835,0.021889534,-0.862759247,0.166917674,-0.552936662,0.804615349,0.137817553
12.518534917,104638.075950333,vr_world,11297,104638.058565125,0.017385541,1,0.298772000,-0.119674000,-0.719594000,0.125608482,0.934795315,-0.278248811,0.181542906,1,0.290307426,0.035366091,-0.830564111,0.125608482,0.934795315,-0.278248811,0.181542906,11297,104638.058565125,0.017385541,1,0.210562000,0.160062000,-0.763322000,0.166917674,-0.552936662,0.804615349,0.137817553,1,0.295159835,0.021889534,-0.862759247,0.166917674,-0.552936662,0.804615349,0.137817553
12.530944625,104638.088360041,vr_world,11298,104638.077988208,0.010372167,1,0.297906000,-0.121352000,-0.721926000,0.106714693,0.935151803,-0.284015084,0.182862000,1,0.291520708,0.037690481,-0.827226357,0.106714693,0.935151803,-0.284015084,0.182862000,11298,104638.077988208,0.010372167,1,0.211026000,0.160004000,-0.763243000,0.168189839,-0.552090687,0.805441011,0.134806639,1,0.295602989,0.021189354,-0.861799800,0.168189839,-0.552090687,0.805441011,0.134806639
12.543082292,104638.100497708,vr_world,11299,104638.097436916,0.003061209,1,0.298160000,-0.122170000,-0.721702000,0.106069694,0.932320486,-0.292584471,0.184179421,1,0.295099155,0.037267254,-0.826553366,0.106069694,0.932320486,-0.292584471,0.184179421,11299,104638.097436916,0.003061209,1,0.211277000,0.159246000,-0.764419000,0.174171901,-0.556889659,0.800998923,0.133935735,1,0.298652129,0.021824490,-0.862485916,0.174171901,-0.556889659,0.800998923,0.133935735
12.555498209,104638.112913625,vr_world,11299,104638.097436916,0.015477084,1,0.298160000,-0.122170000,-0.721702000,0.106069694,0.932320486,-0.292584471,0.184179421,1,0.295099155,0.037267254,-0.826553366,0.106069694,0.932320486,-0.292584471,0.184179421,11299,104638.097436916,0.015477084,1,0.211277000,0.159246000,-0.764419000,0.174171901,-0.556889659,0.800998923,0.133935735,1,0.298652129,0.021824490,-0.862485916,0.174171901,-0.556889659,0.800998923,0.133935735
12.567914709,104638.125330125,vr_world,11300,104638.116328500,0.009002125,1,0.299463000,-0.122037000,-0.722133000,0.107434834,0.933430844,-0.292445303,0.177877376,1,0.295190320,0.037542692,-0.826725156,0.107434834,0.933430844,-0.292445303,0.177877376,11300,104638.116328500,0.009002125,1,0.212711000,0.160735000,-0.764112000,0.172551328,-0.554784187,0.803072749,0.132343134,1,0.299079539,0.022400410,-0.861785937,0.172551328,-0.554784187,0.803072749,0.132343134
12.580330167,104638.137745583,vr_world,11301,104638.135002666,0.002743250,1,0.299924000,-0.121708000,-0.722577000,0.107631248,0.934758577,-0.290809797,0.173411591,1,0.294235776,0.038061274,-0.826811784,0.107631248,0.934758577,-0.290809797,0.173411591,11301,104638.135002666,0.002743250,1,0.213601000,0.160599000,-0.764399000,0.168629006,-0.549147707,0.807985351,0.130998956,1,0.297249844,0.020507576,-0.861936008,0.168629006,-0.549147707,0.807985351,0.130998956
12.591097584,104638.148513000,vr_world,11301,104638.135002666,0.013510917,1,0.299924000,-0.121708000,-0.722577000,0.107631248,0.934758577,-0.290809797,0.173411591,1,0.294235776,0.038061274,-0.826811784,0.107631248,0.934758577,-0.290809797,0.173411591,11301,104638.135002666,0.013510917,1,0.213601000,0.160599000,-0.764399000,0.168629006,-0.549147707,0.807985351,0.130998956,1,0.297249844,0.020507576,-0.861936008,0.168629006,-0.549147707,0.807985351,0.130998956
12.603512459,104638.160927875,vr_world,11302,104638.154349500,0.006578666,1,0.299993000,-0.121356000,-0.723249000,0.107785294,0.934670416,-0.291172620,0.173182127,1,0.294394988,0.038412967,-0.827489221,0.107785294,0.934670416,-0.291172620,0.173182127,11302,104638.154349500,0.006578666,1,0.212875000,0.159563000,-0.764407000,0.172608483,-0.549197939,0.806933057,0.132087002,1,0.297150063,0.020143110,-0.862366315,0.172608483,-0.549197939,0.806933057,0.132087002
12.615084417,104638.172499833,vr_world,11302,104638.154349500,0.018151208,1,0.299993000,-0.121356000,-0.723249000,0.107785294,0.934670416,-0.291172620,0.173182127,1,0.294394988,0.038412967,-0.827489221,0.107785294,0.934670416,-0.291172620,0.173182127,11302,104638.154349500,0.018151208,1,0.212875000,0.159563000,-0.764407000,0.172608483,-0.549197939,0.806933057,0.132087002,1,0.297150063,0.020143110,-0.862366315,0.172608483,-0.549197939,0.806933057,0.132087002
12.627037875,104638.184453291,vr_world,11303,104638.174597208,0.009856500,1,0.301122000,-0.121678000,-0.724277000,0.104378154,0.936129805,-0.289622499,0.169955867,1,0.294339911,0.038896004,-0.827201367,0.104378154,0.936129805,-0.289622499,0.169955867,11303,104638.174597208,0.009856500,1,0.213136000,0.158434000,-0.764733000,0.177056692,-0.550765460,0.804526302,0.134334529,1,0.298659015,0.020265601,-0.863381309,0.177056692,-0.550765460,0.804526302,0.134334529
12.639078875,104638.196494291,vr_world,11304,104638.193595708,0.002898958,1,0.301249000,-0.121202000,-0.724584000,0.104769648,0.935827287,-0.292299916,0.166767410,1,0.294860317,0.039612873,-0.827156769,0.104769648,0.935827287,-0.292299916,0.166767410,11304,104638.193595708,0.002898958,1,0.213388000,0.157085000,-0.764834000,0.181088986,-0.551759674,0.802805509,0.135171580,1,0.299920645,0.019732228,-0.863740814,0.181088986,-0.551759674,0.802805509,0.135171580
12.651479875,104638.208895291,vr_world,11304,104638.193595708,0.015300000,1,0.301249000,-0.121202000,-0.724584000,0.104769648,0.935827287,-0.292299916,0.166767410,1,0.294860317,0.039612873,-0.827156769,0.104769648,0.935827287,-0.292299916,0.166767410,11304,104638.193595708,0.015300000,1,0.213388000,0.157085000,-0.764834000,0.181088986,-0.551759674,0.802805509,0.135171580,1,0.299920645,0.019732228,-0.863740814,0.181088986,-0.551759674,0.802805509,0.135171580
12.663909125,104638.221324541,vr_world,11305,104638.212999083,0.008327083,1,0.301651000,-0.121582000,-0.725374000,0.100139536,0.936497145,-0.293415704,0.163867006,1,0.295109212,0.040343686,-0.826174523,0.100139536,0.936497145,-0.293415704,0.163867006,11305,104638.212999083,0.008327083,1,0.214964000,0.156782000,-0.764585000,0.185567199,-0.548693213,0.803283087,0.138696988,1,0.300987746,0.020118388,-0.864880559,0.185567199,-0.548693213,0.803283087,0.138696988
12.676334209,104638.233749625,vr_world,11306,104638.232789583,0.000960583,1,0.301158000,-0.121026000,-0.726852000,0.099777987,0.937094687,-0.291680837,0.163768707,1,0.293965399,0.040902979,-0.827602653,0.099777987,0.937094687,-0.291680837,0.163768707,11306,104638.232789583,0.000960583,1,0.216371000,0.157379000,-0.764914000,0.182724380,-0.544959188,0.806950218,0.135877259,1,0.300594542,0.019112334,-0.864538064,0.182724380,-0.544959188,0.806950218,0.135877259
12.688744542,104638.246159958,vr_world,11306,104638.232789583,0.013371583,1,0.301158000,-0.121026000,-0.726852000,0.099777987,0.937094687,-0.291680837,0.163768707,1,0.293965399,0.040902979,-0.827602653,0.099777987,0.937094687,-0.291680837,0.163768707,11306,104638.232789583,0.013371583,1,0.216371000,0.157379000,-0.764914000,0.182724380,-0.544959188,0.806950218,0.135877259,1,0.300594542,0.019112334,-0.864538064,0.182724380,-0.544959188,0.806950218,0.135877259
12.700743375,104638.258158791,vr_world,11307,104638.251607041,0.006552250,1,0.300337000,-0.120439000,-0.728629000,0.095628629,0.936301811,-0.292823342,0.168667050,1,0.294401153,0.042007139,-0.828626100,0.095628629,0.936301811,-0.292823342,0.168667050,11307,104638.251607041,0.006552250,1,0.217967000,0.156219000,-0.765390000,0.177808154,-0.543171997,0.809768763,0.132751622,1,0.300790207,0.016428516,-0.864056893,0.177808154,-0.543171997,0.809768763,0.132751622
12.713109417,104638.270524833,vr_world,11308,104638.270491500,0.000033916,1,0.301927000,-0.122560000,-0.728117000,0.096812080,0.937363241,-0.291545495,0.164252245,1,0.294747571,0.039888721,-0.828028457,0.096812080,0.937363241,-0.291545495,0.164252245,11308,104638.270491500,0.000033916,1,0.218542000,0.154361000,-0.763364000,0.183003440,-0.539540414,0.809036530,0.144449904,1,0.300542540,0.017005990,-0.866056485,0.183003440,-0.539540414,0.809036530,0.144449904
12.725283584,104638.282699000,vr_world,11308,104638.270491500,0.012208041,1,0.301927000,-0.122560000,-0.728117000,0.096812080,0.937363241,-0.291545495,0.164252245,1,0.294747571,0.039888721,-0.828028457,0.096812080,0.937363241,-0.291545495,0.164252245,11308,104638.270491500,0.012208041,1,0.218542000,0.154361000,-0.763364000,0.183003440,-0.539540414,0.809036530,0.144449904,1,0.300542540,0.017005990,-0.866056485,0.183003440,-0.539540414,0.809036530,0.144449904
12.737641584,104638.295057000,vr_world,11309,104638.290314791,0.004742667,1,0.301147000,-0.122326000,-0.729479000,0.091187033,0.937524590,-0.294389564,0.161453872,1,0.294463793,0.041449050,-0.827236514,0.091187033,0.937524590,-0.294389564,0.161453872,11309,104638.290314791,0.004742667,1,0.218393000,0.154271000,-0.763832000,0.184419007,-0.542047508,0.807461396,0.142057111,1,0.301638747,0.016998406,-0.865629037,0.184419007,-0.542047508,0.807461396,0.142057111
12.748419042,104638.305834458,vr_world,11309,104638.290314791,0.015520292,1,0.301147000,-0.122326000,-0.729479000,0.091187033,0.937524590,-0.294389564,0.161453872,1,0.294463793,0.041449050,-0.827236514,0.091187033,0.937524590,-0.294389564,0.161453872,11309,104638.290314791,0.015520292,1,0.218393000,0.154271000,-0.763832000,0.184419007,-0.542047508,0.807461396,0.142057111,1,0.301638747,0.016998406,-0.865629037,0.184419007,-0.542047508,0.807461396,0.142057111
12.760366334,104638.317781750,vr_world,11310,104638.310227208,0.007555042,1,0.301896000,-0.122629000,-0.728810000,0.093615824,0.936592795,-0.297506496,0.159749487,1,0.296070335,0.040926947,-0.826988245,0.093615824,0.936592795,-0.297506496,0.159749487,11310,104638.310227208,0.007555042,1,0.220082000,0.153860000,-0.762664000,0.182793727,-0.540908996,0.807795452,0.146527878,1,0.302503677,0.017172932,-0.865909031,0.182793727,-0.540908996,0.807795452,0.146527878
12.772418209,104638.329833625,vr_world,11310,104638.310227208,0.019607000,1,0.301896000,-0.122629000,-0.728810000,0.093615824,0.936592795,-0.297506496,0.159749487,1,0.296070335,0.040926947,-0.826988245,0.093615824,0.936592795,-0.297506496,0.159749487,11310,104638.310227208,0.019607000,1,0.220082000,0.153860000,-0.762664000,0.182793727,-0.540908996,0.807795452,0.146527878,1,0.302503677,0.017172932,-0.865909031,0.182793727,-0.540908996,0.807795452,0.146527878
12.784805375,104638.342220791,vr_world,11311,104638.330323291,0.011897834,1,0.301038000,-0.124107000,-0.729754000,0.094767802,0.935788585,-0.299406226,0.160233266,1,0.295999563,0.039276718,-0.828261968,0.094767802,0.935788585,-0.299406226,0.160233266,11311,104638.330323291,0.011897834,1,0.220749000,0.155332000,-0.762259000,0.178593725,-0.538360791,0.810682060,0.145143162,1,0.301545286,0.017423105,-0.865163353,0.178593725,-0.538360791,0.810682060,0.145143162
12.796578917,104638.353994333,vr_world,11312,104638.348992125,0.005002833,1,0.300088000,-0.125067000,-0.731544000,0.087026997,0.935296403,-0.304210466,0.158439053,1,0.296450979,0.039999602,-0.827268817,0.087026997,0.935296403,-0.304210466,0.158439053,11312,104638.348992125,0.005002833,1,0.221218000,0.154849000,-0.762349000,0.177380194,-0.537475689,0.811652286,0.144487775,1,0.301496340,0.016509947,-0.865081040,0.177380194,-0.537475689,0.811652286,0.144487775
12.808991875,104638.366407291,vr_world,11312,104638.348992125,0.017415541,1,0.300088000,-0.125067000,-0.731544000,0.087026997,0.935296403,-0.304210466,0.158439053,1,0.296450979,0.039999602,-0.827268817,0.087026997,0.935296403,-0.304210466,0.158439053,11312,104638.348992125,0.017415541,1,0.221218000,0.154849000,-0.762349000,0.177380194,-0.537475689,0.811652286,0.144487775,1,0.301496340,0.016509947,-0.865081040,0.177380194,-0.537475689,0.811652286,0.144487775
12.821387042,104638.378802458,vr_world,11313,104638.368306375,0.010496541,1,0.300306000,-0.124610000,-0.730774000,0.090372305,0.934786300,-0.306445950,0.155236269,1,0.296958631,0.040123716,-0.827081093,0.090372305,0.934786300,-0.306445950,0.155236269,11313,104638.368306375,0.010496541,1,0.222044000,0.154819000,-0.761897000,0.178037963,-0.535747160,0.812326750,0.146296672,1,0.301730046,0.016652292,-0.865319935,0.178037963,-0.535747160,0.812326750,0.146296672
12.833837125,104638.391252541,vr_world,11314,104638.387750958,0.003502208,1,0.300404000,-0.125348000,-0.730245000,0.092633149,0.934620415,-0.308048079,0.151691006,1,0.297047853,0.039247561,-0.826787657,0.092633149,0.934620415,-0.308048079,0.151691006,11314,104638.387750958,0.003502208,1,0.222208000,0.155046000,-0.762130000,0.175908260,-0.535161840,0.813762257,0.143000275,1,0.301409708,0.015830137,-0.864512905,0.175908260,-0.535161840,0.813762257,0.143000275
12.846218000,104638.403633416,vr_world,11314,104638.387750958,0.015883000,1,0.300404000,-0.125348000,-0.730245000,0.092633149,0.934620415,-0.308048079,0.151691006,1,0.297047853,0.039247561,-0.826787657,0.092633149,0.934620415,-0.308048079,0.151691006,11314,104638.387750958,0.015883000,1,0.222208000,0.155046000,-0.762130000,0.175908260,-0.535161840,0.813762257,0.143000275,1,0.301409708,0.015830137,-0.864512905,0.175908260,-0.535161840,0.813762257,0.143000275
12.858622959,104638.416038375,vr_world,11315,104638.407267291,0.008771542,1,0.301665000,-0.125593000,-0.730365000,0.091017852,0.935378727,-0.309609214,0.144653108,1,0.297687337,0.039778587,-0.825548508,0.091017852,0.935378727,-0.309609214,0.144653108,11315,104638.407267291,0.008771542,1,0.223404000,0.154423000,-0.761541000,0.173794525,-0.534016194,0.815033082,0.142629739,1,0.301831302,0.014701105,-0.863830626,0.173794525,-0.534016194,0.815033082,0.142629739
12.871043167,104638.428458583,vr_world,11316,104638.426291916,0.002167209,1,0.303057000,-0.125578000,-0.729274000,0.096919344,0.936018890,-0.310370913,0.134704029,1,0.297699317,0.039380815,-0.825103623,0.096919344,0.936018890,-0.310370913,0.134704029,11316,104638.426291916,0.002167209,1,0.224906000,0.154066000,-0.759855000,0.169651341,-0.532823441,0.815855750,0.147299010,1,0.302056922,0.014689499,-0.863576397,0.169651341,-0.532823441,0.815855750,0.147299010
12.881784459,104638.439199875,vr_world,11316,104638.426291916,0.012908542,1,0.303057000,-0.125578000,-0.729274000,0.096919344,0.936018890,-0.310370913,0.134704029,1,0.297699317,0.039380815,-0.825103623,0.096919344,0.936018890,-0.310370913,0.134704029,11316,104638.426291916,0.012908542,1,0.224906000,0.154066000,-0.759855000,0.169651341,-0.532823441,0.815855750,0.147299010,1,0.302056922,0.014689499,-0.863576397,0.169651341,-0.532823441,0.815855750,0.147299010
12.893706000,104638.451121416,vr_world,11317,104638.445347916,0.005773875,1,0.304203000,-0.125787000,-0.727824000,0.102268721,0.937050989,-0.309545608,0.125132206,1,0.296944966,0.038785321,-0.824191600,0.102268721,0.937050989,-0.309545608,0.125132206,11317,104638.445347916,0.005773875,1,0.226586000,0.153799000,-0.757379000,0.160922317,-0.529592066,0.818470962,0.154082887,1,0.300850589,0.014400478,-0.863157249,0.160922317,-0.529592066,0.818470962,0.154082887
12.905750209,104638.463165625,vr_world,11317,104638.445347916,0.017818250,1,0.304203000,-0.125787000,-0.727824000,0.102268721,0.937050989,-0.309545608,0.125132206,1,0.296944966,0.038785321,-0.824191600,0.102268721,0.937050989,-0.309545608,0.125132206,11317,104638.445347916,0.017818250,1,0.226586000,0.153799000,-0.757379000,0.160922317,-0.529592066,0.818470962,0.154082887,1,0.300850589,0.014400478,-0.863157249,0.160922317,-0.529592066,0.818470962,0.154082887
12.916416917,104638.473832333,vr_world,11318,104638.464256625,0.009576208,1,0.305260000,-0.125725000,-0.726682000,0.108774650,0.937311483,-0.309047680,0.118763590,1,0.296738988,0.038054674,-0.824288533,0.108774650,0.937311483,-0.309047680,0.118763590,11318,104638.464256625,0.009576208,1,0.228053000,0.153459000,-0.756323000,0.156024341,-0.526242296,0.820813934,0.158082054,1,0.300102575,0.013864790,-0.863367562,0.156024341,-0.526242296,0.820813934,0.158082054
12.928832959,104638.486248375,vr_world,11319,104638.483869833,0.002379042,1,0.306022000,-0.125998000,-0.727157000,0.112652127,0.938280039,-0.307850498,0.110309276,1,0.295657050,0.037574125,-0.824933141,0.112652127,0.938280039,-0.307850498,0.110309276,11319,104638.483869833,0.002379042,1,0.229582000,0.154144000,-0.755282000,0.148386548,-0.522986086,0.824091528,0.159185862,1,0.299097580,0.013453050,-0.862566054,0.148386548,-0.522986086,0.824091528,0.159185862
12.941254834,104638.498670250,vr_world,11319,104638.483869833,0.014801083,1,0.306022000,-0.125998000,-0.727157000,0.112652127,0.938280039,-0.307850498,0.110309276,1,0.295657050,0.037574125,-0.824933141,0.112652127,0.938280039,-0.307850498,0.110309276,11319,104638.483869833,0.014801083,1,0.229582000,0.154144000,-0.755282000,0.148386548,-0.522986086,0.824091528,0.159185862,1,0.299097580,0.013453050,-0.862566054,0.148386548,-0.522986086,0.824091528,0.159185862
12.953613750,104638.511029166,vr_world,11320,104638.502985541,0.008044000,1,0.306879000,-0.127381000,-0.726743000,0.119457163,0.939462137,-0.306344122,0.096406211,1,0.293665535,0.035785105,-0.824853686,0.119457163,0.939462137,-0.306344122,0.096406211,11320,104638.502985541,0.008044000,1,0.230246000,0.153729000,-0.754225000,0.136973366,-0.518357925,0.828591595,0.161181041,1,0.296066475,0.011553370,-0.861881640,0.136973366,-0.518357925,0.828591595,0.161181041
12.966018709,104638.523434125,vr_world,11321,104638.521703250,0.001731375,1,0.306210000,-0.128136000,-0.727009000,0.120062117,0.939720000,-0.306494017,0.092589567,1,0.292444499,0.035172094,-0.824806719,0.120062117,0.939720000,-0.306494017,0.092589567,11321,104638.521703250,0.001731375,1,0.230699000,0.153665000,-0.754062000,0.129939035,-0.517456509,0.829764008,0.163848408,1,0.294937963,0.011183944,-0.862268766,0.129939035,-0.517456509,0.829764008,0.163848408
12.977035084,104638.534450500,vr_world,11321,104638.521703250,0.012751875,1,0.306210000,-0.128136000,-0.727009000,0.120062117,0.939720000,-0.306494017,0.092589567,1,0.292444499,0.035172094,-0.824806719,0.120062117,0.939720000,-0.306494017,0.092589567,11321,104638.521703250,0.012751875,1,0.230699000,0.153665000,-0.754062000,0.129939035,-0.517456509,0.829764008,0.163848408,1,0.294937963,0.011183944,-0.862268766,0.129939035,-0.517456509,0.829764008,0.163848408
12.989445542,104638.546860958,vr_world,11322,104638.542266000,0.004595416,1,0.304908000,-0.128592000,-0.727077000,0.121646242,0.939513147,-0.308858089,0.084403312,1,0.290723232,0.035048411,-0.824257555,0.121646242,0.939513147,-0.308858089,0.084403312,11322,104638.542266000,0.004595416,1,0.230051000,0.152919000,-0.753894000,0.121380000,-0.514821826,0.831801347,0.168320834,1,0.291731915,0.010125461,-0.863172031,0.121380000,-0.514821826,0.831801347,0.168320834
13.001862959,104638.559278375,vr_world,11322,104638.542266000,0.017012791,1,0.304908000,-0.128592000,-0.727077000,0.121646242,0.939513147,-0.308858089,0.084403312,1,0.290723232,0.035048411,-0.824257555,0.121646242,0.939513147,-0.308858089,0.084403312,11322,104638.542266000,0.017012791,1,0.230051000,0.152919000,-0.753894000,0.121380000,-0.514821826,0.831801347,0.168320834,1,0.291731915,0.010125461,-0.863172031,0.121380000,-0.514821826,0.831801347,0.168320834
13.014248292,104638.571663708,vr_world,11323,104638.561692000,0.009972166,1,0.302492000,-0.129036000,-0.727100000,0.123654994,0.939137047,-0.308156531,0.088151021,1,0.288592917,0.033965394,-0.825389361,0.123654994,0.939137047,-0.308156531,0.088151021,11323,104638.561692000,0.009972166,1,0.228508000,0.152434000,-0.754108000,0.123589923,-0.513541579,0.832225447,0.168527098,1,0.290043998,0.009744406,-0.863603231,0.123589923,-0.513541579,0.832225447,0.168527098
13.026665125,104638.584080541,vr_world,11324,104638.581743916,0.002336917,1,0.300979000,-0.129948000,-0.727111000,0.120563853,0.939207848,-0.308349258,0.090959938,1,0.287636795,0.033445183,-0.824825216,0.120563853,0.939207848,-0.308349258,0.090959938,11324,104638.581743916,0.002336917,1,0.226832000,0.152479000,-0.754304000,0.124665993,-0.513826288,0.832461635,0.165676073,1,0.288767417,0.009324284,-0.862963924,0.124665993,-0.513826288,0.832461635,0.165676073
13.039073625,104638.596489041,vr_world,11324,104638.581743916,0.014746084,1,0.300979000,-0.129948000,-0.727111000,0.120563853,0.939207848,-0.308349258,0.090959938,1,0.287636795,0.033445183,-0.824825216,0.120563853,0.939207848,-0.308349258,0.090959938,11324,104638.581743916,0.014746084,1,0.226832000,0.152479000,-0.754304000,0.124665993,-0.513826288,0.832461635,0.165676073,1,0.288767417,0.009324284,-0.862963924,0.124665993,-0.513826288,0.832461635,0.165676073
13.051458292,104638.608873708,vr_world,11325,104638.600734208,0.008139875,1,0.298312000,-0.130519000,-0.725006000,0.123406945,0.938622044,-0.309104127,0.090631245,1,0.285153148,0.032401253,-0.823531601,0.123406945,0.938622044,-0.309104127,0.090631245,11325,104638.600734208,0.008139875,1,0.224375000,0.151698000,-0.754176000,0.120824975,-0.515559838,0.832354282,0.163663459,1,0.286447621,0.007944046,-0.861962973,0.120824975,-0.515559838,0.832354282,0.163663459
13.063550334,104638.620965750,vr_world,11326,104638.620440083,0.000526208,1,0.295828000,-0.131091000,-0.723251000,0.126432143,0.937528731,-0.309758816,0.095416289,1,0.283617800,0.030972739,-0.823299366,0.126432143,0.937528731,-0.309758816,0.095416289,11326,104638.620440083,0.000526208,1,0.223044000,0.151252000,-0.753602000,0.119547565,-0.515399816,0.833143403,0.161069794,1,0.284963677,0.006789730,-0.860526390,0.119547565,-0.515399816,0.833143403,0.161069794
13.075950709,104638.633366125,vr_world,11326,104638.620440083,0.012926542,1,0.295828000,-0.131091000,-0.723251000,0.126432143,0.937528731,-0.309758816,0.095416289,1,0.283617800,0.030972739,-0.823299366,0.126432143,0.937528731,-0.309758816,0.095416289,11326,104638.620440083,0.012926542,1,0.223044000,0.151252000,-0.753602000,0.119547565,-0.515399816,0.833143403,0.161069794,1,0.284963677,0.006789730,-0.860526390,0.119547565,-0.515399816,0.833143403,0.161069794
13.088369417,104638.645784833,vr_world,11327,104638.639388208,0.006397125,1,0.292147000,-0.132401000,-0.721703000,0.122588897,0.937236011,-0.311952586,0.096157193,1,0.280920662,0.030407965,-0.820650890,0.122588897,0.937236011,-0.311952586,0.096157193,11327,104638.639388208,0.006397125,1,0.221345000,0.150088000,-0.751092000,0.119170043,-0.512834582,0.834351804,0.163267445,1,0.282130691,0.005701919,-0.858767479,0.119170043,-0.512834582,0.834351804,0.163267445
13.100753792,104638.658169208,vr_world,11327,104638.639388208,0.018781417,1,0.292147000,-0.132401000,-0.721703000,0.122588897,0.937236011,-0.311952586,0.096157193,1,0.280920662,0.030407965,-0.820650890,0.122588897,0.937236011,-0.311952586,0.096157193,11327,104638.639388208,0.018781417,1,0.221345000,0.150088000,-0.751092000,0.119170043,-0.512834582,0.834351804,0.163267445,1,0.282130691,0.005701919,-0.858767479,0.119170043,-0.512834582,0.834351804,0.163267445
13.111216125,104638.668631541,vr_world,11328,104638.659024416,0.009607625,1,0.289912000,-0.132406000,-0.719709000,0.125346474,0.936186810,-0.313705193,0.097116272,1,0.279444585,0.029883506,-0.819589097,0.125346474,0.936186810,-0.313705193,0.097116272,11328,104638.659024416,0.009607625,1,0.220891000,0.149904000,-0.748793000,0.117874658,-0.511030513,0.835172441,0.165651361,1,0.280681321,0.005649223,-0.857199253,0.117874658,-0.511030513,0.835172441,0.165651361
13.123615750,104638.681031166,vr_world,11329,104638.678793333,0.002238208,1,0.288719000,-0.133279000,-0.717255000,0.125118915,0.936249273,-0.314041615,0.095710082,1,0.278156356,0.029158426,-0.816883967,0.125118915,0.936249273,-0.314041615,0.095710082,11329,104638.678793333,0.002238208,1,0.220160000,0.149621000,-0.746904000,0.114608532,-0.509085720,0.836642698,0.166510090,1,0.278654836,0.004951569,-0.855464329,0.114608532,-0.509085720,0.836642698,0.166510090
13.135083167,104638.692498583,vr_world,11329,104638.678793333,0.013705708,1,0.288719000,-0.133279000,-0.717255000,0.125118915,0.936249273,-0.314041615,0.095710082,1,0.278156356,0.029158426,-0.816883967,0.125118915,0.936249273,-0.314041615,0.095710082,11329,104638.678793333,0.013705708,1,0.220160000,0.149621000,-0.746904000,0.114608532,-0.509085720,0.836642698,0.166510090,1,0.278654836,0.004951569,-0.855464329,0.114608532,-0.509085720,0.836642698,0.166510090
13.147457000,104638.704872416,vr_world,11330,104638.698490708,0.006382000,1,0.285879000,-0.134959000,-0.712486000,0.127839301,0.935749045,-0.315085289,0.093552650,1,0.275318006,0.027147622,-0.812652636,0.127839301,0.935749045,-0.315085289,0.093552650,11330,104638.698490708,0.006382000,1,0.218578000,0.148812000,-0.743074000,0.109681823,-0.506516303,0.839111777,0.165234857,1,0.275373376,0.003028205,-0.851044328,0.109681823,-0.506516303,0.839111777,0.165234857
13.159040750,104638.716456166,vr_world,11330,104638.698490708,0.017965750,1,0.285879000,-0.134959000,-0.712486000,0.127839301,0.935749045,-0.315085289,0.093552650,1,0.275318006,0.027147622,-0.812652636,0.127839301,0.935749045,-0.315085289,0.093552650,11330,104638.698490708,0.017965750,1,0.218578000,0.148812000,-0.743074000,0.109681823,-0.506516303,0.839111777,0.165234857,1,0.275373376,0.003028205,-0.851044328,0.109681823,-0.506516303,0.839111777,0.165234857
13.170723625,104638.728139041,vr_world,11331,104638.718175458,0.009963833,1,0.284214000,-0.136843000,-0.710199000,0.125289965,0.935727407,-0.316873545,0.091147141,1,0.273978738,0.025959023,-0.809265486,0.125289965,0.935727407,-0.316873545,0.091147141,11331,104638.718175458,0.009963833,1,0.218065000,0.148417000,-0.740188000,0.108249130,-0.504845432,0.840489152,0.164289990,1,0.274037687,0.002074347,-0.847831587,0.108249130,-0.504845432,0.840489152,0.164289990
13.182628375,104638.740043791,vr_world,11332,104638.737340916,0.002703209,1,0.281944000,-0.139408000,-0.705787000,0.124000272,0.935873033,-0.318476458,0.085664139,1,0.271475478,0.024048320,-0.803745441,0.124000272,0.935873033,-0.318476458,0.085664139,11332,104638.737340916,0.002703209,1,0.217368000,0.147809000,-0.735121000,0.103180754,-0.501236007,0.843584877,0.162729076,1,0.271240316,0.000178512,-0.842075320,0.103180754,-0.501236007,0.843584877,0.162729076
13.193747125,104638.751162541,vr_world,11332,104638.737340916,0.013822084,1,0.281944000,-0.139408000,-0.705787000,0.124000272,0.935873033,-0.318476458,0.085664139,1,0.271475478,0.024048320,-0.803745441,0.124000272,0.935873033,-0.318476458,0.085664139,11332,104638.737340916,0.013822084,1,0.217368000,0.147809000,-0.735121000,0.103180754,-0.501236007,0.843584877,0.162729076,1,0.271240316,0.000178512,-0.842075320,0.103180754,-0.501236007,0.843584877,0.162729076
13.204888542,104638.762303958,vr_world,11333,104638.755754958,0.006549375,1,0.280319000,-0.140592000,-0.702856000,0.120508442,0.935884577,-0.320692570,0.082183019,1,0.270208743,0.023797655,-0.799278323,0.120508442,0.935884577,-0.320692570,0.082183019,11333,104638.755754958,0.006549375,1,0.217115000,0.147785000,-0.732413000,0.099431682,-0.499634795,0.845642644,0.159269991,1,0.269951550,-0.001128866,-0.838097295,0.099431682,-0.499634795,0.845642644,0.159269991
13.216561250,104638.773976666,vr_world,11333,104638.755754958,0.018221958,1,0.280319000,-0.140592000,-0.702856000,0.120508442,0.935884577,-0.320692570,0.082183019,1,0.270208743,0.023797655,-0.799278323,0.120508442,0.935884577,-0.320692570,0.082183019,11333,104638.755754958,0.018221958,1,0.217115000,0.147785000,-0.732413000,0.099431682,-0.499634795,0.845642644,0.159269991,1,0.269951550,-0.001128866,-0.838097295,0.099431682,-0.499634795,0.845642644,0.159269991
13.228418250,104638.785833666,vr_world,11334,104638.775302583,0.010531458,1,0.278678000,-0.141679000,-0.698712000,0.122779684,0.935130135,-0.322177036,0.081601090,1,0.268988213,0.022378912,-0.795740584,0.122779684,0.935130135,-0.322177036,0.081601090,11334,104638.775302583,0.010531458,1,0.217005000,0.146511000,-0.728811000,0.097778657,-0.497046921,0.847497236,0.158531155,1,0.268625408,-0.003022808,-0.834220662,0.097778657,-0.497046921,0.847497236,0.158531155
13.240742625,104638.798158041,vr_world,11335,104638.794945250,0.003213125,1,0.275683000,-0.144133000,-0.692388000,0.122808633,0.934185005,-0.325322023,0.079887403,1,0.266906094,0.020117908,-0.789176855,0.122808633,0.934185005,-0.325322023,0.079887403,11335,104638.794945250,0.003213125,1,0.216794000,0.144451000,-0.721678000,0.098058703,-0.491201708,0.850440682,0.160798072,1,0.266101858,-0.005254220,-0.827948038,0.098058703,-0.491201708,0.850440682,0.160798072
13.252636459,104638.810051875,vr_world,11335,104638.794945250,0.015107083,1,0.275683000,-0.144133000,-0.692388000,0.122808633,0.934185005,-0.325322023,0.079887403,1,0.266906094,0.020117908,-0.789176855,0.122808633,0.934185005,-0.325322023,0.079887403,11335,104638.794945250,0.015107083,1,0.216794000,0.144451000,-0.721678000,0.098058703,-0.491201708,0.850440682,0.160798072,1,0.266101858,-0.005254220,-0.827948038,0.098058703,-0.491201708,0.850440682,0.160798072
13.263336292,104638.820751708,vr_world,11336,104638.814040291,0.006712042,1,0.273694000,-0.145515000,-0.688472000,0.123426140,0.933333596,-0.327047357,0.081819388,1,0.265840911,0.018536689,-0.785676960,0.123426140,0.933333596,-0.327047357,0.081819388,11336,104638.814040291,0.006712042,1,0.217151000,0.142944000,-0.717331000,0.096153117,-0.489448330,0.851051286,0.164032371,1,0.265351721,-0.006472011,-0.824512124,0.096153117,-0.489448330,0.851051286,0.164032371
13.273751667,104638.831167083,vr_world,11336,104638.814040291,0.017127334,1,0.273694000,-0.145515000,-0.688472000,0.123426140,0.933333596,-0.327047357,0.081819388,1,0.265840911,0.018536689,-0.785676960,0.123426140,0.933333596,-0.327047357,0.081819388,11336,104638.814040291,0.017127334,1,0.217151000,0.142944000,-0.717331000,0.096153117,-0.489448330,0.851051286,0.164032371,1,0.265351721,-0.006472011,-0.824512124,0.096153117,-0.489448330,0.851051286,0.164032371
13.286160959,104638.843576375,vr_world,11337,104638.833080125,0.010496875,1,0.270113000,-0.148822000,-0.683341000,0.119433960,0.932642738,-0.328571586,0.089183881,1,0.264030420,0.015498957,-0.780217836,0.119433960,0.932642738,-0.328571586,0.089183881,11337,104638.833080125,0.010496875,1,0.217520000,0.141063000,-0.713272000,0.093623022,-0.487596631,0.851786096,0.167166688,1,0.264482591,-0.008149102,-0.821283572,0.093623022,-0.487596631,0.851786096,0.167166688
13.296832000,104638.854247416,vr_world,11338,104638.852141375,0.002106583,1,0.265957000,-0.150604000,-0.677798000,0.078401086,0.937573018,-0.324878398,0.096250361,1,0.260158185,0.020192647,-0.762758691,0.078401086,0.937573018,-0.324878398,0.096250361,11338,104638.852141375,0.002106583,1,0.217985000,0.137276000,-0.705618000,0.090567846,-0.476738908,0.857197169,0.172425321,1,0.260066373,-0.012230244,-0.815223117,0.090567846,-0.476738908,0.857197169,0.172425321
13.309021417,104638.866436833,vr_world,11338,104638.852141375,0.014295708,1,0.265957000,-0.150604000,-0.677798000,0.078401086,0.937573018,-0.324878398,0.096250361,1,0.260158185,0.020192647,-0.762758691,0.078401086,0.937573018,-0.324878398,0.096250361,11338,104638.852141375,0.014295708,1,0.217985000,0.137276000,-0.705618000,0.090567846,-0.476738908,0.857197169,0.172425321,1,0.260066373,-0.012230244,-0.815223117,0.090567846,-0.476738908,0.857197169,0.172425321
13.321217250,104638.878632666,vr_world,11339,104638.871499166,0.007134125,1,0.262395000,-0.147395000,-0.665637000,0.113788260,0.934305457,-0.320419009,0.107038327,1,0.256150133,0.016573328,-0.763099045,0.113788260,0.934305457,-0.320419009,0.107038327,11339,104638.871499166,0.007134125,1,0.215899000,0.133675000,-0.701960000,0.102108659,-0.465723906,0.864031599,0.161630631,1,0.255978483,-0.017972324,-0.809351735,0.102108659,-0.465723906,0.864031599,0.161630631
13.333245875,104638.890661291,vr_world,11340,104638.890268000,0.000393750,1,0.256326000,-0.148449000,-0.656209000,0.109387896,0.934993942,-0.314140065,0.123031035,1,0.250382096,0.015102682,-0.754387079,0.109387896,0.934993942,-0.314140065,0.123031035,11340,104638.890268000,0.000393750,1,0.216895000,0.128229000,-0.692510000,0.115432080,-0.450338426,0.868265102,0.173165957,1,0.252795772,-0.020904303,-0.804789315,0.115432080,-0.450338426,0.868265102,0.173165957
13.343931542,104638.901346958,vr_world,11340,104638.890268000,0.011079333,1,0.256326000,-0.148449000,-0.656209000,0.109387896,0.934993942,-0.314140065,0.123031035,1,0.250382096,0.015102682,-0.754387079,0.109387896,0.934993942,-0.314140065,0.123031035,11340,104638.890268000,0.011079333,1,0.216895000,0.128229000,-0.692510000,0.115432080,-0.450338426,0.868265102,0.173165957,1,0.252795772,-0.020904303,-0.804789315,0.115432080,-0.450338426,0.868265102,0.173165957
13.356325917,104638.913741333,vr_world,11341,104638.909192541,0.004549334,1,0.251578000,-0.146794000,-0.651372000,0.105791912,0.938724721,-0.296707008,0.139888963,1,0.242063396,0.015726088,-0.750971884,0.105791912,0.938724721,-0.296707008,0.139888963,11341,104638.909192541,0.004549334,1,0.217945000,0.124603000,-0.688104000,0.116398537,-0.432792450,0.877027809,0.173101986,1,0.247334940,-0.025594377,-0.800856864,0.116398537,-0.432792450,0.877027809,0.173101986
13.368724834,104638.926140250,vr_world,11341,104638.909192541,0.016948042,1,0.251578000,-0.146794000,-0.651372000,0.105791912,0.938724721,-0.296707008,0.139888963,1,0.242063396,0.015726088,-0.750971884,0.105791912,0.938724721,-0.296707008,0.139888963,11341,104638.909192541,0.016948042,1,0.217945000,0.124603000,-0.688104000,0.116398537,-0.432792450,0.877027809,0.173101986,1,0.247334940,-0.025594377,-0.800856864,0.116398537,-0.432792450,0.877027809,0.173101986
13.381141459,104638.938556875,vr_world,11342,104638.929025708,0.009531750,1,0.250849000,-0.147317000,-0.641038000,0.131922447,0.933683030,-0.296781393,0.150841876,1,0.243307135,0.009374937,-0.749731163,0.131922447,0.933683030,-0.296781393,0.150841876,11342,104638.929025708,0.009531750,1,0.215443000,0.120012000,-0.682543000,0.123211676,-0.426251093,0.876319405,0.187598477,1,0.243060511,-0.026651657,-0.800285520,0.123211676,-0.426251093,0.876319405,0.187598477
13.392759584,104638.950175000,vr_world,11343,104638.948451291,0.001724542,1,0.258736000,-0.144699000,-0.634496000,0.145854611,0.940501556,-0.285465480,0.112661952,1,0.240296966,0.011311355,-0.742866880,0.145854611,0.940501556,-0.285465480,0.112661952,11343,104638.948451291,0.001724542,1,0.212188000,0.114139000,-0.676251000,0.140522581,-0.396934947,0.887657980,0.186438630,1,0.231942543,-0.032268256,-0.795879209,0.140522581,-0.396934947,0.887657980,0.186438630
13.404804875,104638.962220291,vr_world,11343,104638.948451291,0.013769417,1,0.258736000,-0.144699000,-0.634496000,0.145854611,0.940501556,-0.285465480,0.112661952,1,0.240296966,0.011311355,-0.742866880,0.145854611,0.940501556,-0.285465480,0.112661952,11343,104638.948451291,0.013769417,1,0.212188000,0.114139000,-0.676251000,0.140522581,-0.396934947,0.887657980,0.186438630,1,0.231942543,-0.032268256,-0.795879209,0.140522581,-0.396934947,0.887657980,0.186438630
13.417180375,104638.974595791,vr_world,11344,104638.968294250,0.006301791,1,0.245406000,-0.147889000,-0.635637000,0.102022066,0.942220046,-0.305829522,0.091001022,1,0.231400900,0.018696466,-0.727705467,0.102022066,0.942220046,-0.305829522,0.091001022,11344,104638.968294250,0.006301791,1,0.204864000,0.108188000,-0.673703000,0.147134660,-0.434635897,0.873142297,0.164516133,1,0.240438221,-0.040801174,-0.786277048,0.147134660,-0.434635897,0.873142297,0.164516133
13.429558834,104638.986974250,vr_world,11344,104638.968294250,0.018680333,1,0.245406000,-0.147889000,-0.635637000,0.102022066,0.942220046,-0.305829522,0.091001022,1,0.231400900,0.018696466,-0.727705467,0.102022066,0.942220046,-0.305829522,0.091001022,11344,104638.968294250,0.018680333,1,0.204864000,0.108188000,-0.673703000,0.147134660,-0.434635897,0.873142297,0.164516133,1,0.240438221,-0.040801174,-0.786277048,0.147134660,-0.434635897,0.873142297,0.164516133
13.441942250,104638.999357666,vr_world,11345,104638.987449125,0.011908875,1,0.240386000,-0.156061000,-0.626652000,0.072139876,0.927544838,-0.341410690,0.133772767,1,0.246561842,0.013781641,-0.713478129,0.072139876,0.927544838,-0.341410690,0.133772767,11345,104638.987449125,0.011908875,1,0.206949000,0.102909000,-0.666842000,0.146454985,-0.441401271,0.866417253,0.181760831,1,0.244518684,-0.041819746,-0.784223231,0.146454985,-0.441401271,0.866417253,0.181760831
13.454356500,104639.011771916,vr_world,11346,104639.007402000,0.004370291,1,0.254048000,-0.149193000,-0.627580000,0.135157031,0.947758660,-0.244732392,0.153597379,1,0.228561704,0.003589224,-0.739076510,0.135157031,0.947758660,-0.244732392,0.153597379,11346,104639.007402000,0.004370291,1,0.211017000,0.107274000,-0.670903000,0.123017969,-0.424341475,0.881549228,0.166348578,1,0.238508936,-0.044207031,-0.782410535,0.123017969,-0.424341475,0.881549228,0.166348578
13.465753917,104639.023169333,vr_world,11346,104639.007402000,0.015767958,1,0.254048000,-0.149193000,-0.627580000,0.135157031,0.947758660,-0.244732392,0.153597379,1,0.228561704,0.003589224,-0.739076510,0.135157031,0.947758660,-0.244732392,0.153597379,11346,104639.007402000,0.015767958,1,0.211017000,0.107274000,-0.670903000,0.123017969,-0.424341475,0.881549228,0.166348578,1,0.238508936,-0.044207031,-0.782410535,0.123017969,-0.424341475,0.881549228,0.166348578
13.477032792,104639.034448208,vr_world,11347,104639.026536541,0.007912125,1,0.245020000,-0.165479000,-0.636885000,0.056489858,0.937501462,-0.323327759,0.115581419,1,0.241637523,0.007604234,-0.717222940,0.056489858,0.937501462,-0.323327759,0.115581419,11347,104639.026536541,0.007912125,1,0.206931000,0.105941000,-0.667770000,0.130510175,-0.438919200,0.868790768,0.188466526,1,0.240556776,-0.039044565,-0.786026967,0.130510175,-0.438919200,0.868790768,0.188466526
13.487089625,104639.044505041,vr_world,11347,104639.026536541,0.017969084,1,0.245020000,-0.165479000,-0.636885000,0.056489858,0.937501462,-0.323327759,0.115581419,1,0.241637523,0.007604234,-0.717222940,0.056489858,0.937501462,-0.323327759,0.115581419,11347,104639.026536541,0.017969084,1,0.206931000,0.105941000,-0.667770000,0.130510175,-0.438919200,0.868790768,0.188466526,1,0.240556776,-0.039044565,-0.786026967,0.130510175,-0.438919200,0.868790768,0.188466526
13.497754000,104639.055169416,vr_world,11348,104639.046117333,0.009052667,1,0.243336000,-0.160947000,-0.635476000,0.121560023,0.931675474,-0.321379587,0.117979377,1,0.239136683,0.000857926,-0.736594811,0.121560023,0.931675474,-0.321379587,0.117979377,11348,104639.046117333,0.009052667,1,0.205402000,0.104897000,-0.673772000,0.120428653,-0.448192887,0.866701991,0.182887219,1,0.240983489,-0.041746143,-0.789383410,0.120428653,-0.448192887,0.866701991,0.182887219
13.508420959,104639.065836375,vr_world,11349,104639.064722333,0.001117750,1,0.246423000,-0.164876000,-0.651012000,0.109197749,0.932324406,-0.332413188,0.091370267,1,0.242294769,0.001213180,-0.744931091,0.109197749,0.932324406,-0.332413188,0.091370267,11349,104639.064722333,0.001117750,1,0.205686000,0.104567000,-0.676330000,0.117199313,-0.454675254,0.859987898,0.199888842,1,0.242539500,-0.038020482,-0.796525211,0.117199313,-0.454675254,0.859987898,0.199888842
13.520838334,104639.078253750,vr_world,11349,104639.064722333,0.013532125,1,0.246423000,-0.164876000,-0.651012000,0.109197749,0.932324406,-0.332413188,0.091370267,1,0.242294769,0.001213180,-0.744931091,0.109197749,0.932324406,-0.332413188,0.091370267,11349,104639.064722333,0.013532125,1,0.205686000,0.104567000,-0.676330000,0.117199313,-0.454675254,0.859987898,0.199888842,1,0.242539500,-0.038020482,-0.796525211,0.117199313,-0.454675254,0.859987898,0.199888842
13.533253334,104639.090668750,vr_world,11350,104639.084150458,0.006518917,1,0.245165000,-0.168209000,-0.663598000,0.097629669,0.924854555,-0.358840996,0.079659521,1,0.249566157,0.000842761,-0.752060124,0.097629669,0.924854555,-0.358840996,0.079659521,11350,104639.084150458,0.006518917,1,0.202887000,0.102826000,-0.686398000,0.106059155,-0.467927784,0.853015652,0.205327403,1,0.242622439,-0.038558140,-0.807095419,0.106059155,-0.467927784,0.853015652,0.205327403
13.543722750,104639.101138166,vr_world,11350,104639.084150458,0.016988208,1,0.245165000,-0.168209000,-0.663598000,0.097629669,0.924854555,-0.358840996,0.079659521,1,0.249566157,0.000842761,-0.752060124,0.097629669,0.924854555,-0.358840996,0.079659521,11350,104639.084150458,0.016988208,1,0.202887000,0.102826000,-0.686398000,0.106059155,-0.467927784,0.853015652,0.205327403,1,0.242622439,-0.038558140,-0.807095419,0.106059155,-0.467927784,0.853015652,0.205327403
13.553807334,104639.111222750,vr_world,11351,104639.104426875,0.006797541,1,0.245752000,-0.165558000,-0.668804000,0.117989338,0.925276491,-0.354370597,0.066056127,1,0.246002533,0.000906147,-0.762147862,0.117989338,0.925276491,-0.354370597,0.066056127,11351,104639.104426875,0.006797541,1,0.200454000,0.103455000,-0.693307000,0.103293655,-0.464681204,0.854670161,0.207221415,1,0.238416048,-0.038065732,-0.814414378,0.103293655,-0.464681204,0.854670161,0.207221415
13.564067375,104639.121482791,vr_world,11351,104639.104426875,0.017057500,1,0.245752000,-0.165558000,-0.668804000,0.117989338,0.925276491,-0.354370597,0.066056127,1,0.246002533,0.000906147,-0.762147862,0.117989338,0.925276491,-0.354370597,0.066056127,11351,104639.104426875,0.017057500,1,0.200454000,0.103455000,-0.693307000,0.103293655,-0.464681204,0.854670161,0.207221415,1,0.238416048,-0.038065732,-0.814414378,0.103293655,-0.464681204,0.854670161,0.207221415
13.575088917,104639.132504333,vr_world,11352,104639.123163958,0.009341292,1,0.243704000,-0.161611000,-0.672626000,0.135584066,0.927153586,-0.343710592,0.062178912,1,0.238865989,0.001861306,-0.770996787,0.135584066,0.927153586,-0.343710592,0.062178912,11352,104639.123163958,0.009341292,1,0.197593000,0.104485000,-0.700410000,0.104302327,-0.461275048,0.857486701,0.202639861,1,0.234641986,-0.038290229,-0.820321785,0.104302327,-0.461275048,0.857486701,0.202639861
13.587450959,104639.144866375,vr_world,11353,104639.142442458,0.002424625,1,0.236195000,-0.158495000,-0.679712000,0.164154436,0.927445057,-0.330306565,0.061616236,1,0.225425715,-0.000752490,-0.786598712,0.164154436,0.927445057,-0.330306565,0.061616236,11353,104639.142442458,0.002424625,1,0.192995000,0.105684000,-0.712176000,0.096699831,-0.458244516,0.862540556,0.191533013,1,0.228130128,-0.040662731,-0.828298388,0.096699831,-0.458244516,0.862540556,0.191533013
13.599810584,104639.157226000,vr_world,11353,104639.142442458,0.014784000,1,0.236195000,-0.158495000,-0.679712000,0.164154436,0.927445057,-0.330306565,0.061616236,1,0.225425715,-0.000752490,-0.786598712,0.164154436,0.927445057,-0.330306565,0.061616236,11353,104639.142442458,0.014784000,1,0.192995000,0.105684000,-0.712176000,0.096699831,-0.458244516,0.862540556,0.191533013,1,0.228130128,-0.040662731,-0.828298388,0.096699831,-0.458244516,0.862540556,0.191533013
13.612206542,104639.169621958,vr_world,11354,104639.161648833,0.007973750,1,0.223015000,-0.153571000,-0.688789000,0.162077499,0.918879645,-0.345000488,0.101812303,1,0.224215149,0.001680216,-0.799780444,0.162077499,0.918879645,-0.345000488,0.101812303,11354,104639.161648833,0.007973750,1,0.188871000,0.107890000,-0.716982000,0.094398990,-0.469635048,0.859410744,0.178731433,1,0.228542563,-0.040547486,-0.828913647,0.094398990,-0.469635048,0.859410744,0.178731433
13.624599834,104639.182015250,vr_world,11355,104639.181823375,0.000192375,1,0.215524000,-0.151813000,-0.700592000,0.152572175,0.919510491,-0.339243735,0.127027068,1,0.219096247,0.003388888,-0.811601323,0.152572175,0.919510491,-0.339243735,0.127027068,11355,104639.181823375,0.000192375,1,0.187561000,0.106946000,-0.725272000,0.100792737,-0.457792389,0.864193837,0.182855035,1,0.223550876,-0.040950870,-0.839146894,0.100792737,-0.457792389,0.864193837,0.182855035
13.635170000,104639.192585416,vr_world,11355,104639.181823375,0.010762875,1,0.215524000,-0.151813000,-0.700592000,0.152572175,0.919510491,-0.339243735,0.127027068,1,0.219096247,0.003388888,-0.811601323,0.152572175,0.919510491,-0.339243735,0.127027068,11355,104639.181823375,0.010762875,1,0.187561000,0.106946000,-0.725272000,0.100792737,-0.457792389,0.864193837,0.182855035,1,0.223550876,-0.040950870,-0.839146894,0.100792737,-0.457792389,0.864193837,0.182855035
13.647098459,104639.204513875,vr_world,11356,104639.201683791,0.002830667,1,0.212404000,-0.146701000,-0.706580000,0.143196744,0.921693657,-0.335873334,0.131013734,1,0.215547273,0.010114979,-0.815310289,0.143196744,0.921693657,-0.335873334,0.131013734,11356,104639.201683791,0.002830667,1,0.185009000,0.108449000,-0.726603000,0.108709381,-0.451355153,0.863595058,0.196632582,1,0.219299505,-0.036035196,-0.845282182,0.108709381,-0.451355153,0.863595058,0.196632582
13.659537084,104639.216952500,vr_world,11356,104639.201683791,0.015269334,1,0.212404000,-0.146701000,-0.706580000,0.143196744,0.921693657,-0.335873334,0.131013734,1,0.215547273,0.010114979,-0.815310289,0.143196744,0.921693657,-0.335873334,0.131013734,11356,104639.201683791,0.015269334,1,0.185009000,0.108449000,-0.726603000,0.108709381,-0.451355153,0.863595058,0.196632582,1,0.219299505,-0.036035196,-0.845282182,0.108709381,-0.451355153,0.863595058,0.196632582
13.671909125,104639.229324541,vr_world,11357,104639.221327666,0.007997917,1,0.210104000,-0.140354000,-0.709125000,0.158971861,0.919978759,-0.331158429,0.136752057,1,0.212362564,0.012613307,-0.823227312,0.158971861,0.919978759,-0.331158429,0.136752057,11357,104639.221327666,0.007997917,1,0.183235000,0.111932000,-0.729274000,0.094463793,-0.455998439,0.864508012,0.189124068,1,0.217259448,-0.035352347,-0.844538410,0.094463793,-0.455998439,0.864508012,0.189124068
13.684313750,104639.241729166,vr_world,11358,104639.240292750,0.001436875,1,0.181624000,-0.159917000,-0.691844000,0.130936207,0.889843239,-0.400909093,0.174087964,1,0.216780142,-0.005346356,-0.798123863,0.130936207,0.889843239,-0.400909093,0.174087964,11358,104639.240292750,0.001436875,1,0.175703000,0.119469000,-0.734517000,0.082358134,-0.479579246,0.861094331,0.147436217,1,0.218758774,-0.035598279,-0.835693074,0.082358134,-0.479579246,0.861094331,0.147436217
13.695155334,104639.252570750,vr_world,11358,104639.240292750,0.012278416,1,0.181624000,-0.159917000,-0.691844000,0.130936207,0.889843239,-0.400909093,0.174087964,1,0.216780142,-0.005346356,-0.798123863,0.130936207,0.889843239,-0.400909093,0.174087964,11358,104639.240292750,0.012278416,1,0.175703000,0.119469000,-0.734517000,0.082358134,-0.479579246,0.861094331,0.147436217,1,0.218758774,-0.035598279,-0.835693074,0.082358134,-0.479579246,0.861094331,0.147436217
13.705762084,104639.263177500,vr_world,11359,104639.259840125,0.003337791,1,0.211065000,-0.146698000,-0.721221000,0.050577101,0.942222956,-0.321793299,0.078146852,1,0.201933558,0.029100468,-0.794943049,0.050577101,0.942222956,-0.321793299,0.078146852,11359,104639.259840125,0.003337791,1,0.182672000,0.124075000,-0.736037000,0.062061512,-0.478076346,0.868138514,0.118012271,1,0.223626929,-0.038224779,-0.826135292,0.062061512,-0.478076346,0.868138514,0.118012271
13.718013042,104639.275428458,vr_world,11359,104639.259840125,0.015589000,1,0.211065000,-0.146698000,-0.721221000,0.050577101,0.942222956,-0.321793299,0.078146852,1,0.201933558,0.029100468,-0.794943049,0.050577101,0.942222956,-0.321793299,0.078146852,11359,104639.259840125,0.015589000,1,0.182672000,0.124075000,-0.736037000,0.062061512,-0.478076346,0.868138514,0.118012271,1,0.223626929,-0.038224779,-0.826135292,0.062061512,-0.478076346,0.868138514,0.118012271
13.730434542,104639.287849958,vr_world,11360,104639.279792583,0.008057917,1,0.202982000,-0.141211000,-0.700077000,0.125306738,0.910034914,-0.369914948,0.138915832,1,0.220378163,0.018475058,-0.803136028,0.125306738,0.910034914,-0.369914948,0.138915832,11360,104639.279792583,0.008057917,1,0.179744000,0.119972000,-0.737657000,0.060440416,-0.493047737,0.856935195,0.137524388,1,0.225477956,-0.037530339,-0.833769647,0.060440416,-0.493047737,0.856935195,0.137524388
13.742834334,104639.300249750,vr_world,11361,104639.300030208,0.000219833,1,0.212961000,-0.139875000,-0.695574000,0.123887949,0.913609624,-0.369026779,0.117424303,1,0.226473738,0.021748320,-0.796166015,0.123887949,0.913609624,-0.369026779,0.117424303,11361,104639.300030208,0.000219833,1,0.182734000,0.126971000,-0.732393000,0.056692343,-0.473224723,0.865054590,0.156604267,1,0.219265593,-0.029231173,-0.834385866,0.056692343,-0.473224723,0.865054590,0.156604267
13.755248292,104639.312663708,vr_world,11361,104639.300030208,0.012634042,1,0.212961000,-0.139875000,-0.695574000,0.123887949,0.913609624,-0.369026779,0.117424303,1,0.226473738,0.021748320,-0.796166015,0.123887949,0.913609624,-0.369026779,0.117424303,11361,104639.300030208,0.012634042,1,0.182734000,0.126971000,-0.732393000,0.056692343,-0.473224723,0.865054590,0.156604267,1,0.219265593,-0.029231173,-0.834385866,0.056692343,-0.473224723,0.865054590,0.156604267
13.767655709,104639.325071125,vr_world,11362,104639.319495666,0.005575959,1,0.213565000,-0.133138000,-0.690666000,0.141392995,0.914582204,-0.360172154,0.117573099,1,0.223467949,0.025126212,-0.796863003,0.141392995,0.914582204,-0.360172154,0.117573099,11362,104639.319495666,0.005575959,1,0.177806000,0.129573000,-0.734047000,0.060654942,-0.492362869,0.855505387,0.148358740,1,0.222761667,-0.025977497,-0.833642525,0.060654942,-0.492362869,0.855505387,0.148358740
13.780058167,104639.337473583,vr_world,11362,104639.319495666,0.017978459,1,0.213565000,-0.133138000,-0.690666000,0.141392995,0.914582204,-0.360172154,0.117573099,1,0.223467949,0.025126212,-0.796863003,0.141392995,0.914582204,-0.360172154,0.117573099,11362,104639.319495666,0.017978459,1,0.177806000,0.129573000,-0.734047000,0.060654942,-0.492362869,0.855505387,0.148358740,1,0.222761667,-0.025977497,-0.833642525,0.060654942,-0.492362869,0.855505387,0.148358740
13.792471542,104639.349886958,vr_world,11363,104639.339261166,0.010626292,1,0.213980000,-0.135044000,-0.691103000,0.130707761,0.914278110,-0.364357389,0.119393097,1,0.225939593,0.025168701,-0.794119046,0.130707761,0.914278110,-0.364357389,0.119393097,11363,104639.339261166,0.010626292,1,0.177566000,0.128423000,-0.734435000,0.069250550,-0.489311081,0.856347305,0.149827636,1,0.222442111,-0.026393975,-0.835202455,0.069250550,-0.489311081,0.856347305,0.149827636
13.804878542,104639.362293958,vr_world,11364,104639.359259458,0.003034875,1,0.213867000,-0.134799000,-0.690109000,0.124718754,0.916971049,-0.359972338,0.118445111,1,0.224116957,0.026691491,-0.791298111,0.124718754,0.916971049,-0.359972338,0.118445111,11364,104639.359259458,0.003034875,1,0.179629000,0.131127000,-0.734644000,0.068856818,-0.484583120,0.859694161,0.146163908,1,0.222780075,-0.024909862,-0.834276809,0.068856818,-0.484583120,0.859694161,0.146163908
13.817306959,104639.374722375,vr_world,11364,104639.359259458,0.015463417,1,0.213867000,-0.134799000,-0.690109000,0.124718754,0.916971049,-0.359972338,0.118445111,1,0.224116957,0.026691491,-0.791298111,0.124718754,0.916971049,-0.359972338,0.118445111,11364,104639.359259458,0.015463417,1,0.179629000,0.131127000,-0.734644000,0.068856818,-0.484583120,0.859694161,0.146163908,1,0.222780075,-0.024909862,-0.834276809,0.068856818,-0.484583120,0.859694161,0.146163908
13.829723334,104639.387138750,vr_world,11365,104639.378105708,0.009033417,1,0.214098000,-0.132511000,-0.688838000,0.119229478,0.918736811,-0.356766243,0.120103504,1,0.223492279,0.029925837,-0.788584876,0.119229478,0.918736811,-0.356766243,0.120103504,11365,104639.378105708,0.009033417,1,0.179910000,0.132084000,-0.735726000,0.065848054,-0.485546733,0.859494797,0.145523530,1,0.223051893,-0.024245729,-0.834902826,0.065848054,-0.485546733,0.859494797,0.145523530
13.842133417,104639.399548833,vr_world,11366,104639.397585125,0.001964416,1,0.215829000,-0.131267000,-0.686387000,0.123431159,0.919935601,-0.352393317,0.119591761,1,0.223436600,0.030420496,-0.787494689,0.123431159,0.919935601,-0.352393317,0.119591761,11366,104639.397585125,0.001964416,1,0.180434000,0.133015000,-0.736059000,0.063235198,-0.484051916,0.860351706,0.146594662,1,0.222581454,-0.023495658,-0.835378042,0.063235198,-0.484051916,0.860351706,0.146594662
13.854533209,104639.411948625,vr_world,11366,104639.397585125,0.014364083,1,0.215829000,-0.131267000,-0.686387000,0.123431159,0.919935601,-0.352393317,0.119591761,1,0.223436600,0.030420496,-0.787494689,0.123431159,0.919935601,-0.352393317,0.119591761,11366,104639.397585125,0.014364083,1,0.180434000,0.133015000,-0.736059000,0.063235198,-0.484051916,0.860351706,0.146594662,1,0.222581454,-0.023495658,-0.835378042,0.063235198,-0.484051916,0.860351706,0.146594662
13.866948417,104639.424363833,vr_world,11367,104639.417372416,0.006991750,1,0.217901000,-0.129109000,-0.683115000,0.128619806,0.919961474,-0.350422602,0.119715627,1,0.224716644,0.031566477,-0.785878624,0.128619806,0.919961474,-0.350422602,0.119715627,11367,104639.417372416,0.006991750,1,0.180821000,0.134268000,-0.737603000,0.059158522,-0.485191720,0.860733708,0.142220771,1,0.223073534,-0.023303174,-0.835185262,0.059158522,-0.485191720,0.860733708,0.142220771
13.879367417,104639.436782833,vr_world,11367,104639.417372416,0.019411042,1,0.217901000,-0.129109000,-0.683115000,0.128619806,0.919961474,-0.350422602,0.119715627,1,0.224716644,0.031566477,-0.785878624,0.128619806,0.919961474,-0.350422602,0.119715627,11367,104639.417372416,0.019411042,1,0.180821000,0.134268000,-0.737603000,0.059158522,-0.485191720,0.860733708,0.142220771,1,0.223073534,-0.023303174,-0.835185262,0.059158522,-0.485191720,0.860733708,0.142220771
13.889754292,104639.447169708,vr_world,11368,104639.437289708,0.009880458,1,0.219657000,-0.128625000,-0.682653000,0.136228793,0.919541359,-0.348679013,0.119617521,1,0.225692804,0.030554659,-0.787766540,0.136228793,0.919541359,-0.348679013,0.119617521,11368,104639.437289708,0.009880458,1,0.181338000,0.134548000,-0.738150000,0.057216860,-0.486239544,0.860479997,0.140966347,1,0.223802664,-0.023317617,-0.835162506,0.057216860,-0.486239544,0.860479997,0.140966347
13.902158292,104639.459573708,vr_world,11369,104639.456278708,0.003295375,1,0.221672000,-0.129720000,-0.685789000,0.137073916,0.920928359,-0.346563077,0.113998830,1,0.225967971,0.029710422,-0.790607427,0.137073916,0.920928359,-0.346563077,0.113998830,11369,104639.456278708,0.003295375,1,0.181983000,0.134134000,-0.738348000,0.057658293,-0.484946898,0.861366884,0.139818163,1,0.224056115,-0.024032605,-0.835040374,0.057658293,-0.484946898,0.861366884,0.139818163
13.913122792,104639.470538208,vr_world,11369,104639.456278708,0.014260250,1,0.221672000,-0.129720000,-0.685789000,0.137073916,0.920928359,-0.346563077,0.113998830,1,0.225967971,0.029710422,-0.790607427,0.137073916,0.920928359,-0.346563077,0.113998830,11369,104639.456278708,0.014260250,1,0.181983000,0.134134000,-0.738348000,0.057658293,-0.484946898,0.861366884,0.139818163,1,0.224056115,-0.024032605,-0.835040374,0.057658293,-0.484946898,0.861366884,0.139818163
13.924420500,104639.481835916,vr_world,11370,104639.476131750,0.005704625,1,0.224891000,-0.130146000,-0.684596000,0.140948047,0.922343302,-0.342649498,0.109580120,1,0.226931219,0.028822300,-0.790181948,0.140948047,0.922343302,-0.342649498,0.109580120,11370,104639.476131750,0.005704625,1,0.182738000,0.134704000,-0.739052000,0.057792220,-0.484811684,0.861981214,0.136404096,1,0.224941560,-0.024083734,-0.834663383,0.057792220,-0.484811684,0.861981214,0.136404096
13.935087084,104639.492502500,vr_world,11370,104639.476131750,0.016371416,1,0.224891000,-0.130146000,-0.684596000,0.140948047,0.922343302,-0.342649498,0.109580120,1,0.226931219,0.028822300,-0.790181948,0.140948047,0.922343302,-0.342649498,0.109580120,11370,104639.476131750,0.016371416,1,0.182738000,0.134704000,-0.739052000,0.057792220,-0.484811684,0.861981214,0.136404096,1,0.224941560,-0.024083734,-0.834663383,0.057792220,-0.484811684,0.861981214,0.136404096
13.947490167,104639.504905583,vr_world,11371,104639.495992166,0.008913917,1,0.226802000,-0.130412000,-0.683362000,0.143792416,0.923442097,-0.338581520,0.109274829,1,0.227231133,0.027969738,-0.789844391,0.143792416,0.923442097,-0.338581520,0.109274829,11371,104639.495992166,0.008913917,1,0.183610000,0.134534000,-0.739302000,0.057219132,-0.484085423,0.862689053,0.134740014,1,0.225532533,-0.024673655,-0.834337056,0.057219132,-0.484085423,0.862689053,0.134740014
13.959088000,104639.516503416,vr_world,11372,104639.515793750,0.000710166,1,0.229217000,-0.130859000,-0.682729000,0.150833540,0.922876597,-0.336466964,0.111076601,1,0.229044584,0.025924391,-0.791551606,0.150833540,0.922876597,-0.336466964,0.111076601,11372,104639.515793750,0.000710166,1,0.184850000,0.134380000,-0.739334000,0.059102943,-0.481578474,0.864033142,0.134297225,1,0.226058188,-0.024991158,-0.834407358,0.059102943,-0.481578474,0.864033142,0.134297225
13.971492959,104639.528908375,vr_world,11372,104639.515793750,0.013115000,1,0.229217000,-0.130859000,-0.682729000,0.150833540,0.922876597,-0.336466964,0.111076601,1,0.229044584,0.025924391,-0.791551606,0.150833540,0.922876597,-0.336466964,0.111076601,11372,104639.515793750,0.013115000,1,0.184850000,0.134380000,-0.739334000,0.059102943,-0.481578474,0.864033142,0.134297225,1,0.226058188,-0.024991158,-0.834407358,0.059102943,-0.481578474,0.864033142,0.134297225
13.983868250,104639.541283666,vr_world,11373,104639.535275541,0.006008584,1,0.230307000,-0.133108000,-0.684095000,0.151628435,0.921021164,-0.342023893,0.108390450,1,0.231723739,0.023778045,-0.792760580,0.151628435,0.921021164,-0.342023893,0.108390450,11373,104639.535275541,0.006008584,1,0.185226000,0.134691000,-0.740176000,0.059447513,-0.485748355,0.862115146,0.131422994,1,0.228254188,-0.024753327,-0.834315593,0.059447513,-0.485748355,0.862115146,0.131422994
13.996278250,104639.553693666,vr_world,11373,104639.535275541,0.018418667,1,0.230307000,-0.133108000,-0.684095000,0.151628435,0.921021164,-0.342023893,0.108390450,1,0.231723739,0.023778045,-0.792760580,0.151628435,0.921021164,-0.342023893,0.108390450,11373,104639.535275541,0.018418667,1,0.185226000,0.134691000,-0.740176000,0.059447513,-0.485748355,0.862115146,0.131422994,1,0.228254188,-0.024753327,-0.834315593,0.059447513,-0.485748355,0.862115146,0.131422994
14.007088084,104639.564503500,vr_world,11374,104639.554341500,0.010162416,1,0.231069000,-0.134907000,-0.684711000,0.148880120,0.919126982,-0.350064487,0.102445872,1,0.234540226,0.023047488,-0.791770592,0.148880120,0.919126982,-0.350064487,0.102445872,11374,104639.554341500,0.010162416,1,0.186994000,0.134527000,-0.740798000,0.057845096,-0.481409826,0.864829200,0.130265036,1,0.228159185,-0.025683597,-0.834468774,0.057845096,-0.481409826,0.864829200,0.130265036
14.019503375,104639.576918791,vr_world,11375,104639.573913583,0.003005750,1,0.233026000,-0.138360000,-0.682227000,0.140347871,0.916296290,-0.362791174,0.095321284,1,0.240303905,0.021818678,-0.785731857,0.140347871,0.916296290,-0.362791174,0.095321284,11375,104639.573913583,0.003005750,1,0.189003000,0.134095000,-0.741997000,0.055241488,-0.477975238,0.866712095,0.131522600,1,0.228416684,-0.026434675,-0.835874618,0.055241488,-0.477975238,0.866712095,0.131522600
14.031924542,104639.589339958,vr_world,11375,104639.573913583,0.015426667,1,0.233026000,-0.138360000,-0.682227000,0.140347871,0.916296290,-0.362791174,0.095321284,1,0.240303905,0.021818678,-0.785731857,0.140347871,0.916296290,-0.362791174,0.095321284,11375,104639.573913583,0.015426667,1,0.189003000,0.134095000,-0.741997000,0.055241488,-0.477975238,0.866712095,0.131522600,1,0.228416684,-0.026434675,-0.835874618,0.055241488,-0.477975238,0.866712095,0.131522600
14.043708167,104639.601123583,vr_world,11376,104639.592918541,0.008205625,1,0.234817000,-0.140265000,-0.683038000,0.141649587,0.918279705,-0.357738060,0.093387680,1,0.239856775,0.019830840,-0.786804021,0.141649587,0.918279705,-0.357738060,0.093387680,11376,104639.592918541,0.008205625,1,0.190597000,0.134040000,-0.742019000,0.049446071,-0.478197658,0.866242756,0.136035195,1,0.229124421,-0.026153729,-0.836833782,0.049446071,-0.478197658,0.866242756,0.136035195
14.056082792,104639.613498208,vr_world,11377,104639.612089000,0.001409625,1,0.236348000,-0.144913000,-0.683717000,0.137184793,0.919088880,-0.357769040,0.091963453,1,0.241279823,0.016161299,-0.785962686,0.137184793,0.919088880,-0.357769040,0.091963453,11377,104639.612089000,0.001409625,1,0.192507000,0.133763000,-0.743534000,0.040520543,-0.477931191,0.866676913,0.137153163,1,0.229726303,-0.027000773,-0.837905492,0.040520543,-0.477931191,0.866676913,0.137153163
14.068507500,104639.625922916,vr_world,11377,104639.612089000,0.013834416,1,0.236348000,-0.144913000,-0.683717000,0.137184793,0.919088880,-0.357769040,0.091963453,1,0.241279823,0.016161299,-0.785962686,0.137184793,0.919088880,-0.357769040,0.091963453,11377,104639.612089000,0.013834416,1,0.192507000,0.133763000,-0.743534000,0.040520543,-0.477931191,0.866676913,0.137153163,1,0.229726303,-0.027000773,-0.837905492,0.040520543,-0.477931191,0.866676913,0.137153163
14.079629917,104639.637045333,vr_world,11378,104639.630861125,0.006184666,1,0.236979000,-0.147443000,-0.683276000,0.137013470,0.918508371,-0.359358782,0.091820190,1,0.242490894,0.013670118,-0.785430822,0.137013470,0.918508371,-0.359358782,0.091820190,11378,104639.630861125,0.006184666,1,0.192718000,0.135006000,-0.743997000,0.037349989,-0.477455746,0.867738344,0.132932900,1,0.229568975,-0.026797726,-0.836721243,0.037349989,-0.477455746,0.867738344,0.132932900
14.092040209,104639.649455625,vr_world,11378,104639.630861125,0.018594791,1,0.236979000,-0.147443000,-0.683276000,0.137013470,0.918508371,-0.359358782,0.091820190,1,0.242490894,0.013670118,-0.785430822,0.137013470,0.918508371,-0.359358782,0.091820190,11378,104639.630861125,0.018594791,1,0.192718000,0.135006000,-0.743997000,0.037349989,-0.477455746,0.867738344,0.132932900,1,0.229568975,-0.026797726,-0.836721243,0.037349989,-0.477455746,0.867738344,0.132932900
14.103087542,104639.660502958,vr_world,11379,104639.650847291,0.009655959,1,0.237313000,-0.149319000,-0.682606000,0.138660625,0.917699086,-0.360980196,0.091076435,1,0.243279135,0.011523575,-0.785160950,0.138660625,0.917699086,-0.360980196,0.091076435,11379,104639.650847291,0.009655959,1,0.193425000,0.135650000,-0.745556000,0.038315261,-0.476155271,0.869416102,0.126189307,1,0.230226490,-0.027344314,-0.836191083,0.038315261,-0.476155271,0.869416102,0.126189307
14.115502000,104639.672917416,vr_world,11380,104639.669321958,0.003595917,1,0.237981000,-0.153395000,-0.681206000,0.138272131,0.915587697,-0.366910547,0.089199984,1,0.245900336,0.007620628,-0.783356456,0.138272131,0.915587697,-0.366910547,0.089199984,11380,104639.669321958,0.003595917,1,0.194894000,0.135393000,-0.746774000,0.037401181,-0.475295116,0.870308953,0.123523404,1,0.231376615,-0.028197067,-0.836459643,0.037401181,-0.475295116,0.870308953,0.123523404
14.127915917,104639.685331333,vr_world,11380,104639.669321958,0.016009792,1,0.237981000,-0.153395000,-0.681206000,0.138272131,0.915587697,-0.366910547,0.089199984,1,0.245900336,0.007620628,-0.783356456,0.138272131,0.915587697,-0.366910547,0.089199984,11380,104639.669321958,0.016009792,1,0.194894000,0.135393000,-0.746774000,0.037401181,-0.475295116,0.870308953,0.123523404,1,0.231376615,-0.028197067,-0.836459643,0.037401181,-0.475295116,0.870308953,0.123523404
14.140334375,104639.697749791,vr_world,11381,104639.689107125,0.008643041,1,0.237698000,-0.156067000,-0.681725000,0.139510522,0.915739192,-0.366339030,0.088058289,1,0.245191690,0.004800968,-0.784139708,0.139510522,0.915739192,-0.366339030,0.088058289,11381,104639.689107125,0.008643041,1,0.195715000,0.134473000,-0.746599000,0.040274233,-0.477296916,0.868343706,0.128626782,1,0.233088068,-0.027848414,-0.838202780,0.040274233,-0.477296916,0.868343706,0.128626782
14.152733584,104639.710149000,vr_world,11382,104639.708150041,0.001999500,1,0.238012000,-0.159469000,-0.683913000,0.135443974,0.917128236,-0.365515113,0.083243207,1,0.244557941,0.002551314,-0.784560966,0.135443974,0.917128236,-0.365515113,0.083243207,11382,104639.708150041,0.001999500,1,0.197643000,0.133510000,-0.746954000,0.040398313,-0.478029415,0.866896851,0.135446316,1,0.234973428,-0.027554873,-0.840766409,0.040398313,-0.478029415,0.866896851,0.135446316
14.165138000,104639.722553416,vr_world,11382,104639.708150041,0.014403959,1,0.238012000,-0.159469000,-0.683913000,0.135443974,0.917128236,-0.365515113,0.083243207,1,0.244557941,0.002551314,-0.784560966,0.135443974,0.917128236,-0.365515113,0.083243207,11382,104639.708150041,0.014403959,1,0.197643000,0.133510000,-0.746954000,0.040398313,-0.478029415,0.866896851,0.135446316,1,0.234973428,-0.027554873,-0.840766409,0.040398313,-0.478029415,0.866896851,0.135446316
14.177550250,104639.734965666,vr_world,11383,104639.727640416,0.007325667,1,0.235484000,-0.163364000,-0.681144000,0.137724819,0.912740404,-0.374667887,0.086952877,1,0.246004964,-0.002172509,-0.782780932,0.137724819,0.912740404,-0.374667887,0.086952877,11383,104639.727640416,0.007325667,1,0.199218000,0.132761000,-0.747047000,0.039188556,-0.476127569,0.866936634,0.142083314,1,0.235301718,-0.027399658,-0.842873794,0.039188556,-0.476127569,0.866936634,0.142083314
14.189954000,104639.747369416,vr_world,11383,104639.727640416,0.019729375,1,0.235484000,-0.163364000,-0.681144000,0.137724819,0.912740404,-0.374667887,0.086952877,1,0.246004964,-0.002172509,-0.782780932,0.137724819,0.912740404,-0.374667887,0.086952877,11383,104639.727640416,0.019729375,1,0.199218000,0.132761000,-0.747047000,0.039188556,-0.476127569,0.866936634,0.142083314,1,0.235301718,-0.027399658,-0.842873794,0.039188556,-0.476127569,0.866936634,0.142083314
14.202368625,104639.759784041,vr_world,11384,104639.748473958,0.011310542,1,0.236126000,-0.165822000,-0.681330000,0.137331865,0.912821795,-0.374810620,0.086100691,1,0.246580466,-0.004491910,-0.782753600,0.137331865,0.912821795,-0.374810620,0.086100691,11384,104639.748473958,0.011310542,1,0.200175000,0.132150000,-0.747314000,0.038353605,-0.475202691,0.866934861,0.145380022,1,0.235614699,-0.027569155,-0.844112815,0.038353605,-0.475202691,0.866934861,0.145380022
14.214760709,104639.772176125,vr_world,11385,104639.766855166,0.005321334,1,0.237125000,-0.172200000,-0.681291000,0.138178076,0.916539803,-0.366555695,0.080613465,1,0.243588361,-0.010513088,-0.782479223,0.138178076,0.916539803,-0.366555695,0.080613465,11385,104639.766855166,0.005321334,1,0.201896000,0.131354000,-0.748179000,0.037321999,-0.473901056,0.867136629,0.148657068,1,0.236517761,-0.027970396,-0.845920017,0.037321999,-0.473901056,0.867136629,0.148657068
14.227051625,104639.784467041,vr_world,11385,104639.766855166,0.017614417,1,0.237125000,-0.172200000,-0.681291000,0.138178076,0.916539803,-0.366555695,0.080613465,1,0.243588361,-0.010513088,-0.782479223,0.138178076,0.916539803,-0.366555695,0.080613465,11385,104639.766855166,0.017614417,1,0.201896000,0.131354000,-0.748179000,0.037321999,-0.473901056,0.867136629,0.148657068,1,0.236517761,-0.027970396,-0.845920017,0.037321999,-0.473901056,0.867136629,0.148657068
14.239089209,104639.796504625,vr_world,11386,104639.786249791,0.010255459,1,0.236301000,-0.175986000,-0.681779000,0.138678805,0.915289397,-0.371511156,0.070660951,1,0.243127219,-0.013696559,-0.781973703,0.138678805,0.915289397,-0.371511156,0.070660951,11386,104639.786249791,0.010255459,1,0.202671000,0.130552000,-0.748529000,0.039313725,-0.472244077,0.867886547,0.149039941,1,0.236881036,-0.028674958,-0.846573116,0.039313725,-0.472244077,0.867886547,0.149039941
14.251508834,104639.808924250,vr_world,11387,104639.805831791,0.003092875,1,0.236821000,-0.182677000,-0.682048000,0.132447961,0.915508584,-0.375908804,0.054718756,1,0.243217655,-0.018109642,-0.778485129,0.132447961,0.915508584,-0.375908804,0.054718756,11387,104639.805831791,0.003092875,1,0.204331000,0.129516000,-0.748659000,0.042675736,-0.468092205,0.869163663,0.153697745,1,0.237113602,-0.028905376,-0.848479790,0.042675736,-0.468092205,0.869163663,0.153697745
14.263161167,104639.820576583,vr_world,11387,104639.805831791,0.014745417,1,0.236821000,-0.182677000,-0.682048000,0.132447961,0.915508584,-0.375908804,0.054718756,1,0.243217655,-0.018109642,-0.778485129,0.132447961,0.915508584,-0.375908804,0.054718756,11387,104639.805831791,0.014745417,1,0.204331000,0.129516000,-0.748659000,0.042675736,-0.468092205,0.869163663,0.153697745,1,0.237113602,-0.028905376,-0.848479790,0.042675736,-0.468092205,0.869163663,0.153697745
14.275554834,104639.832970250,vr_world,11388,104639.825389500,0.007581000,1,0.236100000,-0.186248000,-0.682001000,0.133687706,0.912103360,-0.384635703,0.047438732,1,0.244775237,-0.021522602,-0.777989153,0.133687706,0.912103360,-0.384635703,0.047438732,11388,104639.825389500,0.007581000,1,0.204464000,0.129020000,-0.749045000,0.046079304,-0.469636181,0.868187484,0.153522141,1,0.238311547,-0.029012163,-0.849127008,0.046079304,-0.469636181,0.868187484,0.153522141
14.287975292,104639.845390708,vr_world,11389,104639.844918833,0.000472583,1,0.235092000,-0.189882000,-0.682775000,0.135938937,0.909130639,-0.391334307,0.043122461,1,0.245656335,-0.025400212,-0.778991281,0.135938937,0.909130639,-0.391334307,0.043122461,11389,104639.844918833,0.000472583,1,0.204841000,0.128816000,-0.749363000,0.050108542,-0.470208644,0.867642499,0.153588605,1,0.239449829,-0.028804210,-0.849833539,0.050108542,-0.470208644,0.867642499,0.153588605
14.300402292,104639.857817708,vr_world,11389,104639.844918833,0.012899458,1,0.235092000,-0.189882000,-0.682775000,0.135938937,0.909130639,-0.391334307,0.043122461,1,0.245656335,-0.025400212,-0.778991281,0.135938937,0.909130639,-0.391334307,0.043122461,11389,104639.844918833,0.012899458,1,0.204841000,0.128816000,-0.749363000,0.050108542,-0.470208644,0.867642499,0.153588605,1,0.239449829,-0.028804210,-0.849833539,0.050108542,-0.470208644,0.867642499,0.153588605
14.312830959,104639.870246375,vr_world,11390,104639.863044875,0.007203875,1,0.234661000,-0.197626000,-0.685004000,0.136336349,0.908033473,-0.394750214,0.032555812,1,0.245099077,-0.032526931,-0.780171297,0.136336349,0.908033473,-0.394750214,0.032555812,11390,104639.863044875,0.007203875,1,0.205661000,0.128498000,-0.750663000,0.055679459,-0.467260645,0.869178571,0.151973351,1,0.239957821,-0.029185590,-0.851140859,0.055679459,-0.467260645,0.869178571,0.151973351
14.325234125,104639.882649541,vr_world,11391,104639.881813291,0.000836750,1,0.233241000,-0.201515000,-0.687631000,0.128659146,0.906359806,-0.401599266,0.026014553,1,0.245815401,-0.034801458,-0.779674103,0.128659146,0.906359806,-0.401599266,0.026014553,11391,104639.881813291,0.000836750,1,0.206014000,0.128099000,-0.751707000,0.059035066,-0.466137780,0.870310303,0.147615745,1,0.240540810,-0.030205563,-0.851124117,0.059035066,-0.466137780,0.870310303,0.147615745
14.337640917,104639.895056333,vr_world,11391,104639.881813291,0.013243375,1,0.233241000,-0.201515000,-0.687631000,0.128659146,0.906359806,-0.401599266,0.026014553,1,0.245815401,-0.034801458,-0.779674103,0.128659146,0.906359806,-0.401599266,0.026014553,11391,104639.881813291,0.013243375,1,0.206014000,0.128099000,-0.751707000,0.059035066,-0.466137780,0.870310303,0.147615745,1,0.240540810,-0.030205563,-0.851124117,0.059035066,-0.466137780,0.870310303,0.147615745
14.349612084,104639.907027500,vr_world,11392,104639.901657666,0.005370167,1,0.231847000,-0.205069000,-0.689587000,0.126296396,0.904372549,-0.406906126,0.024226381,1,0.246361039,-0.038009783,-0.780713187,0.126296396,0.904372549,-0.406906126,0.024226381,11392,104639.901657666,0.005370167,1,0.207044000,0.127992000,-0.752670000,0.056158613,-0.460356891,0.874062978,0.144677760,1,0.239058742,-0.031559678,-0.850927536,0.056158613,-0.460356891,0.874062978,0.144677760
14.360372917,104639.917788333,vr_world,11392,104639.901657666,0.016136542,1,0.231847000,-0.205069000,-0.689587000,0.126296396,0.904372549,-0.406906126,0.024226381,1,0.246361039,-0.038009783,-0.780713187,0.126296396,0.904372549,-0.406906126,0.024226381,11392,104639.901657666,0.016136542,1,0.207044000,0.127992000,-0.752670000,0.056158613,-0.460356891,0.874062978,0.144677760,1,0.239058742,-0.031559678,-0.850927536,0.056158613,-0.460356891,0.874062978,0.144677760
14.372778000,104639.930193416,vr_world,11393,104639.921455250,0.008738583,1,0.230119000,-0.211254000,-0.694810000,0.117962462,0.905523151,-0.407053333,0.020500358,1,0.244612878,-0.042544054,-0.782845935,0.117962462,0.905523151,-0.407053333,0.020500358,11393,104639.921455250,0.008738583,1,0.207881000,0.127412000,-0.754726000,0.057941189,-0.456727261,0.876717201,0.139319690,1,0.238963094,-0.033240707,-0.851477507,0.057941189,-0.456727261,0.876717201,0.139319690
14.385190250,104639.942605666,vr_world,11394,104639.940693375,0.001912750,1,0.227518000,-0.212219000,-0.698707000,0.112987804,0.904626214,-0.410039992,0.027429445,1,0.244257345,-0.043288831,-0.785918557,0.112987804,0.904626214,-0.410039992,0.027429445,11394,104639.940693375,0.001912750,1,0.207967000,0.127242000,-0.755792000,0.060389905,-0.455060065,0.877723546,0.137385491,1,0.238814535,-0.033677638,-0.852174306,0.060389905,-0.455060065,0.877723546,0.137385491
14.397599042,104639.955014458,vr_world,11394,104639.940693375,0.014321500,1,0.227518000,-0.212219000,-0.698707000,0.112987804,0.904626214,-0.410039992,0.027429445,1,0.244257345,-0.043288831,-0.785918557,0.112987804,0.904626214,-0.410039992,0.027429445,11394,104639.940693375,0.014321500,1,0.207967000,0.127242000,-0.755792000,0.060389905,-0.455060065,0.877723546,0.137385491,1,0.238814535,-0.033677638,-0.852174306,0.060389905,-0.455060065,0.877723546,0.137385491
14.409866750,104639.967282166,vr_world,11395,104639.959440166,0.007842584,1,0.223317000,-0.214815000,-0.703512000,0.111698996,0.902579814,-0.413421923,0.044219085,1,0.243559085,-0.046987486,-0.792098643,0.111698996,0.902579814,-0.413421923,0.044219085,11395,104639.959440166,0.007842584,1,0.208571000,0.126713000,-0.758666000,0.066235985,-0.448998168,0.881485577,0.130371077,1,0.238138735,-0.035402895,-0.853431208,0.066235985,-0.448998168,0.881485577,0.130371077
14.420425334,104639.977840750,vr_world,11395,104639.959440166,0.018401250,1,0.223317000,-0.214815000,-0.703512000,0.111698996,0.902579814,-0.413421923,0.044219085,1,0.243559085,-0.046987486,-0.792098643,0.111698996,0.902579814,-0.413421923,0.044219085,11395,104639.959440166,0.018401250,1,0.208571000,0.126713000,-0.758666000,0.066235985,-0.448998168,0.881485577,0.130371077,1,0.238138735,-0.035402895,-0.853431208,0.066235985,-0.448998168,0.881485577,0.130371077
14.431093917,104639.988509333,vr_world,11396,104639.978480541,0.010029375,1,0.220990000,-0.215273000,-0.706383000,0.112374406,0.904805885,-0.406230045,0.060625531,1,0.240589142,-0.048415150,-0.796924352,0.112374406,0.904805885,-0.406230045,0.060625531,11396,104639.978480541,0.010029375,1,0.208488000,0.126153000,-0.760664000,0.070479665,-0.446974037,0.882731757,0.126615451,1,0.237993387,-0.036419355,-0.854663572,0.070479665,-0.446974037,0.882731757,0.126615451
14.443535000,104640.000950416,vr_world,11397,104639.998017750,0.002935708,1,0.218185000,-0.215419000,-0.710250000,0.106912189,0.907010521,-0.399597821,0.078887768,1,0.237926235,-0.048672824,-0.800966331,0.106912189,0.907010521,-0.399597821,0.078887768,11397,104639.998017750,0.002935708,1,0.208347000,0.125492000,-0.762756000,0.074144993,-0.448186387,0.882576235,0.121205081,1,0.239034063,-0.037660387,-0.855361897,0.074144993,-0.448186387,0.882576235,0.121205081
14.455943334,104640.013358750,vr_world,11397,104639.998017750,0.015342083,1,0.218185000,-0.215419000,-0.710250000,0.106912189,0.907010521,-0.399597821,0.078887768,1,0.237926235,-0.048672824,-0.800966331,0.106912189,0.907010521,-0.399597821,0.078887768,11397,104639.998017750,0.015342083,1,0.208347000,0.125492000,-0.762756000,0.074144993,-0.448186387,0.882576235,0.121205081,1,0.239034063,-0.037660387,-0.855361897,0.074144993,-0.448186387,0.882576235,0.121205081
14.468315625,104640.025731041,vr_world,11398,104640.017592208,0.008139708,1,0.216119000,-0.216120000,-0.715681000,0.102486114,0.909059622,-0.392732167,0.094173487,1,0.235526922,-0.049459339,-0.806626010,0.102486114,0.909059622,-0.392732167,0.094173487,11398,104640.017592208,0.008139708,1,0.208757000,0.125150000,-0.765684000,0.075758164,-0.443904980,0.885550349,0.114059850,1,0.238243054,-0.039384101,-0.856212358,0.075758164,-0.443904980,0.885550349,0.114059850
14.480512000,104640.037927416,vr_world,11399,104640.036591500,0.001338541,1,0.217144000,-0.215356000,-0.717795000,0.104890117,0.911646823,-0.388130810,0.085162249,1,0.233409293,-0.048335331,-0.808695816,0.104890117,0.911646823,-0.388130810,0.085162249,11399,104640.036591500,0.001338541,1,0.208264000,0.124474000,-0.767657000,0.072937540,-0.444474205,0.885842326,0.111382989,1,0.237684924,-0.040696373,-0.857040341,0.072937540,-0.444474205,0.885842326,0.111382989
14.492931292,104640.050346708,vr_world,11399,104640.036591500,0.013755833,1,0.217144000,-0.215356000,-0.717795000,0.104890117,0.911646823,-0.388130810,0.085162249,1,0.233409293,-0.048335331,-0.808695816,0.104890117,0.911646823,-0.388130810,0.085162249,11399,104640.036591500,0.013755833,1,0.208264000,0.124474000,-0.767657000,0.072937540,-0.444474205,0.885842326,0.111382989,1,0.237684924,-0.040696373,-0.857040341,0.072937540,-0.444474205,0.885842326,0.111382989
14.505360917,104640.062776333,vr_world,11400,104640.056824750,0.005952541,1,0.217084000,-0.212843000,-0.724497000,0.107415056,0.905324386,-0.403423504,0.078097618,1,0.238179620,-0.046274537,-0.815234974,0.107415056,0.905324386,-0.403423504,0.078097618,11400,104640.056824750,0.005952541,1,0.209162000,0.123274000,-0.771487000,0.072886472,-0.436717448,0.890275193,0.106656055,1,0.235692533,-0.043144033,-0.859449530,0.072886472,-0.436717448,0.890275193,0.106656055
14.516094209,104640.073509625,vr_world,11400,104640.056824750,0.016685208,1,0.217084000,-0.212843000,-0.724497000,0.107415056,0.905324386,-0.403423504,0.078097618,1,0.238179620,-0.046274537,-0.815234974,0.107415056,0.905324386,-0.403423504,0.078097618,11400,104640.056824750,0.016685208,1,0.209162000,0.123274000,-0.771487000,0.072886472,-0.436717448,0.890275193,0.106656055,1,0.235692533,-0.043144033,-0.859449530,0.072886472,-0.436717448,0.890275193,0.106656055
14.528508750,104640.085924166,vr_world,11401,104640.075838958,0.010085583,1,0.218575000,-0.212324000,-0.724089000,0.108875269,0.908861067,-0.397748332,0.062561978,1,0.235268089,-0.044693838,-0.813782359,0.108875269,0.908861067,-0.397748332,0.062561978,11401,104640.075838958,0.010085583,1,0.208711000,0.121843000,-0.771702000,0.075084313,-0.437419372,0.888827673,0.114070183,1,0.235563081,-0.043123389,-0.862263042,0.075084313,-0.437419372,0.888827673,0.114070183
14.540923375,104640.098338791,vr_world,11402,104640.095171416,0.003167959,1,0.218753000,-0.209927000,-0.726284000,0.119268391,0.908365430,-0.396326577,0.059770732,1,0.234159469,-0.043839303,-0.819025171,0.119268391,0.908365430,-0.396326577,0.059770732,11402,104640.095171416,0.003167959,1,0.208473000,0.120955000,-0.771255000,0.076694366,-0.438650547,0.886505771,0.125742551,1,0.235621965,-0.041778425,-0.865684828,0.076694366,-0.438650547,0.886505771,0.125742551
14.553324875,104640.110740291,vr_world,11402,104640.095171416,0.015569209,1,0.218753000,-0.209927000,-0.726284000,0.119268391,0.908365430,-0.396326577,0.059770732,1,0.234159469,-0.043839303,-0.819025171,0.119268391,0.908365430,-0.396326577,0.059770732,11402,104640.095171416,0.015569209,1,0.208473000,0.120955000,-0.771255000,0.076694366,-0.438650547,0.886505771,0.125742551,1,0.235621965,-0.041778425,-0.865684828,0.076694366,-0.438650547,0.886505771,0.125742551
14.564427875,104640.121843291,vr_world,11403,104640.113959750,0.007884083,1,0.218831000,-0.208313000,-0.729992000,0.125022163,0.907970893,-0.395231506,0.061240281,1,0.233818304,-0.043314937,-0.824725696,0.125022163,0.907970893,-0.395231506,0.061240281,11403,104640.113959750,0.007884083,1,0.208482000,0.120083000,-0.773124000,0.077986267,-0.434559572,0.887437064,0.132406861,1,0.233983147,-0.041569337,-0.869842369,0.077986267,-0.434559572,0.887437064,0.132406861
14.576871875,104640.134287291,vr_world,11404,104640.133656583,0.000633708,1,0.219119000,-0.207277000,-0.731508000,0.124531938,0.909563678,-0.391435132,0.062962292,1,0.232904431,-0.042205517,-0.826296339,0.124531938,0.909563678,-0.391435132,0.062962292,11404,104640.133656583,0.000633708,1,0.208613000,0.120415000,-0.775208000,0.077572635,-0.427779153,0.891519377,0.127203316,1,0.231600991,-0.042554868,-0.870332352,0.077572635,-0.427779153,0.891519377,0.127203316
14.589274875,104640.146690291,vr_world,11404,104640.133656583,0.013036000,1,0.219119000,-0.207277000,-0.731508000,0.124531938,0.909563678,-0.391435132,0.062962292,1,0.232904431,-0.042205517,-0.826296339,0.124531938,0.909563678,-0.391435132,0.062962292,11404,104640.133656583,0.013036000,1,0.208613000,0.120415000,-0.775208000,0.077572635,-0.427779153,0.891519377,0.127203316,1,0.231600991,-0.042554868,-0.870332352,0.077572635,-0.427779153,0.891519377,0.127203316
14.601691542,104640.159106958,vr_world,11405,104640.153404916,0.005702500,1,0.218244000,-0.205449000,-0.734897000,0.119967479,0.906558191,-0.399341162,0.065472797,1,0.235584487,-0.039999242,-0.828433842,0.119967479,0.906558191,-0.399341162,0.065472797,11405,104640.153404916,0.005702500,1,0.206804000,0.119803000,-0.777061000,0.080257554,-0.429360352,0.891056203,0.123398767,1,0.230914973,-0.043557777,-0.871231877,0.080257554,-0.429360352,0.891056203,0.123398767
14.614112584,104640.171528000,vr_world,11405,104640.153404916,0.018123459,1,0.218244000,-0.205449000,-0.734897000,0.119967479,0.906558191,-0.399341162,0.065472797,1,0.235584487,-0.039999242,-0.828433842,0.119967479,0.906558191,-0.399341162,0.065472797,11405,104640.153404916,0.018123459,1,0.206804000,0.119803000,-0.777061000,0.080257554,-0.429360352,0.891056203,0.123398767,1,0.230914973,-0.043557777,-0.871231877,0.080257554,-0.429360352,0.891056203,0.123398767
14.626490375,104640.183905791,vr_world,11406,104640.173017125,0.010894250,1,0.218897000,-0.205941000,-0.735670000,0.119921767,0.909516018,-0.392701230,0.064692549,1,0.233568666,-0.040212578,-0.829170171,0.119921767,0.909516018,-0.392701230,0.064692549,11406,104640.173017125,0.010894250,1,0.205743000,0.119923000,-0.777621000,0.084655297,-0.435645984,0.888203082,0.118917375,1,0.233072315,-0.043555651,-0.870701749,0.084655297,-0.435645984,0.888203082,0.118917375
14.638783125,104640.196198541,vr_world,11407,104640.191981500,0.004217458,1,0.218601000,-0.205860000,-0.737190000,0.111552516,0.909320387,-0.395251415,0.066849003,1,0.234831003,-0.038906318,-0.828220380,0.111552516,0.909320387,-0.395251415,0.066849003,11407,104640.191981500,0.004217458,1,0.205828000,0.120152000,-0.778617000,0.083414575,-0.436041400,0.888952930,0.112572617,1,0.233340327,-0.044505651,-0.869540680,0.083414575,-0.436041400,0.888952930,0.112572617
14.651190084,104640.208605500,vr_world,11407,104640.191981500,0.016624458,1,0.218601000,-0.205860000,-0.737190000,0.111552516,0.909320387,-0.395251415,0.066849003,1,0.234831003,-0.038906318,-0.828220380,0.111552516,0.909320387,-0.395251415,0.066849003,11407,104640.191981500,0.016624458,1,0.205828000,0.120152000,-0.778617000,0.083414575,-0.436041400,0.888952930,0.112572617,1,0.233340327,-0.044505651,-0.869540680,0.083414575,-0.436041400,0.888952930,0.112572617
14.662667667,104640.220083083,vr_world,11408,104640.211602833,0.008480833,1,0.218081000,-0.204422000,-0.739378000,0.107299262,0.907918354,-0.397741310,0.077285064,1,0.236866088,-0.037561206,-0.830086693,0.107299262,0.907918354,-0.397741310,0.077285064,11408,104640.211602833,0.008480833,1,0.206073000,0.119811000,-0.779744000,0.083388212,-0.426283689,0.894769576,0.103518251,1,0.230040510,-0.046878082,-0.867928870,0.083388212,-0.426283689,0.894769576,0.103518251
14.673502459,104640.230917875,vr_world,11409,104640.230782291,0.000136000,1,0.219030000,-0.204379000,-0.740130000,0.104404230,0.910051563,-0.392354894,0.083447866,1,0.236690715,-0.037278638,-0.830623212,0.104404230,0.910051563,-0.392354894,0.083447866,11409,104640.230782291,0.000136000,1,0.204211000,0.118184000,-0.780553000,0.087762790,-0.438249559,0.889013824,0.099445648,1,0.233590148,-0.048227528,-0.867618108,0.087762790,-0.438249559,0.889013824,0.099445648
14.685932375,104640.243347791,vr_world,11409,104640.230782291,0.012565875,1,0.219030000,-0.204379000,-0.740130000,0.104404230,0.910051563,-0.392354894,0.083447866,1,0.236690715,-0.037278638,-0.830623212,0.104404230,0.910051563,-0.392354894,0.083447866,11409,104640.230782291,0.012565875,1,0.204211000,0.118184000,-0.780553000,0.087762790,-0.438249559,0.889013824,0.099445648,1,0.233590148,-0.048227528,-0.867618108,0.087762790,-0.438249559,0.889013824,0.099445648
14.698370500,104640.255785916,vr_world,11410,104640.250149458,0.005636875,1,0.220100000,-0.204379000,-0.741309000,0.103847816,0.909831241,-0.392308689,0.086698539,1,0.238224522,-0.037410579,-0.831953986,0.103847816,0.909831241,-0.392308689,0.086698539,11410,104640.250149458,0.005636875,1,0.205742000,0.119832000,-0.779933000,0.089748269,-0.437567470,0.889451902,0.096722648,1,0.235204504,-0.046918248,-0.866319036,0.089748269,-0.437567470,0.889451902,0.096722648
14.710387917,104640.267803333,vr_world,11410,104640.250149458,0.017656542,1,0.220100000,-0.204379000,-0.741309000,0.103847816,0.909831241,-0.392308689,0.086698539,1,0.238224522,-0.037410579,-0.831953986,0.103847816,0.909831241,-0.392308689,0.086698539,11410,104640.250149458,0.017656542,1,0.205742000,0.119832000,-0.779933000,0.089748269,-0.437567470,0.889451902,0.096722648,1,0.235204504,-0.046918248,-0.866319036,0.089748269,-0.437567470,0.889451902,0.096722648
14.721815167,104640.279230583,vr_world,11411,104640.268811625,0.010419416,1,0.222087000,-0.205525000,-0.742751000,0.105326130,0.911834599,-0.387887548,0.083709735,1,0.238038087,-0.038470900,-0.833646037,0.105326130,0.911834599,-0.387887548,0.083709735,11411,104640.268811625,0.010419416,1,0.206662000,0.119076000,-0.780660000,0.085407385,-0.442286203,0.887468283,0.097409137,1,0.237365597,-0.047602796,-0.866751220,0.085407385,-0.442286203,0.887468283,0.097409137
14.734219750,104640.291635166,vr_world,11412,104640.287903500,0.003733416,1,0.222807000,-0.205410000,-0.743890000,0.104163105,0.911841512,-0.389376576,0.077980679,1,0.238546329,-0.037798642,-0.833790777,0.104163105,0.911841512,-0.389376576,0.077980679,11412,104640.287903500,0.003733416,1,0.208411000,0.119120000,-0.780461000,0.081997053,-0.435407017,0.890969052,0.099354723,1,0.235888537,-0.047894899,-0.866989890,0.081997053,-0.435407017,0.890969052,0.099354723
14.745763292,104640.303178708,vr_world,11412,104640.287903500,0.015275875,1,0.222807000,-0.205410000,-0.743890000,0.104163105,0.911841512,-0.389376576,0.077980679,1,0.238546329,-0.037798642,-0.833790777,0.104163105,0.911841512,-0.389376576,0.077980679,11412,104640.287903500,0.015275875,1,0.208411000,0.119120000,-0.780461000,0.081997053,-0.435407017,0.890969052,0.099354723,1,0.235888537,-0.047894899,-0.866989890,0.081997053,-0.435407017,0.890969052,0.099354723
14.758187292,104640.315602708,vr_world,11413,104640.307294666,0.008308834,1,0.223423000,-0.205781000,-0.745401000,0.106641456,0.911896796,-0.389458279,0.073444415,1,0.238485130,-0.038278483,-0.835620113,0.106641456,0.911896796,-0.389458279,0.073444415,11413,104640.307294666,0.008308834,1,0.209200000,0.119570000,-0.780604000,0.080734776,-0.431941241,0.892875867,0.098393834,1,0.235174267,-0.047878166,-0.866758976,0.080734776,-0.431941241,0.892875867,0.098393834
14.770609209,104640.328024625,vr_world,11414,104640.327004583,0.001020500,1,0.222432000,-0.207988000,-0.747629000,0.095524063,0.912340813,-0.390980266,0.075125408,1,0.238628634,-0.038785532,-0.834413998,0.095524063,0.912340813,-0.390980266,0.075125408,11414,104640.327004583,0.001020500,1,0.208554000,0.119681000,-0.780720000,0.082033394,-0.435484059,0.891176792,0.097098307,1,0.236134511,-0.047693768,-0.866517547,0.082033394,-0.435484059,0.891176792,0.097098307
14.780756750,104640.338172166,vr_world,11414,104640.327004583,0.011167958,1,0.222432000,-0.207988000,-0.747629000,0.095524063,0.912340813,-0.390980266,0.075125408,1,0.238628634,-0.038785532,-0.834413998,0.095524063,0.912340813,-0.390980266,0.075125408,11414,104640.327004583,0.011167958,1,0.208554000,0.119681000,-0.780720000,0.082033394,-0.435484059,0.891176792,0.097098307,1,0.236134511,-0.047693768,-0.866517547,0.082033394,-0.435484059,0.891176792,0.097098307
14.793175917,104640.350591333,vr_world,11415,104640.345905375,0.004686458,1,0.222319000,-0.208956000,-0.749379000,0.088450815,0.912114336,-0.392656395,0.077748619,1,0.239714466,-0.038832755,-0.834107634,0.088450815,0.912114336,-0.392656395,0.077748619,11415,104640.345905375,0.004686458,1,0.208923000,0.119364000,-0.780686000,0.082385657,-0.435341559,0.891214369,0.097094180,1,0.236495228,-0.047993540,-0.866519967,0.082385657,-0.435341559,0.891214369,0.097094180
14.805600042,104640.363015458,vr_world,11415,104640.345905375,0.017111958,1,0.222319000,-0.208956000,-0.749379000,0.088450815,0.912114336,-0.392656395,0.077748619,1,0.239714466,-0.038832755,-0.834107634,0.088450815,0.912114336,-0.392656395,0.077748619,11415,104640.345905375,0.017111958,1,0.208923000,0.119364000,-0.780686000,0.082385657,-0.435341559,0.891214369,0.097094180,1,0.236495228,-0.047993540,-0.866519967,0.082385657,-0.435341559,0.891214369,0.097094180
14.818017375,104640.375432791,vr_world,11416,104640.364984083,0.010449250,1,0.222759000,-0.209980000,-0.750597000,0.083755115,0.912451301,-0.393377648,0.075310885,1,0.240225287,-0.038976912,-0.833520654,0.083755115,0.912451301,-0.393377648,0.075310885,11416,104640.364984083,0.010449250,1,0.209240000,0.119541000,-0.780704000,0.083299343,-0.434064603,0.891754811,0.097069550,1,0.236434982,-0.047823138,-0.866645400,0.083299343,-0.434064603,0.891754811,0.097069550
14.830452625,104640.387868041,vr_world,11417,104640.384877208,0.002992083,1,0.223058000,-0.210203000,-0.751272000,0.082306006,0.912438648,-0.395008649,0.068187992,1,0.240249639,-0.038569648,-0.832941469,0.082306006,0.912438648,-0.395008649,0.068187992,11417,104640.384877208,0.002992083,1,0.209409000,0.119746000,-0.780915000,0.083362277,-0.433799370,0.891998173,0.095958828,1,0.236540675,-0.047807538,-0.866506582,0.083362277,-0.433799370,0.891998173,0.095958828
14.842833792,104640.400249208,vr_world,11417,104640.384877208,0.015372583,1,0.223058000,-0.210203000,-0.751272000,0.082306006,0.912438648,-0.395008649,0.068187992,1,0.240249639,-0.038569648,-0.832941469,0.082306006,0.912438648,-0.395008649,0.068187992,11417,104640.384877208,0.015372583,1,0.209409000,0.119746000,-0.780915000,0.083362277,-0.433799370,0.891998173,0.095958828,1,0.236540675,-0.047807538,-0.866506582,0.083362277,-0.433799370,0.891998173,0.095958828
14.855091834,104640.412507250,vr_world,11418,104640.403972958,0.008534708,1,0.222473000,-0.210136000,-0.752221000,0.083174843,0.912622490,-0.395138101,0.063781013,1,0.239112906,-0.038359877,-0.833704388,0.083174843,0.912622490,-0.395138101,0.063781013,11418,104640.403972958,0.008534708,1,0.209714000,0.119537000,-0.780679000,0.083958243,-0.432187574,0.892792172,0.095326032,1,0.236311498,-0.048160651,-0.866156056,0.083958243,-0.432187574,0.892792172,0.095326032
14.867499292,104640.424914708,vr_world,11419,104640.423809416,0.001105875,1,0.221965000,-0.210510000,-0.751943000,0.084853123,0.912355825,-0.395292272,0.064426829,1,0.238700404,-0.039038201,-0.834045442,0.084853123,0.912355825,-0.395292272,0.064426829,11419,104640.423809416,0.001105875,1,0.209299000,0.119609000,-0.780266000,0.087187279,-0.430513022,0.893101892,0.097087213,1,0.235630164,-0.047653916,-0.866671934,0.087187279,-0.430513022,0.893101892,0.097087213
14.879904250,104640.437319666,vr_world,11419,104640.423809416,0.013510625,1,0.221965000,-0.210510000,-0.751943000,0.084853123,0.912355825,-0.395292272,0.064426829,1,0.238700404,-0.039038201,-0.834045442,0.084853123,0.912355825,-0.395292272,0.064426829,11419,104640.423809416,0.013510625,1,0.209299000,0.119609000,-0.780266000,0.087187279,-0.430513022,0.893101892,0.097087213,1,0.235630164,-0.047653916,-0.866671934,0.087187279,-0.430513022,0.893101892,0.097087213
14.892309750,104640.449725166,vr_world,11420,104640.443108416,0.006617209,1,0.221492000,-0.210306000,-0.751766000,0.083640612,0.911641564,-0.396985563,0.065699074,1,0.239090314,-0.038783809,-0.833581938,0.083640612,0.911641564,-0.396985563,0.065699074,11420,104640.443108416,0.006617209,1,0.209712000,0.119846000,-0.780289000,0.087078739,-0.430810973,0.893109955,0.095779993,1,0.236181633,-0.047622436,-0.866253439,0.087078739,-0.430810973,0.893109955,0.095779993
14.904720250,104640.462135666,vr_world,11420,104640.443108416,0.019027750,1,0.221492000,-0.210306000,-0.751766000,0.083640612,0.911641564,-0.396985563,0.065699074,1,0.239090314,-0.038783809,-0.833581938,0.083640612,0.911641564,-0.396985563,0.065699074,11420,104640.443108416,0.019027750,1,0.209712000,0.119846000,-0.780289000,0.087078739,-0.430810973,0.893109955,0.095779993,1,0.236181633,-0.047622436,-0.866253439,0.087078739,-0.430810973,0.893109955,0.095779993
14.916434042,104640.473849458,vr_world,11421,104640.462827666,0.011022042,1,0.221177000,-0.209455000,-0.751487000,0.084907973,0.911145295,-0.397698645,0.066638384,1,0.239140462,-0.038213028,-0.833809165,0.084907973,0.911145295,-0.397698645,0.066638384,11421,104640.462827666,0.011022042,1,0.210436000,0.119967000,-0.779269000,0.085445795,-0.429839769,0.893405542,0.098809546,1,0.236215282,-0.047175923,-0.866072803,0.085445795,-0.429839769,0.893405542,0.098809546
14.928863834,104640.486279250,vr_world,11422,104640.482139833,0.004141542,1,0.221257000,-0.209692000,-0.751288000,0.085528508,0.910360259,-0.399399050,0.066403853,1,0.239835171,-0.038590507,-0.833765461,0.085528508,0.910360259,-0.399399050,0.066403853,11422,104640.482139833,0.004141542,1,0.210709000,0.119848000,-0.778531000,0.082937620,-0.429256590,0.893555500,0.102072027,1,0.235820934,-0.046971407,-0.866148868,0.082937620,-0.429256590,0.893555500,0.102072027
14.941278917,104640.498694333,vr_world,11422,104640.482139833,0.016556292,1,0.221257000,-0.209692000,-0.751288000,0.085528508,0.910360259,-0.399399050,0.066403853,1,0.239835171,-0.038590507,-0.833765461,0.085528508,0.910360259,-0.399399050,0.066403853,11422,104640.482139833,0.016556292,1,0.210709000,0.119848000,-0.778531000,0.082937620,-0.429256590,0.893555500,0.102072027,1,0.235820934,-0.046971407,-0.866148868,0.082937620,-0.429256590,0.893555500,0.102072027
14.953699500,104640.511114916,vr_world,11423,104640.501584958,0.009530250,1,0.221315000,-0.209189000,-0.750984000,0.087808564,0.909913920,-0.400285041,0.064173201,1,0.239877702,-0.038329317,-0.833964823,0.087808564,0.909913920,-0.400285041,0.064173201,11423,104640.501584958,0.009530250,1,0.210281000,0.119603000,-0.777628000,0.082723317,-0.428964287,0.893521457,0.103758852,1,0.235198984,-0.046966975,-0.865774162,0.082723317,-0.428964287,0.893521457,0.103758852
14.966120250,104640.523535666,vr_world,11424,104640.520850791,0.002685125,1,0.221137000,-0.209302000,-0.751020000,0.086554054,0.910049638,-0.400258861,0.064116271,1,0.239719942,-0.038242050,-0.833582991,0.086554054,0.910049638,-0.400258861,0.064116271,11424,104640.520850791,0.002685125,1,0.210290000,0.119248000,-0.776668000,0.084861328,-0.428959643,0.893024960,0.106294879,1,0.235426424,-0.046738570,-0.865846775,0.084861328,-0.428959643,0.893024960,0.106294879
14.977042375,104640.534457791,vr_world,11424,104640.520850791,0.013607417,1,0.221137000,-0.209302000,-0.751020000,0.086554054,0.910049638,-0.400258861,0.064116271,1,0.239719942,-0.038242050,-0.833582991,0.086554054,0.910049638,-0.400258861,0.064116271,11424,104640.520850791,0.013607417,1,0.210290000,0.119248000,-0.776668000,0.084861328,-0.428959643,0.893024960,0.106294879,1,0.235426424,-0.046738570,-0.865846775,0.084861328,-0.428959643,0.893024960,0.106294879
14.988427584,104640.545843000,vr_world,11425,104640.540290291,0.005553125,1,0.221454000,-0.208313000,-0.750264000,0.086219888,0.908720082,-0.403882592,0.060603586,1,0.241006037,-0.037109190,-0.832303148,0.086219888,0.908720082,-0.403882592,0.060603586,11425,104640.540290291,0.005553125,1,0.210080000,0.118692000,-0.776239000,0.082755837,-0.431585603,0.891995617,0.105967720,1,0.235962420,-0.047375247,-0.865053249,0.082755837,-0.431585603,0.891995617,0.105967720
14.999090750,104640.556506166,vr_world,11425,104640.540290291,0.016216334,1,0.221454000,-0.208313000,-0.750264000,0.086219888,0.908720082,-0.403882592,0.060603586,1,0.241006037,-0.037109190,-0.832303148,0.086219888,0.908720082,-0.403882592,0.060603586,11425,104640.540290291,0.016216334,1,0.210080000,0.118692000,-0.776239000,0.082755837,-0.431585603,0.891995617,0.105967720,1,0.235962420,-0.047375247,-0.865053249,0.082755837,-0.431585603,0.891995617,0.105967720
15.010372667,104640.567788083,vr_world,11426,104640.559618416,0.008170084,1,0.222766000,-0.207332000,-0.749381000,0.092096702,0.907116827,-0.407117197,0.053970812,1,0.242534815,-0.036736012,-0.832625674,0.092096702,0.907116827,-0.407117197,0.053970812,11426,104640.559618416,0.008170084,1,0.210307000,0.117473000,-0.774946000,0.081542584,-0.433748556,0.890481030,0.110709225,1,0.236721336,-0.047772090,-0.865126968,0.081542584,-0.433748556,0.890481030,0.110709225
15.020432125,104640.577847541,vr_world,11426,104640.559618416,0.018229375,1,0.222766000,-0.207332000,-0.749381000,0.092096702,0.907116827,-0.407117197,0.053970812,1,0.242534815,-0.036736012,-0.832625674,0.092096702,0.907116827,-0.407117197,0.053970812,11426,104640.559618416,0.018229375,1,0.210307000,0.117473000,-0.774946000,0.081542584,-0.433748556,0.890481030,0.110709225,1,0.236721336,-0.047772090,-0.865126968,0.081542584,-0.433748556,0.890481030,0.110709225
15.032826084,104640.590241500,vr_world,11427,104640.578942875,0.011299083,1,0.223490000,-0.206605000,-0.749213000,0.095740451,0.908163665,-0.404603829,0.048664824,1,0.241468972,-0.036130745,-0.833110163,0.095740451,0.908163665,-0.404603829,0.048664824,11427,104640.578942875,0.011299083,1,0.210920000,0.116798000,-0.774668000,0.077134472,-0.430318148,0.892919977,0.107566168,1,0.235485652,-0.049486173,-0.863450450,0.077134472,-0.430318148,0.892919977,0.107566168
15.045220750,104640.602636166,vr_world,11428,104640.598448375,0.004188416,1,0.224342000,-0.206217000,-0.748026000,0.096242924,0.910303204,-0.400339925,0.042583099,1,0.239866572,-0.035269347,-0.831448791,0.096242924,0.910303204,-0.400339925,0.042583099,11428,104640.598448375,0.004188416,1,0.211335000,0.116185000,-0.773724000,0.072828459,-0.427520260,0.894561550,0.108083657,1,0.234204000,-0.050467024,-0.862269746,0.072828459,-0.427520260,0.894561550,0.108083657
15.057605125,104640.615020541,vr_world,11428,104640.598448375,0.016577458,1,0.224342000,-0.206217000,-0.748026000,0.096242924,0.910303204,-0.400339925,0.042583099,1,0.239866572,-0.035269347,-0.831448791,0.096242924,0.910303204,-0.400339925,0.042583099,11428,104640.598448375,0.016577458,1,0.211335000,0.116185000,-0.773724000,0.072828459,-0.427520260,0.894561550,0.108083657,1,0.234204000,-0.050467024,-0.862269746,0.072828459,-0.427520260,0.894561550,0.108083657
15.070000292,104640.627415708,vr_world,11429,104640.618410416,0.009007584,1,0.224255000,-0.206173000,-0.746678000,0.095588270,0.912823463,-0.394912186,0.040750125,1,0.237454904,-0.034835466,-0.829700175,0.095588270,0.912823463,-0.394912186,0.040750125,11429,104640.618410416,0.009007584,1,0.211585000,0.115909000,-0.773253000,0.069313692,-0.425088419,0.896286537,0.105668782,1,0.233109025,-0.051509442,-0.860682857,0.069313692,-0.425088419,0.896286537,0.105668782
15.082414875,104640.639830291,vr_world,11430,104640.638407375,0.001423833,1,0.224080000,-0.202234000,-0.745538000,0.095325592,0.913833814,-0.392406683,0.042869413,1,0.236578584,-0.030922213,-0.828721574,0.095325592,0.913833814,-0.392406683,0.042869413,11430,104640.638407375,0.001423833,1,0.211648000,0.112534000,-0.771883000,0.065781656,-0.422560013,0.897852005,0.104773978,1,0.231742564,-0.055393146,-0.858675328,0.065781656,-0.422560013,0.897852005,0.104773978
15.093708417,104640.651123833,vr_world,11430,104640.638407375,0.012717083,1,0.224080000,-0.202234000,-0.745538000,0.095325592,0.913833814,-0.392406683,0.042869413,1,0.236578584,-0.030922213,-0.828721574,0.095325592,0.913833814,-0.392406683,0.042869413,11430,104640.638407375,0.012717083,1,0.211648000,0.112534000,-0.771883000,0.065781656,-0.422560013,0.897852005,0.104773978,1,0.231742564,-0.055393146,-0.858675328,0.065781656,-0.422560013,0.897852005,0.104773978
15.106102584,104640.663518000,vr_world,11431,104640.657239500,0.006278875,1,0.225793000,-0.203532000,-0.743188000,0.111647193,0.909270390,-0.398139219,0.047407009,1,0.240508146,-0.035325916,-0.832146607,0.111647193,0.909270390,-0.398139219,0.047407009,11431,104640.657239500,0.006278875,1,0.213003000,0.114716000,-0.768419000,0.069480271,-0.425177333,0.894257292,0.121246124,1,0.234055514,-0.050055522,-0.860849466,0.069480271,-0.425177333,0.894257292,0.121246124
15.118512834,104640.675928250,vr_world,11431,104640.657239500,0.018689000,1,0.225793000,-0.203532000,-0.743188000,0.111647193,0.909270390,-0.398139219,0.047407009,1,0.240508146,-0.035325916,-0.832146607,0.111647193,0.909270390,-0.398139219,0.047407009,11431,104640.657239500,0.018689000,1,0.213003000,0.114716000,-0.768419000,0.069480271,-0.425177333,0.894257292,0.121246124,1,0.234055514,-0.050055522,-0.860849466,0.069480271,-0.425177333,0.894257292,0.121246124
15.130921542,104640.688336958,vr_world,11432,104640.676429750,0.011909750,1,0.225190000,-0.205070000,-0.745519000,0.103433056,0.912483755,-0.394245031,0.035296677,1,0.237149983,-0.034592906,-0.830477689,0.103433056,0.912483755,-0.394245031,0.035296677,11432,104640.676429750,0.011909750,1,0.212140000,0.114776000,-0.771182000,0.065199685,-0.421365009,0.897329249,0.114020826,1,0.231375498,-0.051712833,-0.860891077,0.065199685,-0.421365009,0.897329249,0.114020826
15.143099875,104640.700515291,vr_world,11433,104640.695374708,0.005141333,1,0.224867000,-0.203649000,-0.744431000,0.103843383,0.915253179,-0.387728727,0.034563055,1,0.234184640,-0.033028954,-0.829433622,0.103843383,0.915253179,-0.387728727,0.034563055,11433,104640.695374708,0.005141333,1,0.211250000,0.114526000,-0.769499000,0.066296273,-0.420132473,0.897421223,0.117169352,1,0.230043184,-0.051397110,-0.860342613,0.066296273,-0.420132473,0.897421223,0.117169352
15.155519792,104640.712935208,vr_world,11433,104640.695374708,0.017560875,1,0.224867000,-0.203649000,-0.744431000,0.103843383,0.915253179,-0.387728727,0.034563055,1,0.234184640,-0.033028954,-0.829433622,0.103843383,0.915253179,-0.387728727,0.034563055,11433,104640.695374708,0.017560875,1,0.211250000,0.114526000,-0.769499000,0.066296273,-0.420132473,0.897421223,0.117169352,1,0.230043184,-0.051397110,-0.860342613,0.066296273,-0.420132473,0.897421223,0.117169352
15.165664834,104640.723080250,vr_world,11434,104640.714492500,0.008588166,1,0.223600000,-0.204780000,-0.743525000,0.100999262,0.915140233,-0.387523074,0.046296541,1,0.234434990,-0.034465542,-0.828959369,0.100999262,0.915140233,-0.387523074,0.046296541,11434,104640.714492500,0.008588166,1,0.209429000,0.114627000,-0.771098000,0.069327241,-0.424392818,0.895849606,0.111973003,1,0.230472705,-0.051774415,-0.860563043,0.069327241,-0.424392818,0.895849606,0.111973003
15.177040875,104640.734456291,vr_world,11435,104640.734018625,0.000438125,1,0.222652000,-0.203424000,-0.742882000,0.105226509,0.912766683,-0.391210606,0.052331885,1,0.235559379,-0.034286843,-0.830343250,0.105226509,0.912766683,-0.391210606,0.052331885,11435,104640.734018625,0.000438125,1,0.207578000,0.113644000,-0.771538000,0.074041190,-0.427189899,0.894063235,0.112594954,1,0.230334575,-0.052175086,-0.861662273,0.074041190,-0.427189899,0.894063235,0.112594954
15.188429292,104640.745844708,vr_world,11435,104640.734018625,0.011826458,1,0.222652000,-0.203424000,-0.742882000,0.105226509,0.912766683,-0.391210606,0.052331885,1,0.235559379,-0.034286843,-0.830343250,0.105226509,0.912766683,-0.391210606,0.052331885,11435,104640.734018625,0.011826458,1,0.207578000,0.113644000,-0.771538000,0.074041190,-0.427189899,0.894063235,0.112594954,1,0.230334575,-0.052175086,-0.861662273,0.074041190,-0.427189899,0.894063235,0.112594954
15.200849625,104640.758265041,vr_world,11436,104640.753466916,0.004798625,1,0.220455000,-0.202145000,-0.742634000,0.111438370,0.911983743,-0.390041695,0.061111522,1,0.233883436,-0.034617321,-0.833064134,0.111438370,0.911983743,-0.390041695,0.061111522,11436,104640.753466916,0.004798625,1,0.205920000,0.113160000,-0.772136000,0.081492651,-0.427265765,0.893270625,0.113448249,1,0.229708093,-0.051945864,-0.863297518,0.081492651,-0.427265765,0.893270625,0.113448249
15.212430167,104640.769845583,vr_world,11436,104640.753466916,0.016379125,1,0.220455000,-0.202145000,-0.742634000,0.111438370,0.911983743,-0.390041695,0.061111522,1,0.233883436,-0.034617321,-0.833064134,0.111438370,0.911983743,-0.390041695,0.061111522,11436,104640.753466916,0.016379125,1,0.205920000,0.113160000,-0.772136000,0.081492651,-0.427265765,0.893270625,0.113448249,1,0.229708093,-0.051945864,-0.863297518,0.081492651,-0.427265765,0.893270625,0.113448249
15.224842000,104640.782257416,vr_world,11437,104640.773447791,0.008811375,1,0.220235000,-0.200916000,-0.742629000,0.109128496,0.912859667,-0.387731293,0.066653155,1,0.233608715,-0.033320137,-0.832940813,0.109128496,0.912859667,-0.387731293,0.066653155,11437,104640.773447791,0.008811375,1,0.205880000,0.113408000,-0.771956000,0.082864685,-0.425265315,0.893698430,0.116558876,1,0.228983979,-0.051147205,-0.864281661,0.082864685,-0.425265315,0.893698430,0.116558876
15.237254959,104640.794670375,vr_world,11438,104640.793159250,0.001511666,1,0.220468000,-0.201500000,-0.740544000,0.117191386,0.913380129,-0.383865762,0.068190880,1,0.232320093,-0.035315581,-0.833633603,0.117191386,0.913380129,-0.383865762,0.068190880,11438,104640.793159250,0.001511666,1,0.204273000,0.114623000,-0.771557000,0.082882031,-0.426745359,0.892597634,0.119534230,1,0.227862659,-0.049341325,-0.864806597,0.082882031,-0.426745359,0.892597634,0.119534230
15.249655917,104640.807071333,vr_world,11438,104640.793159250,0.013912416,1,0.220468000,-0.201500000,-0.740544000,0.117191386,0.913380129,-0.383865762,0.068190880,1,0.232320093,-0.035315581,-0.833633603,0.117191386,0.913380129,-0.383865762,0.068190880,11438,104640.793159250,0.013912416,1,0.204273000,0.114623000,-0.771557000,0.082882031,-0.426745359,0.892597634,0.119534230,1,0.227862659,-0.049341325,-0.864806597,0.082882031,-0.426745359,0.892597634,0.119534230
15.260426709,104640.817842125,vr_world,11439,104640.812358458,0.005484083,1,0.220767000,-0.202014000,-0.741264000,0.104927899,0.912836406,-0.389993235,0.060208876,1,0.234265188,-0.033327913,-0.829503785,0.104927899,0.912836406,-0.389993235,0.060208876,11439,104640.812358458,0.005484083,1,0.204909000,0.114904000,-0.772503000,0.076116758,-0.430209493,0.893208903,0.106319739,1,0.229333325,-0.051669065,-0.860781617,0.076116758,-0.430209493,0.893208903,0.106319739
15.271095625,104640.828511041,vr_world,11439,104640.812358458,0.016153125,1,0.220767000,-0.202014000,-0.741264000,0.104927899,0.912836406,-0.389993235,0.060208876,1,0.234265188,-0.033327913,-0.829503785,0.104927899,0.912836406,-0.389993235,0.060208876,11439,104640.812358458,0.016153125,1,0.204909000,0.114904000,-0.772503000,0.076116758,-0.430209493,0.893208903,0.106319739,1,0.229333325,-0.051669065,-0.860781617,0.076116758,-0.430209493,0.893208903,0.106319739
15.283054917,104640.840470333,vr_world,11440,104640.831585333,0.008885583,1,0.220481000,-0.200338000,-0.738768000,0.114166222,0.912091137,-0.389233304,0.059609284,1,0.233300988,-0.033150751,-0.829913611,0.114166222,0.912091137,-0.389233304,0.059609284,11440,104640.831585333,0.008885583,1,0.204842000,0.115557000,-0.770445000,0.072524989,-0.428873477,0.892987639,0.115675162,1,0.227946280,-0.049773146,-0.861375707,0.072524989,-0.428873477,0.892987639,0.115675162
15.295427167,104640.852842583,vr_world,11441,104640.851461666,0.001381250,1,0.221405000,-0.200572000,-0.737211000,0.114494392,0.912754388,-0.388291785,0.054771804,1,0.233190104,-0.033079764,-0.827935412,0.114494392,0.912754388,-0.388291785,0.054771804,11441,104640.851461666,0.001381250,1,0.204999000,0.116780000,-0.770459000,0.067619339,-0.428526036,0.894206524,0.110398162,1,0.227484589,-0.049824951,-0.859190978,0.067619339,-0.428526036,0.894206524,0.110398162
15.307861042,104640.865276458,vr_world,11441,104640.851461666,0.013815084,1,0.221405000,-0.200572000,-0.737211000,0.114494392,0.912754388,-0.388291785,0.054771804,1,0.233190104,-0.033079764,-0.827935412,0.114494392,0.912754388,-0.388291785,0.054771804,11441,104640.851461666,0.013815084,1,0.204999000,0.116780000,-0.770459000,0.067619339,-0.428526036,0.894206524,0.110398162,1,0.227484589,-0.049824951,-0.859190978,0.067619339,-0.428526036,0.894206524,0.110398162
15.318246542,104640.875661958,vr_world,11442,104640.871162958,0.004499458,1,0.221141000,-0.200222000,-0.735918000,0.116288651,0.912825581,-0.388308868,0.049422987,1,0.232147685,-0.032664397,-0.826619414,0.116288651,0.912825581,-0.388308868,0.049422987,11442,104640.871162958,0.004499458,1,0.205120000,0.117177000,-0.769267000,0.063421966,-0.428884930,0.894377168,0.110112909,1,0.227198805,-0.049768326,-0.857460285,0.063421966,-0.428884930,0.894377168,0.110112909
15.330665709,104640.888081125,vr_world,11442,104640.871162958,0.016918542,1,0.221141000,-0.200222000,-0.735918000,0.116288651,0.912825581,-0.388308868,0.049422987,1,0.232147685,-0.032664397,-0.826619414,0.116288651,0.912825581,-0.388308868,0.049422987,11442,104640.871162958,0.016918542,1,0.205120000,0.117177000,-0.769267000,0.063421966,-0.428884930,0.894377168,0.110112909,1,0.227198805,-0.049768326,-0.857460285,0.063421966,-0.428884930,0.894377168,0.110112909
15.341678750,104640.899094166,vr_world,11443,104640.890709208,0.008385458,1,0.221486000,-0.200879000,-0.733931000,0.114846967,0.913809440,-0.386704230,0.047141483,1,0.231620458,-0.032882205,-0.823918868,0.114846967,0.913809440,-0.386704230,0.047141483,11443,104640.890709208,0.008385458,1,0.204347000,0.117633000,-0.767489000,0.058186709,-0.429511524,0.894668368,0.108178876,1,0.226057122,-0.049982443,-0.854494791,0.058186709,-0.429511524,0.894668368,0.108178876
15.352588834,104640.910004250,vr_world,11443,104640.890709208,0.019295583,1,0.221486000,-0.200879000,-0.733931000,0.114846967,0.913809440,-0.386704230,0.047141483,1,0.231620458,-0.032882205,-0.823918868,0.114846967,0.913809440,-0.386704230,0.047141483,11443,104640.890709208,0.019295583,1,0.204347000,0.117633000,-0.767489000,0.058186709,-0.429511524,0.894668368,0.108178876,1,0.226057122,-0.049982443,-0.854494791,0.058186709,-0.429511524,0.894668368,0.108178876
15.364440209,104640.921855625,vr_world,11444,104640.910278125,0.011577875,1,0.220851000,-0.201031000,-0.732655000,0.111277128,0.913392970,-0.389044199,0.044444283,1,0.231665225,-0.032305655,-0.821188889,0.111277128,0.913392970,-0.389044199,0.044444283,11444,104640.910278125,0.011577875,1,0.203171000,0.117868000,-0.765941000,0.061252219,-0.431154177,0.893823243,0.106931062,1,0.225969542,-0.049649705,-0.852856516,0.061252219,-0.431154177,0.893823243,0.106931062
15.376468750,104640.933884166,vr_world,11445,104640.930369500,0.003514958,1,0.219191000,-0.201582000,-0.729445000,0.110666521,0.913259059,-0.389100529,0.048079002,1,0.230527418,-0.033003276,-0.818192782,0.110666521,0.913259059,-0.389100529,0.048079002,11445,104640.930369500,0.003514958,1,0.202430000,0.117986000,-0.763044000,0.062986080,-0.432156447,0.893891705,0.101149294,1,0.226051917,-0.050289095,-0.848259521,0.062986080,-0.432156447,0.893891705,0.101149294
15.388430084,104640.945845500,vr_world,11445,104640.930369500,0.015476625,1,0.219191000,-0.201582000,-0.729445000,0.110666521,0.913259059,-0.389100529,0.048079002,1,0.230527418,-0.033003276,-0.818192782,0.110666521,0.913259059,-0.389100529,0.048079002,11445,104640.930369500,0.015476625,1,0.202430000,0.117986000,-0.763044000,0.062986080,-0.432156447,0.893891705,0.101149294,1,0.226051917,-0.050289095,-0.848259521,0.062986080,-0.432156447,0.893891705,0.101149294
15.400841167,104640.958256583,vr_world,11446,104640.950058750,0.008198000,1,0.219091000,-0.201574000,-0.727450000,0.104816530,0.913637018,-0.389157878,0.053263884,1,0.231339975,-0.032379322,-0.814894419,0.104816530,0.913637018,-0.389157878,0.053263884,11446,104640.950058750,0.008198000,1,0.201788000,0.117561000,-0.759676000,0.068700049,-0.431862891,0.893523536,0.101933496,1,0.226013244,-0.050191844,-0.845747827,0.068700049,-0.431862891,0.893523536,0.101933496
15.412872417,104640.970287833,vr_world,11447,104640.969638833,0.000649500,1,0.219316000,-0.201246000,-0.723877000,0.107912126,0.913219818,-0.389295343,0.053232251,1,0.231508492,-0.032564047,-0.812314535,0.107912126,0.913219818,-0.389295343,0.053232251,11447,104640.969638833,0.000649500,1,0.201845000,0.117228000,-0.756385000,0.071797023,-0.431837666,0.893154815,0.103130468,1,0.226430816,-0.050106744,-0.843165637,0.071797023,-0.431837666,0.893154815,0.103130468
15.423096125,104640.980511541,vr_world,11447,104640.969638833,0.010873333,1,0.219316000,-0.201246000,-0.723877000,0.107912126,0.913219818,-0.389295343,0.053232251,1,0.231508492,-0.032564047,-0.812314535,0.107912126,0.913219818,-0.389295343,0.053232251,11447,104640.969638833,0.010873333,1,0.201845000,0.117228000,-0.756385000,0.071797023,-0.431837666,0.893154815,0.103130468,1,0.226430816,-0.050106744,-0.843165637,0.071797023,-0.431837666,0.893154815,0.103130468
15.433771292,104640.991186708,vr_world,11448,104640.988474416,0.002712959,1,0.218653000,-0.201869000,-0.718306000,0.108735501,0.912850249,-0.389820704,0.054044724,1,0.231129252,-0.033392738,-0.807095381,0.108735501,0.912850249,-0.389820704,0.054044724,11448,104640.988474416,0.002712959,1,0.201699000,0.117350000,-0.751096000,0.072697176,-0.431930232,0.893241918,0.101342351,1,0.226499141,-0.050205224,-0.837388647,0.072697176,-0.431930232,0.893241918,0.101342351
15.446188250,104641.003603666,vr_world,11448,104640.988474416,0.015129667,1,0.218653000,-0.201869000,-0.718306000,0.108735501,0.912850249,-0.389820704,0.054044724,1,0.231129252,-0.033392738,-0.807095381,0.108735501,0.912850249,-0.389820704,0.054044724,11448,104640.988474416,0.015129667,1,0.201699000,0.117350000,-0.751096000,0.072697176,-0.431930232,0.893241918,0.101342351,1,0.226499141,-0.050205224,-0.837388647,0.072697176,-0.431930232,0.893241918,0.101342351
15.457764875,104641.015180291,vr_world,11449,104641.007896583,0.007284333,1,0.218230000,-0.202488000,-0.714590000,0.106890476,0.912548424,-0.390906321,0.054973157,1,0.231313525,-0.033796273,-0.802881422,0.106890476,0.912548424,-0.390906321,0.054973157,11449,104641.007896583,0.007284333,1,0.201998000,0.117446000,-0.747605000,0.072830611,-0.431336544,0.893800286,0.098820728,1,0.226663555,-0.050536508,-0.833101920,0.072830611,-0.431336544,0.893800286,0.098820728
15.468436834,104641.025852250,vr_world,11449,104641.007896583,0.017956083,1,0.218230000,-0.202488000,-0.714590000,0.106890476,0.912548424,-0.390906321,0.054973157,1,0.231313525,-0.033796273,-0.802881422,0.106890476,0.912548424,-0.390906321,0.054973157,11449,104641.007896583,0.017956083,1,0.201998000,0.117446000,-0.747605000,0.072830611,-0.431336544,0.893800286,0.098820728,1,0.226663555,-0.050536508,-0.833101920,0.072830611,-0.431336544,0.893800286,0.098820728
15.480881542,104641.038296958,vr_world,11450,104641.027804125,0.010493000,1,0.218432000,-0.203837000,-0.707865000,0.103403390,0.912876457,-0.391009180,0.055462911,1,0.231738003,-0.034605898,-0.795084365,0.103403390,0.912876457,-0.391009180,0.055462911,11450,104641.027804125,0.010493000,1,0.201879000,0.117188000,-0.741337000,0.073383916,-0.430632475,0.894626635,0.093881071,1,0.226495839,-0.051576345,-0.825294311,0.073383916,-0.430632475,0.894626635,0.093881071
15.493281375,104641.050696791,vr_world,11451,104641.047449833,0.003247375,1,0.218698000,-0.204156000,-0.703184000,0.102945551,0.913164610,-0.390857720,0.052562831,1,0.231577005,-0.034651746,-0.789935848,0.102945551,0.913164610,-0.390857720,0.052562831,11451,104641.047449833,0.003247375,1,0.202217000,0.116585000,-0.736825000,0.074693919,-0.430204298,0.894877830,0.092405360,1,0.226883021,-0.052340289,-0.820443451,0.074693919,-0.430204298,0.894877830,0.092405360
15.505670042,104641.063085458,vr_world,11451,104641.047449833,0.015636167,1,0.218698000,-0.204156000,-0.703184000,0.102945551,0.913164610,-0.390857720,0.052562831,1,0.231577005,-0.034651746,-0.789935848,0.102945551,0.913164610,-0.390857720,0.052562831,11451,104641.047449833,0.015636167,1,0.202217000,0.116585000,-0.736825000,0.074693919,-0.430204298,0.894877830,0.092405360,1,0.226883021,-0.052340289,-0.820443451,0.074693919,-0.430204298,0.894877830,0.092405360
15.517634917,104641.075050333,vr_world,11452,104641.066976333,0.008074250,1,0.217936000,-0.204347000,-0.697932000,0.104556376,0.912287830,-0.392350994,0.053475015,1,0.231459908,-0.035207853,-0.785296128,0.104556376,0.912287830,-0.392350994,0.053475015,11452,104641.066976333,0.008074250,1,0.202797000,0.116056000,-0.731778000,0.074718324,-0.429477606,0.895329807,0.091382132,1,0.227211128,-0.053063519,-0.815076928,0.074718324,-0.429477606,0.895329807,0.091382132
15.528738625,104641.086154041,vr_world,11453,104641.086071166,0.000083375,1,0.217002000,-0.205960000,-0.689063000,0.103973711,0.911129138,-0.394962032,0.055119451,1,0.231777121,-0.036911957,-0.776400904,0.103973711,0.911129138,-0.394962032,0.055119451,11453,104641.086071166,0.000083375,1,0.203484000,0.114948000,-0.723126000,0.074588834,-0.428520830,0.895962637,0.089762788,1,0.227552970,-0.054479417,-0.805898385,0.074588834,-0.428520830,0.895962637,0.089762788
15.541126417,104641.098541833,vr_world,11453,104641.086071166,0.012471084,1,0.217002000,-0.205960000,-0.689063000,0.103973711,0.911129138,-0.394962032,0.055119451,1,0.231777121,-0.036911957,-0.776400904,0.103973711,0.911129138,-0.394962032,0.055119451,11453,104641.086071166,0.012471084,1,0.203484000,0.114948000,-0.723126000,0.074588834,-0.428520830,0.895962637,0.089762788,1,0.227552970,-0.054479417,-0.805898385,0.074588834,-0.428520830,0.895962637,0.089762788
15.553541250,104641.110956666,vr_world,11454,104641.105702625,0.005254583,1,0.216404000,-0.207621000,-0.684037000,0.100860881,0.910898116,-0.396156212,0.056142330,1,0.231883568,-0.038170269,-0.770467900,0.100860881,0.910898116,-0.396156212,0.056142330,11454,104641.105702625,0.005254583,1,0.203164000,0.113843000,-0.717635000,0.077094517,-0.427554168,0.896327372,0.088606494,1,0.227215516,-0.055635741,-0.800307116,0.077094517,-0.427554168,0.896327372,0.088606494
15.565934375,104641.123349791,vr_world,11454,104641.105702625,0.017647500,1,0.216404000,-0.207621000,-0.684037000,0.100860881,0.910898116,-0.396156212,0.056142330,1,0.231883568,-0.038170269,-0.770467900,0.100860881,0.910898116,-0.396156212,0.056142330,11454,104641.105702625,0.017647500,1,0.203164000,0.113843000,-0.717635000,0.077094517,-0.427554168,0.896327372,0.088606494,1,0.227215516,-0.055635741,-0.800307116,0.077094517,-0.427554168,0.896327372,0.088606494
15.576647959,104641.134063375,vr_world,11455,104641.125707458,0.008357583,1,0.216128000,-0.210004000,-0.674394000,0.098473986,0.910593141,-0.397314592,0.057132477,1,0.232268346,-0.040270401,-0.760146155,0.098473986,0.910593141,-0.397314592,0.057132477,11455,104641.125707458,0.008357583,1,0.203213000,0.111537000,-0.707647000,0.081290500,-0.425690625,0.897078993,0.086189481,1,0.227154195,-0.058113018,-0.789999534,0.081290500,-0.425690625,0.897078993,0.086189481
15.588491042,104641.145906458,vr_world,11456,104641.143650000,0.002257458,1,0.216012000,-0.211094000,-0.668687000,0.098938041,0.910716245,-0.396844162,0.057635888,1,0.232020428,-0.041453779,-0.754648429,0.098938041,0.910716245,-0.396844162,0.057635888,11456,104641.143650000,0.002257458,1,0.203787000,0.109495000,-0.701715000,0.083613410,-0.424348625,0.897505583,0.086143895,1,0.227511241,-0.060062381,-0.784320489,0.083613410,-0.424348625,0.897505583,0.086143895
15.600777292,104641.158192708,vr_world,11456,104641.143650000,0.014543750,1,0.216012000,-0.211094000,-0.668687000,0.098938041,0.910716245,-0.396844162,0.057635888,1,0.232020428,-0.041453779,-0.754648429,0.098938041,0.910716245,-0.396844162,0.057635888,11456,104641.143650000,0.014543750,1,0.203787000,0.109495000,-0.701715000,0.083613410,-0.424348625,0.897505583,0.086143895,1,0.227511241,-0.060062381,-0.784320489,0.083613410,-0.424348625,0.897505583,0.086143895
15.612432250,104641.169847666,vr_world,11457,104641.162788750,0.007059583,1,0.215338000,-0.212614000,-0.662670000,0.100742702,0.909872403,-0.398400936,0.057094767,1,0.231820402,-0.043281189,-0.749146342,0.100742702,0.909872403,-0.398400936,0.057094767,11457,104641.162788750,0.007059583,1,0.204362000,0.107845000,-0.694430000,0.085125692,-0.423603772,0.897360470,0.089764408,1,0.227900658,-0.061072276,-0.778388878,0.085125692,-0.423603772,0.897360470,0.089764408
15.624823500,104641.182238916,vr_world,11457,104641.162788750,0.019450708,1,0.215338000,-0.212614000,-0.662670000,0.100742702,0.909872403,-0.398400936,0.057094767,1,0.231820402,-0.043281189,-0.749146342,0.100742702,0.909872403,-0.398400936,0.057094767,11457,104641.162788750,0.019450708,1,0.204362000,0.107845000,-0.694430000,0.085125692,-0.423603772,0.897360470,0.089764408,1,0.227900658,-0.061072276,-0.778388878,0.085125692,-0.423603772,0.897360470,0.089764408
15.637181750,104641.194597166,vr_world,11458,104641.182764708,0.011833250,1,0.213579000,-0.215904000,-0.652479000,0.099149913,0.908459990,-0.401880564,0.057980635,1,0.231586369,-0.046494670,-0.738500294,0.099149913,0.908459990,-0.401880564,0.057980635,11458,104641.182764708,0.011833250,1,0.205275000,0.105501000,-0.683454000,0.087567956,-0.421062274,0.898226217,0.090708757,1,0.228124058,-0.063205045,-0.768026025,0.087567956,-0.421062274,0.898226217,0.090708757
15.649540792,104641.206956208,vr_world,11459,104641.202057708,0.004899292,1,0.212015000,-0.218060000,-0.647240000,0.094224519,0.907672416,-0.404515966,0.060161102,1,0.231500080,-0.048106726,-0.731854879,0.094224519,0.907672416,-0.404515966,0.060161102,11459,104641.202057708,0.004899292,1,0.205078000,0.103613000,-0.678641000,0.088514005,-0.419223350,0.899399832,0.086585191,1,0.227439539,-0.065756301,-0.762009118,0.088514005,-0.419223350,0.899399832,0.086585191
15.661958375,104641.219373791,vr_world,11459,104641.202057708,0.017319917,1,0.212015000,-0.218060000,-0.647240000,0.094224519,0.907672416,-0.404515966,0.060161102,1,0.231500080,-0.048106726,-0.731854879,0.094224519,0.907672416,-0.404515966,0.060161102,11459,104641.202057708,0.017319917,1,0.205078000,0.103613000,-0.678641000,0.088514005,-0.419223350,0.899399832,0.086585191,1,0.227439539,-0.065756301,-0.762009118,0.088514005,-0.419223350,0.899399832,0.086585191
15.674357709,104641.231773125,vr_world,11460,104641.221340500,0.010433333,1,0.210897000,-0.219714000,-0.641634000,0.093557395,0.906651608,-0.406547658,0.062840097,1,0.231549634,-0.049916129,-0.726283848,0.093557395,0.906651608,-0.406547658,0.062840097,11460,104641.221340500,0.010433333,1,0.204901000,0.101413000,-0.672310000,0.093936443,-0.417859544,0.899664061,0.084699024,1,0.227515195,-0.067932564,-0.755658064,0.093936443,-0.417859544,0.899664061,0.084699024
15.686781167,104641.244196583,vr_world,11461,104641.240088791,0.004108459,1,0.208414000,-0.223077000,-0.631252000,0.090868406,0.904640469,-0.411262769,0.065049894,1,0.231286588,-0.053206634,-0.715182606,0.090868406,0.904640469,-0.411262769,0.065049894,11461,104641.240088791,0.004108459,1,0.205022000,0.097701500,-0.660341000,0.101503629,-0.415087533,0.900058821,0.085401823,1,0.227590034,-0.071115478,-0.744766951,0.101503629,-0.415087533,0.900058821,0.085401823
15.699202042,104641.256617458,vr_world,11461,104641.240088791,0.016529250,1,0.208414000,-0.223077000,-0.631252000,0.090868406,0.904640469,-0.411262769,0.065049894,1,0.231286588,-0.053206634,-0.715182606,0.090868406,0.904640469,-0.411262769,0.065049894,11461,104641.240088791,0.016529250,1,0.205022000,0.097701500,-0.660341000,0.101503629,-0.415087533,0.900058821,0.085401823,1,0.227590034,-0.071115478,-0.744766951,0.101503629,-0.415087533,0.900058821,0.085401823
15.710391792,104641.267807208,vr_world,11462,104641.258991958,0.008818000,1,0.206201000,-0.225235000,-0.625505000,0.089851495,0.903457351,-0.413391091,0.069277199,1,0.230497381,-0.055589469,-0.709490296,0.089851495,0.903457351,-0.413391091,0.069277199,11462,104641.258991958,0.008818000,1,0.205160000,0.095783200,-0.654559000,0.103936773,-0.413099228,0.900725602,0.085085636,1,0.227301715,-0.072989762,-0.739185590,0.103936773,-0.413099228,0.900725602,0.085085636
15.721766334,104641.279181750,vr_world,11463,104641.278503291,0.000679084,1,0.203853000,-0.229004000,-0.615128000,0.085198413,0.902016212,-0.416633031,0.074329678,1,0.230230540,-0.059128913,-0.698014144,0.085198413,0.902016212,-0.416633031,0.074329678,11463,104641.278503291,0.000679084,1,0.204582000,0.091621200,-0.643658000,0.111592414,-0.409616236,0.901549153,0.083491299,1,0.226491298,-0.076998467,-0.728649608,0.111592414,-0.409616236,0.901549153,0.083491299
15.733044375,104641.290459791,vr_world,11463,104641.278503291,0.011957167,1,0.203853000,-0.229004000,-0.615128000,0.085198413,0.902016212,-0.416633031,0.074329678,1,0.230230540,-0.059128913,-0.698014144,0.085198413,0.902016212,-0.416633031,0.074329678,11463,104641.278503291,0.011957167,1,0.204582000,0.091621200,-0.643658000,0.111592414,-0.409616236,0.901549153,0.083491299,1,0.226491298,-0.076998467,-0.728649608,0.111592414,-0.409616236,0.901549153,0.083491299
15.745484334,104641.302899750,vr_world,11464,104641.297391166,0.005510750,1,0.202547000,-0.230716000,-0.608621000,0.088974501,0.900428811,-0.419079516,0.075391333,1,0.229912810,-0.061640374,-0.692811358,0.088974501,0.900428811,-0.419079516,0.075391333,11464,104641.297391166,0.005510750,1,0.204553000,0.089516200,-0.638188000,0.113685876,-0.408969949,0.901721309,0.081962085,1,0.226539702,-0.079226115,-0.722916201,0.113685876,-0.408969949,0.901721309,0.081962085
15.757030125,104641.314445541,vr_world,11464,104641.297391166,0.017056125,1,0.202547000,-0.230716000,-0.608621000,0.088974501,0.900428811,-0.419079516,0.075391333,1,0.229912810,-0.061640374,-0.692811358,0.088974501,0.900428811,-0.419079516,0.075391333,11464,104641.297391166,0.017056125,1,0.204553000,0.089516200,-0.638188000,0.113685876,-0.408969949,0.901721309,0.081962085,1,0.226539702,-0.079226115,-0.722916201,0.113685876,-0.408969949,0.901721309,0.081962085
15.769446959,104641.326862375,vr_world,11465,104641.316704916,0.010158125,1,0.200471000,-0.233303000,-0.603210000,0.088186164,0.898761019,-0.422631042,0.076386084,1,0.229384521,-0.064369197,-0.687167048,0.088186164,0.898761019,-0.422631042,0.076386084,11465,104641.316704916,0.010158125,1,0.204760000,0.087586200,-0.632891000,0.113060289,-0.407360856,0.902662139,0.080470911,1,0.226053961,-0.081493090,-0.717122589,0.113060289,-0.407360856,0.902662139,0.080470911
15.781869500,104641.339284916,vr_world,11466,104641.335991458,0.003293833,1,0.197379000,-0.237091000,-0.592951000,0.085386007,0.896978698,-0.426388217,0.079570932,1,0.228275340,-0.068157012,-0.676198732,0.085386007,0.896978698,-0.426388217,0.079570932,11466,104641.335991458,0.003293833,1,0.204562000,0.083959300,-0.622531000,0.114556781,-0.404349151,0.904117077,0.077141552,1,0.224951736,-0.085642976,-0.705931019,0.114556781,-0.404349151,0.904117077,0.077141552
15.794297250,104641.351712666,vr_world,11466,104641.335991458,0.015721708,1,0.197379000,-0.237091000,-0.592951000,0.085386007,0.896978698,-0.426388217,0.079570932,1,0.228275340,-0.068157012,-0.676198732,0.085386007,0.896978698,-0.426388217,0.079570932,11466,104641.335991458,0.015721708,1,0.204562000,0.083959300,-0.622531000,0.114556781,-0.404349151,0.904117077,0.077141552,1,0.224951736,-0.085642976,-0.705931019,0.114556781,-0.404349151,0.904117077,0.077141552
15.806714917,104641.364130333,vr_world,11467,104641.355848375,0.008282291,1,0.195708000,-0.238851000,-0.587180000,0.085283727,0.895649479,-0.429327694,0.078844323,1,0.227662790,-0.070034981,-0.670267231,0.085283727,0.895649479,-0.429327694,0.078844323,11467,104641.355848375,0.008282291,1,0.204625000,0.081799000,-0.616989000,0.116245146,-0.402299829,0.904910915,0.076014141,1,0.224478032,-0.087928223,-0.700263888,0.116245146,-0.402299829,0.904910915,0.076014141
15.819131917,104641.376547333,vr_world,11468,104641.374990041,0.001557750,1,0.191479000,-0.242265000,-0.576281000,0.088512176,0.891762818,-0.436357297,0.080727820,1,0.226347494,-0.074569115,-0.660457835,0.088512176,0.891762818,-0.436357297,0.080727820,11468,104641.374990041,0.001557750,1,0.205041000,0.077349600,-0.606115000,0.118207915,-0.397507581,0.906752178,0.076256803,1,0.223313335,-0.092337662,-0.689832066,0.118207915,-0.397507581,0.906752178,0.076256803
15.831560000,104641.388975416,vr_world,11468,104641.374990041,0.013987167,1,0.191479000,-0.242265000,-0.576281000,0.088512176,0.891762818,-0.436357297,0.080727820,1,0.226347494,-0.074569115,-0.660457835,0.088512176,0.891762818,-0.436357297,0.080727820,11468,104641.374990041,0.013987167,1,0.205041000,0.077349600,-0.606115000,0.118207915,-0.397507581,0.906752178,0.076256803,1,0.223313335,-0.092337662,-0.689832066,0.118207915,-0.397507581,0.906752178,0.076256803
15.841763625,104641.399179041,vr_world,11469,104641.394073625,0.005106416,1,0.189279000,-0.243907000,-0.570301000,0.088460891,0.890250577,-0.439165872,0.082230876,1,0.225453920,-0.076513373,-0.654527978,0.088460891,0.890250577,-0.439165872,0.082230876,11469,104641.394073625,0.005106416,1,0.204939000,0.075137800,-0.600426000,0.119193090,-0.393802867,0.908261508,0.075982519,1,0.221921554,-0.094614918,-0.684282048,0.119193090,-0.393802867,0.908261508,0.075982519
15.854181834,104641.411597250,vr_world,11469,104641.394073625,0.017524541,1,0.189279000,-0.243907000,-0.570301000,0.088460891,0.890250577,-0.439165872,0.082230876,1,0.225453920,-0.076513373,-0.654527978,0.088460891,0.890250577,-0.439165872,0.082230876,11469,104641.394073625,0.017524541,1,0.204939000,0.075137800,-0.600426000,0.119193090,-0.393802867,0.908261508,0.075982519,1,0.221921554,-0.094614918,-0.684282048,0.119193090,-0.393802867,0.908261508,0.075982519
15.866243417,104641.423658833,vr_world,11470,104641.413987166,0.009672250,1,0.187469000,-0.245729000,-0.563387000,0.093297830,0.888517439,-0.441809274,0.081466802,1,0.224426393,-0.079261068,-0.649095819,0.093297830,0.888517439,-0.441809274,0.081466802,11470,104641.413987166,0.009672250,1,0.205052000,0.072752500,-0.594700000,0.121324670,-0.390507906,0.909468543,0.075172261,1,0.221081434,-0.097055427,-0.678632072,0.121324670,-0.390507906,0.909468543,0.075172261
15.876432750,104641.433848166,vr_world,11471,104641.433138041,0.000710667,1,0.182400000,-0.249027000,-0.551315000,0.098740799,0.883712806,-0.450117148,0.081832051,1,0.222484416,-0.084148378,-0.638674543,0.098740799,0.883712806,-0.450117148,0.081832051,11471,104641.433138041,0.000710667,1,0.206294000,0.068658300,-0.584242000,0.122849385,-0.383553803,0.912472999,0.072024540,1,0.219893346,-0.101662324,-0.667561665,0.122849385,-0.383553803,0.912472999,0.072024540
15.888825084,104641.446240500,vr_world,11471,104641.433138041,0.013102834,1,0.182400000,-0.249027000,-0.551315000,0.098740799,0.883712806,-0.450117148,0.081832051,1,0.222484416,-0.084148378,-0.638674543,0.098740799,0.883712806,-0.450117148,0.081832051,11471,104641.433138041,0.013102834,1,0.206294000,0.068658300,-0.584242000,0.122849385,-0.383553803,0.912472999,0.072024540,1,0.219893346,-0.101662324,-0.667561665,0.122849385,-0.383553803,0.912472999,0.072024540
15.901236792,104641.458652208,vr_world,11472,104641.451796041,0.006856750,1,0.178658000,-0.250928000,-0.545274000,0.100050646,0.879941318,-0.456701177,0.084363378,1,0.221623213,-0.087034919,-0.633117531,0.100050646,0.879941318,-0.456701177,0.084363378,11472,104641.451796041,0.006856750,1,0.207348000,0.066694000,-0.578704000,0.122259449,-0.377474687,0.915219645,0.070274387,1,0.218530830,-0.104006257,-0.661605022,0.122259449,-0.377474687,0.915219645,0.070274387
15.913525209,104641.470940625,vr_world,11472,104641.451796041,0.019145084,1,0.178658000,-0.250928000,-0.545274000,0.100050646,0.879941318,-0.456701177,0.084363378,1,0.221623213,-0.087034919,-0.633117531,0.100050646,0.879941318,-0.456701177,0.084363378,11472,104641.451796041,0.019145084,1,0.207348000,0.066694000,-0.578704000,0.122259449,-0.377474687,0.915219645,0.070274387,1,0.218530830,-0.104006257,-0.661605022,0.122259449,-0.377474687,0.915219645,0.070274387
15.925703625,104641.483119041,vr_world,11473,104641.471494250,0.011625250,1,0.175434000,-0.253352000,-0.539731000,0.097340367,0.877476618,-0.461859294,0.085121267,1,0.220615003,-0.089542313,-0.626612942,0.097340367,0.877476618,-0.461859294,0.085121267,11473,104641.471494250,0.011625250,1,0.208094000,0.065013400,-0.573718000,0.124459018,-0.370962042,0.917904527,0.065942368,1,0.217129885,-0.106258363,-0.655696979,0.124459018,-0.370962042,0.917904527,0.065942368
15.937783542,104641.495198958,vr_world,11474,104641.490754125,0.004445458,1,0.169526000,-0.257246000,-0.528106000,0.097146592,0.871442058,-0.473262682,0.084697772,1,0.219125584,-0.094521332,-0.614616178,0.097146592,0.871442058,-0.473262682,0.084697772,11474,104641.490754125,0.004445458,1,0.210311000,0.061005000,-0.563967000,0.126454958,-0.360334193,0.922510309,0.056063738,1,0.215617197,-0.111630235,-0.643371770,0.126454958,-0.360334193,0.922510309,0.056063738
15.948431584,104641.505847000,vr_world,11474,104641.490754125,0.015093500,1,0.169526000,-0.257246000,-0.528106000,0.097146592,0.871442058,-0.473262682,0.084697772,1,0.219125584,-0.094521332,-0.614616178,0.097146592,0.871442058,-0.473262682,0.084697772,11474,104641.490754125,0.015093500,1,0.210311000,0.061005000,-0.563967000,0.126454958,-0.360334193,0.922510309,0.056063738,1,0.215617197,-0.111630235,-0.643371770,0.126454958,-0.360334193,0.922510309,0.056063738
15.959097084,104641.516512500,vr_world,11475,104641.510788458,0.005724417,1,0.165410000,-0.259651000,-0.522509000,0.095409098,0.867865958,-0.479922084,0.085910280,1,0.217846558,-0.097464715,-0.608354643,0.095409098,0.867865958,-0.479922084,0.085910280,11475,104641.510788458,0.005724417,1,0.211536000,0.058589800,-0.558993000,0.126114200,-0.354059877,0.925256538,0.051353193,1,0.214405702,-0.114708625,-0.637067605,0.126114200,-0.354059877,0.925256538,0.051353193
15.971507792,104641.528923208,vr_world,11475,104641.510788458,0.018135250,1,0.165410000,-0.259651000,-0.522509000,0.095409098,0.867865958,-0.479922084,0.085910280,1,0.217846558,-0.097464715,-0.608354643,0.095409098,0.867865958,-0.479922084,0.085910280,11475,104641.510788458,0.018135250,1,0.211536000,0.058589800,-0.558993000,0.126114200,-0.354059877,0.925256538,0.051353193,1,0.214405702,-0.114708625,-0.637067605,0.126114200,-0.354059877,0.925256538,0.051353193
15.983873334,104641.541288750,vr_world,11476,104641.530028166,0.011261000,1,0.158312000,-0.263146000,-0.512139000,0.093908992,0.860667991,-0.492745103,0.087372616,1,0.216027140,-0.102363156,-0.597234751,0.093908992,0.860667991,-0.492745103,0.087372616,11476,104641.530028166,0.011261000,1,0.213477000,0.054747200,-0.550045000,0.129786555,-0.341047116,0.930130794,0.041219193,1,0.211927705,-0.119599931,-0.625787573,0.129786555,-0.341047116,0.930130794,0.041219193
15.996279459,104641.553694875,vr_world,11477,104641.549374500,0.004320833,1,0.153959000,-0.264348000,-0.507021000,0.094052802,0.856087811,-0.500150103,0.090097747,1,0.214934657,-0.104773375,-0.592117078,0.094052802,0.856087811,-0.500150103,0.090097747,11477,104641.549374500,0.004320833,1,0.214895000,0.052480300,-0.545626000,0.132322414,-0.333277354,0.932800896,0.036048197,1,0.210753899,-0.122274409,-0.620324635,0.132322414,-0.333277354,0.932800896,0.036048197
16.008674042,104641.566089458,vr_world,11477,104641.549374500,0.016715875,1,0.153959000,-0.264348000,-0.507021000,0.094052802,0.856087811,-0.500150103,0.090097747,1,0.214934657,-0.104773375,-0.592117078,0.094052802,0.856087811,-0.500150103,0.090097747,11477,104641.549374500,0.016715875,1,0.214895000,0.052480300,-0.545626000,0.132322414,-0.333277354,0.932800896,0.036048197,1,0.210753899,-0.122274409,-0.620324635,0.132322414,-0.333277354,0.932800896,0.036048197
16.021064125,104641.578479541,vr_world,11478,104641.569916291,0.008563709,1,0.146168000,-0.266774000,-0.497616000,0.094486810,0.847105486,-0.514812771,0.091936655,1,0.213105540,-0.109501445,-0.582516801,0.094486810,0.847105486,-0.514812771,0.091936655,11478,104641.569916291,0.008563709,1,0.217697000,0.047894900,-0.537362000,0.135486754,-0.319128668,0.937521394,0.029221035,1,0.208638131,-0.127186616,-0.610851000,0.135486754,-0.319128668,0.937521394,0.029221035
16.033475542,104641.590890958,vr_world,11479,104641.589227041,0.001664542,1,0.140796000,-0.267113000,-0.492999000,0.096816529,0.841189489,-0.523609251,0.094128402,1,0.211363870,-0.111770950,-0.578512087,0.096816529,0.841189489,-0.523609251,0.094128402,11479,104641.589227041,0.001664542,1,0.219100000,0.045301000,-0.533033000,0.135706252,-0.310896144,0.940332535,0.026497622,1,0.206959031,-0.129802335,-0.606023835,0.135706252,-0.310896144,0.940332535,0.026497622
16.043731417,104641.601146833,vr_world,11479,104641.589227041,0.011920125,1,0.140796000,-0.267113000,-0.492999000,0.096816529,0.841189489,-0.523609251,0.094128402,1,0.211363870,-0.111770950,-0.578512087,0.096816529,0.841189489,-0.523609251,0.094128402,11479,104641.589227041,0.011920125,1,0.219100000,0.045301000,-0.533033000,0.135706252,-0.310896144,0.940332535,0.026497622,1,0.206959031,-0.129802335,-0.606023835,0.135706252,-0.310896144,0.940332535,0.026497622
16.055760500,104641.613175916,vr_world,11480,104641.609333750,0.003842750,1,0.136080000,-0.268176000,-0.488644000,0.097905499,0.835760353,-0.531639140,0.096327415,1,0.210019239,-0.114519545,-0.574353611,0.097905499,0.835760353,-0.531639140,0.096327415,11480,104641.609333750,0.003842750,1,0.219292000,0.042751500,-0.528353000,0.138774736,-0.303498149,0.942273439,0.027408259,1,0.204837871,-0.131745588,-0.602366697,0.138774736,-0.303498149,0.942273439,0.027408259
16.068099709,104641.625515125,vr_world,11480,104641.609333750,0.016181791,1,0.136080000,-0.268176000,-0.488644000,0.097905499,0.835760353,-0.531639140,0.096327415,1,0.210019239,-0.114519545,-0.574353611,0.097905499,0.835760353,-0.531639140,0.096327415,11480,104641.609333750,0.016181791,1,0.219292000,0.042751500,-0.528353000,0.138774736,-0.303498149,0.942273439,0.027408259,1,0.204837871,-0.131745588,-0.602366697,0.138774736,-0.303498149,0.942273439,0.027408259
16.079097709,104641.636513125,vr_world,11481,104641.627818250,0.008695291,1,0.127412000,-0.269949000,-0.480037000,0.100116359,0.826318174,-0.545459464,0.098229132,1,0.206863037,-0.119259844,-0.566082394,0.100116359,0.826318174,-0.545459464,0.098229132,11481,104641.627818250,0.008695291,1,0.220222000,0.037471500,-0.520169000,0.141851324,-0.288157510,0.946718480,0.023823744,1,0.200493108,-0.136530040,-0.594131214,0.141851324,-0.288157510,0.946718480,0.023823744
16.091488834,104641.648904250,vr_world,11482,104641.647233416,0.001671292,1,0.122858000,-0.270297000,-0.474897000,0.106185213,0.821218652,-0.552260206,0.096608959,1,0.204447029,-0.121773865,-0.562689809,0.106185213,0.821218652,-0.552260206,0.096608959,11482,104641.647233416,0.001671292,1,0.220210000,0.034425100,-0.515371000,0.143465251,-0.280826781,0.948642556,0.025126507,1,0.198033983,-0.138867713,-0.590297981,0.143465251,-0.280826781,0.948642556,0.025126507
16.102905167,104641.660320583,vr_world,11482,104641.647233416,0.013087792,1,0.122858000,-0.270297000,-0.474897000,0.106185213,0.821218652,-0.552260206,0.096608959,1,0.204447029,-0.121773865,-0.562689809,0.106185213,0.821218652,-0.552260206,0.096608959,11482,104641.647233416,0.013087792,1,0.220210000,0.034425100,-0.515371000,0.143465251,-0.280826781,0.948642556,0.025126507,1,0.198033983,-0.138867713,-0.590297981,0.143465251,-0.280826781,0.948642556,0.025126507
16.115285209,104641.672700625,vr_world,11483,104641.666892333,0.005808833,1,0.112793000,-0.272110000,-0.466328000,0.112112317,0.810510174,-0.567096823,0.094367784,1,0.199485188,-0.127359568,-0.555519918,0.112112317,0.810510174,-0.567096823,0.094367784,11483,104641.666892333,0.005808833,1,0.220569000,0.028772800,-0.506850000,0.145940978,-0.265408804,0.952710469,0.024538961,1,0.193126777,-0.143391447,-0.582630113,0.145940978,-0.265408804,0.952710469,0.024538961
16.127113417,104641.684528833,vr_world,11483,104641.666892333,0.017637083,1,0.112793000,-0.272110000,-0.466328000,0.112112317,0.810510174,-0.567096823,0.094367784,1,0.199485188,-0.127359568,-0.555519918,0.112112317,0.810510174,-0.567096823,0.094367784,11483,104641.666892333,0.017637083,1,0.220569000,0.028772800,-0.506850000,0.145940978,-0.265408804,0.952710469,0.024538961,1,0.193126777,-0.143391447,-0.582630113,0.145940978,-0.265408804,0.952710469,0.024538961
16.139487459,104641.696902875,vr_world,11484,104641.686177416,0.010726042,1,0.107229000,-0.273273000,-0.462375000,0.112793382,0.806117057,-0.573393426,0.093128528,1,0.196120303,-0.129846798,-0.551541695,0.112793382,0.806117057,-0.573393426,0.093128528,11484,104641.686177416,0.010726042,1,0.220002000,0.025792300,-0.502654000,0.147151060,-0.256703575,0.954943844,0.023067194,1,0.189572949,-0.145823015,-0.578538500,0.147151060,-0.256703575,0.954943844,0.023067194
16.151097834,104641.708513250,vr_world,11485,104641.705373458,0.003140292,1,0.101321000,-0.275172000,-0.458333000,0.112570496,0.801688537,-0.579619436,0.093084281,1,0.192581006,-0.133053759,-0.547200702,0.112570496,0.801688537,-0.579619436,0.093084281,11485,104641.705373458,0.003140292,1,0.218770000,0.022476000,-0.498163000,0.148002497,-0.248672158,0.956988876,0.020729420,1,0.185547404,-0.148727870,-0.573804999,0.148002497,-0.248672158,0.956988876,0.020729420
16.162409500,104641.719824916,vr_world,11485,104641.705373458,0.014451792,1,0.101321000,-0.275172000,-0.458333000,0.112570496,0.801688537,-0.579619436,0.093084281,1,0.192581006,-0.133053759,-0.547200702,0.112570496,0.801688537,-0.579619436,0.093084281,11485,104641.705373458,0.014451792,1,0.218770000,0.022476000,-0.498163000,0.148002497,-0.248672158,0.956988876,0.020729420,1,0.185547404,-0.148727870,-0.573804999,0.148002497,-0.248672158,0.956988876,0.020729420
16.174809834,104641.732225250,vr_world,11486,104641.723921791,0.008304000,1,0.090964900,-0.278847000,-0.451039000,0.111026675,0.792805679,-0.592481735,0.089986814,1,0.186762308,-0.139088555,-0.538867780,0.111026675,0.792805679,-0.592481735,0.089986814,11486,104641.723921791,0.008304000,1,0.217425000,0.016252300,-0.489463000,0.149764910,-0.233689426,0.960538550,0.018039329,1,0.179088755,-0.153829968,-0.565216417,0.149764910,-0.233689426,0.960538550,0.018039329
16.187212084,104641.744627500,vr_world,11487,104641.743786916,0.000840875,1,0.084627200,-0.281545000,-0.448171000,0.105374451,0.788820478,-0.599240588,0.087001132,1,0.182893045,-0.142137417,-0.533802803,0.105374451,0.788820478,-0.599240588,0.087001132,11487,104641.743786916,0.000840875,1,0.216378000,0.012583100,-0.484932000,0.149262938,-0.226901760,0.962266523,0.016712415,1,0.175541891,-0.156997535,-0.560503640,0.149262938,-0.226901760,0.962266523,0.016712415
16.199571709,104641.756987125,vr_world,11487,104641.743786916,0.013200625,1,0.084627200,-0.281545000,-0.448171000,0.105374451,0.788820478,-0.599240588,0.087001132,1,0.182893045,-0.142137417,-0.533802803,0.105374451,0.788820478,-0.599240588,0.087001132,11487,104641.743786916,0.013200625,1,0.216378000,0.012583100,-0.484932000,0.149262938,-0.226901760,0.962266523,0.016712415,1,0.175541891,-0.156997535,-0.560503640,0.149262938,-0.226901760,0.962266523,0.016712415
16.210377959,104641.767793375,vr_world,11488,104641.763329291,0.004464625,1,0.078810300,-0.283708000,-0.445379000,0.100527893,0.784992064,-0.605219926,0.085967687,1,0.179456955,-0.144860430,-0.529135002,0.100527893,0.784992064,-0.605219926,0.085967687,11488,104641.763329291,0.004464625,1,0.214718000,0.008759780,-0.481209000,0.150113241,-0.219787720,0.963835696,0.013421063,1,0.171453037,-0.160464440,-0.556225744,0.150113241,-0.219787720,0.963835696,0.013421063
16.222794542,104641.780209958,vr_world,11488,104641.763329291,0.016881459,1,0.078810300,-0.283708000,-0.445379000,0.100527893,0.784992064,-0.605219926,0.085967687,1,0.179456955,-0.144860430,-0.529135002,0.100527893,0.784992064,-0.605219926,0.085967687,11488,104641.763329291,0.016881459,1,0.214718000,0.008759780,-0.481209000,0.150113241,-0.219787720,0.963835696,0.013421063,1,0.171453037,-0.160464440,-0.556225744,0.150113241,-0.219787720,0.963835696,0.013421063
16.235222000,104641.792637416,vr_world,11489,104641.782555000,0.010082875,1,0.068135900,-0.287940000,-0.438903000,0.100140354,0.777225716,-0.615344475,0.085107425,1,0.172486591,-0.151543681,-0.522152036,0.100140354,0.777225716,-0.615344475,0.085107425,11489,104641.782555000,0.010082875,1,0.211909000,0.001480170,-0.474318000,0.151010116,-0.206037651,0.966797802,0.006814713,1,0.163860190,-0.166999593,-0.548088523,0.151010116,-0.206037651,0.966797802,0.006814713
16.247630209,104641.805045625,vr_world,11490,104641.801497083,0.003549125,1,0.062462000,-0.290806000,-0.435757000,0.098275211,0.773621373,-0.620228499,0.084667371,1,0.168681788,-0.155357803,-0.518186189,0.098275211,0.773621373,-0.620228499,0.084667371,11490,104641.801497083,0.003549125,1,0.209652000,-0.003012730,-0.470851000,0.150300953,-0.200650912,0.968054319,0.004435210,1,0.159581472,-0.171162625,-0.544027437,0.150300953,-0.200650912,0.968054319,0.004435210
16.260022000,104641.817437416,vr_world,11490,104641.801497083,0.015940667,1,0.062462000,-0.290806000,-0.435757000,0.098275211,0.773621373,-0.620228499,0.084667371,1,0.168681788,-0.155357803,-0.518186189,0.098275211,0.773621373,-0.620228499,0.084667371,11490,104641.801497083,0.015940667,1,0.209652000,-0.003012730,-0.470851000,0.150300953,-0.200650912,0.968054319,0.004435210,1,0.159581472,-0.171162625,-0.544027437,0.150300953,-0.200650912,0.968054319,0.004435210
16.272421292,104641.829836708,vr_world,11491,104641.820843250,0.008993875,1,0.051241900,-0.295196000,-0.428985000,0.102574484,0.764423327,-0.630998561,0.083524057,1,0.161057574,-0.163316583,-0.512482007,0.102574484,0.764423327,-0.630998561,0.083524057,11491,104641.820843250,0.008993875,1,0.205228000,-0.011766400,-0.463484000,0.152444427,-0.190364065,0.969801075,0.002845094,1,0.151925227,-0.178761914,-0.537019912,0.152444427,-0.190364065,0.969801075,0.002845094
16.284851625,104641.842267041,vr_world,11492,104641.840490125,0.001777583,1,0.044818400,-0.298105000,-0.426374000,0.103096024,0.759999527,-0.635828062,0.086571386,1,0.156740527,-0.167999441,-0.509857072,0.103096024,0.759999527,-0.635828062,0.086571386,11492,104641.840490125,0.001777583,1,0.201497000,-0.016741200,-0.460484000,0.155812702,-0.185715561,0.970166547,0.003000439,1,0.147141835,-0.183023539,-0.534860711,0.155812702,-0.185715561,0.970166547,0.003000439
16.297267750,104641.854683166,vr_world,11492,104641.840490125,0.014193625,1,0.044818400,-0.298105000,-0.426374000,0.103096024,0.759999527,-0.635828062,0.086571386,1,0.156740527,-0.167999441,-0.509857072,0.103096024,0.759999527,-0.635828062,0.086571386,11492,104641.840490125,0.014193625,1,0.201497000,-0.016741200,-0.460484000,0.155812702,-0.185715561,0.970166547,0.003000439,1,0.147141835,-0.183023539,-0.534860711,0.155812702,-0.185715561,0.970166547,0.003000439
16.308034792,104641.865450208,vr_world,11493,104641.860479250,0.004971458,1,0.033687400,-0.303090000,-0.420612000,0.106715154,0.752620657,-0.643573386,0.089371810,1,0.148547269,-0.176164872,-0.504996173,0.106715154,0.752620657,-0.643573386,0.089371810,11493,104641.860479250,0.004971458,1,0.195005000,-0.025785600,-0.454838000,0.163537374,-0.176588528,0.970603538,-0.000889137,1,0.138690313,-0.191146603,-0.529809065,0.163537374,-0.176588528,0.970603538,-0.000889137
16.320466709,104641.877882125,vr_world,11493,104641.860479250,0.017404916,1,0.033687400,-0.303090000,-0.420612000,0.106715154,0.752620657,-0.643573386,0.089371810,1,0.148547269,-0.176164872,-0.504996173,0.106715154,0.752620657,-0.643573386,0.089371810,11493,104641.860479250,0.017404916,1,0.195005000,-0.025785600,-0.454838000,0.163537374,-0.176588528,0.970603538,-0.000889137,1,0.138690313,-0.191146603,-0.529809065,0.163537374,-0.176588528,0.970603538,-0.000889137
16.332888917,104641.890304333,vr_world,11494,104641.879523916,0.010781209,1,0.027047800,-0.306247000,-0.417428000,0.111402615,0.748037993,-0.647633986,0.092729927,1,0.143493116,-0.181714664,-0.503192716,0.111402615,0.748037993,-0.647633986,0.092729927,11494,104641.879523916,0.010781209,1,0.191459000,-0.031526300,-0.452361000,0.165804244,-0.173211096,0.970824206,-0.002689004,1,0.134324203,-0.196596764,-0.527351513,0.165804244,-0.173211096,0.970824206,-0.002689004
16.343713875,104641.901129291,vr_world,11495,104641.898938291,0.002191709,1,0.020378300,-0.309745000,-0.415042000,0.112077094,0.743128724,-0.652824374,0.094967163,1,0.138911948,-0.187174472,-0.500772276,0.112077094,0.743128724,-0.652824374,0.094967163,11495,104641.898938291,0.002191709,1,0.187664000,-0.036907000,-0.450104000,0.166039466,-0.169504701,0.971434818,-0.003666819,1,0.129300638,-0.201574766,-0.525033538,0.166039466,-0.169504701,0.971434818,-0.003666819
16.353778459,104641.911193875,vr_world,11495,104641.898938291,0.012256000,1,0.020378300,-0.309745000,-0.415042000,0.112077094,0.743128724,-0.652824374,0.094967163,1,0.138911948,-0.187174472,-0.500772276,0.112077094,0.743128724,-0.652824374,0.094967163,11495,104641.898938291,0.012256000,1,0.187664000,-0.036907000,-0.450104000,0.166039466,-0.169504701,0.971434818,-0.003666819,1,0.129300638,-0.201574766,-0.525033538,0.166039466,-0.169504701,0.971434818,-0.003666819
16.366183042,104641.923598458,vr_world,11496,104641.918359458,0.005239333,1,0.008260570,-0.316349000,-0.410642000,0.114232275,0.735859142,-0.660339944,0.097023032,1,0.129573780,-0.196773428,-0.496712983,0.114232275,0.735859142,-0.660339944,0.097023032,11496,104641.918359458,0.005239333,1,0.180516000,-0.046426300,-0.445957000,0.170556992,-0.160938425,0.972078332,-0.008535346,1,0.119890727,-0.210376670,-0.520663525,0.170556992,-0.160938425,0.972078332,-0.008535346
16.377769417,104641.935184833,vr_world,11496,104641.918359458,0.016825958,1,0.008260570,-0.316349000,-0.410642000,0.114232275,0.735859142,-0.660339944,0.097023032,1,0.129573780,-0.196773428,-0.496712983,0.114232275,0.735859142,-0.660339944,0.097023032,11496,104641.918359458,0.016825958,1,0.180516000,-0.046426300,-0.445957000,0.170556992,-0.160938425,0.972078332,-0.008535346,1,0.119890727,-0.210376670,-0.520663525,0.170556992,-0.160938425,0.972078332,-0.008535346
16.390184709,104641.947600125,vr_world,11497,104641.937204333,0.010396125,1,0.001759500,-0.320105000,-0.409150000,0.111896337,0.733607038,-0.662762102,0.100231326,1,0.124463825,-0.201254658,-0.494248190,0.111896337,0.733607038,-0.662762102,0.100231326,11497,104641.937204333,0.010396125,1,0.176663000,-0.052288800,-0.444439000,0.172911586,-0.156031491,0.972417726,-0.012630275,1,0.114671270,-0.215975470,-0.518600129,0.172911586,-0.156031491,0.972417726,-0.012630275
16.402604959,104641.960020375,vr_world,11498,104641.957211708,0.002809042,1,-0.004278020,-0.323469000,-0.406610000,0.115229151,0.730203264,-0.665647695,0.102169380,1,0.119464532,-0.206379039,-0.492640105,0.115229151,0.730203264,-0.665647695,0.102169380,11498,104641.957211708,0.002809042,1,0.173237000,-0.058045000,-0.442571000,0.173143638,-0.151318536,0.973111117,-0.013369182,1,0.109713180,-0.221106294,-0.516813554,0.173143638,-0.151318536,0.973111117,-0.013369182
16.414961875,104641.972377291,vr_world,11498,104641.957211708,0.015166042,1,-0.004278020,-0.323469000,-0.406610000,0.115229151,0.730203264,-0.665647695,0.102169380,1,0.119464532,-0.206379039,-0.492640105,0.115229151,0.730203264,-0.665647695,0.102169380,11498,104641.957211708,0.015166042,1,0.173237000,-0.058045000,-0.442571000,0.173143638,-0.151318536,0.973111117,-0.013369182,1,0.109713180,-0.221106294,-0.516813554,0.173143638,-0.151318536,0.973111117,-0.013369182
16.426789500,104641.984204916,vr_world,11499,104641.976415125,0.007790125,1,-0.016581400,-0.331297000,-0.402736000,0.117181246,0.723406754,-0.672667938,0.102318473,1,0.109491022,-0.216937820,-0.489056127,0.117181246,0.723406754,-0.672667938,0.102318473,11499,104641.976415125,0.007790125,1,0.166491000,-0.068586300,-0.439624000,0.171367511,-0.142259993,0.974722403,-0.017649564,1,0.099589139,-0.230785468,-0.512779906,0.171367511,-0.142259993,0.974722403,-0.017649564
16.439189084,104641.996604500,vr_world,11500,104641.995743875,0.000861166,1,-0.023360100,-0.335378000,-0.401522000,0.115616008,0.720285613,-0.676408250,0.101456656,1,0.103997608,-0.221924340,-0.487147421,0.115616008,0.720285613,-0.676408250,0.101456656,11500,104641.995743875,0.000861166,1,0.162505000,-0.074890400,-0.438634000,0.169563172,-0.137453217,0.975686337,-0.019776647,1,0.093689066,-0.236598159,-0.511098975,0.169563172,-0.137453217,0.975686337,-0.019776647
16.451598459,104642.009013875,vr_world,11500,104641.995743875,0.013270500,1,-0.023360100,-0.335378000,-0.401522000,0.115616008,0.720285613,-0.676408250,0.101456656,1,0.103997608,-0.221924340,-0.487147421,0.115616008,0.720285613,-0.676408250,0.101456656,11500,104641.995743875,0.013270500,1,0.162505000,-0.074890400,-0.438634000,0.169563172,-0.137453217,0.975686337,-0.019776647,1,0.093689066,-0.236598159,-0.511098975,0.169563172,-0.137453217,0.975686337,-0.019776647
16.464018584,104642.021434000,vr_world,11501,104642.015135208,0.006299333,1,-0.035467200,-0.343308000,-0.397934000,0.120079479,0.713623931,-0.682538190,0.102290870,1,0.093789234,-0.232912353,-0.484703829,0.120079479,0.713623931,-0.682538190,0.102290870,11501,104642.015135208,0.006299333,1,0.154917000,-0.086601800,-0.436268000,0.169552880,-0.127171953,0.976972487,-0.024573855,1,0.082640191,-0.247174177,-0.507883628,0.169552880,-0.127171953,0.976972487,-0.024573855
16.476442459,104642.033857875,vr_world,11501,104642.015135208,0.018723167,1,-0.035467200,-0.343308000,-0.397934000,0.120079479,0.713623931,-0.682538190,0.102290870,1,0.093789234,-0.232912353,-0.484703829,0.120079479,0.713623931,-0.682538190,0.102290870,11501,104642.015135208,0.018723167,1,0.154917000,-0.086601800,-0.436268000,0.169552880,-0.127171953,0.976972487,-0.024573855,1,0.082640191,-0.247174177,-0.507883628,0.169552880,-0.127171953,0.976972487,-0.024573855
16.488840500,104642.046255916,vr_world,11502,104642.034477000,0.011779250,1,-0.042319000,-0.347897000,-0.396511000,0.121419894,0.709918564,-0.686753861,0.098193565,1,0.087777441,-0.238783087,-0.483645962,0.121419894,0.709918564,-0.686753861,0.098193565,11502,104642.034477000,0.011779250,1,0.151316000,-0.093134900,-0.435222000,0.168540593,-0.122208524,0.977740810,-0.026116170,1,0.077247471,-0.253052155,-0.506471950,0.168540593,-0.122208524,0.977740810,-0.026116170
16.500357084,104642.057772500,vr_world,11503,104642.054543791,0.003229209,1,-0.049973200,-0.351970000,-0.394960000,0.122497013,0.705158318,-0.691518014,0.097719318,1,0.081592286,-0.244734968,-0.482221782,0.122497013,0.705158318,-0.691518014,0.097719318,11503,104642.054543791,0.003229209,1,0.147444000,-0.099951500,-0.434304000,0.164541583,-0.116584375,0.979102235,-0.026324222,1,0.070960840,-0.258953401,-0.505049550,0.164541583,-0.116584375,0.979102235,-0.026324222
16.512764584,104642.070180000,vr_world,11503,104642.054543791,0.015636625,1,-0.049973200,-0.351970000,-0.394960000,0.122497013,0.705158318,-0.691518014,0.097719318,1,0.081592286,-0.244734968,-0.482221782,0.122497013,0.705158318,-0.691518014,0.097719318,11503,104642.054543791,0.015636625,1,0.147444000,-0.099951500,-0.434304000,0.164541583,-0.116584375,0.979102235,-0.026324222,1,0.070960840,-0.258953401,-0.505049550,0.164541583,-0.116584375,0.979102235,-0.026324222
16.525216834,104642.082632250,vr_world,11504,104642.073393625,0.009239000,1,-0.063134100,-0.360016000,-0.392154000,0.122724141,0.697015878,-0.699802040,0.096874945,1,0.071067996,-0.255822436,-0.479084725,0.122724141,0.697015878,-0.699802040,0.096874945,11504,104642.073393625,0.009239000,1,0.139281000,-0.112122000,-0.432604000,0.161787961,-0.105398285,0.980684837,-0.031194680,1,0.058701768,-0.269686887,-0.502005123,0.161787961,-0.105398285,0.980684837,-0.031194680
16.537563042,104642.094978458,vr_world,11505,104642.093390125,0.001588625,1,-0.070224600,-0.363833000,-0.390474000,0.127064244,0.693001552,-0.703248907,0.095102582,1,0.064578947,-0.261553601,-0.478736969,0.127064244,0.693001552,-0.703248907,0.095102582,11505,104642.093390125,0.001588625,1,0.134470000,-0.119038000,-0.431063000,0.164251442,-0.099702799,0.980872474,-0.031144919,1,0.052514093,-0.275533186,-0.501268048,0.164251442,-0.099702799,0.980872474,-0.031144919
16.549948292,104642.107363708,vr_world,11505,104642.093390125,0.013973958,1,-0.070224600,-0.363833000,-0.390474000,0.127064244,0.693001552,-0.703248907,0.095102582,1,0.064578947,-0.261553601,-0.478736969,0.127064244,0.693001552,-0.703248907,0.095102582,11505,104642.093390125,0.013973958,1,0.134470000,-0.119038000,-0.431063000,0.164251442,-0.099702799,0.980872474,-0.031144919,1,0.052514093,-0.275533186,-0.501268048,0.164251442,-0.099702799,0.980872474,-0.031144919
16.561765750,104642.119181166,vr_world,11506,104642.112922208,0.006259375,1,-0.084081200,-0.371008000,-0.387948000,0.129945820,0.684200224,-0.711378039,0.094474454,1,0.053064250,-0.272376899,-0.476753760,0.129945820,0.684200224,-0.711378039,0.094474454,11506,104642.112922208,0.006259375,1,0.126348000,-0.131567000,-0.428577000,0.165188298,-0.087907366,0.981820298,-0.031843730,1,0.040909019,-0.285901229,-0.499410394,0.165188298,-0.087907366,0.981820298,-0.031843730
16.572435542,104642.129850958,vr_world,11506,104642.112922208,0.016929292,1,-0.084081200,-0.371008000,-0.387948000,0.129945820,0.684200224,-0.711378039,0.094474454,1,0.053064250,-0.272376899,-0.476753760,0.129945820,0.684200224,-0.711378039,0.094474454,11506,104642.112922208,0.016929292,1,0.126348000,-0.131567000,-0.428577000,0.165188298,-0.087907366,0.981820298,-0.031843730,1,0.040909019,-0.285901229,-0.499410394,0.165188298,-0.087907366,0.981820298,-0.031843730
16.583100250,104642.140515666,vr_world,11507,104642.132549333,0.007966833,1,-0.092129900,-0.374221000,-0.386942000,0.131594663,0.678756515,-0.716095372,0.095811569,1,0.046550328,-0.277959699,-0.475964313,0.131594663,0.678756515,-0.716095372,0.095811569,11507,104642.132549333,0.007966833,1,0.122104000,-0.137839000,-0.427762000,0.166081227,-0.081459949,0.982181967,-0.033164549,1,0.034811311,-0.291061569,-0.498748409,0.166081227,-0.081459949,0.982181967,-0.033164549
16.593742459,104642.151157875,vr_world,11507,104642.132549333,0.018608958,1,-0.092129900,-0.374221000,-0.386942000,0.131594663,0.678756515,-0.716095372,0.095811569,1,0.046550328,-0.277959699,-0.475964313,0.131594663,0.678756515,-0.716095372,0.095811569,11507,104642.132549333,0.018608958,1,0.122104000,-0.137839000,-0.427762000,0.166081227,-0.081459949,0.982181967,-0.033164549,1,0.034811311,-0.291061569,-0.498748409,0.166081227,-0.081459949,0.982181967,-0.033164549
16.606135709,104642.163551125,vr_world,11508,104642.152278625,0.011273041,1,-0.099482400,-0.377727000,-0.386144000,0.131228549,0.673775764,-0.720622723,0.097509891,1,0.040855451,-0.283457355,-0.474698734,0.131228549,0.673775764,-0.720622723,0.097509891,11508,104642.152278625,0.011273041,1,0.117756000,-0.144323000,-0.427100000,0.166553909,-0.074539109,0.982507298,-0.037190395,1,0.028315639,-0.296613501,-0.497415665,0.166553909,-0.074539109,0.982507298,-0.037190395
16.618544042,104642.175959458,vr_world,11509,104642.171533125,0.004426666,1,-0.113330000,-0.384200000,-0.384295000,0.133096070,0.664006870,-0.729310837,0.097396175,1,0.029542781,-0.293923652,-0.472957246,0.133096070,0.664006870,-0.729310837,0.097396175,11509,104642.171533125,0.004426666,1,0.109792000,-0.156446000,-0.425291000,0.168693005,-0.061783104,0.982886072,-0.040749078,1,0.016789277,-0.306519704,-0.495751174,0.168693005,-0.061783104,0.982886072,-0.040749078
16.630992542,104642.188407958,vr_world,11509,104642.171533125,0.016875291,1,-0.113330000,-0.384200000,-0.384295000,0.133096070,0.664006870,-0.729310837,0.097396175,1,0.029542781,-0.293923652,-0.472957246,0.133096070,0.664006870,-0.729310837,0.097396175,11509,104642.171533125,0.016875291,1,0.109792000,-0.156446000,-0.425291000,0.168693005,-0.061783104,0.982886072,-0.040749078,1,0.016789277,-0.306519704,-0.495751174,0.168693005,-0.061783104,0.982886072,-0.040749078
16.643328750,104642.200744166,vr_world,11510,104642.190858041,0.009886709,1,-0.120443000,-0.387147000,-0.383354000,0.133965356,0.658228926,-0.734446283,0.096832957,1,0.023859424,-0.299183133,-0.472025345,0.133965356,0.658228926,-0.734446283,0.096832957,11510,104642.190858041,0.009886709,1,0.106313000,-0.163027000,-0.424732000,0.168155905,-0.054957541,0.983268753,-0.043426033,1,0.011134697,-0.311954935,-0.494716436,0.168155905,-0.054957541,0.983268753,-0.043426033
16.655100250,104642.212515666,vr_world,11511,104642.210687083,0.001829542,1,-0.134169000,-0.392815000,-0.381287000,0.137235851,0.646367465,-0.744365101,0.096415851,1,0.012767068,-0.309839017,-0.470439543,0.137235851,0.646367465,-0.744365101,0.096415851,11511,104642.210687083,0.001829542,1,0.099404900,-0.175636000,-0.423042000,0.165248889,-0.040945634,0.984313457,-0.046295555,1,-0.000352510,-0.321828881,-0.492413151,0.165248889,-0.040945634,0.984313457,-0.046295555
16.667183834,104642.224599250,vr_world,11511,104642.210687083,0.013912750,1,-0.134169000,-0.392815000,-0.381287000,0.137235851,0.646367465,-0.744365101,0.096415851,1,0.012767068,-0.309839017,-0.470439543,0.137235851,0.646367465,-0.744365101,0.096415851,11511,104642.210687083,0.013912750,1,0.099404900,-0.175636000,-0.423042000,0.165248889,-0.040945634,0.984313457,-0.046295555,1,-0.000352510,-0.321828881,-0.492413151,0.165248889,-0.040945634,0.984313457,-0.046295555
16.679579667,104642.236995083,vr_world,11512,104642.229973541,0.007022125,1,-0.141493000,-0.396048000,-0.380676000,0.135701064,0.640585097,-0.749810956,0.094970966,1,0.007003003,-0.315078955,-0.469086470,0.135701064,0.640585097,-0.749810956,0.094970966,11512,104642.229973541,0.007022125,1,0.095276900,-0.182323000,-0.422028000,0.164022934,-0.033620825,0.984761614,-0.047017873,1,-0.006760365,-0.326956399,-0.491351747,0.164022934,-0.033620825,0.984761614,-0.047017873
16.691980834,104642.249396250,vr_world,11512,104642.229973541,0.019423209,1,-0.141493000,-0.396048000,-0.380676000,0.135701064,0.640585097,-0.749810956,0.094970966,1,0.007003003,-0.315078955,-0.469086470,0.135701064,0.640585097,-0.749810956,0.094970966,11512,104642.229973541,0.019423209,1,0.095276900,-0.182323000,-0.422028000,0.164022934,-0.033620825,0.984761614,-0.047017873,1,-0.006760365,-0.326956399,-0.491351747,0.164022934,-0.033620825,0.984761614,-0.047017873
16.704378459,104642.261793875,vr_world,11513,104642.250108875,0.011685333,1,-0.154987000,-0.401585000,-0.379083000,0.137525867,0.629392996,-0.759154468,0.092927861,1,-0.004217383,-0.325101495,-0.467639335,0.137525867,0.629392996,-0.759154468,0.092927861,11513,104642.250108875,0.011685333,1,0.087565900,-0.194604000,-0.420290000,0.164456935,-0.019691595,0.984918874,-0.050009699,1,-0.018376078,-0.336374094,-0.489671274,0.164456935,-0.019691595,0.984918874,-0.050009699
16.716442125,104642.273857541,vr_world,11514,104642.268930666,0.004927334,1,-0.162423000,-0.404653000,-0.378457000,0.138085494,0.624664685,-0.762981049,0.092662537,1,-0.010667853,-0.330089610,-0.466967519,0.138085494,0.624664685,-0.762981049,0.092662537,11514,104642.268930666,0.004927334,1,0.082984100,-0.201012000,-0.419428000,0.165327491,-0.012015312,0.984798504,-0.051907222,1,-0.024984390,-0.341190404,-0.488919194,0.165327491,-0.012015312,0.984798504,-0.051907222
16.727415209,104642.284830625,vr_world,11514,104642.268930666,0.015900292,1,-0.162423000,-0.404653000,-0.378457000,0.138085494,0.624664685,-0.762981049,0.092662537,1,-0.010667853,-0.330089610,-0.466967519,0.138085494,0.624664685,-0.762981049,0.092662537,11514,104642.268930666,0.015900292,1,0.082984100,-0.201012000,-0.419428000,0.165327491,-0.012015312,0.984798504,-0.051907222,1,-0.024984390,-0.341190404,-0.488919194,0.165327491,-0.012015312,0.984798504,-0.051907222
16.739783375,104642.297198791,vr_world,11515,104642.288947166,0.008251917,1,-0.169706000,-0.407888000,-0.377512000,0.137771144,0.619270660,-0.767580211,0.091343204,1,-0.016802875,-0.335344218,-0.465724686,0.137771144,0.619270660,-0.767580211,0.091343204,11515,104642.288947166,0.008251917,1,0.078937800,-0.207476000,-0.418617000,0.165189058,-0.005181580,0.984747177,-0.054394151,1,-0.030989232,-0.346280566,-0.487794810,0.165189058,-0.005181580,0.984747177,-0.054394151
16.751189375,104642.308604791,vr_world,11516,104642.308581583,0.000023917,1,-0.183705000,-0.412911000,-0.376139000,0.137325749,0.607387152,-0.777492635,0.087907271,1,-0.028477633,-0.344819348,-0.463839819,0.137325749,0.607387152,-0.777492635,0.087907271,11516,104642.308581583,0.000023917,1,0.071593600,-0.220100000,-0.416999000,0.162211642,0.009498794,0.985058743,-0.057065123,1,-0.042763734,-0.355554293,-0.485634018,0.162211642,0.009498794,0.985058743,-0.057065123
16.763575125,104642.320990541,vr_world,11516,104642.308581583,0.012409458,1,-0.183705000,-0.412911000,-0.376139000,0.137325749,0.607387152,-0.777492635,0.087907271,1,-0.028477633,-0.344819348,-0.463839819,0.137325749,0.607387152,-0.777492635,0.087907271,11516,104642.308581583,0.012409458,1,0.071593600,-0.220100000,-0.416999000,0.162211642,0.009498794,0.985058743,-0.057065123,1,-0.042763734,-0.355554293,-0.485634018,0.162211642,0.009498794,0.985058743,-0.057065123
16.775966834,104642.333382250,vr_world,11517,104642.328575250,0.004809083,1,-0.190856000,-0.415535000,-0.375776000,0.137399622,0.600860020,-0.782531356,0.087938947,1,-0.034326929,-0.350071928,-0.463164003,0.137399622,0.600860020,-0.782531356,0.087938947,11517,104642.328575250,0.004809083,1,0.067445700,-0.227010000,-0.416318000,0.161042984,0.018075537,0.985078483,-0.057955273,1,-0.049332178,-0.360390373,-0.484938915,0.161042984,0.018075537,0.985078483,-0.057955273
16.788376292,104642.345791708,vr_world,11517,104642.328575250,0.017216958,1,-0.190856000,-0.415535000,-0.375776000,0.137399622,0.600860020,-0.782531356,0.087938947,1,-0.034326929,-0.350071928,-0.463164003,0.137399622,0.600860020,-0.782531356,0.087938947,11517,104642.328575250,0.017216958,1,0.067445700,-0.227010000,-0.416318000,0.161042984,0.018075537,0.985078483,-0.057955273,1,-0.049332178,-0.360390373,-0.484938915,0.161042984,0.018075537,0.985078483,-0.057955273
16.800799459,104642.358214875,vr_world,11518,104642.348662916,0.009552584,1,-0.204050000,-0.420325000,-0.374714000,0.138216893,0.589092656,-0.791433370,0.086597657,1,-0.045509194,-0.359577810,-0.461880780,0.138216893,0.589092656,-0.791433370,0.086597657,11518,104642.348662916,0.009552584,1,0.059358400,-0.239062000,-0.414534000,0.162532203,0.032706944,0.984274276,-0.060972848,1,-0.060995551,-0.369020878,-0.483540035,0.162532203,0.032706944,0.984274276,-0.060972848
16.812776834,104642.370192250,vr_world,11519,104642.368584625,0.001608083,1,-0.211421000,-0.422491000,-0.374003000,0.139899853,0.582859095,-0.795862059,0.085480348,1,-0.052094148,-0.364338910,-0.461505772,0.139899853,0.582859095,-0.795862059,0.085480348,11519,104642.368584625,0.001608083,1,0.054470100,-0.245697000,-0.413117000,0.164177510,0.039774336,0.983767240,-0.060545555,1,-0.067341357,-0.373802230,-0.483026036,0.164177510,0.039774336,0.983767240,-0.060545555
16.823102125,104642.380517541,vr_world,11519,104642.368584625,0.011933416,1,-0.211421000,-0.422491000,-0.374003000,0.139899853,0.582859095,-0.795862059,0.085480348,1,-0.052094148,-0.364338910,-0.461505772,0.139899853,0.582859095,-0.795862059,0.085480348,11519,104642.368584625,0.011933416,1,0.054470100,-0.245697000,-0.413117000,0.164177510,0.039774336,0.983767240,-0.060545555,1,-0.067341357,-0.373802230,-0.483026036,0.164177510,0.039774336,0.983767240,-0.060545555
16.835525542,104642.392940958,vr_world,11520,104642.388297166,0.004644875,1,-0.225106000,-0.426540000,-0.373187000,0.139485917,0.570669310,-0.804674199,0.085904899,1,-0.063639811,-0.373300599,-0.459891743,0.139485917,0.570669310,-0.804674199,0.085904899,11520,104642.388297166,0.004644875,1,0.046093700,-0.257168000,-0.411794000,0.164791498,0.053833852,0.982729531,-0.064717439,1,-0.079186220,-0.381947996,-0.481587445,0.164791498,0.053833852,0.982729531,-0.064717439
16.847107542,104642.404522958,vr_world,11520,104642.388297166,0.016226959,1,-0.225106000,-0.426540000,-0.373187000,0.139485917,0.570669310,-0.804674199,0.085904899,1,-0.063639811,-0.373300599,-0.459891743,0.139485917,0.570669310,-0.804674199,0.085904899,11520,104642.388297166,0.016226959,1,0.046093700,-0.257168000,-0.411794000,0.164791498,0.053833852,0.982729531,-0.064717439,1,-0.079186220,-0.381947996,-0.481587445,0.164791498,0.053833852,0.982729531,-0.064717439
16.859524334,104642.416939750,vr_world,11521,104642.407730708,0.009209833,1,-0.232324000,-0.428761000,-0.372652000,0.140335359,0.563956271,-0.809133142,0.086964759,1,-0.069848269,-0.378399188,-0.459189811,0.140335359,0.563956271,-0.809133142,0.086964759,11521,104642.407730708,0.009209833,1,0.041712900,-0.263523000,-0.411558000,0.164849014,0.060097407,0.982100145,-0.068501157,1,-0.085206805,-0.386965244,-0.480765079,0.164849014,0.060097407,0.982100145,-0.068501157
16.871948334,104642.429363750,vr_world,11522,104642.427155125,0.002209166,1,-0.238956000,-0.431276000,-0.372101000,0.141452346,0.557646277,-0.813477068,0.085304886,1,-0.075824129,-0.383446173,-0.458840532,0.141452346,0.557646277,-0.813477068,0.085304886,11522,104642.427155125,0.002209166,1,0.037282900,-0.270103000,-0.410986000,0.164113075,0.067059335,0.981716294,-0.069304128,1,-0.091394666,-0.391692797,-0.480226510,0.164113075,0.067059335,0.981716294,-0.069304128
16.884358709,104642.441774125,vr_world,11522,104642.427155125,0.014619500,1,-0.238956000,-0.431276000,-0.372101000,0.141452346,0.557646277,-0.813477068,0.085304886,1,-0.075824129,-0.383446173,-0.458840532,0.141452346,0.557646277,-0.813477068,0.085304886,11522,104642.427155125,0.014619500,1,0.037282900,-0.270103000,-0.410986000,0.164113075,0.067059335,0.981716294,-0.069304128,1,-0.091394666,-0.391692797,-0.480226510,0.164113075,0.067059335,0.981716294,-0.069304128
16.896785375,104642.454200791,vr_world,11523,104642.446481000,0.007721541,1,-0.251788000,-0.435254000,-0.370878000,0.144338872,0.544979383,-0.821786345,0.082649651,1,-0.087521893,-0.392611803,-0.458180738,0.144338872,0.544979383,-0.821786345,0.082649651,11523,104642.446481000,0.007721541,1,0.028467400,-0.281974000,-0.409613000,0.163857867,0.080572341,0.980581890,-0.071539181,1,-0.103399212,-0.399992292,-0.479032498,0.163857867,0.080572341,0.980581890,-0.071539181
16.909199750,104642.466615166,vr_world,11524,104642.465593000,0.001022750,1,-0.258835000,-0.437679000,-0.370443000,0.145054193,0.539246682,-0.825632772,0.080640086,1,-0.094088805,-0.397259940,-0.457898490,0.145054193,0.539246682,-0.825632772,0.080640086,11524,104642.465593000,0.001022750,1,0.023614600,-0.288332000,-0.408971000,0.163277953,0.087155310,0.980089361,-0.071896498,1,-0.109802907,-0.404497968,-0.478551556,0.163277953,0.087155310,0.980089361,-0.071896498
16.921626834,104642.479042250,vr_world,11524,104642.465593000,0.013450166,1,-0.258835000,-0.437679000,-0.370443000,0.145054193,0.539246682,-0.825632772,0.080640086,1,-0.094088805,-0.397259940,-0.457898490,0.145054193,0.539246682,-0.825632772,0.080640086,11524,104642.465593000,0.013450166,1,0.023614600,-0.288332000,-0.408971000,0.163277953,0.087155310,0.980089361,-0.071896498,1,-0.109802907,-0.404497968,-0.478551556,0.163277953,0.087155310,0.980089361,-0.071896498
16.933018250,104642.490433666,vr_world,11525,104642.484829416,0.005604834,1,-0.265672000,-0.439788000,-0.369990000,0.145016415,0.533411380,-0.829462864,0.080211565,1,-0.100236469,-0.401689819,-0.457185531,0.145016415,0.533411380,-0.829462864,0.080211565,11525,104642.484829416,0.005604834,1,0.018839600,-0.294588000,-0.408686000,0.161695918,0.093887870,0.979636669,-0.073153907,1,-0.116334289,-0.408889104,-0.477964180,0.161695918,0.093887870,0.979636669,-0.073153907
16.945448375,104642.502863791,vr_world,11525,104642.484829416,0.018035000,1,-0.265672000,-0.439788000,-0.369990000,0.145016415,0.533411380,-0.829462864,0.080211565,1,-0.100236469,-0.401689819,-0.457185531,0.145016415,0.533411380,-0.829462864,0.080211565,11525,104642.484829416,0.018035000,1,0.018839600,-0.294588000,-0.408686000,0.161695918,0.093887870,0.979636669,-0.073153907,1,-0.116334289,-0.408889104,-0.477964180,0.161695918,0.093887870,0.979636669,-0.073153907
16.957880125,104642.515295541,vr_world,11526,104642.504044125,0.011252166,1,-0.278367000,-0.444599000,-0.368286000,0.148891522,0.522215442,-0.836328490,0.075345886,1,-0.112617455,-0.410968951,-0.456714326,0.148891522,0.522215442,-0.836328490,0.075345886,11526,104642.504044125,0.011252166,1,0.009334150,-0.306032000,-0.407757000,0.160500242,0.106196097,0.978465715,-0.074611702,1,-0.128682061,-0.416838970,-0.477108058,0.160500242,0.106196097,0.978465715,-0.074611702
16.970310125,104642.527725541,vr_world,11527,104642.522649041,0.005076917,1,-0.285440000,-0.446400000,-0.367933000,0.149002087,0.516427420,-0.840053766,0.073557919,1,-0.119237367,-0.414962437,-0.456317310,0.149002087,0.516427420,-0.840053766,0.073557919,11527,104642.522649041,0.005076917,1,0.004121030,-0.311972000,-0.407357000,0.160138332,0.111840656,0.977842200,-0.075312774,1,-0.135142679,-0.421161030,-0.476780314,0.160138332,0.111840656,0.977842200,-0.075312774
16.981980209,104642.539395625,vr_world,11527,104642.522649041,0.016747125,1,-0.285440000,-0.446400000,-0.367933000,0.149002087,0.516427420,-0.840053766,0.073557919,1,-0.119237367,-0.414962437,-0.456317310,0.149002087,0.516427420,-0.840053766,0.073557919,11527,104642.522649041,0.016747125,1,0.004121030,-0.311972000,-0.407357000,0.160138332,0.111840656,0.977842200,-0.075312774,1,-0.135142679,-0.421161030,-0.476780314,0.160138332,0.111840656,0.977842200,-0.075312774
16.993719834,104642.551135250,vr_world,11528,104642.542241875,0.008896041,1,-0.298336000,-0.449673000,-0.367087000,0.151637582,0.503690580,-0.847367343,0.072597726,1,-0.131400927,-0.423509986,-0.455809218,0.151637582,0.503690580,-0.847367343,0.072597726,11528,104642.542241875,0.008896041,1,-0.005084640,-0.323228000,-0.406726000,0.158735347,0.124731202,0.976284970,-0.078184874,1,-0.147279551,-0.428758447,-0.475864930,0.158735347,0.124731202,0.976284970,-0.078184874
17.006100125,104642.563515541,vr_world,11529,104642.561637000,0.001879791,1,-0.305252000,-0.451737000,-0.367242000,0.150766412,0.497264107,-0.851336947,0.072272393,1,-0.137655920,-0.428054989,-0.455413230,0.150766412,0.497264107,-0.851336947,0.072272393,11529,104642.561637000,0.001879791,1,-0.010036600,-0.329344000,-0.406708000,0.158595144,0.131122234,0.975278955,-0.080532603,1,-0.153612366,-0.433130672,-0.475632261,0.158595144,0.131122234,0.975278955,-0.080532603
17.018505084,104642.575920500,vr_world,11529,104642.561637000,0.014286083,1,-0.305252000,-0.451737000,-0.367242000,0.150766412,0.497264107,-0.851336947,0.072272393,1,-0.137655920,-0.428054989,-0.455413230,0.150766412,0.497264107,-0.851336947,0.072272393,11529,104642.561637000,0.014286083,1,-0.010036600,-0.329344000,-0.406708000,0.158595144,0.131122234,0.975278955,-0.080532603,1,-0.153612366,-0.433130672,-0.475632261,0.158595144,0.131122234,0.975278955,-0.080532603
17.030856292,104642.588271708,vr_world,11530,104642.581988083,0.006284625,1,-0.311731000,-0.454037000,-0.366911000,0.152732115,0.491632292,-0.854327500,0.071380060,1,-0.144062389,-0.432704187,-0.455542738,0.152732115,0.491632292,-0.854327500,0.071380060,11530,104642.581988083,0.006284625,1,-0.015027200,-0.335798000,-0.406575000,0.157783114,0.137646926,0.974476665,-0.080950867,1,-0.159986679,-0.437587978,-0.475580738,0.157783114,0.137646926,0.974476665,-0.080950867
17.043275084,104642.600690500,vr_world,11530,104642.581988083,0.018703042,1,-0.311731000,-0.454037000,-0.366911000,0.152732115,0.491632292,-0.854327500,0.071380060,1,-0.144062389,-0.432704187,-0.455542738,0.152732115,0.491632292,-0.854327500,0.071380060,11530,104642.581988083,0.018703042,1,-0.015027200,-0.335798000,-0.406575000,0.157783114,0.137646926,0.974476665,-0.080950867,1,-0.159986679,-0.437587978,-0.475580738,0.157783114,0.137646926,0.974476665,-0.080950867
17.055651917,104642.613067333,vr_world,11531,104642.601352625,0.011717333,1,-0.324136000,-0.457991000,-0.365995000,0.156338099,0.480127761,-0.860465321,0.068082035,1,-0.156474359,-0.441270435,-0.455624287,0.156338099,0.480127761,-0.860465321,0.068082035,11531,104642.601352625,0.011717333,1,-0.024885700,-0.347114000,-0.406098000,0.156731174,0.150215915,0.972754658,-0.081356577,1,-0.172339172,-0.444988744,-0.475482814,0.156731174,0.150215915,0.972754658,-0.081356577
17.065771917,104642.623187333,vr_world,11532,104642.620422958,0.002764958,1,-0.330942000,-0.460229000,-0.365951000,0.156588733,0.475229460,-0.863312312,0.065793475,1,-0.163187717,-0.445277456,-0.455719595,0.156588733,0.475229460,-0.863312312,0.065793475,11532,104642.620422958,0.002764958,1,-0.030223600,-0.353198000,-0.405976000,0.154984451,0.156322304,0.972079944,-0.081263392,1,-0.179022422,-0.449071014,-0.475283270,0.154984451,0.156322304,0.972079944,-0.081263392
17.078207709,104642.635623125,vr_world,11532,104642.620422958,0.015202333,1,-0.330942000,-0.460229000,-0.365951000,0.156588733,0.475229460,-0.863312312,0.065793475,1,-0.163187717,-0.445277456,-0.455719595,0.156588733,0.475229460,-0.863312312,0.065793475,11532,104642.620422958,0.015202333,1,-0.030223600,-0.353198000,-0.405976000,0.154984451,0.156322304,0.972079944,-0.081263392,1,-0.179022422,-0.449071014,-0.475283270,0.154984451,0.156322304,0.972079944,-0.081263392
17.090647834,104642.648063250,vr_world,11533,104642.639817625,0.008247416,1,-0.343625000,-0.464015000,-0.365861000,0.156807844,0.463956771,-0.869639088,0.062315900,1,-0.175548424,-0.453251333,-0.455626488,0.156807844,0.463956771,-0.869639088,0.062315900,11533,104642.639817625,0.008247416,1,-0.039934200,-0.364419000,-0.405562000,0.153582853,0.168709829,0.970236761,-0.081178371,1,-0.191074724,-0.456275244,-0.475241222,0.153582853,0.168709829,0.970236761,-0.081178371
17.103060000,104642.660475416,vr_world,11534,104642.658481208,0.001994708,1,-0.350537000,-0.466307000,-0.366115000,0.156899643,0.458598537,-0.872492388,0.061862084,1,-0.182254522,-0.457637529,-0.455721318,0.156899643,0.458598537,-0.872492388,0.061862084,11534,104642.658481208,0.001994708,1,-0.045258400,-0.370264000,-0.405701000,0.152013172,0.174812853,0.969333822,-0.082002457,1,-0.197691940,-0.460153527,-0.475127958,0.152013172,0.174812853,0.969333822,-0.082002457
17.113289417,104642.670704833,vr_world,11534,104642.658481208,0.012224083,1,-0.350537000,-0.466307000,-0.366115000,0.156899643,0.458598537,-0.872492388,0.061862084,1,-0.182254522,-0.457637529,-0.455721318,0.156899643,0.458598537,-0.872492388,0.061862084,11534,104642.658481208,0.012224083,1,-0.045258400,-0.370264000,-0.405701000,0.152013172,0.174812853,0.969333822,-0.082002457,1,-0.197691940,-0.460153527,-0.475127958,0.152013172,0.174812853,0.969333822,-0.082002457
17.125707334,104642.683122750,vr_world,11535,104642.677739166,0.005385250,1,-0.357068000,-0.468576000,-0.366244000,0.156771671,0.454032639,-0.875071992,0.059380257,1,-0.188758895,-0.461475142,-0.455938293,0.156771671,0.454032639,-0.875071992,0.059380257,11535,104642.677739166,0.005385250,1,-0.051066900,-0.375916000,-0.405520000,0.153060302,0.180669117,0.968069249,-0.082299107,1,-0.204314731,-0.463971086,-0.475503255,0.153060302,0.180669117,0.968069249,-0.082299107
17.138122750,104642.695538166,vr_world,11535,104642.677739166,0.017799375,1,-0.357068000,-0.468576000,-0.366244000,0.156771671,0.454032639,-0.875071992,0.059380257,1,-0.188758895,-0.461475142,-0.455938293,0.156771671,0.454032639,-0.875071992,0.059380257,11535,104642.677739166,0.017799375,1,-0.051066900,-0.375916000,-0.405520000,0.153060302,0.180669117,0.968069249,-0.082299107,1,-0.204314731,-0.463971086,-0.475503255,0.153060302,0.180669117,0.968069249,-0.082299107
17.150572042,104642.707987458,vr_world,11536,104642.697729333,0.010259875,1,-0.369944000,-0.472250000,-0.366335000,0.158003535,0.443038421,-0.880717575,0.055573317,1,-0.201732840,-0.469226214,-0.456442189,0.158003535,0.443038421,-0.880717575,0.055573317,11536,104642.697729333,0.010259875,1,-0.061528000,-0.387151000,-0.405487000,0.151458312,0.192683524,0.965907506,-0.083403414,1,-0.216957835,-0.471278795,-0.475489004,0.151458312,0.192683524,0.965907506,-0.083403414
17.162988875,104642.720404291,vr_world,11537,104642.717601541,0.002803250,1,-0.377194000,-0.474599000,-0.366716000,0.156863350,0.437347702,-0.883842395,0.054254008,1,-0.208735446,-0.473608312,-0.456405540,0.156863350,0.437347702,-0.883842395,0.054254008,11537,104642.717601541,0.002803250,1,-0.067328800,-0.392925000,-0.405474000,0.150344705,0.198288069,0.964945854,-0.083413489,1,-0.223770798,-0.475140922,-0.475493109,0.150344705,0.198288069,0.964945854,-0.083413489
17.175100584,104642.732516000,vr_world,11537,104642.717601541,0.014914875,1,-0.377194000,-0.474599000,-0.366716000,0.156863350,0.437347702,-0.883842395,0.054254008,1,-0.208735446,-0.473608312,-0.456405540,0.156863350,0.437347702,-0.883842395,0.054254008,11537,104642.717601541,0.014914875,1,-0.067328800,-0.392925000,-0.405474000,0.150344705,0.198288069,0.964945854,-0.083413489,1,-0.223770798,-0.475140922,-0.475493109,0.150344705,0.198288069,0.964945854,-0.083413489
17.187510584,104642.744926000,vr_world,11538,104642.737195375,0.007732000,1,-0.390287000,-0.478521000,-0.367303000,0.155078415,0.426762237,-0.889467598,0.051692065,1,-0.221508210,-0.481316241,-0.456350021,0.155078415,0.426762237,-0.889467598,0.051692065,11538,104642.737195375,0.007732000,1,-0.078283100,-0.403531000,-0.405392000,0.148814740,0.209745431,0.962560917,-0.085659256,1,-0.236737519,-0.482017391,-0.475165210,0.148814740,0.209745431,0.962560917,-0.085659256
17.199909042,104642.757324458,vr_world,11539,104642.756118625,0.001206583,1,-0.396991000,-0.480620000,-0.367530000,0.154982238,0.422155958,-0.891751946,0.050431331,1,-0.228225564,-0.485090801,-0.456533950,0.154982238,0.422155958,-0.891751946,0.050431331,11539,104642.756118625,0.001206583,1,-0.084199900,-0.408974000,-0.405076000,0.149904788,0.214966304,0.961251760,-0.085516640,1,-0.243218058,-0.485733737,-0.475484668,0.149904788,0.214966304,0.961251760,-0.085516640
17.210401125,104642.767816541,vr_world,11539,104642.756118625,0.011700666,1,-0.396991000,-0.480620000,-0.367530000,0.154982238,0.422155958,-0.891751946,0.050431331,1,-0.228225564,-0.485090801,-0.456533950,0.154982238,0.422155958,-0.891751946,0.050431331,11539,104642.756118625,0.011700666,1,-0.084199900,-0.408974000,-0.405076000,0.149904788,0.214966304,0.961251760,-0.085516640,1,-0.243218058,-0.485733737,-0.475484668,0.149904788,0.214966304,0.961251760,-0.085516640
17.222804334,104642.780219750,vr_world,11540,104642.776168958,0.004051333,1,-0.403884000,-0.482646000,-0.367664000,0.154765121,0.416985995,-0.894288899,0.049171156,1,-0.235125944,-0.489000220,-0.456567289,0.154765121,0.416985995,-0.894288899,0.049171156,11540,104642.776168958,0.004051333,1,-0.090277900,-0.414612000,-0.404861000,0.148792487,0.220239479,0.960243283,-0.085370987,1,-0.250170217,-0.489510135,-0.475294980,0.148792487,0.220239479,0.960243283,-0.085370987
17.235229209,104642.792644625,vr_world,11540,104642.776168958,0.016476042,1,-0.403884000,-0.482646000,-0.367664000,0.154765121,0.416985995,-0.894288899,0.049171156,1,-0.235125944,-0.489000220,-0.456567289,0.154765121,0.416985995,-0.894288899,0.049171156,11540,104642.776168958,0.016476042,1,-0.090277900,-0.414612000,-0.404861000,0.148792487,0.220239479,0.960243283,-0.085370987,1,-0.250170217,-0.489510135,-0.475294980,0.148792487,0.220239479,0.960243283,-0.085370987
17.247614000,104642.805029416,vr_world,11541,104642.795203250,0.009826583,1,-0.416932000,-0.486446000,-0.367878000,0.154017676,0.406505031,-0.899411294,0.045733355,1,-0.248274325,-0.496492735,-0.456631076,0.154017676,0.406505031,-0.899411294,0.045733355,11541,104642.795203250,0.009826583,1,-0.101352000,-0.424856000,-0.404914000,0.147308777,0.230348377,0.958102760,-0.085316181,1,-0.262783022,-0.496205473,-0.475522479,0.147308777,0.230348377,0.958102760,-0.085316181
17.259975292,104642.817390708,vr_world,11542,104642.814939500,0.002451500,1,-0.423808000,-0.488315000,-0.367794000,0.154607714,0.402290669,-0.901283903,0.044113468,1,-0.255380456,-0.499873135,-0.456799930,0.154607714,0.402290669,-0.901283903,0.044113468,11542,104642.814939500,0.002451500,1,-0.107709000,-0.429856000,-0.405282000,0.145375673,0.235549375,0.956958327,-0.087253461,1,-0.270179976,-0.499464445,-0.475239689,0.145375673,0.235549375,0.956958327,-0.087253461
17.272200667,104642.829616083,vr_world,11542,104642.814939500,0.014677000,1,-0.423808000,-0.488315000,-0.367794000,0.154607714,0.402290669,-0.901283903,0.044113468,1,-0.255380456,-0.499873135,-0.456799930,0.154607714,0.402290669,-0.901283903,0.044113468,11542,104642.814939500,0.014677000,1,-0.107709000,-0.429856000,-0.405282000,0.145375673,0.235549375,0.956958327,-0.087253461,1,-0.270179976,-0.499464445,-0.475239689,0.145375673,0.235549375,0.956958327,-0.087253461
17.284577459,104642.841992875,vr_world,11543,104642.834277666,0.007715709,1,-0.436445000,-0.492074000,-0.367905000,0.154621229,0.393746747,-0.905187579,0.041124477,1,-0.268313426,-0.506633963,-0.457029979,0.154621229,0.393746747,-0.905187579,0.041124477,11543,104642.834277666,0.007715709,1,-0.119244000,-0.439510000,-0.405048000,0.143949037,0.245267428,0.954624231,-0.088403285,1,-0.283155424,-0.505746263,-0.474919588,0.143949037,0.245267428,0.954624231,-0.088403285
17.296985334,104642.854400750,vr_world,11544,104642.853234208,0.001166958,1,-0.443455000,-0.494128000,-0.368022000,0.155281568,0.389713614,-0.906889536,0.039525977,1,-0.275606357,-0.510118762,-0.457434437,0.155281568,0.389713614,-0.906889536,0.039525977,11544,104642.853234208,0.001166958,1,-0.125594000,-0.444599000,-0.404756000,0.144326706,0.249811046,0.953520477,-0.086965182,1,-0.289897902,-0.509143702,-0.475285969,0.144326706,0.249811046,0.953520477,-0.086965182
17.309413459,104642.866828875,vr_world,11544,104642.853234208,0.013595167,1,-0.443455000,-0.494128000,-0.368022000,0.155281568,0.389713614,-0.906889536,0.039525977,1,-0.275606357,-0.510118762,-0.457434437,0.155281568,0.389713614,-0.906889536,0.039525977,11544,104642.853234208,0.013595167,1,-0.125594000,-0.444599000,-0.404756000,0.144326706,0.249811046,0.953520477,-0.086965182,1,-0.289897902,-0.509143702,-0.475285969,0.144326706,0.249811046,0.953520477,-0.086965182
17.321851000,104642.879266416,vr_world,11545,104642.872725041,0.006543875,1,-0.450423000,-0.496246000,-0.368184000,0.154500343,0.386034592,-0.908602937,0.039340057,1,-0.282520772,-0.513586072,-0.457243706,0.154500343,0.386034592,-0.908602937,0.039340057,11545,104642.872725041,0.006543875,1,-0.131864000,-0.449470000,-0.405205000,0.143097654,0.254344878,0.952427899,-0.087822782,1,-0.296900699,-0.512418214,-0.475466391,0.143097654,0.254344878,0.952427899,-0.087822782
17.334277209,104642.891692625,vr_world,11545,104642.872725041,0.018967917,1,-0.450423000,-0.496246000,-0.368184000,0.154500343,0.386034592,-0.908602937,0.039340057,1,-0.282520772,-0.513586072,-0.457243706,0.154500343,0.386034592,-0.908602937,0.039340057,11545,104642.872725041,0.018967917,1,-0.131864000,-0.449470000,-0.405205000,0.143097654,0.254344878,0.952427899,-0.087822782,1,-0.296900699,-0.512418214,-0.475466391,0.143097654,0.254344878,0.952427899,-0.087822782
17.346687542,104642.904102958,vr_world,11546,104642.892171958,0.011931500,1,-0.462916000,-0.500230000,-0.367791000,0.155142997,0.378271587,-0.911924951,0.035130336,1,-0.295598087,-0.520142804,-0.457410269,0.155142997,0.378271587,-0.911924951,0.035130336,11546,104642.892171958,0.011931500,1,-0.143544000,-0.458999000,-0.405439000,0.140544656,0.263214341,0.950365185,-0.088155690,1,-0.309916508,-0.518684385,-0.475396580,0.140544656,0.263214341,0.950365185,-0.088155690
17.359053167,104642.916468583,vr_world,11547,104642.911137125,0.005332000,1,-0.469750000,-0.502241000,-0.367670000,0.155196641,0.373911133,-0.913774568,0.033473955,1,-0.302678130,-0.523646385,-0.457404287,0.155196641,0.373911133,-0.913774568,0.033473955,11547,104642.911137125,0.005332000,1,-0.149974000,-0.464143000,-0.405752000,0.138412877,0.267261673,0.949620867,-0.087368661,1,-0.317021102,-0.522201578,-0.475470382,0.138412877,0.267261673,0.949620867,-0.087368661
17.371460125,104642.928875541,vr_world,11547,104642.911137125,0.017738791,1,-0.469750000,-0.502241000,-0.367670000,0.155196641,0.373911133,-0.913774568,0.033473955,1,-0.302678130,-0.523646385,-0.457404287,0.155196641,0.373911133,-0.913774568,0.033473955,11547,104642.911137125,0.017738791,1,-0.149974000,-0.464143000,-0.405752000,0.138412877,0.267261673,0.949620867,-0.087368661,1,-0.317021102,-0.522201578,-0.475470382,0.138412877,0.267261673,0.949620867,-0.087368661
17.383863459,104642.941278875,vr_world,11548,104642.930839250,0.010439916,1,-0.482469000,-0.506352000,-0.367762000,0.156207836,0.366038738,-0.916899930,0.030154153,1,-0.316057570,-0.530452400,-0.458038764,0.156207836,0.366038738,-0.916899930,0.030154153,11548,104642.930839250,0.010439916,1,-0.161846000,-0.473714000,-0.406434000,0.135891618,0.276379121,0.947260370,-0.088576751,1,-0.330206178,-0.528446079,-0.475683525,0.135891618,0.276379121,0.947260370,-0.088576751
17.396273125,104642.953688541,vr_world,11549,104642.950552291,0.003137209,1,-0.489508000,-0.508641000,-0.368076000,0.155878021,0.362377371,-0.918402427,0.030358942,1,-0.323158208,-0.534134560,-0.458082901,0.155878021,0.362377371,-0.918402427,0.030358942,11549,104642.950552291,0.003137209,1,-0.168601000,-0.478847000,-0.406556000,0.135589455,0.280684761,0.945943652,-0.089566582,1,-0.337458174,-0.532079965,-0.475764103,0.135589455,0.280684761,0.945943652,-0.089566582
17.408058625,104642.965474041,vr_world,11549,104642.950552291,0.014922209,1,-0.489508000,-0.508641000,-0.368076000,0.155878021,0.362377371,-0.918402427,0.030358942,1,-0.323158208,-0.534134560,-0.458082901,0.155878021,0.362377371,-0.918402427,0.030358942,11549,104642.950552291,0.014922209,1,-0.168601000,-0.478847000,-0.406556000,0.135589455,0.280684761,0.945943652,-0.089566582,1,-0.337458174,-0.532079965,-0.475764103,0.135589455,0.280684761,0.945943652,-0.089566582
17.420455875,104642.977871291,vr_world,11550,104642.970401083,0.007470917,1,-0.496158000,-0.510815000,-0.368019000,0.156413936,0.358027687,-0.920092251,0.027948257,1,-0.330245097,-0.537718267,-0.458421285,0.156413936,0.358027687,-0.920092251,0.027948257,11550,104642.970401083,0.007470917,1,-0.175235000,-0.483935000,-0.406776000,0.135105043,0.284889912,0.944800183,-0.089089724,1,-0.344512027,-0.535575236,-0.476164729,0.135105043,0.284889912,0.944800183,-0.089089724
17.430755125,104642.988170541,vr_world,11550,104642.970401083,0.017770042,1,-0.496158000,-0.510815000,-0.368019000,0.156413936,0.358027687,-0.920092251,0.027948257,1,-0.330245097,-0.537718267,-0.458421285,0.156413936,0.358027687,-0.920092251,0.027948257,11550,104642.970401083,0.017770042,1,-0.175235000,-0.483935000,-0.406776000,0.135105043,0.284889912,0.944800183,-0.089089724,1,-0.344512027,-0.535575236,-0.476164729,0.135105043,0.284889912,0.944800183,-0.089089724
17.443162292,104643.000577708,vr_world,11551,104642.990181208,0.010397042,1,-0.509032000,-0.514608000,-0.368170000,0.158108119,0.349342181,-0.923241499,0.024228029,1,-0.344063759,-0.544456188,-0.459373259,0.158108119,0.349342181,-0.923241499,0.024228029,11551,104642.990181208,0.010397042,1,-0.187850000,-0.493704000,-0.407559000,0.133646007,0.293294427,0.942364414,-0.089813339,1,-0.358085132,-0.542245141,-0.476840862,0.133646007,0.293294427,0.942364414,-0.089813339
17.455109000,104643.012524416,vr_world,11552,104643.010480166,0.002044625,1,-0.515693000,-0.516518000,-0.368513000,0.159716129,0.344410898,-0.924800078,0.024833582,1,-0.351201452,-0.548366964,-0.459900180,0.159716129,0.344410898,-0.924800078,0.024833582,11552,104643.010480166,0.002044625,1,-0.194596000,-0.499043000,-0.407794000,0.134061659,0.297841610,0.940893366,-0.089652225,1,-0.365130547,-0.545926644,-0.477479912,0.134061659,0.297841610,0.940893366,-0.089652225
17.467515334,104643.024930750,vr_world,11552,104643.010480166,0.014451042,1,-0.515693000,-0.516518000,-0.368513000,0.159716129,0.344410898,-0.924800078,0.024833582,1,-0.351201452,-0.548366964,-0.459900180,0.159716129,0.344410898,-0.924800078,0.024833582,11552,104643.010480166,0.014451042,1,-0.194596000,-0.499043000,-0.407794000,0.134061659,0.297841610,0.940893366,-0.089652225,1,-0.365130547,-0.545926644,-0.477479912,0.134061659,0.297841610,0.940893366,-0.089652225
17.479109209,104643.036524625,vr_world,11553,104643.030423125,0.006102083,1,-0.528365000,-0.520770000,-0.369050000,0.161172505,0.334849584,-0.928120364,0.022175893,1,-0.364847583,-0.555951955,-0.460961688,0.161172505,0.334849584,-0.928120364,0.022175893,11553,104643.030423125,0.006102083,1,-0.207106000,-0.508940000,-0.408449000,0.132959651,0.306735802,0.938235657,-0.089155656,1,-0.378434447,-0.552436713,-0.478383538,0.132959651,0.306735802,0.938235657,-0.089155656
17.491516667,104643.048932083,vr_world,11553,104643.030423125,0.018509375,1,-0.528365000,-0.520770000,-0.369050000,0.161172505,0.334849584,-0.928120364,0.022175893,1,-0.364847583,-0.555951955,-0.460961688,0.161172505,0.334849584,-0.928120364,0.022175893,11553,104643.030423125,0.018509375,1,-0.207106000,-0.508940000,-0.408449000,0.132959651,0.306735802,0.938235657,-0.089155656,1,-0.378434447,-0.552436713,-0.478383538,0.132959651,0.306735802,0.938235657,-0.089155656
17.503933500,104643.061348916,vr_world,11554,104643.050638500,0.010710958,1,-0.535951000,-0.522846000,-0.369427000,0.160386460,0.330496832,-0.929872655,0.019618168,1,-0.372747066,-0.559305490,-0.461397863,0.160386460,0.330496832,-0.929872655,0.019618168,11554,104643.050638500,0.010710958,1,-0.214175000,-0.514311000,-0.409408000,0.131284426,0.311095379,0.936925699,-0.090301159,1,-0.386102247,-0.556175950,-0.478867172,0.131284426,0.311095379,0.936925699,-0.090301159
17.516334417,104643.073749833,vr_world,11555,104643.070223583,0.003526625,1,-0.549454000,-0.527220000,-0.370300000,0.159964706,0.322721515,-0.932719549,0.017215111,1,-0.386857174,-0.566246969,-0.462292663,0.159964706,0.322721515,-0.932719549,0.017215111,11555,104643.070223583,0.003526625,1,-0.227048000,-0.524304000,-0.410663000,0.126794207,0.320531163,0.934279665,-0.091129083,1,-0.400239842,-0.562432567,-0.479124911,0.126794207,0.320531163,0.934279665,-0.091129083
17.527067709,104643.084483125,vr_world,11555,104643.070223583,0.014259833,1,-0.549454000,-0.527220000,-0.370300000,0.159964706,0.322721515,-0.932719549,0.017215111,1,-0.386857174,-0.566246969,-0.462292663,0.159964706,0.322721515,-0.932719549,0.017215111,11555,104643.070223583,0.014259833,1,-0.227048000,-0.524304000,-0.410663000,0.126794207,0.320531163,0.934279665,-0.091129083,1,-0.400239842,-0.562432567,-0.479124911,0.126794207,0.320531163,0.934279665,-0.091129083
17.537791334,104643.095206750,vr_world,11556,104643.091126500,0.004080666,1,-0.556409000,-0.530234000,-0.370864000,0.158580667,0.319081578,-0.934256397,0.014286496,1,-0.394034391,-0.570187529,-0.462851105,0.158580667,0.319081578,-0.934256397,0.014286496,11556,104643.091126500,0.004080666,1,-0.234598000,-0.530060000,-0.411075000,0.127456138,0.324562111,0.932977701,-0.089257937,1,-0.407838837,-0.566576737,-0.480287336,0.127456138,0.324562111,0.932977701,-0.089257937
17.549724459,104643.107139875,vr_world,11556,104643.091126500,0.016013916,1,-0.556409000,-0.530234000,-0.370864000,0.158580667,0.319081578,-0.934256397,0.014286496,1,-0.394034391,-0.570187529,-0.462851105,0.158580667,0.319081578,-0.934256397,0.014286496,11556,104643.091126500,0.016013916,1,-0.234598000,-0.530060000,-0.411075000,0.127456138,0.324562111,0.932977701,-0.089257937,1,-0.407838837,-0.566576737,-0.480287336,0.127456138,0.324562111,0.932977701,-0.089257937
17.560385459,104643.117800875,vr_world,11557,104643.111162458,0.006639125,1,-0.569464000,-0.534326000,-0.371690000,0.162618365,0.309381982,-0.936896118,0.007982503,1,-0.408969577,-0.577242422,-0.465621672,0.162618365,0.309381982,-0.936896118,0.007982503,11557,104643.111162458,0.006639125,1,-0.248256000,-0.540535000,-0.412415000,0.126210856,0.333596598,0.930167306,-0.087022488,1,-0.422031870,-0.573399447,-0.482115322,0.126210856,0.333596598,0.930167306,-0.087022488
17.572773792,104643.130189208,vr_world,11557,104643.111162458,0.019028500,1,-0.569464000,-0.534326000,-0.371690000,0.162618365,0.309381982,-0.936896118,0.007982503,1,-0.408969577,-0.577242422,-0.465621672,0.162618365,0.309381982,-0.936896118,0.007982503,11557,104643.111162458,0.019028500,1,-0.248256000,-0.540535000,-0.412415000,0.126210856,0.333596598,0.930167306,-0.087022488,1,-0.422031870,-0.573399447,-0.482115322,0.126210856,0.333596598,0.930167306,-0.087022488
17.583962292,104643.141377708,vr_world,11558,104643.131003958,0.010375000,1,-0.576763000,-0.536360000,-0.372381000,0.163073108,0.304679188,-0.938346293,0.009164556,1,-0.416637916,-0.581147943,-0.466068912,0.163073108,0.304679188,-0.938346293,0.009164556,11558,104643.131003958,0.010375000,1,-0.255957000,-0.545667000,-0.413433000,0.126162371,0.337947740,0.928480055,-0.088312906,1,-0.430023201,-0.576978608,-0.483123559,0.126162371,0.337947740,0.928480055,-0.088312906
17.594185417,104643.151600833,vr_world,11559,104643.150974833,0.000627500,1,-0.583688000,-0.538420000,-0.372685000,0.165413840,0.299702959,-0.939558455,0.006804897,1,-0.424562489,-0.584814366,-0.467289835,0.165413840,0.299702959,-0.939558455,0.006804897,11559,104643.150974833,0.000627500,1,-0.263315000,-0.550676000,-0.413974000,0.126963045,0.341956876,0.926814987,-0.089218051,1,-0.437506243,-0.580585186,-0.483967320,0.126963045,0.341956876,0.926814987,-0.089218051
17.606549209,104643.163964625,vr_world,11559,104643.150974833,0.012991792,1,-0.583688000,-0.538420000,-0.372685000,0.165413840,0.299702959,-0.939558455,0.006804897,1,-0.424562489,-0.584814366,-0.467289835,0.165413840,0.299702959,-0.939558455,0.006804897,11559,104643.150974833,0.012991792,1,-0.263315000,-0.550676000,-0.413974000,0.126963045,0.341956876,0.926814987,-0.089218051,1,-0.437506243,-0.580585186,-0.483967320,0.126963045,0.341956876,0.926814987,-0.089218051
17.617775750,104643.175191166,vr_world,11560,104643.170880333,0.004311833,1,-0.597576000,-0.541785000,-0.374703000,0.164737931,0.290469949,-0.942562179,0.008072305,1,-0.439054570,-0.591623278,-0.468567540,0.164737931,0.290469949,-0.942562179,0.008072305,11560,104643.170880333,0.004311833,1,-0.277279000,-0.560235000,-0.415263000,0.127258444,0.349986977,0.923569234,-0.091292250,1,-0.451873586,-0.587259880,-0.485424365,0.127258444,0.349986977,0.923569234,-0.091292250
17.630121042,104643.187536458,vr_world,11560,104643.170880333,0.016656917,1,-0.597576000,-0.541785000,-0.374703000,0.164737931,0.290469949,-0.942562179,0.008072305,1,-0.439054570,-0.591623278,-0.468567540,0.164737931,0.290469949,-0.942562179,0.008072305,11560,104643.170880333,0.016656917,1,-0.277279000,-0.560235000,-0.415263000,0.127258444,0.349986977,0.923569234,-0.091292250,1,-0.451873586,-0.587259880,-0.485424365,0.127258444,0.349986977,0.923569234,-0.091292250
17.642498875,104643.199914291,vr_world,11561,104643.191215291,0.008699459,1,-0.604430000,-0.543998000,-0.375180000,0.166511221,0.286227577,-0.943549281,0.007908386,1,-0.446633102,-0.595402618,-0.469419536,0.166511221,0.286227577,-0.943549281,0.007908386,11561,104643.191215291,0.008699459,1,-0.284846000,-0.565011000,-0.415834000,0.127281819,0.354081130,0.921830359,-0.093030535,1,-0.459681951,-0.590600922,-0.485932412,0.127281819,0.354081130,0.921830359,-0.093030535
17.654895000,104643.212310416,vr_world,11562,104643.210739208,0.001572042,1,-0.618148000,-0.548272000,-0.375772000,0.167138940,0.277929199,-0.945935769,0.005045426,1,-0.461478435,-0.602286436,-0.470432161,0.167138940,0.277929199,-0.945935769,0.005045426,11562,104643.210739208,0.001572042,1,-0.299039000,-0.574454000,-0.416812000,0.127747590,0.362026578,0.918543620,-0.094312928,1,-0.474131128,-0.597121752,-0.487275860,0.127747590,0.362026578,0.918543620,-0.094312928
17.665731584,104643.223147000,vr_world,11562,104643.210739208,0.012409208,1,-0.618148000,-0.548272000,-0.375772000,0.167138940,0.277929199,-0.945935769,0.005045426,1,-0.461478435,-0.602286436,-0.470432161,0.167138940,0.277929199,-0.945935769,0.005045426,11562,104643.210739208,0.012409208,1,-0.299039000,-0.574454000,-0.416812000,0.127747590,0.362026578,0.918543620,-0.094312928,1,-0.474131128,-0.597121752,-0.487275860,0.127747590,0.362026578,0.918543620,-0.094312928
17.677817125,104643.235232541,vr_world,11563,104643.230023333,0.005210833,1,-0.625074000,-0.550592000,-0.375836000,0.167818976,0.273799682,-0.947030906,0.001728877,1,-0.469183247,-0.605666758,-0.471168467,0.167818976,0.273799682,-0.947030906,0.001728877,11563,104643.230023333,0.005210833,1,-0.306703000,-0.579383000,-0.417117000,0.127239235,0.365828713,0.917175835,-0.093637690,1,-0.481924095,-0.600503433,-0.487740586,0.127239235,0.365828713,0.917175835,-0.093637690
17.689775125,104643.247190541,vr_world,11563,104643.230023333,0.017169542,1,-0.625074000,-0.550592000,-0.375836000,0.167818976,0.273799682,-0.947030906,0.001728877,1,-0.469183247,-0.605666758,-0.471168467,0.167818976,0.273799682,-0.947030906,0.001728877,11563,104643.230023333,0.017169542,1,-0.306703000,-0.579383000,-0.417117000,0.127239235,0.365828713,0.917175835,-0.093637690,1,-0.481924095,-0.600503433,-0.487740586,0.127239235,0.365828713,0.917175835,-0.093637690
17.700602625,104643.258018041,vr_world,11564,104643.249602958,0.008416625,1,-0.632478000,-0.552251000,-0.376601000,0.168483938,0.269933416,-0.948023600,0.000606446,1,-0.477192324,-0.608564082,-0.472197244,0.168483938,0.269933416,-0.948023600,0.000606446,11564,104643.249602958,0.008416625,1,-0.313863000,-0.584058000,-0.417549000,0.127129948,0.369984365,0.915590870,-0.092967222,1,-0.489155091,-0.603518902,-0.488472570,0.127129948,0.369984365,0.915590870,-0.092967222
17.712968667,104643.270384083,vr_world,11565,104643.269316458,0.001071000,1,-0.646432000,-0.556648000,-0.378201000,0.164256421,0.262074864,-0.950966046,0.000415209,1,-0.491253559,-0.615529942,-0.472413478,0.164256421,0.262074864,-0.950966046,0.000415209,11565,104643.269316458,0.001071000,1,-0.327608000,-0.593266000,-0.418567000,0.124681542,0.377501065,0.912789335,-0.093611372,1,-0.503396972,-0.609695117,-0.489026578,0.124681542,0.377501065,0.912789335,-0.093611372
17.725360542,104643.282775958,vr_world,11565,104643.269316458,0.013462708,1,-0.646432000,-0.556648000,-0.378201000,0.164256421,0.262074864,-0.950966046,0.000415209,1,-0.491253559,-0.615529942,-0.472413478,0.164256421,0.262074864,-0.950966046,0.000415209,11565,104643.269316458,0.013462708,1,-0.327608000,-0.593266000,-0.418567000,0.124681542,0.377501065,0.912789335,-0.093611372,1,-0.503396972,-0.609695117,-0.489026578,0.124681542,0.377501065,0.912789335,-0.093611372
17.737766750,104643.295182166,vr_world,11566,104643.289683875,0.005498875,1,-0.653407000,-0.558774000,-0.378472000,0.164054662,0.258509724,-0.951973617,-0.002241080,1,-0.498777462,-0.618547013,-0.473025614,0.164054662,0.258509724,-0.951973617,-0.002241080,11566,104643.289683875,0.005498875,1,-0.334791000,-0.597962000,-0.419326000,0.122959547,0.380783597,0.911637307,-0.093820160,1,-0.510862461,-0.613010971,-0.489387281,0.122959547,0.380783597,0.911637307,-0.093820160
17.750154667,104643.307570083,vr_world,11566,104643.289683875,0.017886875,1,-0.653407000,-0.558774000,-0.378472000,0.164054662,0.258509724,-0.951973617,-0.002241080,1,-0.498777462,-0.618547013,-0.473025614,0.164054662,0.258509724,-0.951973617,-0.002241080,11566,104643.289683875,0.017886875,1,-0.334791000,-0.597962000,-0.419326000,0.122959547,0.380783597,0.911637307,-0.093820160,1,-0.510862461,-0.613010971,-0.489387281,0.122959547,0.380783597,0.911637307,-0.093820160
17.760385209,104643.317800625,vr_world,11567,104643.309131583,0.008673875,1,-0.667046000,-0.562956000,-0.379852000,0.161743891,0.251142185,-0.954335903,-0.003082327,1,-0.512920140,-0.625092541,-0.473701454,0.161743891,0.251142185,-0.954335903,-0.003082327,11567,104643.309131583,0.008673875,1,-0.348713000,-0.606971000,-0.420583000,0.120438815,0.388136163,0.908836802,-0.094130110,1,-0.525195367,-0.618999880,-0.490192808,0.120438815,0.388136163,0.908836802,-0.094130110
17.772768334,104643.330183750,vr_world,11568,104643.329187875,0.000996708,1,-0.673829000,-0.565918000,-0.380201000,0.162475565,0.247912005,-0.955037154,-0.006735181,1,-0.520468819,-0.628714013,-0.474862463,0.162475565,0.247912005,-0.955037154,-0.006735181,11568,104643.329187875,0.000996708,1,-0.356230000,-0.611630000,-0.421332000,0.120117950,0.390852513,0.907711683,-0.094156741,1,-0.532767436,-0.622576624,-0.490980767,0.120117950,0.390852513,0.907711683,-0.094156741
17.785185750,104643.342601166,vr_world,11568,104643.329187875,0.013414166,1,-0.673829000,-0.565918000,-0.380201000,0.162475565,0.247912005,-0.955037154,-0.006735181,1,-0.520468819,-0.628714013,-0.474862463,0.162475565,0.247912005,-0.955037154,-0.006735181,11568,104643.329187875,0.013414166,1,-0.356230000,-0.611630000,-0.421332000,0.120117950,0.390852513,0.907711683,-0.094156741,1,-0.532767436,-0.622576624,-0.490980767,0.120117950,0.390852513,0.907711683,-0.094156741
17.797543584,104643.354959000,vr_world,11569,104643.349464458,0.005497333,1,-0.686862000,-0.570138000,-0.381548000,0.163683326,0.240722072,-0.956632226,-0.010744176,1,-0.534878688,-0.634900834,-0.477100651,0.163683326,0.240722072,-0.956632226,-0.010744176,11569,104643.349464458,0.005497333,1,-0.370282000,-0.620671000,-0.422405000,0.119907115,0.397846380,0.904825144,-0.092908563,1,-0.546777412,-0.628774646,-0.492547310,0.119907115,0.397846380,0.904825144,-0.092908563
17.809938000,104643.367353416,vr_world,11569,104643.349464458,0.017890292,1,-0.686862000,-0.570138000,-0.381548000,0.163683326,0.240722072,-0.956632226,-0.010744176,1,-0.534878688,-0.634900834,-0.477100651,0.163683326,0.240722072,-0.956632226,-0.010744176,11569,104643.349464458,0.017890292,1,-0.370282000,-0.620671000,-0.422405000,0.119907115,0.397846380,0.904825144,-0.092908563,1,-0.546777412,-0.628774646,-0.492547310,0.119907115,0.397846380,0.904825144,-0.092908563
17.822299209,104643.379714625,vr_world,11570,104643.369858833,0.009858833,1,-0.693269000,-0.571842000,-0.382187000,0.164775510,0.236921019,-0.957394803,-0.010613775,1,-0.541959049,-0.637947995,-0.477888252,0.164775510,0.236921019,-0.957394803,-0.010613775,11570,104643.369858833,0.009858833,1,-0.377697000,-0.624997000,-0.422896000,0.121726337,0.401093529,0.903200379,-0.092389153,1,-0.553911193,-0.631920014,-0.493866661,0.121726337,0.401093529,0.903200379,-0.092389153
17.834698042,104643.392113458,vr_world,11571,104643.389247583,0.002867042,1,-0.705900000,-0.575610000,-0.383679000,0.165759766,0.229248187,-0.959088194,-0.010899805,1,-0.555794855,-0.644299959,-0.479457804,0.165759766,0.229248187,-0.959088194,-0.010899805,11571,104643.389247583,0.002867042,1,-0.391250000,-0.633210000,-0.424582000,0.122520216,0.406706029,0.900361844,-0.094485730,1,-0.567434719,-0.638135977,-0.495792261,0.122520216,0.406706029,0.900361844,-0.094485730
17.847121625,104643.404537041,vr_world,11571,104643.389247583,0.015293500,1,-0.705900000,-0.575610000,-0.383679000,0.165759766,0.229248187,-0.959088194,-0.010899805,1,-0.555794855,-0.644299959,-0.479457804,0.165759766,0.229248187,-0.959088194,-0.010899805,11571,104643.389247583,0.015293500,1,-0.391250000,-0.633210000,-0.424582000,0.122520216,0.406706029,0.900361844,-0.094485730,1,-0.567434719,-0.638135977,-0.495792261,0.122520216,0.406706029,0.900361844,-0.094485730
17.859529584,104643.416945000,vr_world,11572,104643.408565625,0.008380041,1,-0.712618000,-0.577770000,-0.384643000,0.165996058,0.225405574,-0.959964064,-0.010326246,1,-0.563037074,-0.647834767,-0.480245746,0.165996058,0.225405574,-0.959964064,-0.010326246,11572,104643.408565625,0.008380041,1,-0.398513000,-0.637377000,-0.425869000,0.121968977,0.409118589,0.899230853,-0.095548004,1,-0.574802748,-0.641388296,-0.496876320,0.121968977,0.409118589,0.899230853,-0.095548004
17.871950250,104643.429365666,vr_world,11573,104643.428209166,0.001156875,1,-0.718828000,-0.580179000,-0.385083000,0.167816762,0.221419089,-0.960550594,-0.012396665,1,-0.570266389,-0.651346444,-0.481457700,0.167816762,0.221419089,-0.960550594,-0.012396665,11573,104643.428209166,0.001156875,1,-0.405574000,-0.641420000,-0.427246000,0.121536809,0.411555227,0.897974743,-0.097429258,1,-0.581994520,-0.644571304,-0.497971393,0.121536809,0.411555227,0.897974743,-0.097429258
17.884365459,104643.441780875,vr_world,11573,104643.428209166,0.013572084,1,-0.718828000,-0.580179000,-0.385083000,0.167816762,0.221419089,-0.960550594,-0.012396665,1,-0.570266389,-0.651346444,-0.481457700,0.167816762,0.221419089,-0.960550594,-0.012396665,11573,104643.428209166,0.013572084,1,-0.405574000,-0.641420000,-0.427246000,0.121536809,0.411555227,0.897974743,-0.097429258,1,-0.581994520,-0.644571304,-0.497971393,0.121536809,0.411555227,0.897974743,-0.097429258
17.895121542,104643.452536958,vr_world,11574,104643.447275375,0.005263583,1,-0.730518000,-0.584239000,-0.385906000,0.171641214,0.214386264,-0.961403872,-0.016745723,1,-0.583946592,-0.657241351,-0.483941204,0.171641214,0.214386264,-0.961403872,-0.016745723,11574,104643.447275375,0.005263583,1,-0.419252000,-0.649828000,-0.429027000,0.120986476,0.417599437,0.895040046,-0.099379568,1,-0.595750002,-0.650687054,-0.499624078,0.120986476,0.417599437,0.895040046,-0.099379568
17.907517667,104643.464933083,vr_world,11574,104643.447275375,0.017658541,1,-0.730518000,-0.584239000,-0.385906000,0.171641214,0.214386264,-0.961403872,-0.016745723,1,-0.583946592,-0.657241351,-0.483941204,0.171641214,0.214386264,-0.961403872,-0.016745723,11574,104643.447275375,0.017658541,1,-0.419252000,-0.649828000,-0.429027000,0.120986476,0.417599437,0.895040046,-0.099379568,1,-0.595750002,-0.650687054,-0.499624078,0.120986476,0.417599437,0.895040046,-0.099379568
17.919935584,104643.477351000,vr_world,11575,104643.466586666,0.010764834,1,-0.736665000,-0.585868000,-0.386930000,0.171892807,0.210717060,-0.962156029,-0.017520282,1,-0.590721821,-0.659977571,-0.485071856,0.171892807,0.210717060,-0.962156029,-0.017520282,11575,104643.466586666,0.010764834,1,-0.426072000,-0.654631000,-0.429698000,0.122261674,0.421425600,0.893319419,-0.097123442,1,-0.602190658,-0.653917097,-0.501237586,0.122261674,0.421425600,0.893319419,-0.097123442
17.930579834,104643.487995250,vr_world,11576,104643.486107750,0.001887833,1,-0.748370000,-0.589276000,-0.389251000,0.171162368,0.202686893,-0.963995436,-0.018282943,1,-0.603530879,-0.665889831,-0.487105004,0.171162368,0.202686893,-0.963995436,-0.018282943,11576,104643.486107750,0.001887833,1,-0.438514000,-0.662841000,-0.432063000,0.121174197,0.428884823,0.889818047,-0.097971760,1,-0.614621083,-0.659147607,-0.503539251,0.121174197,0.428884823,0.889818047,-0.097971760
17.943004042,104643.500419458,vr_world,11576,104643.486107750,0.014312291,1,-0.748370000,-0.589276000,-0.389251000,0.171162368,0.202686893,-0.963995436,-0.018282943,1,-0.603530879,-0.665889831,-0.487105004,0.171162368,0.202686893,-0.963995436,-0.018282943,11576,104643.486107750,0.014312291,1,-0.438514000,-0.662841000,-0.432063000,0.121174197,0.428884823,0.889818047,-0.097971760,1,-0.614621083,-0.659147607,-0.503539251,0.121174197,0.428884823,0.889818047,-0.097971760
17.955412167,104643.512827583,vr_world,11577,104643.505740666,0.007087792,1,-0.754509000,-0.591455000,-0.390352000,0.171268342,0.198497941,-0.964832571,-0.019074400,1,-0.610378956,-0.669321437,-0.488264061,0.171268342,0.198497941,-0.964832571,-0.019074400,11577,104643.505740666,0.007087792,1,-0.445138000,-0.667382000,-0.433961000,0.118069182,0.431946155,0.888525532,-0.100022827,1,-0.621663830,-0.662372977,-0.504315903,0.118069182,0.431946155,0.888525532,-0.100022827
17.967816125,104643.525231541,vr_world,11578,104643.524902916,0.000329167,1,-0.760324000,-0.593283000,-0.390896000,0.171763415,0.194775237,-0.965459993,-0.021140927,1,-0.616997156,-0.672072314,-0.489248030,0.171763415,0.194775237,-0.965459993,-0.021140927,11578,104643.524902916,0.000329167,1,-0.452045000,-0.671477000,-0.435069000,0.116408791,0.434632947,0.887589674,-0.098629434,1,-0.628608492,-0.665175541,-0.505224778,0.116408791,0.434632947,0.887589674,-0.098629434
17.980236834,104643.537652250,vr_world,11578,104643.524902916,0.012749792,1,-0.760324000,-0.593283000,-0.390896000,0.171763415,0.194775237,-0.965459993,-0.021140927,1,-0.616997156,-0.672072314,-0.489248030,0.171763415,0.194775237,-0.965459993,-0.021140927,11578,104643.524902916,0.012749792,1,-0.452045000,-0.671477000,-0.435069000,0.116408791,0.434632947,0.887589674,-0.098629434,1,-0.628608492,-0.665175541,-0.505224778,0.116408791,0.434632947,0.887589674,-0.098629434
17.992640709,104643.550056125,vr_world,11579,104643.544107416,0.005949084,1,-0.771468000,-0.597223000,-0.392361000,0.172091811,0.187692769,-0.966719199,-0.024694600,1,-0.629552040,-0.677785853,-0.491320320,0.172091811,0.187692769,-0.966719199,-0.024694600,11579,104643.544107416,0.005949084,1,-0.464433000,-0.678768000,-0.437196000,0.115837444,0.440173417,0.885018207,-0.097835696,1,-0.640811007,-0.670160209,-0.507573037,0.115837444,0.440173417,0.885018207,-0.097835696
18.005053250,104643.562468666,vr_world,11579,104643.544107416,0.018361834,1,-0.771468000,-0.597223000,-0.392361000,0.172091811,0.187692769,-0.966719199,-0.024694600,1,-0.629552040,-0.677785853,-0.491320320,0.172091811,0.187692769,-0.966719199,-0.024694600,11579,104643.544107416,0.018361834,1,-0.464433000,-0.678768000,-0.437196000,0.115837444,0.440173417,0.885018207,-0.097835696,1,-0.640811007,-0.670160209,-0.507573037,0.115837444,0.440173417,0.885018207,-0.097835696
18.017468750,104643.574884166,vr_world,11580,104643.563940333,0.010944167,1,-0.776952000,-0.599058000,-0.393577000,0.172635377,0.185224321,-0.967078715,-0.025450668,1,-0.635584020,-0.680310249,-0.492756763,0.172635377,0.185224321,-0.967078715,-0.025450668,11580,104643.563940333,0.010944167,1,-0.470637000,-0.682380000,-0.438519000,0.115724725,0.442305734,0.883775849,-0.099567438,1,-0.647039150,-0.673029705,-0.508740653,0.115724725,0.442305734,0.883775849,-0.099567438
18.029879125,104643.587294541,vr_world,11581,104643.583304666,0.003990500,1,-0.787173000,-0.602585000,-0.395528000,0.173890638,0.178761997,-0.968004852,-0.027799289,1,-0.647250097,-0.685569637,-0.495320680,0.173890638,0.178761997,-0.968004852,-0.027799289,11581,104643.583304666,0.003990500,1,-0.482429000,-0.689822000,-0.440463000,0.115922559,0.447759671,0.881120347,-0.098489446,1,-0.658497088,-0.678236058,-0.511188300,0.115922559,0.447759671,0.881120347,-0.098489446
18.042281000,104643.599696416,vr_world,11581,104643.583304666,0.016392084,1,-0.787173000,-0.602585000,-0.395528000,0.173890638,0.178761997,-0.968004852,-0.027799289,1,-0.647250097,-0.685569637,-0.495320680,0.173890638,0.178761997,-0.968004852,-0.027799289,11581,104643.583304666,0.016392084,1,-0.482429000,-0.689822000,-0.440463000,0.115922559,0.447759671,0.881120347,-0.098489446,1,-0.658497088,-0.678236058,-0.511188300,0.115922559,0.447759671,0.881120347,-0.098489446
18.052458667,104643.609874083,vr_world,11582,104643.602377333,0.007497125,1,-0.792148000,-0.604150000,-0.396249000,0.175817985,0.175590247,-0.968217137,-0.028489945,1,-0.653163254,-0.688066807,-0.496571826,0.175817985,0.175590247,-0.968217137,-0.028489945,11582,104643.602377333,0.007497125,1,-0.488137000,-0.693294000,-0.442235000,0.115392036,0.450589442,0.879657729,-0.099277956,1,-0.664177668,-0.680587589,-0.512835761,0.115392036,0.450589442,0.879657729,-0.099277956
18.063649417,104643.621064833,vr_world,11582,104643.602377333,0.018687875,1,-0.792148000,-0.604150000,-0.396249000,0.175817985,0.175590247,-0.968217137,-0.028489945,1,-0.653163254,-0.688066807,-0.496571826,0.175817985,0.175590247,-0.968217137,-0.028489945,11582,104643.602377333,0.018687875,1,-0.488137000,-0.693294000,-0.442235000,0.115392036,0.450589442,0.879657729,-0.099277956,1,-0.664177668,-0.680587589,-0.512835761,0.115392036,0.450589442,0.879657729,-0.099277956
18.076056667,104643.633472083,vr_world,11583,104643.621504083,0.011968583,1,-0.797053000,-0.605779000,-0.397143000,0.176653622,0.172758398,-0.968557804,-0.029048464,1,-0.658739707,-0.690516038,-0.497703981,0.176653622,0.172758398,-0.968557804,-0.029048464,11583,104643.621504083,0.011968583,1,-0.493689000,-0.696649000,-0.444020000,0.113958080,0.452580829,0.878520274,-0.101913084,1,-0.669956573,-0.683206128,-0.513914696,0.113958080,0.452580829,0.878520274,-0.101913084
18.088465459,104643.645880875,vr_world,11584,104643.640036333,0.005845042,1,-0.806469000,-0.609198000,-0.399234000,0.178442687,0.166001408,-0.969333681,-0.031527057,1,-0.669813756,-0.695700911,-0.500555379,0.178442687,0.166001408,-0.969333681,-0.031527057,11584,104643.640036333,0.005845042,1,-0.504571000,-0.703320000,-0.446547000,0.112702046,0.456650463,0.876541392,-0.102194868,1,-0.680788501,-0.688163286,-0.516216802,0.112702046,0.456650463,0.876541392,-0.102194868
18.100878417,104643.658293833,vr_world,11584,104643.640036333,0.018257917,1,-0.806469000,-0.609198000,-0.399234000,0.178442687,0.166001408,-0.969333681,-0.031527057,1,-0.669813756,-0.695700911,-0.500555379,0.178442687,0.166001408,-0.969333681,-0.031527057,11584,104643.640036333,0.018257917,1,-0.504571000,-0.703320000,-0.446547000,0.112702046,0.456650463,0.876541392,-0.102194868,1,-0.680788501,-0.688163286,-0.516216802,0.112702046,0.456650463,0.876541392,-0.102194868
18.113300542,104643.670715958,vr_world,11585,104643.661527250,0.009189166,1,-0.811711000,-0.611106000,-0.400753000,0.178549631,0.163409493,-0.969740168,-0.031958929,1,-0.675554109,-0.698347954,-0.502111756,0.178549631,0.163409493,-0.969740168,-0.031958929,11585,104643.661527250,0.009189166,1,-0.510157000,-0.706300000,-0.448199000,0.111879344,0.457412949,0.876477517,-0.100217609,1,-0.686320153,-0.690641461,-0.517895335,0.111879344,0.457412949,0.876477517,-0.100217609
18.125710834,104643.683126250,vr_world,11586,104643.682156000,0.000970750,1,-0.820736000,-0.614938000,-0.402697000,0.179519975,0.158232139,-0.970295994,-0.035508497,1,-0.685905495,-0.703251915,-0.504896914,0.179519975,0.158232139,-0.970295994,-0.035508497,11586,104643.682156000,0.000970750,1,-0.520474000,-0.712050000,-0.451571000,0.109836114,0.460217151,0.875150661,-0.101230051,1,-0.696780117,-0.695167476,-0.520616894,0.109836114,0.460217151,0.875150661,-0.101230051
18.138108584,104643.695524000,vr_world,11586,104643.682156000,0.013368500,1,-0.820736000,-0.614938000,-0.402697000,0.179519975,0.158232139,-0.970295994,-0.035508497,1,-0.685905495,-0.703251915,-0.504896914,0.179519975,0.158232139,-0.970295994,-0.035508497,11586,104643.682156000,0.013368500,1,-0.520474000,-0.712050000,-0.451571000,0.109836114,0.460217151,0.875150661,-0.101230051,1,-0.696780117,-0.695167476,-0.520616894,0.109836114,0.460217151,0.875150661,-0.101230051
18.150533584,104643.707949000,vr_world,11587,104643.702452833,0.005496500,1,-0.825124000,-0.616623000,-0.403509000,0.182048826,0.155772180,-0.970100781,-0.038700480,1,-0.691429255,-0.705234134,-0.506936658,0.182048826,0.155772180,-0.970100781,-0.038700480,11587,104643.702452833,0.005496500,1,-0.525989000,-0.715441000,-0.453491000,0.108447768,0.461961954,0.874164998,-0.103275318,1,-0.702471579,-0.697876554,-0.521913184,0.108447768,0.461961954,0.874164998,-0.103275318
18.161773959,104643.719189375,vr_world,11587,104643.702452833,0.016737125,1,-0.825124000,-0.616623000,-0.403509000,0.182048826,0.155772180,-0.970100781,-0.038700480,1,-0.691429255,-0.705234134,-0.506936658,0.182048826,0.155772180,-0.970100781,-0.038700480,11587,104643.702452833,0.016737125,1,-0.525989000,-0.715441000,-0.453491000,0.108447768,0.461961954,0.874164998,-0.103275318,1,-0.702471579,-0.697876554,-0.521913184,0.108447768,0.461961954,0.874164998,-0.103275318
18.174143084,104643.731558500,vr_world,11588,104643.722009083,0.009550042,1,-0.834027000,-0.619760000,-0.406168000,0.183157668,0.149039790,-0.970876440,-0.040488872,1,-0.701879154,-0.710151137,-0.510042242,0.183157668,0.149039790,-0.970876440,-0.040488872,11588,104643.722009083,0.009550042,1,-0.536309000,-0.721493000,-0.456259000,0.108435147,0.465463114,0.872211394,-0.104082619,1,-0.712617878,-0.702570505,-0.524766999,0.108435147,0.465463114,0.872211394,-0.104082619
18.185782292,104643.743197708,vr_world,11589,104643.741211708,0.001986792,1,-0.838489000,-0.621377000,-0.407978000,0.183523683,0.145123474,-0.971381280,-0.040946839,1,-0.707160789,-0.712880112,-0.511917973,0.183523683,0.145123474,-0.971381280,-0.040946839,11589,104643.741211708,0.001986792,1,-0.541665000,-0.724902000,-0.457605000,0.109223412,0.467456207,0.871162243,-0.103108134,1,-0.717693980,-0.705179914,-0.526605492,0.109223412,0.467456207,0.871162243,-0.103108134
18.196586875,104643.754002291,vr_world,11589,104643.741211708,0.012791083,1,-0.838489000,-0.621377000,-0.407978000,0.183523683,0.145123474,-0.971381280,-0.040946839,1,-0.707160789,-0.712880112,-0.511917973,0.183523683,0.145123474,-0.971381280,-0.040946839,11589,104643.741211708,0.012791083,1,-0.541665000,-0.724902000,-0.457605000,0.109223412,0.467456207,0.871162243,-0.103108134,1,-0.717693980,-0.705179914,-0.526605492,0.109223412,0.467456207,0.871162243,-0.103108134
18.207109542,104643.764524958,vr_world,11590,104643.760900583,0.003624917,1,-0.842730000,-0.622932000,-0.409415000,0.184058185,0.142243245,-0.971698090,-0.041137157,1,-0.712053153,-0.715273968,-0.513434155,0.184058185,0.142243245,-0.971698090,-0.041137157,11590,104643.760900583,0.003624917,1,-0.546847000,-0.727951000,-0.459145000,0.109521866,0.469434301,0.870156240,-0.102296211,1,-0.722660642,-0.707405143,-0.528453526,0.109521866,0.469434301,0.870156240,-0.102296211
18.219509834,104643.776925250,vr_world,11590,104643.760900583,0.016025250,1,-0.842730000,-0.622932000,-0.409415000,0.184058185,0.142243245,-0.971698090,-0.041137157,1,-0.712053153,-0.715273968,-0.513434155,0.184058185,0.142243245,-0.971698090,-0.041137157,11590,104643.760900583,0.016025250,1,-0.546847000,-0.727951000,-0.459145000,0.109521866,0.469434301,0.870156240,-0.102296211,1,-0.722660642,-0.707405143,-0.528453526,0.109521866,0.469434301,0.870156240,-0.102296211
18.231106667,104643.788522083,vr_world,11591,104643.781166916,0.007355625,1,-0.850981000,-0.626545000,-0.411743000,0.184297289,0.137642052,-0.972173626,-0.044357808,1,-0.721419743,-0.719754669,-0.516381901,0.184297289,0.137642052,-0.972173626,-0.044357808,11591,104643.781166916,0.007355625,1,-0.556797000,-0.733307000,-0.462226000,0.109333553,0.472672195,0.868373142,-0.102738777,1,-0.732431256,-0.711470141,-0.531594230,0.109333553,0.472672195,0.868373142,-0.102738777
18.243507292,104643.800922708,vr_world,11591,104643.781166916,0.019756292,1,-0.850981000,-0.626545000,-0.411743000,0.184297289,0.137642052,-0.972173626,-0.044357808,1,-0.721419743,-0.719754669,-0.516381901,0.184297289,0.137642052,-0.972173626,-0.044357808,11591,104643.781166916,0.019756292,1,-0.556797000,-0.733307000,-0.462226000,0.109333553,0.472672195,0.868373142,-0.102738777,1,-0.732431256,-0.711470141,-0.531594230,0.109333553,0.472672195,0.868373142,-0.102738777
18.255890417,104643.813305833,vr_world,11592,104643.801457291,0.011849000,1,-0.855621000,-0.628410000,-0.413082000,0.185328533,0.135196856,-0.972139718,-0.048161332,1,-0.726969742,-0.721748268,-0.518724165,0.185328533,0.135196856,-0.972139718,-0.048161332,11592,104643.801457291,0.011849000,1,-0.561696000,-0.735944000,-0.464171000,0.108695998,0.472904734,0.868316079,-0.102827426,1,-0.737395334,-0.713966485,-0.533329861,0.108695998,0.472904734,0.868316079,-0.102827426
18.268302084,104643.825717500,vr_world,11593,104643.821488500,0.004230458,1,-0.863927000,-0.631315000,-0.416322000,0.185171162,0.129849682,-0.972836473,-0.049395329,1,-0.736345450,-0.726028357,-0.522037558,0.185171162,0.129849682,-0.972836473,-0.049395329,11593,104643.821488500,0.004230458,1,-0.571186000,-0.740932000,-0.467444000,0.107066407,0.474405346,0.867837632,-0.101657247,1,-0.746905564,-0.718140645,-0.536287580,0.107066407,0.474405346,0.867837632,-0.101657247
18.280703875,104643.838119291,vr_world,11593,104643.821488500,0.016631375,1,-0.863927000,-0.631315000,-0.416322000,0.185171162,0.129849682,-0.972836473,-0.049395329,1,-0.736345450,-0.726028357,-0.522037558,0.185171162,0.129849682,-0.972836473,-0.049395329,11593,104643.821488500,0.016631375,1,-0.571186000,-0.740932000,-0.467444000,0.107066407,0.474405346,0.867837632,-0.101657247,1,-0.746905564,-0.718140645,-0.536287580,0.107066407,0.474405346,0.867837632,-0.101657247
18.291531834,104643.848947250,vr_world,11594,104643.841611000,0.007336750,1,-0.867725000,-0.632766000,-0.417790000,0.187626787,0.127173856,-0.972719440,-0.049395248,1,-0.741151564,-0.728277648,-0.523997964,0.187626787,0.127173856,-0.972719440,-0.049395248,11594,104643.841611000,0.007336750,1,-0.575613000,-0.742738000,-0.469376000,0.107553693,0.474088006,0.867852462,-0.102493271,1,-0.751344605,-0.720168050,-0.538261738,0.107553693,0.474088006,0.867852462,-0.102493271
18.303944459,104643.861359875,vr_world,11594,104643.841611000,0.019749458,1,-0.867725000,-0.632766000,-0.417790000,0.187626787,0.127173856,-0.972719440,-0.049395248,1,-0.741151564,-0.728277648,-0.523997964,0.187626787,0.127173856,-0.972719440,-0.049395248,11594,104643.841611000,0.019749458,1,-0.575613000,-0.742738000,-0.469376000,0.107553693,0.474088006,0.867852462,-0.102493271,1,-0.751344605,-0.720168050,-0.538261738,0.107553693,0.474088006,0.867852462,-0.102493271
18.316346375,104643.873761791,vr_world,11595,104643.861807541,0.011954709,1,-0.875292000,-0.635895000,-0.420959000,0.188601715,0.122084672,-0.973111755,-0.050776349,1,-0.749997642,-0.732667031,-0.527541927,0.188601715,0.122084672,-0.973111755,-0.050776349,11595,104643.861807541,0.011954709,1,-0.584253000,-0.746675000,-0.472856000,0.106852319,0.473891635,0.867799034,-0.104566422,1,-0.760198345,-0.724257419,-0.541244132,0.106852319,0.473891635,0.867799034,-0.104566422
18.328754334,104643.886169750,vr_world,11596,104643.881439208,0.004731042,1,-0.879248000,-0.637457000,-0.422836000,0.188330077,0.120138616,-0.973402661,-0.050850307,1,-0.754288410,-0.734777711,-0.529312349,0.188330077,0.120138616,-0.973402661,-0.050850307,11596,104643.881439208,0.004731042,1,-0.588616000,-0.749383000,-0.475116000,0.105994288,0.473955153,0.867845681,-0.104764490,1,-0.764668981,-0.726881183,-0.543198602,0.105994288,0.473955153,0.867845681,-0.104764490
18.341171917,104643.898587333,vr_world,11596,104643.881439208,0.017148500,1,-0.879248000,-0.637457000,-0.422836000,0.188330077,0.120138616,-0.973402661,-0.050850307,1,-0.754288410,-0.734777711,-0.529312349,0.188330077,0.120138616,-0.973402661,-0.050850307,11596,104643.881439208,0.017148500,1,-0.588616000,-0.749383000,-0.475116000,0.105994288,0.473955153,0.867845681,-0.104764490,1,-0.764668981,-0.726881183,-0.543198602,0.105994288,0.473955153,0.867845681,-0.104764490
18.353578959,104643.910994375,vr_world,11597,104643.903092000,0.007902791,1,-0.886187000,-0.640747000,-0.425694000,0.190174228,0.115573660,-0.973437559,-0.053812744,1,-0.762695882,-0.738902998,-0.533112825,0.190174228,0.115573660,-0.973437559,-0.053812744,11597,104643.903092000,0.007902791,1,-0.596990000,-0.754018000,-0.478885000,0.103362030,0.475547865,0.867290158,-0.104777387,1,-0.773234330,-0.730656470,-0.546178325,0.103362030,0.475547865,0.867290158,-0.104777387
18.365977167,104643.923392583,vr_world,11598,104643.922311791,0.001081292,1,-0.889581000,-0.642766000,-0.427047000,0.191392782,0.114645359,-0.973146466,-0.056667460,1,-0.766703854,-0.740719574,-0.535351031,0.191392782,0.114645359,-0.973146466,-0.056667460,11598,104643.922311791,0.001081292,1,-0.600796000,-0.755969000,-0.480121000,0.104772939,0.476729834,0.866577343,-0.103899012,1,-0.776738636,-0.732192331,-0.548055432,0.104772939,0.476729834,0.866577343,-0.103899012
18.377053875,104643.934469291,vr_world,11598,104643.922311791,0.012157917,1,-0.889581000,-0.642766000,-0.427047000,0.191392782,0.114645359,-0.973146466,-0.056667460,1,-0.766703854,-0.740719574,-0.535351031,0.191392782,0.114645359,-0.973146466,-0.056667460,11598,104643.922311791,0.012157917,1,-0.600796000,-0.755969000,-0.480121000,0.104772939,0.476729834,0.866577343,-0.103899012,1,-0.776738636,-0.732192331,-0.548055432,0.104772939,0.476729834,0.866577343,-0.103899012
18.389478209,104643.946893625,vr_world,11599,104643.941795750,0.005098375,1,-0.892793000,-0.644623000,-0.428720000,0.189157474,0.113751150,-0.973638568,-0.057515777,1,-0.769695415,-0.742684612,-0.536675267,0.189157474,0.113751150,-0.973638568,-0.057515777,11599,104643.941795750,0.005098375,1,-0.604226000,-0.758444000,-0.481627000,0.104579918,0.477445405,0.866328259,-0.102879899,1,-0.780080368,-0.734298609,-0.549659778,0.104579918,0.477445405,0.866328259,-0.102879899
18.401832292,104643.959247708,vr_world,11599,104643.941795750,0.017452625,1,-0.892793000,-0.644623000,-0.428720000,0.189157474,0.113751150,-0.973638568,-0.057515777,1,-0.769695415,-0.742684612,-0.536675267,0.189157474,0.113751150,-0.973638568,-0.057515777,11599,104643.941795750,0.017452625,1,-0.604226000,-0.758444000,-0.481627000,0.104579918,0.477445405,0.866328259,-0.102879899,1,-0.780080368,-0.734298609,-0.549659778,0.104579918,0.477445405,0.866328259,-0.102879899
18.414260000,104643.971675416,vr_world,11600,104643.961103541,0.010572417,1,-0.899361000,-0.648047000,-0.431881000,0.186186024,0.110476166,-0.974463303,-0.059590708,1,-0.776453974,-0.746690070,-0.539523223,0.186186024,0.110476166,-0.974463303,-0.059590708,11600,104643.961103541,0.010572417,1,-0.611038000,-0.763318000,-0.484566000,0.103159197,0.478333306,0.866582570,-0.097928939,1,-0.786715641,-0.738382591,-0.552770140,0.103159197,0.478333306,0.866582570,-0.097928939
18.426709292,104643.984124708,vr_world,11601,104643.980993000,0.003133416,1,-0.902178000,-0.649598000,-0.433681000,0.185485604,0.109472448,-0.974646907,-0.060615839,1,-0.779396964,-0.748354309,-0.541363028,0.185485604,0.109472448,-0.974646907,-0.060615839,11601,104643.980993000,0.003133416,1,-0.613833000,-0.765322000,-0.486291000,0.103345594,0.479296058,0.866192642,-0.096463898,1,-0.789331582,-0.739917936,-0.554782762,0.103345594,0.479296058,0.866192642,-0.096463898
18.439123584,104643.996539000,vr_world,11601,104643.980993000,0.015546333,1,-0.902178000,-0.649598000,-0.433681000,0.185485604,0.109472448,-0.974646907,-0.060615839,1,-0.779396964,-0.748354309,-0.541363028,0.185485604,0.109472448,-0.974646907,-0.060615839,11601,104643.980993000,0.015546333,1,-0.613833000,-0.765322000,-0.486291000,0.103345594,0.479296058,0.866192642,-0.096463898,1,-0.789331582,-0.739917936,-0.554782762,0.103345594,0.479296058,0.866192642,-0.096463898
18.451553584,104644.008969000,vr_world,11602,104644.000002458,0.008967042,1,-0.907355000,-0.653336000,-0.436992000,0.183171273,0.106923251,-0.975175908,-0.063621149,1,-0.784811632,-0.752310487,-0.544744641,0.183171273,0.106923251,-0.975175908,-0.063621149,11602,104644.000002458,0.008967042,1,-0.618975000,-0.769213000,-0.490167000,0.101370843,0.479896351,0.866055033,-0.096809731,1,-0.794677955,-0.743428864,-0.557989530,0.101370843,0.479896351,0.866055033,-0.096809731
18.463825125,104644.021240541,vr_world,11603,104644.020525958,0.000715292,1,-0.908687000,-0.654481000,-0.438720000,0.185218811,0.105437253,-0.974871262,-0.064830559,1,-0.786934626,-0.753670811,-0.547169089,0.185218811,0.105437253,-0.974871262,-0.064830559,11603,104644.020525958,0.000715292,1,-0.621200000,-0.771231000,-0.492714000,0.099506940,0.479756663,0.866398908,-0.096357900,1,-0.797106029,-0.745323852,-0.559960671,0.099506940,0.479756663,0.866398908,-0.096357900
18.476230042,104644.033645458,vr_world,11603,104644.020525958,0.013120000,1,-0.908687000,-0.654481000,-0.438720000,0.185218811,0.105437253,-0.974871262,-0.064830559,1,-0.786934626,-0.753670811,-0.547169089,0.185218811,0.105437253,-0.974871262,-0.064830559,11603,104644.020525958,0.013120000,1,-0.621200000,-0.771231000,-0.492714000,0.099506940,0.479756663,0.866398908,-0.096357900,1,-0.797106029,-0.745323852,-0.559960671,0.099506940,0.479756663,0.866398908,-0.096357900
18.488632459,104644.046047875,vr_world,11604,104644.040813208,0.005235125,1,-0.912857000,-0.658132000,-0.442079000,0.188084165,0.104416397,-0.974377631,-0.065649035,1,-0.791946362,-0.757468648,-0.551332275,0.188084165,0.104416397,-0.974377631,-0.065649035,11604,104644.040813208,0.005235125,1,-0.626080000,-0.774164000,-0.497047000,0.098494583,0.480486868,0.866017505,-0.097184707,1,-0.802090272,-0.747932571,-0.563893709,0.098494583,0.480486868,0.866017505,-0.097184707
18.500662125,104644.058077541,vr_world,11604,104644.040813208,0.017264917,1,-0.912857000,-0.658132000,-0.442079000,0.188084165,0.104416397,-0.974377631,-0.065649035,1,-0.791946362,-0.757468648,-0.551332275,0.188084165,0.104416397,-0.974377631,-0.065649035,11604,104644.040813208,0.017264917,1,-0.626080000,-0.774164000,-0.497047000,0.098494583,0.480486868,0.866017505,-0.097184707,1,-0.802090272,-0.747932571,-0.563893709,0.098494583,0.480486868,0.866017505,-0.097184707
18.511111375,104644.068526791,vr_world,11605,104644.060668125,0.007859125,1,-0.914369000,-0.660134000,-0.443935000,0.191322721,0.102606074,-0.973636389,-0.069998519,1,-0.794764796,-0.759227452,-0.554834636,0.191322721,0.102606074,-0.973636389,-0.069998519,11605,104644.060668125,0.007859125,1,-0.628747000,-0.775021000,-0.499086000,0.100073594,0.477846913,0.867149413,-0.098486036,1,-0.804853384,-0.750067686,-0.566168659,0.100073594,0.477846913,0.867149413,-0.098486036
18.523522917,104644.080938333,vr_world,11606,104644.079694416,0.001244542,1,-0.915815000,-0.661672000,-0.446169000,0.193237763,0.101810302,-0.973312424,-0.070404231,1,-0.796796442,-0.760913738,-0.557565302,0.193237763,0.101810302,-0.973312424,-0.070404231,11606,104644.079694416,0.001244542,1,-0.630763000,-0.776250000,-0.501211000,0.104240807,0.476427564,0.867629212,-0.096799696,1,-0.806395374,-0.752098584,-0.569812773,0.104240807,0.476427564,0.867629212,-0.096799696
18.535932584,104644.093348000,vr_world,11606,104644.079694416,0.013653834,1,-0.915815000,-0.661672000,-0.446169000,0.193237763,0.101810302,-0.973312424,-0.070404231,1,-0.796796442,-0.760913738,-0.557565302,0.193237763,0.101810302,-0.973312424,-0.070404231,11606,104644.079694416,0.013653834,1,-0.630763000,-0.776250000,-0.501211000,0.104240807,0.476427564,0.867629212,-0.096799696,1,-0.806395374,-0.752098584,-0.569812773,0.104240807,0.476427564,0.867629212,-0.096799696
18.548355917,104644.105771333,vr_world,11607,104644.100185625,0.005586166,1,-0.918369000,-0.665276000,-0.450186000,0.198186423,0.100743190,-0.972361078,-0.071322404,1,-0.800661831,-0.764644012,-0.562855620,0.198186423,0.100743190,-0.972361078,-0.071322404,11607,104644.100185625,0.005586166,1,-0.634466000,-0.778395000,-0.506760000,0.103458847,0.474736015,0.868366279,-0.099307546,1,-0.810457450,-0.755025130,-0.574709133,0.103458847,0.474736015,0.868366279,-0.099307546
18.560396834,104644.117812250,vr_world,11607,104644.100185625,0.017627250,1,-0.918369000,-0.665276000,-0.450186000,0.198186423,0.100743190,-0.972361078,-0.071322404,1,-0.800661831,-0.764644012,-0.562855620,0.198186423,0.100743190,-0.972361078,-0.071322404,11607,104644.100185625,0.017627250,1,-0.634466000,-0.778395000,-0.506760000,0.103458847,0.474736015,0.868366279,-0.099307546,1,-0.810457450,-0.755025130,-0.574709133,0.103458847,0.474736015,0.868366279,-0.099307546
18.572442584,104644.129858000,vr_world,11608,104644.119917250,0.009941125,1,-0.919689000,-0.667133000,-0.452373000,0.199402063,0.100959078,-0.971943266,-0.073296456,1,-0.802319655,-0.766090765,-0.565753932,0.199402063,0.100959078,-0.971943266,-0.073296456,11608,104644.119917250,0.009941125,1,-0.636183000,-0.779584000,-0.510093000,0.101860273,0.473174252,0.869267514,-0.100521646,1,-0.812542631,-0.756792221,-0.577279399,0.101860273,0.473174252,0.869267514,-0.100521646
18.584843667,104644.142259083,vr_world,11609,104644.140374416,0.001884959,1,-0.922217000,-0.670195000,-0.456954000,0.203490233,0.099553556,-0.970997130,-0.076455143,1,-0.806210697,-0.768967875,-0.571888512,0.203490233,0.099553556,-0.970997130,-0.076455143,11609,104644.140374416,0.001884959,1,-0.639626000,-0.782041000,-0.515710000,0.100297826,0.470910728,0.871006863,-0.097624168,1,-0.816170028,-0.759853372,-0.582614046,0.100297826,0.470910728,0.871006863,-0.097624168
18.596353542,104644.153768958,vr_world,11609,104644.140374416,0.013394959,1,-0.922217000,-0.670195000,-0.456954000,0.203490233,0.099553556,-0.970997130,-0.076455143,1,-0.806210697,-0.768967875,-0.571888512,0.203490233,0.099553556,-0.970997130,-0.076455143,11609,104644.140374416,0.013394959,1,-0.639626000,-0.782041000,-0.515710000,0.100297826,0.470910728,0.871006863,-0.097624168,1,-0.816170028,-0.759853372,-0.582614046,0.100297826,0.470910728,0.871006863,-0.097624168
18.607121292,104644.164536708,vr_world,11610,104644.160324375,0.004212750,1,-0.923240000,-0.672451000,-0.459395000,0.205700022,0.100323784,-0.970320893,-0.078102524,1,-0.807657054,-0.770707003,-0.575195482,0.205700022,0.100323784,-0.970320893,-0.078102524,11610,104644.160324375,0.004212750,1,-0.640907000,-0.782986000,-0.518668000,0.101418555,0.469636152,0.871571606,-0.097565859,1,-0.817405907,-0.761398732,-0.585886500,0.101418555,0.469636152,0.871571606,-0.097565859
18.617844625,104644.175260041,vr_world,11610,104644.160324375,0.014936125,1,-0.923240000,-0.672451000,-0.459395000,0.205700022,0.100323784,-0.970320893,-0.078102524,1,-0.807657054,-0.770707003,-0.575195482,0.205700022,0.100323784,-0.970320893,-0.078102524,11610,104644.160324375,0.014936125,1,-0.640907000,-0.782986000,-0.518668000,0.101418555,0.469636152,0.871571606,-0.097565859,1,-0.817405907,-0.761398732,-0.585886500,0.101418555,0.469636152,0.871571606,-0.097565859
18.630246542,104644.187661958,vr_world,11611,104644.179955166,0.007707209,1,-0.926052000,-0.676229000,-0.464473000,0.206188037,0.100570559,-0.969948279,-0.081070295,1,-0.810719463,-0.773877070,-0.581035078,0.206188037,0.100570559,-0.969948279,-0.081070295,11611,104644.179955166,0.007707209,1,-0.643749000,-0.786040000,-0.524758000,0.098903308,0.468298638,0.872614565,-0.097254012,1,-0.820614567,-0.764772553,-0.591109315,0.098903308,0.468298638,0.872614565,-0.097254012
18.642659000,104644.200074416,vr_world,11612,104644.198990291,0.001084542,1,-0.927730000,-0.678314000,-0.467589000,0.203719916,0.101138108,-0.970422912,-0.080923728,1,-0.811738762,-0.775842058,-0.583596588,0.203719916,0.101138108,-0.970422912,-0.080923728,11612,104644.198990291,0.001084542,1,-0.645448000,-0.788066000,-0.527433000,0.097609210,0.468531066,0.873194345,-0.092101674,1,-0.822166989,-0.766269754,-0.594002770,0.097609210,0.468531066,0.873194345,-0.092101674
18.654391792,104644.211807208,vr_world,11612,104644.198990291,0.012818042,1,-0.927730000,-0.678314000,-0.467589000,0.203719916,0.101138108,-0.970422912,-0.080923728,1,-0.811738762,-0.775842058,-0.583596588,0.203719916,0.101138108,-0.970422912,-0.080923728,11612,104644.198990291,0.012818042,1,-0.645448000,-0.788066000,-0.527433000,0.097609210,0.468531066,0.873194345,-0.092101674,1,-0.822166989,-0.766269754,-0.594002770,0.097609210,0.468531066,0.873194345,-0.092101674
18.665782500,104644.223197916,vr_world,11613,104644.219421083,0.003777792,1,-0.928891000,-0.680782000,-0.470415000,0.202941950,0.101525727,-0.970273579,-0.084120588,1,-0.812862049,-0.777624099,-0.586958357,0.202941950,0.101525727,-0.970273579,-0.084120588,11613,104644.219421083,0.003777792,1,-0.646756000,-0.789331000,-0.529429000,0.100359737,0.468458118,0.873282797,-0.088611913,1,-0.822964717,-0.767544896,-0.597341347,0.100359737,0.468458118,0.873282797,-0.088611913
18.678212000,104644.235627416,vr_world,11613,104644.219421083,0.016208167,1,-0.928891000,-0.680782000,-0.470415000,0.202941950,0.101525727,-0.970273579,-0.084120588,1,-0.812862049,-0.777624099,-0.586958357,0.202941950,0.101525727,-0.970273579,-0.084120588,11613,104644.219421083,0.016208167,1,-0.646756000,-0.789331000,-0.529429000,0.100359737,0.468458118,0.873282797,-0.088611913,1,-0.822964717,-0.767544896,-0.597341347,0.100359737,0.468458118,0.873282797,-0.088611913
18.690644334,104644.248059750,vr_world,11614,104644.238769250,0.009293583,1,-0.931709000,-0.684509000,-0.475767000,0.200003262,0.101066972,-0.970581641,-0.088064975,1,-0.815397003,-0.780770512,-0.592508929,0.200003262,0.101066972,-0.970581641,-0.088064975,11614,104644.238769250,0.009293583,1,-0.649215000,-0.792264000,-0.534682000,0.098872685,0.466754546,0.874863370,-0.083537235,1,-0.825432162,-0.770703548,-0.602644474,0.098872685,0.466754546,0.874863370,-0.083537235
18.703059834,104644.260475250,vr_world,11615,104644.258614041,0.001861667,1,-0.933063000,-0.686458000,-0.478351000,0.198272478,0.101544271,-0.970709459,-0.089999624,1,-0.816405598,-0.782241253,-0.595141735,0.198272478,0.101544271,-0.970709459,-0.089999624,11615,104644.258614041,0.001861667,1,-0.650296000,-0.793307000,-0.537700000,0.098412395,0.465678243,0.875780962,-0.080414435,1,-0.826464652,-0.771927601,-0.605845264,0.098412395,0.465678243,0.875780962,-0.080414435
18.713713375,104644.271128791,vr_world,11615,104644.258614041,0.012515334,1,-0.933063000,-0.686458000,-0.478351000,0.198272478,0.101544271,-0.970709459,-0.089999624,1,-0.816405598,-0.782241253,-0.595141735,0.198272478,0.101544271,-0.970709459,-0.089999624,11615,104644.258614041,0.012515334,1,-0.650296000,-0.793307000,-0.537700000,0.098412395,0.465678243,0.875780962,-0.080414435,1,-0.826464652,-0.771927601,-0.605845264,0.098412395,0.465678243,0.875780962,-0.080414435
18.724444917,104644.281860333,vr_world,11616,104644.278663583,0.003197125,1,-0.936355000,-0.686805000,-0.480989000,0.203256531,0.081102507,-0.971486618,-0.091230026,1,-0.825139112,-0.787887664,-0.598618834,0.203256531,0.081102507,-0.971486618,-0.091230026,11616,104644.278663583,0.003197125,1,-0.646615000,-0.797438000,-0.542221000,0.088460466,0.461313731,0.879057808,-0.081374186,1,-0.824274148,-0.777153211,-0.606734564,0.088460466,0.461313731,0.879057808,-0.081374186
18.736871959,104644.294287375,vr_world,11616,104644.278663583,0.015624500,1,-0.936355000,-0.686805000,-0.480989000,0.203256531,0.081102507,-0.971486618,-0.091230026,1,-0.825139112,-0.787887664,-0.598618834,0.203256531,0.081102507,-0.971486618,-0.091230026,11616,104644.278663583,0.015624500,1,-0.646615000,-0.797438000,-0.542221000,0.088460466,0.461313731,0.879057808,-0.081374186,1,-0.824274148,-0.777153211,-0.606734564,0.088460466,0.461313731,0.879057808,-0.081374186
18.749310667,104644.306726083,vr_world,11617,104644.298157041,0.008571167,1,-0.942928000,-0.690823000,-0.485034000,0.157416577,0.104796233,-0.979293172,-0.072267930,1,-0.816269428,-0.788999740,-0.588679349,0.157416577,0.104796233,-0.979293172,-0.072267930,11617,104644.298157041,0.008571167,1,-0.650107000,-0.801072000,-0.546690000,0.046963381,0.458541029,0.884065855,-0.077214830,1,-0.831908278,-0.778761271,-0.597550278,0.046963381,0.458541029,0.884065855,-0.077214830
18.760403750,104644.317819166,vr_world,11617,104644.298157041,0.019664417,1,-0.942928000,-0.690823000,-0.485034000,0.157416577,0.104796233,-0.979293172,-0.072267930,1,-0.816269428,-0.788999740,-0.588679349,0.157416577,0.104796233,-0.979293172,-0.072267930,11617,104644.298157041,0.019664417,1,-0.650107000,-0.801072000,-0.546690000,0.046963381,0.458541029,0.884065855,-0.077214830,1,-0.831908278,-0.778761271,-0.597550278,0.046963381,0.458541029,0.884065855,-0.077214830
18.770423375,104644.327838791,vr_world,11618,104644.318383583,0.009455667,1,-0.942120000,-0.691611000,-0.482985000,0.163213191,0.097714662,-0.978182215,-0.083503609,1,-0.818657358,-0.789855562,-0.590355515,0.163213191,0.097714662,-0.978182215,-0.083503609,11618,104644.318383583,0.009455667,1,-0.647884000,-0.801207000,-0.546883000,0.049062477,0.454417624,0.886268440,-0.075004984,1,-0.829645493,-0.780586240,-0.598591446,0.049062477,0.454417624,0.886268440,-0.075004984
18.782832084,104644.340247500,vr_world,11619,104644.337963666,0.002284417,1,-0.943477000,-0.693123000,-0.486344000,0.159538029,0.096018837,-0.979326022,-0.079047728,1,-0.819413945,-0.792632391,-0.591841140,0.159538029,0.096018837,-0.979326022,-0.079047728,11619,104644.337963666,0.002284417,1,-0.651004000,-0.804005000,-0.547180000,0.054951614,0.454507449,0.886200367,-0.071078889,1,-0.832044112,-0.783489179,-0.601399980,0.054951614,0.454507449,0.886200367,-0.071078889
18.795267792,104644.352683208,vr_world,11619,104644.337963666,0.014721417,1,-0.943477000,-0.693123000,-0.486344000,0.159538029,0.096018837,-0.979326022,-0.079047728,1,-0.819413945,-0.792632391,-0.591841140,0.159538029,0.096018837,-0.979326022,-0.079047728,11619,104644.337963666,0.014721417,1,-0.651004000,-0.804005000,-0.547180000,0.054951614,0.454507449,0.886200367,-0.071078889,1,-0.832044112,-0.783489179,-0.601399980,0.054951614,0.454507449,0.886200367,-0.071078889
18.807686584,104644.365102000,vr_world,11620,104644.357046166,0.008056292,1,-0.943019000,-0.695513000,-0.486836000,0.167022727,0.093929796,-0.978470078,-0.076661001,1,-0.820724624,-0.795971432,-0.593492726,0.167022727,0.093929796,-0.978470078,-0.076661001,11620,104644.357046166,0.008056292,1,-0.651222000,-0.805954000,-0.549889000,0.047519669,0.454707443,0.886416094,-0.072453642,1,-0.832995961,-0.784959217,-0.601402801,0.047519669,0.454707443,0.886416094,-0.072453642
18.818432375,104644.375847791,vr_world,11620,104644.357046166,0.018802167,1,-0.943019000,-0.695513000,-0.486836000,0.167022727,0.093929796,-0.978470078,-0.076661001,1,-0.820724624,-0.795971432,-0.593492726,0.167022727,0.093929796,-0.978470078,-0.076661001,11620,104644.357046166,0.018802167,1,-0.651222000,-0.805954000,-0.549889000,0.047519669,0.454707443,0.886416094,-0.072453642,1,-0.832995961,-0.784959217,-0.601402801,0.047519669,0.454707443,0.886416094,-0.072453642
18.830864375,104644.388279791,vr_world,11621,104644.376260625,0.012023000,1,-0.942269000,-0.699829000,-0.488889000,0.173199968,0.092847347,-0.977292280,-0.079252387,1,-0.821570784,-0.800106468,-0.597515920,0.173199968,0.092847347,-0.977292280,-0.079252387,11621,104644.376260625,0.012023000,1,-0.653258000,-0.807156000,-0.550547000,0.054414657,0.452344705,0.887258472,-0.072081321,1,-0.834514139,-0.787549320,-0.604380423,0.054414657,0.452344705,0.887258472,-0.072081321
18.843274792,104644.400690208,vr_world,11622,104644.396872875,0.003820041,1,-0.940888000,-0.701836000,-0.489436000,0.184973795,0.093209276,-0.974731177,-0.083641255,1,-0.822760634,-0.801166069,-0.601698627,0.184973795,0.093209276,-0.974731177,-0.083641255,11622,104644.396872875,0.003820041,1,-0.653526000,-0.806706000,-0.552333000,0.065154097,0.448878048,0.887790346,-0.078049619,1,-0.834197099,-0.789600208,-0.608915594,0.065154097,0.448878048,0.887790346,-0.078049619
18.855705334,104644.413120750,vr_world,11622,104644.396872875,0.016250041,1,-0.940888000,-0.701836000,-0.489436000,0.184973795,0.093209276,-0.974731177,-0.083641255,1,-0.822760634,-0.801166069,-0.601698627,0.184973795,0.093209276,-0.974731177,-0.083641255,11622,104644.396872875,0.016250041,1,-0.653526000,-0.806706000,-0.552333000,0.065154097,0.448878048,0.887790346,-0.078049619,1,-0.834197099,-0.789600208,-0.608915594,0.065154097,0.448878048,0.887790346,-0.078049619
18.868119459,104644.425534875,vr_world,11623,104644.417570125,0.007965125,1,-0.938997000,-0.704349000,-0.491829000,0.196264459,0.091081239,-0.972469580,-0.086529684,1,-0.823860478,-0.803663449,-0.607170536,0.196264459,0.091081239,-0.972469580,-0.086529684,11623,104644.417570125,0.007965125,1,-0.654519000,-0.807794000,-0.553995000,0.079197434,0.445073770,0.888180315,-0.082297227,1,-0.834127577,-0.793469583,-0.614590267,0.079197434,0.445073770,0.888180315,-0.082297227
18.880449084,104644.437864500,vr_world,11624,104644.437267208,0.000597708,1,-0.938498000,-0.705254000,-0.493711000,0.200637641,0.090389270,-0.971846325,-0.084196420,1,-0.824293411,-0.805153339,-0.609473236,0.200637641,0.090389270,-0.971846325,-0.084196420,11624,104644.437267208,0.000597708,1,-0.654116000,-0.809984000,-0.556719000,0.077398052,0.445573127,0.888000705,-0.083239883,1,-0.833939467,-0.795392874,-0.616609195,0.077398052,0.445573127,0.888000705,-0.083239883
18.892877959,104644.450293375,vr_world,11624,104644.437267208,0.013026792,1,-0.938498000,-0.705254000,-0.493711000,0.200637641,0.090389270,-0.971846325,-0.084196420,1,-0.824293411,-0.805153339,-0.609473236,0.200637641,0.090389270,-0.971846325,-0.084196420,11624,104644.437267208,0.013026792,1,-0.654116000,-0.809984000,-0.556719000,0.077398052,0.445573127,0.888000705,-0.083239883,1,-0.833939467,-0.795392874,-0.616609195,0.077398052,0.445573127,0.888000705,-0.083239883
18.903111209,104644.460526625,vr_world,11625,104644.457388375,0.003138875,1,-0.938684000,-0.708321000,-0.496597000,0.202783265,0.091103302,-0.971306718,-0.084512696,1,-0.824809629,-0.807954100,-0.612912646,0.202783265,0.091103302,-0.971306718,-0.084512696,11625,104644.457388375,0.003138875,1,-0.654105000,-0.811965000,-0.560183000,0.075720580,0.444740562,0.888565041,-0.083212940,1,-0.834142874,-0.797590956,-0.619479002,0.075720580,0.444740562,0.888565041,-0.083212940
18.915538500,104644.472953916,vr_world,11625,104644.457388375,0.015566083,1,-0.938684000,-0.708321000,-0.496597000,0.202783265,0.091103302,-0.971306718,-0.084512696,1,-0.824809629,-0.807954100,-0.612912646,0.202783265,0.091103302,-0.971306718,-0.084512696,11625,104644.457388375,0.015566083,1,-0.654105000,-0.811965000,-0.560183000,0.075720580,0.444740562,0.888565041,-0.083212940,1,-0.834142874,-0.797590956,-0.619479002,0.075720580,0.444740562,0.888565041,-0.083212940
18.927117334,104644.484532750,vr_world,11626,104644.475800625,0.008732791,1,-0.939613000,-0.709931000,-0.497846000,0.198954004,0.092487444,-0.971699358,-0.087542757,1,-0.824818764,-0.808656390,-0.614031381,0.198954004,0.092487444,-0.971699358,-0.087542757,11626,104644.475800625,0.008732791,1,-0.653896000,-0.813157000,-0.561921000,0.072741517,0.444830655,0.888880833,-0.082007466,1,-0.834181556,-0.798462269,-0.620379836,0.072741517,0.444830655,0.888880833,-0.082007466
18.939529334,104644.496944750,vr_world,11627,104644.495695416,0.001249625,1,-0.940307000,-0.711190000,-0.499321000,0.192177128,0.095266613,-0.972686212,-0.088734187,1,-0.823564446,-0.808983017,-0.614347644,0.192177128,0.095266613,-0.972686212,-0.088734187,11627,104644.495695416,0.001249625,1,-0.653819000,-0.814637000,-0.563325000,0.069226146,0.445890918,0.889105834,-0.076680151,1,-0.834161597,-0.798929387,-0.621342619,0.069226146,0.445890918,0.889105834,-0.076680151
18.951201542,104644.508616958,vr_world,11627,104644.495695416,0.012922584,1,-0.940307000,-0.711190000,-0.499321000,0.192177128,0.095266613,-0.972686212,-0.088734187,1,-0.823564446,-0.808983017,-0.614347644,0.192177128,0.095266613,-0.972686212,-0.088734187,11627,104644.495695416,0.012922584,1,-0.653819000,-0.814637000,-0.563325000,0.069226146,0.445890918,0.889105834,-0.076680151,1,-0.834161597,-0.798929387,-0.621342619,0.069226146,0.445890918,0.889105834,-0.076680151
18.963619709,104644.521035125,vr_world,11628,104644.515073208,0.005964458,1,-0.940174000,-0.714863000,-0.501299000,0.188209646,0.098083867,-0.972532523,-0.095588578,1,-0.822430699,-0.810647846,-0.616993588,0.188209646,0.098083867,-0.972532523,-0.095588578,11628,104644.515073208,0.005964458,1,-0.653712000,-0.816441000,-0.565509000,0.067600123,0.446689675,0.889454754,-0.069056493,1,-0.833817731,-0.799795008,-0.623998759,0.067600123,0.446689675,0.889454754,-0.069056493
18.976024792,104644.533440208,vr_world,11628,104644.515073208,0.018367625,1,-0.940174000,-0.714863000,-0.501299000,0.188209646,0.098083867,-0.972532523,-0.095588578,1,-0.822430699,-0.810647846,-0.616993588,0.188209646,0.098083867,-0.972532523,-0.095588578,11628,104644.515073208,0.018367625,1,-0.653712000,-0.816441000,-0.565509000,0.067600123,0.446689675,0.889454754,-0.069056493,1,-0.833817731,-0.799795008,-0.623998759,0.067600123,0.446689675,0.889454754,-0.069056493
18.988443209,104644.545858625,vr_world,11629,104644.534803708,0.011055417,1,-0.940095000,-0.716295000,-0.502332000,0.187460491,0.100503907,-0.971944856,-0.100402821,1,-0.821991718,-0.810518028,-0.618938401,0.187460491,0.100503907,-0.971944856,-0.100402821,11629,104644.534803708,0.011055417,1,-0.653166000,-0.817295000,-0.567490000,0.066175470,0.446838907,0.889749462,-0.065587299,1,-0.833244444,-0.800258804,-0.625951598,0.066175470,0.446838907,0.889749462,-0.065587299
18.999115125,104644.556530541,vr_world,11630,104644.554191708,0.002339250,1,-0.939525000,-0.717263000,-0.503667000,0.188656799,0.101677707,-0.971469145,-0.101577344,1,-0.821509762,-0.810927716,-0.620811198,0.188656799,0.101677707,-0.971469145,-0.101577344,11630,104644.554191708,0.002339250,1,-0.652950000,-0.817478000,-0.569251000,0.065672423,0.446386757,0.890115715,-0.064187307,1,-0.833035240,-0.800495923,-0.627707571,0.065672423,0.446386757,0.890115715,-0.064187307
19.011496000,104644.568911416,vr_world,11630,104644.554191708,0.014722875,1,-0.939525000,-0.717263000,-0.503667000,0.188656799,0.101677707,-0.971469145,-0.101577344,1,-0.821509762,-0.810927716,-0.620811198,0.188656799,0.101677707,-0.971469145,-0.101577344,11630,104644.554191708,0.014722875,1,-0.652950000,-0.817478000,-0.569251000,0.065672423,0.446386757,0.890115715,-0.064187307,1,-0.833035240,-0.800495923,-0.627707571,0.065672423,0.446386757,0.890115715,-0.064187307
19.023608459,104644.581023875,vr_world,11631,104644.574346458,0.006682500,1,-0.938317000,-0.718589000,-0.506682000,0.190281855,0.102259302,-0.971060721,-0.101867205,1,-0.820549329,-0.812021896,-0.624259792,0.190281855,0.102259302,-0.971060721,-0.101867205,11631,104644.574346458,0.006682500,1,-0.651547000,-0.818160000,-0.573574000,0.063327097,0.444341693,0.891338942,-0.063757573,1,-0.831951527,-0.801827356,-0.631225034,0.063327097,0.444341693,0.891338942,-0.063757573
19.035151334,104644.592566750,vr_world,11631,104644.574346458,0.018221750,1,-0.938317000,-0.718589000,-0.506682000,0.190281855,0.102259302,-0.971060721,-0.101867205,1,-0.820549329,-0.812021896,-0.624259792,0.190281855,0.102259302,-0.971060721,-0.101867205,11631,104644.574346458,0.018221750,1,-0.651547000,-0.818160000,-0.573574000,0.063327097,0.444341693,0.891338942,-0.063757573,1,-0.831951527,-0.801827356,-0.631225034,0.063327097,0.444341693,0.891338942,-0.063757573
19.047501334,104644.604916750,vr_world,11632,104644.594034333,0.010882958,1,-0.936659000,-0.718945000,-0.508429000,0.194194819,0.102104926,-0.970665543,-0.098343075,1,-0.819541964,-0.813049281,-0.626121158,0.194194819,0.102104926,-0.970665543,-0.098343075,11632,104644.594034333,0.010882958,1,-0.650919000,-0.817856000,-0.575918000,0.063960840,0.442429302,0.892099944,-0.065749624,1,-0.831442183,-0.802475012,-0.633459615,0.063960840,0.442429302,0.892099944,-0.065749624
19.059898625,104644.617314041,vr_world,11633,104644.614042791,0.003271625,1,-0.933687000,-0.720567000,-0.511027000,0.203028024,0.101646376,-0.968922821,-0.098164158,1,-0.818571324,-0.814759193,-0.630608194,0.203028024,0.101646376,-0.968922821,-0.098164158,11633,104644.614042791,0.003271625,1,-0.649589000,-0.817670000,-0.580418000,0.065907563,0.439106035,0.893301875,-0.069669533,1,-0.830243776,-0.804024597,-0.637984171,0.065907563,0.439106035,0.893301875,-0.069669533
19.072302625,104644.629718041,vr_world,11633,104644.614042791,0.015678417,1,-0.933687000,-0.720567000,-0.511027000,0.203028024,0.101646376,-0.968922821,-0.098164158,1,-0.818571324,-0.814759193,-0.630608194,0.203028024,0.101646376,-0.968922821,-0.098164158,11633,104644.614042791,0.015678417,1,-0.649589000,-0.817670000,-0.580418000,0.065907563,0.439106035,0.893301875,-0.069669533,1,-0.830243776,-0.804024597,-0.637984171,0.065907563,0.439106035,0.893301875,-0.069669533
19.084710250,104644.642125666,vr_world,11634,104644.634772500,0.007353541,1,-0.931393000,-0.721519000,-0.512364000,0.209866249,0.101178590,-0.967363628,-0.099632636,1,-0.817982307,-0.815503954,-0.633724277,0.209866249,0.101178590,-0.967363628,-0.099632636,11634,104644.634772500,0.007353541,1,-0.648534000,-0.818040000,-0.583576000,0.066352626,0.437860596,0.893622759,-0.072895766,1,-0.829346671,-0.805142219,-0.640818064,0.066352626,0.437860596,0.893622759,-0.072895766
19.097154917,104644.654570333,vr_world,11635,104644.653818375,0.000754875,1,-0.928115000,-0.722994000,-0.515064000,0.219313189,0.100498203,-0.965275770,-0.100222375,1,-0.817010706,-0.816974070,-0.638542962,0.219313189,0.100498203,-0.965275770,-0.100222375,11635,104644.653818375,0.000754875,1,-0.646879000,-0.818610000,-0.589411000,0.062464263,0.435071725,0.895003949,-0.076018027,1,-0.828334848,-0.806788492,-0.644821106,0.062464263,0.435071725,0.895003949,-0.076018027
19.109573334,104644.666988750,vr_world,11635,104644.653818375,0.013171666,1,-0.928115000,-0.722994000,-0.515064000,0.219313189,0.100498203,-0.965275770,-0.100222375,1,-0.817010706,-0.816974070,-0.638542962,0.219313189,0.100498203,-0.965275770,-0.100222375,11635,104644.653818375,0.013171666,1,-0.646879000,-0.818610000,-0.589411000,0.062464263,0.435071725,0.895003949,-0.076018027,1,-0.828334848,-0.806788492,-0.644821106,0.062464263,0.435071725,0.895003949,-0.076018027
19.121779250,104644.679194666,vr_world,11636,104644.673832458,0.005362625,1,-0.926192000,-0.723939000,-0.516654000,0.222825338,0.099977083,-0.964303265,-0.102336040,1,-0.816144588,-0.817618844,-0.641301896,0.222825338,0.099977083,-0.964303265,-0.102336040,11636,104644.673832458,0.005362625,1,-0.646038000,-0.819332000,-0.591996000,0.061711736,0.434259875,0.895533537,-0.075031367,1,-0.827553770,-0.807726561,-0.647254903,0.061711736,0.434259875,0.895533537,-0.075031367
19.134177875,104644.691593291,vr_world,11636,104644.673832458,0.017761417,1,-0.926192000,-0.723939000,-0.516654000,0.222825338,0.099977083,-0.964303265,-0.102336040,1,-0.816144588,-0.817618844,-0.641301896,0.222825338,0.099977083,-0.964303265,-0.102336040,11636,104644.673832458,0.017761417,1,-0.646038000,-0.819332000,-0.591996000,0.061711736,0.434259875,0.895533537,-0.075031367,1,-0.827553770,-0.807726561,-0.647254903,0.061711736,0.434259875,0.895533537,-0.075031367
19.145787292,104644.703202708,vr_world,11637,104644.694029458,0.009173500,1,-0.923298000,-0.725760000,-0.519544000,0.228338796,0.100109268,-0.962695549,-0.105151360,1,-0.814700459,-0.818798813,-0.645931380,0.228338796,0.100109268,-0.962695549,-0.105151360,11637,104644.694029458,0.009173500,1,-0.644618000,-0.819821000,-0.596600000,0.058958783,0.432765224,0.896749053,-0.071268917,1,-0.826289378,-0.808400497,-0.651383840,0.058958783,0.432765224,0.896749053,-0.071268917
19.158191709,104644.715607125,vr_world,11638,104644.714276208,0.001331250,1,-0.921343000,-0.727014000,-0.521158000,0.230220560,0.101801366,-0.961573356,-0.109597701,1,-0.813168088,-0.818684481,-0.648900705,0.230220560,0.101801366,-0.961573356,-0.109597701,11638,104644.714276208,0.001331250,1,-0.643980000,-0.819298000,-0.597355000,0.065461224,0.432532422,0.896624593,-0.068519137,1,-0.824882851,-0.808202094,-0.654689600,0.065461224,0.432532422,0.896624593,-0.068519137
19.169864917,104644.727280333,vr_world,11638,104644.714276208,0.013004500,1,-0.921343000,-0.727014000,-0.521158000,0.230220560,0.101801366,-0.961573356,-0.109597701,1,-0.813168088,-0.818684481,-0.648900705,0.230220560,0.101801366,-0.961573356,-0.109597701,11638,104644.714276208,0.013004500,1,-0.643980000,-0.819298000,-0.597355000,0.065461224,0.432532422,0.896624593,-0.068519137,1,-0.824882851,-0.808202094,-0.654689600,0.065461224,0.432532422,0.896624593,-0.068519137
19.182280459,104644.739695875,vr_world,11639,104644.734047958,0.005648542,1,-0.918805000,-0.727543000,-0.522959000,0.233767843,0.102030108,-0.960333931,-0.112699571,1,-0.811650439,-0.818487220,-0.652073326,0.233767843,0.102030108,-0.960333931,-0.112699571,11639,104644.734047958,0.005648542,1,-0.642747000,-0.819627000,-0.599444000,0.068652827,0.431775820,0.896919454,-0.066271594,1,-0.823238970,-0.808884373,-0.658125197,0.068652827,0.431775820,0.896919454,-0.066271594
19.194684917,104644.752100333,vr_world,11639,104644.734047958,0.018052875,1,-0.918805000,-0.727543000,-0.522959000,0.233767843,0.102030108,-0.960333931,-0.112699571,1,-0.811650439,-0.818487220,-0.652073326,0.233767843,0.102030108,-0.960333931,-0.112699571,11639,104644.734047958,0.018052875,1,-0.642747000,-0.819627000,-0.599444000,0.068652827,0.431775820,0.896919454,-0.066271594,1,-0.823238970,-0.808884373,-0.658125197,0.068652827,0.431775820,0.896919454,-0.066271594
19.207095084,104644.764510500,vr_world,11640,104644.753027250,0.011483750,1,-0.914890000,-0.728551000,-0.526181000,0.241021631,0.101331434,-0.957994894,-0.117840133,1,-0.809999388,-0.818547915,-0.657793931,0.241021631,0.101331434,-0.957994894,-0.117840133,11640,104644.753027250,0.011483750,1,-0.641037000,-0.819947000,-0.603471000,0.070820788,0.431493710,0.897384606,-0.059147809,1,-0.820960895,-0.808945353,-0.663824589,0.070820788,0.431493710,0.897384606,-0.059147809
19.217779292,104644.775194708,vr_world,11641,104644.772326250,0.002868875,1,-0.912587000,-0.729207000,-0.528173000,0.244741613,0.101243548,-0.957004167,-0.118297549,1,-0.808653500,-0.819090620,-0.660620068,0.244741613,0.101243548,-0.957004167,-0.118297549,11641,104644.772326250,0.002868875,1,-0.640096000,-0.819005000,-0.606588000,0.068463296,0.429955665,0.898469406,-0.056600621,1,-0.820203363,-0.808291928,-0.666444410,0.068463296,0.429955665,0.898469406,-0.056600621
19.230163667,104644.787579083,vr_world,11641,104644.772326250,0.015253333,1,-0.912587000,-0.729207000,-0.528173000,0.244741613,0.101243548,-0.957004167,-0.118297549,1,-0.808653500,-0.819090620,-0.660620068,0.244741613,0.101243548,-0.957004167,-0.118297549,11641,104644.772326250,0.015253333,1,-0.640096000,-0.819005000,-0.606588000,0.068463296,0.429955665,0.898469406,-0.056600621,1,-0.820203363,-0.808291928,-0.666444410,0.068463296,0.429955665,0.898469406,-0.056600621
19.242575417,104644.799990833,vr_world,11642,104644.793094041,0.006897417,1,-0.911449000,-0.724613000,-0.525163000,0.251305660,0.101524172,-0.954927736,-0.121042665,1,-0.809287596,-0.813768982,-0.659467475,0.251305660,0.101524172,-0.954927736,-0.121042665,11642,104644.793094041,0.006897417,1,-0.621960000,-0.817391000,-0.608950000,0.051147974,0.426568166,0.900498432,-0.067275986,1,-0.804413123,-0.807731895,-0.661426518,0.051147974,0.426568166,0.900498432,-0.067275986
19.254988042,104644.812403458,vr_world,11642,104644.793094041,0.019310250,1,-0.911449000,-0.724613000,-0.525163000,0.251305660,0.101524172,-0.954927736,-0.121042665,1,-0.809287596,-0.813768982,-0.659467475,0.251305660,0.101524172,-0.954927736,-0.121042665,11642,104644.793094041,0.019310250,1,-0.621960000,-0.817391000,-0.608950000,0.051147974,0.426568166,0.900498432,-0.067275986,1,-0.804413123,-0.807731895,-0.661426518,0.051147974,0.426568166,0.900498432,-0.067275986
19.265127875,104644.822543291,vr_world,11643,104644.814525166,0.008018625,1,-0.908753000,-0.728373000,-0.533433000,0.223767255,0.099623249,-0.965121110,-0.092437363,1,-0.798293437,-0.824063495,-0.656174306,0.223767255,0.099623249,-0.965121110,-0.092437363,11643,104644.814525166,0.008018625,1,-0.630744000,-0.818594000,-0.609925000,0.054769973,0.426240602,0.900422325,-0.067519159,1,-0.812873172,-0.809304458,-0.663580061,0.054769973,0.426240602,0.900422325,-0.067519159
19.276030334,104644.833445750,vr_world,11643,104644.814525166,0.018922000,1,-0.908753000,-0.728373000,-0.533433000,0.223767255,0.099623249,-0.965121110,-0.092437363,1,-0.798293437,-0.824063495,-0.656174306,0.223767255,0.099623249,-0.965121110,-0.092437363,11643,104644.814525166,0.018922000,1,-0.630744000,-0.818594000,-0.609925000,0.054769973,0.426240602,0.900422325,-0.067519159,1,-0.812873172,-0.809304458,-0.663580061,0.054769973,0.426240602,0.900422325,-0.067519159
19.288189000,104644.845604416,vr_world,11644,104644.834974750,0.010631083,1,-0.906121000,-0.727091000,-0.525623000,0.238820451,0.103631925,-0.958143328,-0.119107426,1,-0.800337755,-0.816226474,-0.657107734,0.238820451,0.103631925,-0.958143328,-0.119107426,11644,104644.834974750,0.010631083,1,-0.626943000,-0.816668000,-0.617232000,0.026993737,0.408374305,0.909032931,-0.078491368,1,-0.812291653,-0.813583216,-0.659334354,0.026993737,0.408374305,0.909032931,-0.078491368
19.300536334,104644.857951750,vr_world,11645,104644.853867666,0.004085042,1,-0.904853000,-0.725128000,-0.528862000,0.232504931,0.098787108,-0.962483906,-0.099031788,1,-0.797050638,-0.819702792,-0.654789257,0.232504931,0.098787108,-0.962483906,-0.099031788,11645,104644.853867666,0.004085042,1,-0.627496000,-0.818592000,-0.615593000,0.031313801,0.415118049,0.905675368,-0.080303044,1,-0.812456997,-0.813135915,-0.659135100,0.031313801,0.415118049,0.905675368,-0.080303044
19.312912709,104644.870328125,vr_world,11645,104644.853867666,0.016461500,1,-0.904853000,-0.725128000,-0.528862000,0.232504931,0.098787108,-0.962483906,-0.099031788,1,-0.797050638,-0.819702792,-0.654789257,0.232504931,0.098787108,-0.962483906,-0.099031788,11645,104644.853867666,0.016461500,1,-0.627496000,-0.818592000,-0.615593000,0.031313801,0.415118049,0.905675368,-0.080303044,1,-0.812456997,-0.813135915,-0.659135100,0.031313801,0.415118049,0.905675368,-0.080303044
19.325336459,104644.882751875,vr_world,11646,104644.873657708,0.009094667,1,-0.899469000,-0.725566000,-0.526736000,0.250885023,0.093489419,-0.958127018,-0.101533498,1,-0.797302922,-0.820914442,-0.656713770,0.250885023,0.093489419,-0.958127018,-0.101533498,11646,104644.873657708,0.009094667,1,-0.623386000,-0.818047000,-0.616587000,0.031825101,0.415639091,0.905589702,-0.078349220,1,-0.808226989,-0.812303829,-0.660599136,0.031825101,0.415639091,0.905589702,-0.078349220
19.337731542,104644.895146958,vr_world,11647,104644.893700416,0.001446959,1,-0.897061000,-0.726770000,-0.528130000,0.252063677,0.093286878,-0.958189450,-0.098155174,1,-0.794960439,-0.822844858,-0.657623266,0.252063677,0.093286878,-0.958189450,-0.098155174,11647,104644.893700416,0.001446959,1,-0.621592000,-0.818239000,-0.617319000,0.032831115,0.415087186,0.905609734,-0.080596251,1,-0.806444422,-0.812903747,-0.661333765,0.032831115,0.415087186,0.905609734,-0.080596251
19.350107584,104644.907523000,vr_world,11647,104644.893700416,0.013823167,1,-0.897061000,-0.726770000,-0.528130000,0.252063677,0.093286878,-0.958189450,-0.098155174,1,-0.794960439,-0.822844858,-0.657623266,0.252063677,0.093286878,-0.958189450,-0.098155174,11647,104644.893700416,0.013823167,1,-0.621592000,-0.818239000,-0.617319000,0.032831115,0.415087186,0.905609734,-0.080596251,1,-0.806444422,-0.812903747,-0.661333765,0.032831115,0.415087186,0.905609734,-0.080596251
19.360388792,104644.917804208,vr_world,11648,104644.913971208,0.003833542,1,-0.893593000,-0.728194000,-0.529843000,0.260386028,0.090611790,-0.956059357,-0.099695169,1,-0.794191093,-0.824597996,-0.661178335,0.260386028,0.090611790,-0.956059357,-0.099695169,11648,104644.913971208,0.003833542,1,-0.619756000,-0.818656000,-0.618561000,0.029011780,0.408778313,0.908663769,-0.079929739,1,-0.804992980,-0.815605659,-0.661154058,0.029011780,0.408778313,0.908663769,-0.079929739
19.372772042,104644.930187458,vr_world,11648,104644.913971208,0.016216792,1,-0.893593000,-0.728194000,-0.529843000,0.260386028,0.090611790,-0.956059357,-0.099695169,1,-0.794191093,-0.824597996,-0.661178335,0.260386028,0.090611790,-0.956059357,-0.099695169,11648,104644.913971208,0.016216792,1,-0.619756000,-0.818656000,-0.618561000,0.029011780,0.408778313,0.908663769,-0.079929739,1,-0.804992980,-0.815605659,-0.661154058,0.029011780,0.408778313,0.908663769,-0.079929739
19.383115959,104644.940531375,vr_world,11649,104644.933976916,0.006554917,1,-0.890355000,-0.727958000,-0.529085000,0.262522628,0.090908542,-0.955429996,-0.099855037,1,-0.791431021,-0.824234242,-0.660874134,0.262522628,0.090908542,-0.955429996,-0.099855037,11649,104644.933976916,0.006554917,1,-0.617465000,-0.819688000,-0.619390000,0.023858948,0.406798669,0.910027109,-0.076133134,1,-0.802993371,-0.816928827,-0.660716521,0.023858948,0.406798669,0.910027109,-0.076133134
19.393721750,104644.951137166,vr_world,11649,104644.933976916,0.017160584,1,-0.890355000,-0.727958000,-0.529085000,0.262522628,0.090908542,-0.955429996,-0.099855037,1,-0.791431021,-0.824234242,-0.660874134,0.262522628,0.090908542,-0.955429996,-0.099855037,11649,104644.933976916,0.017160584,1,-0.617465000,-0.819688000,-0.619390000,0.023858948,0.406798669,0.910027109,-0.076133134,1,-0.802993371,-0.816928827,-0.660716521,0.023858948,0.406798669,0.910027109,-0.076133134
19.406116959,104644.963532375,vr_world,11650,104644.955841666,0.007691209,1,-0.887466000,-0.730353000,-0.528228000,0.271703003,0.092851741,-0.952319297,-0.103169709,1,-0.790703679,-0.825362470,-0.662517539,0.271703003,0.092851741,-0.952319297,-0.103169709,11650,104644.955841666,0.007691209,1,-0.616523000,-0.819185000,-0.619526000,0.023791001,0.403420811,0.911736231,-0.073638870,1,-0.802013495,-0.817649830,-0.661085459,0.023791001,0.403420811,0.911736231,-0.073638870
19.417833167,104644.975248583,vr_world,11651,104644.974864416,0.000384542,1,-0.883175000,-0.732247000,-0.529603000,0.277163416,0.091241148,-0.950516805,-0.106645662,1,-0.788413932,-0.826901670,-0.665559850,0.277163416,0.091241148,-0.950516805,-0.106645662,11651,104644.974864416,0.000384542,1,-0.614163000,-0.818373000,-0.619836000,0.022818178,0.399615990,0.913321088,-0.075039867,1,-0.799805420,-0.818394419,-0.660739871,0.022818178,0.399615990,0.913321088,-0.075039867
19.430203459,104644.987618875,vr_world,11651,104644.974864416,0.012754959,1,-0.883175000,-0.732247000,-0.529603000,0.277163416,0.091241148,-0.950516805,-0.106645662,1,-0.788413932,-0.826901670,-0.665559850,0.277163416,0.091241148,-0.950516805,-0.106645662,11651,104644.974864416,0.012754959,1,-0.614163000,-0.818373000,-0.619836000,0.022818178,0.399615990,0.913321088,-0.075039867,1,-0.799805420,-0.818394419,-0.660739871,0.022818178,0.399615990,0.913321088,-0.075039867
19.442627042,104645.000042458,vr_world,11652,104644.996135708,0.003907208,1,-0.880966000,-0.733247000,-0.530349000,0.280230852,0.089795895,-0.949169261,-0.111736661,1,-0.787713796,-0.827164017,-0.667851930,0.280230852,0.089795895,-0.949169261,-0.111736661,11652,104644.996135708,0.003907208,1,-0.612989000,-0.817284000,-0.619622000,0.026705094,0.396675640,0.914434356,-0.075796327,1,-0.798377336,-0.818753554,-0.661636202,0.026705094,0.396675640,0.914434356,-0.075796327
19.455046417,104645.012461833,vr_world,11652,104644.996135708,0.016326750,1,-0.880966000,-0.733247000,-0.530349000,0.280230852,0.089795895,-0.949169261,-0.111736661,1,-0.787713796,-0.827164017,-0.667851930,0.280230852,0.089795895,-0.949169261,-0.111736661,11652,104644.996135708,0.016326750,1,-0.612989000,-0.817284000,-0.619622000,0.026705094,0.396675640,0.914434356,-0.075796327,1,-0.798377336,-0.818753554,-0.661636202,0.026705094,0.396675640,0.914434356,-0.075796327
19.465780250,104645.023195666,vr_world,11653,104645.018465250,0.004730916,1,-0.878262000,-0.734661000,-0.532132000,0.279975492,0.089300631,-0.948660819,-0.116969111,1,-0.785485841,-0.827580568,-0.670631022,0.279975492,0.089300631,-0.948660819,-0.116969111,11653,104645.018465250,0.004730916,1,-0.610802000,-0.816425000,-0.619251000,0.029272801,0.391456951,0.916757401,-0.073894697,1,-0.795935360,-0.820030677,-0.662248985,0.029272801,0.391456951,0.916757401,-0.073894697
19.478197292,104645.035612708,vr_world,11653,104645.018465250,0.017148041,1,-0.878262000,-0.734661000,-0.532132000,0.279975492,0.089300631,-0.948660819,-0.116969111,1,-0.785485841,-0.827580568,-0.670631022,0.279975492,0.089300631,-0.948660819,-0.116969111,11653,104645.018465250,0.017148041,1,-0.610802000,-0.816425000,-0.619251000,0.029272801,0.391456951,0.916757401,-0.073894697,1,-0.795935360,-0.820030677,-0.662248985,0.029272801,0.391456951,0.916757401,-0.073894697
19.489429667,104645.046845083,vr_world,11654,104645.038332208,0.008513167,1,-0.877498000,-0.735147000,-0.533140000,0.273388030,0.087873380,-0.950487027,-0.118792533,1,-0.783466385,-0.828118557,-0.670754614,0.273388030,0.087873380,-0.950487027,-0.118792533,11654,104645.038332208,0.008513167,1,-0.608960000,-0.816175000,-0.619077000,0.029901446,0.389943344,0.917725543,-0.069497623,1,-0.793891327,-0.820168318,-0.662902380,0.029901446,0.389943344,0.917725543,-0.069497623
19.501843542,104645.059258958,vr_world,11655,104645.057336208,0.001923125,1,-0.875276000,-0.736188000,-0.534993000,0.265830343,0.084810875,-0.952596344,-0.121249946,1,-0.780144451,-0.829517825,-0.671605386,0.265830343,0.084810875,-0.952596344,-0.121249946,11655,104645.057336208,0.001923125,1,-0.605836000,-0.814058000,-0.619997000,0.026737570,0.381824215,0.921567156,-0.064879492,1,-0.790826875,-0.820853257,-0.663222544,0.026737570,0.381824215,0.921567156,-0.064879492
19.513780417,104645.071195833,vr_world,11655,104645.057336208,0.013860125,1,-0.875276000,-0.736188000,-0.534993000,0.265830343,0.084810875,-0.952596344,-0.121249946,1,-0.780144451,-0.829517825,-0.671605386,0.265830343,0.084810875,-0.952596344,-0.121249946,11655,104645.057336208,0.013860125,1,-0.605836000,-0.814058000,-0.619997000,0.026737570,0.381824215,0.921567156,-0.064879492,1,-0.790826875,-0.820853257,-0.663222544,0.026737570,0.381824215,0.921567156,-0.064879492
19.524447209,104645.081862625,vr_world,11656,104645.076529666,0.005333459,1,-0.875550000,-0.736379000,-0.535198000,0.260404751,0.086525253,-0.953868479,-0.121809975,1,-0.778740998,-0.829218299,-0.670964000,0.260404751,0.086525253,-0.953868479,-0.121809975,11656,104645.076529666,0.005333459,1,-0.604342000,-0.811607000,-0.620143000,0.028265307,0.365178812,0.928245249,-0.064855731,1,-0.788953987,-0.825101786,-0.663415487,0.028265307,0.365178812,0.928245249,-0.064855731
19.534778042,104645.092193458,vr_world,11656,104645.076529666,0.015664125,1,-0.875550000,-0.736379000,-0.535198000,0.260404751,0.086525253,-0.953868479,-0.121809975,1,-0.778740998,-0.829218299,-0.670964000,0.260404751,0.086525253,-0.953868479,-0.121809975,11656,104645.076529666,0.015664125,1,-0.604342000,-0.811607000,-0.620143000,0.028265307,0.365178812,0.928245249,-0.064855731,1,-0.788953987,-0.825101786,-0.663415487,0.028265307,0.365178812,0.928245249,-0.064855731
19.545739209,104645.103154625,vr_world,11657,104645.096274958,0.006880458,1,-0.876845000,-0.735897000,-0.535443000,0.247961907,0.088610421,-0.957407212,-0.118467364,1,-0.776262335,-0.829068414,-0.668204637,0.247961907,0.088610421,-0.957407212,-0.118467364,11657,104645.096274958,0.006880458,1,-0.601870000,-0.810347000,-0.619810000,0.033403703,0.353836276,0.932523015,-0.063913296,1,-0.785712667,-0.828521826,-0.664618109,0.033403703,0.353836276,0.932523015,-0.063913296
19.557979959,104645.115395375,vr_world,11657,104645.096274958,0.019120792,1,-0.876845000,-0.735897000,-0.535443000,0.247961907,0.088610421,-0.957407212,-0.118467364,1,-0.776262335,-0.829068414,-0.668204637,0.247961907,0.088610421,-0.957407212,-0.118467364,11657,104645.096274958,0.019120792,1,-0.601870000,-0.810347000,-0.619810000,0.033403703,0.353836276,0.932523015,-0.063913296,1,-0.785712667,-0.828521826,-0.664618109,0.033403703,0.353836276,0.932523015,-0.063913296
19.570379834,104645.127795250,vr_world,11658,104645.115884375,0.011911291,1,-0.877432000,-0.736637000,-0.536253000,0.226575776,0.090665161,-0.962676902,-0.117031745,1,-0.771192137,-0.829842604,-0.664507563,0.226575776,0.090665161,-0.962676902,-0.117031745,11658,104645.115884375,0.011911291,1,-0.596089000,-0.808483000,-0.620255000,0.035827950,0.338766222,0.938155463,-0.061791042,1,-0.779076444,-0.832539383,-0.665786987,0.035827950,0.338766222,0.938155463,-0.061791042
19.582789459,104645.140204875,vr_world,11659,104645.134818541,0.005386875,1,-0.878259000,-0.736057000,-0.535904000,0.214182750,0.086727294,-0.965904103,-0.116762107,1,-0.769943102,-0.830539995,-0.661459103,0.214182750,0.086727294,-0.965904103,-0.116762107,11659,104645.134818541,0.005386875,1,-0.591493000,-0.808170000,-0.621354000,0.025186345,0.332971261,0.940716690,-0.059564216,1,-0.775045536,-0.833829884,-0.663618613,0.025186345,0.332971261,0.940716690,-0.059564216
19.595197667,104645.152613083,vr_world,11659,104645.134818541,0.017795000,1,-0.878259000,-0.736057000,-0.535904000,0.214182750,0.086727294,-0.965904103,-0.116762107,1,-0.769943102,-0.830539995,-0.661459103,0.214182750,0.086727294,-0.965904103,-0.116762107,11659,104645.134818541,0.017795000,1,-0.591493000,-0.808170000,-0.621354000,0.025186345,0.332971261,0.940716690,-0.059564216,1,-0.775045536,-0.833829884,-0.663618613,0.025186345,0.332971261,0.940716690,-0.059564216
19.607343250,104645.164758666,vr_world,11660,104645.154425208,0.010339708,1,-0.879481000,-0.735156000,-0.535492000,0.193820015,0.084526189,-0.970823097,-0.113100131,1,-0.766842150,-0.831248363,-0.655917078,0.193820015,0.084526189,-0.970823097,-0.113100131,11660,104645.154425208,0.010339708,1,-0.584321000,-0.807879000,-0.621299000,0.009110417,0.328669544,0.943068766,-0.050146128,1,-0.768654572,-0.833900639,-0.659773169,0.009110417,0.328669544,0.943068766,-0.050146128
19.619479834,104645.176895250,vr_world,11661,104645.174133291,0.002763167,1,-0.880388000,-0.734168000,-0.534825000,0.187134322,0.084836995,-0.972446869,-0.110138626,1,-0.766059316,-0.830845472,-0.653171644,0.187134322,0.084836995,-0.972446869,-0.110138626,11661,104645.174133291,0.002763167,1,-0.580112000,-0.806715000,-0.620030000,0.003542945,0.328568034,0.943600483,-0.040603248,1,-0.764604486,-0.831932696,-0.658276993,0.003542945,0.328568034,0.943600483,-0.040603248
19.631773542,104645.189188958,vr_world,11661,104645.174133291,0.015056250,1,-0.880388000,-0.734168000,-0.534825000,0.187134322,0.084836995,-0.972446869,-0.110138626,1,-0.766059316,-0.830845472,-0.653171644,0.187134322,0.084836995,-0.972446869,-0.110138626,11661,104645.174133291,0.015056250,1,-0.580112000,-0.806715000,-0.620030000,0.003542945,0.328568034,0.943600483,-0.040603248,1,-0.764604486,-0.831932696,-0.658276993,0.003542945,0.328568034,0.943600483,-0.040603248
19.643874125,104645.201289541,vr_world,11662,104645.195332250,0.005958583,1,-0.881702000,-0.732362000,-0.533897000,0.174708746,0.079153995,-0.976036995,-0.102777836,1,-0.765554706,-0.832138168,-0.647817962,0.174708746,0.079153995,-0.976036995,-0.102777836,11662,104645.195332250,0.005958583,1,-0.572812000,-0.803669000,-0.617874000,0.001094610,-0.320188292,-0.946958419,0.027349802,1,-0.756866446,-0.831065713,-0.656727218,0.001094610,-0.320188292,-0.946958419,0.027349802
19.656043292,104645.213458708,vr_world,11662,104645.195332250,0.018127750,1,-0.881702000,-0.732362000,-0.533897000,0.174708746,0.079153995,-0.976036995,-0.102777836,1,-0.765554706,-0.832138168,-0.647817962,0.174708746,0.079153995,-0.976036995,-0.102777836,11662,104645.195332250,0.018127750,1,-0.572812000,-0.803669000,-0.617874000,0.001094610,-0.320188292,-0.946958419,0.027349802,1,-0.756866446,-0.831065713,-0.656727218,0.001094610,-0.320188292,-0.946958419,0.027349802
19.668378959,104645.225794375,vr_world,11663,104645.214205166,0.011590667,1,-0.882463000,-0.731204000,-0.532933000,0.172818468,0.071592521,-0.977350560,-0.098965500,1,-0.767372260,-0.833740342,-0.645466918,0.172818468,0.071592521,-0.977350560,-0.098965500,11663,104645.214205166,0.011590667,1,-0.569143000,-0.801151000,-0.616524000,0.000369220,0.315724933,0.948552689,-0.023778699,1,-0.752738925,-0.830069401,-0.656429763,0.000369220,0.315724933,0.948552689,-0.023778699
19.678952292,104645.236367708,vr_world,11664,104645.232846208,0.003522625,1,-0.883175000,-0.729844000,-0.532137000,0.171760022,0.065427983,-0.978296840,-0.095671136,1,-0.769066759,-0.834634024,-0.643589873,0.171760022,0.065427983,-0.978296840,-0.095671136,11664,104645.232846208,0.003522625,1,-0.565515000,-0.797875000,-0.614054000,0.005671127,0.311070166,0.950104951,-0.022444867,1,-0.748373965,-0.828667924,-0.655894015,0.005671127,0.311070166,0.950104951,-0.022444867
19.691298417,104645.248713833,vr_world,11664,104645.232846208,0.015868292,1,-0.883175000,-0.729844000,-0.532137000,0.171760022,0.065427983,-0.978296840,-0.095671136,1,-0.769066759,-0.834634024,-0.643589873,0.171760022,0.065427983,-0.978296840,-0.095671136,11664,104645.232846208,0.015868292,1,-0.565515000,-0.797875000,-0.614054000,0.005671127,0.311070166,0.950104951,-0.022444867,1,-0.748373965,-0.828667924,-0.655894015,0.005671127,0.311070166,0.950104951,-0.022444867
19.703558000,104645.260973416,vr_world,11665,104645.252365541,0.008608375,1,-0.884225000,-0.727381000,-0.530298000,0.167785813,0.054112137,-0.980061970,-0.091642416,1,-0.771691523,-0.835915777,-0.639750589,0.167785813,0.054112137,-0.980061970,-0.091642416,11665,104645.252365541,0.008608375,1,-0.557554000,-0.792219000,-0.610259000,0.013361119,0.308659138,0.950846568,-0.021019557,1,-0.739579033,-0.824087486,-0.654840691,0.013361119,0.308659138,0.950846568,-0.021019557
19.715918542,104645.273333958,vr_world,11666,104645.271520291,0.001814167,1,-0.885885000,-0.725289000,-0.528898000,0.164459825,0.049973443,-0.980927994,-0.090751817,1,-0.773611685,-0.835100712,-0.637339263,0.164459825,0.049973443,-0.980927994,-0.090751817,11666,104645.271520291,0.001814167,1,-0.552536000,-0.787623000,-0.608720000,0.015404255,0.308851441,0.950625319,-0.026172483,1,-0.734546769,-0.819882584,-0.653077677,0.015404255,0.308851441,0.950625319,-0.026172483
19.728330709,104645.285746125,vr_world,11666,104645.271520291,0.014226459,1,-0.885885000,-0.725289000,-0.528898000,0.164459825,0.049973443,-0.980927994,-0.090751817,1,-0.773611685,-0.835100712,-0.637339263,0.164459825,0.049973443,-0.980927994,-0.090751817,11666,104645.271520291,0.014226459,1,-0.552536000,-0.787623000,-0.608720000,0.015404255,0.308851441,0.950625319,-0.026172483,1,-0.734546769,-0.819882584,-0.653077677,0.015404255,0.308851441,0.950625319,-0.026172483
19.740449250,104645.297864666,vr_world,11667,104645.291043708,0.006821583,1,-0.887434000,-0.723010000,-0.527799000,0.156329460,0.046921911,-0.982753015,-0.086924942,1,-0.774113030,-0.834401950,-0.633504445,0.156329460,0.046921911,-0.982753015,-0.086924942,11667,104645.291043708,0.006821583,1,-0.547862000,-0.782866000,-0.607743000,0.012285003,0.305453052,0.951583084,-0.032204750,1,-0.730078167,-0.816762004,-0.649986831,0.012285003,0.305453052,0.951583084,-0.032204750
19.752877417,104645.310292833,vr_world,11668,104645.310025458,0.000267667,1,-0.889723000,-0.718167000,-0.525363000,0.143397152,0.037741921,-0.985683493,-0.080254946,1,-0.775871860,-0.833238264,-0.626457036,0.143397152,0.037741921,-0.985683493,-0.080254946,11668,104645.310025458,0.000267667,1,-0.539494000,-0.774382000,-0.604944000,0.007284044,0.302360180,0.952424289,-0.037593058,1,-0.722037926,-0.809657927,-0.644561715,0.007284044,0.302360180,0.952424289,-0.037593058
19.763682750,104645.321098166,vr_world,11668,104645.310025458,0.011073333,1,-0.889723000,-0.718167000,-0.525363000,0.143397152,0.037741921,-0.985683493,-0.080254946,1,-0.775871860,-0.833238264,-0.626457036,0.143397152,0.037741921,-0.985683493,-0.080254946,11668,104645.310025458,0.011073333,1,-0.539494000,-0.774382000,-0.604944000,0.007284044,0.302360180,0.952424289,-0.037593058,1,-0.722037926,-0.809657927,-0.644561715,0.007284044,0.302360180,0.952424289,-0.037593058
19.776075500,104645.333490916,vr_world,11669,104645.330090541,0.003400834,1,-0.891234000,-0.714643000,-0.524450000,0.133160448,0.034537756,-0.987731376,-0.073906482,1,-0.776057660,-0.831723083,-0.621661666,0.133160448,0.034537756,-0.987731376,-0.073906482,11669,104645.330090541,0.003400834,1,-0.535344000,-0.769110000,-0.602707000,0.008408081,0.302974706,0.952124859,-0.039923493,1,-0.717902743,-0.804351743,-0.642286571,0.008408081,0.302974706,0.952124859,-0.039923493
19.788467709,104645.345883125,vr_world,11669,104645.330090541,0.015793167,1,-0.891234000,-0.714643000,-0.524450000,0.133160448,0.034537756,-0.987731376,-0.073906482,1,-0.776057660,-0.831723083,-0.621661666,0.133160448,0.034537756,-0.987731376,-0.073906482,11669,104645.330090541,0.015793167,1,-0.535344000,-0.769110000,-0.602707000,0.008408081,0.302974706,0.952124859,-0.039923493,1,-0.717902743,-0.804351743,-0.642286571,0.008408081,0.302974706,0.952124859,-0.039923493
19.800868875,104645.358284291,vr_world,11670,104645.349792250,0.008492500,1,-0.892883000,-0.708801000,-0.522001000,0.116864239,0.028228359,-0.990596044,-0.065309923,1,-0.776148801,-0.829056470,-0.613298082,0.116864239,0.028228359,-0.990596044,-0.065309923,11670,104645.349792250,0.008492500,1,-0.527174000,-0.758767000,-0.598065000,0.017031351,0.299074502,0.952985357,-0.045643021,1,-0.708911640,-0.796216138,-0.639359433,0.017031351,0.299074502,0.952985357,-0.045643021
19.813277209,104645.370692625,vr_world,11671,104645.369825666,0.000867542,1,-0.893202000,-0.705042000,-0.520017000,0.110508410,0.025545546,-0.991589574,-0.062333242,1,-0.775993176,-0.826509306,-0.609074435,0.110508410,0.025545546,-0.991589574,-0.062333242,11671,104645.369825666,0.000867542,1,-0.522414000,-0.753128000,-0.595242000,0.023871047,0.293020426,0.954617435,-0.047694404,1,-0.703172357,-0.793285774,-0.638253929,0.023871047,0.293020426,0.954617435,-0.047694404
19.824162459,104645.381577875,vr_world,11671,104645.369825666,0.011752542,1,-0.893202000,-0.705042000,-0.520017000,0.110508410,0.025545546,-0.991589574,-0.062333242,1,-0.775993176,-0.826509306,-0.609074435,0.110508410,0.025545546,-0.991589574,-0.062333242,11671,104645.369825666,0.011752542,1,-0.522414000,-0.753128000,-0.595242000,0.023871047,0.293020426,0.954617435,-0.047694404,1,-0.703172357,-0.793285774,-0.638253929,0.023871047,0.293020426,0.954617435,-0.047694404
19.836451209,104645.393866625,vr_world,11672,104645.388929916,0.004937334,1,-0.893425000,-0.698047000,-0.516708000,0.098493803,0.018397499,-0.993420342,-0.055466449,1,-0.775912691,-0.822472061,-0.601163384,0.098493803,0.018397499,-0.993420342,-0.055466449,11672,104645.388929916,0.004937334,1,-0.512937000,-0.743022000,-0.590435000,0.026726322,0.285626855,0.956863708,-0.045987475,1,-0.692793706,-0.785963215,-0.634523905,0.026726322,0.285626855,0.956863708,-0.045987475
19.847697959,104645.405113375,vr_world,11672,104645.388929916,0.016191042,1,-0.893425000,-0.698047000,-0.516708000,0.098493803,0.018397499,-0.993420342,-0.055466449,1,-0.775912691,-0.822472061,-0.601163384,0.098493803,0.018397499,-0.993420342,-0.055466449,11672,104645.388929916,0.016191042,1,-0.512937000,-0.743022000,-0.590435000,0.026726322,0.285626855,0.956863708,-0.045987475,1,-0.692793706,-0.785963215,-0.634523905,0.026726322,0.285626855,0.956863708,-0.045987475
19.860115042,104645.417530458,vr_world,11673,104645.409299625,0.008231500,1,-0.892847000,-0.693558000,-0.514507000,0.095738429,0.015168794,-0.993945156,-0.051740580,1,-0.775638086,-0.819356752,-0.597333306,0.095738429,0.015168794,-0.993945156,-0.051740580,11673,104645.409299625,0.008231500,1,-0.507148000,-0.737924000,-0.588615000,0.018974279,0.286811626,0.956741224,-0.045003314,1,-0.687740300,-0.780051709,-0.630422946,0.018974279,0.286811626,0.956741224,-0.045003314
19.872505334,104645.429920750,vr_world,11674,104645.429204500,0.000716625,1,-0.892092000,-0.688656000,-0.512627000,0.092273361,0.012318858,-0.994615166,-0.045547156,1,-0.774934262,-0.816070534,-0.593020256,0.092273361,0.012318858,-0.994615166,-0.045547156,11674,104645.429204500,0.000716625,1,-0.501748000,-0.732551000,-0.586539000,0.012606180,0.288495319,0.956218377,-0.047517890,1,-0.683061200,-0.773966702,-0.625864245,0.012606180,0.288495319,0.956218377,-0.047517890
19.884919334,104645.442334750,vr_world,11674,104645.429204500,0.013130666,1,-0.892092000,-0.688656000,-0.512627000,0.092273361,0.012318858,-0.994615166,-0.045547156,1,-0.774934262,-0.816070534,-0.593020256,0.092273361,0.012318858,-0.994615166,-0.045547156,11674,104645.429204500,0.013130666,1,-0.501748000,-0.732551000,-0.586539000,0.012606180,0.288495319,0.956218377,-0.047517890,1,-0.683061200,-0.773966702,-0.625864245,0.012606180,0.288495319,0.956218377,-0.047517890
19.897178292,104645.454593708,vr_world,11675,104645.448410750,0.006185416,1,-0.890839000,-0.680600000,-0.508913000,0.083310768,0.006685561,-0.995921943,-0.033972099,1,-0.773571936,-0.811041737,-0.584124777,0.083310768,0.006685561,-0.995921943,-0.033972099,11675,104645.448410750,0.006185416,1,-0.491904000,-0.722599000,-0.582179000,0.011801879,0.283431304,0.957387209,-0.054195419,1,-0.673014035,-0.766322334,-0.619910137,0.011801879,0.283431304,0.957387209,-0.054195419
19.909195792,104645.466611208,vr_world,11675,104645.448410750,0.018201833,1,-0.890839000,-0.680600000,-0.508913000,0.083310768,0.006685561,-0.995921943,-0.033972099,1,-0.773571936,-0.811041737,-0.584124777,0.083310768,0.006685561,-0.995921943,-0.033972099,11675,104645.448410750,0.018201833,1,-0.491904000,-0.722599000,-0.582179000,0.011801879,0.283431304,0.957387209,-0.054195419,1,-0.673014035,-0.766322334,-0.619910137,0.011801879,0.283431304,0.957387209,-0.054195419
19.921204417,104645.478619833,vr_world,11676,104645.468595208,0.010025750,1,-0.889486000,-0.676170000,-0.506510000,0.079219332,0.005874379,-0.996448696,-0.027924619,1,-0.771724916,-0.807615841,-0.579158159,0.079219332,0.005874379,-0.996448696,-0.027924619,11676,104645.468595208,0.010025750,1,-0.486729000,-0.717346000,-0.579308000,0.014860460,0.276442673,0.959228739,-0.056910828,1,-0.667041888,-0.763986048,-0.617362882,0.014860460,0.276442673,0.959228739,-0.056910828
19.931853750,104645.489269166,vr_world,11677,104645.487418750,0.001851000,1,-0.886445000,-0.667752000,-0.502072000,0.071668472,0.000763763,-0.997227355,-0.020016201,1,-0.768866736,-0.801467566,-0.570766390,0.071668472,0.000763763,-0.997227355,-0.020016201,11677,104645.487418750,0.001851000,1,-0.476412000,-0.707392000,-0.574245000,0.015729196,0.265692628,0.962150323,-0.058538669,1,-0.655659712,-0.758175595,-0.612027228,0.015729196,0.265692628,0.962150323,-0.058538669
19.943724334,104645.501139750,vr_world,11677,104645.487418750,0.013721750,1,-0.886445000,-0.667752000,-0.502072000,0.071668472,0.000763763,-0.997227355,-0.020016201,1,-0.768866736,-0.801467566,-0.570766390,0.071668472,0.000763763,-0.997227355,-0.020016201,11677,104645.487418750,0.013721750,1,-0.476412000,-0.707392000,-0.574245000,0.015729196,0.265692628,0.962150323,-0.058538669,1,-0.655659712,-0.758175595,-0.612027228,0.015729196,0.265692628,0.962150323,-0.058538669
19.956116959,104645.513532375,vr_world,11678,104645.508827458,0.004705375,1,-0.884420000,-0.663073000,-0.500037000,0.066231591,0.001121509,-0.997692347,-0.014903016,1,-0.765940694,-0.797327934,-0.566080082,0.066231591,0.001121509,-0.997692347,-0.014903016,11678,104645.508827458,0.004705375,1,-0.470453000,-0.702667000,-0.572131000,0.011420378,0.263016230,0.963128735,-0.055453384,1,-0.649693252,-0.754085518,-0.609081153,0.011420378,0.263016230,0.963128735,-0.055453384
19.968527125,104645.525942541,vr_world,11678,104645.508827458,0.017115583,1,-0.884420000,-0.663073000,-0.500037000,0.066231591,0.001121509,-0.997692347,-0.014903016,1,-0.765940694,-0.797327934,-0.566080082,0.066231591,0.001121509,-0.997692347,-0.014903016,11678,104645.508827458,0.017115583,1,-0.470453000,-0.702667000,-0.572131000,0.011420378,0.263016230,0.963128735,-0.055453384,1,-0.649693252,-0.754085518,-0.609081153,0.011420378,0.263016230,0.963128735,-0.055453384
19.980489709,104645.537905125,vr_world,11679,104645.529309250,0.008596291,1,-0.880506000,-0.654913000,-0.496282000,0.054998917,0.002169540,-0.998474220,-0.004432087,1,-0.760174411,-0.790106509,-0.556833347,0.054998917,0.002169540,-0.998474220,-0.004432087,11679,104645.529309250,0.008596291,1,-0.459889000,-0.693346000,-0.568469000,0.002647004,0.256299567,0.965081591,-0.054046724,1,-0.639049819,-0.746835347,-0.602769183,0.002647004,0.256299567,0.965081591,-0.054046724
19.992933250,104645.550348666,vr_world,11680,104645.547740250,0.002608958,1,-0.877453000,-0.650853000,-0.494339000,0.048990656,0.004589716,-0.998788590,0.000449229,1,-0.755688357,-0.785962963,-0.552150259,0.048990656,0.004589716,-0.998788590,0.000449229,11680,104645.547740250,0.002608958,1,-0.454241000,-0.688111000,-0.567021000,0.004322906,-0.249048815,-0.967069379,0.052276339,1,-0.633066251,-0.743916085,-0.599324928,0.004322906,-0.249048815,-0.967069379,0.052276339
20.004899625,104645.562315041,vr_world,11680,104645.547740250,0.014575541,1,-0.877453000,-0.650853000,-0.494339000,0.048990656,0.004589716,-0.998788590,0.000449229,1,-0.755688357,-0.785962963,-0.552150259,0.048990656,0.004589716,-0.998788590,0.000449229,11680,104645.547740250,0.014575541,1,-0.454241000,-0.688111000,-0.567021000,0.004322906,-0.249048815,-0.967069379,0.052276339,1,-0.633066251,-0.743916085,-0.599324928,0.004322906,-0.249048815,-0.967069379,0.052276339
20.015135292,104645.572550708,vr_world,11681,104645.567980958,0.004570292,1,-0.873935000,-0.646897000,-0.492014000,0.045444599,0.005747445,-0.998943589,0.003668918,1,-0.751409047,-0.782043624,-0.548105326,0.045444599,0.005747445,-0.998943589,0.003668918,11681,104645.567980958,0.004570292,1,-0.448820000,-0.682756000,-0.565846000,0.008783576,-0.242156949,-0.968890984,0.050330132,1,-0.627127565,-0.740819202,-0.597011597,0.008783576,-0.242156949,-0.968890984,0.050330132
20.026390625,104645.583806041,vr_world,11681,104645.567980958,0.015825792,1,-0.873935000,-0.646897000,-0.492014000,0.045444599,0.005747445,-0.998943589,0.003668918,1,-0.751409047,-0.782043624,-0.548105326,0.045444599,0.005747445,-0.998943589,0.003668918,11681,104645.567980958,0.015825792,1,-0.448820000,-0.682756000,-0.565846000,0.008783576,-0.242156949,-0.968890984,0.050330132,1,-0.627127565,-0.740819202,-0.597011597,0.008783576,-0.242156949,-0.968890984,0.050330132
20.038755959,104645.596171375,vr_world,11682,104645.587466208,0.008705625,1,-0.867679000,-0.639124000,-0.487750000,0.037776926,0.004816449,-0.999213598,0.011040405,1,-0.744471431,-0.775207508,-0.539948100,0.037776926,0.004816449,-0.999213598,0.011040405,11682,104645.587466208,0.008705625,1,-0.438359000,-0.672746000,-0.563363000,0.014585720,-0.229400560,-0.972056134,0.047639398,1,-0.615463688,-0.735102013,-0.593059543,0.014585720,-0.229400560,-0.972056134,0.047639398
20.051120667,104645.608536083,vr_world,11683,104645.607893250,0.000643208,1,-0.863532000,-0.635028000,-0.485218000,0.033381975,0.004869100,-0.999346871,0.012952509,1,-0.739824623,-0.771262695,-0.535814809,0.033381975,0.004869100,-0.999346871,0.012952509,11683,104645.607893250,0.000643208,1,-0.433005000,-0.667724000,-0.563123000,0.017527481,-0.221682227,-0.973674990,0.050067874,1,-0.609336461,-0.732912671,-0.591299424,0.017527481,-0.221682227,-0.973674990,0.050067874
20.063535792,104645.620951208,vr_world,11683,104645.607893250,0.013058250,1,-0.863532000,-0.635028000,-0.485218000,0.033381975,0.004869100,-0.999346871,0.012952509,1,-0.739824623,-0.771262695,-0.535814809,0.033381975,0.004869100,-0.999346871,0.012952509,11683,104645.607893250,0.013058250,1,-0.433005000,-0.667724000,-0.563123000,0.017527481,-0.221682227,-0.973674990,0.050067874,1,-0.609336461,-0.732912671,-0.591299424,0.017527481,-0.221682227,-0.973674990,0.050067874
20.073779459,104645.631194875,vr_world,11684,104645.627168083,0.004027208,1,-0.856246000,-0.627561000,-0.480942000,0.023068845,0.010268814,-0.999499465,0.019057788,1,-0.729984684,-0.762932099,-0.527376914,0.023068845,0.010268814,-0.999499465,0.019057788,11684,104645.627168083,0.004027208,1,-0.423255000,-0.658706000,-0.561568000,0.024739684,-0.205956377,-0.976973921,0.049918709,1,-0.597873784,-0.729280271,-0.587331812,0.024739684,-0.205956377,-0.976973921,0.049918709
20.084474250,104645.641889666,vr_world,11684,104645.627168083,0.014722000,1,-0.856246000,-0.627561000,-0.480942000,0.023068845,0.010268814,-0.999499465,0.019057788,1,-0.729984684,-0.762932099,-0.527376914,0.023068845,0.010268814,-0.999499465,0.019057788,11684,104645.627168083,0.014722000,1,-0.423255000,-0.658706000,-0.561568000,0.024739684,-0.205956377,-0.976973921,0.049918709,1,-0.597873784,-0.729280271,-0.587331812,0.024739684,-0.205956377,-0.976973921,0.049918709
20.096527875,104645.653943291,vr_world,11685,104645.647616166,0.006327500,1,-0.851621000,-0.623683000,-0.478942000,0.017473963,0.016193210,-0.999451125,0.023019330,1,-0.723210970,-0.757836128,-0.522956257,0.017473963,0.016193210,-0.999451125,0.023019330,11685,104645.647616166,0.006327500,1,-0.417765000,-0.654824000,-0.560888000,0.030334913,-0.200978277,-0.977964009,0.047685656,1,-0.591971332,-0.726873166,-0.585327375,0.030334913,-0.200978277,-0.977964009,0.047685656
20.108906084,104645.666321500,vr_world,11685,104645.647616166,0.018705750,1,-0.851621000,-0.623683000,-0.478942000,0.017473963,0.016193210,-0.999451125,0.023019330,1,-0.723210970,-0.757836128,-0.522956257,0.017473963,0.016193210,-0.999451125,0.023019330,11685,104645.647616166,0.018705750,1,-0.417765000,-0.654824000,-0.560888000,0.030334913,-0.200978277,-0.977964009,0.047685656,1,-0.591971332,-0.726873166,-0.585327375,0.030334913,-0.200978277,-0.977964009,0.047685656
20.121315125,104645.678730541,vr_world,11686,104645.667942916,0.010788084,1,-0.842808000,-0.616292000,-0.474909000,0.008859583,0.022816483,-0.999251152,0.029967487,1,-0.711823889,-0.749206568,-0.514913206,0.008859583,0.022816483,-0.999251152,0.029967487,11686,104645.667942916,0.010788084,1,-0.408696000,-0.647559000,-0.559307000,0.039757251,-0.190989461,-0.979793608,0.044123375,1,-0.581908529,-0.722667498,-0.581496062,0.039757251,-0.190989461,-0.979793608,0.044123375
20.131971792,104645.689387208,vr_world,11687,104645.687296541,0.002091084,1,-0.836992000,-0.612104000,-0.472524000,0.006943116,0.025354199,-0.999104731,0.033146551,1,-0.705161025,-0.744573786,-0.511199505,0.006943116,0.025354199,-0.999104731,0.033146551,11687,104645.687296541,0.002091084,1,-0.404027000,-0.643796000,-0.557312000,0.043727520,-0.184407645,-0.981161751,0.037461224,1,-0.576413290,-0.720732608,-0.579671574,0.043727520,-0.184407645,-0.981161751,0.037461224
20.143725000,104645.701140416,vr_world,11687,104645.687296541,0.013844542,1,-0.836992000,-0.612104000,-0.472524000,0.006943116,0.025354199,-0.999104731,0.033146551,1,-0.705161025,-0.744573786,-0.511199505,0.006943116,0.025354199,-0.999104731,0.033146551,11687,104645.687296541,0.013844542,1,-0.404027000,-0.643796000,-0.557312000,0.043727520,-0.184407645,-0.981161751,0.037461224,1,-0.576413290,-0.720732608,-0.579671574,0.043727520,-0.184407645,-0.981161751,0.037461224
20.155231250,104645.712646666,vr_world,11688,104645.706296125,0.006351000,1,-0.831552000,-0.607979000,-0.469946000,0.004300147,0.027943365,-0.998943641,0.036225388,1,-0.698807431,-0.739961781,-0.507132821,0.004300147,0.027943365,-0.998943641,0.036225388,11688,104645.706296125,0.006351000,1,-0.399507000,-0.640031000,-0.555739000,0.047913577,-0.177561979,-0.982424537,0.031907081,1,-0.571019049,-0.718927309,-0.577992669,0.047913577,-0.177561979,-0.982424537,0.031907081
20.167446625,104645.724862041,vr_world,11688,104645.706296125,0.018566250,1,-0.831552000,-0.607979000,-0.469946000,0.004300147,0.027943365,-0.998943641,0.036225388,1,-0.698807431,-0.739961781,-0.507132821,0.004300147,0.027943365,-0.998943641,0.036225388,11688,104645.706296125,0.018566250,1,-0.399507000,-0.640031000,-0.555739000,0.047913577,-0.177561979,-0.982424537,0.031907081,1,-0.571019049,-0.718927309,-0.577992669,0.047913577,-0.177561979,-0.982424537,0.031907081
20.179828042,104645.737243458,vr_world,11689,104645.725605083,0.011638833,1,-0.821750000,-0.600218000,-0.465558000,0.003130854,-0.032202070,0.998627280,-0.041191982,1,-0.687280312,-0.731321712,-0.499516746,0.003130854,-0.032202070,0.998627280,-0.041191982,11689,104645.725605083,0.011638833,1,-0.390438000,-0.633470000,-0.553246000,0.057966006,-0.166917360,-0.983969054,0.024154446,1,-0.560713456,-0.715368605,-0.574105393,0.057966006,-0.166917360,-0.983969054,0.024154446
20.191120125,104645.748535541,vr_world,11690,104645.745133708,0.003402333,1,-0.816568000,-0.596235000,-0.464091000,0.012270409,-0.036405799,0.998206438,-0.045912551,1,-0.680318013,-0.726386596,-0.494421377,0.012270409,-0.036405799,0.998206438,-0.045912551,11690,104645.745133708,0.003402333,1,-0.385882000,-0.629658000,-0.552068000,0.064613970,-0.161744420,-0.984516059,0.019796627,1,-0.555610035,-0.712945760,-0.571862174,0.064613970,-0.161744420,-0.984516059,0.019796627
20.201175334,104645.758590750,vr_world,11690,104645.745133708,0.013457500,1,-0.816568000,-0.596235000,-0.464091000,0.012270409,-0.036405799,0.998206438,-0.045912551,1,-0.680318013,-0.726386596,-0.494421377,0.012270409,-0.036405799,0.998206438,-0.045912551,11690,104645.745133708,0.013457500,1,-0.385882000,-0.629658000,-0.552068000,0.064613970,-0.161744420,-0.984516059,0.019796627,1,-0.555610035,-0.712945760,-0.571862174,0.064613970,-0.161744420,-0.984516059,0.019796627
20.212823459,104645.770238875,vr_world,11691,104645.765015208,0.005224250,1,-0.805817000,-0.588846000,-0.460560000,0.030753409,-0.048207701,0.996985242,-0.052446855,1,-0.665345351,-0.715839100,-0.484307198,0.030753409,-0.048207701,0.996985242,-0.052446855,11691,104645.765015208,0.005224250,1,-0.377918000,-0.622072000,-0.549619000,0.077575999,-0.146685497,-0.986032856,0.014301625,1,-0.545617359,-0.709925158,-0.566795352,0.077575999,-0.146685497,-0.986032856,0.014301625
20.224942000,104645.782357416,vr_world,11691,104645.765015208,0.017342625,1,-0.805817000,-0.588846000,-0.460560000,0.030753409,-0.048207701,0.996985242,-0.052446855,1,-0.665345351,-0.715839100,-0.484307198,0.030753409,-0.048207701,0.996985242,-0.052446855,11691,104645.765015208,0.017342625,1,-0.377918000,-0.622072000,-0.549619000,0.077575999,-0.146685497,-0.986032856,0.014301625,1,-0.545617359,-0.709925158,-0.566795352,0.077575999,-0.146685497,-0.986032856,0.014301625
20.237378167,104645.794793583,vr_world,11692,104645.783720958,0.011072958,1,-0.799591000,-0.584941000,-0.458910000,0.040073747,-0.054914768,0.996152897,-0.055297992,1,-0.656919533,-0.710032620,-0.479413087,0.040073747,-0.054914768,0.996152897,-0.055297992,11692,104645.783720958,0.011072958,1,-0.373957000,-0.617800000,-0.547794000,0.084800958,-0.136775445,-0.986917173,0.009786161,1,-0.540185714,-0.708598555,-0.563912418,0.084800958,-0.136775445,-0.986917173,0.009786161
20.249758375,104645.807173791,vr_world,11693,104645.803065333,0.004108917,1,-0.793251000,-0.581043000,-0.457429000,0.047143699,-0.059714098,0.995451868,-0.057334776,1,-0.649036897,-0.704735418,-0.475481926,0.047143699,-0.059714098,0.995451868,-0.057334776,11693,104645.803065333,0.004108917,1,-0.369634000,-0.613753000,-0.545839000,0.093175469,-0.129152595,-0.987231293,0.003509157,1,-0.534818868,-0.706606233,-0.560954209,0.093175469,-0.129152595,-0.987231293,0.003509157
20.260195125,104645.817610541,vr_world,11693,104645.803065333,0.014545708,1,-0.793251000,-0.581043000,-0.457429000,0.047143699,-0.059714098,0.995451868,-0.057334776,1,-0.649036897,-0.704735418,-0.475481926,0.047143699,-0.059714098,0.995451868,-0.057334776,11693,104645.803065333,0.014545708,1,-0.369634000,-0.613753000,-0.545839000,0.093175469,-0.129152595,-0.987231293,0.003509157,1,-0.534818868,-0.706606233,-0.560954209,0.093175469,-0.129152595,-0.987231293,0.003509157
20.271530834,104645.828946250,vr_world,11694,104645.822630416,0.006316584,1,-0.781670000,-0.573600000,-0.454700000,0.061720595,-0.068827436,0.993760640,-0.062395053,1,-0.634622570,-0.694590690,-0.467418162,0.061720595,-0.068827436,0.993760640,-0.062395053,11694,104645.822630416,0.006316584,1,-0.361247000,-0.606044000,-0.542728000,0.109493796,-0.118490433,-0.986868870,-0.007807700,1,-0.525080041,-0.701579266,-0.555688385,0.109493796,-0.118490433,-0.986868870,-0.007807700
20.283933459,104645.841348875,vr_world,11694,104645.822630416,0.018718834,1,-0.781670000,-0.573600000,-0.454700000,0.061720595,-0.068827436,0.993760640,-0.062395053,1,-0.634622570,-0.694590690,-0.467418162,0.061720595,-0.068827436,0.993760640,-0.062395053,11694,104645.822630416,0.018718834,1,-0.361247000,-0.606044000,-0.542728000,0.109493796,-0.118490433,-0.986868870,-0.007807700,1,-0.525080041,-0.701579266,-0.555688385,0.109493796,-0.118490433,-0.986868870,-0.007807700
20.296322125,104645.853737541,vr_world,11695,104645.841980000,0.011758375,1,-0.774725000,-0.569363000,-0.453197000,0.068910956,-0.072500548,0.993009652,-0.062664038,1,-0.626519169,-0.689134244,-0.463842888,0.068910956,-0.072500548,0.993009652,-0.062664038,11695,104645.841980000,0.011758375,1,-0.356789000,-0.600977000,-0.541493000,0.118933338,-0.114996323,-0.986152996,-0.011531486,1,-0.520254825,-0.697379516,-0.552526517,0.118933338,-0.114996323,-0.986152996,-0.011531486
20.308709084,104645.866124500,vr_world,11696,104645.861453750,0.004671250,1,-0.761993000,-0.562256000,-0.450254000,0.079319476,-0.086473110,0.990859910,-0.066539165,1,-0.610223128,-0.677774796,-0.456946610,0.079319476,-0.086473110,0.990859910,-0.066539165,11696,104645.861453750,0.004671250,1,-0.348947000,-0.591022000,-0.538721000,0.134086013,-0.102191600,-0.985501553,-0.019092051,1,-0.510363660,-0.691057510,-0.547312095,0.134086013,-0.102191600,-0.985501553,-0.019092051
20.318742500,104645.876157916,vr_world,11696,104645.861453750,0.014704708,1,-0.761993000,-0.562256000,-0.450254000,0.079319476,-0.086473110,0.990859910,-0.066539165,1,-0.610223128,-0.677774796,-0.456946610,0.079319476,-0.086473110,0.990859910,-0.066539165,11696,104645.861453750,0.014704708,1,-0.348947000,-0.591022000,-0.538721000,0.134086013,-0.102191600,-0.985501553,-0.019092051,1,-0.510363660,-0.691057510,-0.547312095,0.134086013,-0.102191600,-0.985501553,-0.019092051
20.331144334,104645.888559750,vr_world,11697,104645.880256833,0.008303708,1,-0.755224000,-0.557920000,-0.448361000,0.078324912,-0.093283950,0.990304161,-0.066790579,1,-0.601936100,-0.671403939,-0.455263456,0.078324912,-0.093283950,0.990304161,-0.066790579,11697,104645.880256833,0.008303708,1,-0.344771000,-0.585046000,-0.537428000,0.139373236,-0.095485685,-0.985399043,-0.021126061,1,-0.504968598,-0.687092170,-0.545143239,0.139373236,-0.095485685,-0.985399043,-0.021126061
20.343550167,104645.900965583,vr_world,11698,104645.900192166,0.000773959,1,-0.748510000,-0.553666000,-0.447215000,0.079150368,-0.097858861,0.989657344,-0.068827351,1,-0.594200034,-0.665800516,-0.453357640,0.079150368,-0.097858861,0.989657344,-0.068827351,11698,104645.900192166,0.000773959,1,-0.340282000,-0.579181000,-0.536065000,0.142452887,-0.093488918,-0.985127348,-0.022160914,1,-0.500141890,-0.681799723,-0.543168976,0.142452887,-0.093488918,-0.985127348,-0.022160914
20.355965334,104645.913380750,vr_world,11698,104645.900192166,0.013192417,1,-0.748510000,-0.553666000,-0.447215000,0.079150368,-0.097858861,0.989657344,-0.068827351,1,-0.594200034,-0.665800516,-0.453357640,0.079150368,-0.097858861,0.989657344,-0.068827351,11698,104645.900192166,0.013192417,1,-0.340282000,-0.579181000,-0.536065000,0.142452887,-0.093488918,-0.985127348,-0.022160914,1,-0.500141890,-0.681799723,-0.543168976,0.142452887,-0.093488918,-0.985127348,-0.022160914
20.368372292,104645.925787708,vr_world,11699,104645.919265000,0.006523208,1,-0.735845000,-0.545773000,-0.445632000,0.088766244,-0.106013482,0.987824679,-0.071302874,1,-0.579520656,-0.655220197,-0.448366989,0.088766244,-0.106013482,0.987824679,-0.071302874,11699,104645.919265000,0.006523208,1,-0.331877000,-0.568192000,-0.533292000,0.147838339,-0.090495400,-0.984519709,-0.025987496,1,-0.491296412,-0.671534012,-0.539780537,0.147838339,-0.090495400,-0.984519709,-0.025987496
20.380803417,104645.938218833,vr_world,11699,104645.919265000,0.018954250,1,-0.735845000,-0.545773000,-0.445632000,0.088766244,-0.106013482,0.987824679,-0.071302874,1,-0.579520656,-0.655220197,-0.448366989,0.088766244,-0.106013482,0.987824679,-0.071302874,11699,104645.919265000,0.018954250,1,-0.331877000,-0.568192000,-0.533292000,0.147838339,-0.090495400,-0.984519709,-0.025987496,1,-0.491296412,-0.671534012,-0.539780537,0.147838339,-0.090495400,-0.984519709,-0.025987496
20.393219459,104645.950634875,vr_world,11700,104645.938622166,0.012013250,1,-0.729380000,-0.541964000,-0.445018000,0.095759448,-0.113959667,0.986265505,-0.071579856,1,-0.571198319,-0.648742405,-0.445630233,0.095759448,-0.113959667,0.986265505,-0.071579856,11700,104645.938622166,0.012013250,1,-0.327391000,-0.561672000,-0.531757000,0.143456885,-0.091675202,-0.985097290,-0.024476717,1,-0.486958003,-0.664723979,-0.539167429,0.143456885,-0.091675202,-0.985097290,-0.024476717
20.405642584,104645.963058000,vr_world,11701,104645.958146375,0.004912000,1,-0.717611000,-0.534586000,-0.443718000,0.106864433,-0.132179376,0.983065609,-0.068488053,1,-0.555414065,-0.635142754,-0.441738642,0.106864433,-0.132179376,0.983065609,-0.068488053,11701,104645.958146375,0.004912000,1,-0.319429000,-0.549566000,-0.528970000,0.135587971,-0.086070545,-0.986727973,-0.023993153,1,-0.477703045,-0.654388819,-0.538858134,0.135587971,-0.086070545,-0.986727973,-0.023993153
20.418069000,104645.975484416,vr_world,11701,104645.958146375,0.017339500,1,-0.717611000,-0.534586000,-0.443718000,0.106864433,-0.132179376,0.983065609,-0.068488053,1,-0.555414065,-0.635142754,-0.441738642,0.106864433,-0.132179376,0.983065609,-0.068488053,11701,104645.958146375,0.017339500,1,-0.319429000,-0.549566000,-0.528970000,0.135587971,-0.086070545,-0.986727973,-0.023993153,1,-0.477703045,-0.654388819,-0.538858134,0.135587971,-0.086070545,-0.986727973,-0.023993153
20.430489417,104645.987904833,vr_world,11702,104645.978001916,0.009903875,1,-0.711266000,-0.530332000,-0.443977000,0.115853747,-0.141141497,0.981057912,-0.064671174,1,-0.547116746,-0.627614908,-0.440169140,0.115853747,-0.141141497,0.981057912,-0.064671174,11702,104645.978001916,0.009903875,1,-0.315175000,-0.542890000,-0.527558000,0.126668047,-0.079745693,-0.988473193,-0.022728329,1,-0.471901828,-0.649739527,-0.540052802,0.126668047,-0.079745693,-0.988473193,-0.022728329
20.442891459,104646.000306875,vr_world,11703,104645.997484541,0.002822875,1,-0.704749000,-0.526265000,-0.444944000,0.127196837,-0.148939616,0.978577799,-0.063430650,1,-0.539014204,-0.620637966,-0.437930402,0.127196837,-0.148939616,0.978577799,-0.063430650,11703,104645.997484541,0.002822875,1,-0.310780000,-0.536601000,-0.526232000,0.122366126,-0.074466865,-0.989362994,-0.025339363,1,-0.466333944,-0.644890231,-0.540813387,0.122366126,-0.074466865,-0.989362994,-0.025339363
20.455319459,104646.012734875,vr_world,11703,104645.997484541,0.015250792,1,-0.704749000,-0.526265000,-0.444944000,0.127196837,-0.148939616,0.978577799,-0.063430650,1,-0.539014204,-0.620637966,-0.437930402,0.127196837,-0.148939616,0.978577799,-0.063430650,11703,104645.997484541,0.015250792,1,-0.310780000,-0.536601000,-0.526232000,0.122366126,-0.074466865,-0.989362994,-0.025339363,1,-0.466333944,-0.644890231,-0.540813387,0.122366126,-0.074466865,-0.989362994,-0.025339363
20.465789542,104646.023204958,vr_world,11704,104646.016730875,0.006474666,1,-0.692574000,-0.518876000,-0.445596000,0.143693065,-0.166003681,0.973740226,-0.060208421,1,-0.523675635,-0.606988943,-0.434067655,0.143693065,-0.166003681,0.973740226,-0.060208421,11704,104646.016730875,0.006474666,1,-0.302193000,-0.525072000,-0.523997000,0.121604238,-0.070426400,-0.989593314,-0.030945185,1,-0.456987251,-0.634203769,-0.540282241,0.121604238,-0.070426400,-0.989593314,-0.030945185
20.476294292,104646.033709708,vr_world,11704,104646.016730875,0.016979291,1,-0.692574000,-0.518876000,-0.445596000,0.143693065,-0.166003681,0.973740226,-0.060208421,1,-0.523675635,-0.606988943,-0.434067655,0.143693065,-0.166003681,0.973740226,-0.060208421,11704,104646.016730875,0.016979291,1,-0.302193000,-0.525072000,-0.523997000,0.121604238,-0.070426400,-0.989593314,-0.030945185,1,-0.456987251,-0.634203769,-0.540282241,0.121604238,-0.070426400,-0.989593314,-0.030945185
20.488712417,104646.046127833,vr_world,11705,104646.035657583,0.010470792,1,-0.686160000,-0.514904000,-0.446512000,0.149494141,-0.176558677,0.971141712,-0.057985434,1,-0.515422954,-0.599187964,-0.433530191,0.149494141,-0.176558677,0.971141712,-0.057985434,11705,104646.035657583,0.010470792,1,-0.297073000,-0.519122000,-0.522827000,0.126834484,-0.075613974,-0.988359015,-0.036633299,1,-0.453274644,-0.626291529,-0.538699529,0.126834484,-0.075613974,-0.988359015,-0.036633299
20.501144792,104646.058560208,vr_world,11706,104646.055525458,0.003035417,1,-0.674428000,-0.507477000,-0.448192000,0.163816544,-0.194982807,0.965595175,-0.052647906,1,-0.500753011,-0.584835571,-0.431574978,0.163816544,-0.194982807,0.965595175,-0.052647906,11706,104646.055525458,0.003035417,1,-0.288345000,-0.507103000,-0.520335000,0.129300146,-0.078594584,-0.987583882,-0.042218942,1,-0.445389966,-0.612965266,-0.536652759,0.129300146,-0.078594584,-0.987583882,-0.042218942
20.513562084,104646.070977500,vr_world,11706,104646.055525458,0.015452583,1,-0.674428000,-0.507477000,-0.448192000,0.163816544,-0.194982807,0.965595175,-0.052647906,1,-0.500753011,-0.584835571,-0.431574978,0.163816544,-0.194982807,0.965595175,-0.052647906,11706,104646.055525458,0.015452583,1,-0.288345000,-0.507103000,-0.520335000,0.129300146,-0.078594584,-0.987583882,-0.042218942,1,-0.445389966,-0.612965266,-0.536652759,0.129300146,-0.078594584,-0.987583882,-0.042218942
20.525968209,104646.083383625,vr_world,11707,104646.075139375,0.008244750,1,-0.667981000,-0.503740000,-0.449757000,0.172651121,-0.203906934,0.962341065,-0.050132100,1,-0.493062910,-0.577657145,-0.430695981,0.172651121,-0.203906934,0.962341065,-0.050132100,11707,104646.075139375,0.008244750,1,-0.284108000,-0.499651000,-0.518706000,0.127867922,-0.073663072,-0.988052780,-0.044443782,1,-0.440118841,-0.606849223,-0.536181297,0.127867922,-0.073663072,-0.988052780,-0.044443782
20.537786334,104646.095201750,vr_world,11708,104646.094660708,0.000541708,1,-0.661711000,-0.500288000,-0.450917000,0.179243834,-0.212746938,0.959366320,-0.047187423,1,-0.485586663,-0.570810779,-0.430176288,0.179243834,-0.212746938,0.959366320,-0.047187423,11708,104646.094660708,0.000541708,1,-0.279940000,-0.492464000,-0.517687000,0.128696983,-0.068380565,-0.988262983,-0.045798045,1,-0.434866212,-0.601174685,-0.535465922,0.128696983,-0.068380565,-0.988262983,-0.045798045
20.550197209,104646.107612625,vr_world,11708,104646.094660708,0.012952500,1,-0.661711000,-0.500288000,-0.450917000,0.179243834,-0.212746938,0.959366320,-0.047187423,1,-0.485586663,-0.570810779,-0.430176288,0.179243834,-0.212746938,0.959366320,-0.047187423,11708,104646.094660708,0.012952500,1,-0.279940000,-0.492464000,-0.517687000,0.128696983,-0.068380565,-0.988262983,-0.045798045,1,-0.434866212,-0.601174685,-0.535465922,0.128696983,-0.068380565,-0.988262983,-0.045798045
20.560408042,104646.117823458,vr_world,11709,104646.113796000,0.004030041,1,-0.650281000,-0.493351000,-0.452559000,0.190119167,-0.232054349,0.953060267,-0.041007433,1,-0.471697729,-0.556448863,-0.429104466,0.190119167,-0.232054349,0.953060267,-0.041007433,11709,104646.113796000,0.004030041,1,-0.271826000,-0.479530000,-0.515618000,0.132602437,-0.065275518,-0.987740050,-0.050252311,1,-0.426300638,-0.588875940,-0.533430587,0.132602437,-0.065275518,-0.987740050,-0.050252311
20.572450792,104646.129866208,vr_world,11709,104646.113796000,0.016071000,1,-0.650281000,-0.493351000,-0.452559000,0.190119167,-0.232054349,0.953060267,-0.041007433,1,-0.471697729,-0.556448863,-0.429104466,0.190119167,-0.232054349,0.953060267,-0.041007433,11709,104646.113796000,0.016071000,1,-0.271826000,-0.479530000,-0.515618000,0.132602437,-0.065275518,-0.987740050,-0.050252311,1,-0.426300638,-0.588875940,-0.533430587,0.132602437,-0.065275518,-0.987740050,-0.050252311
20.584870625,104646.142286041,vr_world,11710,104646.134292250,0.007994458,1,-0.644072000,-0.489814000,-0.453272000,0.193200773,-0.238603876,0.950975879,-0.037236123,1,-0.464656608,-0.550343002,-0.429401899,0.193200773,-0.238603876,0.950975879,-0.037236123,11710,104646.134292250,0.007994458,1,-0.267185000,-0.472725000,-0.514604000,0.134602276,-0.072261598,-0.986979756,-0.050313508,1,-0.423229095,-0.579965597,-0.531513130,0.134602276,-0.072261598,-0.986979756,-0.050313508
20.596831209,104646.154246625,vr_world,11710,104646.134292250,0.019955083,1,-0.644072000,-0.489814000,-0.453272000,0.193200773,-0.238603876,0.950975879,-0.037236123,1,-0.464656608,-0.550343002,-0.429401899,0.193200773,-0.238603876,0.950975879,-0.037236123,11710,104646.134292250,0.019955083,1,-0.267185000,-0.472725000,-0.514604000,0.134602276,-0.072261598,-0.986979756,-0.050313508,1,-0.423229095,-0.579965597,-0.531513130,0.134602276,-0.072261598,-0.986979756,-0.050313508
20.609269917,104646.166685333,vr_world,11711,104646.155016541,0.011670542,1,-0.632732000,-0.482380000,-0.454077000,0.200481708,-0.248159361,0.947283540,-0.029629569,1,-0.452211647,-0.539035792,-0.429057929,0.200481708,-0.248159361,0.947283540,-0.029629569,11711,104646.155016541,0.011670542,1,-0.259241000,-0.458977000,-0.512295000,0.130358328,-0.080100989,-0.986960373,-0.049997601,1,-0.416831863,-0.563794610,-0.530031443,0.130358328,-0.080100989,-0.986960373,-0.049997601
20.621695084,104646.179110500,vr_world,11712,104646.175580166,0.003532792,1,-0.626881000,-0.478903000,-0.453581000,0.197256179,-0.250533665,0.947440462,-0.026066332,1,-0.445847264,-0.534637672,-0.430259610,0.197256179,-0.250533665,0.947440462,-0.026066332,11712,104646.175580166,0.003532792,1,-0.255871000,-0.450734000,-0.511274000,0.123957421,-0.078275966,-0.988026618,-0.048071116,1,-0.412843018,-0.556205965,-0.530552818,0.123957421,-0.078275966,-0.988026618,-0.048071116
20.634115500,104646.191530916,vr_world,11712,104646.175580166,0.015951125,1,-0.626881000,-0.478903000,-0.453581000,0.197256179,-0.250533665,0.947440462,-0.026066332,1,-0.445847264,-0.534637672,-0.430259610,0.197256179,-0.250533665,0.947440462,-0.026066332,11712,104646.175580166,0.015951125,1,-0.255871000,-0.450734000,-0.511274000,0.123957421,-0.078275966,-0.988026618,-0.048071116,1,-0.412843018,-0.556205965,-0.530552818,0.123957421,-0.078275966,-0.988026618,-0.048071116
20.644934250,104646.202349666,vr_world,11713,104646.196480958,0.005869125,1,-0.616398000,-0.472486000,-0.453700000,0.197048497,-0.260619467,0.944900410,-0.020312506,1,-0.434082893,-0.524259747,-0.431246843,0.197048497,-0.260619467,0.944900410,-0.020312506,11713,104646.196480958,0.005869125,1,-0.249118000,-0.436191000,-0.509497000,0.113274110,-0.076813983,-0.989539697,-0.045604554,1,-0.405365654,-0.542217999,-0.531433047,0.113274110,-0.076813983,-0.989539697,-0.045604554
20.657293750,104646.214709166,vr_world,11713,104646.196480958,0.018229417,1,-0.616398000,-0.472486000,-0.453700000,0.197048497,-0.260619467,0.944900410,-0.020312506,1,-0.434082893,-0.524259747,-0.431246843,0.197048497,-0.260619467,0.944900410,-0.020312506,11713,104646.196480958,0.018229417,1,-0.249118000,-0.436191000,-0.509497000,0.113274110,-0.076813983,-0.989539697,-0.045604554,1,-0.405365654,-0.542217999,-0.531433047,0.113274110,-0.076813983,-0.989539697,-0.045604554
20.669680209,104646.227095625,vr_world,11714,104646.219572666,0.007523750,1,-0.611039000,-0.469850000,-0.453696000,0.198200703,-0.267510502,0.942777947,-0.018009861,1,-0.427998011,-0.518916809,-0.431071082,0.198200703,-0.267510502,0.942777947,-0.018009861,11714,104646.219572666,0.007523750,1,-0.245244000,-0.428579000,-0.508573000,0.103140921,-0.080347200,-0.990470069,-0.043304966,1,-0.401804675,-0.533632986,-0.532834971,0.103140921,-0.080347200,-0.990470069,-0.043304966
20.682081167,104646.239496583,vr_world,11714,104646.219572666,0.019924625,1,-0.611039000,-0.469850000,-0.453696000,0.198200703,-0.267510502,0.942777947,-0.018009861,1,-0.427998011,-0.518916809,-0.431071082,0.198200703,-0.267510502,0.942777947,-0.018009861,11714,104646.219572666,0.019924625,1,-0.245244000,-0.428579000,-0.508573000,0.103140921,-0.080347200,-0.990470069,-0.043304966,1,-0.401804675,-0.533632986,-0.532834971,0.103140921,-0.080347200,-0.990470069,-0.043304966
20.694485250,104646.251900666,vr_world,11715,104646.239962375,0.011939375,1,-0.601027000,-0.464451000,-0.452605000,0.198941914,-0.279190644,0.939335599,-0.011105454,1,-0.416711665,-0.508819323,-0.430633283,0.198941914,-0.279190644,0.939335599,-0.011105454,11715,104646.239962375,0.011939375,1,-0.237925000,-0.414470000,-0.506922000,0.086927444,-0.084405324,-0.991824120,-0.040053415,1,-0.394553628,-0.518446318,-0.535075731,0.086927444,-0.084405324,-0.991824120,-0.040053415
20.706889417,104646.264304833,vr_world,11716,104646.259362833,0.004943667,1,-0.596341000,-0.462142000,-0.450912000,0.196138733,-0.286406024,0.937795181,-0.006433173,1,-0.411172446,-0.503606393,-0.430496316,0.196138733,-0.286406024,0.937795181,-0.006433173,11716,104646.259362833,0.004943667,1,-0.234046000,-0.407073000,-0.506523000,0.078794148,-0.082566577,-0.992728955,-0.038255247,1,-0.389842909,-0.511726952,-0.536707681,0.078794148,-0.082566577,-0.992728955,-0.038255247
20.719297000,104646.276712416,vr_world,11716,104646.259362833,0.017350167,1,-0.596341000,-0.462142000,-0.450912000,0.196138733,-0.286406024,0.937795181,-0.006433173,1,-0.411172446,-0.503606393,-0.430496316,0.196138733,-0.286406024,0.937795181,-0.006433173,11716,104646.259362833,0.017350167,1,-0.234046000,-0.407073000,-0.506523000,0.078794148,-0.082566577,-0.992728955,-0.038255247,1,-0.389842909,-0.511726952,-0.536707681,0.078794148,-0.082566577,-0.992728955,-0.038255247
20.731736500,104646.289151916,vr_world,11717,104646.283203416,0.005949917,1,-0.587501000,-0.457040000,-0.449063000,0.194370585,-0.299730288,0.934012143,-0.001773799,1,-0.401115533,-0.493171951,-0.429610629,0.194370585,-0.299730288,0.934012143,-0.001773799,11717,104646.283203416,0.005949917,1,-0.227051000,-0.393606000,-0.505788000,0.069323686,-0.076165632,-0.993942164,-0.038366635,1,-0.380945182,-0.500157621,-0.538947735,0.069323686,-0.076165632,-0.993942164,-0.038366635
20.743727917,104646.301143333,vr_world,11717,104646.283203416,0.017940542,1,-0.587501000,-0.457040000,-0.449063000,0.194370585,-0.299730288,0.934012143,-0.001773799,1,-0.401115533,-0.493171951,-0.429610629,0.194370585,-0.299730288,0.934012143,-0.001773799,11717,104646.283203416,0.017940542,1,-0.227051000,-0.393606000,-0.505788000,0.069323686,-0.076165632,-0.993942164,-0.038366635,1,-0.380945182,-0.500157621,-0.538947735,0.069323686,-0.076165632,-0.993942164,-0.038366635
20.756108459,104646.313523875,vr_world,11718,104646.303937750,0.009586541,1,-0.579000000,-0.452028000,-0.447108000,0.195147703,-0.309754848,0.930574486,-0.000658733,1,-0.391930964,-0.484170063,-0.427220031,0.195147703,-0.309754848,0.930574486,-0.000658733,11718,104646.303937750,0.009586541,1,-0.220259000,-0.381671000,-0.505452000,0.069611330,-0.072303692,-0.994015559,-0.043122008,1,-0.373383841,-0.488966775,-0.539754373,0.069611330,-0.072303692,-0.994015559,-0.043122008
20.768524292,104646.325939708,vr_world,11719,104646.323088000,0.002852125,1,-0.574916000,-0.450278000,-0.445065000,0.192662285,-0.318469794,0.928146164,-0.001712284,1,-0.387260137,-0.479040584,-0.425535741,0.192662285,-0.318469794,0.928146164,-0.001712284,11719,104646.323088000,0.002852125,1,-0.216610000,-0.376133000,-0.505157000,0.078457079,-0.073240489,-0.992889932,-0.051477177,1,-0.370558501,-0.482449538,-0.538815376,0.078457079,-0.073240489,-0.992889932,-0.051477177
20.780935209,104646.338350625,vr_world,11719,104646.323088000,0.015263208,1,-0.574916000,-0.450278000,-0.445065000,0.192662285,-0.318469794,0.928146164,-0.001712284,1,-0.387260137,-0.479040584,-0.425535741,0.192662285,-0.318469794,0.928146164,-0.001712284,11719,104646.323088000,0.015263208,1,-0.216610000,-0.376133000,-0.505157000,0.078457079,-0.073240489,-0.992889932,-0.051477177,1,-0.370558501,-0.482449538,-0.538815376,0.078457079,-0.073240489,-0.992889932,-0.051477177
20.791133959,104646.348549375,vr_world,11720,104646.342675875,0.005875583,1,-0.571080000,-0.448418000,-0.442912000,0.188438692,-0.325977853,0.926403632,-0.002368569,1,-0.382891870,-0.474273877,-0.424470408,0.188438692,-0.325977853,0.926403632,-0.002368569,11720,104646.342675875,0.005875583,1,-0.212975000,-0.370612000,-0.504764000,0.084480257,-0.077888773,-0.991696099,-0.057751810,1,-0.368344114,-0.474991758,-0.537953386,0.084480257,-0.077888773,-0.991696099,-0.057751810
20.803554667,104646.360970083,vr_world,11720,104646.342675875,0.018297041,1,-0.571080000,-0.448418000,-0.442912000,0.188438692,-0.325977853,0.926403632,-0.002368569,1,-0.382891870,-0.474273877,-0.424470408,0.188438692,-0.325977853,0.926403632,-0.002368569,11720,104646.342675875,0.018297041,1,-0.212975000,-0.370612000,-0.504764000,0.084480257,-0.077888773,-0.991696099,-0.057751810,1,-0.368344114,-0.474991758,-0.537953386,0.084480257,-0.077888773,-0.991696099,-0.057751810
20.814200167,104646.371615583,vr_world,11721,104646.361579333,0.010039167,1,-0.563748000,-0.444528000,-0.439783000,0.183237883,-0.335443278,0.924063873,-0.002764690,1,-0.374954822,-0.466686632,-0.422766492,0.183237883,-0.335443278,0.924063873,-0.002764690,11721,104646.361579333,0.010039167,1,-0.206454000,-0.359822000,-0.503969000,0.087306136,-0.083954430,-0.990539911,-0.064497877,1,-0.363348853,-0.461736069,-0.537641191,0.087306136,-0.083954430,-0.990539911,-0.064497877
20.826614167,104646.384029583,vr_world,11722,104646.381339625,0.002690333,1,-0.559899000,-0.443054000,-0.438269000,0.182744816,-0.336409747,0.923808687,-0.003213057,1,-0.371057579,-0.464848785,-0.421317643,0.182744816,-0.336409747,0.923808687,-0.003213057,11722,104646.381339625,0.002690333,1,-0.203357000,-0.353762000,-0.503879000,0.084933882,-0.085332865,-0.990644107,-0.064255669,1,-0.360401637,-0.455247121,-0.538142252,0.084933882,-0.085332865,-0.990644107,-0.064255669
20.839034125,104646.396449541,vr_world,11722,104646.381339625,0.015110916,1,-0.559899000,-0.443054000,-0.438269000,0.182744816,-0.336409747,0.923808687,-0.003213057,1,-0.371057579,-0.464848785,-0.421317643,0.182744816,-0.336409747,0.923808687,-0.003213057,11722,104646.381339625,0.015110916,1,-0.203357000,-0.353762000,-0.503879000,0.084933882,-0.085332865,-0.990644107,-0.064255669,1,-0.360401637,-0.455247121,-0.538142252,0.084933882,-0.085332865,-0.990644107,-0.064255669
20.851400625,104646.408816041,vr_world,11723,104646.401571000,0.007245625,1,-0.553082000,-0.440672000,-0.434988000,0.179005837,-0.348105967,0.920201653,-0.002839594,1,-0.363673247,-0.457798547,-0.419036556,0.179005837,-0.348105967,0.920201653,-0.002839594,11723,104646.401571000,0.007245625,1,-0.197759000,-0.342666000,-0.503827000,0.081829157,-0.083405754,-0.991058827,-0.064419492,1,-0.354225437,-0.444691429,-0.539115736,0.081829157,-0.083405754,-0.991058827,-0.064419492
20.862625500,104646.420040916,vr_world,11723,104646.401571000,0.018470291,1,-0.553082000,-0.440672000,-0.434988000,0.179005837,-0.348105967,0.920201653,-0.002839594,1,-0.363673247,-0.457798547,-0.419036556,0.179005837,-0.348105967,0.920201653,-0.002839594,11723,104646.401571000,0.018470291,1,-0.197759000,-0.342666000,-0.503827000,0.081829157,-0.083405754,-0.991058827,-0.064419492,1,-0.354225437,-0.444691429,-0.539115736,0.081829157,-0.083405754,-0.991058827,-0.064419492
20.875059250,104646.432474666,vr_world,11724,104646.420828833,0.011646833,1,-0.550043000,-0.439879000,-0.432267000,0.170238203,-0.356162642,0.918783130,-0.002164820,1,-0.360151580,-0.453857169,-0.419256812,0.170238203,-0.356162642,0.918783130,-0.002164820,11724,104646.420828833,0.011646833,1,-0.195006000,-0.337151000,-0.504247000,0.080130798,-0.080243766,-0.991435369,-0.064775787,1,-0.350713240,-0.440089442,-0.540235032,0.080130798,-0.080243766,-0.991435369,-0.064775787
20.887481125,104646.444896541,vr_world,11725,104646.439581750,0.005315375,1,-0.547614000,-0.438495000,-0.429958000,0.160565761,-0.358965556,0.919430108,-0.003262347,1,-0.357467612,-0.451548232,-0.420087684,0.160565761,-0.358965556,0.919430108,-0.003262347,11725,104646.439581750,0.005315375,1,-0.192250000,-0.332479000,-0.505008000,0.080688551,-0.080751855,-0.991252712,-0.066231088,1,-0.348115256,-0.435125607,-0.541145278,0.080688551,-0.080751855,-0.991252712,-0.066231088
20.899899292,104646.457314708,vr_world,11725,104646.439581750,0.017733625,1,-0.547614000,-0.438495000,-0.429958000,0.160565761,-0.358965556,0.919430108,-0.003262347,1,-0.357467612,-0.451548232,-0.420087684,0.160565761,-0.358965556,0.919430108,-0.003262347,11725,104646.439581750,0.017733625,1,-0.192250000,-0.332479000,-0.505008000,0.080688551,-0.080751855,-0.991252712,-0.066231088,1,-0.348115256,-0.435125607,-0.541145278,0.080688551,-0.080751855,-0.991252712,-0.066231088
20.912337042,104646.469752458,vr_world,11726,104646.458740416,0.011012375,1,-0.542819000,-0.435785000,-0.426565000,0.148033661,-0.359666049,0.921244486,-0.005913113,1,-0.352513454,-0.448907243,-0.420644138,0.148033661,-0.359666049,0.921244486,-0.005913113,11726,104646.458740416,0.011012375,1,-0.187365000,-0.323773000,-0.506094000,0.082311574,-0.083325292,-0.990659413,-0.069825701,1,-0.343909691,-0.425295109,-0.542471015,0.082311574,-0.083325292,-0.990659413,-0.069825701
20.924706917,104646.482122333,vr_world,11727,104646.477917958,0.004205083,1,-0.540863000,-0.434764000,-0.425656000,0.146540824,-0.356879115,0.922548363,-0.008222062,1,-0.350642233,-0.449149167,-0.419947927,0.146540824,-0.356879115,0.922548363,-0.008222062,11727,104646.477917958,0.004205083,1,-0.185664000,-0.320675000,-0.506618000,0.082039753,-0.085185089,-0.990275928,-0.073256848,1,-0.342619362,-0.421275881,-0.543775369,0.082039753,-0.085185089,-0.990275928,-0.073256848
20.937139500,104646.494554916,vr_world,11727,104646.477917958,0.016637542,1,-0.540863000,-0.434764000,-0.425656000,0.146540824,-0.356879115,0.922548363,-0.008222062,1,-0.350642233,-0.449149167,-0.419947927,0.146540824,-0.356879115,0.922548363,-0.008222062,11727,104646.477917958,0.016637542,1,-0.185664000,-0.320675000,-0.506618000,0.082039753,-0.085185089,-0.990275928,-0.073256848,1,-0.342619362,-0.421275881,-0.543775369,0.082039753,-0.085185089,-0.990275928,-0.073256848
20.949578042,104646.506993458,vr_world,11728,104646.497479000,0.009516041,1,-0.539253000,-0.434670000,-0.424812000,0.146898174,-0.361166849,0.920814725,-0.008926090,1,-0.348920595,-0.447338748,-0.418768048,0.146898174,-0.361166849,0.920814725,-0.008926090,11728,104646.497479000,0.009516041,1,-0.184640000,-0.318290000,-0.507055000,0.078434250,-0.084364249,-0.990514167,-0.074916128,1,-0.341221055,-0.418921690,-0.545680034,0.078434250,-0.084364249,-0.990514167,-0.074916128
20.960411667,104646.517827083,vr_world,11729,104646.516143458,0.001686125,1,-0.536028000,-0.434228000,-0.422897000,0.144204747,-0.370921683,0.917355500,-0.008999048,1,-0.345454012,-0.442983949,-0.417573704,0.144204747,-0.370921683,0.917355500,-0.008999048,11729,104646.516143458,0.001686125,1,-0.181619000,-0.311639000,-0.507917000,0.072601529,-0.081063824,-0.991043346,-0.077400008,1,-0.337158458,-0.412933518,-0.548942609,0.072601529,-0.081063824,-0.991043346,-0.077400008
20.972101459,104646.529516875,vr_world,11729,104646.516143458,0.013374333,1,-0.536028000,-0.434228000,-0.422897000,0.144204747,-0.370921683,0.917355500,-0.008999048,1,-0.345454012,-0.442983949,-0.417573704,0.144204747,-0.370921683,0.917355500,-0.008999048,11729,104646.516143458,0.013374333,1,-0.181619000,-0.311639000,-0.507917000,0.072601529,-0.081063824,-0.991043346,-0.077400008,1,-0.337158458,-0.412933518,-0.548942609,0.072601529,-0.081063824,-0.991043346,-0.077400008
20.984531042,104646.541946458,vr_world,11730,104646.535774875,0.006172083,1,-0.534918000,-0.434077000,-0.422320000,0.145057135,-0.373543106,0.916170000,-0.007517082,1,-0.344297986,-0.441678043,-0.416873054,0.145057135,-0.373543106,0.916170000,-0.007517082,11730,104646.535774875,0.006172083,1,-0.180490000,-0.309063000,-0.508701000,0.072174249,-0.077220306,-0.991367862,-0.077573606,1,-0.335194967,-0.411501019,-0.550041633,0.072174249,-0.077220306,-0.991367862,-0.077573606
20.996954042,104646.554369458,vr_world,11730,104646.535774875,0.018595666,1,-0.534918000,-0.434077000,-0.422320000,0.145057135,-0.373543106,0.916170000,-0.007517082,1,-0.344297986,-0.441678043,-0.416873054,0.145057135,-0.373543106,0.916170000,-0.007517082,11730,104646.535774875,0.018595666,1,-0.180490000,-0.309063000,-0.508701000,0.072174249,-0.077220306,-0.991367862,-0.077573606,1,-0.335194967,-0.411501019,-0.550041633,0.072174249,-0.077220306,-0.991367862,-0.077573606
21.009363125,104646.566778541,vr_world,11731,104646.554793541,0.011985375,1,-0.532653000,-0.433402000,-0.421118000,0.145524116,-0.375503180,0.915310442,-0.005185454,1,-0.341994252,-0.440087398,-0.415826977,0.145524116,-0.375503180,0.915310442,-0.005185454,11731,104646.554793541,0.011985375,1,-0.178044000,-0.304780000,-0.509751000,0.074127956,-0.073971315,-0.991117042,-0.081977431,1,-0.332238929,-0.407758521,-0.551650688,0.074127956,-0.073971315,-0.991117042,-0.081977431
21.020956917,104646.578372333,vr_world,11732,104646.573945083,0.004427708,1,-0.531945000,-0.433147000,-0.420902000,0.147558594,-0.376563995,0.914556961,-0.003403560,1,-0.341281073,-0.439276017,-0.415144954,0.147558594,-0.376563995,0.914556961,-0.003403560,11732,104646.573945083,0.004427708,1,-0.177345000,-0.304552000,-0.510404000,0.080625807,-0.073825973,-0.990281239,-0.085978325,1,-0.331987497,-0.407254042,-0.551321459,0.080625807,-0.073825973,-0.990281239,-0.085978325
21.033335000,104646.590750416,vr_world,11732,104646.573945083,0.016806125,1,-0.531945000,-0.433147000,-0.420902000,0.147558594,-0.376563995,0.914556961,-0.003403560,1,-0.341281073,-0.439276017,-0.415144954,0.147558594,-0.376563995,0.914556961,-0.003403560,11732,104646.573945083,0.016806125,1,-0.177345000,-0.304552000,-0.510404000,0.080625807,-0.073825973,-0.990281239,-0.085978325,1,-0.331987497,-0.407254042,-0.551321459,0.080625807,-0.073825973,-0.990281239,-0.085978325
21.045772500,104646.603187916,vr_world,11733,104646.592721375,0.010468291,1,-0.531515000,-0.433176000,-0.420480000,0.146328161,-0.379726742,0.913450371,-0.002022278,1,-0.340796483,-0.437970386,-0.415295916,0.146328161,-0.379726742,0.913450371,-0.002022278,11733,104646.592721375,0.010468291,1,-0.176842000,-0.304205000,-0.510835000,0.086429821,-0.074239193,-0.989345967,-0.090625522,1,-0.332004627,-0.406385246,-0.551083950,0.086429821,-0.074239193,-0.989345967,-0.090625522
21.058184500,104646.615599916,vr_world,11734,104646.611397041,0.004203375,1,-0.530568000,-0.432945000,-0.419913000,0.144645140,-0.382871590,0.912407156,-0.000557317,1,-0.339802009,-0.436414163,-0.415473721,0.144645140,-0.382871590,0.912407156,-0.000557317,11734,104646.611397041,0.004203375,1,-0.175769000,-0.302553000,-0.511732000,0.093649265,-0.074181704,-0.988194989,-0.095903880,1,-0.331441778,-0.404319100,-0.551049886,0.093649265,-0.074181704,-0.988194989,-0.095903880
21.070612875,104646.628028291,vr_world,11734,104646.611397041,0.016631750,1,-0.530568000,-0.432945000,-0.419913000,0.144645140,-0.382871590,0.912407156,-0.000557317,1,-0.339802009,-0.436414163,-0.415473721,0.144645140,-0.382871590,0.912407156,-0.000557317,11734,104646.611397041,0.016631750,1,-0.175769000,-0.302553000,-0.511732000,0.093649265,-0.074181704,-0.988194989,-0.095903880,1,-0.331441778,-0.404319100,-0.551049886,0.093649265,-0.074181704,-0.988194989,-0.095903880
21.083029667,104646.640445083,vr_world,11735,104646.631040708,0.009404958,1,-0.530606000,-0.432656000,-0.419842000,0.144108233,-0.381137310,0.913218022,-0.000111145,1,-0.339847259,-0.436826777,-0.415702652,0.144108233,-0.381137310,0.913218022,-0.000111145,11735,104646.631040708,0.009404958,1,-0.175894000,-0.302832000,-0.512043000,0.095720111,-0.074874428,-0.987770458,-0.097678056,1,-0.331864015,-0.404237509,-0.551113589,0.095720111,-0.074874428,-0.987770458,-0.097678056
21.095445459,104646.652860875,vr_world,11736,104646.650880083,0.001981333,1,-0.530922000,-0.432517000,-0.419771000,0.145581768,-0.380076269,0.913426495,0.000128363,1,-0.340182748,-0.437082633,-0.415172681,0.145581768,-0.380076269,0.913426495,0.000128363,11736,104646.650880083,0.001981333,1,-0.176417000,-0.303375000,-0.512297000,0.095488784,-0.074636134,-0.987751857,-0.098273137,1,-0.332332655,-0.404782031,-0.551580134,0.095488784,-0.074636134,-0.987751857,-0.098273137
21.107881042,104646.665296458,vr_world,11736,104646.650880083,0.014417417,1,-0.530922000,-0.432517000,-0.419771000,0.145581768,-0.380076269,0.913426495,0.000128363,1,-0.340182748,-0.437082633,-0.415172681,0.145581768,-0.380076269,0.913426495,0.000128363,11736,104646.650880083,0.014417417,1,-0.176417000,-0.303375000,-0.512297000,0.095488784,-0.074636134,-0.987751857,-0.098273137,1,-0.332332655,-0.404782031,-0.551580134,0.095488784,-0.074636134,-0.987751857,-0.098273137
21.120315875,104646.677731291,vr_world,11737,104646.669819083,0.007914292,1,-0.530925000,-0.432486000,-0.419570000,0.147248735,-0.381807184,0.912435543,0.001569700,1,-0.340178559,-0.436241138,-0.414558742,0.147248735,-0.381807184,0.912435543,0.001569700,11737,104646.669819083,0.007914292,1,-0.176825000,-0.303631000,-0.512357000,0.094690714,-0.072791561,-0.987686523,-0.101046475,1,-0.332348304,-0.405269438,-0.552585845,0.094690714,-0.072791561,-0.987686523,-0.101046475
21.132728750,104646.690144166,vr_world,11738,104646.689645791,0.000498834,1,-0.531129000,-0.432541000,-0.419414000,0.147436188,-0.383961463,0.911497613,0.002875213,1,-0.340364133,-0.435345861,-0.414480044,0.147436188,-0.383961463,0.911497613,0.002875213,11738,104646.689645791,0.000498834,1,-0.177208000,-0.304506000,-0.512257000,0.092227229,-0.073456506,-0.988080893,-0.098966806,1,-0.332687882,-0.406121493,-0.552711284,0.092227229,-0.073456506,-0.988080893,-0.098966806
21.143911292,104646.701326708,vr_world,11738,104646.689645791,0.011681375,1,-0.531129000,-0.432541000,-0.419414000,0.147436188,-0.383961463,0.911497613,0.002875213,1,-0.340364133,-0.435345861,-0.414480044,0.147436188,-0.383961463,0.911497613,0.002875213,11738,104646.689645791,0.011681375,1,-0.177208000,-0.304506000,-0.512257000,0.092227229,-0.073456506,-0.988080893,-0.098966806,1,-0.332687882,-0.406121493,-0.552711284,0.092227229,-0.073456506,-0.988080893,-0.098966806
21.156334875,104646.713750291,vr_world,11739,104646.710289625,0.003461708,1,-0.531511000,-0.432375000,-0.419262000,0.146602025,-0.384631125,0.911346785,0.003712364,1,-0.340731998,-0.434880049,-0.414733335,0.146602025,-0.384631125,0.911346785,0.003712364,11739,104646.710289625,0.003461708,1,-0.178271000,-0.306564000,-0.512190000,0.088922592,-0.074713707,-0.988271982,-0.099141939,1,-0.333809967,-0.407707494,-0.553589237,0.088922592,-0.074713707,-0.988271982,-0.099141939
21.167554292,104646.724969708,vr_world,11739,104646.710289625,0.014680916,1,-0.531511000,-0.432375000,-0.419262000,0.146602025,-0.384631125,0.911346785,0.003712364,1,-0.340731998,-0.434880049,-0.414733335,0.146602025,-0.384631125,0.911346785,0.003712364,11739,104646.710289625,0.014680916,1,-0.178271000,-0.306564000,-0.512190000,0.088922592,-0.074713707,-0.988271982,-0.099141939,1,-0.333809967,-0.407707494,-0.553589237,0.088922592,-0.074713707,-0.988271982,-0.099141939
21.178299209,104646.735714625,vr_world,11740,104646.729751000,0.005964125,1,-0.531848000,-0.432106000,-0.418978000,0.145455353,-0.384862703,0.911430886,0.004144856,1,-0.341057214,-0.434516327,-0.414915579,0.145455353,-0.384862703,0.911430886,0.004144856,11740,104646.729751000,0.005964125,1,-0.178899000,-0.307984000,-0.511757000,0.086924498,-0.074715046,-0.988455452,-0.099083872,1,-0.334308854,-0.409090084,-0.553728435,0.086924498,-0.074715046,-0.988455452,-0.099083872
21.190723000,104646.748138416,vr_world,11740,104646.729751000,0.018387833,1,-0.531848000,-0.432106000,-0.418978000,0.145455353,-0.384862703,0.911430886,0.004144856,1,-0.341057214,-0.434516327,-0.414915579,0.145455353,-0.384862703,0.911430886,0.004144856,11740,104646.729751000,0.018387833,1,-0.178899000,-0.307984000,-0.511757000,0.086924498,-0.074715046,-0.988455452,-0.099083872,1,-0.334308854,-0.409090084,-0.553728435,0.086924498,-0.074715046,-0.988455452,-0.099083872
21.203009459,104646.760424875,vr_world,11741,104646.749171958,0.011253250,1,-0.532394000,-0.431849000,-0.418790000,0.143848801,-0.385438117,0.911441225,0.004458049,1,-0.341588640,-0.434037649,-0.415330067,0.143848801,-0.385438117,0.911441225,0.004458049,11741,104646.749171958,0.011253250,1,-0.179854000,-0.310377000,-0.510921000,0.084447405,-0.075266008,-0.988520612,-0.100153197,1,-0.335230481,-0.411140733,-0.553828073,0.084447405,-0.075266008,-0.988520612,-0.100153197
21.215442959,104646.772858375,vr_world,11742,104646.768545125,0.004313666,1,-0.532968000,-0.431920000,-0.418631000,0.141239924,-0.386405952,0.911438377,0.004670090,1,-0.342144118,-0.433749837,-0.416104027,0.141239924,-0.386405952,0.911438377,0.004670090,11742,104646.768545125,0.004313666,1,-0.180448000,-0.311800000,-0.510426000,0.084624995,-0.075670126,-0.988484345,-0.100056698,1,-0.335919690,-0.412456494,-0.553239998,0.084624995,-0.075670126,-0.988484345,-0.100056698
21.227062834,104646.784478250,vr_world,11742,104646.768545125,0.015933791,1,-0.532968000,-0.431920000,-0.418631000,0.141239924,-0.386405952,0.911438377,0.004670090,1,-0.342144118,-0.433749837,-0.416104027,0.141239924,-0.386405952,0.911438377,0.004670090,11742,104646.768545125,0.015933791,1,-0.180448000,-0.311800000,-0.510426000,0.084624995,-0.075670126,-0.988484345,-0.100056698,1,-0.335919690,-0.412456494,-0.553239998,0.084624995,-0.075670126,-0.988484345,-0.100056698
21.239478834,104646.796894250,vr_world,11743,104646.788922375,0.007972333,1,-0.533819000,-0.432203000,-0.418499000,0.136865073,-0.388397036,0.911256969,0.005141168,1,-0.342975216,-0.433274907,-0.417545576,0.136865073,-0.388397036,0.911256969,0.005141168,11743,104646.788922375,0.007972333,1,-0.181000000,-0.313173000,-0.510004000,0.086143588,-0.076763812,-0.988349699,-0.099254583,1,-0.336789902,-0.413622480,-0.552142070,0.086143588,-0.076763812,-0.988349699,-0.099254583
21.251913292,104646.809328708,vr_world,11744,104646.808522208,0.000806958,1,-0.534579000,-0.432235000,-0.418421000,0.134474521,-0.388834356,0.911427323,0.004968032,1,-0.343732089,-0.433183127,-0.418279077,0.134474521,-0.388834356,0.911427323,0.004968032,11744,104646.808522208,0.000806958,1,-0.182042000,-0.315371000,-0.509217000,0.087156843,-0.078216421,-0.988264177,-0.098080539,1,-0.338184869,-0.415533889,-0.550726708,0.087156843,-0.078216421,-0.988264177,-0.098080539
21.264334834,104646.821750250,vr_world,11744,104646.808522208,0.013228375,1,-0.534579000,-0.432235000,-0.418421000,0.134474521,-0.388834356,0.911427323,0.004968032,1,-0.343732089,-0.433183127,-0.418279077,0.134474521,-0.388834356,0.911427323,0.004968032,11744,104646.808522208,0.013228375,1,-0.182042000,-0.315371000,-0.509217000,0.087156843,-0.078216421,-0.988264177,-0.098080539,1,-0.338184869,-0.415533889,-0.550726708,0.087156843,-0.078216421,-0.988264177,-0.098080539
21.274802250,104646.832217666,vr_world,11745,104646.827803833,0.004414250,1,-0.535069000,-0.432437000,-0.418114000,0.132750721,-0.388477540,0.911825450,0.006065853,1,-0.344223808,-0.433508587,-0.418756648,0.132750721,-0.388477540,0.911825450,0.006065853,11745,104646.827803833,0.004414250,1,-0.182586000,-0.316399000,-0.508496000,0.087553261,-0.078874109,-0.988200944,-0.097837602,1,-0.338887759,-0.416397585,-0.549803404,0.087553261,-0.078874109,-0.988200944,-0.097837602
21.287211125,104646.844626541,vr_world,11745,104646.827803833,0.016823042,1,-0.535069000,-0.432437000,-0.418114000,0.132750721,-0.388477540,0.911825450,0.006065853,1,-0.344223808,-0.433508587,-0.418756648,0.132750721,-0.388477540,0.911825450,0.006065853,11745,104646.827803833,0.016823042,1,-0.182586000,-0.316399000,-0.508496000,0.087553261,-0.078874109,-0.988200944,-0.097837602,1,-0.338887759,-0.416397585,-0.549803404,0.087553261,-0.078874109,-0.988200944,-0.097837602
21.299649959,104646.857065375,vr_world,11746,104646.847026375,0.010039833,1,-0.535777000,-0.432968000,-0.418097000,0.131298348,-0.388625346,0.911959281,0.007832888,1,-0.344935373,-0.433912973,-0.419515605,0.131298348,-0.388625346,0.911959281,0.007832888,11746,104646.847026375,0.010039833,1,-0.183568000,-0.318288000,-0.507549000,0.087215638,-0.080642652,-0.988211741,-0.096580282,1,-0.340197817,-0.417881398,-0.548591464,0.087215638,-0.080642652,-0.988211741,-0.096580282
21.310396250,104646.867811666,vr_world,11747,104646.866942541,0.000875417,1,-0.536367000,-0.433501000,-0.417879000,0.130336695,-0.390046532,0.911470111,0.009913929,1,-0.345528770,-0.433766966,-0.419913882,0.130336695,-0.390046532,0.911470111,0.009913929,11747,104646.866942541,0.000875417,1,-0.184278000,-0.318903000,-0.507125000,0.087927959,-0.080434364,-0.988377352,-0.094388549,1,-0.340881143,-0.418817868,-0.547482223,0.087927959,-0.080434364,-0.988377352,-0.094388549
21.322817750,104646.880233166,vr_world,11747,104646.866942541,0.013291084,1,-0.536367000,-0.433501000,-0.417879000,0.130336695,-0.390046532,0.911470111,0.009913929,1,-0.345528770,-0.433766966,-0.419913882,0.130336695,-0.390046532,0.911470111,0.009913929,11747,104646.866942541,0.013291084,1,-0.184278000,-0.318903000,-0.507125000,0.087927959,-0.080434364,-0.988377352,-0.094388549,1,-0.340881143,-0.418817868,-0.547482223,0.087927959,-0.080434364,-0.988377352,-0.094388549
21.334192625,104646.891608041,vr_world,11748,104646.886046458,0.005561833,1,-0.536922000,-0.433595000,-0.417628000,0.129515866,-0.391474998,0.910961682,0.011035397,1,-0.346088885,-0.433227026,-0.420084679,0.129515866,-0.391474998,0.910961682,0.011035397,11748,104646.886046458,0.005561833,1,-0.184738000,-0.319029000,-0.506804000,0.087335077,-0.080428244,-0.988586048,-0.092744317,1,-0.341280769,-0.419115046,-0.546970821,0.087335077,-0.080428244,-0.988586048,-0.092744317
21.346587667,104646.904003083,vr_world,11748,104646.886046458,0.017958583,1,-0.536922000,-0.433595000,-0.417628000,0.129515866,-0.391474998,0.910961682,0.011035397,1,-0.346088885,-0.433227026,-0.420084679,0.129515866,-0.391474998,0.910961682,0.011035397,11748,104646.886046458,0.017958583,1,-0.184738000,-0.319029000,-0.506804000,0.087335077,-0.080428244,-0.988586048,-0.092744317,1,-0.341280769,-0.419115046,-0.546970821,0.087335077,-0.080428244,-0.988586048,-0.092744317
21.359018792,104646.916434208,vr_world,11749,104646.905384250,0.011051083,1,-0.537481000,-0.433344000,-0.417427000,0.129226812,-0.390758962,0.911312323,0.010849654,1,-0.346648745,-0.433286229,-0.419976849,0.129226812,-0.390758962,0.911312323,0.010849654,11749,104646.905384250,0.011051083,1,-0.185823000,-0.320000000,-0.506247000,0.085970442,-0.081235509,-0.989031663,-0.088466065,1,-0.342391748,-0.420279676,-0.545825474,0.085970442,-0.081235509,-0.989031663,-0.088466065
21.369830625,104646.927246041,vr_world,11750,104646.924196666,0.003049875,1,-0.537796000,-0.433316000,-0.417433000,0.129132687,-0.390651092,0.911380414,0.010110076,1,-0.346962742,-0.433345633,-0.419909061,0.129132687,-0.390651092,0.911380414,0.010110076,11750,104646.924196666,0.003049875,1,-0.186388000,-0.320592000,-0.505890000,0.083866222,-0.081862650,-0.989232882,-0.087654257,1,-0.342943759,-0.420729395,-0.545877908,0.083866222,-0.081862650,-0.989232882,-0.087654257
21.382264542,104646.939679958,vr_world,11750,104646.924196666,0.015484084,1,-0.537796000,-0.433316000,-0.417433000,0.129132687,-0.390651092,0.911380414,0.010110076,1,-0.346962742,-0.433345633,-0.419909061,0.129132687,-0.390651092,0.911380414,0.010110076,11750,104646.924196666,0.015484084,1,-0.186388000,-0.320592000,-0.505890000,0.083866222,-0.081862650,-0.989232882,-0.087654257,1,-0.342943759,-0.420729395,-0.545877908,0.083866222,-0.081862650,-0.989232882,-0.087654257
21.393731709,104646.951147125,vr_world,11751,104646.944843958,0.006303792,1,-0.538197000,-0.433395000,-0.417545000,0.129735846,-0.390866594,0.911211136,0.009283414,1,-0.347359634,-0.433369960,-0.419678813,0.129735846,-0.390866594,0.911211136,0.009283414,11751,104646.944843958,0.006303792,1,-0.187475000,-0.321820000,-0.505544000,0.080943919,-0.082128824,-0.989530600,-0.086787850,1,-0.343887847,-0.421917508,-0.546185729,0.080943919,-0.082128824,-0.989530600,-0.086787850
21.406138000,104646.963553416,vr_world,11751,104646.944843958,0.018709792,1,-0.538197000,-0.433395000,-0.417545000,0.129735846,-0.390866594,0.911211136,0.009283414,1,-0.347359634,-0.433369960,-0.419678813,0.129735846,-0.390866594,0.911211136,0.009283414,11751,104646.944843958,0.018709792,1,-0.187475000,-0.321820000,-0.505544000,0.080943919,-0.082128824,-0.989530600,-0.086787850,1,-0.343887847,-0.421917508,-0.546185729,0.080943919,-0.082128824,-0.989530600,-0.086787850
21.418470042,104646.975885458,vr_world,11752,104646.964141416,0.011744500,1,-0.538592000,-0.433529000,-0.417337000,0.128880977,-0.392120548,0.910797736,0.008868682,1,-0.347757841,-0.433027639,-0.419681826,0.128880977,-0.392120548,0.910797736,0.008868682,11752,104646.964141416,0.011744500,1,-0.187886000,-0.322158000,-0.505514000,0.079618271,-0.081909826,-0.989502530,-0.088523754,1,-0.344186385,-0.422108869,-0.546941666,0.079618271,-0.081909826,-0.989502530,-0.088523754
21.430883167,104646.988298583,vr_world,11753,104646.983447500,0.004851625,1,-0.538867000,-0.433478000,-0.417135000,0.127375896,-0.392747906,0.910739375,0.008846081,1,-0.348040491,-0.432749501,-0.419995502,0.127375896,-0.392747906,0.910739375,0.008846081,11753,104646.983447500,0.004851625,1,-0.188197000,-0.322315000,-0.505587000,0.078964286,-0.081503607,-0.989437881,-0.090191368,1,-0.344388235,-0.422193770,-0.547595907,0.078964286,-0.081503607,-0.989437881,-0.090191368
21.443309000,104647.000724416,vr_world,11753,104646.983447500,0.017277333,1,-0.538867000,-0.433478000,-0.417135000,0.127375896,-0.392747906,0.910739375,0.008846081,1,-0.348040491,-0.432749501,-0.419995502,0.127375896,-0.392747906,0.910739375,0.008846081,11753,104646.983447500,0.017277333,1,-0.188197000,-0.322315000,-0.505587000,0.078964286,-0.081503607,-0.989437881,-0.090191368,1,-0.344388235,-0.422193770,-0.547595907,0.078964286,-0.081503607,-0.989437881,-0.090191368
21.455128542,104647.012543958,vr_world,11754,104647.002510958,0.010033417,1,-0.539056000,-0.433386000,-0.416914000,0.124465895,-0.393188236,0.910952416,0.008771946,1,-0.348247981,-0.432538559,-0.420785658,0.124465895,-0.393188236,0.910952416,0.008771946,11754,104647.002510958,0.010033417,1,-0.188954000,-0.322884000,-0.505259000,0.077296518,-0.080624115,-0.989452781,-0.092239879,1,-0.344872172,-0.422770829,-0.548251449,0.077296518,-0.080624115,-0.989452781,-0.092239879
21.465790084,104647.023205500,vr_world,11755,104647.022145375,0.001060541,1,-0.539081000,-0.433185000,-0.416824000,0.121541911,-0.393167403,0.911360520,0.008304205,1,-0.348294614,-0.432432234,-0.421663852,0.121541911,-0.393167403,0.911360520,0.008304205,11755,104647.022145375,0.001060541,1,-0.188907000,-0.322707000,-0.505369000,0.077364842,-0.080592557,-0.989399701,-0.092777976,1,-0.344829036,-0.422544302,-0.548462445,0.077364842,-0.080592557,-0.989399701,-0.092777976
21.478197459,104647.035612875,vr_world,11755,104647.022145375,0.013467791,1,-0.539081000,-0.433185000,-0.416824000,0.121541911,-0.393167403,0.911360520,0.008304205,1,-0.348294614,-0.432432234,-0.421663852,0.121541911,-0.393167403,0.911360520,0.008304205,11755,104647.022145375,0.013467791,1,-0.188907000,-0.322707000,-0.505369000,0.077364842,-0.080592557,-0.989399701,-0.092777976,1,-0.344829036,-0.422544302,-0.548462445,0.077364842,-0.080592557,-0.989399701,-0.092777976
21.490606834,104647.048022250,vr_world,11756,104647.043034625,0.004988000,1,-0.538791000,-0.432619000,-0.416995000,0.116075485,-0.394513261,0.911512232,0.005587527,1,-0.348049896,-0.431583248,-0.423339491,0.116075485,-0.394513261,0.911512232,0.005587527,11756,104647.043034625,0.004988000,1,-0.188735000,-0.322260000,-0.505496000,0.078149656,-0.080781944,-0.989348484,-0.092501272,1,-0.344746983,-0.422085981,-0.548289598,0.078149656,-0.080781944,-0.989348484,-0.092501272
21.503015292,104647.060430708,vr_world,11756,104647.043034625,0.017396541,1,-0.538791000,-0.432619000,-0.416995000,0.116075485,-0.394513261,0.911512232,0.005587527,1,-0.348049896,-0.431583248,-0.423339491,0.116075485,-0.394513261,0.911512232,0.005587527,11756,104647.043034625,0.017396541,1,-0.188735000,-0.322260000,-0.505496000,0.078149656,-0.080781944,-0.989348484,-0.092501272,1,-0.344746983,-0.422085981,-0.548289598,0.078149656,-0.080781944,-0.989348484,-0.092501272
21.515422334,104647.072837750,vr_world,11757,104647.063391291,0.009446875,1,-0.538231000,-0.432123000,-0.417377000,0.112484280,-0.394365454,0.912038470,0.003000887,1,-0.347520413,-0.431375783,-0.424611198,0.112484280,-0.394365454,0.912038470,0.003000887,11757,104647.063391291,0.009446875,1,-0.188739000,-0.322002000,-0.505655000,0.078379156,-0.080560356,-0.989363567,-0.092338885,1,-0.344718876,-0.421918048,-0.548355152,0.078379156,-0.080560356,-0.989363567,-0.092338885
21.527835709,104647.085251125,vr_world,11758,104647.084250166,0.001001542,1,-0.536972000,-0.431612000,-0.417883000,0.106468509,-0.393381081,0.913189821,0.000364738,1,-0.346334260,-0.431562251,-0.426867298,0.106468509,-0.393381081,0.913189821,0.000364738,11758,104647.084250166,0.001001542,1,-0.188762000,-0.321604000,-0.505803000,0.078512891,-0.079779521,-0.989436413,-0.092122408,1,-0.344586312,-0.421784555,-0.548450905,0.078512891,-0.079779521,-0.989436413,-0.092122408
21.540249500,104647.097664916,vr_world,11758,104647.084250166,0.013415209,1,-0.536972000,-0.431612000,-0.417883000,0.106468509,-0.393381081,0.913189821,0.000364738,1,-0.346334260,-0.431562251,-0.426867298,0.106468509,-0.393381081,0.913189821,0.000364738,11758,104647.084250166,0.013415209,1,-0.188762000,-0.321604000,-0.505803000,0.078512891,-0.079779521,-0.989436413,-0.092122408,1,-0.344586312,-0.421784555,-0.548450905,0.078512891,-0.079779521,-0.989436413,-0.092122408
21.552653459,104647.110068875,vr_world,11759,104647.105586375,0.004482791,1,-0.535433000,-0.431650000,-0.418099000,0.102168551,-0.393231436,0.913745104,0.000713328,1,-0.344875996,-0.431747358,-0.428654961,0.102168551,-0.393231436,0.913745104,0.000713328,11759,104647.105586375,0.004482791,1,-0.188414000,-0.321065000,-0.505352000,0.076778013,-0.079126439,-0.989492318,-0.093536607,1,-0.343999007,-0.421251296,-0.548851566,0.076778013,-0.079126439,-0.989492318,-0.093536607
21.565059334,104647.122474750,vr_world,11759,104647.105586375,0.016888791,1,-0.535433000,-0.431650000,-0.418099000,0.102168551,-0.393231436,0.913745104,0.000713328,1,-0.344875996,-0.431747358,-0.428654961,0.102168551,-0.393231436,0.913745104,0.000713328,11759,104647.105586375,0.016888791,1,-0.188414000,-0.321065000,-0.505352000,0.076778013,-0.079126439,-0.989492318,-0.093536607,1,-0.343999007,-0.421251296,-0.548851566,0.076778013,-0.079126439,-0.989492318,-0.093536607
21.577483875,104647.134899291,vr_world,11760,104647.129960708,0.004938875,1,-0.532633000,-0.431536000,-0.418242000,0.093964672,-0.393900477,0.914335722,0.001800570,1,-0.342268726,-0.431499994,-0.431839075,0.093964672,-0.393900477,0.914335722,0.001800570,11760,104647.129960708,0.004938875,1,-0.187193000,-0.319352000,-0.503034000,0.069626954,-0.076506531,-0.989850090,-0.097445559,1,-0.341757092,-0.419738051,-0.549604661,0.069626954,-0.076506531,-0.989850090,-0.097445559
21.587732292,104647.145147708,vr_world,11760,104647.129960708,0.015187500,1,-0.532633000,-0.431536000,-0.418242000,0.093964672,-0.393900477,0.914335722,0.001800570,1,-0.342268726,-0.431499994,-0.431839075,0.093964672,-0.393900477,0.914335722,0.001800570,11760,104647.129960708,0.015187500,1,-0.187193000,-0.319352000,-0.503034000,0.069626954,-0.076506531,-0.989850090,-0.097445559,1,-0.341757092,-0.419738051,-0.549604661,0.069626954,-0.076506531,-0.989850090,-0.097445559
21.600120167,104647.157535583,vr_world,11761,104647.149930791,0.007605250,1,-0.529525000,-0.431868000,-0.418496000,0.087509166,-0.396492172,0.913852820,0.003021083,1,-0.339351036,-0.430859287,-0.434504836,0.087509166,-0.396492172,0.913852820,0.003021083,11761,104647.149930791,0.007605250,1,-0.185428000,-0.317529000,-0.500683000,0.062914536,-0.073990301,-0.990450803,-0.097848882,1,-0.338955187,-0.418486218,-0.549399256,0.062914536,-0.073990301,-0.990450803,-0.097848882
21.612538250,104647.169953666,vr_world,11761,104647.149930791,0.020023375,1,-0.529525000,-0.431868000,-0.418496000,0.087509166,-0.396492172,0.913852820,0.003021083,1,-0.339351036,-0.430859287,-0.434504836,0.087509166,-0.396492172,0.913852820,0.003021083,11761,104647.149930791,0.020023375,1,-0.185428000,-0.317529000,-0.500683000,0.062914536,-0.073990301,-0.990450803,-0.097848882,1,-0.338955187,-0.418486218,-0.549399256,0.062914536,-0.073990301,-0.990450803,-0.097848882
21.623332042,104647.180747458,vr_world,11762,104647.170517500,0.010234000,1,-0.527303000,-0.432533000,-0.418819000,0.087241073,-0.401238580,0.911800901,0.003963995,1,-0.337163775,-0.429522320,-0.434988108,0.087241073,-0.401238580,0.911800901,0.003963995,11762,104647.170517500,0.010234000,1,-0.183772000,-0.316004000,-0.498997000,0.059004637,-0.071781908,-0.991095888,-0.095366409,1,-0.336504876,-0.417838548,-0.548379657,0.059004637,-0.071781908,-0.991095888,-0.095366409
21.635439625,104647.192855041,vr_world,11763,104647.189926166,0.002929834,1,-0.524784000,-0.433041000,-0.418667000,0.086213783,-0.405365565,0.910065937,0.005092349,1,-0.334720200,-0.428287326,-0.435298568,0.086213783,-0.405365565,0.910065937,0.005092349,11763,104647.189926166,0.002929834,1,-0.181697000,-0.314051000,-0.497204000,0.055454765,-0.067940643,-0.991902334,-0.091861842,1,-0.333298921,-0.417376451,-0.546972690,0.055454765,-0.067940643,-0.991902334,-0.091861842
21.647798125,104647.205213541,vr_world,11763,104647.189926166,0.015288292,1,-0.524784000,-0.433041000,-0.418667000,0.086213783,-0.405365565,0.910065937,0.005092349,1,-0.334720200,-0.428287326,-0.435298568,0.086213783,-0.405365565,0.910065937,0.005092349,11763,104647.189926166,0.015288292,1,-0.181697000,-0.314051000,-0.497204000,0.055454765,-0.067940643,-0.991902334,-0.091861842,1,-0.333298921,-0.417376451,-0.546972690,0.055454765,-0.067940643,-0.991902334,-0.091861842
21.660172792,104647.217588208,vr_world,11764,104647.209380625,0.008208541,1,-0.520611000,-0.433566000,-0.418240000,0.082376364,-0.409915109,0.908370642,0.006820153,1,-0.330744273,-0.426926849,-0.436404341,0.082376364,-0.409915109,0.908370642,0.006820153,11764,104647.209380625,0.008208541,1,-0.178273000,-0.310738000,-0.494080000,0.050185562,-0.060340047,-0.993075844,-0.087411994,1,-0.327759153,-0.416733381,-0.544627944,0.050185562,-0.060340047,-0.993075844,-0.087411994
21.671124917,104647.228540333,vr_world,11765,104647.228440000,0.000101375,1,-0.518199000,-0.433864000,-0.418126000,0.082383443,-0.411675910,0.907573131,0.006850192,1,-0.328356496,-0.426496500,-0.436264673,0.082383443,-0.411675910,0.907573131,0.006850192,11765,104647.228440000,0.000101375,1,-0.175717000,-0.308566000,-0.492219000,0.049030976,-0.054185030,-0.993688507,-0.085106385,1,-0.323724438,-0.416607969,-0.542785566,0.049030976,-0.054185030,-0.993688507,-0.085106385
21.683514417,104647.240929833,vr_world,11765,104647.228440000,0.012490500,1,-0.518199000,-0.433864000,-0.418126000,0.082383443,-0.411675910,0.907573131,0.006850192,1,-0.328356496,-0.426496500,-0.436264673,0.082383443,-0.411675910,0.907573131,0.006850192,11765,104647.228440000,0.012490500,1,-0.175717000,-0.308566000,-0.492219000,0.049030976,-0.054185030,-0.993688507,-0.085106385,1,-0.323724438,-0.416607969,-0.542785566,0.049030976,-0.054185030,-0.993688507,-0.085106385
21.693732417,104647.251147833,vr_world,11766,104647.247926875,0.003221500,1,-0.515612000,-0.434359000,-0.418137000,0.084218758,-0.414197562,0.906255854,0.006921499,1,-0.325751522,-0.425896998,-0.435596763,0.084218758,-0.414197562,0.906255854,0.006921499,11766,104647.247926875,0.003221500,1,-0.173055000,-0.306688000,-0.490522000,0.048925657,-0.048756032,-0.994106782,-0.083551390,1,-0.319816790,-0.416479988,-0.540949168,0.048925657,-0.048756032,-0.994106782,-0.083551390
21.705790917,104647.263206333,vr_world,11766,104647.247926875,0.015280000,1,-0.515612000,-0.434359000,-0.418137000,0.084218758,-0.414197562,0.906255854,0.006921499,1,-0.325751522,-0.425896998,-0.435596763,0.084218758,-0.414197562,0.906255854,0.006921499,11766,104647.247926875,0.015280000,1,-0.173055000,-0.306688000,-0.490522000,0.048925657,-0.048756032,-0.994106782,-0.083551390,1,-0.319816790,-0.416479988,-0.540949168,0.048925657,-0.048756032,-0.994106782,-0.083551390
21.718166709,104647.275582125,vr_world,11767,104647.267895625,0.007686916,1,-0.510563000,-0.435667000,-0.418288000,0.086376994,-0.422123332,0.902384306,0.007312405,1,-0.320807043,-0.423841835,-0.434909684,0.086376994,-0.422123332,0.902384306,0.007312405,11767,104647.267895625,0.007686916,1,-0.167964000,-0.303032000,-0.487329000,0.048257956,-0.038820383,-0.994752655,-0.081432814,1,-0.312365322,-0.415895223,-0.537790308,0.048257956,-0.038820383,-0.994752655,-0.081432814
21.729832250,104647.287247666,vr_world,11768,104647.286925208,0.000322875,1,-0.507278000,-0.436195000,-0.418372000,0.088283178,-0.425617099,0.900559371,0.006998955,1,-0.317553379,-0.422889105,-0.434215413,0.088283178,-0.425617099,0.900559371,0.006998955,11768,104647.286925208,0.000322875,1,-0.164810000,-0.300624000,-0.485763000,0.049419287,-0.032872017,-0.994954141,-0.080891416,1,-0.307904661,-0.415247829,-0.535977475,0.049419287,-0.032872017,-0.994954141,-0.080891416
21.740478875,104647.297894291,vr_world,11768,104647.286925208,0.010972250,1,-0.507278000,-0.436195000,-0.418372000,0.088283178,-0.425617099,0.900559371,0.006998955,1,-0.317553379,-0.422889105,-0.434215413,0.088283178,-0.425617099,0.900559371,0.006998955,11768,104647.286925208,0.010972250,1,-0.164810000,-0.300624000,-0.485763000,0.049419287,-0.032872017,-0.994954141,-0.080891416,1,-0.307904661,-0.415247829,-0.535977475,0.049419287,-0.032872017,-0.994954141,-0.080891416
21.752889167,104647.310304583,vr_world,11769,104647.305422875,0.004884541,1,-0.501287000,-0.437098000,-0.418478000,0.090118141,-0.428844253,0.898847585,0.006659330,1,-0.311601961,-0.422423070,-0.433567942,0.090118141,-0.428844253,0.898847585,0.006659330,11769,104647.305422875,0.004884541,1,-0.159298000,-0.296376000,-0.482743000,0.049328486,-0.020763261,-0.995371206,-0.079823242,1,-0.299468695,-0.414479926,-0.533139864,0.049328486,-0.020763261,-0.995371206,-0.079823242
21.763510750,104647.320926166,vr_world,11769,104647.305422875,0.015507291,1,-0.501287000,-0.437098000,-0.418478000,0.090118141,-0.428844253,0.898847585,0.006659330,1,-0.311601961,-0.422423070,-0.433567942,0.090118141,-0.428844253,0.898847585,0.006659330,11769,104647.305422875,0.015507291,1,-0.159298000,-0.296376000,-0.482743000,0.049328486,-0.020763261,-0.995371206,-0.079823242,1,-0.299468695,-0.414479926,-0.533139864,0.049328486,-0.020763261,-0.995371206,-0.079823242
21.775938042,104647.333353458,vr_world,11770,104647.324328333,0.009027583,1,-0.497032000,-0.437541000,-0.418964000,0.091649176,-0.428464610,0.898878702,0.005965320,1,-0.307285279,-0.423026171,-0.433418951,0.091649176,-0.428464610,0.898878702,0.005965320,11770,104647.324328333,0.009027583,1,-0.155973000,-0.293637000,-0.481107000,0.048352559,-0.012651649,-0.995490921,-0.080621292,1,-0.294080278,-0.413837647,-0.532238168,0.048352559,-0.012651649,-0.995490921,-0.080621292
21.788226334,104647.345641750,vr_world,11771,104647.343405708,0.002236542,1,-0.492577000,-0.438264000,-0.419395000,0.092086539,-0.431244792,0.897503649,0.005932845,1,-0.302907628,-0.422582037,-0.433644121,0.092086539,-0.431244792,0.897503649,0.005932845,11771,104647.343405708,0.002236542,1,-0.152894000,-0.290574000,-0.479345000,0.046141619,-0.002793238,-0.995684061,-0.080476080,1,-0.288347424,-0.413383659,-0.531367973,0.046141619,-0.002793238,-0.995684061,-0.080476080
21.800625000,104647.358040416,vr_world,11771,104647.343405708,0.014635208,1,-0.492577000,-0.438264000,-0.419395000,0.092086539,-0.431244792,0.897503649,0.005932845,1,-0.302907628,-0.422582037,-0.433644121,0.092086539,-0.431244792,0.897503649,0.005932845,11771,104647.343405708,0.014635208,1,-0.152894000,-0.290574000,-0.479345000,0.046141619,-0.002793238,-0.995684061,-0.080476080,1,-0.288347424,-0.413383659,-0.531367973,0.046141619,-0.002793238,-0.995684061,-0.080476080
21.813046459,104647.370461875,vr_world,11772,104647.362682875,0.007779375,1,-0.484369000,-0.439341000,-0.419814000,0.092228609,-0.438250444,0.894088082,0.006077226,1,-0.294954255,-0.420724679,-0.433918221,0.092228609,-0.438250444,0.894088082,0.006077226,11772,104647.362682875,0.007779375,1,-0.147183000,-0.284353000,-0.476191000,0.041435400,0.018642090,-0.995821734,-0.079212716,1,-0.276675870,-0.412764842,-0.529839958,0.041435400,0.018642090,-0.995821734,-0.079212716
21.825448375,104647.382863791,vr_world,11773,104647.381970250,0.000893916,1,-0.479089000,-0.439665000,-0.419902000,0.089341832,-0.444561645,0.891262391,0.005859303,1,-0.290011573,-0.418504103,-0.434914368,0.089341832,-0.444561645,0.891262391,0.005859303,11773,104647.381970250,0.000893916,1,-0.143937000,-0.280161000,-0.474763000,0.040026203,0.033038386,-0.995711130,-0.076587949,1,-0.269414331,-0.412441373,-0.528555194,0.040026203,0.033038386,-0.995711130,-0.076587949
21.837833875,104647.395249291,vr_world,11773,104647.381970250,0.013280333,1,-0.479089000,-0.439665000,-0.419902000,0.089341832,-0.444561645,0.891262391,0.005859303,1,-0.290011573,-0.418504103,-0.434914368,0.089341832,-0.444561645,0.891262391,0.005859303,11773,104647.381970250,0.013280333,1,-0.143937000,-0.280161000,-0.474763000,0.040026203,0.033038386,-0.995711130,-0.076587949,1,-0.269414331,-0.412441373,-0.528555194,0.040026203,0.033038386,-0.995711130,-0.076587949
21.849581750,104647.406997166,vr_world,11774,104647.401765250,0.005232458,1,-0.473192000,-0.439732000,-0.419654000,0.085182195,-0.450753532,0.888565706,0.004028964,1,-0.284489981,-0.416211195,-0.435834445,0.085182195,-0.450753532,0.888565706,0.004028964,11774,104647.401765250,0.005232458,1,-0.140365000,-0.276046000,-0.473462000,0.039960133,0.044783101,-0.995408708,-0.074559807,1,-0.262579593,-0.411408198,-0.527098921,0.039960133,0.044783101,-0.995408708,-0.074559807
21.860406250,104647.417821666,vr_world,11774,104647.401765250,0.016057500,1,-0.473192000,-0.439732000,-0.419654000,0.085182195,-0.450753532,0.888565706,0.004028964,1,-0.284489981,-0.416211195,-0.435834445,0.085182195,-0.450753532,0.888565706,0.004028964,11774,104647.401765250,0.016057500,1,-0.140365000,-0.276046000,-0.473462000,0.039960133,0.044783101,-0.995408708,-0.074559807,1,-0.262579593,-0.411408198,-0.527098921,0.039960133,0.044783101,-0.995408708,-0.074559807
21.872841417,104647.430256833,vr_world,11775,104647.421599875,0.008662125,1,-0.462597000,-0.439958000,-0.418796000,0.078194253,-0.459891330,0.884524742,0.001266330,1,-0.274544268,-0.412988858,-0.437024721,0.078194253,-0.459891330,0.884524742,0.001266330,11775,104647.421599875,0.008662125,1,-0.133611000,-0.268494000,-0.470645000,0.040212473,0.064862971,-0.994542680,-0.071137965,1,-0.250111965,-0.408947519,-0.523904147,0.040212473,0.064862971,-0.994542680,-0.071137965
21.885232334,104647.442647750,vr_world,11776,104647.441000208,0.001647958,1,-0.456538000,-0.439499000,-0.417751000,0.071935650,-0.462148295,0.883880199,0.000092037,1,-0.268796431,-0.411857433,-0.438060678,0.071935650,-0.462148295,0.883880199,0.000092037,11776,104647.441000208,0.001647958,1,-0.129914000,-0.263466000,-0.469204000,0.041834807,0.074425046,-0.993999948,-0.068372984,1,-0.243727406,-0.406427275,-0.521595223,0.041834807,0.074425046,-0.993999948,-0.068372984
21.897610959,104647.455026375,vr_world,11776,104647.441000208,0.014026708,1,-0.456538000,-0.439499000,-0.417751000,0.071935650,-0.462148295,0.883880199,0.000092037,1,-0.268796431,-0.411857433,-0.438060678,0.071935650,-0.462148295,0.883880199,0.000092037,11776,104647.441000208,0.014026708,1,-0.129914000,-0.263466000,-0.469204000,0.041834807,0.074425046,-0.993999948,-0.068372984,1,-0.243727406,-0.406427275,-0.521595223,0.041834807,0.074425046,-0.993999948,-0.068372984
21.910014917,104647.467430333,vr_world,11777,104647.460695583,0.006735167,1,-0.445228000,-0.439030000,-0.417033000,0.067993859,-0.468685833,0.880737603,-0.003420627,1,-0.257956831,-0.408995455,-0.438266673,0.067993859,-0.468685833,0.880737603,-0.003420627,11777,104647.460695583,0.006735167,1,-0.123516000,-0.253894000,-0.466700000,0.043039493,0.096894534,-0.992478593,-0.061198802,1,-0.230586447,-0.402536805,-0.517468344,0.043039493,0.096894534,-0.992478593,-0.061198802
21.922418500,104647.479833916,vr_world,11777,104647.460695583,0.019138750,1,-0.445228000,-0.439030000,-0.417033000,0.067993859,-0.468685833,0.880737603,-0.003420627,1,-0.257956831,-0.408995455,-0.438266673,0.067993859,-0.468685833,0.880737603,-0.003420627,11777,104647.460695583,0.019138750,1,-0.123516000,-0.253894000,-0.466700000,0.043039493,0.096894534,-0.992478593,-0.061198802,1,-0.230586447,-0.402536805,-0.517468344,0.043039493,0.096894534,-0.992478593,-0.061198802
21.934696917,104647.492112333,vr_world,11778,104647.480334375,0.011778375,1,-0.438528000,-0.438770000,-0.416528000,0.068403869,-0.475315952,0.877139621,-0.004662883,1,-0.251675035,-0.406008385,-0.437411380,0.068403869,-0.475315952,0.877139621,-0.004662883,11778,104647.480334375,0.011778375,1,-0.120740000,-0.247837000,-0.465188000,0.041068099,0.112029837,-0.991309654,-0.055388601,1,-0.222873558,-0.400162791,-0.515206030,0.041068099,0.112029837,-0.991309654,-0.055388601
21.945797209,104647.503212625,vr_world,11779,104647.500480666,0.002732459,1,-0.426052000,-0.438321000,-0.415333000,0.067623234,-0.490666530,0.868691848,-0.006922967,1,-0.240406199,-0.399249677,-0.436130023,0.067623234,-0.490666530,0.868691848,-0.006922967,11779,104647.500480666,0.002732459,1,-0.115681000,-0.236458000,-0.462148000,0.034254572,0.143871026,-0.987999498,-0.044550478,1,-0.206880776,-0.395817771,-0.511374792,0.034254572,0.143871026,-0.987999498,-0.044550478
21.958234042,104647.515649458,vr_world,11779,104647.500480666,0.015171500,1,-0.426052000,-0.438321000,-0.415333000,0.067623234,-0.490666530,0.868691848,-0.006922967,1,-0.240406199,-0.399249677,-0.436130023,0.067623234,-0.490666530,0.868691848,-0.006922967,11779,104647.500480666,0.015171500,1,-0.115681000,-0.236458000,-0.462148000,0.034254572,0.143871026,-0.987999498,-0.044550478,1,-0.206880776,-0.395817771,-0.511374792,0.034254572,0.143871026,-0.987999498,-0.044550478
21.970652417,104647.528067833,vr_world,11780,104647.520092291,0.007976250,1,-0.418899000,-0.437366000,-0.414799000,0.068834974,-0.498584045,0.864048523,-0.009790048,1,-0.233872327,-0.395069761,-0.434788776,0.068834974,-0.498584045,0.864048523,-0.009790048,11780,104647.520092291,0.007976250,1,-0.113463000,-0.229275000,-0.460341000,0.025670132,0.164075063,-0.985411652,-0.037206096,1,-0.197119665,-0.392682427,-0.509694660,0.025670132,0.164075063,-0.985411652,-0.037206096
21.983076417,104647.540491833,vr_world,11781,104647.539584041,0.000908459,1,-0.411666000,-0.435883000,-0.414315000,0.070055169,-0.501990066,0.861931125,-0.013152265,1,-0.226852543,-0.392288883,-0.433472479,0.070055169,-0.501990066,0.861931125,-0.013152265,11781,104647.539584041,0.000908459,1,-0.110961000,-0.222274000,-0.458698000,0.018159120,0.180807529,-0.982878050,-0.030489719,1,-0.188180456,-0.388863566,-0.507904762,0.018159120,0.180807529,-0.982878050,-0.030489719
21.993733584,104647.551149000,vr_world,11781,104647.539584041,0.011567042,1,-0.411666000,-0.435883000,-0.414315000,0.070055169,-0.501990066,0.861931125,-0.013152265,1,-0.226852543,-0.392288883,-0.433472479,0.070055169,-0.501990066,0.861931125,-0.013152265,11781,104647.539584041,0.011567042,1,-0.110961000,-0.222274000,-0.458698000,0.018159120,0.180807529,-0.982878050,-0.030489719,1,-0.188180456,-0.388863566,-0.507904762,0.018159120,0.180807529,-0.982878050,-0.030489719
22.004460459,104647.561875875,vr_world,11782,104647.558470000,0.003406666,1,-0.397307000,-0.433392000,-0.413094000,0.071298420,-0.511215303,0.856295158,-0.018277107,1,-0.213296126,-0.386116115,-0.431216552,0.071298420,-0.511215303,0.856295158,-0.018277107,11782,104647.558470000,0.003406666,1,-0.106255000,-0.209367000,-0.455442000,0.003788182,0.212072676,-0.977058781,-0.019156444,1,-0.171117329,-0.381208259,-0.504428778,0.003788182,0.212072676,-0.977058781,-0.019156444
22.016848750,104647.574264166,vr_world,11782,104647.558470000,0.015795208,1,-0.397307000,-0.433392000,-0.413094000,0.071298420,-0.511215303,0.856295158,-0.018277107,1,-0.213296126,-0.386116115,-0.431216552,0.071298420,-0.511215303,0.856295158,-0.018277107,11782,104647.558470000,0.015795208,1,-0.106255000,-0.209367000,-0.455442000,0.003788182,0.212072676,-0.977058781,-0.019156444,1,-0.171117329,-0.381208259,-0.504428778,0.003788182,0.212072676,-0.977058781,-0.019156444
22.027065000,104647.584480416,vr_world,11783,104647.578237833,0.006243208,1,-0.389079000,-0.431713000,-0.411994000,0.070196793,-0.517193188,0.852757317,-0.019712292,1,-0.205730465,-0.382020482,-0.430362517,0.070196793,-0.517193188,0.852757317,-0.019712292,11783,104647.578237833,0.006243208,1,-0.104068000,-0.202019000,-0.453948000,0.004982688,-0.228024707,0.973540301,0.014113411,1,-0.162355218,-0.376142186,-0.503140930,0.004982688,-0.228024707,0.973540301,0.014113411
22.039128792,104647.596544208,vr_world,11783,104647.578237833,0.018306833,1,-0.389079000,-0.431713000,-0.411994000,0.070196793,-0.517193188,0.852757317,-0.019712292,1,-0.205730465,-0.382020482,-0.430362517,0.070196793,-0.517193188,0.852757317,-0.019712292,11783,104647.578237833,0.018306833,1,-0.104068000,-0.202019000,-0.453948000,0.004982688,-0.228024707,0.973540301,0.014113411,1,-0.162355218,-0.376142186,-0.503140930,0.004982688,-0.228024707,0.973540301,0.014113411
22.051524584,104647.608940000,vr_world,11784,104647.597869625,0.011070750,1,-0.373764000,-0.428141000,-0.409745000,0.065045480,-0.530327416,0.844967576,-0.023488563,1,-0.192051784,-0.373288224,-0.429626858,0.065045480,-0.530327416,0.844967576,-0.023488563,11784,104647.597869625,0.011070750,1,-0.099958200,-0.187987000,-0.451484000,0.023948587,-0.255750698,0.966441150,0.003090320,1,-0.146179283,-0.365702762,-0.500646344,0.023948587,-0.255750698,0.966441150,0.003090320
22.063130209,104647.620545625,vr_world,11785,104647.616994166,0.003552084,1,-0.365867000,-0.425360000,-0.409261000,0.064649423,-0.533045368,0.843177356,-0.027111499,1,-0.184422058,-0.369555472,-0.428933683,0.064649423,-0.533045368,0.843177356,-0.027111499,11785,104647.616994166,0.003552084,1,-0.099005800,-0.180296000,-0.450946000,0.036299325,-0.271761407,0.961676259,-0.002620840,1,-0.137990981,-0.359688391,-0.500289098,0.036299325,-0.271761407,0.961676259,-0.002620840
22.075537125,104647.632952541,vr_world,11785,104647.616994166,0.015958875,1,-0.365867000,-0.425360000,-0.409261000,0.064649423,-0.533045368,0.843177356,-0.027111499,1,-0.184422058,-0.369555472,-0.428933683,0.064649423,-0.533045368,0.843177356,-0.027111499,11785,104647.616994166,0.015958875,1,-0.099005800,-0.180296000,-0.450946000,0.036299325,-0.271761407,0.961676259,-0.002620840,1,-0.137990981,-0.359688391,-0.500289098,0.036299325,-0.271761407,0.961676259,-0.002620840
22.087946542,104647.645361958,vr_world,11786,104647.636475958,0.008886250,1,-0.357810000,-0.422681000,-0.409199000,0.067557775,-0.535056713,0.841543118,-0.030910214,1,-0.176463265,-0.366074981,-0.427434277,0.067557775,-0.535056713,0.841543118,-0.030910214,11786,104647.636475958,0.008886250,1,-0.098036200,-0.172920000,-0.450971000,0.049737675,-0.290330709,0.955599002,-0.008049323,1,-0.128606124,-0.353881923,-0.500513799,0.049737675,-0.290330709,0.955599002,-0.008049323
22.100353042,104647.657768458,vr_world,11787,104647.655505916,0.002263042,1,-0.342250000,-0.418046000,-0.408836000,0.071828278,-0.543189265,0.835766290,-0.035788685,1,-0.161820492,-0.358004781,-0.425073585,0.071828278,-0.543189265,0.835766290,-0.035788685,11787,104647.655505916,0.002263042,1,-0.095692000,-0.159117000,-0.450559000,0.074585048,-0.328195508,0.941532249,-0.015550047,1,-0.109033224,-0.342035896,-0.500548317,0.074585048,-0.328195508,0.941532249,-0.015550047
22.112739417,104647.670154833,vr_world,11787,104647.655505916,0.014649292,1,-0.342250000,-0.418046000,-0.408836000,0.071828278,-0.543189265,0.835766290,-0.035788685,1,-0.161820492,-0.358004781,-0.425073585,0.071828278,-0.543189265,0.835766290,-0.035788685,11787,104647.655505916,0.014649292,1,-0.095692000,-0.159117000,-0.450559000,0.074585048,-0.328195508,0.941532249,-0.015550047,1,-0.109033224,-0.342035896,-0.500548317,0.074585048,-0.328195508,0.941532249,-0.015550047
22.125110334,104647.682525750,vr_world,11788,104647.674703500,0.007822791,1,-0.333384000,-0.414402000,-0.409351000,0.079208984,-0.542362970,0.835740923,-0.033248397,1,-0.152782089,-0.354258306,-0.423104407,0.079208984,-0.542362970,0.835740923,-0.033248397,11788,104647.674703500,0.007822791,1,-0.094450500,-0.152228000,-0.450963000,0.086057993,-0.345000006,0.934526709,-0.015127736,1,-0.099976812,-0.335209348,-0.502183418,0.086057993,-0.345000006,0.934526709,-0.015127736
22.137503209,104647.694918625,vr_world,11789,104647.693725833,0.001193250,1,-0.317846000,-0.408565000,-0.409896000,0.085603228,-0.546628376,0.832439269,-0.030238537,1,-0.137858128,-0.346186537,-0.421589465,0.085603228,-0.546628376,0.832439269,-0.030238537,11789,104647.693725833,0.001193250,1,-0.092039500,-0.139625000,-0.451458000,0.104633780,-0.374739313,0.921024052,-0.018355244,1,-0.083715464,-0.322450830,-0.502854988,0.104633780,-0.374739313,0.921024052,-0.018355244
22.149875084,104647.707290500,vr_world,11789,104647.693725833,0.013565125,1,-0.317846000,-0.408565000,-0.409896000,0.085603228,-0.546628376,0.832439269,-0.030238537,1,-0.137858128,-0.346186537,-0.421589465,0.085603228,-0.546628376,0.832439269,-0.030238537,11789,104647.693725833,0.013565125,1,-0.092039500,-0.139625000,-0.451458000,0.104633780,-0.374739313,0.921024052,-0.018355244,1,-0.083715464,-0.322450830,-0.502854988,0.104633780,-0.374739313,0.921024052,-0.018355244
22.160398042,104647.717813458,vr_world,11790,104647.712834208,0.004979833,1,-0.309728000,-0.405406000,-0.410848000,0.087056912,-0.552759560,0.828141926,-0.032540940,1,-0.130609575,-0.340446332,-0.421815807,0.087056912,-0.552759560,0.828141926,-0.032540940,11790,104647.712834208,0.004979833,1,-0.090601600,-0.132736000,-0.452314000,0.106271657,-0.387749438,0.915474364,-0.016229533,1,-0.076940201,-0.315132739,-0.504092627,0.106271657,-0.387749438,0.915474364,-0.016229533
22.172805542,104647.730220958,vr_world,11790,104647.712834208,0.017387417,1,-0.309728000,-0.405406000,-0.410848000,0.087056912,-0.552759560,0.828141926,-0.032540940,1,-0.130609575,-0.340446332,-0.421815807,0.087056912,-0.552759560,0.828141926,-0.032540940,11790,104647.712834208,0.017387417,1,-0.090601600,-0.132736000,-0.452314000,0.106271657,-0.387749438,0.915474364,-0.016229533,1,-0.076940201,-0.315132739,-0.504092627,0.106271657,-0.387749438,0.915474364,-0.016229533
22.185041667,104647.742457083,vr_world,11791,104647.733207833,0.009250042,1,-0.301402000,-0.401959000,-0.412096000,0.088845591,-0.556227944,0.825620446,-0.032677449,1,-0.122815141,-0.335446398,-0.422404111,0.088845591,-0.556227944,0.825620446,-0.032677449,11791,104647.733207833,0.009250042,1,-0.088939800,-0.125538000,-0.453754000,0.104118981,-0.400051132,0.910422213,-0.015802638,1,-0.070639613,-0.307700603,-0.504921780,0.104118981,-0.400051132,0.910422213,-0.015802638
22.197424584,104647.754840000,vr_world,11792,104647.752524291,0.002315959,1,-0.285875000,-0.395398000,-0.414795000,0.095820568,-0.560730515,0.821749548,-0.033576596,1,-0.107986192,-0.326692866,-0.422448710,0.095820568,-0.560730515,0.821749548,-0.033576596,11792,104647.752524291,0.002315959,1,-0.086472300,-0.112101000,-0.455472000,0.104825826,-0.425618996,0.898673990,-0.015654925,1,-0.057853019,-0.293195669,-0.505690580,0.104825826,-0.425618996,0.898673990,-0.015654925
22.209818084,104647.767233500,vr_world,11792,104647.752524291,0.014709542,1,-0.285875000,-0.395398000,-0.414795000,0.095820568,-0.560730515,0.821749548,-0.033576596,1,-0.107986192,-0.326692866,-0.422448710,0.095820568,-0.560730515,0.821749548,-0.033576596,11792,104647.752524291,0.014709542,1,-0.086472300,-0.112101000,-0.455472000,0.104825826,-0.425618996,0.898673990,-0.015654925,1,-0.057853019,-0.293195669,-0.505690580,0.104825826,-0.425618996,0.898673990,-0.015654925
22.220463167,104647.777878583,vr_world,11793,104647.771092500,0.006786666,1,-0.277570000,-0.391839000,-0.417461000,0.100556164,-0.563695297,0.819156509,-0.033446716,1,-0.100191382,-0.321658410,-0.423373072,0.100556164,-0.563695297,0.819156509,-0.033446716,11793,104647.771092500,0.006786666,1,-0.086235500,-0.105339000,-0.455762000,0.100814391,-0.438330426,0.893012249,-0.015232208,1,-0.052958023,-0.285852345,-0.505196445,0.100814391,-0.438330426,0.893012249,-0.015232208
22.232050375,104647.789465791,vr_world,11793,104647.771092500,0.018374041,1,-0.277570000,-0.391839000,-0.417461000,0.100556164,-0.563695297,0.819156509,-0.033446716,1,-0.100191382,-0.321658410,-0.423373072,0.100556164,-0.563695297,0.819156509,-0.033446716,11793,104647.771092500,0.018374041,1,-0.086235500,-0.105339000,-0.455762000,0.100814391,-0.438330426,0.893012249,-0.015232208,1,-0.052958023,-0.285852345,-0.505196445,0.100814391,-0.438330426,0.893012249,-0.015232208
22.242484834,104647.799900250,vr_world,11794,104647.790346625,0.009554041,1,-0.269131000,-0.388401000,-0.420211000,0.104965842,-0.568331405,0.815412981,-0.032912866,1,-0.092587106,-0.316034273,-0.424540343,0.104965842,-0.568331405,0.815412981,-0.032912866,11794,104647.790346625,0.009554041,1,-0.085946200,-0.098782700,-0.457104000,0.096663379,-0.453196195,0.886010290,-0.015973911,1,-0.047112763,-0.278526164,-0.505275174,0.096663379,-0.453196195,0.886010290,-0.015973911
22.252991542,104647.810406958,vr_world,11795,104647.809346833,0.001060458,1,-0.253189000,-0.381437000,-0.424188000,0.108249117,-0.575566833,0.809971860,-0.030830758,1,-0.078010667,-0.305772520,-0.427486152,0.108249117,-0.575566833,0.809971860,-0.030830758,11795,104647.809346833,0.001060458,1,-0.084205700,-0.085993600,-0.461045000,0.090445986,-0.483013934,0.870793144,-0.015374086,1,-0.033939653,-0.263284338,-0.507709547,0.090445986,-0.483013934,0.870793144,-0.015374086
22.264730417,104647.822145833,vr_world,11795,104647.809346833,0.012799333,1,-0.253189000,-0.381437000,-0.424188000,0.108249117,-0.575566833,0.809971860,-0.030830758,1,-0.078010667,-0.305772520,-0.427486152,0.108249117,-0.575566833,0.809971860,-0.030830758,11795,104647.809346833,0.012799333,1,-0.084205700,-0.085993600,-0.461045000,0.090445986,-0.483013934,0.870793144,-0.015374086,1,-0.033939653,-0.263284338,-0.507709547,0.090445986,-0.483013934,0.870793144,-0.015374086
22.277079459,104647.834494875,vr_world,11796,104647.829618916,0.004876417,1,-0.244831000,-0.377602000,-0.426050000,0.103784890,-0.579674809,0.807752111,-0.027245909,1,-0.070443317,-0.300241695,-0.431320995,0.103784890,-0.579674809,0.807752111,-0.027245909,11796,104647.829618916,0.004876417,1,-0.083301800,-0.079492700,-0.463841000,0.087459304,-0.495634070,0.864001630,-0.014103992,1,-0.028230550,-0.255420123,-0.510240933,0.087459304,-0.495634070,0.864001630,-0.014103992
22.287226875,104647.844642291,vr_world,11796,104647.829618916,0.015023875,1,-0.244831000,-0.377602000,-0.426050000,0.103784890,-0.579674809,0.807752111,-0.027245909,1,-0.070443317,-0.300241695,-0.431320995,0.103784890,-0.579674809,0.807752111,-0.027245909,11796,104647.829618916,0.015023875,1,-0.083301800,-0.079492700,-0.463841000,0.087459304,-0.495634070,0.864001630,-0.014103992,1,-0.028230550,-0.255420123,-0.510240933,0.087459304,-0.495634070,0.864001630,-0.014103992
22.297794459,104647.855209875,vr_world,11797,104647.849167208,0.006043167,1,-0.229542000,-0.370426000,-0.429770000,0.099170268,-0.586436668,0.803645596,-0.020274297,1,-0.056581908,-0.290106323,-0.437317826,0.099170268,-0.586436668,0.803645596,-0.020274297,11797,104647.849167208,0.006043167,1,-0.081806000,-0.067611800,-0.468134000,0.085851232,-0.520326510,0.849568364,-0.011112347,1,-0.016902196,-0.240144644,-0.514568308,0.085851232,-0.520326510,0.849568364,-0.011112347
22.310203500,104647.867618916,vr_world,11797,104647.849167208,0.018451958,1,-0.229542000,-0.370426000,-0.429770000,0.099170268,-0.586436668,0.803645596,-0.020274297,1,-0.056581908,-0.290106323,-0.437317826,0.099170268,-0.586436668,0.803645596,-0.020274297,11797,104647.849167208,0.018451958,1,-0.081806000,-0.067611800,-0.468134000,0.085851232,-0.520326510,0.849568364,-0.011112347,1,-0.016902196,-0.240144644,-0.514568308,0.085851232,-0.520326510,0.849568364,-0.011112347
22.321794584,104647.879210000,vr_world,11798,104647.868296750,0.010913541,1,-0.221444000,-0.366468000,-0.431893000,0.094306554,-0.590627478,0.801269681,-0.015243179,1,-0.049438208,-0.284355176,-0.441636910,0.094306554,-0.590627478,0.801269681,-0.015243179,11798,104647.868296750,0.010913541,1,-0.081377500,-0.061572900,-0.470893000,0.086928607,-0.532726991,0.841771174,-0.008164659,1,-0.011387005,-0.231922376,-0.517995253,0.086928607,-0.532726991,0.841771174,-0.008164659
22.334211500,104647.891626916,vr_world,11799,104647.888746958,0.002880250,1,-0.206587000,-0.359224000,-0.436353000,0.088431905,-0.600044308,0.794995948,-0.010395620,1,-0.036692350,-0.273150918,-0.448628056,0.088431905,-0.600044308,0.794995948,-0.010395620,11799,104647.888746958,0.002880250,1,-0.079959800,-0.049971800,-0.476925000,0.088273543,-0.555537488,0.826770715,-0.006005442,1,-0.000643328,-0.216189654,-0.524007433,0.088273543,-0.555537488,0.826770715,-0.006005442
22.346614792,104647.904030208,vr_world,11799,104647.888746958,0.015283542,1,-0.206587000,-0.359224000,-0.436353000,0.088431905,-0.600044308,0.794995948,-0.010395620,1,-0.036692350,-0.273150918,-0.448628056,0.088431905,-0.600044308,0.794995948,-0.010395620,11799,104647.888746958,0.015283542,1,-0.079959800,-0.049971800,-0.476925000,0.088273543,-0.555537488,0.826770715,-0.006005442,1,-0.000643328,-0.216189654,-0.524007433,0.088273543,-0.555537488,0.826770715,-0.006005442
22.358988750,104647.916404166,vr_world,11800,104647.908072333,0.008332292,1,-0.199003000,-0.354774000,-0.439103000,0.084583023,-0.602759287,0.793374224,-0.009181227,1,-0.029758155,-0.267657762,-0.452901000,0.084583023,-0.602759287,0.793374224,-0.009181227,11800,104647.908072333,0.008332292,1,-0.079005000,-0.044164400,-0.480320000,0.090581499,-0.563426284,0.821174677,-0.004238440,1,0.003682313,-0.208603967,-0.527845529,0.090581499,-0.563426284,0.821174677,-0.004238440
22.371358875,104647.928774291,vr_world,11801,104647.927288166,0.001486584,1,-0.191593000,-0.350112000,-0.441921000,0.079302384,-0.604500458,0.792608439,-0.007886112,1,-0.022826853,-0.262420744,-0.457786334,0.079302384,-0.604500458,0.792608439,-0.007886112,11801,104647.927288166,0.001486584,1,-0.078235200,-0.038491100,-0.483755000,0.093437709,-0.570485637,0.815974130,-0.001323265,1,0.007506525,-0.201093451,-0.532180836,0.093437709,-0.570485637,0.815974130,-0.001323265
22.383770334,104647.941185750,vr_world,11801,104647.927288166,0.013898167,1,-0.191593000,-0.350112000,-0.441921000,0.079302384,-0.604500458,0.792608439,-0.007886112,1,-0.022826853,-0.262420744,-0.457786334,0.079302384,-0.604500458,0.792608439,-0.007886112,11801,104647.927288166,0.013898167,1,-0.078235200,-0.038491100,-0.483755000,0.093437709,-0.570485637,0.815974130,-0.001323265,1,0.007506525,-0.201093451,-0.532180836,0.093437709,-0.570485637,0.815974130,-0.001323265
22.393794459,104647.951209875,vr_world,11802,104647.945861500,0.005348708,1,-0.177746000,-0.341717000,-0.447170000,0.069824718,-0.610571561,0.788853626,-0.006069058,1,-0.010546061,-0.251792887,-0.466697065,0.069824718,-0.610571561,0.788853626,-0.006069058,11802,104647.945861500,0.005348708,1,-0.077114500,-0.028040700,-0.490252000,0.097755370,-0.588366440,0.802656380,0.003399336,1,0.016088985,-0.186138101,-0.539795608,0.097755370,-0.588366440,0.802656380,0.003399336
22.406202792,104647.963618208,vr_world,11802,104647.945861500,0.017757125,1,-0.177746000,-0.341717000,-0.447170000,0.069824718,-0.610571561,0.788853626,-0.006069058,1,-0.010546061,-0.251792887,-0.466697065,0.069824718,-0.610571561,0.788853626,-0.006069058,11802,104647.945861500,0.017757125,1,-0.077114500,-0.028040700,-0.490252000,0.097755370,-0.588366440,0.802656380,0.003399336,1,0.016088985,-0.186138101,-0.539795608,0.097755370,-0.588366440,0.802656380,0.003399336
22.417662959,104647.975078375,vr_world,11803,104647.965546291,0.009532542,1,-0.170563000,-0.336700000,-0.450789000,0.065189033,-0.614351525,0.786292856,-0.008132561,1,-0.004246350,-0.245509962,-0.471921640,0.065189033,-0.614351525,0.786292856,-0.008132561,11803,104647.965546291,0.009532542,1,-0.077138300,-0.023041200,-0.493983000,0.101670335,-0.600064287,0.793429591,0.007448361,1,0.020991589,-0.177784814,-0.544590626,0.101670335,-0.600064287,0.793429591,0.007448361
22.430071000,104647.987486416,vr_world,11804,104647.984256041,0.003232959,1,-0.163532000,-0.331926000,-0.454309000,0.060003938,-0.618816163,0.783187666,-0.009119429,1,0.001661639,-0.239163929,-0.477324014,0.060003938,-0.618816163,0.783187666,-0.009119429,11804,104647.984256041,0.003232959,1,-0.076999300,-0.017966400,-0.497756000,0.102350453,-0.613360134,0.783076597,0.010235907,1,0.026346038,-0.169139769,-0.548771393,0.102350453,-0.613360134,0.783076597,0.010235907
22.442504084,104647.999919500,vr_world,11804,104647.984256041,0.015666792,1,-0.163532000,-0.331926000,-0.454309000,0.060003938,-0.618816163,0.783187666,-0.009119429,1,0.001661639,-0.239163929,-0.477324014,0.060003938,-0.618816163,0.783187666,-0.009119429,11804,104647.984256041,0.015666792,1,-0.076999300,-0.017966400,-0.497756000,0.102350453,-0.613360134,0.783076597,0.010235907,1,0.026346038,-0.169139769,-0.548771393,0.102350453,-0.613360134,0.783076597,0.010235907
22.454916375,104648.012331791,vr_world,11805,104648.003099666,0.009232709,1,-0.149957000,-0.322525000,-0.461177000,0.051011502,-0.627051295,0.777237380,-0.010322618,1,0.013059329,-0.226835907,-0.487496568,0.051011502,-0.627051295,0.777237380,-0.010322618,11805,104648.003099666,0.009232709,1,-0.075665000,-0.007745020,-0.504668000,0.101179426,-0.633454965,0.766981324,0.015400632,1,0.035208896,-0.153167335,-0.556587200,0.101179426,-0.633454965,0.766981324,0.015400632
22.467320500,104648.024735916,vr_world,11806,104648.022185958,0.002550333,1,-0.142733000,-0.317118000,-0.465031000,0.046363811,-0.631055942,0.774276680,-0.010696626,1,0.019160703,-0.220023218,-0.493075599,0.046363811,-0.631055942,0.774276680,-0.010696626,11806,104648.022185958,0.002550333,1,-0.074679200,-0.002039950,-0.508436000,0.099077839,-0.640170342,0.761580356,0.018996744,1,0.038444760,-0.145366166,-0.561320878,0.099077839,-0.640170342,0.761580356,0.018996744
22.479143959,104648.036559375,vr_world,11806,104648.022185958,0.014373792,1,-0.142733000,-0.317118000,-0.465031000,0.046363811,-0.631055942,0.774276680,-0.010696626,1,0.019160703,-0.220023218,-0.493075599,0.046363811,-0.631055942,0.774276680,-0.010696626,11806,104648.022185958,0.014373792,1,-0.074679200,-0.002039950,-0.508436000,0.099077839,-0.640170342,0.761580356,0.018996744,1,0.038444760,-0.145366166,-0.561320878,0.099077839,-0.640170342,0.761580356,0.018996744
22.491521500,104648.048936916,vr_world,11807,104648.041218500,0.007718875,1,-0.128968000,-0.307477000,-0.471698000,0.035030091,-0.641848762,0.765964530,-0.010069692,1,0.029711548,-0.206488817,-0.504034053,0.035030091,-0.641848762,0.765964530,-0.010069692,11807,104648.041218500,0.007718875,1,-0.073490400,0.008411040,-0.516362000,0.096481736,-0.656786998,0.747545672,0.022306565,1,0.045581035,-0.129856975,-0.569655200,0.096481736,-0.656786998,0.747545672,0.022306565
22.503955750,104648.061371166,vr_world,11808,104648.060912875,0.000458625,1,-0.121975000,-0.302026000,-0.474967000,0.025147186,-0.649245264,0.760109826,-0.009014354,1,0.034234429,-0.198490538,-0.511056353,0.025147186,-0.649245264,0.760109826,-0.009014354,11808,104648.060912875,0.000458625,1,-0.072196000,0.014012500,-0.520725000,0.091338243,-0.664907183,0.740941036,0.023709614,1,0.049377620,-0.122007157,-0.574154741,0.091338243,-0.664907183,0.740941036,0.023709614
22.516388375,104648.073803791,vr_world,11808,104648.060912875,0.012892000,1,-0.121975000,-0.302026000,-0.474967000,0.025147186,-0.649245264,0.760109826,-0.009014354,1,0.034234429,-0.198490538,-0.511056353,0.025147186,-0.649245264,0.760109826,-0.009014354,11808,104648.060912875,0.012892000,1,-0.072196000,0.014012500,-0.520725000,0.091338243,-0.664907183,0.740941036,0.023709614,1,0.049377620,-0.122007157,-0.574154741,0.091338243,-0.664907183,0.740941036,0.023709614
22.527066292,104648.084481708,vr_world,11809,104648.080788708,0.003693375,1,-0.114980000,-0.296160000,-0.477991000,0.015960648,-0.655658851,0.754834548,-0.009029614,1,0.038989295,-0.190543366,-0.517513763,0.015960648,-0.655658851,0.754834548,-0.009029614,11809,104648.080788708,0.003693375,1,-0.070508700,0.019294000,-0.524431000,0.084886752,-0.671163938,0.735863171,0.028958615,1,0.052568285,-0.114702911,-0.579504507,0.084886752,-0.671163938,0.735863171,0.028958615
22.537105917,104648.094521333,vr_world,11809,104648.080788708,0.013733167,1,-0.114980000,-0.296160000,-0.477991000,0.015960648,-0.655658851,0.754834548,-0.009029614,1,0.038989295,-0.190543366,-0.517513763,0.015960648,-0.655658851,0.754834548,-0.009029614,11809,104648.080788708,0.013733167,1,-0.070508700,0.019294000,-0.524431000,0.084886752,-0.671163938,0.735863171,0.028958615,1,0.052568285,-0.114702911,-0.579504507,0.084886752,-0.671163938,0.735863171,0.028958615
22.548463750,104648.105879166,vr_world,11810,104648.100672208,0.005207292,1,-0.102610000,-0.285386000,-0.484008000,0.002029098,0.665606840,-0.746230367,0.010181202,1,0.047486987,-0.176930514,-0.530179145,0.002029098,0.665606840,-0.746230367,0.010181202,11810,104648.100672208,0.005207292,1,-0.067995900,0.029274800,-0.532205000,0.077281058,-0.683606354,0.724861932,0.035849273,1,0.058654940,-0.100476517,-0.589304837,0.077281058,-0.683606354,0.724861932,0.035849273
22.560897209,104648.118312625,vr_world,11810,104648.100672208,0.017641000,1,-0.102610000,-0.285386000,-0.484008000,0.002029098,0.665606840,-0.746230367,0.010181202,1,0.047486987,-0.176930514,-0.530179145,0.002029098,0.665606840,-0.746230367,0.010181202,11810,104648.100672208,0.017641000,1,-0.067995900,0.029274800,-0.532205000,0.077281058,-0.683606354,0.724861932,0.035849273,1,0.058654940,-0.100476517,-0.589304837,0.077281058,-0.683606354,0.724861932,0.035849273
22.573344542,104648.130759958,vr_world,11811,104648.120325833,0.010436417,1,-0.097150700,-0.279167000,-0.487947000,0.010235534,0.667074011,-0.744812042,0.012748358,1,0.052098848,-0.170828644,-0.537047244,0.010235534,0.667074011,-0.744812042,0.012748358,11811,104648.120325833,0.010436417,1,-0.067124500,0.034309400,-0.537118000,0.075737020,-0.689197324,0.719652042,0.037039047,1,0.061373482,-0.093511594,-0.594444074,0.075737020,-0.689197324,0.719652042,0.037039047
22.585758334,104648.143173750,vr_world,11812,104648.139708916,0.003465500,1,-0.086627200,-0.268259000,-0.495399000,0.021292436,0.670137786,-0.741734506,0.017085162,1,0.061150339,-0.159745517,-0.548408895,0.021292436,0.670137786,-0.741734506,0.017085162,11812,104648.139708916,0.003465500,1,-0.065332100,0.043715400,-0.546106000,0.073316340,-0.701802163,0.707473519,0.039744911,1,0.067369168,-0.079492102,-0.603955065,0.073316340,-0.701802163,0.707473519,0.039744911
22.597151792,104648.154567208,vr_world,11812,104648.139708916,0.014858917,1,-0.086627200,-0.268259000,-0.495399000,0.021292436,0.670137786,-0.741734506,0.017085162,1,0.061150339,-0.159745517,-0.548408895,0.021292436,0.670137786,-0.741734506,0.017085162,11812,104648.139708916,0.014858917,1,-0.065332100,0.043715400,-0.546106000,0.073316340,-0.701802163,0.707473519,0.039744911,1,0.067369168,-0.079492102,-0.603955065,0.073316340,-0.701802163,0.707473519,0.039744911
22.609558292,104648.166973708,vr_world,11813,104648.159645416,0.007328834,1,-0.081837000,-0.262424000,-0.500315000,0.021161628,0.667369233,-0.744245716,0.016395346,1,0.066722169,-0.154959547,-0.553277333,0.021161628,0.667369233,-0.744245716,0.016395346,11813,104648.159645416,0.007328834,1,-0.063560400,0.048130200,-0.551241000,0.074940834,-0.705821704,0.703302515,0.039562181,1,0.070735788,-0.073455423,-0.608840500,0.074940834,-0.705821704,0.703302515,0.039562181
22.620327917,104648.177743333,vr_world,11813,104648.159645416,0.018098459,1,-0.081837000,-0.262424000,-0.500315000,0.021161628,0.667369233,-0.744245716,0.016395346,1,0.066722169,-0.154959547,-0.553277333,0.021161628,0.667369233,-0.744245716,0.016395346,11813,104648.159645416,0.018098459,1,-0.063560400,0.048130200,-0.551241000,0.074940834,-0.705821704,0.703302515,0.039562181,1,0.070735788,-0.073455423,-0.608840500,0.074940834,-0.705821704,0.703302515,0.039562181
22.630382292,104648.187797708,vr_world,11814,104648.179475791,0.008322584,1,-0.072109800,-0.252431000,-0.508491000,0.025640586,0.669994331,-0.741726304,0.017095245,1,0.075359631,-0.144283914,-0.563084136,0.025640586,0.669994331,-0.741726304,0.017095245,11814,104648.179475791,0.008322584,1,-0.060504500,0.056358800,-0.560174000,0.074684687,-0.714430893,0.694391831,0.042786467,1,0.076641237,-0.061599295,-0.618596285,0.074684687,-0.714430893,0.694391831,0.042786467
22.642813375,104648.200228791,vr_world,11815,104648.199333541,0.000895709,1,-0.067160500,-0.247731000,-0.513293000,0.025889749,0.673638323,-0.738432218,0.016093183,1,0.079136397,-0.138083191,-0.568047172,0.025889749,0.673638323,-0.738432218,0.016093183,11815,104648.199333541,0.000895709,1,-0.058777800,0.060720200,-0.565081000,0.074462451,-0.717188820,0.691492769,0.043969198,1,0.079248722,-0.056046026,-0.623822496,0.074462451,-0.717188820,0.691492769,0.043969198
22.655238584,104648.212654000,vr_world,11815,104648.199333541,0.013320834,1,-0.067160500,-0.247731000,-0.513293000,0.025889749,0.673638323,-0.738432218,0.016093183,1,0.079136397,-0.138083191,-0.568047172,0.025889749,0.673638323,-0.738432218,0.016093183,11815,104648.199333541,0.013320834,1,-0.058777800,0.060720200,-0.565081000,0.074462451,-0.717188820,0.691492769,0.043969198,1,0.079248722,-0.056046026,-0.623822496,0.074462451,-0.717188820,0.691492769,0.043969198
22.667588209,104648.225003625,vr_world,11816,104648.218926333,0.006078292,1,-0.062548300,-0.243182000,-0.517694000,0.027190289,0.676949644,-0.735373846,0.015005805,1,0.082564650,-0.132239594,-0.572988159,0.027190289,0.676949644,-0.735373846,0.015005805,11816,104648.218926333,0.006078292,1,-0.057171300,0.064801800,-0.569726000,0.072664656,-0.720983674,0.687632846,0.045425306,1,0.081933774,-0.050464607,-0.628883836,0.072664656,-0.720983674,0.687632846,0.045425306
22.679952250,104648.237367666,vr_world,11816,104648.218926333,0.018442292,1,-0.062548300,-0.243182000,-0.517694000,0.027190289,0.676949644,-0.735373846,0.015005805,1,0.082564650,-0.132239594,-0.572988159,0.027190289,0.676949644,-0.735373846,0.015005805,11816,104648.218926333,0.018442292,1,-0.057171300,0.064801800,-0.569726000,0.072664656,-0.720983674,0.687632846,0.045425306,1,0.081933774,-0.050464607,-0.628883836,0.072664656,-0.720983674,0.687632846,0.045425306
22.692305209,104648.249720625,vr_world,11817,104648.238981750,0.010739750,1,-0.053829100,-0.234644000,-0.525770000,0.031703679,0.682307863,-0.730274066,0.012273816,1,0.089055334,-0.121723150,-0.582834599,0.031703679,0.682307863,-0.730274066,0.012273816,11817,104648.238981750,0.010739750,1,-0.053805700,0.072301500,-0.578018000,0.067199223,-0.728891325,0.679606529,0.048339080,1,0.087371913,-0.039945685,-0.638065506,0.067199223,-0.728891325,0.679606529,0.048339080
22.704690500,104648.262105916,vr_world,11818,104648.259014583,0.003091833,1,-0.049676000,-0.230566000,-0.529556000,0.030857695,0.684596346,-0.728202351,0.009847948,1,0.092394489,-0.116512114,-0.586399093,0.030857695,0.684596346,-0.728202351,0.009847948,11818,104648.259014583,0.003091833,1,-0.051483300,0.075462000,-0.581164000,0.061626530,-0.731518109,0.676944583,0.053192655,1,0.089803883,-0.035663414,-0.643012949,0.061626530,-0.731518109,0.676944583,0.053192655
22.717092125,104648.274507541,vr_world,11818,104648.259014583,0.015493375,1,-0.049676000,-0.230566000,-0.529556000,0.030857695,0.684596346,-0.728202351,0.009847948,1,0.092394489,-0.116512114,-0.586399093,0.030857695,0.684596346,-0.728202351,0.009847948,11818,104648.259014583,0.015493375,1,-0.051483300,0.075462000,-0.581164000,0.061626530,-0.731518109,0.676944583,0.053192655,1,0.089803883,-0.035663414,-0.643012949,0.061626530,-0.731518109,0.676944583,0.053192655
22.727142292,104648.284557708,vr_world,11819,104648.279095125,0.005471583,1,-0.041994600,-0.222618000,-0.536851000,0.032603694,0.688307002,-0.724613395,0.010290659,1,0.098765660,-0.107270483,-0.594339624,0.032603694,0.688307002,-0.724613395,0.010290659,11819,104648.279095125,0.005471583,1,-0.047536900,0.082121200,-0.587280000,0.052414789,-0.734571144,0.673659504,0.061974164,1,0.093403376,-0.027554187,-0.652420954,0.052414789,-0.734571144,0.673659504,0.061974164
22.739533584,104648.296949000,vr_world,11819,104648.279095125,0.017854333,1,-0.041994600,-0.222618000,-0.536851000,0.032603694,0.688307002,-0.724613395,0.010290659,1,0.098765660,-0.107270483,-0.594339624,0.032603694,0.688307002,-0.724613395,0.010290659,11819,104648.279095125,0.017854333,1,-0.047536900,0.082121200,-0.587280000,0.052414789,-0.734571144,0.673659504,0.061974164,1,0.093403376,-0.027554187,-0.652420954,0.052414789,-0.734571144,0.673659504,0.061974164
22.751948209,104648.309363625,vr_world,11820,104648.298770208,0.010593833,1,-0.038288100,-0.218286000,-0.540309000,0.033676805,0.686468799,-0.726318037,0.009411131,1,0.102906389,-0.103672564,-0.598199629,0.033676805,0.686468799,-0.726318037,0.009411131,11820,104648.298770208,0.010593833,1,-0.045641000,0.085328500,-0.590128000,0.049350304,-0.733982652,0.674053592,0.066975887,1,0.094482251,-0.024263914,-0.657144538,0.049350304,-0.733982652,0.674053592,0.066975887
22.763545959,104648.320961375,vr_world,11821,104648.318689458,0.002272292,1,-0.032362300,-0.210034000,-0.546481000,0.039669304,0.681019747,-0.731155295,0.007098252,1,0.109838104,-0.097824930,-0.606577767,0.039669304,0.681019747,-0.731155295,0.007098252,11821,104648.318689458,0.002272292,1,-0.042102500,0.091093700,-0.595613000,0.045273165,-0.735555519,0.671895944,0.073920630,1,0.097688980,-0.017346497,-0.665149189,0.045273165,-0.735555519,0.671895944,0.073920630
22.775939209,104648.333354625,vr_world,11821,104648.318689458,0.014665792,1,-0.032362300,-0.210034000,-0.546481000,0.039669304,0.681019747,-0.731155295,0.007098252,1,0.109838104,-0.097824930,-0.606577767,0.039669304,0.681019747,-0.731155295,0.007098252,11821,104648.318689458,0.014665792,1,-0.042102500,0.091093700,-0.595613000,0.045273165,-0.735555519,0.671895944,0.073920630,1,0.097688980,-0.017346497,-0.665149189,0.045273165,-0.735555519,0.671895944,0.073920630
22.788318709,104648.345734125,vr_world,11822,104648.338951250,0.006783458,1,-0.029405900,-0.206656000,-0.550289000,0.039337940,0.679825480,-0.732246148,0.010267553,1,0.113421570,-0.095126741,-0.610163595,0.039337940,0.679825480,-0.732246148,0.010267553,11822,104648.338951250,0.006783458,1,-0.040338800,0.093598800,-0.598326000,0.043508042,-0.737631878,0.669471335,0.076252180,1,0.099820861,-0.013836097,-0.668676911,0.043508042,-0.737631878,0.669471335,0.076252180
22.800721292,104648.358136708,vr_world,11823,104648.357777875,0.000359333,1,-0.026349800,-0.203507000,-0.553603000,0.039180788,0.679605055,-0.732434099,0.011921651,1,0.116676707,-0.092174187,-0.613368159,0.039180788,0.679605055,-0.732434099,0.011921651,11823,104648.357777875,0.000359333,1,-0.038346400,0.096026700,-0.600754000,0.042562870,-0.740224348,0.666439122,0.078199834,1,0.102449334,-0.010145535,-0.671748621,0.042562870,-0.740224348,0.666439122,0.078199834
22.813142167,104648.370557583,vr_world,11823,104648.357777875,0.012780333,1,-0.026349800,-0.203507000,-0.553603000,0.039180788,0.679605055,-0.732434099,0.011921651,1,0.116676707,-0.092174187,-0.613368159,0.039180788,0.679605055,-0.732434099,0.011921651,11823,104648.357777875,0.012780333,1,-0.038346400,0.096026700,-0.600754000,0.042562870,-0.740224348,0.666439122,0.078199834,1,0.102449334,-0.010145535,-0.671748621,0.042562870,-0.740224348,0.666439122,0.078199834
22.825569417,104648.382984833,vr_world,11824,104648.378376083,0.004609167,1,-0.020647200,-0.197708000,-0.558722000,0.045536693,0.678736733,-0.732846403,0.013379339,1,0.122143571,-0.087301989,-0.620728034,0.045536693,0.678736733,-0.732846403,0.013379339,11824,104648.378376083,0.004609167,1,-0.034402300,0.101031000,-0.605262000,0.039848821,-0.741808549,0.664034112,0.084798856,1,0.106162586,-0.003842291,-0.678605923,0.039848821,-0.741808549,0.664034112,0.084798856
22.837983084,104648.395398500,vr_world,11824,104648.378376083,0.017023208,1,-0.020647200,-0.197708000,-0.558722000,0.045536693,0.678736733,-0.732846403,0.013379339,1,0.122143571,-0.087301989,-0.620728034,0.045536693,0.678736733,-0.732846403,0.013379339,11824,104648.378376083,0.017023208,1,-0.034402300,0.101031000,-0.605262000,0.039848821,-0.741808549,0.664034112,0.084798856,1,0.106162586,-0.003842291,-0.678605923,0.039848821,-0.741808549,0.664034112,0.084798856
22.850389125,104648.407804541,vr_world,11825,104648.397275250,0.010530250,1,-0.018685800,-0.195514000,-0.561302000,0.048325065,0.677172687,-0.734179115,0.009103195,1,0.123999186,-0.085611054,-0.624434991,0.048325065,0.677172687,-0.734179115,0.009103195,11825,104648.397275250,0.010530250,1,-0.032116200,0.103584000,-0.607248000,0.039344895,-0.741640095,0.663868541,0.087752542,1,0.108110165,-0.001003656,-0.681640171,0.039344895,-0.741640095,0.663868541,0.087752542
